tree
version=v4
num_class=1
num_tree_per_iteration=1
label_index=0
max_feature_idx=10
objective=regression
feature_names=ed_arrivals hour day_of_week is_weekend hour_sin hour_cos ed_arrivals_lag_1h ed_arrivals_lag_24h ed_arrivals_lag_168h ed_arrivals_roll_mean_24h hospital_id
feature_infos=[0:29] [0:23] [0:6] [0:1] [-1:1] [-1:1] [0:29] [0:29] [0:29] [0.625:13.708333333333334] -1:0:1:2:3:4
tree_sizes=2769 2887 2914 2903 2914 2928 2901 2919 2945 2923 2916 2946 2914 2924 2933 2924 2913 2912 2909 2915 2919 2909 2912 2929 2919 2899 2892 2893 2905 2928 2908 2895 2926 2886 2915 2907 2919 2902 2915 2884 2924 2895 2959 2940 2954 2914 2948 2927 2919 2941 2972 2960 2903 2913 2953 2888 2928 2947 2939 2936 2907 2924 2952 2967 2952 2992 2943 2926 2923 2898 2893 2934 2933 2936 2929 2920 2921 2963 2958 2885 2930 2973 2968 2921 2956 2975 2947 2968 2918 2971 2934 2906 2935 2920 2957 2885 2901 2910 2924 2939 2901 2914 2924 2933 2925 2925 2914 2906 2888 2943 2899 2911 2945 2876 2868 2017 2901 2950 2947 2893 2934 2886 2927 2922 2909 2893 2902 2927 2246 2960 2898 2904 2936 2485 2873 2866 2297 2156 2965 2263 2915 2882 2874 2938 2899 2935 2808 2892 2806 2946 2665 2887 2891 2925 1677 2899 1420 1044 2946 2377 1425 2918 2884 2343 2944 1333 2865 2938 1776 2926 1012 2129 1814 2878 1348 2894 2875 2917 1434 784 2874 2863 2926 1716 1734 2115 2555 2606 1534 1637 1230 2895 1974 1038 1016 2512 2837 2872 2878 2895 2870 882 1433 1206 865 2903 2427 1948 2874 2713 2885 860 1740 1452 2886 1359 2814 2894 2236 2925 2878 1816 2954 2858 1378 864 1666 2427 2123 2933 2886 1215 2868 2875 2883 1377 2849 2604 2874 2876 2037 2941 1034 2868 1703 1999 1568 2615 1483 2157 2871 2940 2863 1033 1486 2899 2838 2917 2872 2834 2553 2847 2767 2884 1114 2833 2400 2922 2298 2602 2398 1034 1116 1466 1890 2728 2696 2877 2229 2883 2915 2858 2885 2890 2879 2447 2352 2205 1626 1626 2486 1816 2367 2206 2891 2716 1372 1886 2552 2321

Tree=0
num_leaves=31
num_cat=0
split_feature=5 9 0 9 4 9 9 6 0 1 9 0 9 1 9 9 1 5 1 1 6 9 9 0 9 0 6 9 6 0
split_gain=235076 103765 22244.7 18682.8 18211.7 7692.09 6777.1 6605.95 5108.57 4820.45 4606.13 3965.89 2426.83 2047.49 1778.84 1775.56 1690.6 1429.24 1305.9 1222.66 1056.27 1019.78 1007.13 995.24 862 857.741 844.964 841.853 724.645 680.396
threshold=0.25881904510252057 4.6875000000000009 9.5000000000000018 3.3541666666666674 -0.60355339059327362 4.5208333333333348 6.8958333333333348 3.5000000000000004 5.5000000000000009 4.5000000000000009 5.979166666666667 3.5000000000000004 4.3125000000000009 6.5000000000000009 8.0208333333333339 6.6458333333333348 11.500000000000002 1.0000000180025095e-35 11.500000000000002 11.500000000000002 5.5000000000000009 2.6041666666666674 3.2708333333333335 17.500000000000004 2.6875000000000004 5.5000000000000009 3.5000000000000004 4.229166666666667 5.5000000000000009 5.5000000000000009
decision_type=2 10 2 8 2 10 10 10 2 2 10 2 10 2 10 10 2 2 2 2 10 10 8 2 10 2 10 10 10 2
left_child=1 3 7 11 5 22 19 17 13 27 29 21 -11 -5 -8 -7 20 -3 26 -4 -10 -1 -2 -16 -20 -12 -13 -6 -15 -9
right_child=4 2 6 8 9 15 14 10 16 12 25 18 -14 28 23 -17 -18 -19 24 -21 -22 -23 -24 -25 -26 -27 -28 -29 -30 -31
leaf_value=4.1139796698997584 4.0725012018456042 4.2822019582612709 4.4675690732664695 4.1362098277589325 4.0106544776612738 4.1931332515822159 4.5060420788750806 4.2957968861236102 4.2819143416136205 4.0476769086629458 4.3606646146300703 4.1840926151192654 4.1036980139344825 4.2097285354870886 4.588106901023985 4.3012838799760775 4.2576459871438077 4.1960055629961879 4.1383191107215493 4.3923335367262926 4.3565214113583126 4.1519806012567599 4.1269207216201389 4.7489194464011444 4.186301710614817 4.4297758265068827 4.2405642124865777 4.036082916355725 4.2467218506036781 4.3372121484939123
leaf_weight=4048 1860 1244 846 767 7879 1427 816 1588 1007 4833 623 1366 3222 3632 564 517 3225 784 1633 1493 897 3131 1566 116 2193 1607 1286 5546 2083 2641
leaf_count=4048 1860 1244 846 767 7879 1427 816 1588 1007 4833 623 1366 3222 3632 564 517 3225 784 1633 1493 897 3131 1566 116 2193 1607 1286 5546 2083 2641
internal_value=4.17309 4.2538 4.37276 4.19579 4.0601 4.14245 4.4727 4.3276 4.24242 4.03951 4.35232 4.15615 4.07009 4.21292 4.55581 4.2219 4.2797 4.24888 4.18451 4.41955 4.31706 4.13055 4.09738 4.61554 4.16582 4.41047 4.21148 4.02116 4.22321 4.32166
internal_weight=64440 37590 12322 25268 26850 5370 3835 8487 11611 21480 6459 13657 8055 6482 1496 1944 5129 2028 6478 2339 1904 7179 3426 680 3826 2230 2652 13425 5715 4229
internal_count=64440 37590 12322 25268 26850 5370 3835 8487 11611 21480 6459 13657 8055 6482 1496 1944 5129 2028 6478 2339 1904 7179 3426 680 3826 2230 2652 13425 5715 4229
is_linear=0
shrinkage=1


Tree=1
num_leaves=31
num_cat=0
split_feature=5 9 0 9 4 9 9 6 0 1 9 0 9 0 9 9 1 9 5 1 1 9 0 9 1 1 9 9 6 6
split_gain=212156 93648.2 20075.8 16861.2 16436.1 6942.11 6116.34 5961.87 4644.33 4350.45 4244.9 3636.76 2190.22 1681.19 1625.4 1605.4 1496.01 1457.82 1289.89 1144.26 1103.45 913.13 904.894 903.038 847.017 839.651 759.772 662.944 648.452 566.57
threshold=0.25881904510252057 4.6875000000000009 9.5000000000000018 3.3541666666666674 -0.60355339059327362 4.5208333333333348 6.8958333333333348 3.5000000000000004 4.5000000000000009 4.5000000000000009 6.5208333333333348 4.5000000000000009 4.3125000000000009 9.5000000000000018 6.9375000000000009 8.0208333333333339 6.5000000000000009 2.2708333333333335 1.0000000180025095e-35 11.500000000000002 11.500000000000002 3.1041666666666674 14.500000000000002 5.5208333333333348 11.500000000000002 6.5000000000000009 4.229166666666667 5.8125000000000009 12.500000000000002 4.5000000000000009
decision_type=2 10 2 8 2 10 10 10 2 2 10 2 10 2 10 10 2 10 2 2 2 8 2 10 2 2 10 10 10 10
left_child=1 3 7 11 5 21 20 18 16 26 23 17 -11 24 -7 -8 -5 -1 -3 29 28 -2 -17 -9 -10 -19 -6 -22 -4 -13
right_child=4 2 6 8 9 14 15 10 13 12 -12 19 -14 -15 -16 22 -18 25 -20 -21 27 -23 -24 -25 -26 -27 -28 -29 -30 -31
leaf_value=-0.061966233755389954 -0.09894616016007346 0.1036551766696467 0.26283078596360337 -0.037014571905744323 -0.1543149283586413 0.022764174264009302 0.31630328388921192 0.13254758091965421 0.10838345772048802 -0.11914362062914184 0.24846414985538226 0.02950794027091307 -0.065923571190724534 0.15171482758505769 0.13493580757332899 0.37466163327605528 0.040383974131191352 -0.072759577329026923 0.021768599367529461 -0.0005633008157439215 0.17603831635606892 -0.047266068873435076 0.49317971936050259 0.17579566484698805 0.068018389421962339 -0.013439998015512482 -0.13015791347328931 0.24271019053880197 0.39298518092794854 0.086276874463942096
leaf_weight=3082 1635 1244 736 735 7879 1535 816 3124 2003 4833 1368 1159 3222 1026 409 418 4146 669 784 2531 771 1791 262 1967 3701 5508 5546 722 110 708
leaf_count=3082 1635 1244 736 735 7879 1535 816 3124 2003 4833 1368 1159 3222 1026 409 418 4146 669 784 2531 771 1791 262 1967 3701 5508 5546 722 110 708
internal_value=4.70438e-10 0.0766754 0.189688 0.0215644 -0.107346 -0.0291059 0.284631 0.146787 0.0658611 -0.126905 0.170269 -0.0160962 -0.0978556 0.0927916 0.0463641 0.363586 0.028729 -0.0338788 0.0719988 0.0213411 0.234132 -0.0719295 0.420326 0.149257 0.0821929 -0.0198646 -0.144335 0.20828 0.279754 0.0510357
internal_weight=64440 37590 12322 25268 26850 5370 3835 8487 11611 21480 6459 13657 8055 6730 1944 1496 4881 9259 2028 4398 2339 3426 680 5091 5704 6177 13425 1493 846 1867
internal_count=64440 37590 12322 25268 26850 5370 3835 8487 11611 21480 6459 13657 8055 6730 1944 1496 4881 9259 2028 4398 2339 3426 680 5091 5704 6177 13425 1493 846 1867
is_linear=0
shrinkage=0.05


Tree=2
num_leaves=31
num_cat=1
split_feature=5 9 0 9 4 9 9 0 0 1 9 0 9 1 1 9 1 9 9 6 1 0 9 9 1 6 10 9 5 6
split_gain=191471 84517.5 18118.4 15241.3 14833.6 6265.26 5556.47 5432.03 4837.17 3926.28 3690.47 2689.54 1996.67 1959.36 1754.79 1754.45 1563.31 1467.4 1033.67 1001.39 927.882 847.304 841.003 830.822 812.904 735.487 728.379 632.443 565.623 555.839
threshold=0.25881904510252057 4.6875000000000009 9.5000000000000018 3.1875000000000004 -0.60355339059327362 4.5208333333333348 6.6458333333333348 4.5000000000000009 5.5000000000000009 4.5000000000000009 5.979166666666667 4.5000000000000009 5.0625000000000009 6.5000000000000009 6.5000000000000009 8.0208333333333339 11.500000000000002 6.729166666666667 2.2708333333333335 5.5000000000000009 11.500000000000002 17.500000000000004 3.9791666666666674 3.2708333333333335 11.500000000000002 8.5000000000000018 0 4.2708333333333348 1.0000000180025095e-35 6.5000000000000009
decision_type=2 10 2 8 2 10 10 2 2 2 10 2 10 2 2 10 2 10 10 10 2 2 10 8 2 10 1 8 2 10
left_child=1 3 7 11 5 23 20 14 13 26 28 18 -11 -5 -3 -8 19 -7 -1 -10 -4 -17 -15 -2 -13 -12 -6 -18 -9 -16
right_child=4 2 6 8 9 17 15 10 16 12 25 24 -14 22 29 21 27 -19 -20 -21 -22 -23 -24 -25 -26 -27 -28 -29 -30 -31
leaf_value=-0.058867921840851573 -0.090925818698290459 0.011820219791900944 0.25952395061793965 -0.038403012991221244 -0.1113875584710728 0.019103033990992894 0.29625857643811421 0.14270498938032625 0.095103945607414753 -0.10800768463212557 0.19120085879117121 0.042454722805666534 -0.051772711064035554 0.027591371452610109 0.084079447622331938 0.37399777610957996 0.058273663883283582 0.1197023492136437 -0.022449135153990593 0.16445805439396363 0.19056430756934045 0.52237780525766575 0.064448540139094387 -0.041498698259907207 -0.0051057866924393291 0.25000413806609262 -0.14331427711594938 0.10428300845811184 0.079689921163509245 0.14138643943332421
leaf_weight=3082 1860 710 769 884 2685 1462 1052 3383 1134 5900 1157 1588 2155 4329 1202 564 2437 482 5297 962 1334 116 2409 1566 2069 984 10740 1077 398 653
leaf_count=3082 1860 710 769 884 2685 1462 1052 3383 1134 5900 1157 1588 2155 4329 1202 564 2437 482 5297 962 1334 116 2409 1566 2069 984 10740 1077 398 653
internal_value=1.95478e-10 0.0728416 0.180204 0.0204861 -0.101978 -0.0276506 0.270399 0.139448 0.0575222 -0.12056 0.165774 -0.0202301 -0.0929628 0.0315864 0.0786671 0.336717 0.0927598 0.0440459 -0.0358449 0.126935 0.215781 0.39931 0.0407687 -0.068333 0.0155467 0.218227 -0.137119 0.072375 0.136072 0.104253
internal_weight=64440 37590 12322 25268 26850 5370 3835 8487 13232 21480 5922 12036 8055 7622 2565 1732 5610 1944 8379 2096 2103 680 6738 3426 3657 2141 13425 3514 3781 1855
internal_count=64440 37590 12322 25268 26850 5370 3835 8487 13232 21480 5922 12036 8055 7622 2565 1732 5610 1944 8379 2096 2103 680 6738 3426 3657 2141 13425 3514 3781 1855
cat_boundaries=0 1
cat_threshold=4
is_linear=0
shrinkage=0.05


Tree=3
num_leaves=31
num_cat=0
split_feature=5 9 0 4 9 6 9 9 0 9 1 9 5 0 9 1 6 9 6 9 1 9 9 9 1 9 0 5 9 9
split_gain=172812 76304.6 18708.2 13389.1 10821.1 5703.21 5687.47 5654.39 4318.86 4030.2 3545.07 1832.98 1681.37 1641.2 1601.84 1528.89 1428.35 1361.75 1135.8 1061.22 1040.82 753.153 721.998 717 715.821 674.115 669.676 570.008 558.508 532.318
threshold=0.25881904510252057 4.4375000000000009 9.5000000000000018 -0.60355339059327362 2.9375000000000004 4.5000000000000009 6.6458333333333348 4.5208333333333348 4.5000000000000009 6.5208333333333348 4.5000000000000009 4.3958333333333348 1.0000000180025095e-35 3.5000000000000004 8.9375000000000018 11.500000000000002 2.5000000000000004 6.0208333333333348 5.5000000000000009 5.2708333333333348 11.500000000000002 3.1041666666666674 3.6041666666666674 5.9375000000000009 11.500000000000002 5.3125000000000009 15.500000000000002 -0.12940952255126037 5.354166666666667 9.7291666666666696
decision_type=2 10 2 2 8 10 10 10 2 10 2 10 2 2 10 2 10 10 10 10 2 8 8 10 2 10 2 2 10 10
left_child=1 4 5 7 13 12 20 21 16 19 25 -12 23 27 26 18 -6 -9 -10 -7 -4 -2 -17 -3 -15 -5 -8 -1 -22 -19
right_child=3 2 6 10 8 9 14 17 15 -11 11 -13 -14 24 -16 22 -18 29 -20 -21 28 -23 -24 -25 -26 -27 -28 -29 -30 -31
leaf_value=-0.035121401086909851 -0.089452561349679216 0.079804054732431948 0.24394669295336904 -0.13639987596770839 -0.020958707453810236 0.1123609024458304 0.28021577401248521 0.0085690372611773712 0.072180634769270335 0.23232368959208061 -0.10717058168385618 -0.058144024655426112 0.018287516258897085 0.021434249124545765 0.41682093967819772 0.026386302547880727 0.028986001799436154 0.084255445581951235 0.13817838938035717 0.15690017573778728 0.13720627385357645 -0.042517360697730766 0.067171676195790717 0.14444672359440702 -0.020751793443327757 -0.10978586918875377 0.37219145466655368 -0.071836140060905981 0.19992909936978998 0.26744198969432287
leaf_weight=4112 1635 1855 868 10334 2123 2945 1151 1191 1640 1247 4957 3098 1024 1745 342 1797 4395 711 1082 2450 589 1791 2739 558 2373 3091 239 1423 893 42
leaf_count=4112 1635 1855 868 10334 2123 2945 1151 1191 1640 1247 4957 3098 1024 1745 342 1797 4395 711 1082 2450 589 1791 2739 558 2373 3091 239 1423 893 42
internal_value=-1.97644e-06 0.0691996 0.16083 -0.0968841 0.0138162 0.124256 0.251135 -0.0262681 0.0422607 0.151312 -0.114538 -0.0883147 0.071971 -0.0267775 0.319882 0.0687909 0.0127183 0.0418436 0.0984149 0.132587 0.200467 -0.0649164 0.051014 0.0947525 -0.00287548 -0.130272 0.29603 -0.0445604 0.175001 0.094473
internal_weight=64440 37590 14161 26850 23429 10079 4082 5370 13776 6642 21480 8055 3437 9653 1732 7258 6518 1944 2722 5395 2350 3426 4536 2413 4118 13425 1390 5535 1482 753
internal_count=64440 37590 14161 26850 23429 10079 4082 5370 13776 6642 21480 8055 3437 9653 1732 7258 6518 1944 2722 5395 2350 3426 4536 2413 4118 13425 1390 5535 1482 753
is_linear=0
shrinkage=0.05


Tree=4
num_leaves=31
num_cat=1
split_feature=5 9 0 9 4 9 0 9 0 1 0 9 1 5 9 9 9 9 6 1 0 9 5 1 9 6 10 1 9 1
split_gain=155963 68982.5 14742.3 12591.5 12083.7 5124.4 4661.55 4552.02 3523.32 3199.43 2747.32 2495.27 2072.82 1894.8 1767.49 1665.74 1502.29 1076.03 925.904 902.901 826.261 785.877 764.067 704.11 702.148 682.077 634.91 620.343 618.719 523.514
threshold=0.25881904510252057 4.6875000000000009 9.5000000000000018 3.3541666666666674 -0.60355339059327362 4.1875000000000009 5.5000000000000009 7.979166666666667 7.5000000000000009 4.5000000000000009 3.5000000000000004 5.979166666666667 6.5000000000000009 1.0000000180025095e-35 6.104166666666667 5.0625000000000009 6.0208333333333348 2.3958333333333335 5.5000000000000009 11.500000000000002 17.500000000000004 5.854166666666667 1.0000000180025095e-35 11.500000000000002 2.0625000000000004 12.500000000000002 0 11.500000000000002 7.729166666666667 20.500000000000004
decision_type=2 10 2 8 2 10 2 10 2 2 2 10 2 2 10 10 10 10 10 2 2 10 2 2 10 10 1 2 10 2
left_child=1 3 6 10 5 -2 12 14 13 26 22 -8 -3 18 27 -11 -7 -12 -5 -10 -9 -14 24 -19 -1 -16 -6 -4 -13 -18
right_child=4 2 7 8 9 16 11 20 19 15 17 28 21 -15 25 -17 29 23 -20 -21 -22 -23 -24 -25 -26 -27 -28 -29 -30 -31
leaf_value=-0.057966177734216529 -0.066862583537016948 0.011726033684747819 0.22153303296423998 0.038324832266149134 -0.099875166479753877 0.003423918858448562 0.13056218738746961 0.33423481401923588 0.14656237794521143 -0.097640569029975754 -0.025454463204227243 0.19004840593394323 0.085828997056367276 -0.0099956019630780858 0.23685515362610221 -0.046276875749714418 0.13205335252689865 0.044590699372383268 0.074037779745689425 0.085142085944075324 0.47779174008645309 0.14203399271227743 -0.068199839557323533 0.0056953027129069984 -0.017349292675809602 0.31303651875592298 -0.12951587116177693 0.15699253784165901 0.26231750153841821 0.048663568617629757
leaf_weight=1409 3093 786 596 4669 2685 1524 2995 584 981 5900 1643 1423 2008 1458 1147 2155 371 1950 2969 1534 121 901 1424 2885 4346 395 10740 992 374 382
leaf_count=1409 3093 786 596 4669 2685 1524 2995 584 981 5900 1643 1423 2008 1458 1147 2155 371 1950 2969 1534 121 901 1424 2885 4346 395 10740 992 374 382
internal_value=-1.87764e-06 0.0657396 0.162734 0.0184399 -0.0920399 -0.0249547 0.125971 0.244093 0.0567194 -0.108811 -0.0141048 0.15851 0.083771 0.0422365 0.21824 -0.0838989 0.0319716 0.00950311 0.052207 0.1091 0.358874 0.103237 -0.0354076 0.0213822 -0.0272935 0.25637 -0.123759 0.181216 0.205089 0.0897494
internal_weight=64440 37590 12322 25268 26850 5370 8487 3835 11611 21480 13657 4792 3695 9096 3130 8055 2277 6478 7638 2515 705 2909 7179 4835 5755 1542 13425 1588 1797 753
internal_count=64440 37590 12322 25268 26850 5370 8487 3835 11611 21480 13657 4792 3695 9096 3130 8055 2277 6478 7638 2515 705 2909 7179 4835 5755 1542 13425 1588 1797 753
cat_boundaries=0 1
cat_threshold=4
is_linear=0
shrinkage=0.05


Tree=5
num_leaves=31
num_cat=1
split_feature=5 9 0 4 9 6 9 9 0 9 1 0 5 9 9 0 1 9 1 10 9 1 6 6 9 9 9 9 1 1
split_gain=140765 62378.7 15230.1 10907 8925.17 4878.64 4651.9 4645.1 3740.45 2993.61 2888.79 1825.64 1542.83 1538.44 1342.44 1290.82 1194.25 1092.56 873.249 767.592 741.427 736.638 659.546 606.577 581.357 554.828 552.92 516.92 497.426 489.289
threshold=0.25881904510252057 4.4375000000000009 9.5000000000000018 -0.60355339059327362 2.8958333333333335 5.5000000000000009 5.1458333333333348 6.6458333333333348 5.5000000000000009 6.5208333333333348 4.5000000000000009 3.5000000000000004 1.0000000180025095e-35 4.3125000000000009 8.9375000000000018 4.5000000000000009 11.500000000000002 3.2708333333333335 11.500000000000002 0 6.9375000000000009 10.500000000000002 6.5000000000000009 17.500000000000004 3.8125000000000004 2.0625000000000004 5.729166666666667 7.3958333333333348 11.500000000000002 20.500000000000004
decision_type=2 10 2 2 8 10 10 10 2 10 2 2 2 10 10 2 2 8 2 1 10 2 10 10 10 10 10 10 2 2
left_child=1 4 5 6 15 11 17 18 12 21 24 -3 19 -12 23 25 22 -2 -4 -6 -8 -7 -10 -9 -5 -1 -13 -15 -17 -19
right_child=3 2 7 10 8 9 20 14 16 -11 13 26 -14 27 -16 28 -18 29 -20 -21 -22 -23 -24 -25 -26 -27 -28 -29 -30 -31
leaf_value=-0.058866564568297287 -0.078847650928442842 0.02751127106449703 0.22081590604363224 -0.12802051750600277 0.041877491374772563 0.16722412457098187 0.032027809081640338 0.25891104116609304 0.080861815445692972 0.21660092903664277 -0.097545501374258603 0.081097867713841559 -0.028131928583618383 -0.061300486239330411 0.37765208384926208 0.029131676411795593 0.051562172650625432 -0.0027050747571847281 0.15766363200604636 0.0091238524291989611 0.11255812321432063 0.11544385904662856 0.14169227217854216 0.40073182436171922 -0.10721075986323972 -0.027700589676221833 0.1277130567244682 -0.0049577026187625391 -0.015475155618730621 -0.050387882428579472
leaf_weight=2053 1860 1471 868 6689 3914 844 949 1310 1417 1113 4833 2037 1545 2744 342 1143 3314 1077 1482 3323 409 3689 650 80 6736 4691 925 478 1379 1075
leaf_count=2053 1860 1471 868 6689 3914 844 949 1310 1417 1113 4833 2037 1545 2744 342 1143 3314 1077 1482 3323 409 3689 650 80 6736 4691 925 478 1379 1075
internal_value=-3.56323e-06 0.0624526 0.145301 -0.0874422 0.0123775 0.112301 -0.0237069 0.22678 0.0373389 0.143125 -0.103376 0.0730431 0.0172254 -0.079704 0.288908 -0.0257759 0.0701651 -0.0507819 0.18099 0.0269085 0.0562818 0.125085 0.0999909 0.267073 -0.117579 -0.0371881 0.0956553 -0.0529417 0.00474118 -0.0265243
internal_weight=64440 37590 14161 26850 23429 10079 5370 4082 14163 5646 21480 4433 8782 8055 1732 9266 5381 4012 2350 7237 1358 4533 2067 1390 13425 6744 2962 3222 2522 2152
internal_count=64440 37590 14161 26850 23429 10079 5370 4082 14163 5646 21480 4433 8782 8055 1732 9266 5381 4012 2350 7237 1358 4533 2067 1390 13425 6744 2962 3222 2522 2152
cat_boundaries=0 1
cat_threshold=28
is_linear=0
shrinkage=0.05


Tree=6
num_leaves=31
num_cat=2
split_feature=5 9 9 0 4 9 9 0 6 0 1 9 6 9 9 6 9 0 1 1 1 1 1 1 5 5 10 10 1 9
split_gain=127041 56597.5 12420.4 10803.7 9843.53 4245.46 4235.09 3229.65 3207.14 2779.2 2607.13 1862.13 1707.48 1399.38 1232.23 1178.21 1101.01 948.412 935.661 770.451 767.73 741.291 721.443 689.332 607.155 571.49 557.676 512.674 506.202 543.21
threshold=0.25881904510252057 4.8958333333333348 3.5208333333333335 8.5000000000000018 -0.60355339059327362 7.5625000000000009 4.1875000000000009 7.5000000000000009 3.5000000000000004 4.5000000000000009 4.5000000000000009 6.604166666666667 3.5000000000000004 4.104166666666667 5.854166666666667 11.500000000000002 2.6041666666666674 14.500000000000002 11.500000000000002 11.500000000000002 11.500000000000002 11.500000000000002 6.5000000000000009 10.500000000000002 1.0000000180025095e-35 1.0000000180025095e-35 0 1 20.500000000000004 9.6875000000000018
decision_type=2 10 8 2 2 10 10 2 10 2 2 10 10 10 10 10 10 2 2 2 2 2 2 2 2 2 1 1 2 10
left_child=1 2 9 8 6 15 -2 12 24 16 26 -10 22 -12 -8 21 -1 -7 -9 27 -14 -5 -4 -17 -3 -18 -6 -11 29 -16
right_child=4 3 7 5 10 17 14 18 11 19 13 -13 20 -15 28 23 25 -19 -20 -21 -22 -23 -24 -25 -26 -27 -28 -29 -30 -31
leaf_value=-0.041379729346071842 -0.060619929846830248 0.078123763929232731 -0.029983339510426123 0.20613500459605155 -0.089453505446826828 0.26835774428167197 0.0009219072426757222 0.14228389097470537 0.11744345380111113 0.0070633352209946952 -0.094153633404421733 0.19497407423105184 0.088831045020409394 -0.052159121968968859 0.10283152643879157 0.33890481795328609 -0.00041349301989937714 0.36939837852549373 0.08304159573232428 0.0040639328849850151 0.04851655712319855 0.15111240120598002 0.027577359496104032 0.2177678046315985 0.016594842125606888 -0.043909882343707678 -0.11706964404582978 0.059774072325059935 0.038505630878622049 0.36370405469621936
leaf_weight=5000 3093 977 718 940 2685 784 1430 1093 3637 690 4519 984 1679 3536 401 142 4153 330 1708 3022 3981 1755 2251 679 680 923 10740 1464 425 21
leaf_count=5000 3093 977 718 940 2685 784 1430 1093 3637 690 4519 984 1679 3536 401 142 4153 330 1708 3022 3981 1755 2251 679 680 923 10740 1464 425 21
internal_value=-2.98927e-06 0.0593307 0.0201027 0.155286 -0.0830701 0.213229 -0.0225216 0.0595093 0.112553 -0.00942907 -0.0982072 0.133953 0.0443667 -0.0757188 0.0292299 0.186279 -0.0247265 0.298289 0.106159 0.0203502 0.0604756 0.170304 0.0136573 0.23872 0.0528735 -0.00832271 -0.1117 0.0431993 0.0770226 0.115813
internal_weight=64440 37590 26682 10908 26850 4630 5370 11430 6278 15252 21480 4621 8629 8055 2277 3516 10076 1114 2801 5176 5660 2695 2969 821 1657 5076 13425 2154 847 422
internal_count=64440 37590 26682 10908 26850 4630 5370 11430 6278 15252 21480 4621 8629 8055 2277 3516 10076 1114 2801 5176 5660 2695 2969 821 1657 5076 13425 2154 847 422
cat_boundaries=0 1 2
cat_threshold=4 2
is_linear=0
shrinkage=0.05


Tree=7
num_leaves=31
num_cat=0
split_feature=0 5 9 5 5 9 9 9 1 6 0 4 9 5 9 0 0 9 9 4 6 1 9 1 6 9 6 5 9 6
split_gain=114840 32075 24434.9 12820.6 6966.14 6045.25 5937.46 4446.8 3343.11 1743.98 1711.67 1429.65 1358.32 1330.44 1230.64 1209.93 1192.37 1007.54 787.373 727.287 716.408 707.57 672.964 639.505 627.612 530.095 513.532 463.621 458.232 453.401
threshold=4.5000000000000009 0.25881904510252057 5.4375000000000009 0.25881904510252057 1.0000000180025095e-35 3.9791666666666674 3.5208333333333335 7.729166666666667 4.5000000000000009 2.5000000000000004 10.500000000000002 -0.78656609248549303 3.8125000000000004 0.60355339059327384 2.8125000000000004 9.5000000000000018 14.500000000000002 2.3541666666666674 4.854166666666667 -0.60355339059327362 7.5000000000000009 11.500000000000002 4.0625000000000009 6.5000000000000009 13.500000000000002 9.6875000000000018 6.5000000000000009 0.91597561503675351 4.3958333333333348 12.500000000000002
decision_type=2 2 8 2 2 10 10 10 2 10 2 2 10 2 10 2 2 10 10 2 10 2 10 2 10 10 10 2 10 10
left_child=1 6 4 7 5 14 17 10 28 -8 20 25 -10 22 -2 26 29 -1 -11 -14 -4 -16 -6 -19 -12 -5 -7 -13 -3 -9
right_child=2 8 3 11 13 15 9 16 12 18 24 27 19 -15 21 -17 -18 23 -20 -21 -22 -23 -24 -25 -26 -27 -28 -29 -30 -31
leaf_value=-0.044972892800137249 0.0024940195860835958 -0.11421982049438908 0.12388733414381865 0.088746246497736561 -0.018920424384787481 0.076622469661145221 -0.00051336517151563709 0.22165389944260061 -0.084206391014247456 0.04043869345167872 0.19612107957878475 0.01605872751386421 -0.0093957573605125896 -0.058592517221754882 0.070914947874907153 0.14493836947970393 0.35804662040351243 -0.056087068083138292 0.085029441246766702 -0.058466336269962227 0.16908553036729795 0.032700442180027316 0.036444109441216253 -0.00638321968930196 0.28019120675000481 0.34551884021077839 0.10953942118738469 -0.05885892734467555 -0.094970256797094657 0.29407078353570232
leaf_weight=3551 2048 8145 1660 469 1115 2664 2074 684 5878 3062 1342 803 984 1122 2067 1344 301 728 1463 3246 1858 2926 1081 5827 266 21 2134 278 4983 316
leaf_count=3551 2048 8145 1660 469 1115 2664 2074 684 5878 3062 1342 803 984 1122 2067 1344 301 728 1463 3246 1858 2926 1081 5827 266 21 2134 278 4983 316
internal_value=-3.92448e-06 -0.0522801 0.0852225 0.156947 0.0504579 0.0667562 0.00056459 0.188245 -0.0902715 0.0374536 0.167292 0.0289053 -0.0686577 -0.0142981 0.0351329 0.103008 0.270799 -0.0235232 0.0548555 -0.0470513 0.147758 0.0485205 0.00833325 -0.0119033 0.210028 0.0997508 0.0912629 -0.00320779 -0.106913 0.244538
internal_weight=64440 39941 24499 7998 16501 13183 16705 6427 23236 6599 5126 1571 10108 3318 7041 6142 1301 10106 4525 4230 3518 4993 2196 6555 1608 490 4798 1081 13128 1000
internal_count=64440 39941 24499 7998 16501 13183 16705 6427 23236 6599 5126 1571 10108 3318 7041 6142 1301 10106 4525 4230 3518 4993 2196 6555 1608 490 4798 1081 13128 1000
is_linear=0
shrinkage=0.05


Tree=8
num_leaves=31
num_cat=1
split_feature=0 5 9 5 5 9 9 9 1 5 6 6 0 9 5 0 10 9 9 4 1 9 1 9 0 6 5 4 1 1
split_gain=103643 28947.7 22052.5 11816.7 6286.94 5475.31 5358.55 3887.63 3017.16 2309.17 1587.27 1573.94 1343.89 1260.18 1200.72 1123.25 963.394 853.059 710.604 708.965 702.953 645.082 624.525 608.551 566.89 523.196 509.693 469.473 449.209 436.35
threshold=4.5000000000000009 0.25881904510252057 5.4375000000000009 1.0000000180025095e-35 1.0000000180025095e-35 3.7708333333333335 3.5208333333333335 7.729166666666667 4.5000000000000009 0.60355339059327384 9.5000000000000018 2.5000000000000004 9.5000000000000018 2.9791666666666674 0.60355339059327384 14.500000000000002 0 2.3958333333333335 4.854166666666667 -0.78656609248549303 10.500000000000002 8.8125000000000018 11.500000000000002 4.104166666666667 8.5000000000000018 6.5000000000000009 1.0000000180025095e-35 -0.37940952255126059 6.5000000000000009 11.500000000000002
decision_type=2 2 8 2 2 10 10 10 2 2 10 10 2 10 2 2 1 10 10 2 2 10 2 10 2 10 2 2 2 2
left_child=1 6 4 7 5 17 16 10 -3 21 24 -8 25 -10 23 -9 28 -2 -13 -15 -12 -5 -19 -6 -4 -7 -18 -11 -1 -14
right_child=2 8 3 9 14 12 11 15 13 27 20 18 29 19 -16 -17 26 22 -20 -21 -22 -23 -24 -25 -26 -27 -28 -29 -30 -31
leaf_value=-0.085089546273028935 -0.015951813847839252 -0.10156759076231342 0.12276122808830635 0.086483278229915014 -0.017300860251271571 0.068860395457018816 -0.00048769673695401612 0.24145118444091526 -0.089345608674247567 0.017502043402895968 0.27266047475279359 0.038416758722535645 0.16541394754179486 -0.0052597978448427445 -0.055662891966973084 0.35800274214258904 0.00041795670539666267 0.056443832288444865 0.080777969167033697 -0.058027368153578111 0.18915063154740774 0.21367634335702115 0.020994085413818947 0.035389442061832609 0.16716362582509242 0.099521031717363054 -0.039111475450807759 -0.05675218549628195 -0.033389995288067326 0.11087882654212788
leaf_weight=464 927 13128 1548 1063 1145 3290 2074 882 3526 727 305 3062 663 714 1122 270 4182 2177 1463 5868 1450 110 2894 1051 1342 2411 1013 301 4447 821
leaf_count=464 927 13128 1548 1063 1145 3290 2074 882 3526 727 305 3062 663 714 1122 270 4182 2177 1463 5868 1450 110 2894 1051 1342 2411 1013 301 4447 821
internal_value=-3.7277e-06 -0.0496661 0.0809613 0.149099 0.047935 0.0634184 0.000536361 0.186548 -0.085758 0.0504669 0.166157 0.035581 0.0928597 -0.0652248 -0.0135832 0.268768 -0.022347 0.0281507 0.0521128 -0.0523033 0.203664 0.098411 0.0362128 0.00791658 0.14338 0.081827 -0.00727609 -0.00423971 -0.0381969 0.135243
internal_weight=64440 39941 24499 7998 16501 13183 16705 5797 23236 2201 4645 6599 7185 10108 3318 1152 10106 5998 4525 6582 1755 1173 5071 2196 2890 5701 5195 1028 4911 1484
internal_count=64440 39941 24499 7998 16501 13183 16705 5797 23236 2201 4645 6599 7185 10108 3318 1152 10106 5998 4525 6582 1755 1173 5071 2196 2890 5701 5195 1028 4911 1484
cat_boundaries=0 1
cat_threshold=2
is_linear=0
shrinkage=0.05


Tree=9
num_leaves=31
num_cat=0
split_feature=0 5 0 9 5 9 9 5 1 9 6 6 5 4 9 6 9 9 9 9 4 9 1 1 6 5 6 9 4 9
split_gain=93537.9 26125.3 20086.4 6897.98 6181.84 7679.15 4836.1 2750.91 2722.98 1805.1 1484.55 1420.48 1327.38 1238.82 1154.75 1097.33 1026.56 960.99 891.634 648.749 627.112 551.772 548.414 505.084 496.616 434.902 433.982 424.885 424.172 393.326
threshold=4.5000000000000009 0.25881904510252057 8.5000000000000018 6.104166666666667 0.1294095225512602 4.2708333333333348 3.5208333333333335 1.0000000180025095e-35 4.5000000000000009 5.979166666666667 13.500000000000002 2.5000000000000004 -0.12940952255126037 -0.78656609248549303 3.8125000000000004 6.5000000000000009 2.8125000000000004 4.3958333333333348 2.6041666666666674 5.0208333333333348 -0.60355339059327362 7.5625000000000009 10.500000000000002 10.500000000000002 8.5000000000000018 1.0000000180025095e-35 3.5000000000000004 5.3125000000000009 -0.78656609248549303 6.104166666666667
decision_type=2 2 2 8 2 10 10 2 2 10 10 10 2 2 10 10 8 10 10 10 2 10 2 2 10 2 10 10 2 10
left_child=1 6 4 12 5 16 18 10 27 26 21 -8 15 17 28 -4 -2 -6 -1 -13 -16 -5 -12 -18 -11 -20 -7 -3 -10 -19
right_child=2 8 3 7 13 9 11 -9 14 24 22 19 -14 -15 20 -17 23 29 25 -21 -22 -23 -24 -25 -26 -27 -28 -29 -30 -31
leaf_value=-0.036149027317028244 -0.0028934087766425373 -0.10132660178730712 0.089168837880361576 0.18355757798085837 -0.011706170339272124 0.054469922381017145 -0.00046331229527178251 0.10760475841449287 -0.045219303404962698 0.12940893570490167 0.39403264681454253 0.037862539239213025 0.052569941711467484 -0.035342446117995079 -0.0070756626429937302 0.14393156244223865 0.063722528807483969 0.037911907531230193 0.00045412155131181736 0.080287483011427879 -0.052641651136726059 0.24047656746926754 0.27152815130197555 0.029820105667491367 0.18707870267747162 -0.037490037495556933 0.097118301517418112 -0.07976284711085678 -0.0821043745859594 0.1117135792686195
leaf_weight=5030 1884 10183 1683 1190 1133 724 2074 615 925 912 113 3283 947 1993 984 2004 1585 738 4153 1242 3246 663 477 3580 632 923 3387 2945 4953 239
leaf_count=5030 1884 10183 1683 1190 1133 724 2074 615 925 912 113 3283 947 1993 984 2004 1585 738 4153 1242 3246 663 477 3580 632 923 3387 2945 4953 239
internal_value=-3.54147e-06 -0.0471828 0.0769133 0.143836 0.0462851 0.0635182 0.000509543 0.202123 -0.0814701 0.10692 0.225917 0.0338019 0.105372 -0.00707337 -0.0619636 0.118934 0.0286998 0.0196282 -0.0212297 0.0495071 -0.0420419 0.203923 0.294991 0.0402239 0.153015 -0.0064455 0.0896074 -0.0964892 -0.0762999 0.0559657
internal_weight=64440 39941 24499 7692 16807 12704 16705 3058 23236 5655 2443 6599 4634 4103 10108 3687 7049 2110 10106 4525 4230 1853 590 5165 1544 5076 4111 13128 5878 977
internal_count=64440 39941 24499 7692 16807 12704 16705 3058 23236 5655 2443 6599 4634 4103 10108 3687 7049 2110 10106 4525 4230 1853 590 5165 1544 5076 4111 13128 5878 977
is_linear=0
shrinkage=0.05


Tree=10
num_leaves=31
num_cat=2
split_feature=5 9 0 4 9 6 9 9 0 1 9 0 0 10 1 6 9 9 1 1 10 9 9 1 9 9 1 0 1 1
split_gain=84504.9 38352.9 9425.59 6734.86 5567.43 3214.8 2942.76 2936.46 1984.61 1814.11 1631.28 1534.76 1286.1 1213.52 1210.87 1006.23 844.515 699.789 650.275 590.885 585.568 545.803 535.473 522.601 514.856 471.635 439.654 361.915 348.306 324.175
threshold=0.25881904510252057 4.4375000000000009 9.5000000000000018 -0.60355339059327362 3.1875000000000004 6.5000000000000009 6.6458333333333348 5.1458333333333348 7.5000000000000009 3.5000000000000004 6.5625000000000009 3.5000000000000004 2.5000000000000004 0 6.5000000000000009 16.500000000000004 2.3541666666666674 3.2708333333333335 11.500000000000002 10.500000000000002 1 2.8958333333333335 7.729166666666667 11.500000000000002 5.9375000000000009 8.9375000000000018 10.500000000000002 16.500000000000004 20.500000000000004 20.500000000000004
decision_type=2 10 2 2 8 10 10 10 2 2 10 2 2 1 2 10 10 8 2 2 1 10 10 2 10 10 2 2 2 2
left_child=1 4 5 7 12 11 18 17 14 -5 19 -3 -1 -11 -6 25 -14 -2 27 -7 -16 -15 28 -10 -13 -8 -18 -4 -9 -19
right_child=3 2 6 9 8 10 15 22 23 13 -12 24 16 21 20 -17 26 29 -20 -21 -22 -23 -24 -25 -26 -27 -28 -29 -30 -31
leaf_value=-0.036311963245709192 -0.061640887072169651 0.020211077401477262 0.16738870912447829 -0.09480289799669625 -0.035310764746491322 0.14768886904807255 0.20022799311905889 0.059691531223555409 0.10746497078766373 -0.031621698385000528 0.17618633272204334 0.068013876754526706 -0.027038248043317555 -0.092393425134478457 0.0398705692567018 0.32813227413612056 0.030251769964800508 -0.00037763081356959147 0.12087441558405121 0.093928250850821904 0.012612695139927783 -0.065489041734587028 0.11729142970151524 0.057239500412534505 0.11057694493155262 0.27561720347242252 -0.00085300246015430979 0.30595949721336368 0.0043680139181112325 -0.039189907566059473
leaf_weight=4351 1860 1603 818 10740 785 613 1269 570 864 2148 955 2891 2380 2793 5250 215 1648 1077 1482 3075 3201 5799 220 1293 942 248 3657 50 568 1075
leaf_count=4351 1860 1603 818 10740 785 613 1269 570 864 2148 955 2891 2380 2793 5250 215 1648 1077 1482 3075 3201 5799 220 1293 942 248 3657 50 568 1075
internal_value=-3.36442e-06 0.0483881 0.113351 -0.0677515 0.00912336 0.0873907 0.177449 -0.0176683 0.0341754 -0.0802723 0.117945 0.0612932 -0.0145903 -0.0657417 0.0240905 0.2269 -0.0022922 -0.0391794 0.141003 0.102864 0.0296082 -0.0741485 0.0458832 0.0773576 0.0784742 0.212553 0.00880971 0.175371 0.0320784 -0.0197657
internal_weight=64440 37590 14161 26850 23429 10079 4082 5370 11393 21480 4643 5436 12036 10740 9236 1732 7685 4012 2350 3688 8451 8592 1358 2157 3833 1517 5305 868 1138 2152
internal_count=64440 37590 14161 26850 23429 10079 4082 5370 11393 21480 4643 5436 12036 10740 9236 1732 7685 4012 2350 3688 8451 8592 1358 2157 3833 1517 5305 868 1138 2152
cat_boundaries=0 1 2
cat_threshold=4 28
is_linear=0
shrinkage=0.05


Tree=11
num_leaves=31
num_cat=2
split_feature=0 5 9 9 5 5 9 1 9 6 5 9 10 0 6 9 1 6 1 5 1 5 9 1 5 4 10 1 1 9
split_gain=76854.7 27802.7 13418.8 6221.14 5851.64 3486.59 3198.25 2816.64 2297.71 1706.12 1236.15 1235.63 1106.93 839.962 836.656 764.713 745.786 870.972 686.805 677.114 669.016 556.232 548.098 539.486 532.91 494.342 425.581 417.289 414.808 393.323
threshold=5.5000000000000009 0.25881904510252057 5.6875000000000009 3.5625000000000004 1.0000000180025095e-35 1.0000000180025095e-35 3.9791666666666674 4.5000000000000009 7.729166666666667 3.5000000000000004 0.60355339059327384 4.0208333333333348 0 14.500000000000002 9.5000000000000018 4.8958333333333348 11.500000000000002 7.5000000000000009 22.500000000000004 0.60355339059327384 10.500000000000002 1.0000000180025095e-35 8.7708333333333339 10.500000000000002 1.0000000180025095e-35 -0.78656609248549303 1 6.5000000000000009 11.500000000000002 5.1458333333333348
decision_type=2 2 8 10 2 2 10 2 10 10 2 10 1 2 10 10 2 10 2 2 2 2 10 2 2 2 1 2 2 10
left_child=1 3 5 12 8 6 23 26 14 21 22 25 27 -10 -4 -11 17 -8 -13 -7 -16 -5 -6 -2 28 -9 -3 -1 -14 -18
right_child=2 7 4 9 10 19 16 11 13 15 -12 18 24 -15 20 -17 29 -19 -20 -21 -22 -23 -24 -25 -26 -27 -28 -29 -30 -31
leaf_value=-0.077376651656577145 0.061852330191951022 -0.07892959313733873 0.13300029689097823 0.027353699610345457 0.085321781527649132 0.016378106966436937 0.092001574893719434 -0.036811017736955491 0.21180444980296725 0.043041770554392733 0.0083151137828250243 -0.020544420633253648 0.021165925758060991 0.3132553157872624 0.25668294023378707 0.082934196500330098 0.06818947272861213 0.15780862247514907 -0.066454478784791896 -0.044453903862912099 0.16723922110719042 -0.013664135349566156 0.21015836412105898 0.025865417566231882 -0.032804361072246296 -0.072282397473447307 -0.098390257282928745 -0.028269686397895163 -0.0069961072108686633 0.10495086856735353
leaf_weight=472 1537 7951 2023 2208 786 1610 1377 1189 835 3468 646 3260 2202 270 252 1838 2520 792 1086 639 1227 1321 99 3230 1167 5648 5362 5183 3219 1023
leaf_count=472 1537 7951 2023 2208 786 1610 1377 1189 835 3468 646 3260 2202 270 252 1838 2520 792 1086 639 1227 1321 99 3230 1167 5648 5362 5183 3219 1023
internal_value=-3.03414e-06 -0.0351355 0.0848654 0.00696504 0.145588 0.055582 0.0677054 -0.0713616 0.173732 0.0389415 0.0609015 -0.0528627 -0.0161104 0.236593 0.153897 0.0568605 0.0929399 0.116031 -0.0320167 -0.000905866 0.182479 0.0119996 0.0992866 0.0374685 -0.00215153 -0.0661137 -0.0869008 -0.0323113 0.00444326 0.0788039
internal_weight=64440 45574 18866 21078 6138 12728 10479 24496 4607 8835 1531 11183 12243 1105 3502 5306 5712 2169 4346 2249 1479 3529 885 4767 6588 6837 13313 5655 5421 3543
internal_count=64440 45574 18866 21078 6138 12728 10479 24496 4607 8835 1531 11183 12243 1105 3502 5306 5712 2169 4346 2249 1479 3529 885 4767 6588 6837 13313 5655 5421 3543
cat_boundaries=0 1 2
cat_threshold=2 28
is_linear=0
shrinkage=0.05


Tree=12
num_leaves=31
num_cat=3
split_feature=0 5 0 9 5 10 9 9 1 5 5 6 6 10 6 10 5 4 5 1 1 4 9 9 6 1 9 6 5 9
split_gain=69599.2 19041.9 15197.4 5885.14 5565.33 3861.03 3807.09 2338.92 2060.76 1613.29 1565.07 1172.19 1115.92 1013.88 828.961 762.333 707.34 604.303 596.038 577.365 575.76 514.488 476.936 465.183 438.558 424.456 417.591 361.199 337.421 333.47
threshold=4.5000000000000009 0.25881904510252057 9.5000000000000018 4.0625000000000009 0.25881904510252057 0 6.104166666666667 5.9375000000000009 3.5000000000000004 1.0000000180025095e-35 1.0000000180025095e-35 12.500000000000002 6.5000000000000009 1 2.5000000000000004 2 0.1294095225512602 -0.78656609248549303 1.0000000180025095e-35 11.500000000000002 10.500000000000002 -0.78656609248549303 2.7708333333333335 4.104166666666667 6.5000000000000009 6.5000000000000009 4.5625000000000009 8.5000000000000018 -0.70710678118654757 4.979166666666667
decision_type=2 2 2 8 2 1 8 10 2 2 2 10 10 1 10 1 2 2 2 2 2 2 10 10 10 2 8 10 2 10
left_child=1 5 3 9 7 12 16 24 -3 15 11 28 18 21 25 -2 23 -6 26 -17 -13 -10 -16 -4 -5 -7 -1 -9 -8 -14
right_child=2 8 6 4 17 14 10 27 13 -11 -12 20 29 -15 22 19 -18 -19 -20 -21 -22 -23 -24 -25 -26 -27 -28 -29 -30 -31
leaf_value=0.018246557389734321 -0.0042244716152029203 -0.086421165628774832 0.074908808373567656 0.059885645722642905 0.039219848812445779 -0.067006224360974406 0.15242901102954701 0.11376577729394299 0.0015197761610900526 -0.0317904562901122 0.10190452738393577 0.35520967171196977 0.050490872198148941 -0.072119042407960049 -0.023385480749665163 0.05392173610090998 0.031099224176723513 -0.017159940134757672 -0.0076036391897255327 0.019628514759494946 0.2358194523562227 -0.047612325148492111 0.0070211496353783862 0.12228995596283306 0.086558406228323365 -0.028931363144681855 0.053835353154447201 0.15413751542123461 0.2018071212069289 0.10225512610663562
leaf_weight=3032 1743 10466 704 3228 682 935 686 1203 581 1580 464 124 957 5763 2468 2140 320 1568 1648 2878 544 6426 2701 1961 2949 3371 1132 1027 698 461
leaf_count=3032 1743 10466 704 3228 682 935 686 1203 581 1580 464 124 957 5763 2468 2140 320 1568 1648 2878 544 6426 2701 1961 2949 3371 1132 1027 698 461
internal_value=-4.25825e-06 -0.040701 0.066344 0.0451532 0.0697731 1.58082e-05 0.139528 0.0884657 -0.0699734 0.0136973 0.184834 0.203586 0.027513 -0.0564931 -0.0209731 0.0243274 0.101339 -7.05997e-05 0.0178483 0.0341852 0.257982 -0.0434764 -0.00749685 0.109774 0.0726197 -0.0371989 0.0279215 0.132359 0.177332 0.0673197
internal_weight=64440 39941 24499 18998 10657 16705 5501 8407 23236 8341 2516 2052 7230 12770 9475 6761 2985 2250 5812 5018 668 7007 5169 2665 6177 4306 4164 2230 1384 1418
internal_count=64440 39941 24499 18998 10657 16705 5501 8407 23236 8341 2516 2052 7230 12770 9475 6761 2985 2250 5812 5018 668 7007 5169 2665 6177 4306 4164 2230 1384 1418
cat_boundaries=0 1 2 3
cat_threshold=28 28 2
is_linear=0
shrinkage=0.05


Tree=13
num_leaves=31
num_cat=2
split_feature=0 5 9 5 9 5 1 9 9 5 9 9 5 0 10 0 1 4 6 6 9 6 5 0 9 9 6 10 9 1
split_gain=62870.2 22594.5 11058.9 5237.71 5173.73 2511.17 2331.51 2290.35 2129.34 1383.54 1204.4 1093.37 1048.44 871.727 822.502 719.725 678.643 649.395 643.931 563.974 542.151 531.76 511.174 474.666 435.414 419.442 416.476 389.908 360.477 347.309
threshold=5.5000000000000009 0.25881904510252057 5.4375000000000009 1.0000000180025095e-35 3.8125000000000004 1.0000000180025095e-35 4.5000000000000009 7.729166666666667 3.9375000000000004 1.0000000180025095e-35 2.6041666666666674 3.2291666666666674 0.60355339059327384 11.500000000000002 0 14.500000000000002 11.500000000000002 -0.60355339059327362 8.5000000000000018 2.5000000000000004 8.7708333333333339 18.500000000000004 0.60355339059327384 7.5000000000000009 5.729166666666667 7.4375000000000009 6.5000000000000009 1 9.9375000000000018 10.500000000000002
decision_type=2 2 8 2 10 2 2 10 10 2 8 8 2 2 1 2 2 2 10 10 10 10 2 2 10 10 10 1 10 2
left_child=1 4 5 7 10 8 27 13 23 14 -1 -8 20 26 24 -9 18 -13 -10 -12 -5 -15 -7 -2 -6 -19 -4 -3 -17 -21
right_child=2 6 3 12 9 22 11 15 16 -11 19 17 -14 21 -16 28 -18 25 -20 29 -22 -23 -24 -25 -26 -27 -28 -29 -30 -31
leaf_value=-0.029718469076576017 0.020501591737770303 -0.060171899725338429 0.093897944429179078 0.07158466090508829 0.058867007543757448 0.012468916474200231 -0.067076886591843993 0.1922462072289231 0.086470070667876986 -0.00060479658233346173 -0.018143045263776737 -0.011167080087168468 0.0045449788988913067 0.16723533241170829 0.031544805652545096 0.25527458131313324 0.065574688336193981 -0.049019190775200533 0.15258402762085141 0.032140698496890635 0.19476574797822974 0.40519275416930517 -0.043247268797927785 0.053585043420934703 0.10286964696488624 0.010066108970168214 0.13325441289178755 -0.082961495199454394 0.39423955942193672 0.0025454554173555562
leaf_weight=5646 2855 2625 990 914 2210 1482 4384 835 1492 1639 2716 2006 715 1079 2779 210 3210 4471 489 1316 99 24 570 1748 754 322 2094 10688 60 4018
leaf_count=5646 2855 2625 990 914 2210 1482 4384 835 1492 1639 2716 2006 715 1079 2779 210 3210 4471 489 1316 99 24 570 1748 754 322 2094 10688 60 4018
internal_value=-4.63792e-06 -0.0317804 0.0767551 0.126483 0.00617254 0.0472859 -0.0644377 0.151163 0.0578232 0.0399143 -0.0120139 -0.0476071 0.0509027 0.134264 0.051478 0.215192 0.0797769 -0.0350529 0.10279 0.000403514 0.0836231 0.172413 -0.0030078 0.0330651 0.0698251 -0.0450498 0.120621 -0.0785755 0.286156 0.00984717
internal_weight=64440 45574 18866 7020 21078 11846 24496 5292 9794 7382 13696 11183 1728 4187 5743 1105 5191 6799 1981 8050 1013 1103 2052 4603 2964 4793 3084 13313 270 5334
internal_count=64440 45574 18866 7020 21078 11846 24496 5292 9794 7382 13696 11183 1728 4187 5743 1105 5191 6799 1981 8050 1013 1103 2052 4603 2964 4793 3084 13313 270 5334
cat_boundaries=0 1 2
cat_threshold=20 4
is_linear=0
shrinkage=0.05


Tree=14
num_leaves=31
num_cat=2
split_feature=0 5 0 9 5 9 10 1 5 9 6 6 4 9 5 9 1 9 9 4 6 5 5 9 1 9 10 0 6 6
split_gain=56917 15458.4 12564.6 4195.3 3799.86 4704.69 3240.34 1711.31 1671.31 1193.16 1019.39 955.676 917.543 893.099 767.522 724.626 717.975 674.986 650.204 589.295 500.745 491.395 476.781 486.334 448.139 442.699 389.806 382.343 367.704 327.494
threshold=4.5000000000000009 0.25881904510252057 8.5000000000000018 6.104166666666667 1.0000000180025095e-35 4.2708333333333348 0 3.5000000000000004 1.0000000180025095e-35 6.604166666666667 13.500000000000002 6.5000000000000009 0.25881904510252091 2.8958333333333335 0.60355339059327384 2.8125000000000004 6.5000000000000009 4.3958333333333348 2.8125000000000004 -0.60355339059327362 8.5000000000000018 1.0000000180025095e-35 0.1294095225512602 5.2708333333333348 10.500000000000002 9.1041666666666696 1 16.500000000000004 8.5000000000000018 2.5000000000000004
decision_type=2 2 2 8 2 10 1 2 2 10 10 10 2 8 2 8 2 10 10 2 10 2 2 10 2 8 1 2 10 10
left_child=1 6 4 12 5 15 11 -3 10 28 27 21 22 -9 17 -2 -8 -6 -18 -15 29 -1 23 -4 -17 -12 -21 -5 -7 -14
right_child=2 7 3 8 14 9 16 13 -10 -11 25 -13 20 19 -16 24 18 -19 -20 26 -22 -23 -24 -25 -26 -27 -28 -29 -30 -31
leaf_value=0.025270365972591226 -0.0039824217298957644 -0.078170870919369306 0.060119328743528093 0.15218270502182266 -0.012024938394308007 0.065886360252371476 -0.058610233491639241 -0.070599105785470753 0.084707207765990528 0.13930779713893979 0.2097805597414403 0.061905941838426161 0.01790052147523042 -0.016796446528054055 -0.028293214285409787 0.055040283127294393 -0.026025166943116691 0.040378958096644442 0.0022361884267102544 -0.027222844831628547 0.15302951534183751 -0.0069859023297485865 0.0234299499521331 0.10911139891466462 0.022703338839164443 0.31109404206328412 -0.055380598653169494 0.23784163079574602 0.097403085707199702 0.10302558097434172
leaf_weight=4164 1872 10466 1620 1712 1236 3348 1038 3966 615 842 448 1418 126 1833 1899 1529 5009 1222 3428 1694 515 1648 542 737 3580 142 5277 141 1279 1094
leaf_count=4164 1872 10466 1620 1712 1236 3348 1038 3966 615 842 448 1418 126 1833 1899 1529 5009 1222 3428 1694 515 1648 542 737 3580 142 5277 141 1279 1094
internal_value=-5.27174e-06 -0.0368078 0.0599944 0.112923 0.0357705 0.0498348 -0.00012189 -0.0631824 0.158379 0.0845608 0.176926 0.0250685 0.0829269 -0.0508981 -0.00441785 0.0226299 -0.0193497 0.0140278 -0.0145424 -0.0420233 0.111686 0.0161241 0.0657149 0.0754384 0.032381 0.234164 -0.0486566 0.158701 0.0745982 0.094234
internal_weight=64440 39941 24499 7692 16807 12450 16705 23236 3058 5469 2443 7230 4634 12770 4357 6981 9475 2458 8437 8804 1735 5812 2899 2357 5109 590 6971 1853 4627 1220
internal_count=64440 39941 24499 7692 16807 12450 16705 23236 3058 5469 2443 7230 4634 12770 4357 6981 9475 2458 8437 8804 1735 5812 2899 2357 5109 590 6971 1853 4627 1220
cat_boundaries=0 1 2
cat_threshold=28 4
is_linear=0
shrinkage=0.05


Tree=15
num_leaves=31
num_cat=2
split_feature=0 0 5 9 5 9 5 10 5 1 0 9 9 10 5 9 5 9 6 9 1 6 9 5 9 4 9 1 5 9
split_gain=51521.4 15318 8838.6 5183.99 4779.91 4747.91 1832 1469.95 1280.28 1200.57 1076.58 1037.64 1015.61 808.575 660.07 653.507 524.921 518.757 499.404 459.839 403.384 401.1 397.157 378.876 370.862 366.13 362.317 354.924 352.996 412.577
threshold=3.5000000000000004 7.5000000000000009 0.25881904510252057 6.104166666666667 0.60355339059327384 4.0625000000000009 1.0000000180025095e-35 0 0.1294095225512602 3.5000000000000004 13.500000000000002 5.729166666666667 4.6458333333333348 1 1.0000000180025095e-35 2.9791666666666674 1.0000000180025095e-35 9.9375000000000018 5.5000000000000009 8.8958333333333339 11.500000000000002 1.5000000000000002 2.2708333333333335 -0.12940952255126037 5.1458333333333348 -0.37940952255126059 2.0625000000000004 11.500000000000002 0.60355339059327384 8.9791666666666696
decision_type=2 2 2 8 2 8 2 1 2 2 2 10 10 1 2 8 2 10 10 10 2 10 10 2 8 2 10 2 2 10
left_child=2 4 7 8 5 13 10 21 12 -4 19 14 27 23 -7 -11 26 -12 -13 -5 -14 -1 -15 -2 -6 -26 -9 -3 29 -8
right_child=1 3 9 6 24 11 28 16 -10 15 17 18 20 22 -16 -17 -18 -19 -20 -21 -22 -23 -24 -25 25 -27 -28 -29 -30 -31
leaf_value=-0.013294147720794914 0.033853900387722721 0.077236873055705146 -0.075278184918279742 0.13615452591860142 -0.049651132958525843 0.058109062493202225 0.081045777159916232 -0.038701979832576339 0.01487290361237565 -0.067806138199076244 0.20021374927448032 0.059712057857040923 0.12249664968361287 -0.030480286902772609 0.01493579597034018 -0.042520519969457826 -0.049986695935828239 0.34318173179136857 0.10963455297621461 0.21585844694380649 0.084454524144193993 0.020884823842574275 0.0026206347522603705 -0.00095204188652185098 0.0086727092849304497 -0.043581896208715741 -0.0094440961302459173 0.04304293315072099 0.026823654053806961 0.20830686238650986
leaf_weight=1128 3105 1355 10045 1901 1850 4421 457 1390 922 3953 678 810 1137 1134 1107 7227 1457 70 1313 200 1800 3591 4511 1045 734 617 4432 1725 251 74
leaf_count=1128 3105 1355 10045 1901 1850 4421 457 1390 922 3953 678 810 1137 1134 1107 7227 1457 70 1313 200 1800 3591 4511 1045 734 617 4432 1725 251 74
internal_value=-5.64895e-06 0.0461165 -0.043343 0.095068 0.0210564 0.0313613 0.143474 -0.00904159 0.0697384 -0.0627328 0.162081 0.0608745 0.0781456 0.00830817 0.0494635 -0.051461 -0.0231146 0.213593 0.0905873 0.143742 0.0991818 0.012688 -0.00402174 0.0250292 -0.0351074 -0.0151919 -0.0164294 0.058086 0.0756846 0.0987808
internal_weight=64440 31217 33223 10570 20647 17446 3631 11998 6939 21225 2849 7651 6017 9795 5528 11180 7279 748 2123 2101 2937 4719 5645 4150 3201 1351 5822 3080 782 531
internal_count=64440 31217 33223 10570 20647 17446 3631 11998 6939 21225 2849 7651 6017 9795 5528 11180 7279 748 2123 2101 2937 4719 5645 4150 3201 1351 5822 3080 782 531
cat_boundaries=0 1 2
cat_threshold=28 28
is_linear=0
shrinkage=0.05


Tree=16
num_leaves=31
num_cat=4
split_feature=0 5 9 9 5 5 9 1 9 6 9 5 10 1 6 6 6 0 1 1 9 4 10 5 10 1 5 1 10 9
split_gain=46538.9 16567.8 8269.91 3990.11 3854.19 1870.88 1769.57 1761.77 1608.24 1196.07 865.808 793.691 743.185 697.49 694.924 684.553 559.434 552.536 552.479 534.089 438.279 408.943 404.534 397.055 395.035 394.219 364.135 357.394 352.631 343.175
threshold=5.5000000000000009 0.25881904510252057 5.4375000000000009 3.5625000000000004 1.0000000180025095e-35 1.0000000180025095e-35 7.729166666666667 4.5000000000000009 3.5208333333333335 3.5000000000000004 4.104166666666667 0.60355339059327384 0 11.500000000000002 3.5000000000000004 9.5000000000000018 10.500000000000002 14.500000000000002 10.500000000000002 22.500000000000004 8.9791666666666696 -0.78656609248549303 1 0.60355339059327384 2 6.5000000000000009 1.0000000180025095e-35 11.500000000000002 3 4.2708333333333348
decision_type=2 2 8 10 2 2 10 2 10 10 10 2 1 2 10 10 10 2 2 2 10 2 1 2 1 2 2 2 1 10
left_child=1 3 5 12 6 8 15 28 -2 24 21 20 -1 14 -10 -4 22 -8 -17 -12 -6 -9 -11 -7 -5 -26 27 -14 -3 -15
right_child=2 7 4 9 11 23 17 10 13 16 19 -13 26 29 -16 18 -18 -19 -20 -21 -22 -23 -24 -25 25 -27 -28 -29 -30 -31
leaf_value=-0.02659986551815894 0.019648363239035033 -0.060480494736911986 0.098929547510203733 0.040083843136988179 0.062720434654994314 0.010781984830915541 0.16638597496344659 -0.025090924144171328 0.03376874177827225 0.055647693794003451 -0.012117233558994129 0.0038705432991386502 0.019086578897796663 0.032217992080609263 0.096709283978968996 0.20321701908477632 0.10209435465338318 0.24866829268461854 0.12706666213660464 -0.05348351787979342 0.18134277366101742 -0.056876611374297781 0.026495898143337738 -0.038322674268121387 -0.027488604359234906 0.012613628186239779 -0.027225234640794932 -0.0070539338148652396 -0.077895800186819047 0.061933715463533517
leaf_weight=5655 3068 7951 2522 752 928 1482 835 1225 556 2424 3098 715 2202 1586 2076 288 407 270 1377 1043 85 5817 2475 570 913 1864 1167 3219 5362 2508
leaf_count=5655 3068 7951 2522 752 928 1482 835 1225 556 2424 3098 715 2202 1586 2076 288 407 270 1377 1043 85 5817 2475 570 913 1864 1167 3219 5362 2508
internal_value=-5.36662e-06 -0.0273443 0.0660365 0.00515522 0.109039 0.0405527 0.13021 -0.0553091 0.049648 0.030764 -0.0406787 0.0442049 -0.013325 0.0633321 0.0834133 0.115356 0.0457673 0.186491 0.140239 -0.0225362 0.0726739 -0.0513473 0.0410877 -0.0028582 0.00820589 -0.000568817 -0.00188691 0.00356429 -0.0675987 0.050422
internal_weight=64440 45574 18866 21078 7020 11846 5292 24496 9794 8835 11183 1728 12243 6726 2632 4187 5306 1105 1665 4141 1013 7042 4899 2052 3529 2777 6588 5421 13313 4094
internal_count=64440 45574 18866 21078 7020 11846 5292 24496 9794 8835 11183 1728 12243 6726 2632 4187 5306 1105 1665 4141 1013 7042 4899 2052 3529 2777 6588 5421 13313 4094
cat_boundaries=0 1 2 3 4
cat_threshold=2 20 4 28
is_linear=0
shrinkage=0.05


Tree=17
num_leaves=31
num_cat=3
split_feature=0 0 5 5 9 9 5 10 9 1 5 10 6 5 6 9 10 1 6 5 9 1 6 9 4 5 1 9 9 6
split_gain=42343 12718.6 7127.11 4652.91 4578.22 3086 1224.19 1216.98 1031.97 995.271 992.955 929.231 849.129 710.866 679.716 627.338 572.424 520.401 471.993 413.277 412.355 411.731 400.27 359.963 354.766 343.405 328.403 312.788 288.041 272.856
threshold=3.5000000000000004 8.5000000000000018 0.25881904510252057 1.0000000180025095e-35 4.2708333333333348 6.104166666666667 1.0000000180025095e-35 0 6.604166666666667 3.5000000000000004 0.60355339059327384 1 12.500000000000002 -0.12940952255126037 6.5000000000000009 4.3125000000000009 2 10.500000000000002 4.5000000000000009 -0.70710678118654757 2.4375000000000004 11.500000000000002 8.5000000000000018 5.5625000000000009 -0.37940952255126059 1.0000000180025095e-35 6.5000000000000009 3.9375000000000004 9.7291666666666696 13.500000000000002
decision_type=2 2 2 2 10 8 2 1 10 2 2 1 10 2 10 10 1 2 10 2 10 2 10 8 2 2 2 8 10 10
left_child=2 3 7 4 11 13 12 25 22 -4 15 21 19 14 -3 -5 -11 -14 26 -7 -13 -2 -6 -12 -25 27 -9 -1 -8 -10
right_child=1 5 9 10 8 6 28 18 29 16 23 20 17 -15 -16 -17 -18 -19 -20 -21 -22 -23 -24 24 -26 -27 -28 -29 -30 -31
leaf_value=0.0059690860314775968 0.051496082851971485 0.058392187440256017 -0.068127468487348894 -0.012058852686908213 0.054235790456238525 0.1083794591426087 0.061690133749142645 -0.054458715761268477 0.10938791217600159 -0.035594140906937681 -0.042079601977396075 -0.02062981471467246 0.28520490371567359 0.033252731975760029 0.10149239274702676 0.029848906193673721 -0.058585616140370639 0.17713909188456314 0.0033243538580946651 0.15781923013217924 0.010726961612677929 0.020721457300130412 0.084499432759454193 0.017152171512460263 -0.038185825925037636 -0.0093266948385945844 -0.022521588263635126 0.036834356721520113 0.17224468997482101 0.19790280084941805
leaf_weight=1790 1843 1683 10045 1905 4214 855 549 968 850 5946 2207 1419 136 947 2004 1681 5234 616 1533 836 4015 2649 1475 643 527 1413 4778 1516 66 97
leaf_count=1790 1843 1683 10045 1905 4214 855 549 968 850 5946 2207 1419 136 947 2004 1681 5234 616 1533 836 4015 2649 1475 643 527 1413 4778 1516 66 97
internal_value=-5.42988e-06 0.0418071 -0.0392934 0.0235577 0.0379759 0.0976206 0.136607 -0.0084915 0.070127 -0.0567049 -0.0107369 0.0164813 0.152479 0.0718936 0.0818185 0.00758614 -0.046442 0.196683 -0.0212962 0.132822 0.00253399 0.0332737 0.0620823 -0.0301939 -0.00777358 0.0112808 -0.0279019 0.0201227 0.0735545 0.118454
internal_weight=64440 31217 33223 23525 16562 7692 3058 11998 6636 21225 6963 9926 2443 4634 3687 3586 11180 752 7279 1691 5434 4492 5689 3377 1170 4719 5746 3306 615 947
internal_count=64440 31217 33223 23525 16562 7692 3058 11998 6636 21225 6963 9926 2443 4634 3687 3586 11180 752 7279 1691 5434 4492 5689 3377 1170 4719 5746 3306 615 947
cat_boundaries=0 1 2 3
cat_threshold=28 28 28
is_linear=0
shrinkage=0.05


Tree=18
num_leaves=31
num_cat=3
split_feature=0 6 5 5 9 9 5 5 9 1 10 6 1 10 6 1 9 1 9 5 5 9 6 5 9 4 9 0 9 10
split_gain=38215.9 11679.8 6432.84 4095.83 3588.79 3334.3 1955.14 1402.97 1113.1 897.865 817.535 803.174 783.384 752.525 581.129 575.42 533.68 532.941 487.292 458.379 388.916 375.59 371.905 369.33 317.268 273.407 272.174 266.222 265.206 246.109
threshold=3.5000000000000004 7.5000000000000009 0.25881904510252057 0.25881904510252057 4.104166666666667 6.104166666666667 0.1294095225512602 1.0000000180025095e-35 2.8125000000000004 3.5000000000000004 0 16.500000000000004 10.500000000000002 1 2.5000000000000004 11.500000000000002 2.9791666666666674 10.500000000000002 4.979166666666667 -0.70710678118654757 0.60355339059327384 9.6875000000000018 3.5000000000000004 0.91597561503675351 4.104166666666667 -0.60355339059327362 4.104166666666667 1.5000000000000002 9.5208333333333339 2
decision_type=2 10 2 2 10 8 2 2 10 2 1 10 2 1 10 2 8 2 10 2 2 10 10 2 10 2 10 2 10 1
left_child=2 3 8 4 10 7 11 12 -1 -4 -2 17 -3 19 27 -12 -11 -7 -14 -6 21 -8 -15 24 -5 -18 -16 -10 -13 -27
right_child=1 5 9 23 13 6 20 -9 14 16 15 28 18 22 26 -17 25 -19 -20 -21 -22 -23 -24 -25 -26 29 -28 -29 -30 -31
leaf_value=-0.02606237274270028 -0.011512715193824193 0.11542193773302634 -0.064721096382620566 -0.032463938447681175 0.048595779673063132 0.18141444600062115 0.078068677334714967 0.010818156564724414 -0.034215175042064387 -0.058894963787520876 0.036974912524721723 0.20181670335174925 0.048897664571760306 0.021775588221126348 0.0068069032821553134 0.0083379002440824856 -0.013883424780092935 0.12427545247428354 0.085253849112804647 0.093675014643690713 0.02426029477953183 0.23869977759627195 0.053427003040501769 -0.049183117578406245 -0.0012120283148297128 -0.021967808669496013 0.033038503073823354 -0.0015387399343476781 0.32266206623151383 -0.046029011354858998
leaf_weight=5007 2858 931 10045 1490 830 521 544 1066 976 3953 2970 209 2187 1266 2744 4285 1167 1883 1593 1759 389 39 3477 1077 1785 1468 1546 1725 58 4592
leaf_count=5007 2858 931 10045 1490 830 521 544 1066 976 3953 2970 209 2187 1266 2744 4285 1167 1883 1593 1759 389 39 3477 1077 1785 1468 1546 1725 58 4592
internal_value=-5.88932e-06 0.0397168 -0.0373301 0.0196111 0.0304366 0.0862395 0.1237 0.062617 -0.00806693 -0.0538719 0.0111268 0.145796 0.074338 0.0570707 0.00482153 0.0200335 -0.0441241 0.136659 0.0642192 0.0789184 0.0629793 0.0888142 0.044884 -0.0237833 -0.0154305 -0.0360448 0.0162601 -0.0133463 0.228068 -0.0403125
internal_weight=64440 31217 33223 21797 17445 9420 3643 5777 11998 21225 10113 2671 4711 7332 6991 7255 11180 2404 3780 2589 972 583 4743 4352 3275 7227 4290 2701 267 6060
internal_count=64440 31217 33223 21797 17445 9420 3643 5777 11998 21225 10113 2671 4711 7332 6991 7255 11180 2404 3780 2589 972 583 4743 4352 3275 7227 4290 2701 267 6060
cat_boundaries=0 1 2 3
cat_threshold=2 4 4
is_linear=0
shrinkage=0.05


Tree=19
num_leaves=31
num_cat=3
split_feature=0 5 9 5 9 1 9 5 10 9 6 9 6 9 0 0 1 4 10 4 6 1 9 10 1 9 6 1 9 6
split_gain=34654.6 12145.4 6264.44 3150.23 2956.78 2110.5 1911.28 1142.7 1074.63 825.393 668.527 613.16 569.544 559.025 519.353 510.734 437.862 403.37 401.271 394.395 384.13 341.978 321.466 309.37 308.553 305.401 237.175 346.158 225.967 220.371
threshold=5.5000000000000009 1.0000000180025095e-35 4.979166666666667 0.25881904510252057 3.8125000000000004 4.5000000000000009 6.854166666666667 1.0000000180025095e-35 0 3.5208333333333335 16.500000000000004 2.6041666666666674 7.5000000000000009 5.8958333333333348 16.500000000000004 9.5000000000000018 21.500000000000004 -0.78656609248549303 1 -0.78656609248549303 7.5000000000000009 10.500000000000002 8.2291666666666696 2 11.500000000000002 9.6875000000000018 3.5000000000000004 10.500000000000002 2.3958333333333335 14.500000000000002
decision_type=2 2 8 2 10 2 10 2 1 10 10 8 10 10 2 2 2 2 1 2 10 2 10 1 2 10 10 2 10 10
left_child=1 4 7 6 11 23 14 9 13 28 22 24 18 16 20 21 -7 -10 -6 25 -4 -11 -8 -3 -1 -5 -13 -28 -2 -14
right_child=2 5 3 19 12 8 10 -9 17 15 -12 26 29 -15 -16 -17 -18 -19 -20 -21 -22 -23 -24 -25 -26 -27 27 -29 -30 -31
leaf_value=-0.0036255849961642503 -0.013508189687663583 -0.048282061898980655 0.065904123132324674 0.045155803348185884 0.05958724125560147 -0.015923214689622007 0.11548268035426604 -0.0085519323977151594 -0.024155391362047657 0.064006611224105475 0.21494500168013358 -0.0054968788711395227 0.064010185064412126 0.0086427547976542854 0.20014396597260753 0.078793765364786272 -0.043038063644985296 -0.052425492024532672 0.02226850144941666 -0.0013289089841683481 0.093684090580158128 0.03191478312302045 0.15759701052025105 -0.06451195206626649 -0.029627368891766637 0.23955174280064451 0.041704793891810581 0.004875164405274187 0.022714911282779287 0.18616536696882624
leaf_weight=1941 518 5287 2306 533 918 4521 1496 1634 1667 1158 248 3094 1300 1528 93 1144 2220 5191 3487 880 2703 2932 650 8026 2768 21 830 2758 2550 38
leaf_count=1941 518 5287 2306 533 918 4521 1496 1634 1667 1158 248 3094 1300 1528 93 1144 2220 5191 3487 880 2703 2932 650 8026 2768 21 830 2758 2550 38
internal_value=-6.21172e-06 -0.0235976 0.0569828 0.0873743 0.00965711 -0.0436323 0.100363 0.0296685 -0.0308544 0.037191 0.137221 -0.00509108 0.0389095 -0.0186408 0.0830687 0.0492613 -0.0248529 -0.0454874 0.0302315 0.0194764 0.080895 0.0410009 0.128239 -0.0581513 -0.0189097 0.0525246 0.00464731 0.0133948 0.016599 0.0674795
internal_weight=64440 45574 18866 8930 17134 28440 7496 9936 15127 8302 2394 11391 5743 8269 5102 5234 6741 6858 4405 1434 5009 4090 2146 13313 4709 554 6682 3588 3068 1338
internal_count=64440 45574 18866 8930 17134 28440 7496 9936 15127 8302 2394 11391 5743 8269 5102 5234 6741 6858 4405 1434 5009 4090 2146 13313 4709 554 6682 3588 3068 1338
cat_boundaries=0 1 2 3
cat_threshold=28 4 20
is_linear=0
shrinkage=0.05


Tree=20
num_leaves=31
num_cat=3
split_feature=0 0 5 5 9 6 1 10 9 9 5 10 1 4 6 10 9 9 0 9 1 1 5 9 5 9 4 5 6 4
split_gain=31385.5 9703.23 5219.72 3425.63 3362.72 2368.06 987.435 981.009 827.554 789.904 756.133 741.873 738.21 655.802 550.35 484.961 484.863 458.976 449.941 384.059 383.587 326.746 318.384 318.24 300.32 289.608 282.04 268.78 255.2 247.937
threshold=3.5000000000000004 8.5000000000000018 0.25881904510252057 1.0000000180025095e-35 4.2708333333333348 9.5000000000000018 10.500000000000002 0 8.8541666666666696 5.9375000000000009 0.60355339059327384 1 3.5000000000000004 0.37940952255126054 4.5000000000000009 2 3.4375000000000004 2.8958333333333335 15.500000000000002 5.1875000000000009 18.500000000000004 11.500000000000002 -0.70710678118654757 2.4375000000000004 0.60355339059327384 5.5625000000000009 -0.37940952255126059 -0.12940952255126037 8.5000000000000018 -0.60355339059327362
decision_type=2 2 2 2 10 10 2 1 10 10 2 1 2 2 10 1 10 8 2 8 2 2 2 10 2 8 2 2 10 2
left_child=2 3 7 4 11 13 18 -1 20 22 16 21 -4 19 27 -15 -5 -14 -7 -3 -8 -2 -6 -13 -21 -12 -27 -9 -11 -19
right_child=1 5 12 10 9 6 8 14 -10 28 25 23 17 15 -16 -17 -18 29 -20 24 -22 -23 -24 -25 -26 26 -28 -29 -30 -31
leaf_value=0.019296630791731197 0.045237814438022973 0.036186910714529501 -0.058568852811962772 -0.022229293253509648 0.036979060538261714 0.16289492064881109 0.1063493470702889 -0.015508808470756349 0.18148202351148046 0.072649504492132408 -0.037014101888411803 -0.018808014724191587 -0.054308681481304168 0.12929919929164299 0.0069238918234203447 0.065398592684824994 0.018334125736454394 -0.012282099153433715 0.28728215698613208 0.076309063650111197 0.051791963178548034 0.017822602415852144 0.062506609475318817 0.0087389149423587175 -0.0021928627408088599 0.015981773311282404 -0.033359138560136767 -0.036716200103678674 0.11137237570708625 -0.036815142747137826
leaf_weight=2657 1843 1853 10045 1036 2460 397 1656 5043 326 1020 2207 1419 3696 555 2175 832 2550 1233 89 1451 400 2649 2426 4015 133 643 527 2123 730 6251
leaf_count=2657 1843 1853 10045 1036 2460 397 1656 5043 326 1020 2207 1419 3696 555 2175 832 2550 1233 89 1451 400 2649 2426 4015 133 643 527 2123 730 6251
internal_value=-6.14111e-06 0.0359921 -0.0338308 0.0200521 0.0324235 0.0847424 0.120722 -0.0074709 0.10747 0.059978 -0.00937407 0.014002 -0.0487314 0.0633513 -0.0150893 0.0923718 0.0066153 -0.0398927 0.185674 0.0516401 0.0957351 0.0290061 0.049654 0.00154265 0.0697177 -0.026353 -0.00624272 -0.0217917 0.0888025 -0.0327733
internal_weight=64440 31217 33223 23525 16562 7692 2868 11998 2382 6636 6963 9926 21225 4824 9341 1387 3586 11180 486 3437 2056 4492 4886 5434 1584 3377 1170 7166 1750 7484
internal_count=64440 31217 33223 23525 16562 7692 2868 11998 2382 6636 6963 9926 21225 4824 9341 1387 3586 11180 486 3437 2056 4492 4886 5434 1584 3377 1170 7166 1750 7484
cat_boundaries=0 1 2 3
cat_threshold=20 28 4
is_linear=0
shrinkage=0.05


Tree=21
num_leaves=31
num_cat=4
split_feature=0 5 9 5 9 1 9 5 10 0 6 1 5 10 6 9 6 1 5 1 10 4 9 9 6 10 1 6 0 6
split_gain=28354.2 9909.3 5190.34 2641.01 2469.42 1722.04 1649.6 921.206 908.209 754.648 678.305 693.153 599.968 547.844 491.922 487.962 362.892 474.702 361.647 360.53 344.217 340.765 336.128 332.955 287.389 286.35 269.806 347.403 249.361 202.123
threshold=5.5000000000000009 1.0000000180025095e-35 4.8958333333333348 1.0000000180025095e-35 3.8125000000000004 4.5000000000000009 6.604166666666667 1.0000000180025095e-35 0 13.500000000000002 4.5000000000000009 10.500000000000002 0.60355339059327384 1 7.5000000000000009 5.8958333333333348 7.5000000000000009 10.500000000000002 -0.70710678118654757 21.500000000000004 2 -0.78656609248549303 9.9375000000000018 7.8958333333333348 13.500000000000002 3 11.500000000000002 3.5000000000000004 9.5000000000000018 12.500000000000002
decision_type=2 2 8 2 10 2 10 2 1 2 10 2 2 1 10 10 10 2 2 2 1 2 10 10 10 1 2 10 2 10
left_child=1 4 7 6 13 25 16 10 15 24 -2 -12 23 -1 20 19 18 -18 -4 -7 -6 -10 -11 -5 -8 -3 27 -15 -13 -16
right_child=2 5 3 12 14 8 9 -9 21 22 11 28 -14 26 29 -17 17 -19 -20 -21 -22 -23 -24 -25 -26 -27 -28 -29 -30 -31
leaf_value=-0.017253910929346621 0.014398702440544697 -0.03715364658162422 0.036229160122062114 0.040547732445841256 0.054543075699111487 -0.014371848681910111 0.10018271143555556 -0.009533951129053423 -0.021741879165438863 0.15967617499409245 0.076737004178365917 0.026696860488134272 -0.0017741267784858147 0.0026449729148857008 0.056019924158319523 0.0088196192568787309 0.13416348348298479 0.07754412325714527 0.07761832692470623 -0.038976044384573867 0.019992887806487895 -0.047725694461821101 0.27584202545029773 0.10815849281500914 0.1497211333117551 -0.05625038253128456 -0.0036614693114507082 0.039906912613819102 0.059569053442812429 0.12535358460701029
leaf_weight=4958 3142 2625 914 1132 918 4521 1549 1558 1667 564 1225 2903 873 1605 1223 1528 458 1931 1249 2220 3487 5191 70 217 361 10688 3803 1025 720 115
leaf_count=4958 3142 2625 914 1132 918 4521 1549 1558 1667 564 1225 2903 873 1605 1223 1528 458 1931 1249 2220 3487 5191 70 217 361 10688 3803 1025 720 115
internal_value=-4.17382e-06 -0.0213436 0.0515448 0.0780923 0.00869423 -0.0394402 0.0929879 0.0256368 -0.027898 0.125235 0.0324949 0.0442231 0.0305228 -0.0047838 0.0354273 -0.0166718 0.0749656 0.0883987 0.0601289 -0.0224747 0.0273623 -0.0413494 0.172502 0.0514236 0.109546 -0.0525551 0.00484638 0.0171672 0.0332296 0.0619791
internal_weight=64440 45574 18866 9318 17134 28440 7096 9548 15127 2544 7990 4848 2222 11391 5743 8269 4552 2389 2163 6741 4405 6858 634 1349 1910 13313 6433 2630 3623 1338
internal_count=64440 45574 18866 9318 17134 28440 7096 9548 15127 2544 7990 4848 2222 11391 5743 8269 4552 2389 2163 6741 4405 6858 634 1349 1910 13313 6433 2630 3623 1338
cat_boundaries=0 1 2 3 4
cat_threshold=28 2 4 4
is_linear=0
shrinkage=0.05


Tree=22
num_leaves=31
num_cat=3
split_feature=0 6 5 5 9 0 5 6 10 9 5 10 1 1 5 6 1 9 1 9 8 5 4 9 0 10 9 0 9 9
split_gain=25780.9 8129.93 4232.94 2741.9 2446.18 2343.21 994.381 832.132 824.028 793.651 628.465 607.955 607.256 597.381 511.557 467.629 430.502 400.109 365.49 321.6 280.298 275.035 255.331 240.812 238.778 232.908 230.258 223.003 216.511 209.526
threshold=3.5000000000000004 7.5000000000000009 0.25881904510252057 0.25881904510252057 4.104166666666667 10.500000000000002 0.1294095225512602 16.500000000000004 0 5.2708333333333348 -0.70710678118654757 1 3.5000000000000004 10.500000000000002 1.0000000180025095e-35 4.5000000000000009 11.500000000000002 2.6458333333333335 10.500000000000002 8.2291666666666696 13.500000000000002 0.91597561503675351 -0.78656609248549303 4.104166666666667 1.5000000000000002 2 5.8958333333333348 10.500000000000002 6.979166666666667 6.229166666666667
decision_type=2 10 2 2 10 2 2 10 1 8 2 1 2 2 2 10 2 8 2 10 8 2 2 10 2 1 8 2 8 8
left_child=2 3 8 4 11 6 9 13 26 18 27 -2 -4 20 -12 24 -13 -14 -3 -15 -7 23 -19 -5 -10 -24 -1 -6 -11 -8
right_child=1 5 12 21 10 7 29 -9 15 28 14 16 17 19 -16 -17 -18 22 -20 -21 -22 -23 25 -25 -26 -27 -28 -29 -30 -31
leaf_value=0.011226666868990643 -0.01075682025731065 0.08601367513179202 -0.05300117884225302 -0.027289056399166775 0.021826683886187664 0.13398567375740519 0.0083690507206412561 0.19806810085599133 -0.032247766885106846 0.078858004348273558 0.065575356238355281 0.031096662746051325 -0.052119938527596082 0.080238017096026959 0.021798541419506212 0.0063867368598805804 0.0063268425635441428 0.0014155087904888005 0.040313708317331394 0.13569504039450772 0.23218503466315485 -0.041576173723832696 -0.015708980998344505 -6.1886865658364689e-05 -0.013235168014874878 -0.037378317558499713 0.051266857776268618 0.063270161727743496 0.1126010741206637 0.044904694210275937
leaf_weight=2229 2858 541 10045 1490 2335 396 1022 253 2581 1680 3811 2970 2880 1537 809 2175 4285 583 2287 315 89 1077 1619 1785 4585 6098 428 377 663 637
leaf_count=2229 2858 541 10045 1490 2335 396 1022 253 2581 1680 3811 2970 2880 1537 809 2175 4285 583 2287 315 89 1077 1619 1785 4585 6098 428 377 663 637
internal_value=-4.24533e-06 0.0326219 -0.0306604 0.0158476 0.024705 0.0714361 0.0560797 0.111932 -0.00692258 0.0668859 0.0466941 0.00876269 -0.0440789 0.102607 0.0579097 -0.0139048 0.0164443 -0.0360623 0.0490562 0.0896705 0.152006 -0.0196573 -0.0304905 -0.0124492 -0.020083 -0.032901 0.0176102 0.0275878 0.0884063 0.0223975
internal_weight=64440 31217 33223 21797 17445 9420 6830 2590 11998 5171 7332 10113 21225 2337 4620 9341 7255 11180 2828 1852 485 4352 8300 3275 7166 7717 2657 2712 2343 1659
internal_count=64440 31217 33223 21797 17445 9420 6830 2590 11998 5171 7332 10113 21225 2337 4620 9341 7255 11180 2828 1852 485 4352 8300 3275 7166 7717 2657 2712 2343 1659
cat_boundaries=0 1 2 3
cat_threshold=20 2 4
is_linear=0
shrinkage=0.05


Tree=23
num_leaves=31
num_cat=2
split_feature=5 9 0 9 9 5 9 0 6 1 0 1 1 9 6 10 9 6 9 6 4 1 9 5 6 6 6 5 10 0
split_gain=23275.9 10704.2 3546.12 2394.88 1973.84 1406.72 978.106 762.768 742.102 709.53 576.497 540.492 495.234 429.607 419.438 408.8 345.774 340.536 336.011 335.344 304.348 297.589 292.264 269.501 229.251 229.104 228.898 227.289 225.349 210.275
threshold=1.0000000180025095e-35 4.8958333333333348 2.5000000000000004 3.1875000000000004 6.604166666666667 0.60355339059327384 5.8125000000000009 13.500000000000002 5.5000000000000009 11.500000000000002 8.5000000000000018 3.5000000000000004 10.500000000000002 5.854166666666667 3.5000000000000004 0 3.3541666666666674 13.500000000000002 2.1458333333333335 15.500000000000002 -0.37940952255126059 11.500000000000002 9.9375000000000018 -0.70710678118654757 3.5000000000000004 9.5000000000000018 3.5000000000000004 -0.78656609248549325 1 13.500000000000002
decision_type=2 10 2 8 10 2 10 2 10 2 2 2 2 10 10 1 10 10 10 10 2 2 10 2 10 10 10 2 1 2
left_child=1 3 11 12 10 6 16 17 23 25 26 -2 14 -7 -1 -13 -4 -6 -14 -8 -15 29 -9 -5 -25 -10 -3 -28 -17 -12
right_child=2 4 5 8 7 13 19 22 9 -11 21 15 18 20 -16 28 -18 -19 -20 -21 -22 -23 -24 24 -26 -27 27 -29 -30 -31
leaf_value=-0.00269793881933106 -0.051953119388651485 0.023520416781846094 -0.021233043788599248 0.0041015944010295256 0.08717661649198466 -0.034254568949501039 0.039197783295842246 0.14567645586406192 0.057332939698669566 0.027616735429536507 0.090438006683131497 -0.051488474545472562 -0.03392930871971752 0.018299537464383543 0.034663901325087239 -0.011457811360169348 0.0069940599641516018 0.1389684323417513 -0.0078824175357646679 0.14236887718240421 -0.025415508698428003 0.06543468862725009 0.25399778102125442 0.013640014062857087 0.037139586419457082 0.10269366890594776 0.038545720461435597 0.065173002071084549 -0.03346351689231146 0.15286328162133964
leaf_weight=2383 9111 766 1637 2947 1926 4346 1263 564 1424 3646 720 2950 1627 784 1097 1457 3217 380 5181 84 809 1467 70 2401 1828 346 1392 1889 6562 166
leaf_count=2383 9111 766 1637 2947 1926 4346 1263 564 1424 3646 720 2950 1627 784 1097 1457 3217 380 5181 84 809 1467 70 2401 1828 346 1392 1889 6562 166
internal_value=-4.52847e-06 0.0300455 -0.0300546 0.0116324 0.0751519 -0.00872137 0.00793536 0.109065 0.0262542 0.0402261 0.059573 -0.0429523 -0.00626406 -0.0261129 0.00907963 -0.035476 -0.00252546 0.0957113 -0.0141072 0.0456316 -0.00390101 0.0792534 0.157636 0.0157091 0.0237978 0.0662001 0.0481305 0.0538761 -0.0294845 0.102134
internal_weight=64440 32220 32220 22880 9340 12140 6201 2940 12592 5416 6400 20080 10288 5939 3480 10969 4854 2306 6808 1347 1593 2353 634 7176 4229 1770 4047 3281 8019 886
internal_count=64440 32220 32220 22880 9340 12140 6201 2940 12592 5416 6400 20080 10288 5939 3480 10969 4854 2306 6808 1347 1593 2353 634 7176 4229 1770 4047 3281 8019 886
cat_boundaries=0 1 2
cat_threshold=2 4
is_linear=0
shrinkage=0.05


Tree=24
num_leaves=31
num_cat=3
split_feature=0 5 10 10 6 0 5 6 5 1 5 9 1 9 1 6 6 1 6 6 0 9 9 5 4 1 6 9 5 10
split_gain=21259.8 7258.1 4001.9 1902.19 1750.4 1337.52 1227.75 1213.87 719.293 668.914 581.484 560.492 558.511 552.885 375.752 363.731 331.816 325.296 318.937 316.884 285.101 282.482 281.787 273.408 268.799 256.151 254.151 239.368 217.996 215.185
threshold=5.5000000000000009 1.0000000180025095e-35 0 1 11.500000000000002 1.5000000000000002 0.1294095225512602 4.5000000000000009 0.60355339059327384 10.500000000000002 -0.12940952255126037 5.2708333333333348 10.500000000000002 4.0625000000000009 10.500000000000002 5.5000000000000009 1.5000000000000002 15.500000000000002 10.500000000000002 18.500000000000004 14.500000000000002 5.979166666666667 2.7708333333333335 0.60355339059327384 -0.37940952255126059 3.5000000000000004 4.5000000000000009 2.0625000000000004 -0.78656609248549325 2
decision_type=2 2 1 1 10 2 2 10 2 2 2 10 2 10 2 10 10 2 10 10 2 8 8 2 2 2 10 8 2 1
left_child=1 3 4 13 6 25 9 23 16 26 11 14 20 -1 -9 27 -7 -11 28 -14 -6 -10 -18 29 -23 -3 -2 -5 -15 -4
right_child=2 5 7 15 12 8 -8 10 21 17 -12 -13 19 18 -16 -17 22 -19 -20 -21 -22 24 -24 -25 -26 -27 -28 -29 -30 -31
leaf_value=0.012508948033781218 0.074190548107034029 -0.051606031914026587 0.020328148137168996 -0.02874377921060646 0.16269460040458805 -0.024951613549769866 0.015390625283759627 0.062063716446364076 -0.036732912367681218 0.045443333300856766 0.017350972212774794 0.071406910830303774 0.10330416301572887 0.0169493697417668 0.029001242801036789 0.013440564803938855 -0.026836362934438807 0.082810026999938779 0.092188256208978178 0.18724245915263893 0.28835159079922784 0.026914304082295788 0.0068652263681017196 -0.038600323954929738 -0.024345926635112067 -0.038193410354472226 0.11982442164141893 -0.0076795024927339669 0.043741492129267492 -0.0034259080049432698
leaf_weight=3926 464 7012 2148 1737 166 2221 1070 1168 6909 1460 2232 1716 1119 1108 3252 1653 792 969 265 125 62 335 2860 315 1081 7230 891 6033 2412 1709
leaf_count=3926 464 7012 2148 1737 166 2221 1070 1168 6909 1460 2232 1716 1119 1108 3252 1653 792 969 265 125 62 335 2860 315 1081 7230 891 6033 2412 1709
internal_value=-5.05004e-06 -0.018483 0.0446315 0.00722442 0.0770413 -0.0339707 0.0626795 0.0281979 -0.0231108 0.0760513 0.0392046 0.047154 0.124924 0.0256216 0.0377381 -0.00784916 -0.0097118 0.06035 0.0392904 0.111738 0.196864 -0.0325633 -0.000443552 0.00618886 -0.0122187 -0.0447971 0.104198 -0.0123885 0.0353081 0.00984677
internal_weight=64440 45574 18866 17134 6326 28440 4854 12540 14198 3784 8368 6136 1472 7711 4420 9423 5873 2429 3785 1244 228 8325 3652 4172 1416 14242 1355 7770 3520 3857
internal_count=64440 45574 18866 17134 6326 28440 4854 12540 14198 3784 8368 6136 1472 7711 4420 9423 5873 2429 3785 1244 228 8325 3652 4172 1416 14242 1355 7770 3520 3857
cat_boundaries=0 1 2 3
cat_threshold=4 28 24
is_linear=0
shrinkage=0.05


Tree=25
num_leaves=31
num_cat=5
split_feature=0 0 5 9 5 9 0 10 4 5 6 1 10 6 10 6 10 9 1 5 6 4 9 9 9 8 9 10 9 4
split_gain=19275.6 6221.54 3058.44 2004.64 1750.12 1845.22 750.117 648.6 646.577 536.766 502.528 441.851 376.704 365.758 358.195 347.505 334.628 330.78 301.317 278.676 241.422 218.35 209.947 195.029 193.723 188.241 184.877 180.466 176.358 184.373
threshold=3.5000000000000004 7.5000000000000009 0.25881904510252057 6.104166666666667 0.60355339059327384 3.9791666666666674 15.500000000000002 0 0.25881904510252091 1.0000000180025095e-35 10.500000000000002 3.5000000000000004 1 2.5000000000000004 2 5.5000000000000009 3 8.8958333333333339 10.500000000000002 0.1294095225512602 6.5000000000000009 -0.78656609248549303 2.7708333333333335 2.2708333333333335 5.8958333333333348 10.500000000000002 7.2708333333333348 4 4.4375000000000009 -0.37940952255126059
decision_type=2 2 2 8 2 8 2 1 2 2 10 2 1 10 1 10 1 10 2 2 10 2 10 10 8 8 8 1 8 2
left_child=2 4 7 8 5 14 9 24 19 17 12 -4 -7 -9 -2 -10 -13 -5 -8 20 -3 -18 -15 -16 -1 -20 -12 -23 -6 -30
right_child=1 3 11 6 28 10 18 13 15 -11 26 16 -14 22 23 -17 21 -19 25 -21 -22 27 -24 -25 -26 -27 -28 -29 29 -31
leaf_value=0.0095732527435913907 0.015009625500081121 0.024650812600241993 -0.04552908837177428 0.085887819357802972 -0.035562123136626815 0.040979283952809205 0.22597325078266511 -0.022950781058457017 0.041721735759062406 0.043168728649381156 0.06245572950850127 -0.046256215254927208 0.01744921057764879 -0.015408432304811637 -0.023321944553626048 0.079644354401211787 0.0026195787346932481 0.14561539228761058 0.093555790852501486 0.007713842926111639 0.050876507632662986 -0.013226488076978102 0.0055792960713874932 -4.8920821910553396e-05 0.046299773139583174 0.16831065728687322 0.12857898062140477 -0.032211900408762782 0.0016548104710153351 -0.030236446412843995
leaf_weight=2229 3861 1648 10045 2208 1342 4319 102 4434 1027 723 752 2765 2891 2038 1134 1467 616 259 183 920 1877 1630 2869 4366 428 156 123 6169 1076 783
leaf_count=2229 3861 1648 10045 2208 1342 4319 102 4434 1027 723 752 2765 2891 2038 1134 1467 616 259 183 920 1877 1630 2869 4366 428 156 123 6169 1076 783
internal_value=-4.66653e-06 0.0282064 -0.0265124 0.0594035 0.0122354 0.0184709 0.0895049 -0.00633473 0.0436523 0.0810551 0.035968 -0.0379183 0.0316254 -0.0125291 0.00335879 0.0640283 -0.0310802 0.0921584 0.150627 0.0322197 0.0386155 -0.0260077 -0.00313743 -0.0048386 0.0154312 0.127956 0.0717508 -0.0283022 -0.0217491 -0.0117776
internal_weight=64440 31217 33223 10570 20647 17446 3631 11998 6939 3190 8085 21225 7210 9341 9361 2494 11180 2467 441 4445 3525 8415 4907 5500 2657 339 875 7799 3201 1859
internal_count=64440 31217 33223 10570 20647 17446 3631 11998 6939 3190 8085 21225 7210 9341 9361 2494 11180 2467 441 4445 3525 8415 4907 5500 2657 339 875 7799 3201 1859
cat_boundaries=0 1 2 3 4 5
cat_threshold=20 20 28 2 4
is_linear=0
shrinkage=0.05


Tree=26
num_leaves=31
num_cat=5
split_feature=0 6 5 5 0 10 5 9 10 1 9 1 1 10 6 5 1 10 9 9 9 10 9 9 5 0 1 1 9 9
split_gain=17397.9 5722.76 2771.78 1874.11 1652.87 1646.22 770.817 723.424 684.536 610.354 546.342 537.483 528.193 441.198 426.4 361.723 309.135 250.072 247.376 236.77 232.367 218.102 211.522 202.76 207.3 201.051 199.071 197.367 196.06 161.74
threshold=3.5000000000000004 7.5000000000000009 1.0000000180025095e-35 1.0000000180025095e-35 11.500000000000002 0 0.1294095225512602 6.0208333333333348 1 4.5000000000000009 3.4375000000000004 10.500000000000002 10.500000000000002 2 17.500000000000004 0.60355339059327384 11.500000000000002 3 4.104166666666667 3.1875000000000004 3.3958333333333335 4 8.8541666666666696 6.9375000000000009 0.60355339059327384 15.500000000000002 10.500000000000002 22.500000000000004 8.8958333333333339 2.0625000000000004
decision_type=2 10 2 2 2 1 2 8 1 2 10 2 2 1 10 2 2 1 10 10 10 1 10 8 2 2 2 2 8 10
left_child=2 3 10 5 6 8 7 16 11 21 26 -2 25 -11 22 20 -3 -15 -10 -7 -5 -4 -14 -8 -25 -6 -1 -19 -9 -28
right_child=1 4 9 15 12 19 23 28 18 13 -12 -13 14 17 -16 -17 -18 27 -20 -21 -22 -23 -24 24 -26 -27 29 -29 -30 -31
leaf_value=0.0017764785950990184 0.081647899363430268 0.066667643850126176 -0.035879824960980786 -0.019140916738414723 0.12964572463856988 -0.0069087975959181841 0.0099381972835222102 0.080178918757491696 0.017161193173035844 -0.042123644753350648 0.015160242992506335 0.036597108377686503 0.071847700325593455 -0.0016005068819972303 0.17404234741151764 -0.023177068922362647 0.036854499515834228 -0.019859847045276314 0.036009270851439047 0.013177663669044963 0.010475778381998426 -0.049603912664494668 0.13022747616011524 0.083803990227276609 0.017833716782091821 0.20837131449625945 -0.035594167230638664 -0.041744176880235295 0.14278611742261357 -0.011606846437895869
leaf_weight=2109 1179 1269 7412 964 281 3557 1308 1553 3583 3018 3142 1510 1209 1560 130 3005 2762 5591 3386 2497 2116 5251 178 219 261 114 922 1263 136 2955
leaf_count=2109 1179 1269 7412 964 281 3557 1308 1553 3583 3018 3142 1510 1209 1560 130 3005 2762 5591 3386 2497 2116 5251 178 219 261 114 922 1263 136 2955
internal_value=-4.57474e-06 0.0267973 -0.0251881 0.0127237 0.0593622 0.0218477 0.0487929 0.05775 0.0346442 -0.0340771 -0.00172392 0.056141 0.100865 -0.0257018 0.0874554 -0.0108352 0.04624 -0.0197379 0.0262811 0.00137369 0.00120614 -0.0416383 0.0793398 0.0201381 0.0479327 0.152367 -0.0105863 -0.0238577 0.0852201 -0.0173113
internal_weight=64440 31217 33223 21797 9420 15712 7508 5720 9658 24095 9128 2689 1912 11432 1517 6085 4031 8414 6969 6054 3080 12663 1387 1788 480 395 5986 6854 1689 3877
internal_count=64440 31217 33223 21797 9420 15712 7508 5720 9658 24095 9128 2689 1912 11432 1517 6085 4031 8414 6969 6054 3080 12663 1387 1788 480 395 5986 6854 1689 3877
cat_boundaries=0 1 2 3 4 5
cat_threshold=28 4 2 4 28
is_linear=0
shrinkage=0.05


Tree=27
num_leaves=31
num_cat=3
split_feature=6 5 0 10 6 5 4 9 10 1 0 1 6 9 6 9 0 5 5 5 0 4 9 0 8 9 9 0 10 0
split_gain=15899.4 5933.18 3307.09 1913.74 1093.57 1077.6 724.497 721.59 686.764 590.78 508.221 448.749 427.845 345.18 322.665 316.716 315.173 284.274 271.041 260.077 238.339 216.403 287.268 197.762 199.744 196.555 186.679 178.553 168.731 163.537
threshold=5.5000000000000009 0.25881904510252057 7.5000000000000009 0 12.500000000000002 1.0000000180025095e-35 0.37940952255126054 4.8958333333333348 1 10.500000000000002 1.5000000000000002 10.500000000000002 1.5000000000000002 7.5625000000000009 17.500000000000004 6.7708333333333348 2.5000000000000004 -0.78656609248549325 0.60355339059327384 0.1294095225512602 2.5000000000000004 -0.60355339059327362 5.5625000000000009 15.500000000000002 8.5000000000000018 1.8541666666666667 6.3125000000000009 14.500000000000002 2 19.500000000000004
decision_type=10 2 2 1 10 2 2 8 1 2 2 2 10 8 10 10 2 2 2 2 2 2 8 2 8 8 10 2 1 2
left_child=1 3 5 8 6 7 13 9 26 28 -3 27 -10 19 29 17 -5 -9 -12 -4 -14 22 -7 24 -8 -18 -1 -6 -2 -13
right_child=2 10 4 16 11 21 23 15 12 -11 18 14 20 -15 -16 -17 25 -19 -20 -21 -22 -23 -24 -25 -26 -27 -28 -29 -30 -31
leaf_value=0.032577890861286221 0.084595935162427083 -0.040439176938806921 0.04765018490002336 -0.02248813075142865 0.14258095422512168 -0.001526009025474766 0.065358910418597704 0.025751908873820447 -0.013536095339625282 0.01308642191552652 -0.012785457178738319 0.077082382217812329 -0.0051331795461608395 0.082876795906633785 0.15094910975212356 0.09458579617130454 -0.031715411736540522 0.06372445073074294 -0.030584437121137634 0.016952112511218972 0.020138447831331129 -0.01758302728749318 0.038076868767005417 0.16083191001852012 0.10577874406636563 -0.0028230999366715705 0.063822815617027587 0.2447538775865172 0.039319031857136456 0.1997284580554281
leaf_weight=1898 340 12641 3473 4279 143 1913 706 897 1507 4066 2972 928 1119 572 197 416 646 1094 7630 861 5612 1238 602 87 539 6631 639 61 705 28
leaf_count=1898 340 12641 3473 4279 143 1913 706 897 1507 4066 2972 928 1119 572 197 416 646 1094 7630 861 5612 1238 602 87 539 6631 639 61 705 28
internal_value=-5.34849e-06 -0.0159849 0.0385959 0.00242062 0.0640977 0.0214114 0.0552486 0.0323348 0.0175697 0.0217044 -0.0336682 0.104776 0.0105327 0.0463698 0.0926815 0.0549072 -0.0117097 0.0466168 -0.0255949 0.0415517 0.0159371 -0.000470229 0.00795349 0.0879508 0.0828579 -0.00538795 0.0402888 0.173133 0.0552361 0.0806745
internal_weight=64440 45574 18866 22331 7595 11271 6238 7518 10775 5111 23243 1357 8238 4906 1153 2407 11556 1991 10602 4334 6731 3753 2515 1332 1245 7277 2537 204 1045 956
internal_count=64440 45574 18866 22331 7595 11271 6238 7518 10775 5111 23243 1357 8238 4906 1153 2407 11556 1991 10602 4334 6731 3753 2515 1332 1245 7277 2537 204 1045 956
cat_boundaries=0 1 2 3
cat_threshold=28 4 20
is_linear=0
shrinkage=0.05


Tree=28
num_leaves=31
num_cat=3
split_feature=6 5 0 10 6 5 10 4 10 0 1 9 1 6 9 6 0 5 6 0 4 9 5 0 1 9 9 9 8 8
split_gain=14351 5354.7 2983.84 1727.15 986.946 973.05 654.896 653.858 619.804 458.669 433.627 408.675 404.996 386.13 317.775 291.205 284.443 244.615 238.506 231.145 195.304 259.259 193.794 186.154 182.255 180.596 175.105 168.505 163.056 162.379
threshold=5.5000000000000009 0.25881904510252057 7.5000000000000009 0 12.500000000000002 1.0000000180025095e-35 1 0.37940952255126054 2 1.5000000000000002 10.500000000000002 6.7708333333333348 10.500000000000002 1.5000000000000002 6.3125000000000009 17.500000000000004 2.5000000000000004 0.60355339059327384 10.500000000000002 9.5000000000000018 -0.60355339059327362 5.5625000000000009 -0.12940952255126037 18.500000000000004 9.5000000000000018 2.1458333333333335 8.7708333333333339 6.3125000000000009 8.5000000000000018 5.5000000000000009
decision_type=10 2 2 1 10 2 1 2 1 2 2 8 2 10 8 10 2 2 10 2 2 8 2 2 2 8 8 8 10 8
left_child=1 3 5 8 7 6 10 14 27 -3 -2 -12 28 -10 22 -14 -5 -11 24 -15 21 -7 -4 -9 -8 -18 -16 -1 -6 -29
right_child=2 9 4 16 12 20 18 23 13 17 11 -13 15 19 26 -17 25 -19 -20 -21 -22 -23 -24 -25 -26 -27 -28 29 -30 -31
leaf_value=0.03093274327644387 0.081031539707050834 -0.038417218500232109 0.043128120147883184 -0.021363724322860246 0.11366276968730969 -0.0014497085866637201 0.045184007182195562 0.081075592043064693 -0.012859290581262672 -0.01214618430956365 0.030848526793362099 0.095336247223048398 0.076640799997089948 0.012604566348459563 0.056928719901278596 0.14340165433696081 -0.021828411389666718 -0.029055215190280703 0.057001780484137787 0.048996800614564601 -0.016703875852804799 0.036173025290311571 0.016708132529540728 0.22456672664569771 0.010101236820695879 -0.0014055656047761134 0.11034897117985876 0.031087880100434024 0.20380107331697062 0.082055596416600235
leaf_weight=1896 745 12641 2403 4279 89 1913 415 1309 1507 2972 2304 275 956 6262 1354 197 1323 7630 350 469 1238 602 976 23 3429 5954 173 270 115 371
leaf_count=1896 745 12641 2403 4279 89 1913 415 1309 1507 2972 2304 275 956 6262 1354 197 1323 7630 350 469 1238 602 976 23 3429 5954 173 270 115 371
internal_value=-4.11968e-06 -0.0151856 0.0366694 0.00229959 0.0608928 0.0203463 0.0307263 0.0524862 0.0166913 -0.0319848 0.0472888 0.0377249 0.0995371 0.0100061 0.0440513 0.0880475 -0.0111243 -0.0243152 0.0174451 0.0151403 -0.000446717 0.00755581 0.0354969 0.0835533 0.0138888 -0.00511856 0.0629809 0.0382744 0.164476 0.0605871
internal_weight=64440 45574 18866 22331 7595 11271 7518 6238 10775 23243 3324 2579 1357 8238 4906 1153 11556 10602 4194 6731 3753 2515 3379 1332 3844 7277 1527 2537 204 641
internal_count=64440 45574 18866 22331 7595 11271 7518 6238 10775 23243 3324 2579 1357 8238 4906 1153 11556 10602 4194 6731 3753 2515 3379 1332 3844 7277 1527 2537 204 641
cat_boundaries=0 1 2 3
cat_threshold=28 20 4
is_linear=0
shrinkage=0.05


Tree=29
num_leaves=31
num_cat=3
split_feature=0 5 10 6 9 0 6 4 1 5 9 1 9 5 6 5 10 6 1 9 10 4 1 6 9 0 5 9 4 1
split_gain=13046.6 4455.38 2664.34 1215.12 1190.4 846.868 748.399 712.639 687.085 409.151 393.58 342.389 315.713 308.744 301.81 295.325 290.824 243.087 234.235 233.02 228.17 217.954 211.36 220.644 204.566 196.967 190.449 186.763 176.71 165.825
threshold=5.5000000000000009 1.0000000180025095e-35 0 9.5000000000000018 3.8125000000000004 1.5000000000000002 4.5000000000000009 0.37940952255126054 11.500000000000002 0.60355339059327384 4.8125000000000009 10.500000000000002 9.1041666666666696 0.60355339059327384 9.5000000000000018 0.37940952255126048 1 1.5000000000000002 18.500000000000004 6.0625000000000009 2 -0.78656609248549303 11.500000000000002 3.5000000000000004 2.7708333333333335 11.500000000000002 1.0000000180025095e-35 2.8958333333333335 -0.37940952255126059 3.5000000000000004
decision_type=2 2 1 10 10 2 10 2 2 2 10 2 8 2 10 2 1 10 2 8 1 2 2 10 8 2 2 10 2 2
left_child=1 4 3 7 16 27 26 13 25 17 11 -8 18 -2 20 -12 -1 -7 -10 -11 -6 -14 23 -18 -19 -5 -4 -3 -21 -29
right_child=2 5 6 8 14 9 10 -9 12 19 15 -13 21 -15 -16 -17 22 24 -20 28 -22 -23 -24 -25 -26 -27 -28 29 -30 -31
leaf_value=-0.012780982603578815 0.036937361854586792 -0.042975556558309799 0.0094389721088098399 0.10530779334541876 0.030973676634333664 -0.020910487786380778 0.046992688179681344 0.075811557157527021 0.075885045428948625 -0.028760150135263868 0.048460513360939178 0.013797146523707629 0.16492930613523285 -0.009653368821239924 0.060549894657720316 0.0082404941346748764 0.0026515701882551335 -0.022421092326175028 0.031544173547764093 0.027389105965133782 0.0099579818183052303 0.078372752477691793 -0.0042101480077827011 0.03234732219211689 0.0062937225788207707 0.16048633322154959 -0.017827648550280833 -0.037427717219688926 -0.015879848409318983 -0.023998238643119545
leaf_weight=4958 2231 5031 3382 320 2627 2221 980 1210 1118 6988 3107 3746 143 423 520 535 1605 792 406 306 2596 148 3803 1025 2860 327 790 4800 1031 4411
leaf_count=4958 2231 5031 3382 320 2627 2221 980 1210 1118 6988 3107 3746 143 423 520 535 1605 792 406 306 2596 148 3803 1025 2860 327 790 4800 1031 4411
internal_value=-3.91367e-06 -0.014479 0.0349632 0.0614053 0.00566235 -0.0266134 0.0215579 0.0440103 0.0889553 -0.017972 0.0301999 0.0206807 0.0731848 0.0295116 0.0242232 0.0425523 -0.00369549 -0.00786645 0.0640725 -0.0251011 0.0206066 0.120907 0.00332152 0.014225 6.64133e-05 0.133196 0.00427583 -0.0352281 -0.00597686 -0.0309966
internal_weight=64440 45574 18866 6326 17134 28440 12540 3864 2462 14198 8368 4726 1815 2654 5743 3642 11391 5873 1524 8325 5223 291 6433 2630 3652 647 4172 14242 1337 9211
internal_count=64440 45574 18866 6326 17134 28440 12540 3864 2462 14198 8368 4726 1815 2654 5743 3642 11391 5873 1524 8325 5223 291 6433 2630 3652 647 4172 14242 1337 9211
cat_boundaries=0 1 2 3
cat_threshold=4 2 20
is_linear=0
shrinkage=0.05


Tree=30
num_leaves=31
num_cat=3
split_feature=6 0 5 5 6 9 10 1 4 5 6 9 1 9 9 9 6 4 4 0 10 8 9 9 5 5 8 0 9 10
split_gain=11908 3297.88 3238.67 1166.83 936.979 884.526 870.266 719.896 640.47 527.035 421.797 350.875 345.935 345.366 258.112 256.799 252.369 240.902 231.39 225.707 214.398 205.096 185.107 170.303 159.612 156.824 208.841 152.314 152.287 148.191
threshold=4.5000000000000009 7.5000000000000009 1.0000000180025095e-35 0.60355339059327384 12.500000000000002 4.8958333333333348 0 10.500000000000002 0.37940952255126054 0.60355339059327384 1.5000000000000002 4.604166666666667 10.500000000000002 6.3125000000000009 6.604166666666667 2.4791666666666674 17.500000000000004 -0.78656609248549303 0.12940952255126045 15.500000000000002 1 6.5000000000000009 2.0625000000000004 2.8541666666666674 0.37940952255126048 -0.70710678118654757 6.5000000000000009 14.500000000000002 5.5208333333333348 2
decision_type=10 2 2 2 10 10 1 2 2 2 10 8 2 8 10 10 10 2 2 2 1 10 10 10 2 2 8 2 8 1
left_child=2 3 6 5 8 7 11 21 13 10 -4 -1 27 24 -7 -9 -14 -15 23 29 -12 -2 -8 -11 -3 -13 -27 -6 -5 -10
right_child=1 4 9 28 12 14 22 15 19 18 20 25 16 17 -16 -17 -18 -19 -20 -21 -22 -23 -24 -25 -26 26 -28 -29 -30 -31
leaf_value=0.0075812875328837188 0.030425682078043716 0.032517697907997987 -0.027152999908980971 -0.022204718262987314 0.12229564971831086 0.035039460722096648 -0.023113668158423376 -0.023472075234218487 0.079625094370936636 -0.037631254711549184 0.016954019221144433 0.0085373091273357894 0.069258333559422736 0.077583210582236065 0.068530224066940704 0.0087151891359236837 0.13140820325895916 0.038845634220977796 -0.039557984169115948 0.1498931051651016 -0.011924773539077498 0.06828124719977495 -0.0049938123562242257 -0.021781545528630621 -0.0025954916446246732 0.025693296605710982 0.063208045750122913 0.21666305622727169 0.00021488701004908231 0.042821951512766965
leaf_weight=4398 1188 3664 5966 1899 143 2847 1805 682 1030 2589 796 511 956 748 721 6781 197 866 7799 90 3184 512 6432 4907 355 942 612 61 1260 499
leaf_count=4398 1188 3664 5966 1899 143 2847 1805 682 1030 2589 796 511 956 748 721 6781 197 866 7799 90 3184 512 6432 4907 355 942 612 61 1260 499
internal_value=-3.49955e-06 0.0274404 -0.016837 0.0139375 0.0523633 0.0206868 0.0018198 0.0124627 0.0452279 -0.0277025 -0.018743 0.0155402 0.090496 0.0372619 0.0418071 0.00577378 0.0798772 0.0567984 -0.0335287 0.0729443 -0.00613638 0.0418269 -0.0089536 -0.0272558 0.0294161 0.0325661 0.0404674 0.150513 -0.0132624 0.068415
internal_weight=64440 24499 39941 15890 8609 12731 14700 9163 7252 25241 9946 6463 1357 5633 3568 7463 1153 1614 15295 1619 3980 1700 8237 7496 4019 2065 1554 204 3159 1529
internal_count=64440 24499 39941 15890 8609 12731 14700 9163 7252 25241 9946 6463 1357 5633 3568 7463 1153 1614 15295 1619 3980 1700 8237 7496 4019 2065 1554 204 3159 1529
cat_boundaries=0 1 2 3
cat_threshold=28 4 20
is_linear=0
shrinkage=0.05


Tree=31
num_leaves=31
num_cat=5
split_feature=6 5 0 10 4 6 0 6 9 5 9 5 10 1 10 10 9 0 5 1 5 1 9 6 10 5 0 6 5 1
split_gain=10757.7 3932.44 2241.72 1205.85 1065.68 632.19 614.976 570.725 442.286 430.863 454.31 382.819 311.993 333.486 245.265 228.101 215.062 203.803 203.616 191.7 182.792 177.763 177.432 156.967 149.034 146.561 141.42 140.73 138.755 132.832
threshold=5.5000000000000009 1.0000000180025095e-35 9.5000000000000018 0 0.37940952255126054 11.500000000000002 1.5000000000000002 11.500000000000002 5.354166666666667 0.60355339059327384 4.3958333333333348 0.60355339059327384 1 10.500000000000002 2 3 8.0208333333333339 17.500000000000004 -0.70710678118654757 11.500000000000002 -0.12940952255126037 18.500000000000004 2.0625000000000004 3.5000000000000004 4 -0.60355339059327384 13.500000000000002 8.5000000000000018 -0.70710678118654757 10.500000000000002
decision_type=10 2 2 1 2 10 2 10 10 2 10 2 1 2 1 1 8 2 2 2 2 2 10 10 1 2 2 10 2 2
left_child=1 3 4 8 5 9 24 16 18 10 -2 15 13 -9 -6 -8 20 -18 19 -1 25 -15 -5 -20 -3 -4 -10 -16 29 -24
right_child=2 6 7 22 14 -7 11 12 26 -11 -12 -13 -14 21 27 -17 17 -19 23 -21 -22 -23 28 -25 -26 -27 -28 -29 -30 -31
leaf_value=0.021869265411740571 0.0064882832430846419 -0.041297038120061781 0.046077444758673196 -0.020849603440232952 0.081229280758386632 0.051134934328625786 0.00030811374438604146 0.16957095333758523 0.039299049828860066 -0.0080441678172038077 0.029016328216990375 -0.024910640125892211 0.047915464113204576 0.1043274706466171 0.034747119898285696 -0.020061627380736885 0.077186313313230892 0.21450618242224057 0.011546054496964546 -0.0060957139412148552 0.023201612580030298 0.046055532685231146 0.010011904033067072 0.031022791003638073 -0.02931080289296566 0.076837432133525965 0.11756699510539573 0.069423960651389879 0.0019812952771765687 -0.015914049196706349
leaf_weight=892 4633 3755 1599 1948 618 1181 3457 170 1515 2049 4329 7630 399 648 1229 2275 272 30 2395 1958 650 164 597 1821 10071 511 60 384 4335 2865
leaf_count=892 4633 3755 1599 1948 618 1181 3457 170 1515 2049 4329 7630 399 648 1229 2275 272 30 2395 1958 650 164 597 1821 10071 511 60 384 4335 2865
internal_value=-2.33543e-06 -0.0131465 0.0317497 0.00471373 0.0221836 0.0163697 -0.0252246 0.0628032 0.0182995 0.0126409 0.0173702 -0.0175753 0.0894872 0.104823 0.0539556 -0.00781099 0.0507683 0.0908274 0.0129801 0.00265683 0.0463851 0.0925583 -0.00734421 0.0199586 -0.0326172 0.0535269 0.0422807 0.0427375 -0.00397944 -0.0114433
internal_weight=64440 45574 18866 18386 14423 12192 27188 4443 8641 11011 8962 13362 1381 982 2231 5732 3062 302 7066 2850 2760 812 9745 4216 13826 2110 1575 1613 7797 3462
internal_count=64440 45574 18866 18386 14423 12192 27188 4443 8641 11011 8962 13362 1381 982 2231 5732 3062 302 7066 2850 2760 812 9745 4216 13826 2110 1575 1613 7797 3462
cat_boundaries=0 1 2 3 4 5
cat_threshold=28 4 4 28 2
is_linear=0
shrinkage=0.05


Tree=32
num_leaves=31
num_cat=2
split_feature=0 0 5 6 5 6 9 4 10 9 5 9 1 5 10 1 0 4 9 9 1 6 0 9 1 5 1 5 0 8
split_gain=9822.46 3349.87 1469.8 1424.24 678.216 640.996 602.309 553.097 405.663 362.721 321.867 312.641 312.236 286.333 282.145 274.209 256.198 189.918 187.249 184.468 176.792 167.502 165.665 150.986 148.405 148.048 147.344 146.831 140.836 139.024
threshold=3.5000000000000004 9.5000000000000018 1.0000000180025095e-35 6.5000000000000009 0.37940952255126048 11.500000000000002 3.3958333333333335 0.37940952255126054 0 5.104166666666667 -0.70710678118654757 2.8125000000000004 4.5000000000000009 0.37940952255126048 1 10.500000000000002 12.500000000000002 -0.37940952255126059 7.8958333333333348 7.979166666666667 11.500000000000002 2.5000000000000004 19.500000000000004 2.3541666666666674 10.500000000000002 0.1294095225512602 11.500000000000002 0.1294095225512602 17.500000000000004 9.5000000000000018
decision_type=2 2 2 10 2 10 10 2 1 8 2 10 2 2 1 2 2 2 10 8 2 10 2 10 2 2 2 2 2 10
left_child=2 3 11 4 6 16 24 9 12 27 -8 20 -4 -11 -7 -16 21 23 -14 26 -1 -3 -17 -10 -2 -23 -18 -5 -21 -13
right_child=1 5 8 7 -6 14 10 -9 17 13 -12 29 18 -15 15 22 19 -19 -20 28 -22 25 -24 -25 -26 -27 -28 -29 -30 -31
leaf_value=0.00027639816793110361 0.0085818359598285234 -0.020639877747266722 -0.026272782012140474 0.018916492464929557 -0.014946234772647983 0.042138294632371662 0.0049009258351309848 0.060303049928728994 -0.036125901104681488 0.04537148520025687 0.025636691444318949 0.0039409982510830721 -0.01243615584196049 0.012835132111503901 0.15611572973853485 0.08172800666678913 0.080161683074377266 -0.036366479517258098 0.038161863113324486 0.090411558058420743 -0.021018304810739359 0.04522498701941291 0.17069662689464168 -0.011646343150662975 -0.0086870790256631646 0.013737519163228656 0.04087863561872454 -0.0045518476167031264 0.20306196599784823 0.034301650623291186
leaf_weight=1656 1845 117 7412 2893 3590 352 2923 1244 1020 2390 5202 4693 5618 943 176 797 420 8209 189 121 2369 2432 56 1647 3820 441 553 866 36 410
leaf_count=1656 1845 117 7412 2893 3590 352 2923 1244 1020 2390 5202 4693 5618 943 176 797 420 8209 189 121 2369 2432 56 1647 3820 441 553 866 36 410
internal_value=-1.91772e-06 0.0201365 -0.0189244 0.0125611 0.00441193 0.0555501 0.00945151 0.0295516 -0.0253974 0.0241575 0.0181769 -0.00183785 -0.0194563 0.036166 0.0850302 0.0983374 0.0456685 -0.0325705 -0.0107893 0.0659503 -0.0122571 0.0380035 0.0875689 -0.0210086 -0.00306287 0.0403917 0.0578353 0.0135098 0.116242 0.00638032
internal_weight=64440 31217 33223 25716 17380 5501 13790 8336 24095 7092 8125 9128 13219 3333 1381 1029 4120 10876 5807 1130 4025 2990 853 2667 5665 2873 973 3759 157 5103
internal_count=64440 31217 33223 25716 17380 5501 13790 8336 24095 7092 8125 9128 13219 3333 1381 1029 4120 10876 5807 1130 4025 2990 853 2667 5665 2873 973 3759 157 5103
cat_boundaries=0 1 2
cat_threshold=28 24
is_linear=0
shrinkage=0.05


Tree=33
num_leaves=31
num_cat=5
split_feature=6 0 5 5 10 0 10 4 1 10 9 10 4 10 9 1 6 5 9 6 9 1 1 1 6 0 8 9 4 9
split_gain=8940.23 2443.44 2374.11 898.96 772.905 731.164 630.969 453.394 372.811 368.137 344.607 340.252 300.535 298.913 292.456 225.151 210.492 206.306 208.986 200.691 193.468 179.431 178.261 166.56 157.487 149.08 142.044 138.508 133.214 130.809
threshold=4.5000000000000009 7.5000000000000009 0.25881904510252057 1.0000000180025095e-35 0 15.500000000000002 1 0.25881904510252091 10.500000000000002 2 6.3125000000000009 3 -0.78656609248549303 4 6.6875000000000009 10.500000000000002 1.5000000000000002 0.78656609248549303 4.4375000000000009 10.500000000000002 1.6458333333333337 4.5000000000000009 8.5000000000000018 6.5000000000000009 9.5000000000000018 2.5000000000000004 7.5000000000000009 7.3958333333333348 -0.37940952255126059 10.187500000000002
decision_type=10 2 2 2 1 2 1 2 2 1 8 1 2 1 10 2 10 2 8 10 10 2 2 2 10 2 8 8 2 10
left_child=2 3 4 6 11 7 8 10 -2 24 -3 -1 -12 21 -10 -7 -13 18 -5 22 -6 -4 -8 -22 -9 -18 -11 -19 -15 -17
right_child=1 5 13 17 20 15 19 9 14 26 12 16 -14 28 -16 29 25 27 -20 -21 23 -23 -24 -25 -26 -27 -28 -29 -30 -31
leaf_value=0.028409116337381565 0.062189248183650084 0.024297424954370022 -0.025199530192725767 -0.00803365188321227 -0.036344733259432174 0.1559145217302485 0.045207572952691483 0.065796597134650761 0.022438471805585267 0.028143549880799774 0.069915691166664767 -0.011976680093798379 0.03069750380492435 -0.021827324151103111 0.073411400733778304 0.073460712756805963 -0.0087281845802678597 -0.02293188824061251 0.016310295155102222 0.047373753668806917 -0.028082256644294135 -0.012597697199965794 0.0062931556981312758 -0.006507869510306687 0.10460854730894996 0.013519600695452627 0.060212456030280519 0.011770481602409212 -0.035698863207929282 0.1695805855602838
leaf_weight=1903 1019 3609 7559 1916 688 138 311 616 2869 819 980 1507 974 2265 312 383 926 1655 1633 350 1004 4510 5477 8211 454 4030 597 348 7338 39
leaf_count=1903 1019 3609 7559 1916 688 138 311 616 2869 819 980 1507 974 2265 312 383 926 1655 1633 350 1004 4510 5477 8211 454 4030 597 348 7338 39
internal_value=-1.49484e-06 0.023778 -0.0145873 0.0121551 -0.00131022 0.0452307 0.0208705 0.0413872 0.0357841 0.0591389 0.0334543 0.00987339 0.0503668 -0.0257796 0.027438 0.100474 0.00438017 -0.00407311 0.00316772 0.0105901 -0.0107572 -0.0204735 0.0083841 -0.00885846 0.0815028 0.00936273 0.041372 -0.0169027 -0.0323933 0.0823438
internal_weight=64440 24499 39941 15890 18269 8609 10338 8049 4200 2486 5563 8366 1954 21672 3181 560 6463 5552 3549 6138 9903 12069 5788 9215 1070 4956 1416 2003 9603 422
internal_count=64440 24499 39941 15890 18269 8609 10338 8049 4200 2486 5563 8366 1954 21672 3181 560 6463 5552 3549 6138 9903 12069 5788 9215 1070 4956 1416 2003 9603 422
cat_boundaries=0 1 2 3 4 5
cat_threshold=28 20 4 4 28
is_linear=0
shrinkage=0.05


Tree=34
num_leaves=31
num_cat=2
split_feature=8 0 0 6 9 4 5 4 5 6 0 9 10 4 5 5 0 6 6 4 8 2 9 6 10 6 4 8 1 0
split_gain=8147.9 3041.18 1293.03 935.197 800.055 486.927 475.564 443.051 425.858 353.805 350.166 324.997 268.168 266.619 266.168 229.64 226.09 214.97 186.402 191.486 164.316 197.873 162.87 154.219 146.15 146.143 142.01 112.538 110.797 104.77
threshold=3.5000000000000004 7.5000000000000009 2.5000000000000004 5.5000000000000009 7.229166666666667 0.37940952255126054 0.60355339059327384 0.37940952255126054 -0.12940952255126037 13.500000000000002 13.500000000000002 2.8958333333333335 0 -0.78656609248549303 -0.70710678118654757 0.60355339059327384 2.5000000000000004 1.5000000000000002 16.500000000000004 0.37940952255126054 10.500000000000002 4.5000000000000009 4.104166666666667 1.5000000000000002 1 1.5000000000000002 -0.78656609248549303 13.500000000000002 17.500000000000004 7.5000000000000009
decision_type=8 2 2 10 10 2 2 2 2 10 2 10 1 2 2 2 2 10 10 2 10 2 10 10 1 10 2 10 2 2
left_child=2 3 15 7 8 9 12 11 10 22 14 -2 17 -13 -3 25 -9 -4 19 26 -20 -22 -5 -18 -7 -1 -6 -12 -11 -14
right_child=1 4 6 5 18 24 -8 16 -10 28 27 13 29 -15 -16 -17 23 -19 20 -21 21 -23 -24 -25 -26 -27 -28 -29 -30 -31
leaf_value=-0.024701623845510352 -0.018605021943789466 0.028874526558488198 -0.013077297738889951 0.0043690551566719178 0.07589161034710816 0.079406255984042509 -0.020327661474546059 -0.002226029354273038 0.012568006094954932 0.10286806091206853 0.070374744033230657 0.014237536470831483 -0.0095503975385567205 -0.0068844857029253873 0.052399722542226912 -0.030215833518127927 0.00055401084887649955 0.015341413610967265 0.079296301003463951 0.097802138649229264 0.090688775796839538 0.23358329762518407 0.020526535961348361 0.026479291151314144 0.038733562075925113 -0.011372594011481852 0.040304252355802012 0.13686741823713258 0.033677787365097751 0.015307923721304455
leaf_weight=5122 3198 3251 821 2515 511 331 3700 1641 1609 148 496 2367 4405 4051 1908 11261 744 3512 137 370 47 50 4106 2505 940 3436 621 73 95 469
leaf_count=5122 3198 3251 821 2515 511 331 3700 1641 1609 148 496 2367 4405 4051 1908 11261 744 3512 137 370 47 50 4106 2505 940 3436 621 73 95 469
internal_value=-1.19973e-06 0.0180596 -0.0175035 0.00825806 0.0425185 0.0218277 -0.00518787 0.000648162 0.0352963 0.0165638 0.0416807 -0.00558316 0.000896329 0.000905453 0.0375751 -0.0255239 0.0129018 0.00993382 0.0730423 0.0665755 0.114552 0.164346 0.0143891 0.0205426 0.0502552 -0.0193501 0.0563689 0.0789054 0.0758184 -0.00714375
internal_weight=64440 31714 32726 22641 9073 8135 12907 14506 7337 6864 5728 9616 9207 6418 5159 19819 4890 4333 1736 1502 234 97 6621 3249 1271 8558 1132 569 243 4874
internal_count=64440 31714 32726 22641 9073 8135 12907 14506 7337 6864 5728 9616 9207 6418 5159 19819 4890 4333 1736 1502 234 97 6621 3249 1271 8558 1132 569 243 4874
cat_boundaries=0 1 2
cat_threshold=28 4
is_linear=0
shrinkage=0.05


Tree=35
num_leaves=31
num_cat=4
split_feature=5 9 4 10 6 9 10 6 1 5 6 6 9 0 9 4 10 9 9 4 7 10 1 9 9 5 1 4 9 5
split_gain=7394.59 3734.22 1111.77 855.539 784.595 637.882 510.991 470.266 513.52 421.443 344.326 323.144 231.876 226.081 213.826 207.425 202.26 195.128 152.205 149.167 144.622 144.202 143.937 126.774 124.449 124.37 139.578 113.544 106.04 133.176
threshold=1.0000000180025095e-35 4.8958333333333348 -0.60355339059327362 0 12.500000000000002 4.0625000000000009 1 4.5000000000000009 11.500000000000002 -0.70710678118654757 2.5000000000000004 7.5000000000000009 6.8125000000000009 14.500000000000002 6.6458333333333348 0.91597561503675362 2 10.687500000000002 2.2708333333333335 0.91597561503675362 6.5000000000000009 3 11.500000000000002 10.47916666666667 7.3958333333333348 -0.70710678118654757 11.500000000000002 -0.37940952255126059 7.3125000000000009 -0.78656609248549325
decision_type=2 10 2 1 10 10 1 10 2 2 10 10 10 2 10 2 1 10 10 2 10 1 2 10 8 2 2 2 10 2
left_child=1 3 5 -1 9 18 15 25 21 11 -11 -3 -7 28 -12 24 -8 -15 -2 27 -10 -9 -13 -14 -4 26 -5 -18 -6 -30
right_child=2 4 6 7 13 12 16 8 20 10 14 22 23 17 -16 -17 19 -19 -20 -21 -22 -23 -24 -25 -26 -27 -28 -29 29 -31
leaf_value=-0.0094319430293838269 -0.031957443368207251 0.008336747377375801 -0.01834678284783503 0.011344279491564078 0.056126904565709859 0.0086473204605174419 -0.034883490980060702 0.066523241532159508 0.01665468424541185 0.010389333178227565 0.046177677194119887 0.056433072180741221 0.036392174999743142 0.10606446643340797 0.072440758341198785 0.011661980379705823 -0.013364018504651283 0.24545458222606353 -0.0089170570939895531 -0.013454647118470015 -0.0015146725559248714 0.032805763035484464 0.029073099394235413 0.13991701838470275 0.0029969889029742135 0.008623750529348162 -0.010942554067935215 -0.027701658523851504 0.064195376214817065 0.12303007657672944
leaf_weight=6409 900 1578 2862 1025 618 2961 4833 387 3835 521 2688 715 642 243 1089 1074 1611 28 3521 3222 1533 2458 1467 31 897 5000 2233 9666 225 168
leaf_count=6409 900 1578 2862 1025 618 2961 4833 387 3835 521 2688 715 642 243 1089 1074 1611 28 3521 3222 1533 2458 1467 31 897 5000 2233 9666 225 168
internal_value=-2.23081e-07 0.0169373 -0.0169377 0.00606168 0.043579 -0.000850743 -0.0223 0.0120888 0.0205678 0.0377987 0.0484938 0.0255732 0.0146687 0.0799109 0.05375 -0.00770085 -0.0259324 0.120466 -0.0136075 -0.0229268 0.0114659 0.0377414 0.0380384 0.0411608 -0.0132536 0.00367061 -0.00393089 -0.0256534 0.06904 0.0893461
internal_weight=64440 32220 32220 22880 9340 8055 24165 16471 8213 8058 4298 3760 3634 1282 3777 4833 19332 271 4421 14499 5368 2845 2182 673 3759 8258 3258 11277 1011 393
internal_count=64440 32220 32220 22880 9340 8055 24165 16471 8213 8058 4298 3760 3634 1282 3777 4833 19332 271 4421 14499 5368 2845 2182 673 3759 8258 3258 11277 1011 393
cat_boundaries=0 1 2 3 4
cat_threshold=2 4 2 4
is_linear=0
shrinkage=0.05


Tree=36
num_leaves=31
num_cat=4
split_feature=8 0 0 6 6 4 10 5 1 6 4 4 10 9 9 10 5 6 10 0 7 4 9 4 1 6 6 0 6 1
split_gain=6746.71 2516.09 1057.47 772.205 664.914 518.256 412.931 384.971 368.334 349.186 321.264 309.448 221.113 214.612 196.474 195.663 184.716 181.576 169.781 163.669 163.156 159.838 150.723 129.463 252.231 121.332 120.302 110.638 106.388 99.5815
threshold=3.5000000000000004 7.5000000000000009 2.5000000000000004 4.5000000000000009 9.5000000000000018 0.37940952255126054 0 0.60355339059327384 11.500000000000002 11.500000000000002 0.37940952255126054 0.37940952255126054 1 2.8541666666666674 9.1041666666666696 2 0.60355339059327384 1.5000000000000002 3 2.5000000000000004 12.500000000000002 -0.78656609248549303 3.9375000000000004 -0.78656609248549303 17.500000000000004 1.5000000000000002 8.5000000000000018 15.500000000000002 1.5000000000000002 22.500000000000004
decision_type=8 2 2 10 10 2 1 2 2 10 2 2 1 10 10 1 2 10 1 2 10 2 10 2 2 10 10 2 10 2
left_child=2 3 16 11 10 9 8 12 27 22 23 13 17 -2 -10 -12 25 -4 -7 -13 -8 -15 -5 24 -3 -1 -17 -6 -21 -9
right_child=1 4 7 5 6 18 20 29 14 -11 15 19 -14 21 -16 26 -18 -19 -20 28 -22 -23 -24 -25 -26 -27 -28 -29 -30 -31
leaf_value=-0.022518405065787589 -0.018845828284179141 0.050896927824177811 -0.012256994972121195 0.0012713741167648368 0.09394392458712382 0.068115195620970681 0.038279987423928512 -0.014253677745028141 0.049049557504468787 0.048133286674859915 0.060119071563477677 -0.0037257711660237079 -0.006615023910266817 0.011162512949136396 0.097692949498185938 0.016139614773680502 -0.027387381802550723 0.01386131183122884 0.031812244910796615 0.00042330011598996182 -0.034853236945118847 -0.0080132596270188206 0.014927856257566272 0.013648737392977638 0.014966014374363654 -0.010373407682196639 0.10047287411744828 0.14705671955871077 0.022549043239374431 -0.034597397767926356
leaf_weight=5122 2691 885 821 3359 442 451 1090 2944 1136 628 1078 1550 4874 1691 254 524 11261 3512 1402 744 82 3041 5070 2320 1090 3436 46 126 2014 756
leaf_count=5122 2691 885 821 3359 442 451 1090 2944 1136 628 1078 1550 4874 1691 254 524 11261 3512 1402 744 82 3041 5070 2320 1090 3436 46 126 2014 756
internal_value=2.14927e-07 0.0164348 -0.0159262 0.00751953 0.0386823 0.0170946 0.0573335 -0.00478874 0.0714363 0.0121655 0.0288592 -0.00138546 0.000685365 -0.00757196 0.0579383 0.0476265 -0.0231794 0.00889199 0.0411873 0.00927432 0.0328826 -0.00116072 0.00948568 0.0216582 0.0310667 -0.0176422 0.0225498 0.105726 0.0165804 -0.0184104
internal_weight=64440 31714 32726 22641 9073 10910 3130 12907 1958 9057 5943 11731 9207 7423 1390 1648 19819 4333 1853 4308 1172 4732 8429 4295 1975 8558 570 568 2758 3700
internal_count=64440 31714 32726 22641 9073 10910 3130 12907 1958 9057 5943 11731 9207 7423 1390 1648 19819 4333 1853 4308 1172 4732 8429 4295 1975 8558 570 568 2758 3700
cat_boundaries=0 1 2 3 4
cat_threshold=4 28 20 4
is_linear=0
shrinkage=0.05


Tree=37
num_leaves=31
num_cat=4
split_feature=5 9 9 4 0 9 10 6 1 10 1 1 10 6 5 9 6 9 9 7 10 4 1 9 4 6 9 1 1 5
split_gain=6130.17 3126.15 939.355 893.25 527.212 526.762 441.653 376.004 399.572 299.958 288.066 247.955 201.636 196.782 208.58 193.141 190.777 186.626 184.445 217.093 177.668 177.085 138.439 130.397 123.911 121.891 124.65 123.7 114.452 111.418
threshold=1.0000000180025095e-35 5.3125000000000009 3.4375000000000004 -0.60355339059327362 13.500000000000002 4.0625000000000009 0 3.5000000000000004 11.500000000000002 1 10.500000000000002 15.500000000000002 2 9.5000000000000018 -0.70710678118654757 6.8125000000000009 2.5000000000000004 10.687500000000002 2.4375000000000004 5.5000000000000009 3 0.91597561503675362 15.500000000000002 2.2708333333333335 0.91597561503675362 18.500000000000004 8.6041666666666696 9.5000000000000018 15.500000000000002 -0.70710678118654757
decision_type=2 10 8 2 2 10 1 10 2 1 2 2 1 10 2 10 10 10 10 10 1 2 2 10 2 10 10 2 2 2
left_child=1 2 10 5 9 23 21 28 12 13 16 -10 -9 14 -3 -7 -1 25 -12 -20 -8 -5 -11 -2 -22 27 -27 -6 -4 -15
right_child=3 4 7 6 17 15 20 8 11 22 18 -13 -14 29 -16 -17 -18 -19 19 -21 24 -23 -24 -25 -26 26 -28 -29 -30 -31
leaf_value=-0.0029406860170831141 -0.029577643418115463 0.020528601223427784 -0.0029855834596553793 -0.011786694860063052 0.11684908250823987 0.0076070475016770294 -0.031986907355458213 0.061531796607568523 0.0057366738244458504 0.020374800911609967 -0.018468123786665611 0.025867336700146688 0.029315939581776803 0.053805920844007864 0.052417831490682937 0.037280800258934522 0.018438793760088879 0.17921882149246005 0.0034478876211076672 -0.019195695950269608 -0.02327392722865165 0.011234660760553301 0.046968208740439193 -0.0082515963765811603 -0.01215572121588821 0.22951822429895402 0.074577626958489421 0.062127686071195481 0.021662987690140207 0.08407859982260156
leaf_weight=2040 900 843 2543 3759 121 2961 4833 618 3662 2069 2830 2627 2703 874 1309 673 2136 45 3906 1452 11277 1074 641 3521 3222 25 27 705 578 466
leaf_count=2040 900 843 2543 3759 121 2961 4833 618 3662 2069 2830 2627 2703 874 1309 673 2136 45 3906 1452 11277 1074 641 3521 3222 25 27 705 578 466
internal_value=1.39469e-06 0.015423 0.00712425 -0.0154202 0.0446519 -0.00100053 -0.0202267 0.0166575 0.0215544 0.039405 -0.00269195 0.0141455 0.0355845 0.0491512 0.0399259 0.0131025 0.0079948 0.0799081 -0.00814234 -0.00268845 -0.0236035 -0.00665706 0.0265669 -0.012593 -0.0207889 0.0748181 0.149068 0.0701438 0.00157926 0.0643336
internal_weight=64440 32220 25095 32220 7125 8055 24165 12731 9610 6202 12364 6289 3321 3492 2152 3634 4176 923 8188 5358 19332 4833 2710 4421 14499 878 52 826 3121 1340
internal_count=64440 32220 25095 32220 7125 8055 24165 12731 9610 6202 12364 6289 3321 3492 2152 3634 4176 923 8188 5358 19332 4833 2710 4421 14499 878 52 826 3121 1340
cat_boundaries=0 1 2 3 4
cat_threshold=4 4 4 2
is_linear=0
shrinkage=0.05


Tree=38
num_leaves=31
num_cat=1
split_feature=8 0 0 9 5 4 9 6 5 6 9 4 0 6 8 10 8 5 7 9 6 8 5 1 9 9 2 8 1 6
split_gain=5619.18 1752.34 1420.82 761.822 505.155 489.546 387.038 373.415 310.338 290.939 231.952 206.029 199.343 188.131 175.982 154.948 153.625 150.063 147.85 172.811 128.261 127.463 127.057 123.402 122.92 113.562 106.871 165.318 107.928 106.422
threshold=4.5000000000000009 10.500000000000002 2.5000000000000004 5.5208333333333348 0.60355339059327384 0.25881904510252091 3.8541666666666674 3.5000000000000004 1.0000000180025095e-35 15.500000000000002 3.6041666666666674 -0.78656609248549303 17.500000000000004 2.5000000000000004 1.5000000000000002 0 14.500000000000002 -0.37940952255126015 8.5000000000000018 6.604166666666667 7.5000000000000009 12.500000000000002 0.60355339059327384 11.500000000000002 2.2291666666666674 8.2291666666666696 4.5000000000000009 9.5000000000000018 10.500000000000002 15.500000000000002
decision_type=8 2 2 10 2 2 10 10 2 10 10 2 2 10 10 1 10 2 10 8 10 8 2 2 10 10 2 10 2 10
left_child=2 3 13 5 6 10 24 -7 17 12 -2 -12 18 22 -8 -9 25 -5 19 -3 -16 -19 -1 -20 -4 -14 28 -28 -11 -10
right_child=1 9 4 8 -6 7 14 15 29 26 11 -13 16 -15 20 -17 -18 21 23 -21 -22 -23 -24 -25 -26 -27 27 -29 -30 -31
leaf_value=-0.018273248534595731 -0.0060255620391379619 0.046213570623884349 -0.017068117862488911 0.033213756538812068 -0.01585800587280168 0.0050616885184450455 -0.0064932509908561895 0.044850403879734005 0.010563330311082935 0.14973029466611998 0.017683468665646861 -2.4912264713128809e-05 0.048730124628425325 -0.012653587038020692 0.012355778986686832 0.021975385045914439 0.22188233499941618 0.048660202426307433 0.050958452148453494 0.087154734229230368 0.030667803505580207 0.10054548581441243 -0.027242803012548424 0.01863492612247368 -0.0006106845076162096 0.14567366176001403 0.071942690802471981 0.17685517043243221 0.051771251836439949 0.093135643247514971
leaf_weight=7260 4772 1217 1384 2579 4419 2264 895 1315 1595 35 3151 3431 88 5832 3255 1876 23 665 494 327 1354 144 8655 734 6296 46 70 81 143 40
leaf_count=7260 4772 1217 1384 2579 4419 2264 895 1315 1595 35 3151 3431 88 5832 3255 1876 23 665 494 327 1354 144 8655 734 6296 46 70 81 143 40
internal_value=1.7817e-06 0.0184924 -0.011788 0.0133878 -0.00122779 0.00828206 0.00367595 0.0205925 0.0304738 0.0526982 0.00236755 0.00845262 0.0476905 -0.020336 0.0137956 0.0316115 0.1025 0.0391074 0.0445862 0.0548844 0.0177354 0.0578957 -0.0231511 0.031638 -0.00357645 0.0820092 0.09728 0.12822 0.0710329 0.0125834
internal_weight=64440 25090 39350 21832 17603 16809 13184 5455 5023 3258 11354 6582 2929 21747 5504 3191 157 3388 2772 1544 4609 809 15915 1228 7680 134 329 151 178 1635
internal_count=64440 25090 39350 21832 17603 16809 13184 5455 5023 3258 11354 6582 2929 21747 5504 3191 157 3388 2772 1544 4609 809 15915 1228 7680 134 329 151 178 1635
cat_boundaries=0 1
cat_threshold=20
is_linear=0
shrinkage=0.05


Tree=39
num_leaves=31
num_cat=4
split_feature=6 5 0 10 4 6 10 6 5 9 9 1 4 10 9 6 10 9 6 8 7 9 8 2 9 2 5 5 0 9
split_gain=5131.56 1753.06 1069.41 692.623 625.647 378.375 307.757 295.688 251.779 259.982 234.059 211.027 177.988 175.951 172.838 172.408 164.015 156.197 138.953 138.415 134.271 117.522 113.199 135.216 123.682 114.479 109.597 107.062 101.339 98.3747
threshold=5.5000000000000009 0.25881904510252057 10.500000000000002 0 0.37940952255126054 11.500000000000002 1 16.500000000000004 0.60355339059327384 4.104166666666667 2.7708333333333335 17.500000000000004 -0.37940952255126059 2 1.6458333333333337 1.5000000000000002 3 7.354166666666667 9.5000000000000018 4.5000000000000009 4.5000000000000009 7.8958333333333348 10.500000000000002 4.5000000000000009 7.4375000000000009 1.5000000000000002 -0.78656609248549325 -0.12940952255126037 3.5000000000000004 8.6041666666666696
decision_type=10 2 2 1 2 10 1 10 2 10 10 2 2 1 10 10 1 10 10 8 8 10 10 2 10 2 2 2 2 10
left_child=1 3 4 6 5 8 21 11 9 -2 -3 13 -12 18 -5 -8 28 -14 -4 -16 -17 -1 24 25 -9 -24 -26 -7 -6 -23
right_child=2 10 7 14 16 27 15 22 -10 -11 12 -13 17 -15 19 20 -18 -19 -20 -21 -22 29 23 -25 26 -27 -28 -29 -30 -31
leaf_value=0.022171445789422935 0.0028661309622835499 -0.027042743390757996 0.043553110132143052 -0.031477763814487643 0.015880714636847114 0.04772828412261141 -0.0099445392673540994 0.14399513786747342 -0.0065142519072995233 0.019511909399588138 -0.0052834998298413966 0.020010669418092659 -0.019662184897771835 0.033895377345476305 -0.010124801894593544 0.017137597559071599 0.024920667030855461 0.00098252485685754415 0.077017703987811867 0.0017468109520219037 0.0028085985620474852 0.10122815533593466 0.16834988324818287 0.19468111374105018 -0.026778776802726695 0.01818728298569719 0.080153392233392781 0.018914735039867896 0.057332593393165647 0.031080627918913306
leaf_weight=2334 3993 6161 512 710 169 862 1507 42 2084 5686 3320 721 12775 990 7090 2798 1138 987 787 3756 3933 89 22 54 37 30 68 515 1156 114
leaf_count=2334 3993 6161 512 710 169 862 1507 42 2084 5686 3320 721 12775 990 7090 2798 1138 987 787 3756 3933 89 22 54 37 30 68 515 1156 114
internal_value=2.21111e-06 -0.00907596 0.0219321 0.000928683 0.0164882 0.0121535 0.0100428 0.0479634 0.00925049 0.0126448 -0.018688 0.0435997 -0.0156747 0.0510299 -0.00757159 0.00533594 0.039614 -0.0181816 0.06334 -0.00601363 0.008765 0.0252456 0.0998795 0.139265 0.071479 0.0817176 0.0424725 0.036952 0.0516557 0.061835
internal_weight=64440 45574 18866 22331 15603 13140 10775 3263 11763 9679 23243 3010 17082 2289 11556 8238 2463 13762 1299 10846 6731 2537 253 106 147 52 105 1377 1325 203
internal_count=64440 45574 18866 22331 15603 13140 10775 3263 11763 9679 23243 3010 17082 2289 11556 8238 2463 13762 1299 10846 6731 2537 253 106 147 52 105 1377 1325 203
cat_boundaries=0 1 2 3 4
cat_threshold=28 4 4 20
is_linear=0
shrinkage=0.05


Tree=40
num_leaves=31
num_cat=3
split_feature=8 6 0 6 4 5 10 5 9 4 9 6 5 9 4 5 5 10 4 10 9 6 0 9 5 7 1 2 8 5
split_gain=4651.83 1760.3 762.574 713.834 421.48 331.637 325.735 324.744 322.665 297.629 243.991 212.921 204.167 181.987 200.82 171.276 169.243 167.786 162.94 158.256 140.585 121.513 118.711 111.094 108.911 105.642 98.939 94.0859 92.608 91.2951
threshold=3.5000000000000004 9.5000000000000018 6.5000000000000009 2.5000000000000004 0.25881904510252091 0.1294095225512602 0 0.60355339059327384 8.8541666666666696 0.37940952255126054 3.1875000000000004 1.5000000000000002 0.60355339059327384 5.0625000000000009 -0.78656609248549303 0.1294095225512602 -0.70710678118654757 1 -0.78656609248549303 2 4.229166666666667 1.0000000180025095e-35 11.500000000000002 1.8541666666666667 -0.70710678118654757 10.500000000000002 10.500000000000002 1.0000000180025095e-35 10.500000000000002 -0.12940952255126037
decision_type=8 10 2 10 2 2 1 2 8 2 10 10 2 10 2 2 2 1 2 1 10 10 2 10 2 8 2 2 10 2
left_child=3 2 5 12 8 6 -2 10 15 13 26 -11 21 25 -15 20 -8 22 28 -13 -3 -1 -6 -23 -12 -4 -5 -24 -10 -26
right_child=1 4 9 7 17 -7 16 -9 18 11 24 19 -14 14 -16 -17 -18 -19 -20 -21 -22 23 27 -25 29 -27 -28 -29 -30 -31
leaf_value=-0.021953489562114504 0.027226232126126404 0.00026464476803196346 0.0099835423020936623 0.0068051972312051208 0.064955096497622308 -0.0071341484613011673 -0.0021722716195485387 -0.014033935292857708 0.085616929544298684 -0.024467391262539842 -0.001161387898415948 0.051065309831108456 -0.02435440561447532 0.04024893793251455 0.012237987481040435 0.0092216536281630405 0.010118567385158574 0.043672552886037636 0.046586326519466204 0.02203186242032705 0.03918153783359668 -0.030835882557470447 0.046050941782458776 -0.0080740447743029558 0.024026166972505855 -0.028576645164185777 -0.013224810768599552 0.11891507933287089 0.16335478349298727 0.0068093264988370976
leaf_weight=3297 1780 261 3218 818 351 5605 5361 5127 103 134 1602 1338 9834 1214 1353 900 5865 570 191 805 2093 590 53 5864 1453 188 2503 270 61 1638
leaf_count=3297 1780 261 3218 818 351 5605 5361 5127 103 134 1602 1338 9834 1214 1353 900 5865 570 191 805 2093 590 53 5864 1453 188 2503 270 61 1638
internal_value=2.55692e-06 0.0136492 0.00864212 -0.0132221 0.0413628 0.00303304 0.00741464 -0.00420698 0.0327117 0.0212955 0.00207987 0.0366769 -0.0192709 0.0154319 0.0254851 0.0277737 0.00424527 0.0664607 0.0779751 0.0405002 0.0348666 -0.0141442 0.0838407 -0.0101548 0.00941895 0.00785515 -0.00829119 0.106959 0.114532 0.0149025
internal_weight=64440 31714 26861 32726 4853 18611 13006 13141 3609 8250 8014 2277 19585 5973 2567 3254 11226 1244 355 2143 2354 9751 674 6454 4693 3406 3321 323 164 3091
internal_count=64440 31714 26861 32726 4853 18611 13006 13141 3609 8250 8014 2277 19585 5973 2567 3254 11226 1244 355 2143 2354 9751 674 6454 4693 3406 3321 323 164 3091
cat_boundaries=0 1 2 3
cat_threshold=4 4 20
is_linear=0
shrinkage=0.05


Tree=41
num_leaves=31
num_cat=4
split_feature=6 0 5 5 10 10 1 6 6 10 1 8 5 6 5 9 4 9 9 10 4 6 9 1 9 8 2 9 2 5
split_gain=4265.86 1202.42 1073.11 672.681 489.947 422.952 353.44 295.701 251.081 176.128 171.706 165.455 163.213 161.277 156.741 220.216 147.912 146.742 144.783 138.459 134.288 117.687 108.864 99.159 102.758 98.5465 121.687 113.144 103.364 99.4227
threshold=4.5000000000000009 10.500000000000002 0.37940952255126048 1.0000000180025095e-35 0 1 10.500000000000002 1.5000000000000002 16.500000000000004 2 17.500000000000004 12.500000000000002 -0.70710678118654757 10.500000000000002 -0.60355339059327384 9.8125000000000018 0.12940952255126045 3.9375000000000004 5.1458333333333348 3 -0.37940952255126059 1.5000000000000002 2.0625000000000004 22.500000000000004 3.8125000000000004 10.500000000000002 4.5000000000000009 7.4375000000000009 1.5000000000000002 -0.78656609248549325
decision_type=10 2 2 2 1 1 2 10 10 1 2 8 2 10 2 8 2 10 8 1 2 10 10 2 10 10 2 10 2 2
left_child=2 3 5 4 6 21 -2 -7 10 -9 14 -8 13 -6 19 -16 22 -14 -5 -3 -20 -1 -4 24 -24 27 28 -10 -27 -29
right_child=1 8 16 18 12 7 11 9 25 -11 -12 -13 17 -15 15 -17 -18 -19 20 -21 -22 -23 23 -25 -26 26 -28 29 -30 -31
leaf_value=0.000705097510628706 0.047706424563818309 0.051737381908565229 -0.028901050122807349 -0.0078638401089305161 0.00063297077695069601 -0.013600672296309249 0.017993039356106501 -0.0093989554854248744 0.13436559451123078 0.0036817337770304994 0.018971387820737991 0.046194038744694577 0.0084393684769378495 0.034205873204687702 0.062223907316565123 0.21386834093928339 -0.022656507865385988 0.030771986996523584 0.014310413105361301 0.023698193360276149 -0.010164320524033453 0.024658045871530941 -0.013799477770913768 -0.021693003365431378 2.7395655808372981e-05 0.15598122067749501 0.18082501682694313 -0.028694539134566849 0.013293961336215339 0.073153391275007071
leaf_weight=736 1665 1024 1046 3751 4321 6334 4564 3681 42 8489 759 587 1655 390 565 25 10466 1324 1947 882 787 1691 3428 1860 2210 22 54 37 30 68
leaf_count=736 1665 1024 1046 3751 4321 6334 4564 3681 42 8489 759 587 1655 390 565 25 10466 1324 1947 882 787 1691 3428 1860 2210 22 54 37 30 68
internal_value=3.54633e-06 0.0164295 -0.0100718 0.0119012 0.0178858 -0.00226131 0.0276395 -0.00483673 0.0435259 -0.000279416 0.0397965 0.0212068 0.00919281 0.0034123 0.0461292 0.0686495 -0.0186716 0.018365 -0.00148561 0.039158 0.0072652 0.0173228 -0.0137902 -0.0116822 -0.00837958 0.0915061 0.128254 0.0650074 0.0736616 0.0372641
internal_weight=64440 24499 39941 20991 14506 20931 6816 18504 3508 12170 3255 5151 7690 4711 2496 590 19010 2979 6485 1906 2734 2427 8544 7498 5638 253 106 147 52 105
internal_count=64440 24499 39941 20991 14506 20931 6816 18504 3508 12170 3255 5151 7690 4711 2496 590 19010 2979 6485 1906 2734 2427 8544 7498 5638 253 106 147 52 105
cat_boundaries=0 1 2 3 4
cat_threshold=20 4 2 4
is_linear=0
shrinkage=0.05


Tree=42
num_leaves=31
num_cat=1
split_feature=8 9 0 4 5 6 5 9 9 6 7 5 7 6 10 9 0 8 7 2 0 1 9 5 7 1 9 8 1 9
split_gain=3886.37 1265.31 992.858 474.534 399.786 376.35 345.924 275.619 270.207 233.43 227.54 226.533 239.084 168.46 164.88 156.272 156.093 145.87 128.234 126.598 146.886 111.761 111.267 103.172 101.924 99.2626 94.7938 93.5404 80.6445 83.5602
threshold=4.5000000000000009 6.0208333333333348 2.5000000000000004 0.25881904510252091 1.0000000180025095e-35 3.5000000000000004 0.60355339059327384 3.6041666666666674 3.2291666666666674 13.500000000000002 9.5000000000000018 0.60355339059327384 7.5000000000000009 3.5000000000000004 0 7.5625000000000009 1.0000000180025095e-35 17.500000000000004 2.5000000000000004 4.5000000000000009 19.500000000000004 10.500000000000002 3.0625000000000004 0.60355339059327384 6.5000000000000009 10.500000000000002 8.5208333333333339 13.500000000000002 22.500000000000004 3.8958333333333335
decision_type=8 10 2 2 2 10 2 10 10 10 10 2 10 10 1 10 2 8 10 2 2 2 10 2 10 2 10 10 2 10
left_child=2 3 16 7 9 27 8 24 25 10 15 12 -9 -10 -7 -3 -1 -12 -15 21 -21 -11 -18 -24 -2 -4 -6 -5 29 -8
right_child=1 4 6 5 26 14 28 11 13 19 17 -13 -14 18 -16 -17 22 -19 -20 20 -22 -23 23 -25 -26 -27 -28 -29 -30 -31
leaf_value=-0.023212116112316633 -0.0025631101147183264 0.046589898513727808 0.0040886411621600836 0.00391240969168533 0.0093910305931480011 0.040392212614397849 -0.018939329681951715 0.019447494983920562 -0.00083260031672474687 0.10852832476972439 0.023552385630337007 -0.011749422568180937 0.00048105619927292357 0.035882497132715858 0.019897307285182384 0.089011134792452873 -0.019208168596858505 0.079626726929843433 0.011387456918577746 0.086107978490268952 0.20715063582174481 0.042617391109078952 -0.0040681687702598737 -0.0150780620006826 -0.023685682964144736 -0.01064469987535676 0.041348256961556903 0.085104372621410421 -0.026800991279041866 -0.0033604571158939093
leaf_weight=6822 4160 1143 1702 2429 1249 1951 1460 4694 2878 79 1607 1086 2572 606 2131 268 6194 125 4516 239 28 346 3673 5058 662 3482 285 36 862 2097
leaf_count=6822 4160 1143 1702 2429 1249 1951 1460 4694 2878 79 1607 1086 2572 606 2131 268 6194 125 4516 239 28 346 3673 5058 662 3482 285 36 862 2097
internal_value=3.91001e-06 0.0153814 -0.00980097 0.00952273 0.0369012 0.0205249 -0.000973266 0.00405507 0.00308467 0.0455303 0.039742 0.00955028 0.0127338 0.00884679 0.0298406 0.0546472 -0.0169465 0.0275993 0.0142855 0.0718199 0.0988016 0.0548691 -0.0140826 -0.0104464 -0.00546297 -0.00580748 0.0153283 0.00509817 -0.0130801 -0.00975493
internal_weight=64440 25090 39350 19721 5369 6547 17603 13174 13184 3835 3143 8352 7266 8000 4082 1411 21747 1732 5122 692 267 425 14925 8731 4822 5184 1534 2465 4419 3557
internal_count=64440 25090 39350 19721 5369 6547 17603 13174 13184 3835 3143 8352 7266 8000 4082 1411 21747 1732 5122 692 267 425 14925 8731 4822 5184 1534 2465 4419 3557
cat_boundaries=0 1
cat_threshold=20
is_linear=0
shrinkage=0.05


Tree=43
num_leaves=31
num_cat=3
split_feature=6 5 6 4 10 0 10 5 5 0 6 9 0 5 8 4 9 4 1 10 9 9 5 5 1 6 9 7 5 6
split_gain=3553.92 1198.55 745.116 580.737 448.761 260.174 258.139 237.615 212.596 232.988 187.086 173.285 167.821 150.253 140.045 133.865 276.261 132.665 125.022 122.011 117.174 105.902 103.285 102.339 102.128 99.8196 98.4112 95.4575 93.6541 92.0495
threshold=5.5000000000000009 1.0000000180025095e-35 11.500000000000002 0.37940952255126054 0 8.5000000000000018 1 -0.12940952255126037 -0.70710678118654757 9.5000000000000018 8.5000000000000018 11.22916666666667 1.5000000000000002 -0.70710678118654757 13.500000000000002 -0.60355339059327362 4.3958333333333348 -0.60355339059327362 10.500000000000002 2 7.354166666666667 1.8541666666666667 -0.9159756150367534 -0.70710678118654757 10.500000000000002 17.500000000000004 8.7708333333333339 11.500000000000002 0.1294095225512602 2.5000000000000004
decision_type=10 2 10 2 1 2 1 2 2 2 10 8 2 2 10 2 8 2 2 1 10 10 2 2 2 10 8 10 2 10
left_child=1 4 3 5 8 15 12 11 18 14 19 13 -3 25 -10 16 -2 21 -1 -5 -14 -8 -17 24 -6 -4 28 -25 -7 -11
right_child=2 6 7 10 23 26 17 -9 9 29 -12 -13 20 -15 -16 22 -18 -19 -20 -21 -22 -23 -24 27 -26 -27 -28 -29 -30 -31
leaf_value=0.02202165042224806 -0.00043378785311543218 -0.015644481314420453 0.038387353764317761 0.045899810234052069 0.0060711877572458099 0.024570961081966592 -0.036099794099244603 0.019556319867569644 0.012326037470525278 -0.0048980100302114379 0.056533548536292305 0.18842177146478842 -0.007015126029767383 0.076186326486519906 0.070694701630799536 0.0061950653729422314 0.022031268170931956 -0.022419305901333918 -0.0039411846352235052 0.018845470402973075 0.013445371051822353 -0.0051654574954469092 -0.0089442135162471348 0.00015606925545651572 -0.014182511673434131 0.0823663354427977 0.066466227050404988 -0.078354632253878009 0.0029230644936926796 0.060274024969520348
leaf_weight=560 2665 6948 1320 612 751 2556 319 799 4830 63 735 23 7571 434 105 2552 2813 9494 2696 1456 771 2085 2017 5320 3635 143 120 39 621 387
leaf_count=560 2665 6948 1320 612 751 2556 319 799 4830 63 735 23 7571 434 105 2552 2813 9494 2696 1456 771 2085 2017 5320 3635 143 120 39 621 387
internal_value=4.18229e-06 -0.00755069 0.0182543 0.0141767 0.00230949 0.00983077 -0.0142187 0.0424692 0.0105978 0.0167085 0.034866 0.0520043 -0.00989823 0.0503503 0.0135679 0.00583132 0.0111022 -0.0197459 0.000524168 0.027165 -0.00512409 -0.0092703 -0.000488219 -0.00504557 -0.0107145 0.0426861 0.0220184 -0.000415291 0.0203395 0.0511499
internal_weight=64440 45574 18866 16147 18386 13344 27188 2719 8641 5385 2803 1920 15290 1897 4935 10047 5478 11898 3256 2068 8342 2404 4569 9745 4386 1463 3297 5359 3177 450
internal_count=64440 45574 18866 16147 18386 13344 27188 2719 8641 5385 2803 1920 15290 1897 4935 10047 5478 11898 3256 2068 8342 2404 4569 9745 4386 1463 3297 5359 3177 450
cat_boundaries=0 1 2 3
cat_threshold=28 28 4
is_linear=0
shrinkage=0.05


Tree=44
num_leaves=31
num_cat=1
split_feature=8 6 9 6 5 4 9 5 5 4 5 9 5 1 4 10 5 9 6 5 0 9 7 9 6 2 2 8 1 7
split_gain=3233.77 1234.33 549.473 496.917 389.878 326.305 247.064 245.47 325.467 234.192 212.742 170.6 145.183 141.225 140.611 133.371 123.607 109.9 105.053 101.025 97.9278 96.9424 167.631 96.927 103.984 85.1404 82.7057 80.5364 80.0731 78.6609
threshold=3.5000000000000004 9.5000000000000018 3.6041666666666674 2.5000000000000004 0.60355339059327384 0.25881904510252091 8.8541666666666696 -0.70710678118654757 -0.12940952255126037 0.37940952255126054 0.60355339059327384 3.1875000000000004 0.60355339059327384 11.500000000000002 -0.78656609248549303 0 0.1294095225512602 4.229166666666667 2.5000000000000004 -0.70710678118654757 11.500000000000002 2.8541666666666674 5.5000000000000009 1.8541666666666667 1.0000000180025095e-35 5.5000000000000009 1.0000000180025095e-35 10.500000000000002 10.500000000000002 15.500000000000002
decision_type=8 10 10 10 2 2 8 2 2 2 2 10 2 2 2 1 2 10 10 2 2 10 10 10 10 2 2 10 2 8
left_child=3 2 9 12 7 6 16 13 -9 21 11 28 23 -4 27 20 17 -3 -11 -13 29 -2 -23 -1 -25 -21 -22 -8 -5 -7
right_child=1 5 4 10 -6 15 14 8 -10 18 -12 19 -14 -15 -16 -17 -18 -19 -20 25 26 22 -24 24 -26 -27 -28 -29 -30 -31
leaf_value=-0.027098057462077437 -0.012305420385056951 -0.001911501266005167 0.019008874852238115 0.0064973162731792201 -0.0052550904270082513 0.046872997543966725 0.073579944335647574 0.029281104748681876 0.0093308581173890022 -0.00021448868703173129 -0.01145389990732291 -0.0024648274152165284 -0.020355276789855773 0.0021254305861404133 0.037425991798981449 0.036538521215211249 0.006896133271045983 0.032497145758352018 0.019517869515418222 0.016458625856029717 0.035919383716470792 0.0059961058344241433 -0.01647268201438741 -0.017771503440301706 -0.0062717078655201612 -0.0069413129025825155 0.10423485341861292 0.14607434634607835 -0.011522102352622243 0.12489128691247769
leaf_weight=930 3648 261 1874 818 2531 315 103 5157 3387 1225 5127 1602 9834 3653 191 570 900 2093 1501 2635 53 2683 1202 2957 5864 456 270 61 2503 36
leaf_count=930 3648 261 1874 818 2531 315 103 5157 3387 1225 5127 1602 9834 3653 191 570 900 2093 1501 2635 53 2683 1202 2957 5864 456 270 61 2503 36
internal_value=4.47555e-06 0.0113825 0.00718973 -0.0110217 0.0128113 0.0345894 0.0269775 0.0160609 0.0213725 -0.00190752 -0.00350008 0.00158842 -0.0160686 0.00784998 0.0665849 0.0566725 0.0226565 0.0286821 0.0106506 0.00772525 0.072088 -0.00645198 -0.000955627 -0.0117453 -0.0101267 0.0130065 0.0930252 0.100544 -0.00708371 0.0548749
internal_weight=64440 31714 26861 32726 16602 4853 3609 14071 8544 10259 13141 8014 19585 5527 355 1244 3254 2354 2726 4693 674 7533 3885 9751 8821 3091 323 164 3321 351
internal_count=64440 31714 26861 32726 16602 4853 3609 14071 8544 10259 13141 8014 19585 5527 355 1244 3254 2354 2726 4693 674 7533 3885 9751 8821 3091 323 164 3321 351
cat_boundaries=0 1
cat_threshold=4
is_linear=0
shrinkage=0.05


Tree=45
num_leaves=31
num_cat=4
split_feature=6 0 5 9 5 10 1 6 5 5 6 0 5 5 0 6 9 10 9 7 0 1 10 9 2 1 8 9 10 1
split_gain=2956.05 984.855 634.322 620.428 314.628 317.24 288.893 181.862 174.661 171.382 166.207 149.27 147.462 142.207 133.52 129.58 123.831 120.205 114.203 124.17 103.298 98.1123 97.8981 91.6236 91.3009 88.8448 84.7046 71.59 69.5346 68.5665
threshold=5.5000000000000009 2.5000000000000004 1.0000000180025095e-35 6.604166666666667 0.1294095225512602 0 10.500000000000002 15.500000000000002 -0.70710678118654757 0.60355339059327384 7.5000000000000009 10.500000000000002 -0.9159756150367534 -0.70710678118654757 7.5000000000000009 17.500000000000004 6.7708333333333348 1 9.8125000000000018 9.5000000000000018 1.0000000180025095e-35 11.500000000000002 2 7.354166666666667 5.5000000000000009 15.500000000000002 11.500000000000002 2.1875000000000004 3 22.500000000000004
decision_type=10 2 2 8 2 1 2 10 2 2 10 2 2 2 2 10 8 1 8 10 2 2 1 10 2 2 10 10 1 2
left_child=1 9 3 6 5 13 7 17 15 20 25 12 -7 -3 -15 21 -4 -2 19 -10 -1 -5 -22 27 -12 -8 -18 -6 -11 -29
right_child=2 4 16 8 23 11 10 -9 18 28 24 -13 -14 14 -16 -17 26 -19 -20 -21 22 -23 -24 -25 -26 -27 -28 29 -30 -31
leaf_value=-0.01780245941988378 0.04191271651228401 0.0012993708369108516 -0.0026916468550389366 0.04768720297476732 -0.028203006528995257 -0.010102596474669816 0.00012894015703350306 0.18244570165872576 0.074507754600823969 -0.014410993584638588 0.022071321529411349 0.032636679112147252 0.0036443390749069668 0.021745422432209491 0.054809270509925317 0.08243455647006015 0.011598509224261975 0.019329860408262973 0.1163841761558889 0.039195636648903881 -0.014473074212477897 0.017932960134756936 -0.003103495339227806 0.01487059383667267 0.0022369343211400415 0.015636428679441705 0.05730867757569108 -0.0060556301155310372 -0.022107577619299584 -0.022470835968610187
leaf_weight=2861 1266 545 3936 423 473 2418 2625 20 459 6423 4169 384 10096 1078 426 121 983 1222 83 544 2814 803 5802 411 674 1425 113 5350 5771 722
leaf_count=2861 1266 545 3936 423 473 2418 2625 20 459 6423 4169 384 10096 1078 426 121 983 1222 83 544 2814 803 5802 411 674 1425 113 5350 5771 722
internal_value=4.53527e-06 -0.00688563 0.0166489 0.0221783 0.000755438 0.00484352 0.0172868 0.0322743 0.0450998 -0.013956 0.0130601 0.00192885 0.000988107 0.0230687 0.0311106 0.0330709 0.00144732 0.0310671 0.0600197 0.0553554 -0.00957065 0.0281989 -0.00683722 -0.00802901 0.019311 0.00558528 0.0163113 -0.00946701 -0.0180835 -0.0080075
internal_weight=64440 45574 18866 13834 21903 14947 11401 2508 2433 23671 8893 12898 12514 2049 1504 1347 5032 2488 1086 1003 11477 1226 8616 6956 4843 4050 1096 6545 12194 6072
internal_count=64440 45574 18866 13834 21903 14947 11401 2508 2433 23671 8893 12898 12514 2049 1504 1347 5032 2488 1086 1003 11477 1226 8616 6956 4843 4050 1096 6545 12194 6072
cat_boundaries=0 1 2 3 4
cat_threshold=4 20 2 28
is_linear=0
shrinkage=0.05


Tree=46
num_leaves=31
num_cat=3
split_feature=8 9 0 4 6 5 5 5 6 10 9 5 7 6 10 10 0 6 7 6 8 9 9 1 0 0 6 0 9 1
split_gain=2720.91 903.37 666.235 346.952 281.263 270.514 240.492 210.257 216.704 197.731 189.108 163.791 220.58 133.08 129.437 122.036 112.461 112.13 89.4617 83.0075 79.9557 73.3618 72.3532 71.7896 70.2625 69.9634 68.0953 65.9872 65.7541 65.7491
threshold=4.5000000000000009 6.0208333333333348 2.5000000000000004 0.25881904510252091 3.5000000000000004 1.0000000180025095e-35 0.60355339059327384 -0.9159756150367534 15.500000000000002 0 3.6041666666666674 0.60355339059327384 9.5000000000000018 17.500000000000004 1 2 13.500000000000002 1.5000000000000002 5.5000000000000009 8.5000000000000018 13.500000000000002 5.2708333333333348 8.5208333333333339 3.5000000000000004 1.0000000180025095e-35 11.500000000000002 9.5000000000000018 12.500000000000002 2.8125000000000004 22.500000000000004
decision_type=8 10 2 2 10 2 2 2 10 1 10 2 10 10 1 1 2 10 10 10 10 10 10 2 2 2 10 2 10 2
left_child=2 3 14 10 20 7 9 13 16 17 18 12 -12 26 23 25 -9 -4 28 -11 -5 -19 -7 -1 -16 -6 -3 -10 -2 -8
right_child=1 5 6 4 15 22 29 8 27 19 11 -13 -14 -15 24 -17 -18 21 -20 -21 -22 -23 -24 -25 -26 -27 -28 -29 -30 -31
leaf_value=-0.013431517309067121 -0.0078543314522235546 -0.0051581303187945432 -0.0067243748419585836 0.0028959164936715655 0.030838635612618799 0.008121765948053479 -0.0080605589387774939 0.037058688321779602 0.13274786474036152 -0.0052121100472381455 0.014336567307741159 -0.010313999535566876 -0.0093003322412548439 0.075990855523927536 -0.021413720748445303 0.016832716987732126 0.065919141422825817 0.0077991776263132964 -0.017020191085092458 0.018962036805790641 0.077961038042687711 0.020704171921527195 0.036041275893436059 -0.0028448426447132426 -0.014200294929146456 0.058258698357752083 0.023197099645225767 0.072600394301116464 0.0054857764324549576 -0.023452077417787306
leaf_weight=3152 1770 339 1030 2429 1681 1249 3557 2254 76 6114 6088 1086 1178 91 5016 2131 397 4166 1120 377 36 1497 285 3255 10324 270 564 114 1932 862
leaf_count=3152 1770 339 1030 2429 1681 1249 3557 2254 76 6114 6088 1086 1178 91 5016 2131 397 4166 1120 377 36 1497 285 3255 10324 270 564 114 1932 862
internal_value=4.36399e-06 0.0128712 -0.00819967 0.00792086 0.0173284 0.0310544 -0.000968348 0.0381526 0.0450776 0.00241514 0.00324563 0.00779744 0.0105044 0.0183599 -0.014053 0.0253818 0.0413807 0.00843793 -0.00463838 -0.00380221 0.0039922 0.0112106 0.0133089 -0.00804053 -0.0165482 0.0344567 0.0125521 0.0966594 -0.000892395 -0.0110629
internal_weight=64440 25090 39350 19721 6547 5369 17603 3835 2841 13184 13174 8352 7266 994 21747 4082 2651 6693 4822 6491 2465 5663 1534 6407 15340 1951 903 190 3702 4419
internal_count=64440 25090 39350 19721 6547 5369 17603 3835 2841 13184 13174 8352 7266 994 21747 4082 2651 6693 4822 6491 2465 5663 1534 6407 15340 1951 903 190 3702 4419
cat_boundaries=0 1 2 3
cat_threshold=28 20 20
is_linear=0
shrinkage=0.05


Tree=47
num_leaves=31
num_cat=1
split_feature=0 8 0 6 6 9 9 5 0 5 7 5 7 6 5 4 10 7 8 9 5 8 9 4 7 6 1 9 9 1
split_gain=2468.86 998.059 419.443 282.684 280.383 231.298 199.699 190.57 182.153 166.638 175.488 148.944 135.568 131.681 146.32 122.56 116.29 114.882 108.433 96.6524 87.1071 85.1182 85.1055 83.6875 105.82 85.1432 74.0598 70.9116 65.8839 62.889
threshold=6.5000000000000009 3.5000000000000004 10.500000000000002 1.5000000000000002 10.500000000000002 4.979166666666667 2.8125000000000004 0.60355339059327384 16.500000000000004 0.1294095225512602 4.5000000000000009 0.60355339059327384 3.5000000000000004 17.500000000000004 1.0000000180025095e-35 0.37940952255126054 0 8.5000000000000018 10.500000000000002 9.2291666666666696 -0.78656609248549325 15.500000000000002 10.187500000000002 0.37940952255126054 10.500000000000002 2.5000000000000004 10.500000000000002 6.6458333333333348 2.3958333333333335 3.5000000000000004
decision_type=2 8 2 10 10 10 10 2 2 2 10 2 10 10 2 2 1 10 10 10 2 8 10 2 8 10 2 10 10 2
left_child=1 3 5 29 6 23 15 12 13 10 -8 16 -7 14 17 -3 -5 -4 -10 -15 -14 27 26 24 28 -25 -20 -6 -2 -1
right_child=2 4 8 11 21 7 9 -9 18 -11 -12 -13 20 19 -16 -17 -18 -19 22 -21 -22 -23 -24 25 -26 -27 -28 -29 -30 -31
leaf_value=-0.020282481112231233 -0.025198207609747864 -0.012177118995334656 0.039419619364739228 0.015773037184409047 0.021052792237625666 0.058455304040939418 0.01743735812567215 -0.0088325688055550921 0.043013811205413997 -0.0027762902652902436 0.0037127881349604446 -0.011540319935929419 0.012794651443741527 0.049089799691788172 0.00081908592654780007 0.0071044222040153862 -0.0039281951320238968 0.019398325733099211 0.1431048198706574 0.1467528431719218 0.028284340259128724 0.11383919672094166 0.18616910930722952 -0.0073158854356635428 -0.034006324804998857 0.022726651953179296 0.059011503413482082 0.057463188977869006 0.0059039341436656623 -0.013391836045702444
leaf_weight=5695 178 3192 1726 817 589 280 3636 467 224 4666 6480 7913 1460 76 461 1111 7959 1225 36 38 2399 31 23 295 186 1176 96 173 3921 7911
leaf_count=5695 178 3192 1726 817 589 280 3636 467 224 4666 6480 7913 1460 76 461 1111 7959 1225 36 38 2399 31 23 295 186 1176 96 173 3921 7911
internal_value=4.27635e-06 -0.00521453 0.0183574 -0.0109269 0.00349134 0.0130944 0.00228088 0.0214453 0.0323227 0.00504038 0.00864582 -0.00656588 0.0248615 0.0287823 0.0270161 -0.00719878 -0.00208062 0.0311085 0.0652608 0.0816441 0.022424 0.0326233 0.0974114 0.00641196 0.00287955 0.0167018 0.081946 0.0293192 0.00455332 -0.016276
internal_weight=64440 50173 14267 30295 19878 10362 19085 4606 3905 14782 10116 16689 4139 3526 3412 4303 8776 2951 379 114 3859 793 155 5756 4285 1471 132 762 4099 13606
internal_count=64440 50173 14267 30295 19878 10362 19085 4606 3905 14782 10116 16689 4139 3526 3412 4303 8776 2951 379 114 3859 793 155 5756 4285 1471 132 762 4099 13606
cat_boundaries=0 1
cat_threshold=4
is_linear=0
shrinkage=0.05


Tree=48
num_leaves=31
num_cat=4
split_feature=6 0 5 4 6 10 4 9 6 8 6 5 0 5 1 10 7 1 5 9 10 4 5 10 8 9 6 1 1 9
split_gain=2256.69 649.263 548.074 387.063 287.641 264.335 214.67 232.332 176.452 157.21 144.055 125.141 118.655 118.472 192.717 118.389 131.597 113.206 121.098 148.108 112.699 111.87 105.549 101.518 88.4963 79.5212 73.6625 77.7117 71.5803 82.646
threshold=4.5000000000000009 10.500000000000002 0.37940952255126048 0.37940952255126054 7.5000000000000009 0 -0.78656609248549303 4.3958333333333348 1.5000000000000002 2.5000000000000004 17.500000000000004 -0.70710678118654757 10.500000000000002 -0.12940952255126037 16.500000000000004 1 3.5000000000000004 17.500000000000004 -0.60355339059327384 9.8125000000000018 2 0.12940952255126045 -0.12940952255126037 3 16.500000000000004 1.9791666666666667 1.5000000000000002 10.500000000000002 22.500000000000004 3.8125000000000004
decision_type=10 2 2 2 8 1 2 10 10 8 10 2 2 2 2 1 8 2 2 8 1 2 2 1 8 10 10 2 2 10
left_child=2 3 5 4 6 24 7 -2 -7 -5 17 12 -10 14 -6 -11 -17 18 20 -20 -3 25 -13 -15 26 -4 -1 -28 29 -27
right_child=1 10 21 9 13 8 -8 -9 11 15 -12 22 -14 23 -16 16 -18 -19 19 -21 -22 -23 -24 -25 -26 28 27 -29 -30 -31
leaf_value=-0.00076670052820078003 0.0005502849874667458 0.03951147197338558 -0.02367139649413072 -0.0021199884575316937 0.014887970610633298 -0.010548193212139491 -0.0053423920204566065 0.025791721329508195 -0.0080678954138202891 0.04339673147158727 0.07594834462447167 0.0080238701716010465 0.047836875225196487 0.012633258400973228 0.048797879634342178 0.042879175279265297 0.014505841096225278 0.012765003159298245 0.048928517169614473 0.1709237337112427 0.014859082203768774 -0.016935434892280249 -0.0042121254661987425 -0.0073971385739752989 0.085744441420372047 -0.009545452081316139 0.025983103518506769 0.0030305627850515881 -0.01605523394264877 0.0027484583574488371
leaf_weight=725 2603 1065 857 514 3731 6334 6459 1403 4413 878 176 4911 97 1707 472 539 1690 773 577 26 891 10466 2749 995 42 3584 1107 553 1893 2210
leaf_count=725 2603 1065 857 514 3731 6334 6459 1403 4413 878 176 4911 97 1707 472 539 1690 773 577 26 891 10466 2749 995 42 3584 1107 553 1893 2210
internal_value=4.15444e-06 0.0119513 -0.00732398 0.00862378 0.0055238 -0.00174215 0.00029734 0.00939046 -0.0037782 0.0234944 0.0318623 -0.000257794 -0.00686551 0.0134449 0.0186961 0.0277319 0.0212714 0.0295336 0.0345989 0.0541887 0.0285597 -0.0134699 0.00363265 0.00527653 0.0137401 -0.00922469 0.0125297 0.0183369 -0.00761407 -0.0048562
internal_weight=64440 24499 39941 20991 17370 20931 10465 4006 18504 3621 3508 12170 4510 6905 4203 3107 2229 3332 2559 603 1956 19010 7660 2702 2427 8544 2385 1660 7687 5794
internal_count=64440 24499 39941 20991 17370 20931 10465 4006 18504 3621 3508 12170 4510 6905 4203 3107 2229 3332 2559 603 1956 19010 7660 2702 2427 8544 2385 1660 7687 5794
cat_boundaries=0 1 2 3 4
cat_threshold=4 4 4 20
is_linear=0
shrinkage=0.05


Tree=49
num_leaves=31
num_cat=3
split_feature=8 9 0 5 0 5 5 6 5 6 6 5 10 7 10 6 6 9 5 5 9 7 6 5 5 0 9 5 10 1
split_gain=2066.02 706.881 502.092 283.224 218.669 213.704 210.766 186.736 185.219 176.884 147.586 120.365 114.3 110.538 108.789 106.307 93.4183 81.9163 81.1905 80.724 79.6101 93.1977 73.3523 67.6842 113.067 64.1788 61.2053 60.8491 61.5024 58.6635
threshold=4.5000000000000009 6.0208333333333348 2.5000000000000004 -0.12940952255126037 11.500000000000002 -0.70710678118654757 1.0000000180025095e-35 7.5000000000000009 -0.9159756150367534 15.500000000000002 6.5000000000000009 0.60355339059327384 0 5.5000000000000009 1 17.500000000000004 4.5000000000000009 4.8958333333333348 0.60355339059327384 -0.9159756150367534 3.9791666666666674 4.5000000000000009 1.5000000000000002 -0.12940952255126037 -0.78656609248549325 12.500000000000002 8.5208333333333339 0.60355339059327384 2 11.500000000000002
decision_type=8 10 2 2 2 2 2 10 2 10 10 2 1 10 1 10 10 10 2 2 10 10 10 2 2 2 10 2 1 2
left_child=2 3 12 4 5 10 8 11 15 13 -2 14 -1 -10 -4 -3 -7 -9 20 -16 -5 -22 -14 24 -19 -11 -8 28 -24 -17
right_child=1 6 7 18 -6 16 26 17 9 25 -12 -13 22 -15 19 29 -18 23 -20 -21 21 -23 27 -25 -26 -27 -28 -29 -30 -31
leaf_value=-0.017856634469166639 -0.0016153513583609753 0.0097991321014441763 0.0049778883472405434 -0.005717466225656425 0.037081881324133259 0.010912304993991373 0.0068668409724097395 0.0031377822646355331 0.064184912690684576 0.12225915140129234 0.012592084101683016 -0.010275340620702518 -0.013169976828467357 0.032930040807308679 -0.017435499060097906 0.12671629539857218 0.024040067564905346 0.012082664744842701 -0.01178858169373306 -0.0021662601780967038 0.024660819046115841 0.0013509999180878307 0.017674720422855544 0.009228593906148632 0.055647241734669943 0.062941592819008393 0.03254557628478659 -0.0096795805051047845 -0.0034183737333076947 0.039735129694380457
leaf_weight=6392 4756 903 5286 2035 743 3048 1249 1224 322 76 2969 4060 8031 2329 1055 28 2440 304 1667 4821 608 1455 398 561 292 114 285 4677 2249 63
leaf_count=6392 4756 903 5286 2035 743 3048 1249 1224 322 76 2969 4060 8031 2329 1055 28 2440 304 1667 4821 608 1455 398 561 292 114 285 4677 2249 63
internal_value=4.74595e-06 0.0112167 -0.00714413 0.00683771 0.0106889 0.0092047 0.0273013 -0.000866498 0.0335668 0.0400664 0.00384509 -0.00290323 -0.0122255 0.0367264 -0.000221743 0.0149899 0.016749 0.0121546 -0.00248519 -0.00489942 0.00129928 0.00822079 -0.00986335 0.0216935 0.0334264 0.0866686 0.0116377 -0.00625099 -0.000192981 0.0664986
internal_weight=64440 25090 39350 19721 13956 13213 5369 17603 3835 2841 7725 15222 21747 2651 11162 994 5488 2381 5765 5876 4098 2063 15355 1157 596 190 1534 7324 2647 91
internal_count=64440 25090 39350 19721 13956 13213 5369 17603 3835 2841 7725 15222 21747 2651 11162 994 5488 2381 5765 5876 4098 2063 15355 1157 596 190 1534 7324 2647 91
cat_boundaries=0 1 2 3
cat_threshold=2 28 4
is_linear=0
shrinkage=0.05


Tree=50
num_leaves=31
num_cat=2
split_feature=8 9 6 4 6 5 9 5 5 6 0 4 10 7 7 5 10 6 6 1 8 7 1 8 7 1 9 6 5 7
split_gain=1864.58 637.96 468.728 267.699 218.568 209.723 209.389 190.216 167.16 159.638 138.398 117.871 110.392 99.7604 99.4074 99.3391 97.3601 96.0403 95.9417 94.4294 76.4951 72.3513 71.2153 70.7261 61.2152 61.2003 76.4471 59.0405 58.2184 58.1176
threshold=4.5000000000000009 6.0208333333333348 2.5000000000000004 0.25881904510252091 3.5000000000000004 0.60355339059327384 3.1875000000000004 1.0000000180025095e-35 -0.9159756150367534 15.500000000000002 9.5000000000000018 -0.78656609248549303 0 5.5000000000000009 3.5000000000000004 0.37940952255126048 1 15.500000000000002 17.500000000000004 17.500000000000004 1.5000000000000002 6.5000000000000009 10.500000000000002 13.500000000000002 4.5000000000000009 22.500000000000004 3.8958333333333335 1.0000000180025095e-35 -0.37940952255126015 10.500000000000002
decision_type=8 10 10 2 10 2 10 2 2 10 2 2 1 10 10 2 1 10 10 2 10 10 2 10 10 2 10 10 2 10
left_child=2 3 12 10 23 6 22 8 18 13 11 19 28 -10 -8 27 24 -13 29 -2 -16 -12 -4 -5 -6 26 -7 -14 -1 -3
right_child=1 7 5 4 16 25 14 -9 9 -11 21 17 15 -15 20 -17 -18 -19 -20 -21 -22 -23 -24 -25 -26 -27 -28 -29 -30 -31
leaf_value=-0.0076228299576392242 0.013663788427175009 0.023857273145829541 0.0057657357776393098 0.0019720148241174048 0.04542421051434381 -0.013397272369753488 0.017739000160537668 0.011055779015712017 0.060975666815900935 0.08233518619573596 0.028847102921202707 -0.0044656097621314844 -0.012375668917472165 0.031283538731895343 -0.011719402633389109 -0.012467547877514824 0.014237299324828362 0.09373356742784382 0.063173636625479951 0.00060735151158817135 0.0069317144956632494 0.0045914940633070426 -0.0089840287186000248 0.072571771271112903 0.024988008342016355 -0.018452510093236923 -0.0006144968791413144 -0.00085794353767801312 -0.01964166506987846 -0.001750781818349314
leaf_weight=1253 2323 390 1080 2429 489 1978 2032 1534 322 190 702 6148 1542 2329 624 9641 2131 25 91 3429 4620 547 3378 36 1462 1200 2862 3996 5144 513
leaf_count=1253 2323 390 1080 2429 489 1978 2032 1534 322 190 702 6148 1542 2329 624 9641 2131 25 91 3429 4620 547 3378 36 1462 1200 2862 3996 5144 513
internal_value=4.51933e-06 0.0106559 -0.0067869 0.00649582 0.0147594 -0.000774463 0.00312223 0.0259363 0.0318884 0.0380631 0.00238914 0.000730596 -0.0117399 0.0348901 0.00835037 -0.0093957 0.0218586 -0.00406791 0.0142404 0.00588032 0.00471236 0.0182244 -0.00541073 0.00300309 0.0299566 -0.00834462 -0.00583853 -0.00406494 -0.0172605 0.00930918
internal_weight=64440 25090 39350 19721 6547 17774 11734 5369 3835 2841 13174 11925 21576 2651 7276 15179 4082 6173 994 5752 5244 1249 4458 2465 1951 6040 4840 5538 6397 903
internal_count=64440 25090 39350 19721 6547 17774 11734 5369 3835 2841 13174 11925 21576 2651 7276 15179 4082 6173 994 5752 5244 1249 4458 2465 1951 6040 4840 5538 6397 903
cat_boundaries=0 1 2
cat_threshold=2 20
is_linear=0
shrinkage=0.05


Tree=51
num_leaves=31
num_cat=1
split_feature=6 0 10 4 5 5 8 4 0 6 0 4 9 0 1 6 7 9 7 9 9 9 5 5 9 4 9 1 5 1
split_gain=1714.8 567.538 410.884 292.616 213.948 204.015 200.649 208.459 182.554 173.192 129.13 127.558 136.369 120.797 120.773 112.113 110.259 115.748 97.8403 97.6479 94.0503 92.4533 91.7712 102.93 102.795 83.8223 96.2532 80.189 78.9238 75.9502
threshold=5.5000000000000009 2.5000000000000004 0 0.25881904510252091 -0.12940952255126037 -0.70710678118654757 5.5000000000000009 0.60355339059327384 11.500000000000002 11.500000000000002 13.500000000000002 -0.60355339059327362 7.604166666666667 1.0000000180025095e-35 12.500000000000002 1.5000000000000002 14.500000000000002 10.47916666666667 7.5000000000000009 4.8958333333333348 7.3958333333333348 4.2708333333333348 0.37940952255126048 -0.9159756150367534 2.2291666666666674 -0.37940952255126059 4.0208333333333348 7.5000000000000009 0.60355339059327384 16.500000000000004
decision_type=10 2 1 2 2 2 8 2 2 10 2 2 8 2 2 10 10 8 8 10 10 10 2 2 10 2 8 2 2 2
left_child=1 13 3 9 5 14 22 10 -5 11 21 12 -2 -1 18 -9 17 -11 -4 27 -17 -8 23 -3 -25 26 -6 -7 -15 -21
right_child=2 6 4 8 25 19 7 15 -10 16 -12 -13 -14 28 -16 20 -18 -19 -20 29 -22 -23 -24 24 -26 -27 -28 -29 -30 -31
leaf_value=-0.016076239949858882 0.013685742252073245 -0.012307758659323894 0.019974037871630379 0.030022977261863509 -0.010407641087009652 0.089062162186648405 -0.0033017654163946461 -0.0048057877516839657 0.066103370897144492 0.034234870269024116 0.07674071323126555 -0.00050345857639025229 0.049871623677613795 -0.0049590832719985586 -0.00088905640223833774 0.024302371841427309 -0.010432718901966627 0.1040734874594602 0.0013431776074677895 0.026606163440418051 0.068732831298679339 0.01062584834318794 -0.0085383657767083895 -0.01251983691494239 0.0039898403701837662 -0.026289356560130137 0.0061396946163880953 0.014600265580315434 -0.011862256903080824 0.056749327091419312
leaf_weight=7084 1779 1473 2042 1112 1371 37 3306 310 512 1018 58 1407 305 8616 2708 1312 130 63 1076 637 131 1863 4656 1074 7720 324 2448 1586 7971 311
leaf_count=7084 1779 1473 2042 1112 1371 37 3306 310 512 1018 58 1407 305 8616 2708 1312 130 63 1076 637 131 1863 4656 1074 7720 324 2448 1586 7971 311
internal_value=4.40387e-06 -0.00524343 0.0126814 0.0230637 0.00741964 0.012013 0.00055707 0.00755447 0.0413981 0.0167803 0.00255046 0.0111284 0.0189817 -0.0106107 0.00683568 0.0224751 0.0330731 0.038305 0.0135447 0.023745 0.0283359 0.001718 -0.00271585 -7.53936e-05 0.00197353 -0.00187223 0.000199292 0.0162978 -0.00827645 0.0364949
internal_weight=64440 45574 18866 6326 12540 8397 21903 6980 1624 4702 5227 3491 2084 23671 5826 1753 1211 1081 3118 2571 1443 5169 14923 10267 8794 4143 3819 1623 16587 948
internal_count=64440 45574 18866 6326 12540 8397 21903 6980 1624 4702 5227 3491 2084 23671 5826 1753 1211 1081 3118 2571 1443 5169 14923 10267 8794 4143 3819 1623 16587 948
cat_boundaries=0 1
cat_threshold=4
is_linear=0
shrinkage=0.05


Tree=52
num_leaves=31
num_cat=0
split_feature=0 8 0 6 9 6 5 7 9 9 1 9 5 7 4 8 1 9 6 8 8 1 5 0 5 8 4 6 9 9
split_gain=1558.94 624.957 265.219 210.204 187.892 187.855 169.264 172.701 143.512 136.72 118.948 110.984 104.042 190.873 95.1529 93.1031 91.2042 95.1535 87.7037 87.9685 74.2027 69.7356 67.3184 79.8958 78.1089 66.2458 71.48 78.6351 57.5589 57.357
threshold=6.5000000000000009 3.5000000000000004 15.500000000000002 10.500000000000002 4.8958333333333348 1.5000000000000002 0.60355339059327384 4.5000000000000009 2.8125000000000004 6.9375000000000009 10.500000000000002 8.8541666666666696 1.0000000180025095e-35 4.5000000000000009 0.37940952255126054 13.500000000000002 22.500000000000004 4.4375000000000009 15.500000000000002 7.5000000000000009 15.500000000000002 4.5000000000000009 -0.12940952255126037 10.500000000000002 -0.70710678118654757 10.500000000000002 -0.78656609248549303 16.500000000000004 6.6458333333333348 5.8958333333333348
decision_type=2 8 2 10 10 10 2 10 10 10 2 10 2 10 2 10 2 10 10 8 8 2 2 2 2 8 2 10 10 10
left_child=1 5 4 8 22 -1 7 9 14 -6 15 -9 13 -10 -3 18 17 -7 19 -4 28 -19 23 24 -2 -12 -27 -28 -5 -14
right_child=2 3 10 20 6 16 -8 11 12 -11 25 -13 29 -15 -16 -17 -18 21 -20 -21 -22 -23 -24 -25 -26 26 27 -29 -30 -31
leaf_value=-0.013023685658807894 0.0017023496189286173 -0.01072457853785766 0.10151265676222032 0.017437663224426133 0.034797062020357893 -0.0064827195770978232 -0.007908604928882396 0.016049244123605474 0.01701181719684804 0.098964352839656419 0.018172864719724704 0.045080670651713652 -0.0044430369325991542 0.0021038285586190571 0.0062648310863845057 0.17269393254358034 -0.017168376651213454 -0.0036939126949210527 0.15594719862160478 0.0050303530775838434 0.10379994730314901 0.0089412514689419138 -0.0028758094976331261 0.024850194933398788 0.015637178927438652 0.096437648166384962 0.0070999544486403474 0.10578316232120549 0.050241375890711183 0.0084443235606409244
leaf_weight=13606 2649 3192 42 589 773 10872 554 5540 3231 93 253 350 4054 6400 1111 26 1433 2324 23 54 31 2060 1376 734 1621 72 80 27 173 1097
leaf_count=13606 2649 3192 42 589 773 10872 554 5540 3231 93 253 350 4054 6400 1111 26 1433 2324 23 54 31 2060 1376 734 1621 72 80 27 173 1097
internal_value=4.18366e-06 -0.00414286 0.0145882 0.00274619 0.0131886 -0.00866309 0.0186609 0.0208397 0.00169811 0.041688 0.0477944 0.0177744 0.00403741 0.00710515 -0.00633805 0.0869793 -0.00510804 -0.00397521 0.0682517 0.0472414 0.0279702 0.00224323 0.00691855 0.0096118 0.00699236 0.0346421 0.0579198 0.0320013 0.0248852 -0.00169844
internal_weight=64440 50173 14267 19878 13690 30295 7310 6756 19085 866 577 5890 14782 9631 4303 145 16689 15256 119 96 793 4384 6380 5004 4270 432 179 107 762 5151
internal_count=64440 50173 14267 19878 13690 30295 7310 6756 19085 866 577 5890 14782 9631 4303 145 16689 15256 119 96 793 4384 6380 5004 4270 432 179 107 762 5151
is_linear=0
shrinkage=0.05


Tree=53
num_leaves=31
num_cat=3
split_feature=6 6 0 4 10 4 8 10 5 8 5 8 7 4 0 6 9 9 5 9 10 7 4 5 8 0 7 0 8 0
split_gain=1427.81 424.526 356.065 267.127 217.894 205.331 193.808 180.502 164.314 115.386 114.261 114.468 104.681 91.2874 87.3189 83.8373 91.8782 84.8492 78.7459 73.2293 71.2586 79.5397 70.0844 63.9723 61.366 92.056 64.946 56.438 63.2626 54.0588
threshold=4.5000000000000009 9.5000000000000018 1.5000000000000002 0.78656609248549325 0 0.37940952255126054 3.5000000000000004 1 -0.12940952255126037 12.500000000000002 -0.70710678118654757 13.500000000000002 12.500000000000002 0.25881904510252091 10.500000000000002 18.500000000000004 7.6875000000000009 10.770833333333334 0.1294095225512602 2.1458333333333335 2 4.5000000000000009 -0.37940952255126059 0.37940952255126048 12.500000000000002 10.500000000000002 10.500000000000002 7.5000000000000009 9.5000000000000018 1.0000000180025095e-35
decision_type=10 10 2 2 1 2 8 1 2 8 2 10 8 2 2 10 10 8 2 10 1 10 2 2 8 2 10 2 10 2
left_child=2 3 29 6 5 15 -2 18 10 13 14 -12 23 -8 -9 17 -17 -3 24 -10 -5 -22 -21 -6 26 -26 -4 -14 -29 -1
right_child=1 4 7 20 12 -7 9 8 19 -11 11 -13 27 -15 -16 16 -18 -19 -20 22 21 -23 -24 -25 25 -27 -28 28 -30 -31
leaf_value=-0.015071539846717691 -0.0038471126330982953 0.021969672192673262 0.017046211129852953 0.037849279806163871 0.016936147579179679 0.063469906357795911 0.0039223136667732644 -0.0063547892569182822 -0.020485818593701605 0.023540176761406365 0.0045665500808679737 0.097951090606776148 0.0079325680727841425 0.014382170503963846 0.040190993358824152 0.15111705885082483 0.044363006673609984 0.081284807889812419 0.0015025674969256757 -0.0016743497238702052 0.033702642837550471 -0.015395706486345435 -0.010614200644138566 -0.0066316901663602467 0.0307593587508544 0.148891910079401 -0.015689796692527392 -0.083064680021317283 0.0077162589079567377 -0.0091114529514709913
leaf_weight=6917 5018 2188 1393 781 2213 428 9103 4633 1124 1060 5854 33 61 2706 103 25 104 62 2077 3711 167 163 5357 331 94 20 170 61 28 8455
leaf_count=6917 5018 2188 1393 781 2213 428 9103 4633 1124 1060 5854 33 61 2706 103 25 104 62 2077 3711 167 163 5357 331 94 20 170 61 28 8455
internal_value=3.97446e-06 0.009507 -0.00582499 0.00596528 0.0217385 0.0314754 0.00448766 -0.0020908 -0.00391054 0.00773763 0.000438944 0.00509002 0.011434 0.00631916 -0.0053425 0.0258516 0.0650518 0.0236041 0.00798835 -0.00844779 0.0297548 0.00917306 -0.00695564 0.0138697 0.0160688 0.0514844 0.0134857 -0.0291134 -0.0545044 -0.0117933
internal_weight=64440 24499 39941 18998 5501 2807 17887 24569 20815 12869 10623 5887 2694 11809 4736 2379 129 2250 3754 10192 1111 330 9068 2544 1677 114 1563 150 89 15372
internal_count=64440 24499 39941 18998 5501 2807 17887 24569 20815 12869 10623 5887 2694 11809 4736 2379 129 2250 3754 10192 1111 330 9068 2544 1677 114 1563 150 89 15372
cat_boundaries=0 1 2 3
cat_threshold=4 4 13
is_linear=0
shrinkage=0.05


Tree=54
num_leaves=31
num_cat=2
split_feature=5 10 10 9 6 1 7 6 9 4 1 9 8 9 8 6 5 2 7 7 4 0 8 1 8 9 9 9 1 9
split_gain=1309.23 809.452 269.506 251.548 224.255 181.745 174.537 190.97 164.143 168.824 115.878 123.472 112.699 104.321 102.148 96.7468 91.1121 83.8297 82.0351 80.1791 77.5105 69.8889 69.7412 61.7649 60.9511 57.4967 54.0021 52.4235 56.6736 95.9586
threshold=1.0000000180025095e-35 0 1 6.9375000000000009 11.500000000000002 10.500000000000002 4.5000000000000009 6.5000000000000009 2.2708333333333335 -0.37940952255126059 15.500000000000002 8.7708333333333339 5.5000000000000009 11.22916666666667 16.500000000000004 2.5000000000000004 -0.60355339059327384 4.5000000000000009 7.5000000000000009 6.5000000000000009 0.91597561503675362 11.500000000000002 1.0000000180025095e-35 1.0000000180025095e-35 15.500000000000002 4.4375000000000009 7.3125000000000009 1.6458333333333337 15.500000000000002 2.9375000000000004
decision_type=2 1 1 10 10 2 8 10 10 2 2 8 8 8 10 10 2 2 10 10 2 2 10 2 10 10 10 10 2 10
left_child=1 4 27 8 5 15 12 18 -2 25 -7 -12 17 19 -9 -1 -14 -4 -8 21 23 -6 -17 -11 -5 -10 -21 -3 -29 -30
right_child=3 2 6 24 13 10 7 14 9 20 11 -13 16 -15 -16 22 -18 -19 -20 26 -22 -23 -24 -25 -26 -27 -28 28 29 -31
leaf_value=0.0061800435447279508 -0.018083495197956018 -0.020518949440716264 0.0031757316033550823 0.0072127293548361494 0.043942281461711377 0.0036281251964352607 0.0014449376714967162 0.0099985466064840961 -0.0044136018800828717 -0.004031421300770578 0.02027713630538867 0.11547335642789092 0.012454974863884877 0.14109683079788318 0.09967064275406301 0.11868391001224519 0.030297161509432215 0.018190466439050455 -0.0094758007932765967 0.019896960183448421 -0.0040617463656859917 0.097720650639949433 0.034503675669241708 -0.013351438946485068 0.085671276152133949 0.0040169363166184628 0.043665356554611574 -0.0071601614960859249 -0.0047215962560293269 0.02243609173304361
leaf_weight=333 3824 546 3514 2513 155 1973 4573 4202 5487 2131 1271 35 1806 26 32 25 1185 1264 2756 422 4316 99 1554 10721 25 3203 551 4419 996 483
leaf_count=333 3824 546 3514 2513 155 1973 4573 4202 5487 2131 1271 35 1806 26 32 25 1185 1264 2756 422 4316 99 1554 10721 25 3203 551 4419 996 483
internal_value=4.06941e-06 0.00713096 0.00316194 -0.00712282 0.0229665 0.0184195 0.00611332 0.00222224 -0.00841469 -0.00698482 0.0112754 0.0228283 0.0119125 0.0419873 0.0106763 0.0306714 0.0195238 0.00714782 -0.0026617 0.0398871 -0.00985917 0.0649031 0.0358365 -0.0118061 0.00798557 -0.00130624 0.0333568 -0.00568797 -0.00432466 0.00414734
internal_weight=64440 32220 25776 32220 6444 5191 19332 11563 29682 25858 3279 1306 7769 1253 4234 1912 2991 4778 7329 1227 17168 254 1579 12852 2538 8690 973 6444 5898 1479
internal_count=64440 32220 25776 32220 6444 5191 19332 11563 29682 25858 3279 1306 7769 1253 4234 1912 2991 4778 7329 1227 17168 254 1579 12852 2538 8690 973 6444 5898 1479
cat_boundaries=0 1 2
cat_threshold=4 2
is_linear=0
shrinkage=0.05


Tree=55
num_leaves=31
num_cat=0
split_feature=0 8 0 6 9 0 5 7 9 4 4 1 6 9 8 9 6 8 5 6 6 5 5 9 7 8 4 9 4 1
split_gain=1185 465.323 212.747 180.536 146.455 138.248 124.761 154.227 132.341 116.931 137.706 102.7 99.6219 89.4347 82.5018 77.7845 76.5832 80.8833 76.3706 74.6032 74.1534 71.6544 73.92 59.3106 56.8157 55.8098 63.6145 73.41 57.1801 54.3226
threshold=6.5000000000000009 2.5000000000000004 15.500000000000002 7.5000000000000009 4.6458333333333348 2.5000000000000004 0.60355339059327384 4.5000000000000009 6.9375000000000009 0.37940952255126054 -0.60355339059327362 10.500000000000002 1.0000000180025095e-35 8.8541666666666696 13.500000000000002 1.8541666666666667 15.500000000000002 7.5000000000000009 0.60355339059327384 1.5000000000000002 15.500000000000002 -0.12940952255126037 -0.5 1.6458333333333337 9.5000000000000018 10.500000000000002 -0.78656609248549303 8.3541666666666696 -0.91597561503675329 12.500000000000002
decision_type=2 8 2 10 10 2 2 10 10 2 2 2 10 10 10 10 10 8 2 10 10 2 2 10 10 8 2 10 2 2
left_child=1 12 4 5 21 23 7 8 -6 10 -7 14 -1 -9 16 -14 17 -4 -17 -11 -5 22 29 -3 -22 28 -27 -28 -13 -2
right_child=2 3 11 20 6 9 -8 13 -10 19 -12 25 15 -15 -16 18 -18 -19 -20 -21 24 -23 -24 -25 -26 26 27 -29 -30 -31
leaf_value=-0.014553033591489017 0.0098650146781232139 -0.026938374352139478 0.093647433932693244 0.010558691816136542 0.029597719504971934 0.004295968996698536 -0.0064122778825641512 0.01314844178113387 0.092011620224483559 -0.0026961098047921543 -0.0073635768651740003 -0.018001919398409165 -0.019729103831858018 0.039131428972643337 0.15955708939582111 -0.0024150029911279743 0.14318814437188532 0.0011321191710454447 -0.009134670193321379 0.012649744363607832 0.031209705893415957 -0.0059087500497404218 0.021439694622625891 -0.0050125381809336131 0.1327712978990305 0.087940977221458327 -0.0048467143091248041 0.080752941034734252 0.032179786461809072 -0.0028766811014342732
leaf_weight=5561 2158 321 42 3437 979 5937 591 6160 93 1035 4416 86 1110 350 26 7776 23 54 9268 3373 40 1154 839 7878 21 72 67 40 167 1366
leaf_count=5561 2158 321 42 3437 979 5937 591 6160 93 1035 4416 86 1110 350 26 7776 23 54 9268 3373 40 1154 839 7878 21 72 67 40 167 1366
internal_value=3.86593e-06 -0.00361175 0.012719 0.000946993 0.0114655 -0.000665125 0.0157144 0.0174392 0.0350124 0.00222646 -0.000677329 0.0424595 -0.00869778 0.0145454 0.0788699 -0.00690418 0.0612408 0.0416076 -0.00606895 0.00904653 0.0115285 0.00517099 0.00810155 -0.00587096 0.0661735 0.0302384 0.0516041 0.0271532 0.015122 0.00492598
internal_weight=64440 50173 14267 26458 13690 22960 8173 7582 1072 14761 10353 577 23715 6510 145 18154 119 96 17044 4408 3498 5517 4363 8199 61 432 179 107 253 3524
internal_count=64440 50173 14267 26458 13690 22960 8173 7582 1072 14761 10353 577 23715 6510 145 18154 119 96 17044 4408 3498 5517 4363 8199 61 432 179 107 253 3524
is_linear=0
shrinkage=0.05


Tree=56
num_leaves=31
num_cat=2
split_feature=5 10 10 9 6 7 9 8 8 4 5 1 9 6 1 9 1 4 6 9 1 9 9 9 8 2 1 9 1 0
split_gain=1087.01 687.219 228.108 219.15 197.534 160.23 168.267 144.151 139.282 123.85 123.056 116.244 108.464 102.231 106.423 94.0603 93.0302 82.2244 70.4064 70.2573 57.7362 57.4211 54.9768 44.7434 44.2862 55.4569 43.0116 102.954 59.7228 42.4912
threshold=1.0000000180025095e-35 0 1 5.1458333333333348 9.5000000000000018 4.5000000000000009 3.7708333333333335 17.500000000000004 25.500000000000004 -0.37940952255126059 -0.70710678118654757 10.500000000000002 2.2708333333333335 3.5000000000000004 12.500000000000002 11.22916666666667 10.500000000000002 -0.60355339059327362 18.500000000000004 6.5625000000000009 12.500000000000002 7.5208333333333348 9.6875000000000018 5.104166666666667 10.500000000000002 2.5000000000000004 15.500000000000002 2.9375000000000004 12.500000000000002 15.500000000000002
decision_type=2 1 1 10 10 8 10 10 8 2 2 2 10 10 2 8 2 2 10 10 2 10 10 8 10 2 2 10 2 2
left_child=1 4 23 12 8 13 16 -8 10 22 20 29 -2 -4 -15 18 -7 -14 -13 -12 -1 -11 -5 26 25 -24 28 -28 -3 -6
right_child=3 2 5 9 11 6 7 -9 -10 21 19 15 17 14 -16 -17 -18 -19 -20 -21 -22 -23 24 -25 -26 -27 27 -29 -30 -31
leaf_value=0.014263035181819065 -0.016611098909807619 -0.0034515586015451739 0.0040161283316692883 0.0080410748706746804 0.049847934721168552 0.0058218480157811933 0.0054955173840746125 0.11183226692955942 0.13263434913754465 -0.0064209994339308385 0.01655004795378677 0.023894435486600266 -0.0019596590897461882 0.024489353984006451 0.0092707605878679308 0.12601116513833405 -0.011997465061280471 -0.0092849789327410868 0.069349433038797648 0.035799142140749605 -0.0036598077072470918 0.0061255245331348976 0.07569511382487315 -0.067275776200253393 0.10299438974605157 -0.019078538470873329 -0.006222437046124186 0.021416183357831797 -0.015267913703228431 0.092210202071238576
leaf_weight=816 3824 3204 3070 2615 356 1014 7879 32 25 4278 1828 1594 5130 2000 2699 24 2638 15126 90 640 1000 1159 29 29 26 33 1125 481 1605 71
leaf_count=816 3824 3204 3070 2615 356 1014 7879 32 25 4278 1828 1594 5130 2000 2699 24 2638 15126 90 640 1000 1159 29 29 26 33 1125 481 1605 71
internal_value=3.67266e-06 0.00649764 0.00284061 -0.00649029 0.0210886 0.00555588 0.00182754 0.00592565 0.0149593 0.000602123 0.0142726 0.033558 -0.00888781 0.0111121 0.0157481 0.0277245 -0.00704982 -0.00742978 0.0263237 0.0215417 0.00439363 -0.00374647 0.00934918 -0.00530119 0.0482207 0.0252511 -0.00502928 0.00205538 -0.00739526 0.0568918
internal_weight=64440 32220 25776 32220 6444 19332 11563 7911 4309 8140 4284 2135 24080 7769 4699 1708 3652 20256 1684 2468 1816 5437 2703 6444 88 62 6415 1606 4809 427
internal_count=64440 32220 25776 32220 6444 19332 11563 7911 4309 8140 4284 2135 24080 7769 4699 1708 3652 20256 1684 2468 1816 5437 2703 6444 88 62 6415 1606 4809 427
cat_boundaries=0 1 2
cat_threshold=4 2
is_linear=0
shrinkage=0.05


Tree=57
num_leaves=31
num_cat=1
split_feature=6 0 4 9 4 1 8 6 9 4 0 2 7 7 0 9 9 5 6 2 5 9 5 6 10 4 6 9 1 2
split_gain=984.765 325.015 284.445 185.073 211.358 192.677 177.273 176.391 170.071 153.208 105.438 102.186 96.429 89.5735 91.2078 89.0842 82.0418 87.2642 79.7412 73.8758 73.8322 68.9558 87.0202 65.9569 78.1151 63.9918 60.399 55.2562 60.3069 53.6419
threshold=5.5000000000000009 1.5000000000000002 0.25881904510252091 5.2708333333333348 -0.60355339059327362 17.500000000000004 5.5000000000000009 8.5000000000000018 10.60416666666667 0.78656609248549325 13.500000000000002 2.5000000000000004 10.500000000000002 12.500000000000002 4.5000000000000009 7.7708333333333348 1.6458333333333337 0.60355339059327384 11.500000000000002 1.0000000180025095e-35 -0.9159756150367534 4.104166666666667 -0.98296291314453399 1.5000000000000002 0 -0.91597561503675329 15.500000000000002 5.5208333333333348 10.500000000000002 1.0000000180025095e-35
decision_type=10 2 2 8 2 2 8 10 8 2 2 2 10 8 2 8 10 2 10 2 2 10 2 10 1 2 10 10 2 2
left_child=1 -1 3 12 5 8 16 11 -5 10 19 29 21 18 -15 -7 -3 20 -6 -8 -18 22 -2 -11 -25 -23 -9 -28 -29 -4
right_child=2 6 7 4 13 15 9 26 -10 23 -12 -13 -14 14 -16 -17 17 -19 -20 -21 -22 25 -24 24 -26 -27 27 28 -30 -31
leaf_value=-0.0097258870743955634 0.015169773648971622 -0.02182608523629638 0.015824321517609947 0.031602304584982178 -0.00064538865125840191 0.005603562545231539 0.014335184957142389 0.029567690434960728 0.17162249365990812 0.0013303765197200674 0.065200268578800291 0.020618737515077406 -0.025888346421456189 -0.11524520432949066 -0.01579110325263763 0.031325431454640167 -0.010287445366911179 -0.0073657388836638931 0.022356043521343082 -0.00054735850519349886 0.00083684072179678818 0.017738062114651888 -0.005378158467888629 0.038308135562508207 0.009995619769183518 0.0030535124825290835 0.14032808326184751 0.086390693262830137 0.016911698423791678 -0.0062950117065434328
leaf_weight=15957 606 577 420 1522 1578 1764 981 1729 22 336 66 1612 318 25 296 416 1693 6820 495 5559 12536 1029 3441 605 444 2659 20 61 64 789
leaf_count=15957 606 577 420 1522 1578 1764 981 1729 22 336 66 1612 318 25 296 416 1693 6820 495 5559 12536 1029 3441 605 444 2659 20 61 64 789
internal_value=3.48903e-06 -0.00397337 0.00961025 0.00607642 0.0126321 0.0200834 -0.000874032 0.0202765 0.0335974 0.00548965 0.0023196 0.0123775 0.00109598 0.00104115 -0.0235367 0.010512 -0.00322547 -0.00271559 0.00484699 0.00168502 -0.000486753 0.00220535 -0.0023013 0.0206098 0.026785 0.00715069 0.0321672 0.0631637 0.0508174 0.00138912
internal_weight=64440 45574 18866 14171 6118 3724 29617 4695 1544 7991 6606 2821 8053 2394 321 2180 21626 21049 2073 6540 14229 7735 4047 1385 1049 3688 1874 145 125 1209
internal_count=64440 45574 18866 14171 6118 3724 29617 4695 1544 7991 6606 2821 8053 2394 321 2180 21626 21049 2073 6540 14229 7735 4047 1385 1049 3688 1874 145 125 1209
cat_boundaries=0 1
cat_threshold=12
is_linear=0
shrinkage=0.05


Tree=58
num_leaves=31
num_cat=2
split_feature=5 10 10 9 6 7 6 8 9 4 5 1 8 8 5 9 7 2 4 1 6 9 1 8 6 2 7 7 9 9
split_gain=903.533 578.418 192.934 189.337 166.035 149.193 145.74 123.244 121.576 115.108 106.266 97.9103 91.5475 84.4725 82.9409 81.555 77.666 73.4901 64.2545 67.9507 63.2297 60.566 50.6344 48.857 44.6251 41.5281 108.277 95.2274 40.8901 40.4079
threshold=1.0000000180025095e-35 0 1 6.9375000000000009 9.5000000000000018 4.5000000000000009 6.5000000000000009 25.500000000000004 2.2708333333333335 -0.37940952255126059 -0.70710678118654757 10.500000000000002 5.5000000000000009 16.500000000000004 -0.60355339059327384 11.22916666666667 7.5000000000000009 4.5000000000000009 0.78656609248549325 1.0000000180025095e-35 18.500000000000004 6.5625000000000009 12.500000000000002 15.500000000000002 1.5000000000000002 3.5000000000000004 13.500000000000002 8.5000000000000018 4.0625000000000009 5.104166666666667
decision_type=2 1 1 10 10 8 10 8 10 2 2 2 8 10 2 8 10 2 2 2 10 10 2 10 10 2 10 10 10 8
left_child=1 4 29 8 7 12 16 10 -2 28 22 25 17 -8 -14 20 -7 -4 19 -11 -13 -12 -1 -5 -20 27 -27 -6 -10 -3
right_child=3 2 5 23 11 6 13 -9 9 18 21 15 14 -15 -16 -17 -18 -19 24 -21 -22 -23 -24 -25 -26 26 -28 -29 -30 -31
leaf_value=0.013107254238931609 -0.015358861166221642 -0.0046599522433873409 0.0024143238111240957 0.0064988420111533026 0.076305348505931236 0.0011978299978423936 0.0082376439201212581 0.12438384264707565 -0.0042937127013603343 -0.0025675688488500702 0.015165481486057031 0.021782221792061938 0.010543298454721746 0.089783178688958298 0.027566629499884695 0.11690889277185004 -0.0094281136822573844 0.016472630818394531 -0.0069627323998156035 -0.012544269267943768 0.06485831729446849 0.033037719663116152 -0.0036771387430315373 0.076743451952934263 0.0021042296334885359 0.051245012526733448 0.1477432503675421 0.012228755554525366 0.0025862517377882354 -0.063813860945660494
leaf_weight=816 3824 6415 3514 2513 98 4573 4202 25 4679 2131 1828 1594 1806 32 1185 24 2756 1264 4527 8572 90 640 1000 25 1938 151 36 142 4011 29
leaf_count=816 3824 6415 3514 2513 98 4573 4202 25 4679 2131 1828 1594 1806 32 1185 24 2756 1264 4527 8572 90 640 1000 25 1938 151 36 142 4011 29
internal_value=3.68937e-06 0.00592427 0.00256923 -0.00591689 0.0193105 0.00506641 0.0014686 0.013691 -0.00703768 -0.0058071 0.0130451 0.0307424 0.0104277 0.00885395 0.0172877 0.0253887 -0.00279795 0.00613339 -0.00818053 -0.0105579 0.0240844 0.0198001 0.00386475 0.00719077 -0.00424475 0.0521573 0.0698222 0.0383934 -0.00111816 -0.00491853
internal_weight=64440 32220 25776 32220 6444 19332 11563 4309 29682 25858 4284 2135 7769 4234 2991 1708 7329 4778 17168 10703 1684 2468 1816 2538 6465 427 187 240 8690 6444
internal_count=64440 32220 25776 32220 6444 19332 11563 4309 29682 25858 4284 2135 7769 4234 2991 1708 7329 4778 17168 10703 1684 2468 1816 2538 6465 427 187 240 8690 6444
cat_boundaries=0 1 2
cat_threshold=4 2
is_linear=0
shrinkage=0.05


Tree=59
num_leaves=31
num_cat=2
split_feature=6 4 9 4 6 0 9 7 6 7 8 0 9 5 7 2 10 6 4 0 4 8 6 8 1 1 1 9 10 9
split_gain=825.322 351.054 303.034 266.91 212.353 158.6 142.626 169.241 134.876 112.634 101.921 96.6787 92.8852 108.111 187.542 87.6641 80.0592 70.5762 67.5244 64.4053 52.1735 51.9403 51.3254 52.6022 48.3467 47.3704 45.4396 44.1586 51.2575 42.8226
threshold=3.5000000000000004 0.25881904510252091 5.1458333333333348 -0.78656609248549303 8.5000000000000018 13.500000000000002 9.6875000000000018 9.5000000000000018 1.5000000000000002 12.500000000000002 9.5000000000000018 15.500000000000002 2.5625000000000004 0.60355339059327384 2.5000000000000004 4.5000000000000009 0 11.500000000000002 0.78656609248549325 12.500000000000002 -0.78656609248549303 5.5000000000000009 15.500000000000002 17.500000000000004 3.5000000000000004 10.500000000000002 1.0000000180025095e-35 3.1041666666666674 1 1.8541666666666667
decision_type=10 2 10 2 10 2 10 10 10 10 8 2 8 2 8 2 1 8 2 2 2 10 10 8 2 2 2 8 1 10
left_child=5 2 12 6 10 8 7 -4 24 17 11 15 -2 14 -14 -3 -10 -5 20 -8 -18 -20 -6 25 26 -24 -1 -12 -29 -26
right_child=1 4 3 9 22 -7 19 -9 16 -11 27 -13 13 -15 -16 -17 18 -19 21 -21 -22 -23 23 -25 29 -27 -28 28 -30 -31
leaf_value=-0.0029503832218731795 -0.012961778722187451 0.0030783873813772936 0.028524904709699594 0.0025415082591448077 0.027065180462840007 0.11139681230074372 0.13635971209566508 0.0043331346367238566 -0.0084321095191742176 -0.021335551443633232 0.059844958232488581 0.11463007781477202 0.018317091278478578 -0.0093393994217168125 -0.00065256005972187951 0.017209331667664547 0.0049691033682210829 0.019655573148619983 0.0028254901533444603 0.050190242895399008 -0.0045795553661497502 0.019323529975632317 0.10013110895233696 -0.017253361428156495 -0.016098774281599417 0.03855340085068687 -0.014340204967492158 0.034258148521901323 0.010500192943127231 -0.0056546533641690828
leaf_weight=1063 1593 3820 2007 3587 1729 29 35 1130 4100 433 82 21 1517 2599 9233 1540 1787 724 2900 57 7172 571 64 20 1094 61 4969 432 531 9540
leaf_count=1063 1593 3820 2007 3587 1729 29 35 1130 4100 433 82 21 1517 2599 9233 1540 1787 724 2900 57 7172 571 64 20 1094 61 4969 432 531 9540
internal_value=3.50489e-06 0.00584138 0.00265018 0.0105215 0.0146518 -0.0054812 0.0216102 0.0198106 -0.0055833 0.00297402 0.0103329 0.0075579 -0.00154994 -0.000188116 0.00202437 0.0071384 -0.00238313 0.00541569 -0.000380798 0.0829721 -0.00267494 0.00553952 0.0294615 0.058035 -0.00875736 0.0700812 -0.012333 0.024622 0.0216227 -0.00672912
internal_weight=64440 31215 22915 7973 8300 33225 3229 3137 33196 4744 6426 5381 14942 13349 10750 5360 16530 4311 12430 92 8959 3471 1874 145 16666 125 6032 1045 963 10634
internal_count=64440 31215 22915 7973 8300 33225 3229 3137 33196 4744 6426 5381 14942 13349 10750 5360 16530 4311 12430 92 8959 3471 1874 145 16666 125 6032 1045 963 10634
cat_boundaries=0 1 2
cat_threshold=2 4
is_linear=0
shrinkage=0.05


Tree=60
num_leaves=31
num_cat=3
split_feature=5 10 9 10 6 7 9 8 1 10 5 6 7 1 5 9 7 2 6 1 0 9 8 8 6 4 9 8 7 1
split_gain=756.833 489.492 160.492 159.285 144.531 135.903 136.301 123.754 107.626 103.457 86.8862 81.3598 100.212 79.1216 76.9334 73.2374 93.3282 72.1605 71.0855 66.562 60.7016 78.1702 57.0069 55.5308 54.4236 54.315 51.0152 46.7864 45.3594 41.4282
threshold=1.0000000180025095e-35 0 6.7708333333333348 1 12.500000000000002 4.5000000000000009 3.7708333333333335 17.500000000000004 10.500000000000002 2 -0.70710678118654757 3.5000000000000004 2.5000000000000004 10.500000000000002 0.60355339059327384 8.7708333333333339 9.5000000000000018 1.0000000180025095e-35 2.5000000000000004 16.500000000000004 14.500000000000002 7.604166666666667 1.0000000180025095e-35 16.500000000000004 1.5000000000000002 0.12940952255126045 9.4375000000000018 6.5000000000000009 4.5000000000000009 16.500000000000004
decision_type=2 1 10 1 10 8 10 10 2 1 2 10 10 2 2 8 10 2 10 2 2 10 10 10 10 2 10 10 8 2
left_child=1 4 9 -3 8 11 13 -8 18 -2 20 -5 -13 -7 24 16 -10 29 -1 -19 26 -22 -20 -4 -11 -16 -6 -17 -26 -12
right_child=2 3 23 5 10 6 7 -9 15 14 17 12 -14 -15 25 27 -18 19 22 -21 21 -23 -24 -25 28 -27 -28 -29 -30 -31
leaf_value=0.0029522963841487697 -0.012114171356627583 -0.0044676200182265768 0.0052969839848795467 0.0033914179598638818 0.022197567898363742 0.0050517295907537181 0.0044607980733085226 0.1029875977881602 0.014087352032823533 -0.0058529005813110473 -0.050960338106822406 0.024448107342412442 0.0088232760011677028 -0.011381638049607153 -0.004631054192538518 0.092722545860287484 -0.0033255593113557178 0.10039281656819524 0.10172604207809155 0.047208428929606791 0.1024954249836364 0.026984019245179465 0.027100137554846228 0.088904103823006161 0.0056665185440275441 -0.01107848703424613 -0.036094178949914332 0.026327067665217155 -0.0035679214325000431 0.048356664287192486
leaf_weight=333 6444 6444 2845 3070 444 1014 7879 32 2248 4121 21 1514 3185 2638 7628 39 1170 102 26 139 53 97 1627 20 3145 5713 41 83 2304 21
leaf_count=333 6444 6444 2845 3070 444 1014 7879 32 2248 4121 21 1514 3185 2638 7628 39 1170 102 26 139 53 97 1627 20 3145 5713 41 83 2304 21
internal_value=3.61152e-06 0.00542228 -0.00541505 0.00233592 0.0177365 0.00460491 0.00117097 0.00485934 0.014712 -0.00651749 0.0361361 0.00972174 0.0138575 -0.00681881 -0.00493592 0.00948553 0.00812682 0.059178 0.0240282 0.069718 0.025867 0.0536647 0.0282739 0.00588063 -0.00151715 -0.00739203 0.0172698 0.0475519 0.00176192 -0.00130184
internal_weight=64440 32220 32220 25776 6444 19332 11563 7911 5526 29355 918 7769 4699 3652 22911 3540 3418 283 1986 241 635 150 1653 2865 9570 13341 485 122 5449 42
internal_count=64440 32220 32220 25776 6444 19332 11563 7911 5526 29355 918 7769 4699 3652 22911 3540 3418 283 1986 241 635 150 1653 2865 9570 13341 485 122 5449 42
cat_boundaries=0 1 2 3
cat_threshold=4 2 2
is_linear=0
shrinkage=0.05


Tree=61
num_leaves=31
num_cat=2
split_feature=6 8 0 0 4 5 5 6 9 7 9 10 1 5 6 0 7 9 7 9 7 10 9 9 7 1 1 2 9 4
split_gain=688.314 350.54 239.872 152.185 134.117 130.37 113.854 190.516 135.39 94.0814 108.189 77.6597 74.2895 133.24 85.1529 69.4825 64.8439 55.1821 48.533 57.9277 40.6855 39.0876 36.073 65.0551 36.0192 34.3486 48.3596 48.5146 45.8946 38.1069
threshold=2.5000000000000004 9.5000000000000018 9.5000000000000018 19.500000000000004 0.37940952255126054 0.60355339059327384 -0.78656609248549325 13.500000000000002 3.9791666666666674 21.500000000000004 7.6875000000000009 0 17.500000000000004 -0.60355339059327384 9.5000000000000018 1.5000000000000002 14.500000000000002 6.9375000000000009 4.5000000000000009 4.979166666666667 8.5000000000000018 1 9.9375000000000018 9.2708333333333339 12.500000000000002 7.5000000000000009 10.500000000000002 5.5000000000000009 2.0625000000000004 -0.78656609248549303
decision_type=10 8 2 2 2 2 2 10 10 10 10 1 2 2 10 2 10 10 10 10 10 1 8 10 8 2 2 2 10 2
left_child=11 2 5 4 9 6 7 -2 -8 10 -3 25 13 16 -15 20 -4 -7 19 -14 -13 24 23 -6 -17 -1 27 -27 -28 -30
right_child=1 3 12 -5 22 17 8 -9 -10 -11 -12 15 18 14 -16 21 -18 -19 -20 -21 -22 -23 -24 -25 -26 26 28 -29 29 -31
leaf_value=-0.014001514740690519 -0.0032727535558558923 0.0080265649045445225 0.014116287047383097 0.092280980337818619 0.029099561746579822 -0.0065508269258573795 0.00079308023921268248 0.052361632343440968 0.010478161302693573 -0.086227954387664799 0.03184598189469038 -0.0076928133243483786 -0.013296152598451121 0.026490986820289622 0.0648331309088995 0.0054527671871268425 -0.024303987564948892 0.0067891966242889373 -0.0051133586580453996 0.041465874163018501 -0.058237546239979565 -0.0033096692604307888 0.074854411470999083 -0.040019380120294434 -0.062006401047110561 -0.00093765070862828067 -0.017886227620977423 0.035995719637027766 0.0067069880533815324 -0.010184928964832161
leaf_weight=3889 7746 3757 1790 64 1245 6566 7769 157 6738 25 546 8529 74 539 198 1863 117 879 640 139 40 7700 41 35 20 613 1121 104 503 993
leaf_count=3889 7746 3757 1790 64 1245 6566 7769 157 6738 25 546 8529 74 539 198 1863 117 879 640 139 40 7700 41 35 20 613 1121 104 503 993
internal_value=3.30228e-06 0.00416811 0.00220784 0.015612 0.0147434 0.0007566 0.00266101 -0.00216753 0.00529147 0.0104871 0.011049 -0.00640844 0.0145975 0.0187368 0.0367919 -0.00465481 0.0117591 -0.00497583 0.00176705 0.0224406 -0.00792876 -0.00173215 0.0286883 0.0272096 0.00471124 -0.0107941 -0.00708509 0.00441949 -0.0102371 -0.00450536
internal_weight=64440 39065 33352 5713 5649 29855 22410 7903 14507 4328 4303 25375 3497 2644 737 18152 1907 7445 853 213 8569 9583 1321 1280 1883 7223 3334 717 2617 1496
internal_count=64440 39065 33352 5713 5649 29855 22410 7903 14507 4328 4303 25375 3497 2644 737 18152 1907 7445 853 213 8569 9583 1321 1280 1883 7223 3334 717 2617 1496
cat_boundaries=0 1 2
cat_threshold=2 4
is_linear=0
shrinkage=0.05


Tree=62
num_leaves=31
num_cat=3
split_feature=5 10 9 7 0 9 2 0 6 0 2 7 1 7 2 1 6 4 9 10 9 9 8 5 8 7 10 4 7 9
split_gain=630.551 412.462 149.494 143.247 138.296 134.357 111.716 110.459 105.111 90.3119 97.3002 115.639 90.1112 100.489 85.3055 78.3891 76.3547 75.4177 73.9965 72.1016 69.5915 61.9888 54.7064 52.6071 49.0902 48.5849 43.8204 41.4615 40.8566 38.846
threshold=1.0000000180025095e-35 0 5.3125000000000009 8.5000000000000018 11.500000000000002 5.1458333333333348 3.5000000000000004 19.500000000000004 18.500000000000004 1.5000000000000002 1.0000000180025095e-35 4.5000000000000009 11.500000000000002 5.5000000000000009 2.5000000000000004 15.500000000000002 3.5000000000000004 -0.37940952255126059 2.1458333333333335 1 3.1458333333333335 8.1458333333333339 18.500000000000004 0.60355339059327384 19.500000000000004 2.5000000000000004 2 0.12940952255126045 2.5000000000000004 9.6875000000000018
decision_type=2 1 8 10 2 10 2 2 10 2 2 8 2 10 2 2 10 2 10 1 10 8 8 2 8 10 1 2 10 10
left_child=1 2 12 4 21 18 8 -8 -5 -3 20 19 16 25 -13 -15 -1 29 -2 -12 -11 -4 -6 -20 -22 -14 -19 -25 -18 -7
right_child=5 9 3 6 22 17 7 -9 -10 10 11 14 13 15 -16 -17 28 26 23 -21 24 -23 -24 27 -26 -27 -28 -29 -30 -31
leaf_value=0.0029940190180920544 -0.014117384236264253 -0.0094107274057785382 0.018465212869643845 0.0010591172120577442 0.051831386600727586 0.0063366425154272365 0.018810476574304496 0.09755981731350008 0.089800596478573219 7.1762976077100325e-05 0.0084528414140696267 -0.012224087296512153 0.026568380937435951 -0.013801077903290099 -0.00070743364928075941 0.0054621517711462616 0.042321198631736619 -0.00022616111222961336 -0.0028322997280257976 -0.0015546581752521309 0.018547827453469699 0.059455621972219236 -0.023818933300673962 -0.0053659559811950353 -0.042204533298825161 0.0065678522908754868 -0.010667047285728693 -0.011255009476082677 0.01733387902681521 0.040111126953905285
leaf_weight=1067 3036 2120 1877 1796 542 2615 1393 46 34 961 4387 2400 374 1194 4872 947 181 4116 8848 3048 1510 97 25 6955 34 1614 1321 5241 1701 88
leaf_count=1067 3036 2120 1877 1796 542 2615 1393 46 34 961 4387 2400 374 1194 4872 947 181 4116 8848 3048 1510 97 25 6955 34 1614 1321 5241 1701 88
internal_value=3.11149e-06 0.00494909 0.0118732 0.0178261 0.026731 -0.00494287 0.0109043 0.0213278 0.00270787 0.000326701 0.00152625 -2.52551e-05 0.00700352 0.00223571 -0.00450831 -0.00528063 0.0136791 0.000610457 -0.00682011 0.00435952 0.0106352 0.0204794 0.0484958 -0.00576734 0.01721 0.0103305 -0.00278296 -0.00789667 0.019737 0.00743622
internal_weight=64440 32220 12888 5810 2541 32220 3269 1439 1830 19332 17212 14707 7078 4129 7272 2141 2949 8140 24080 7435 2505 1974 567 21044 1544 1988 5437 12196 1882 2703
internal_count=64440 32220 12888 5810 2541 32220 3269 1439 1830 19332 17212 14707 7078 4129 7272 2141 2949 8140 24080 7435 2505 1974 567 21044 1544 1988 5437 12196 1882 2703
cat_boundaries=0 1 2 3
cat_threshold=20 9 20
is_linear=0
shrinkage=0.05


Tree=63
num_leaves=31
num_cat=1
split_feature=8 9 6 4 7 9 0 5 7 5 6 9 4 1 4 7 7 8 7 1 6 10 8 2 2 6 9 6 4 4
split_gain=578.857 221.6 148.418 117.76 117.613 120.307 97.2762 89.1155 100.949 125.29 86.2102 85.084 110.556 118.509 82.6169 73.8696 72.6066 72.0384 95.6036 69.3089 65.2057 57.8029 57.3651 56.6475 56.0809 55.6118 52.265 48.4738 48.0985 42.3495
threshold=4.5000000000000009 6.104166666666667 2.5000000000000004 0.25881904510252091 9.5000000000000018 4.2708333333333348 13.500000000000002 0.25881904510252057 6.5000000000000009 -0.98296291314453399 3.5000000000000004 3.1875000000000004 -0.78656609248549303 17.500000000000004 -0.60355339059327362 6.5000000000000009 3.5000000000000004 11.500000000000002 5.5000000000000009 22.500000000000004 17.500000000000004 0 13.500000000000002 1.0000000180025095e-35 4.5000000000000009 3.5000000000000004 5.5208333333333348 1.0000000180025095e-35 0.37940952255126054 0.91597561503675362
decision_type=8 10 10 2 8 10 2 2 10 2 10 10 2 2 2 10 10 10 10 2 10 1 10 2 2 10 8 10 2 2
left_child=2 3 21 4 5 15 10 8 17 -10 22 28 13 24 -7 -2 -12 25 -19 29 -11 -1 -5 -8 -13 -3 -25 -23 -4 -14
right_child=1 7 11 6 -6 14 23 -9 9 20 16 12 19 -15 -16 -17 -18 18 -20 -21 -22 27 -24 26 -26 -27 -28 -29 -30 -31
leaf_value=-0.010556828230185878 0.00074778167016017951 0.00018698084670648303 -0.0076781142784040444 -0.0002745927527273718 -0.012638598432893458 0.013880468466575854 -0.019010562391887451 0.0020960267446398159 -0.016432119520617926 0.01636900269637593 0.025994207711435714 0.017390119504551077 -0.0003320223939881808 0.0027605724340807603 0.00025879443353400906 -0.012621991499154828 0.0091588801228023667 0.10046888556721252 0.015585040383868749 -0.013045529742042825 0.052694492828996145 -0.0092199665507491611 0.062454139290226474 0.076367315659995813 0.043971990446199573 0.036427033287137416 0.012636335100978613 -0.0030405807463870158 0.0036383565548777567 0.010457399527454196
leaf_weight=6397 5955 139 4612 2436 1439 2925 29 1027 291 2918 802 687 7447 1552 1797 1250 3179 86 54 982 129 4519 37 107 279 444 46 10660 1179 1036
leaf_count=6397 5955 139 4612 2436 1439 2925 29 1027 291 2918 802 687 7447 1552 1797 1250 3179 86 54 982 129 4519 37 107 279 444 46 10660 1179 1036
internal_value=2.92493e-06 0.00593764 -0.00378111 0.00356767 0.000864434 0.00249358 0.00901245 0.0152545 0.0185821 0.0149133 0.00799587 -0.000397865 0.00200703 0.0113184 0.00869662 -0.00157175 0.0125505 0.0355208 0.067728 -0.000470091 0.0179069 -0.00656819 0.000663929 0.0450619 0.0250675 0.0277866 0.0572064 -0.00487706 -0.00537417 0.000985653
internal_weight=64440 25090 39350 20002 13366 11927 6636 5088 4061 3338 6454 17774 11983 2518 4722 7205 3981 723 140 9465 3047 21576 2473 182 966 583 153 15179 5791 8483
internal_count=64440 25090 39350 20002 13366 11927 6636 5088 4061 3338 6454 17774 11983 2518 4722 7205 3981 723 140 9465 3047 21576 2473 182 966 583 153 15179 5791 8483
cat_boundaries=0 1
cat_threshold=2
is_linear=0
shrinkage=0.05


Tree=64
num_leaves=31
num_cat=1
split_feature=5 10 6 7 0 9 6 8 7 8 9 8 8 4 1 0 9 5 5 1 1 2 7 4 1 1 9 8 0 9
split_gain=528.025 355.218 124.327 124.189 126.405 121.177 114.768 102.201 95.2144 85.238 81.1544 79.3229 77.1351 76.3806 73.3358 71.3435 68.3335 54.4075 52.7537 92.8186 91.7876 47.6102 45.8821 45.2719 45.5431 43.4162 41.3271 33.9631 55.7861 40.3335
threshold=1.0000000180025095e-35 0 6.5000000000000009 7.5000000000000009 10.500000000000002 7.354166666666667 9.5000000000000018 25.500000000000004 15.500000000000002 9.5000000000000018 2.2708333333333335 12.500000000000002 17.500000000000004 -0.37940952255126059 10.500000000000002 12.500000000000002 11.22916666666667 -0.78656609248549325 -0.78656609248549325 17.500000000000004 12.500000000000002 5.5000000000000009 15.500000000000002 0.91597561503675362 1.0000000180025095e-35 17.500000000000004 5.9375000000000009 10.500000000000002 14.500000000000002 9.1875000000000018
decision_type=2 1 10 8 2 10 10 8 10 8 10 10 10 2 2 2 8 2 2 2 2 2 10 2 2 2 10 10 2 10
left_child=1 6 3 4 9 10 7 8 11 -3 -2 -1 18 -12 -8 -10 21 26 20 -20 -4 -16 -19 24 -15 -6 -5 -7 29 -29
right_child=5 2 12 17 25 27 14 -9 15 -11 13 -13 -14 23 16 -17 -18 22 19 -21 -22 -23 -24 -25 -26 -27 -28 28 -30 -31
leaf_value=0.008776808344737921 -0.01210464180642714 -2.3585598454181954e-05 0.0095745845528307331 -0.0191907480391901 0.034995051783688454 0.0059487063344310035 0.043055419447010225 0.11114626483619212 -0.041377680415248537 0.015503086057782731 -0.00054453124773237705 0.03048353459081464 0.10577901445329191 -0.0010938085391146391 0.022055074067920392 0.04229293758830717 0.10366224786266685 -0.0021936846098843453 0.017129524397913643 -0.0038498705812272261 -0.0066216326270126524 -0.0023378317645783055 -0.065626087778344236 -0.0018483436194030333 -0.0090114922346865491 -0.024157150067827284 0.010809424326760651 0.033980576573191465 -0.034401594288647176 0.11400748183950782
leaf_weight=3634 3824 14574 2318 1291 354 1805 427 25 143 941 8919 476 20 2177 1452 31 24 1679 2323 682 1405 232 29 4418 10959 34 126 74 24 20
leaf_count=3634 3824 14574 2318 1291 354 1805 427 25 143 941 8919 476 20 2177 1452 31 24 1679 2323 682 1405 232 29 4418 10959 34 126 74 24 20
internal_value=2.69674e-06 0.00452875 0.00189965 -0.000167545 0.00162306 -0.00452335 0.0150189 0.0103453 0.00975704 0.000918122 -0.00529587 0.0112908 0.00773153 -0.00431235 0.0245218 -0.0264708 0.0198885 -0.00927988 0.00744007 0.0123681 0.00346239 0.0186945 -0.0032707 -0.00622674 -0.00769931 0.0298116 -0.0165231 0.00764768 0.0336362 0.0510076
internal_weight=64440 32220 25776 19028 15903 32220 6444 4309 4284 15515 30297 4110 6748 26473 2135 174 1708 3125 6728 3005 3723 1684 1708 17554 13136 388 1417 1923 118 94
internal_count=64440 32220 25776 19028 15903 32220 6444 4309 4284 15515 30297 4110 6748 26473 2135 174 1708 3125 6728 3005 3723 1684 1708 17554 13136 388 1417 1923 118 94
cat_boundaries=0 1
cat_threshold=4
is_linear=0
shrinkage=0.05


Tree=65
num_leaves=31
num_cat=1
split_feature=8 9 5 5 1 9 7 7 6 4 9 4 0 7 4 9 7 6 10 7 2 6 7 9 7 9 5 8 1 1
split_gain=481.49 227.483 135.907 142.386 196.448 147.953 119.864 106.448 91.4811 86.6821 82.7068 79.3748 75.0704 72.6858 61.4605 60.8486 61.198 54.2195 51.1403 57.9384 58.8933 57.5799 44.5306 42.9384 41.1161 46.991 48.5854 40.8743 35.4922 33.3505
threshold=3.5000000000000004 3.5625000000000004 1.0000000180025095e-35 -0.78656609248549325 12.500000000000002 7.3125000000000009 4.5000000000000009 2.5000000000000004 1.0000000180025095e-35 1.0000000180025095e-35 1.8541666666666667 -0.70710678118654735 11.500000000000002 16.500000000000004 0.78656609248549325 4.4375000000000009 10.500000000000002 4.5000000000000009 0 3.5000000000000004 1.0000000180025095e-35 3.5000000000000004 13.500000000000002 6.7708333333333348 2.5000000000000004 2.8125000000000004 0.37940952255126048 16.500000000000004 17.500000000000004 11.500000000000002
decision_type=8 10 2 2 2 10 10 10 10 2 10 2 2 10 2 10 10 10 1 8 2 10 10 10 8 10 2 10 2 2
left_child=8 9 3 4 12 6 -5 -6 -1 24 29 15 -3 -7 22 28 -17 -16 -11 21 -21 -20 -13 -4 25 -2 -27 -25 -12 -10
right_child=1 2 23 5 7 13 -8 -9 10 18 11 14 -14 -15 17 16 -18 -19 19 20 -22 -23 -24 27 -26 26 -28 -29 -30 -31
leaf_value=-0.0096451124765992661 -0.0062132137337187823 0.0077816733543408113 -0.0012727030899977521 0.022138894758517623 0.036484951806513011 0.037372338440310966 0.0080306557726719865 -0.0087901131498796716 -0.0066488923012706959 0.015529861958959335 0.0085628387103863744 -0.0052427417595081573 0.024757867695334199 -0.0079022078323319114 -0.00053134514882068051 0.020101772409557461 -0.021983578985499352 0.020130668456745517 0.0001219527941741713 0.017625707790527183 -0.0090704742335837411 0.018805930695560032 -0.060921844922833972 0.0079304968344524936 -0.0084906165781602205 0.020273610751584889 -0.00549804021843317 0.079977053068578247 -0.0023695466490196017 -0.02184488531570598
leaf_weight=6340 1077 3409 4753 2037 137 848 5770 2479 692 741 1053 14343 805 99 5768 789 97 336 1027 240 1484 689 36 1255 4081 459 304 20 2517 755
leaf_count=6340 1077 3409 4753 2037 137 848 5770 2479 692 741 1053 14343 805 99 5768 789 97 336 1027 240 1484 689 36 1255 4081 459 304 20 2517 755
internal_value=2.56192e-06 0.00439299 0.00728817 0.00975416 0.00434342 0.0139757 0.0117118 -0.00641906 -0.0042521 -0.00180089 -0.00295627 -0.00228198 0.0110246 0.0326393 -0.00359765 0.0037658 0.0154942 0.000606013 0.00371085 0.00111656 -0.00535407 0.00762385 -0.00538214 0.000912932 -0.0056929 0.000512256 0.0100055 0.00906064 0.000855048 -0.0145777
internal_weight=64440 31714 21612 15584 6830 8754 7807 2616 32726 10102 26386 24939 4214 947 20483 4456 886 6104 4181 3440 1724 1716 14379 6028 5921 1840 763 1275 3570 1447
internal_count=64440 31714 21612 15584 6830 8754 7807 2616 32726 10102 26386 24939 4214 947 20483 4456 886 6104 4181 3440 1724 1716 14379 6028 5921 1840 763 1275 3570 1447
cat_boundaries=0 1
cat_threshold=20
is_linear=0
shrinkage=0.05


Tree=66
num_leaves=31
num_cat=1
split_feature=6 8 0 0 4 4 4 6 9 7 9 8 0 1 5 9 0 9 2 6 7 7 9 0 10 6 2 7 7 8
split_gain=440.477 239.505 159.373 118.979 103.746 88.9547 110.779 119.562 117.147 84.316 80.844 75.9565 62.2911 58.9039 109.942 78.5254 63.7273 57.326 55.266 52.9763 45.2083 44.5352 49.7449 40.8887 35.9305 34.9883 33.6255 84.5412 61.34 30.1723
threshold=2.5000000000000004 9.5000000000000018 9.5000000000000018 19.500000000000004 0.37940952255126054 0.37940952255126054 -0.60355339059327362 13.500000000000002 3.9791666666666674 21.500000000000004 7.6875000000000009 2.5000000000000004 12.500000000000002 17.500000000000004 -0.60355339059327384 9.5208333333333339 20.500000000000004 1.8541666666666667 5.5000000000000009 1.0000000180025095e-35 9.5000000000000018 4.5000000000000009 4.979166666666667 1.0000000180025095e-35 0 8.5000000000000018 3.5000000000000004 13.500000000000002 4.5000000000000009 13.500000000000002
decision_type=10 8 2 2 2 2 2 10 10 10 10 10 2 2 2 10 2 10 2 10 10 10 10 2 1 10 2 10 10 10
left_child=12 2 5 4 9 6 8 -8 -2 10 -3 20 17 14 16 -16 -4 -1 -13 -19 -7 22 -15 -21 -25 -23 28 -28 -6 -5
right_child=1 3 13 29 26 11 7 -9 -10 -11 -12 18 -14 21 15 -17 -18 19 -20 23 -22 25 -24 24 -26 -27 27 -29 -30 -31
leaf_value=-0.013144556061830596 -0.0020211817798870195 0.0062013501035700774 0.010101303193031179 0.053991476148366926 0.045500016881773873 -0.0030736384721322205 -0.0050628047985281904 0.04094829835596827 0.0079986418478556094 -0.083276083976030355 0.026791653307150512 0.011546185383591569 0.080951702452841265 -0.012924858044228844 0.028970201817521808 0.12283346837629444 -0.079622416943311694 -0.0083218498597424084 -0.0037802487166939793 -0.0080940261739229601 0.054218166675418615 0.0067625361863030481 0.037822204016202648 0.0041644650177959375 -0.0029104704839608029 -0.016744236149310684 0.026383882713805151 0.0859871768045114 0.0095839958034746719 0.12490494767359149
leaf_weight=2083 6546 3757 1887 40 150 2125 11162 143 5262 25 546 3889 21 74 714 23 20 6492 693 3193 35 287 139 2119 11467 353 531 67 573 24
leaf_count=2083 6546 3757 1887 40 150 2125 11162 143 5262 25 546 3889 21 74 714 23 20 6492 693 3193 35 287 139 2119 11467 353 531 67 573 24
internal_value=2.55431e-06 0.00333423 0.0017139 0.0127936 0.0120256 0.000530978 -0.000943072 -0.0044808 0.00244395 0.00828207 0.00881402 0.00558433 -0.00512659 0.0118129 0.0154987 0.0318994 0.00916031 -0.00519788 0.00922815 -0.00448657 -0.0021453 0.000388018 0.0201918 -0.00300266 -0.00180607 -0.00620292 0.0242904 0.0330618 0.0170355 0.080584
internal_weight=64440 39065 33352 5713 5649 29855 23113 11305 11808 4328 4303 6742 25375 3497 2644 737 1907 25354 4582 23271 2160 853 213 16779 13586 640 1321 598 723 64
internal_count=64440 39065 33352 5713 5649 29855 23113 11305 11808 4328 4303 6742 25375 3497 2644 737 1907 25354 4582 23271 2160 853 213 16779 13586 640 1321 598 723 64
cat_boundaries=0 1
cat_threshold=4
is_linear=0
shrinkage=0.05


Tree=67
num_leaves=31
num_cat=1
split_feature=5 6 5 5 9 1 6 4 8 7 0 8 9 10 1 9 9 9 7 8 9 9 7 7 9 9 0 7 0 7
split_gain=405.663 264.141 192.234 185.338 141.634 115.007 108.302 106.776 93.1476 77.299 74.1886 61.2325 58.7671 57.6025 58.8341 56.0976 53.8236 52.3462 51.8199 79.0193 60.9048 50.5397 55.1213 48.3676 55.0141 47.8737 64.4568 51.2088 47.1979 48.6549
threshold=-0.12940952255126037 6.5000000000000009 -0.5 -0.70710678118654757 4.3958333333333348 10.500000000000002 12.500000000000002 -0.37940952255126059 12.500000000000002 7.5000000000000009 7.5000000000000009 17.500000000000004 4.1458333333333348 0 22.500000000000004 3.3958333333333335 6.729166666666667 2.1458333333333335 13.500000000000002 17.500000000000004 8.8958333333333339 3.8125000000000004 3.5000000000000004 5.5000000000000009 5.604166666666667 7.9375000000000009 12.500000000000002 13.500000000000002 12.500000000000002 6.5000000000000009
decision_type=2 10 2 2 10 2 10 2 8 8 2 10 10 1 2 10 10 10 10 8 10 10 8 10 10 10 2 10 2 8
left_child=1 3 6 5 17 28 18 11 10 12 -5 25 -7 -9 -15 -12 -13 -2 20 -20 -3 22 -4 24 -23 27 -27 -6 29 -1
right_child=4 2 21 8 7 9 -8 13 -10 -11 15 16 -14 14 -16 -17 -18 -19 19 -21 -22 23 -24 -25 -26 26 -28 -29 -30 -31
leaf_value=0.013391646231695482 -0.012013604820196921 0.0067111728902334066 0.038760957952056613 0.0030024531872338382 0.0049995493019542462 -0.0060231014842109061 0.022247823496611141 0.0017586452910151231 0.031502165704837569 -0.016324374672415508 -0.0059060829631125107 0.0070997208356857302 0.0079424653998440859 -0.0045909339953341356 -0.021259085037326989 0.019814191793165615 0.11093596059542438 -0.0051236363101768746 -0.016556728721623965 0.067549899605413286 0.067838848636644647 0.0371182950716024 -0.018304784726090383 0.026143969861910712 0.083612147957387875 0.033009984171961985 -0.0088182835146611519 -0.02311793088779918 0.066312327509855523 -0.0047455040985619167
leaf_weight=1014 3248 6653 70 8710 4483 5303 1198 3485 336 1615 258 24 878 4189 606 1189 26 18225 404 30 41 253 107 775 85 322 129 168 34 582
leaf_count=1014 3248 6653 70 8710 4483 5303 1198 3485 336 1615 258 24 878 4189 606 1189 26 18225 404 30 41 253 107 775 85 322 129 168 34 582
internal_value=2.43631e-06 0.00431515 0.0111206 0.00102979 -0.00364678 -0.00405888 0.00833789 0.000380255 0.00560101 -0.00658426 0.00474418 0.00603175 -0.00403932 -0.00313623 -0.00668354 0.0152283 0.0610946 -0.00616581 0.00600006 -0.0107429 0.00708557 0.0290808 0.00426359 0.0330274 0.0488105 0.00549213 0.0210458 0.00398391 0.00801955 0.00677772
internal_weight=64440 29535 9616 19919 34905 9426 8326 13432 10493 7796 10157 5152 6181 8280 4795 1447 50 21473 7128 434 6694 1290 177 1113 338 5102 451 4651 1630 1596
internal_count=64440 29535 9616 19919 34905 9426 8326 13432 10493 7796 10157 5152 6181 8280 4795 1447 50 21473 7128 434 6694 1290 177 1113 338 5102 451 4651 1630 1596
cat_boundaries=0 1
cat_threshold=4
is_linear=0
shrinkage=0.05


Tree=68
num_leaves=31
num_cat=1
split_feature=6 8 0 0 4 6 7 4 4 9 8 0 7 5 9 2 10 5 0 6 0 7 0 9 8 0 2 7 7 7
split_gain=367.913 201.63 132.192 104.981 90.438 80.1621 76.7352 75.4677 97.1583 72.0083 65.7262 55.3066 54.6569 59.8177 63.5899 52.9595 50.3254 43.6432 41.2887 37.9325 37.5208 37.3831 35.3814 61.2433 36.0168 30.1474 30.05 76.7685 55.0635 27.1907
threshold=2.5000000000000004 9.5000000000000018 9.5000000000000018 19.500000000000004 0.37940952255126054 15.500000000000002 20.500000000000004 0.37940952255126054 -0.60355339059327362 7.6875000000000009 2.5000000000000004 12.500000000000002 14.500000000000002 0.60355339059327384 5.8125000000000009 4.5000000000000009 0 -0.98296291314453399 1.5000000000000002 14.500000000000002 8.5000000000000018 8.5000000000000018 9.5000000000000018 5.1458333333333348 13.500000000000002 6.5000000000000009 3.5000000000000004 13.500000000000002 4.5000000000000009 10.500000000000002
decision_type=10 8 2 2 2 10 10 2 2 10 10 2 10 2 10 2 1 2 2 10 2 10 2 10 10 2 2 10 10 10
left_child=11 2 5 4 6 7 9 8 -2 -3 -9 16 13 14 -4 -7 20 -14 21 -19 25 -18 24 -24 -20 -1 28 -28 -6 -5
right_child=1 3 12 29 26 15 -8 10 -10 -11 -12 -13 17 -15 -16 -17 18 19 22 -21 -22 -23 23 -25 -26 -27 27 -29 -30 -31
leaf_value=-0.0085108919142999548 0.0021409209787308435 0.0056409560333571919 0.0077425917123394271 0.037253268097561819 0.042566865985398189 0.065404238068283757 -0.06844369145392469 -0.0022148047684837986 -0.0043590621723244138 0.025183705929044727 0.008369846444301084 0.076423669961236784 -0.082108438201248649 -0.022298479485681498 0.022128952306923758 -0.0093720877618419345 -0.0056367625875562901 0.002477694150522678 -0.00096693582806956944 -0.071236399412155149 -0.065052540317691615 -0.054086736107710753 -0.0037911717991034192 -0.083890881220410982 0.044375926530284979 0.015429252483324741 0.024384709538562178 0.081181963649925915 0.0085379474875183995 0.10324464009420292
leaf_weight=7058 11753 3756 1914 27 150 78 33 2158 11254 539 4578 21 22 121 1283 34 8529 137 9410 20 29 40 75 35 44 134 531 67 573 37
leaf_count=7058 11753 3756 1914 27 150 78 33 2158 11254 539 4578 21 22 121 1283 34 8529 137 9410 20 29 40 75 35 44 134 531 67 573 37
internal_value=2.32816e-06 0.00304724 0.00156053 0.0117265 0.0110051 0.000483197 0.00750989 0.00032421 -0.00103858 0.00809347 0.00497886 -0.00468533 0.0107581 0.01221 0.013516 0.0427043 -0.00475251 -0.0161546 -0.00334048 -0.00691264 -0.00828224 -0.00586293 -0.00108394 -0.0292774 -0.000755905 -0.00806484 0.0224563 0.0307483 0.0155979 0.0754045
internal_weight=64440 39065 33352 5713 5649 29855 4328 29743 23007 4295 6736 25375 3497 3318 3197 112 25354 179 18133 157 7221 8569 9564 110 9454 7192 1321 598 723 64
internal_count=64440 39065 33352 5713 5649 29855 4328 29743 23007 4295 6736 25375 3497 3318 3197 112 25354 179 18133 157 7221 8569 9564 110 9454 7192 1321 598 723 64
cat_boundaries=0 1
cat_threshold=2
is_linear=0
shrinkage=0.05


Tree=69
num_leaves=31
num_cat=3
split_feature=5 6 5 5 9 1 6 9 8 7 8 0 10 4 9 7 1 10 10 4 0 9 7 8 7 7 9 6 0 7
split_gain=343.23 225.428 171.301 162.281 124.151 97.807 91.961 82.8932 79.9187 70.8202 65.4994 64.1108 53.7976 52.914 49.7889 48.1409 99.8235 56.8969 46.8263 58.8797 70.3321 44.7722 49.6554 45.1903 44.7623 44.0557 48.8301 44.3821 41.5669 44.5537
threshold=-0.12940952255126037 6.5000000000000009 -0.5 -0.70710678118654757 7.2708333333333348 10.500000000000002 12.500000000000002 3.0625000000000004 12.500000000000002 7.5000000000000009 16.500000000000004 7.5000000000000009 0 -0.37940952255126059 3.3958333333333335 12.500000000000002 11.500000000000002 1 2 -0.98296291314453399 12.500000000000002 3.8125000000000004 3.5000000000000004 5.5000000000000009 12.500000000000002 5.5000000000000009 5.604166666666667 12.500000000000002 12.500000000000002 6.5000000000000009
decision_type=2 10 2 2 10 2 10 10 8 8 10 2 1 2 10 10 2 1 1 2 2 10 8 10 10 10 10 10 2 8
left_child=1 3 6 5 7 28 15 -2 11 12 18 -5 -7 -9 -13 17 -17 -3 19 24 -21 22 23 -4 -6 26 -23 -27 29 -1
right_child=4 2 21 8 10 9 -8 13 -10 -11 -12 14 -14 -15 -16 16 -18 -19 -20 20 -22 25 -24 -25 -26 27 -28 -29 -30 -31
leaf_value=0.012474804078737372 -0.0077830996214351897 0.011008313918216696 0.0084910125808512916 0.0027987989925436375 0.070151075021639253 -0.010033205298047647 0.020447028017286459 0.00065575122531623961 0.029203068949503915 -0.015479409172439888 0.09212722589221338 -0.0057466048296755763 -0.00027217806789237356 -0.0043463507110140607 0.018484312015831554 0.013177181902251001 -0.027612970450881142 0.0016249206806680254 -0.0069195430272821828 0.011464418132003532 -0.031064196095730252 0.034972635575311571 -0.017568146554583459 0.094023044634124517 0.0034763984955274146 0.019856421278572928 0.078775472807533609 0.056177141366060827 0.062016169463886939 -0.0048811261266105107
leaf_weight=1014 10509 3532 47 8710 71 2173 1198 8673 336 1615 23 258 4008 13542 1189 288 313 2995 454 1490 104 253 107 23 39 679 85 96 34 582
leaf_count=1014 10509 3532 47 8710 71 2173 1198 8673 336 1615 23 258 4008 13542 1189 288 313 2995 454 1490 104 253 107 23 39 679 85 96 34 582
internal_value=2.21177e-06 0.0039692 0.0102562 0.000934125 -0.00335447 -0.00382752 0.00762936 -0.0041243 0.00521157 -0.00615641 0.00819618 0.00441791 -0.00372045 -0.00239347 0.0141639 0.0054751 -0.00806628 0.00672198 0.00730164 0.0110663 0.00868965 0.0272103 0.00385207 0.0365944 0.0465119 0.030925 0.0459881 0.0243555 0.00731116 0.00614576
internal_weight=64440 29535 9616 19919 34905 9426 8326 32724 10493 7796 2181 10157 6181 22215 1447 7128 601 6527 2158 1704 1594 1290 177 70 110 1113 338 775 1630 1596
internal_count=64440 29535 9616 19919 34905 9426 8326 32724 10493 7796 2181 10157 6181 22215 1447 7128 601 6527 2158 1704 1594 1290 177 70 110 1113 338 775 1630 1596
cat_boundaries=0 1 2 3
cat_threshold=2 20 4
is_linear=0
shrinkage=0.05


Tree=70
num_leaves=31
num_cat=0
split_feature=5 6 5 5 9 1 2 7 8 2 0 7 9 6 4 2 8 2 0 9 5 7 0 9 8 8 7 9 6 5
split_gain=309.778 203.932 170.589 119.405 113.941 108.057 96.007 130.98 138.121 130.85 138.537 76.9637 137.669 67.9952 67.6757 58.585 182.443 127.892 55.0023 51.7715 46.5288 46.4535 41.9026 78.775 91.9002 55.3783 42.7106 36.8496 36.3526 35.3735
threshold=-0.12940952255126037 7.5000000000000009 -0.70710678118654757 -0.5 5.1458333333333348 10.500000000000002 4.5000000000000009 12.500000000000002 11.500000000000002 5.5000000000000009 7.5000000000000009 2.5000000000000004 2.7708333333333335 12.500000000000002 -0.37940952255126059 5.5000000000000009 25.500000000000004 3.5000000000000004 13.500000000000002 1.8541666666666667 -0.5 10.500000000000002 14.500000000000002 8.5208333333333339 11.500000000000002 14.500000000000002 12.500000000000002 2.8541666666666674 3.5000000000000004 0.60355339059327384
decision_type=2 10 2 2 10 2 2 10 10 2 2 8 10 10 2 2 8 2 2 10 2 8 2 10 10 8 10 8 10 2
left_child=1 2 5 13 19 18 7 8 -4 10 -8 12 -7 15 22 17 -17 -3 27 -2 -9 -13 23 -6 -25 26 -24 -1 -11 -21
right_child=4 3 6 -5 14 11 9 20 -10 28 -12 21 -14 -15 -16 16 -18 -19 -20 29 -22 -23 25 24 -26 -27 -28 -29 -30 -31
leaf_value=0.016984119848501882 -0.013468723479951117 0.0022325596162982957 0.0026284243097892375 0.028451378733188693 0.0064991774363727887 -0.0067510777630690388 0.016071780575903517 -0.064524927708423802 0.040911474557202537 -0.0040746903153587692 0.053680052542002067 -0.0062958989020235534 0.022900509061065298 0.019424676550287935 -0.0017192228056174556 -0.010598619296848473 0.14243470047600568 0.020156011483815843 0.081526997685432437 -0.0022294609652430044 -0.014356126891154992 -0.020552597419741803 -0.015853408706460556 0.026035696560710343 0.12823888553678991 0.058579739857287642 -0.087744565010070802 0.001960174282724038 0.010923503175326211 -0.0060414422556359891
leaf_weight=606 1632 2883 7743 869 2996 1042 1259 90 243 844 304 6775 627 1198 5437 743 20 1520 25 11363 95 624 119 183 25 21 25 1250 775 13104
leaf_count=606 1632 2883 7743 869 2996 1042 1259 90 243 844 304 6775 627 1198 5437 743 20 1520 25 11363 95 624 119 183 25 21 25 1250 775 13104
internal_value=2.06553e-06 0.00377078 0.00140469 0.0110663 -0.00318684 -0.0030482 0.00569912 0.0028298 0.00379331 0.0130672 0.0233865 -0.00531049 0.00438825 0.00869238 0.00173116 0.00620355 -0.00658726 0.00842008 0.00785793 -0.00484622 -0.0387626 -0.00749825 0.00729951 0.00856493 0.0383197 -0.0172727 -0.0283345 0.00686562 0.0031048 -0.00427108
internal_weight=64440 29535 22302 7233 34905 10949 11353 8171 7986 3182 1563 9068 1669 6364 8806 5166 763 4403 1881 26099 185 7399 3369 3204 208 165 144 1856 1619 24467
internal_count=64440 29535 22302 7233 34905 10949 11353 8171 7986 3182 1563 9068 1669 6364 8806 5166 763 4403 1881 26099 185 7399 3369 3204 208 165 144 1856 1619 24467
is_linear=0
shrinkage=0.05


Tree=71
num_leaves=31
num_cat=2
split_feature=8 10 5 9 5 7 0 1 9 0 6 9 9 2 4 9 1 6 0 7 2 8 10 0 7 0 0 8 6 9
split_gain=287.354 162.985 109.946 99.315 77.2446 113.158 105.545 73.6526 87.734 72.4329 63.3903 63.381 48.4774 47.916 38.7948 70.5322 52.0636 55.0025 42.433 38.1575 33.6899 29.7148 29.6228 28.7712 30.6952 28.4099 27.7426 23.5328 23.2748 27.4103
threshold=2.5000000000000004 0 0.1294095225512602 1.6458333333333337 0.60355339059327384 6.5000000000000009 7.5000000000000009 10.500000000000002 11.22916666666667 11.500000000000002 18.500000000000004 3.6041666666666674 7.2708333333333348 2.5000000000000004 -0.5 2.0625000000000004 12.500000000000002 1.0000000180025095e-35 1.0000000180025095e-35 8.5000000000000018 1.0000000180025095e-35 13.500000000000002 1 10.500000000000002 5.5000000000000009 10.500000000000002 4.5000000000000009 15.500000000000002 3.5000000000000004 4.2708333333333348
decision_type=8 1 2 10 2 10 2 2 8 2 10 10 8 2 2 10 2 10 2 10 2 10 1 2 10 2 2 10 10 10
left_child=14 2 7 26 5 6 -5 9 10 20 -9 -7 23 25 15 -1 17 -16 -19 -11 -2 -15 -20 27 -25 -14 -3 -4 -17 -30
right_child=1 3 12 4 -6 11 -8 8 -10 19 -12 -13 13 21 16 28 -18 18 22 -21 -22 -23 -24 24 -26 -27 -28 -29 29 -31
leaf_value=-0.01520731268372064 0.031116249522214014 -0.014803999898376712 -0.0025602755844958058 0.0027474503523919561 -0.0050558441758228687 -0.011969945630890329 0.013142837851378203 0.0065116074633807088 0.096229178511670663 0.058853487881236288 0.049168305203653451 -0.00053365588589258548 0.030425257122405569 -0.0020025397379530171 -0.0085029414999378116 0.0070408419085294868 -0.011899579853344479 -0.0073837963702444017 0.0051068525931228514 0.026606092192843312 0.012465043161679804 0.056106727246357048 -0.0020613494484959466 0.013766904491366763 -0.04295784524035489 -0.0031518669987592516 -0.044027990817415472 0.044417515286692869 -0.0045674020093138474 0.0070018093172687541
leaf_weight=658 283 474 2105 14455 4190 1513 2938 4067 28 147 89 6080 311 506 5225 1635 2493 3199 1763 244 1676 23 7699 33 86 79 98 27 1552 764
leaf_count=658 283 474 2105 14455 4190 1513 2938 4067 28 147 89 6080 311 506 5225 1635 2493 3199 1763 244 1676 23 7699 33 86 79 98 27 1552 764
internal_value=1.96225e-06 0.00265921 0.00828227 0.000821865 0.00122666 0.00228019 0.00450342 0.0119978 0.00801938 0.0190811 0.00742509 -0.00281248 0.000649922 0.0103269 -0.0041934 -5.074e-05 -0.00513032 -0.0041868 -0.0024056 0.0387298 0.0151594 0.00052395 -0.000722521 -0.00330083 -0.0272275 0.0236237 -0.0198109 -0.00196534 0.00247344 -0.000750961
internal_weight=64440 39452 9704 29748 29176 24986 17393 6534 4184 2350 4156 7593 3170 919 24988 4609 20379 17886 12661 391 1959 529 9462 2251 119 390 572 2132 3951 2316
internal_count=64440 39452 9704 29748 29176 24986 17393 6534 4184 2350 4156 7593 3170 919 24988 4609 20379 17886 12661 391 1959 529 9462 2251 119 390 572 2132 3951 2316
cat_boundaries=0 1 2
cat_threshold=4 4
is_linear=0
shrinkage=0.05


Tree=72
num_leaves=31
num_cat=2
split_feature=6 8 9 4 5 5 7 0 9 4 7 6 0 0 0 4 7 0 0 10 0 6 1 7 10 4 0 2 0 9
split_gain=263.645 149.295 97.9152 97.1611 96.9194 155.052 102.75 87.2198 87.1887 71.9936 95.2147 87.6911 63.0167 55.4296 75.9743 53.2467 52.8028 49.2725 46.5802 40.1016 35.1809 33.0562 30.3301 28.7726 30.7786 28.694 51.4505 26.0277 25.7457 25.7149
threshold=2.5000000000000004 9.5000000000000018 5.8125000000000009 -0.60355339059327362 -0.12940952255126037 -0.5 13.500000000000002 19.500000000000004 10.187500000000002 0.25881904510252091 8.5000000000000018 15.500000000000002 18.500000000000004 13.500000000000002 19.500000000000004 -0.78656609248549303 5.5000000000000009 13.500000000000002 12.500000000000002 0 8.5000000000000018 1.0000000180025095e-35 10.500000000000002 17.500000000000004 1 0.78656609248549325 9.5000000000000018 4.5000000000000009 6.5000000000000009 3.0625000000000004
decision_type=10 8 10 2 2 2 10 2 10 2 8 10 2 2 2 2 10 2 2 1 2 10 2 10 1 2 2 2 2 10
left_child=18 2 4 8 5 6 -2 9 12 10 15 -12 -4 22 -15 -3 -7 29 19 20 28 -21 -5 24 -11 -23 -27 -9 -1 -6
right_child=1 7 3 13 17 16 -8 27 -10 23 11 -13 -14 14 -16 -17 -18 -19 -20 21 -22 25 -24 -25 -26 26 -28 -29 -30 -31
leaf_value=-0.0073789571890438476 0.0004152571577719081 0.019287521678977487 0.015967609301630048 0.0052068289222285758 -0.0074075133020276062 0.01622842087998726 -0.04811592623930086 0.033060317769132812 0.094665772813771462 -0.0028616267237376574 -0.0081794852863231182 0.038653921429067852 -0.073261232264339934 0.036833392547895062 -0.059173609834650288 0.0039743882782790662 0.0033210626512154943 -0.06107764644800006 0.070469352177211217 -0.0062825869567898684 -0.062148860906218663 -0.0032662193269801516 -0.0042522411585007511 -0.014009426738394582 0.020338867841723285 0.0019659414430397829 -0.060675909720135458 0.097114077465874804 0.01474454567638233 -0.0019027953480178839
leaf_weight=7058 12820 1148 1860 1909 2832 2325 110 29 35 161 1341 108 20 198 23 1123 1202 37 21 4890 29 8307 1524 71 1697 4903 33 35 134 8457
leaf_count=7058 12820 1148 1860 1909 2832 2325 110 29 35 161 1341 108 20 198 23 1123 1202 37 21 4890 29 8307 1524 71 1697 4903 33 35 134 8457
internal_value=1.88779e-06 0.00257946 0.00130017 0.00735128 8.72458e-05 0.00253715 2.38553e-06 0.0100479 0.0164741 0.00939028 0.0053256 -0.0046888 0.0150184 0.00257018 0.0268417 0.0117152 0.0118296 -0.00347253 -0.00396631 -0.00402796 -0.00717843 -0.00276788 0.0010077 0.0172288 0.0184226 -0.00147216 0.00154714 0.0680897 -0.00696676 -0.00328373
internal_weight=64440 39065 33352 5569 27783 16457 12930 5713 1915 5649 3720 1449 1880 3654 221 2271 3527 11326 25375 25354 7221 18133 3433 1929 1858 13243 4936 64 7192 11289
internal_count=64440 39065 33352 5569 27783 16457 12930 5713 1915 5649 3720 1449 1880 3654 221 2271 3527 11326 25375 25354 7221 18133 3433 1929 1858 13243 4936 64 7192 11289
cat_boundaries=0 1 2
cat_threshold=2 1
is_linear=0
shrinkage=0.05


Tree=73
num_leaves=31
num_cat=2
split_feature=8 10 5 9 7 5 8 9 7 2 2 5 9 0 1 6 9 2 4 9 10 8 9 8 5 1 7 0 0 7
split_gain=241.411 138.155 95.6376 87.2738 71.3133 79.3519 75.1617 66.869 141.143 135.977 102.423 63.6658 72.3696 60.4674 57.062 56.8271 42.0265 43.029 35.4388 42.7993 34.0408 32.5307 29.1782 26.7201 26.7064 30.2848 28.3594 26.681 26.5166 27.8723
threshold=2.5000000000000004 0 0.1294095225512602 1.6458333333333337 10.500000000000002 0.60355339059327384 17.500000000000004 6.104166666666667 8.5000000000000018 3.5000000000000004 1.0000000180025095e-35 -0.98296291314453399 8.1458333333333339 11.500000000000002 13.500000000000002 1.5000000000000002 7.2708333333333348 2.5000000000000004 -0.70710678118654735 2.0625000000000004 1 9.5000000000000018 10.312500000000002 11.500000000000002 0.60355339059327384 1.0000000180025095e-35 10.500000000000002 10.500000000000002 10.500000000000002 5.5000000000000009
decision_type=8 1 2 10 10 2 10 8 10 2 2 2 10 2 2 10 8 2 2 10 1 10 10 10 2 2 10 2 2 10
left_child=18 2 7 -3 5 6 -5 10 15 -10 21 13 -13 -6 -12 -9 28 27 19 -1 22 -2 24 -19 26 -26 -20 -18 -4 -30
right_child=1 3 16 4 11 -7 -8 8 9 -11 14 12 -14 -15 -16 -17 17 23 20 -21 -22 -23 -24 -25 25 -27 -28 -29 29 -31
leaf_value=-0.012789051209835129 0.019239541068858487 -0.018595686228091057 -0.0019003901583462338 0.0027612228402123669 -0.026574076931404917 -0.0046224629028458397 0.083306303466188503 -0.01037945491997035 -0.0035774492159442758 0.023234650493344201 0.008650577204172262 -0.0041177050091185368 -0.091668801739191022 -0.11688055616049541 -0.0052576980496558696 0.034498000904847059 0.028697995395157067 -0.0035331345921697319 0.0024229680540293645 0.0039985651112195699 -0.0058556987425869844 0.047243138378141578 0.035683656487470641 0.033893058666924263 0.0054528946625862938 -0.0063500439303173549 -0.03946474141827444 -0.0038414088183943229 0.012911344759843566 -0.041142131101210108
leaf_weight=450 358 572 2132 23341 158 4175 29 76 1049 861 1824 1428 24 21 1238 982 311 476 2797 2429 15121 146 52 53 645 3453 41 79 33 86
leaf_count=450 358 572 2132 23341 158 4175 29 76 1049 861 1824 1428 24 21 1238 982 311 476 2797 2429 15121 146 52 53 645 3453 41 79 33 86
internal_value=1.92902e-06 0.00243751 0.00761455 0.000745908 0.00112536 0.00172688 0.00286117 0.0110798 0.0166242 0.00850905 0.00646519 -0.00903331 -0.00556483 -0.0371687 0.00302731 0.0312743 0.00049602 0.00950616 -0.00384345 0.00137459 -0.00452294 0.0273517 -0.00162833 0.00021656 -0.00191041 -0.00449233 0.00181782 0.0221067 -0.00318249 -0.0261525
internal_weight=64440 39452 9704 29748 29176 27545 23370 6534 2968 1910 3566 1631 1452 179 3062 1058 3170 919 24988 2879 22109 504 6988 529 6936 4098 2838 390 2251 119
internal_count=64440 39452 9704 29748 29176 27545 23370 6534 2968 1910 3566 1631 1452 179 3062 1058 3170 919 24988 2879 22109 504 6988 529 6936 4098 2838 390 2251 119
cat_boundaries=0 1 2
cat_threshold=4 20
is_linear=0
shrinkage=0.05


Tree=74
num_leaves=31
num_cat=2
split_feature=6 5 10 7 1 7 9 0 9 1 1 9 6 9 8 9 0 0 0 9 10 8 9 8 7 0 7 6 1 9
split_gain=221.376 129.162 141.772 97.1417 86.5281 90.3386 91.4931 72.3124 67.2619 98.0917 81.8169 62.3027 58.2441 54.3064 47.7708 45.2714 41.5247 36.9308 36.7925 47.2313 40.2291 35.834 32.6706 29.2397 27.4942 37.4821 28.8165 27.842 27.1831 44.9748
threshold=2.5000000000000004 0.60355339059327384 0 2.5000000000000004 10.500000000000002 3.5000000000000004 6.3125000000000009 7.5000000000000009 4.104166666666667 12.500000000000002 14.500000000000002 8.8541666666666696 12.500000000000002 6.729166666666667 5.5000000000000009 2.1458333333333335 12.500000000000002 1.0000000180025095e-35 9.5000000000000018 5.1458333333333348 1 25.500000000000004 3.3541666666666674 3.5000000000000004 10.500000000000002 8.5000000000000018 2.5000000000000004 6.5000000000000009 22.500000000000004 4.6458333333333348
decision_type=10 2 1 8 2 10 10 2 10 2 2 10 10 10 10 10 2 2 2 10 1 8 8 10 10 2 10 10 2 8
left_child=16 2 4 7 12 6 -6 15 9 -5 -10 -7 21 -14 -9 -4 17 -1 20 23 22 -2 -19 -20 25 28 -27 -28 29 -3
right_child=1 24 3 8 5 11 -8 14 10 -11 -12 -13 13 -15 -16 -17 -18 18 19 -21 -22 -23 -24 -25 -26 26 27 -29 -30 -31
leaf_value=-0.0071685124821689724 0.015122368653869168 -0.0055579637522722766 -0.0052611376047194472 0.0035450248608292789 0.021702661142183065 0.0028648198163555116 0.10440236837477297 0.040048061144000419 -0.00064318353472633957 -0.006173550874362198 0.0090977397154668443 0.024292954136122639 0.08911260439154621 0.027103561547330835 0.0092048329189419742 0.0089146809119177422 0.066645935532592598 -0.016621112770349101 0.036570462204205498 -0.079224879486220229 -0.0033838439393977919 0.075353855073451992 0.0047922768667916452 -0.029050628339935991 0.025244472505726728 0.015152135887780253 -0.0027581028668334645 -0.045027867101816811 -0.0093265891870693753 0.0030613683954102558
leaf_weight=5872 2016 3329 688 4371 348 4481 37 284 4860 6395 3874 367 52 110 225 3105 21 192 24 35 16708 25 2465 58 83 39 56 128 1417 2775
leaf_count=5872 2016 3329 688 4371 348 4481 37 284 4860 6395 3874 367 52 110 225 3105 21 192 24 35 16708 25 2465 58 83 39 56 128 1417 2775
internal_value=1.78712e-06 0.00236372 0.00380285 0.00191665 0.0098246 0.00633827 0.0296504 0.00871807 0.000417139 -0.00222781 0.00367744 0.00448696 0.0181506 0.0470077 0.026414 0.00634338 -0.00363442 -0.00369263 -0.00264498 -0.0305993 -0.00247609 0.0158601 0.00323274 -0.00984446 -0.00337993 -0.00368673 -0.0238883 -0.0321632 -0.00308775 -0.00163944
internal_weight=64440 39065 31238 23802 7436 5233 385 4302 19500 10766 8734 4848 2203 162 509 3793 25375 25354 19482 117 19365 2041 2657 82 7827 7744 223 184 7521 6104
internal_count=64440 39065 31238 23802 7436 5233 385 4302 19500 10766 8734 4848 2203 162 509 3793 25375 25354 19482 117 19365 2041 2657 82 7827 7744 223 184 7521 6104
cat_boundaries=0 1 2
cat_threshold=4 4
is_linear=0
shrinkage=0.05


Tree=75
num_leaves=31
num_cat=2
split_feature=8 4 9 1 4 0 9 7 9 9 5 1 9 1 8 9 10 2 9 2 10 2 7 6 9 6 6 6 0 6
split_gain=203.912 112.274 109.525 89.3634 87.6171 102.858 84.8313 83.7291 107.689 105.238 89.513 82.3923 98.7054 77.6816 69.2146 66.6776 65.8476 61.9091 85.5083 61.9081 58.7732 56.0353 55.7553 51.697 51.0195 46.8905 45.0676 44.8582 44.6697 42.2841
threshold=5.5000000000000009 -0.78656609248549303 2.6041666666666674 17.500000000000004 0.25881904510252091 13.500000000000002 5.8958333333333348 8.5000000000000018 4.2708333333333348 11.35416666666667 0.1294095225512602 16.500000000000004 6.8125000000000009 15.500000000000002 2.5000000000000004 6.8125000000000009 0 1.0000000180025095e-35 8.3541666666666696 4.5000000000000009 1 3.5000000000000004 5.5000000000000009 3.5000000000000004 5.0625000000000009 16.500000000000004 15.500000000000002 10.500000000000002 13.500000000000002 12.500000000000002
decision_type=8 2 10 2 2 2 10 8 10 10 2 2 10 2 10 8 1 2 10 2 1 2 10 10 10 10 10 10 2 10
left_child=1 2 -1 6 7 20 19 8 22 11 13 25 -13 -10 -8 29 -3 -17 -19 -4 21 24 -2 -23 -6 -9 28 -22 -5 -7
right_child=4 16 3 26 5 15 14 9 10 -11 -12 12 -14 -15 -16 17 -18 18 -20 -21 27 23 -24 -25 -26 -27 -28 -29 -30 -31
leaf_value=-0.006267069109829511 0.0023169709392746297 -0.0066285455179483149 0.0071390958962322705 0.0024808244959733262 0.015468219725496449 0.04211913972517084 -0.019771746718989954 -0.014373510223601692 0.0078970194876057821 0.10681874368871963 0.00059829214535292018 -0.0057383737673265172 0.02079103517284955 0.024188233057500851 0.067075067227082993 -0.055759205181023175 -0.0017551797621675894 -0.0086704868489974433 0.061975597397973529 0.027048529537934386 0.00066841590192804224 0.0029746431232552653 -0.0098154870412133881 0.0249866515893701 -0.0011202065701681105 0.024766414933837952 0.065520385785826626 0.030844653519087065 -0.051372703174367929 0.10192432093833176
leaf_weight=1920 3516 9142 1346 3038 833 190 28 1760 1696 21 1718 1085 518 1287 127 29 28681 95 78 550 2718 357 1296 1055 1045 80 28 129 39 35
leaf_count=1920 3516 9142 1346 3038 833 190 28 1760 1696 21 1718 1085 518 1287 127 29 28681 95 78 550 2718 357 1296 1055 1045 80 28 129 39 35
internal_value=1.67152e-06 -0.00185386 0.00392677 0.00772277 0.00426509 0.00897263 0.015822 0.00188393 0.00430748 -0.00477172 0.00968974 -0.00545235 0.00283445 0.0149258 0.0513866 0.0327011 -0.00293531 0.0118484 0.0231815 0.0129145 0.00732165 0.0118598 -0.000950624 0.0194213 0.00623771 -0.0126718 0.00237288 0.0020286 0.00179825 0.0514222
internal_weight=64440 44899 7076 5156 19541 6564 2051 12977 9513 3464 4701 3443 1603 2983 155 427 37823 202 173 1896 6137 3290 4812 1412 1878 1840 3105 2847 3077 225
internal_count=64440 44899 7076 5156 19541 6564 2051 12977 9513 3464 4701 3443 1603 2983 155 427 37823 202 173 1896 6137 3290 4812 1412 1878 1840 3105 2847 3077 225
cat_boundaries=0 1 2
cat_threshold=2 20
is_linear=0
shrinkage=0.05


Tree=76
num_leaves=31
num_cat=1
split_feature=5 1 1 9 6 0 7 9 9 9 10 7 7 1 6 7 9 7 9 0 7 9 9 1 7 5 8 0 9 8
split_gain=191.32 160.77 176.265 130.495 130.167 100.086 94.7383 103.751 97.0685 81.6416 67.9266 92.5366 65.9285 57.6926 72.4441 59.6039 55.2605 47.8475 87.4064 47.2446 47.0657 52.3292 45.4821 44.4921 43.8216 43.5108 41.7721 39.5063 54.0619 35.6484
threshold=-0.12940952255126037 15.500000000000002 12.500000000000002 3.8125000000000004 3.5000000000000004 13.500000000000002 9.5000000000000018 5.8958333333333348 9.6875000000000018 7.8958333333333348 0 4.5000000000000009 16.500000000000004 14.500000000000002 8.5000000000000018 14.500000000000002 3.0625000000000004 2.5000000000000004 2.7708333333333335 19.500000000000004 3.5000000000000004 2.5208333333333335 2.1875000000000004 13.500000000000002 3.5000000000000004 0.37940952255126048 13.500000000000002 14.500000000000002 8.4791666666666696 11.500000000000002
decision_type=2 2 2 8 10 2 10 10 10 10 1 8 10 2 10 8 10 8 10 2 10 10 8 2 8 2 10 2 10 10
left_child=1 2 4 20 5 26 7 24 12 16 19 -12 -8 17 22 -16 -2 18 -4 -6 21 -3 -15 -19 -5 27 -1 -11 -29 -27
right_child=9 3 13 6 10 -7 8 -9 -10 25 11 -13 -14 14 15 -17 -18 23 -20 -21 -22 -23 -24 -25 -26 29 -28 28 -30 -31
leaf_value=-0.0022161824971928842 -0.0059882034285262198 -0.0014094363704086135 -0.011478409797438307 0.036551566543057565 0.013857539710188533 0.10047385102758806 0.0025424141823401991 0.046113137340295179 0.0920446649322222 0.030581480703847599 0.012585288467418746 0.00095827538729869536 -0.063636780241504307 -0.024569886652400806 0.022125397535064605 -0.063960250892809462 -0.0016143068371303416 -0.0049622201939888587 0.020270605732888487 0.063423040288747581 -0.0034077710157191794 0.019838316239985845 -0.00035409117685166673 -0.014911611018278146 0.014543723811588295 0.002047293365317923 0.041953247214270822 0.052974706753157075 -0.048135314595240813 0.057456334040810665
leaf_weight=6127 10509 533 479 270 2551 24 636 413 29 328 2736 4569 40 215 473 21 23083 2269 396 49 1420 635 1976 2226 1394 896 54 20 39 30
leaf_count=6127 10509 533 479 270 2551 24 636 413 29 328 2736 4569 40 215 473 21 23083 2269 396 49 1420 635 1976 2226 1394 896 54 20 39 30
internal_value=1.52288e-06 0.00296327 0.00122428 0.0107887 0.00424384 -0.0014346 0.0183064 0.023682 0.00246922 -0.00250457 0.00780111 0.00530577 -0.00137351 -0.00481485 0.00116944 0.0184659 -0.00298265 -0.00780699 0.00289029 0.014735 0.00270752 0.0101422 -0.00273036 -0.00988933 0.0181147 0.00972659 -0.0018303 0.0238061 -0.0138607 0.0038424
internal_weight=64440 29535 24165 5370 16110 6205 2782 2077 705 34905 9905 7305 676 8055 2685 494 33592 5370 875 2600 2588 1168 2191 4495 1664 1313 6181 387 59 926
internal_count=64440 29535 24165 5370 16110 6205 2782 2077 705 34905 9905 7305 676 8055 2685 494 33592 5370 875 2600 2588 1168 2191 4495 1664 1313 6181 387 59 926
cat_boundaries=0 1
cat_threshold=4
is_linear=0
shrinkage=0.05


Tree=77
num_leaves=31
num_cat=1
split_feature=8 10 5 2 2 9 7 7 2 7 8 7 9 2 8 0 5 0 9 9 9 1 9 8 9 8 9 9 0 6
split_gain=174.395 123.89 89.6192 71.1708 66.4947 118.693 84.7702 78.9753 66.0812 89.7883 53.3645 51.39 49.0646 46.1019 98.8062 56.0616 39.7805 42.9528 39.7339 35.5808 34.466 34.1112 32.131 31.2778 23.2742 22.8422 22.5569 22.5469 42.1951 104.039
threshold=1.5000000000000002 0 0.1294095225512602 1.0000000180025095e-35 3.5000000000000004 5.0208333333333348 12.500000000000002 20.500000000000004 3.5000000000000004 10.500000000000002 6.5000000000000009 4.5000000000000009 6.1458333333333348 5.5000000000000009 13.500000000000002 1.5000000000000002 -0.78656609248549325 6.5000000000000009 5.6875000000000009 3.8541666666666674 1.6875000000000002 13.500000000000002 6.3958333333333348 1.5000000000000002 1.8541666666666667 10.500000000000002 10.312500000000002 7.3958333333333348 12.500000000000002 11.500000000000002
decision_type=8 1 2 2 2 10 10 10 2 8 10 10 10 2 8 2 2 2 10 10 10 2 10 10 10 10 10 8 2 10
left_child=16 2 4 10 6 21 11 -7 9 19 20 -2 25 15 -15 -10 17 -1 -8 -5 -3 -6 -11 -22 -18 -12 -26 -4 -29 -30
right_child=1 3 27 8 5 7 18 -9 13 22 12 -13 -14 14 -16 -17 24 -19 -20 -21 23 -23 -24 -25 26 -27 -28 28 29 -31
leaf_value=-0.010426051939504256 0.012321955736297241 -0.02480769767961671 -0.0010769501004939724 -0.0054860857155058663 0.0076401068191209844 0.018400068195479478 -0.038869214026352107 -0.063122486332431435 -0.0057055134693238261 -0.022083067865365558 0.017700008468449931 0.0027827504670306976 0.075003770695013169 -0.0048270845050076318 0.047060954572751806 0.0051199840360554331 -0.010930994968522678 -0.042929993809551981 -0.0072264192142280151 0.00078078847348946609 -0.029224721563514324 -0.0039889726192006121 -0.067535627219111258 0.0041380056290356588 -0.0034808262903279785 -0.0028518715243184283 0.038544619217282167 0.0092999457685885092 0.044052563931204769 -0.057965356091113945
leaf_weight=609 1984 113 6480 7597 1657 3054 118 30 1476 406 710 4896 34 3827 94 6303 1100 122 623 3227 72 1018 43 2892 14541 167 32 1104 38 73
leaf_count=609 1984 113 6480 7597 1657 3054 118 30 1476 406 710 4896 34 3827 94 6303 1100 122 623 3227 72 1018 43 2892 14541 167 32 1104 38 73
internal_value=1.44672e-06 0.00152147 0.00439234 -0.000724 0.00686708 0.0109219 0.00380298 0.017607 -0.00179461 -0.00452656 0.00544146 0.00553359 0.0160712 0.000837641 -0.00358315 0.00306594 -0.00444966 -0.0158508 -0.0122654 -0.00361772 0.00229433 0.00321454 -0.026436 0.00332758 -0.00391791 0.0137865 -0.00338855 9.50006e-05 0.0063454 -0.0230403
internal_weight=64440 48036 21075 26961 13380 5759 7621 3084 22973 11273 3988 6880 911 11700 3921 7779 16404 731 741 10824 3077 2675 449 2964 15673 877 14573 7695 1215 111
internal_count=64440 48036 21075 26961 13380 5759 7621 3084 22973 11273 3988 6880 911 11700 3921 7779 16404 731 741 10824 3077 2675 449 2964 15673 877 14573 7695 1215 111
cat_boundaries=0 1
cat_threshold=20
is_linear=0
shrinkage=0.05


Tree=78
num_leaves=31
num_cat=2
split_feature=5 10 9 9 2 9 1 1 9 7 2 4 8 8 0 8 1 1 8 2 1 7 6 7 4 9 0 10 6 8
split_gain=164.143 146.971 69.2612 64.1169 81.1523 64.7187 63.8912 109.025 86.233 62.5439 66.3959 81.7732 64.8021 91.2677 61.8372 60.775 56.3403 48.3401 42.2549 38.7587 37.2803 63.6728 43.3967 34.1873 33.4881 39.3438 30.9333 29.218 30.7323 29.0849
threshold=0.60355339059327384 0 1.6458333333333337 6.354166666666667 1.0000000180025095e-35 6.229166666666667 15.500000000000002 17.500000000000004 4.354166666666667 8.5000000000000018 3.5000000000000004 -0.91597561503675329 11.500000000000002 18.500000000000004 17.500000000000004 17.500000000000004 12.500000000000002 1.0000000180025095e-35 13.500000000000002 5.5000000000000009 13.500000000000002 7.5000000000000009 12.500000000000002 4.5000000000000009 -0.37940952255126059 2.4791666666666674 5.5000000000000009 1 6.5000000000000009 3.5000000000000004
decision_type=2 1 10 8 2 10 2 2 10 10 2 2 8 10 2 10 2 2 10 2 2 10 10 10 2 10 2 1 10 10
left_child=1 3 -3 4 5 18 15 8 -8 12 11 -11 19 -14 -12 16 -4 -2 -1 -5 22 -22 -6 -9 25 -19 27 -26 -29 -27
right_child=17 2 6 9 20 -7 7 23 -10 10 14 -13 13 -15 -16 -17 -18 24 -20 -21 21 -23 -24 -25 26 29 -28 28 -30 -31
leaf_value=0.018876185506823552 0.0022800175175129297 -0.012918601196142252 0.0004832722963731891 0.019302352935812492 0.0037625660016574847 -0.059965513512492179 0.0056092225561414008 0.0036279721717606597 0.021567170931726564 0.024520150290296999 0.01237297574807817 -0.0086604474764103417 0.051353997510714899 -0.057328831173834353 0.056444775275039411 0.070316379405558113 -0.0049810431245857004 -0.011577353252068011 0.070535815063686599 -0.0034805720782217879 0.0037004023490877338 -0.014585624623592502 0.032040179085468391 -0.0037778085959998551 -0.00087357831850292463 0.0039478825575874196 -0.02724855698676508 -0.0072159297651975575 -0.036117143177938078 -0.0040871680207666995
leaf_weight=688 2685 979 18741 1096 2650 25 3022 2913 1176 236 833 871 241 21 88 30 6304 855 42 225 1165 805 143 3351 2067 2364 178 8402 93 2151
leaf_count=688 2685 979 18741 1096 2650 25 3022 2913 1176 236 833 871 241 21 88 30 6304 855 42 225 1165 805 143 3351 2067 2364 178 8402 93 2151
internal_value=1.3744e-06 0.00162068 0.000200997 0.0072912 0.00390944 0.0191393 0.000562482 0.00384467 0.0100796 0.0124791 0.00666535 -0.00158672 0.0199271 0.0426428 0.016584 -0.000806939 -0.000892134 -0.00393122 0.0218484 0.0154218 0.00149529 -0.00377181 0.00521036 -0.000333837 -0.00496643 -0.00174252 -0.00657838 -0.00623003 -0.00752347 0.000119888
internal_weight=64440 45645 36516 9129 5518 755 35537 10462 4198 3611 2028 1107 1583 262 921 25075 25045 18795 730 1321 4763 1970 2793 6264 16110 5370 10740 10562 8495 4515
internal_count=64440 45645 36516 9129 5518 755 35537 10462 4198 3611 2028 1107 1583 262 921 25075 25045 18795 730 1321 4763 1970 2793 6264 16110 5370 10740 10562 8495 4515
cat_boundaries=0 1 2
cat_threshold=4 4
is_linear=0
shrinkage=0.05


Tree=79
num_leaves=31
num_cat=0
split_feature=5 1 6 1 8 7 9 5 9 9 9 7 0 1 6 7 2 9 9 8 9 0 9 0 7 5 0 9 2 6
split_gain=152.252 132.82 114.571 100.2 84.5732 84.5281 79.9519 72.2189 81.0175 67.5766 65.0691 65.0582 133.857 63.2105 52.0381 50.6063 75.5817 44.6981 44.6922 43.7536 65.5042 63.5521 62.1563 56.2666 39.2528 36.2548 35.4663 49.1269 34.7311 32.1386
threshold=-0.12940952255126037 16.500000000000004 8.5000000000000018 10.500000000000002 12.500000000000002 12.500000000000002 3.6458333333333335 -0.60355339059327384 6.479166666666667 8.8958333333333339 7.8958333333333348 7.5000000000000009 13.500000000000002 9.5000000000000018 14.500000000000002 13.500000000000002 4.5000000000000009 3.0625000000000004 6.8125000000000009 8.5000000000000018 6.6875000000000009 15.500000000000002 6.0208333333333348 10.500000000000002 8.5000000000000018 0.37940952255126048 14.500000000000002 8.4791666666666696 5.5000000000000009 8.5000000000000018
decision_type=2 2 10 2 8 10 10 2 8 10 10 10 2 2 10 8 2 10 10 8 8 2 10 2 10 2 2 10 2 10
left_child=1 2 4 15 11 9 24 8 -6 -5 17 12 -1 -13 -7 18 -17 -2 -4 21 23 22 -8 -21 29 26 -12 -28 -9 -3
right_child=10 6 3 5 7 14 19 28 -10 -11 25 13 -14 -15 -16 16 -18 -19 -20 20 -22 -23 -24 -25 -26 -27 27 -29 -30 -31
leaf_value=0.00043821636244296513 -0.0053642303080397944 0.00690341612471499 0.023679014162960456 0.0063956886569940252 0.015002781486186759 -0.024220071423665755 0.023523602696737592 0.046729708704819434 -0.028262897026238604 0.054420949778209132 0.027956724602504771 0.0038014572162020331 0.053656591756754572 -0.0097723216890167608 0.014887892652873522 0.020740288071888123 0.10181888127105032 -0.0014304884629516409 -0.0017291462909213098 0.0076501936384046664 0.039323422403799164 -0.061171768645290281 0.058932930157098877 -0.04203700787131337 -0.034040806271051147 0.0033138907703325997 0.049560099930240548 -0.046824614703655246 -0.006598128734832346 -0.052827527374029161
leaf_weight=16675 10509 1079 773 3136 562 364 820 201 134 75 328 1180 119 3140 111 74 47 23083 223 327 135 20 146 69 66 926 20 39 36 23
leaf_count=16675 10509 1079 773 3136 562 364 820 201 134 75 328 1180 119 3140 111 74 47 23083 223 327 135 20 146 69 66 926 20 39 36 23
internal_value=1.29889e-06 0.0026434 0.00158309 0.00858077 5.86246e-05 0.00460524 0.0132465 0.0147904 0.0066729 0.00751742 -0.00223433 -0.000592355 0.000815315 -0.00606467 -0.0150812 0.0216997 0.0522336 -0.00266113 0.0179902 0.0208173 0.00924618 0.0270488 0.0288753 -0.00100742 0.00341358 0.00868508 0.0215371 -0.0141518 0.0386293 0.00565676
internal_weight=64440 29535 26850 4803 22047 3686 2685 933 696 3211 34905 21114 16794 4320 475 1117 121 33592 996 1517 531 986 966 396 1168 1313 387 59 237 1102
internal_count=64440 29535 26850 4803 22047 3686 2685 933 696 3211 34905 21114 16794 4320 475 1117 121 33592 996 1517 531 986 966 396 1168 1313 387 59 237 1102
is_linear=0
shrinkage=0.05


Tree=80
num_leaves=31
num_cat=1
split_feature=6 8 0 9 4 2 2 7 7 9 9 2 4 7 5 0 0 0 1 0 0 8 1 0 1 9 6 10 8 9
split_gain=141.188 86.912 62.6161 61.6571 72.1479 60.5381 94.2584 73.686 58.1252 67.1655 56.0022 55.6621 51.3871 48.6777 44.9361 43.6974 73.2883 41.3852 36.1864 31.9413 33.2482 38.8741 38.6182 31.7423 30.3874 29.2616 28.4682 27.0863 25.536 22.8789
threshold=2.5000000000000004 9.5000000000000018 19.500000000000004 5.8125000000000009 -0.5 1.0000000180025095e-35 2.5000000000000004 4.5000000000000009 21.500000000000004 10.85416666666667 9.6458333333333339 5.5000000000000009 0.25881904510252091 15.500000000000002 0.37940952255126048 13.500000000000002 19.500000000000004 12.500000000000002 10.500000000000002 12.500000000000002 8.5000000000000018 4.5000000000000009 11.500000000000002 1.0000000180025095e-35 18.500000000000004 5.0208333333333348 1.0000000180025095e-35 0 13.500000000000002 3.0208333333333335
decision_type=10 8 2 10 2 2 2 10 10 10 10 2 2 10 2 2 2 2 2 2 2 8 2 2 2 10 10 1 10 10
left_child=19 3 8 5 10 14 7 -7 9 12 13 -8 -3 -5 17 18 -17 -2 -6 20 23 29 25 -1 -12 -23 -25 -28 -4 -22
right_child=1 2 28 4 15 6 11 -9 -10 -11 24 -13 -14 -15 -16 16 -18 -19 -20 -21 21 22 -24 26 -26 -27 27 -29 -30 -31
leaf_value=-0.0059834939766253668 0.0098839433990499867 0.0035890949594793013 0.032300171256065373 0.012441597879652724 0.0035956948062072277 -0.0009111774382143449 0.0028593178194025433 -0.010713550842596908 -0.057205897388713706 0.082042853087186826 0.092109073067343075 -0.0039383504737937666 0.013717828556047439 -0.026813601323108123 -0.0029531776350549678 0.032516349491018517 -0.061853718401297275 -0.028768445294297919 -0.0076655206092443411 0.058736526398431688 -0.044799501979141503 -0.039015046428335559 -0.010785302861113451 -0.005085942057234079 0.029338218980267939 -0.102203715197673 0.0014765712341232385 -0.0028668842280988667 0.097538204871428516 0.014637574856991279
leaf_weight=5872 2813 3688 40 2139 1909 4042 12103 3647 35 30 31 4009 1896 82 1098 195 23 71 1139 21 20 57 80 4870 51 27 7286 7057 24 85
leaf_count=5872 2813 3688 40 2139 1909 4042 12103 3647 35 30 31 4009 1896 82 1098 195 23 71 1139 21 20 57 80 4870 51 27 7286 7057 24 85
internal_value=1.23395e-06 0.00188749 0.00758578 0.000911407 0.00571318 -5.10902e-05 -0.00100575 -0.00556058 0.00702862 0.00742908 0.0124904 0.00116792 0.00702822 0.0109923 0.00565504 0.000934233 0.0225599 0.00893238 -0.000612482 -0.00290267 -0.00295373 -0.0204386 -0.0356475 -0.00276623 0.0530687 -0.0593257 -0.00178295 -0.000661452 0.0567644 0.00331623
internal_weight=64440 39065 5713 33352 5569 27783 23801 7689 5649 5614 2303 16112 5584 2221 3982 3266 218 2884 3048 25375 25354 269 164 25085 82 84 19213 14343 64 105
internal_count=64440 39065 5713 33352 5569 27783 23801 7689 5649 5614 2303 16112 5584 2221 3982 3266 218 2884 3048 25375 25354 269 164 25085 82 84 19213 14343 64 105
cat_boundaries=0 1
cat_threshold=28
is_linear=0
shrinkage=0.05


Tree=81
num_leaves=31
num_cat=1
split_feature=5 10 2 2 9 9 2 4 7 7 7 0 0 7 9 8 8 1 1 7 6 9 1 9 9 9 7 0 7 4
split_gain=133.604 123.619 71.5542 84.4665 65.1752 64.7695 60.9596 82.3351 76.6159 73.8186 64.3202 74.9748 58.5623 54.6627 49.5455 51.2588 47.6943 43.4367 42.0825 80.9652 53.6262 53.4898 47.2595 39.5222 34.7603 32.2207 29.2975 28.5342 35.1531 29.7403
threshold=0.60355339059327384 0 1.0000000180025095e-35 1.5000000000000002 5.2708333333333348 3.1458333333333335 3.5000000000000004 -0.91597561503675329 3.5000000000000004 12.500000000000002 20.500000000000004 15.500000000000002 13.500000000000002 4.5000000000000009 1.8541666666666667 16.500000000000004 19.500000000000004 1.0000000180025095e-35 12.500000000000002 2.5000000000000004 3.5000000000000004 5.0208333333333348 14.500000000000002 5.1875000000000009 3.2708333333333335 4.6875000000000009 9.5000000000000018 8.5000000000000018 2.5000000000000004 -0.37940952255126059
decision_type=2 1 2 2 8 10 2 2 8 10 10 2 2 10 10 8 8 2 2 10 10 10 2 10 10 10 10 2 10 2
left_child=1 4 5 12 18 -3 7 8 -6 -9 11 -8 13 -4 -5 -16 24 -2 20 21 -1 -20 -21 -22 -7 -18 27 29 -29 -19
right_child=17 2 3 14 6 16 10 9 -10 -11 -12 -13 -14 -15 15 -17 25 26 19 22 23 -23 -24 -25 -26 -27 -28 28 -30 -31
leaf_value=0.00021528209493574112 0.0023410104511386335 -0.0018505801202319185 -0.003764109472816979 -0.0093927701688870883 0.092153941772823392 0.035725852209349249 0.011361297566013022 0.0040376662532016251 0.015466317678897976 -0.015168513986123663 -0.060163909159600737 0.039380553005270463 0.07481748766842343 -0.015800086044573235 3.180024651381104e-05 0.024205711761044829 -0.0034202192723751068 -0.0013125153514038966 0.014137401687831045 -0.012991678550564141 0.011706024494006246 0.086699074120433248 -0.00069606916581817398 -0.019507158740054608 0.010555805782654684 -0.084172067190298738 0.017247384191042551 0.020312496509928352 -0.032074259016298637 -0.0059756601073126091
leaf_weight=2785 2685 1678 2208 1413 34 147 3362 3354 774 588 30 257 21 1647 17949 222 30 5021 428 1042 2345 27 3126 106 2051 21 153 39 179 10718
leaf_count=2785 2685 1678 2208 1413 34 147 3362 3354 774 588 30 257 21 1647 17949 222 30 5021 428 1042 2345 27 3126 106 2051 21 153 39 179 10718
internal_value=1.16146e-06 0.00146208 -0.000662996 -0.00170888 0.00464752 0.00558344 0.00788665 0.00415314 0.0186933 0.00117282 0.0127467 0.0133511 -0.00845272 -0.00890633 -0.000374159 0.000327139 0.01113 -0.00354679 0.00189278 -0.00158372 0.00496227 0.0184433 -0.00376997 0.0103561 0.0122392 -0.036671 -0.00452809 -0.00473688 -0.0227023 -0.00448804
internal_weight=64440 45645 27387 23460 18258 3927 8399 4750 808 3942 3649 3619 3876 3855 19584 18171 2249 18795 9859 4623 5236 455 4168 2451 2198 51 16110 15957 218 15739
internal_count=64440 45645 27387 23460 18258 3927 8399 4750 808 3942 3649 3619 3876 3855 19584 18171 2249 18795 9859 4623 5236 455 4168 2451 2198 51 16110 15957 218 15739
cat_boundaries=0 1
cat_threshold=20
is_linear=0
shrinkage=0.05


Tree=82
num_leaves=31
num_cat=1
split_feature=8 10 5 7 2 9 9 8 7 0 2 7 0 2 6 5 0 8 7 9 2 9 9 1 1 8 0 9 9 7
split_gain=124.851 85.7603 65.2679 65.3077 75.7395 93.6458 66.4158 58.0294 54.8564 61.4706 63.4522 49.6681 40.8999 39.2143 66.9843 37.3286 39.6021 35.9512 29.1539 26.3216 21.2136 19.8187 22.7554 19.6621 24.9119 19.2483 22.2946 39.7464 22.4565 17.4172
threshold=1.5000000000000002 0 1.0000000180025095e-35 3.5000000000000004 3.5000000000000004 4.6875000000000009 6.3125000000000009 16.500000000000004 10.500000000000002 1.5000000000000002 1.0000000180025095e-35 12.500000000000002 6.5000000000000009 3.5000000000000004 11.500000000000002 -0.78656609248549325 6.5000000000000009 14.500000000000002 5.5000000000000009 6.3958333333333348 1.0000000180025095e-35 10.187500000000002 9.6041666666666696 1.0000000180025095e-35 2.5000000000000004 17.500000000000004 10.500000000000002 10.47916666666667 7.3958333333333348 3.5000000000000004
decision_type=8 1 2 10 2 10 8 10 8 2 2 10 2 2 10 2 2 10 10 10 2 10 10 2 2 10 2 8 8 10
left_child=15 2 3 6 11 -6 17 8 9 18 -11 -5 -8 19 -15 16 -1 -2 -3 -10 -18 22 23 -17 -25 26 28 -28 -4 -22
right_child=1 7 25 4 5 -7 12 -9 13 10 -12 -13 -14 14 -16 21 20 -19 -20 -21 29 -23 -24 24 -26 -27 27 -29 -30 -31
leaf_value=-0.0096003744249735443 0.011567653108321375 -0.0039127249864098377 -0.00034817779253871421 0.0025570368000623275 -0.001049059263917536 0.014219141166481776 0.012475184644713547 0.077131973044015478 -0.017423530809142256 0.0075370100119540656 -0.00016886572378148822 -0.011235806333178727 0.082420364130909252 0.0063567454597739884 -0.061837079301476486 0.0026733475277042396 0.0024456894754067713 0.062086876787038316 -0.017047696431385203 -0.054455605008692114 -0.017464474881333965 0.033300600578454707 -0.051985378904889024 -0.0073933354197415011 -0.0025853757197492632 0.04026749519010385 -0.015517932297428455 0.046215105855039192 0.0072319180182932588 -0.064030389571693588
leaf_weight=609 1617 4718 6910 5477 1473 3156 33 24 507 3148 17646 741 57 361 40 1281 23 36 464 53 28 37 24 3597 10734 30 379 28 1138 71
leaf_count=609 1617 4718 6910 5477 1473 3156 33 24 507 3148 17646 741 57 361 40 1281 23 36 464 53 28 37 24 3597 10734 30 379 28 1138 71
internal_value=1.10338e-06 0.00128722 0.00367579 0.00596181 0.00451825 0.00936063 0.0149453 -0.000581034 -0.00065049 -0.000216495 0.000997725 0.000913342 0.0567738 -0.0123815 -0.000445631 -0.00376504 -0.0148092 0.0126679 -0.00508884 -0.0209284 -0.0408108 -0.00324993 -0.00333643 -0.00326164 -0.00379215 0.000288128 0.000146273 -0.0112709 0.00072366 -0.0508602
internal_weight=64440 48036 21075 12590 10847 4629 1743 26961 26937 25976 20794 6218 90 961 401 16404 731 1653 5182 560 122 15673 15636 15612 14331 8485 8455 407 8048 99
internal_count=64440 48036 21075 12590 10847 4629 1743 26961 26937 25976 20794 6218 90 961 401 16404 731 1653 5182 560 122 15673 15636 15612 14331 8485 8455 407 8048 99
cat_boundaries=0 1
cat_threshold=20
is_linear=0
shrinkage=0.05


Tree=83
num_leaves=31
num_cat=0
split_feature=5 1 1 6 9 7 0 9 9 7 8 9 7 8 1 6 7 9 9 7 9 7 1 9 9 9 0 9 0 6
split_gain=115.569 121.425 139.031 95.635 92.2929 84.1996 82.6758 80.9567 77.9794 60.1577 86.7272 77.3121 58.1618 51.9135 48.7656 55.3159 51.2538 45.4619 45.4363 43.2689 72.5258 41.4597 39.1264 38.5149 38.3742 38.074 37.0873 34.4384 41.1005 33.7221
threshold=-0.12940952255126037 15.500000000000002 12.500000000000002 3.5000000000000004 3.8125000000000004 9.5000000000000018 13.500000000000002 9.6875000000000018 5.8958333333333348 4.5000000000000009 3.5000000000000004 5.729166666666667 16.500000000000004 17.500000000000004 14.500000000000002 8.5000000000000018 12.500000000000002 7.8958333333333348 3.6875000000000004 2.5000000000000004 2.7708333333333335 5.5000000000000009 13.500000000000002 2.1875000000000004 2.5208333333333335 6.729166666666667 1.5000000000000002 2.6875000000000004 4.5000000000000009 6.5000000000000009
decision_type=2 2 2 10 8 10 2 10 10 8 8 10 10 10 2 10 8 10 10 8 10 10 2 8 10 10 2 10 2 10
left_child=1 2 3 6 21 8 18 12 26 11 -11 -5 -7 17 19 23 -17 27 -1 20 -4 24 -21 -16 -3 -15 -6 28 -2 -10
right_child=13 4 14 9 5 7 -8 -9 29 10 -12 -13 -14 25 15 16 -18 -19 -20 22 -22 -23 -24 -25 -26 -27 -28 -29 -30 -31
leaf_value=0.0014738968121034153 -0.0044604513608795309 -0.003219705130123143 -0.010238714892507604 0.01084374773004064 -0.037640557950362565 0.00066434598063651784 0.091227673552930363 0.082299970212424634 0.072999072000384344 -0.010039762661599165 0.006187997392903901 0.054109957504356022 -0.061494593163661196 0.0044050768613815312 -0.022574969537686125 0.021142702212999007 -0.034828812513086532 0.0071500412185741191 -0.0074476774630969494 -0.0046824755546215754 0.018681724721594066 -0.0090760839953652767 -0.014012660501387889 -0.00029098927183006043 0.011190430341107118 0.090824809111654761 0.016712517884880249 -0.0015263508460207425 -0.020304384232209677 0.033765689946775292
leaf_weight=3945 6933 736 479 2946 32 636 24 29 65 957 5895 107 40 25 215 449 45 1301 2236 2269 396 611 2226 1976 1241 26 1632 26185 435 348
leaf_count=3945 6933 736 479 2946 32 636 24 29 65 957 5895 107 40 25 215 449 45 1301 2236 2269 396 611 2226 1976 1241 26 1632 26185 435 348
internal_value=1.04822e-06 0.00230296 0.000791669 0.00347341 0.00910378 0.015426 -0.00139388 0.000495659 0.0204939 0.00652253 0.00392151 0.0123601 -0.0030137 -0.00194673 -0.00457181 0.000930042 0.0160441 -0.00202049 -0.00175352 -0.00732274 0.00284985 0.00230763 -0.00930294 -0.00247769 0.00582581 0.0484622 0.0156673 -0.00237607 -0.00539586 0.0399404
internal_weight=64440 29535 24165 16110 5370 2782 6205 705 2077 9905 6852 3053 676 34905 8055 2685 494 34854 6181 5370 875 2588 4495 2191 1977 51 1664 33553 7368 413
internal_count=64440 29535 24165 16110 5370 2782 6205 705 2077 9905 6852 3053 676 34905 8055 2685 494 34854 6181 5370 875 2588 4495 2191 1977 51 1664 33553 7368 413
is_linear=0
shrinkage=0.05


Tree=84
num_leaves=31
num_cat=1
split_feature=6 10 7 5 7 8 9 9 1 7 0 9 5 2 9 1 7 4 5 6 2 9 2 9 0 0 0 8 0 5
split_gain=107.628 84.6065 83.5512 73.6305 75.6579 63.7182 62.2423 61.275 55.4637 53.7402 47.5068 47.0563 44.4377 41.0424 57.0837 43.7904 40.5891 37.0153 34.3171 25.11 23.8289 23.7699 23.2532 26.5918 23.1033 19.6957 19.5728 48.4113 29.727 27.7128
threshold=1.5000000000000002 0 5.5000000000000009 0.60355339059327384 4.5000000000000009 12.500000000000002 6.3125000000000009 7.729166666666667 22.500000000000004 12.500000000000002 12.500000000000002 2.8125000000000004 -0.78656609248549325 1.0000000180025095e-35 5.8958333333333348 8.5000000000000018 13.500000000000002 0.25881904510252091 1.0000000180025095e-35 14.500000000000002 1.5000000000000002 10.312500000000002 3.5000000000000004 6.9375000000000009 5.5000000000000009 6.5000000000000009 8.5000000000000018 3.5000000000000004 7.5000000000000009 -0.70710678118654757
decision_type=10 1 8 2 10 10 10 10 2 10 2 10 2 2 10 2 10 2 2 10 2 10 2 8 2 2 2 8 2 2
left_child=21 3 8 4 5 10 -7 9 11 -6 -2 17 -9 14 15 -4 20 -3 -13 22 -15 26 23 -5 -24 -18 28 -28 -1 -29
right_child=1 2 13 19 7 6 -8 12 -10 -11 -12 18 -14 16 -16 -17 25 -19 -20 -21 -22 -23 24 -25 -26 -27 27 29 -30 -31
leaf_value=-0.0035624285845235627 0.0068971679546713811 -0.004687470483664833 -0.057776597092549009 -0.0053633128703753589 0.0021031308487299257 0.026538102786677582 0.11597644767977976 -0.00052167388369307526 -0.014073766483995224 -0.0093342978803857262 0.031975674395900724 0.0073913857868468935 0.018225901542642347 -0.018777215854274207 0.083095570315014244 0.0043732845032456932 -0.02503890832169698 0.0035141969752025271 -5.0217934703773837e-05 -0.042032299667449771 -0.0076346438838206659 0.049704024444023776 0.0035398728698503874 0.0057841641281432873 -0.0084122119589576261 -0.087851822158942619 0.041694323124275325 -0.0016847725241230086 0.023001214951926949 -0.064906874470985851
leaf_weight=16446 7099 4322 30 3645 13155 168 22 471 645 1114 194 3435 961 594 22 513 26 2018 2822 38 2496 21 2856 627 471 24 21 26 106 52
leaf_count=16446 7099 4322 30 3645 13155 168 22 471 645 1114 194 3435 961 594 22 513 26 2018 2822 38 2496 21 2856 627 471 24 21 26 106 52
internal_value=9.9582e-07 0.0012082 -0.00162932 0.00276805 0.00417158 0.00830899 0.0368941 0.00219971 0.000226742 0.0012102 0.00756428 0.000958966 0.0120596 -0.00826745 0.00413858 0.000939589 -0.0104997 -0.00207691 0.00403511 -0.00148908 -0.00977661 -0.00345784 -0.00128634 -0.0037272 0.00184783 -0.0551891 -0.00352489 -0.0256907 -0.00339231 -0.0438328
internal_weight=64440 47768 16947 30821 23184 7483 190 15701 13242 14269 7293 12597 1432 3705 565 543 3140 6340 6257 7637 3090 16672 7599 4272 3327 50 16651 99 16552 78
internal_count=64440 47768 16947 30821 23184 7483 190 15701 13242 14269 7293 12597 1432 3705 565 543 3140 6340 6257 7637 3090 16672 7599 4272 3327 50 16651 99 16552 78
cat_boundaries=0 1
cat_threshold=28
is_linear=0
shrinkage=0.05


Tree=85
num_leaves=31
num_cat=1
split_feature=8 10 8 8 9 7 5 5 2 2 7 6 8 9 1 2 7 0 2 9 5 0 9 5 2 9 1 1 9 7
split_gain=100.201 68.5223 51.8192 51.7656 49.7048 95.4573 47.4351 56.2661 47.1327 47.5373 69.2346 40.9212 39.1621 42.177 38.4409 36.3689 35.5068 35.0527 61.5849 42.7014 33.442 36.1737 27.5782 26.2468 18.7466 16.611 17.436 22.3427 20.7007 15.1533
threshold=1.5000000000000002 0 12.500000000000002 16.500000000000004 6.854166666666667 12.500000000000002 -0.98296291314453399 0.25881904510252057 1.0000000180025095e-35 3.5000000000000004 10.500000000000002 9.5000000000000018 6.5000000000000009 6.1458333333333348 10.500000000000002 5.5000000000000009 21.500000000000004 12.500000000000002 1.0000000180025095e-35 4.4375000000000009 -0.78656609248549325 6.5000000000000009 1.6875000000000002 1.0000000180025095e-35 1.0000000180025095e-35 10.312500000000002 1.0000000180025095e-35 2.5000000000000004 1.8541666666666667 3.5000000000000004
decision_type=8 1 8 10 10 10 2 2 2 2 8 10 10 10 2 2 10 2 2 8 2 2 10 2 2 10 2 2 10 10
left_child=20 2 4 8 5 23 11 -8 12 10 -10 -6 22 -14 -7 -11 17 19 -19 -4 21 -1 -3 -2 -23 26 -22 -28 -29 -26
right_child=1 3 16 -5 6 14 7 -9 9 15 -12 -13 13 -15 -16 -17 -18 18 -20 -21 25 24 -24 -25 29 -27 27 28 -30 -31
leaf_value=-0.008848140857160269 0.0038005161757005074 -0.022500616739776019 -0.0063698240739146986 0.072882210075234377 -0.073201661358277006 0.0081788391426053583 0.014653747219409534 0.0013668691847729311 -0.0029736174700090746 0.0027630966424775907 -0.023032293761804927 -0.0061313281786885667 0.011431526392698288 0.068192068706540501 -0.026670295531507987 -0.0031450919059612457 -0.050452241625474847 -0.054667866257174562 0.0061942518437882108 0.018810917741419481 0.0026255772642390942 0.0019865036334680473 0.0026667698663474649 -0.00039805793778608365 -0.016974180205059902 0.033101889223325999 -0.0068639218414197683 -0.010027831407381014 -0.0016917314275141484 -0.06040854329689288
leaf_weight=609 8924 113 194 24 30 98 1922 1361 10820 7763 448 94 875 34 411 3920 23 48 310 1274 1283 23 2964 6386 28 32 3606 805 9947 71
leaf_count=609 8924 113 194 24 30 98 1922 1361 10820 7763 448 94 875 34 411 3920 23 48 310 1274 1283 23 2964 6386 28 32 3606 805 9947 71
internal_value=9.46037e-07 0.00115313 0.00328819 -0.000516845 0.00252087 0.00134104 0.00799895 0.00914554 -0.000582433 -0.00145405 -0.00377112 -0.022358 0.00443624 0.0135546 -0.0199606 0.000780721 0.0112845 0.0120622 -0.00196603 0.0154832 -0.00337299 -0.0138264 0.00174252 0.00204924 -0.038677 -0.00288544 -0.00295907 -0.0034581 -0.00231585 -0.0481241
internal_weight=64440 48036 21075 26961 19226 15819 3407 3283 26937 22951 11268 124 3986 909 509 11683 1849 1826 358 1468 16404 731 3077 15310 122 15673 15641 14358 10752 99
internal_count=64440 48036 21075 26961 19226 15819 3407 3283 26937 22951 11268 124 3986 909 509 11683 1849 1826 358 1468 16404 731 3077 15310 122 15673 15641 14358 10752 99
cat_boundaries=0 1
cat_threshold=20
is_linear=0
shrinkage=0.05


Tree=86
num_leaves=31
num_cat=1
split_feature=5 10 2 2 8 8 5 0 7 9 7 9 7 2 1 5 6 1 0 7 9 7 8 6 6 8 1 6 0 7
split_gain=92.8711 84.5127 56.6514 88.5874 124.64 66.1541 62.6679 65.757 54.2324 52.7866 47.5871 46.2215 47.1416 40.4252 43.6169 38.8888 38.409 36.9962 66.8821 63.3534 64.3519 48.9307 40.5119 35.6175 42.076 35.446 34.7093 28.2922 27.4584 25.4438
threshold=0.60355339059327384 0 4.5000000000000009 5.5000000000000009 17.500000000000004 4.5000000000000009 -0.12940952255126037 1.0000000180025095e-35 4.5000000000000009 1.6458333333333337 4.5000000000000009 10.562500000000002 14.500000000000002 1.0000000180025095e-35 16.500000000000004 1.0000000180025095e-35 7.5000000000000009 11.500000000000002 11.500000000000002 3.5000000000000004 6.3125000000000009 10.500000000000002 13.500000000000002 11.500000000000002 17.500000000000004 4.5000000000000009 1.0000000180025095e-35 5.5000000000000009 10.500000000000002 9.5000000000000018
decision_type=2 1 2 2 8 10 2 2 10 10 10 8 10 2 2 2 10 2 2 10 10 10 8 10 10 8 2 10 2 10
left_child=1 11 5 6 10 13 7 -4 9 -7 -5 17 23 25 -15 -6 -10 18 28 20 -19 -20 -21 -13 -25 -3 -2 -8 -1 -28
right_child=26 2 3 4 15 8 27 -9 16 -11 -12 12 -14 14 -16 -17 -18 19 21 22 -22 -23 -24 24 -26 -27 29 -29 -30 -31
leaf_value=0.0069632230634990204 0.002306001448226467 0.0030562613406207636 -0.036070821189454622 0.0022205082646785767 0.084314899207516156 -0.02856292834322656 0.0039092036586572459 0.012898652247917959 -0.0034696910327221171 0.0069884518503121025 -0.0074020011279613317 0.027948271616626143 -0.004966550728241946 -0.0059711322668238942 0.0014633621020759954 0.0043317821896856745 0.0050523384949522684 0.015045662444296802 0.037438835671798287 -0.0014569731502441959 0.085405837537513851 0.0076033282178369441 0.013120040570613448 0.13687986614448686 0.037933371182192456 -0.033488943099099049 -0.0040289358572091656 -0.010593556120832494 -0.01328182302373038 0.016458481326060117
leaf_weight=3462 2685 2736 70 2743 55 107 1406 3318 4653 4317 2417 67 58 9849 2467 21 1847 334 318 3849 36 242 544 21 22 68 15957 442 176 153
leaf_count=3462 2685 2736 70 2743 55 107 1406 3318 4653 4317 2417 67 58 9849 2467 21 1847 334 318 3849 36 242 544 21 22 68 15957 442 176 153
internal_value=8.98716e-07 0.00121893 0.000142378 0.00324821 -0.00135055 -0.00110639 0.00784697 0.0118869 0.0018583 0.0061286 -0.00228678 0.00551892 0.0315088 -0.00324834 -0.00448194 0.0622143 -0.00104812 0.00503782 0.00845989 0.00202168 0.0218915 0.0245456 0.000348148 0.0507413 0.0862561 0.00217 -0.00295717 0.00044047 0.0059838 -0.00383436
internal_weight=64440 45645 36516 10472 5236 26044 5236 3388 10924 4424 5160 9129 168 15120 12316 76 6500 8961 4198 4763 370 560 4393 110 43 2804 18795 1848 3638 16110
internal_count=64440 45645 36516 10472 5236 26044 5236 3388 10924 4424 5160 9129 168 15120 12316 76 6500 8961 4198 4763 370 560 4393 110 43 2804 18795 1848 3638 16110
cat_boundaries=0 1
cat_threshold=4
is_linear=0
shrinkage=0.05


Tree=87
num_leaves=31
num_cat=1
split_feature=6 10 5 7 9 8 1 9 8 9 7 0 6 9 4 1 7 4 9 7 2 0 8 0 5 4 0 5 8 8
split_gain=87.1653 70.0777 60.4238 93.14 57.1827 85.7364 67.9648 51.1595 37.4984 36.348 28.6522 23.2785 31.2315 23.9113 32.0813 22.4564 24.1772 23.3322 20.3527 19.4256 19.1999 18.2901 43.9033 26.2213 25.1359 18.6588 33.8083 22.5457 17.4189 12.6641
threshold=1.5000000000000002 0 0.60355339059327384 3.5000000000000004 3.4375000000000004 1.5000000000000002 10.500000000000002 4.0625000000000009 2.5000000000000004 5.104166666666667 2.5000000000000004 5.5000000000000009 14.500000000000002 7.3958333333333348 -0.37940952255126059 22.500000000000004 5.5000000000000009 -0.70710678118654735 10.312500000000002 5.5000000000000009 3.5000000000000004 8.5000000000000018 3.5000000000000004 7.5000000000000009 -0.70710678118654757 1.0000000180025095e-35 3.5000000000000004 -0.60355339059327384 1.5000000000000002 6.5000000000000009
decision_type=10 1 2 10 10 8 2 10 10 8 10 2 10 8 2 2 10 2 10 10 2 2 8 2 2 2 2 2 8 10
left_child=18 9 3 7 6 -6 -5 10 -9 15 -3 13 19 20 -15 16 28 -18 21 -13 -4 23 -23 25 -24 27 -27 -1 -2 -25
right_child=1 2 11 4 5 -7 -8 8 -10 -11 -12 12 -14 14 -16 -17 17 -19 -20 -21 -22 22 24 29 -26 26 -28 -29 -30 -31
leaf_value=-0.0099302457839733228 -0.0054662625793292473 0.007852588614129706 -0.003506256490716419 0.0080914537632760988 -0.016316296928082986 0.0031653808664319446 -0.0078040149047740722 0.0053293694616041096 0.01771163762772392 -0.044883216713340238 0.00014488296705498797 -0.010893488936469051 -0.057600457801093019 0.033553431412884013 0.0037201371244538167 -0.016694599284523434 9.1217057316888328e-05 -0.014330154717713595 0.046080553451819078 0.0034545046440045157 0.0014862310625481856 0.039569824962832394 -0.0017372416618924875 0.012898172930415189 -0.06194826949101228 -0.0032499960027529613 -0.011750116432973925 0.001401989129750968 0.00040867558899208725 0.055512784370644531
leaf_weight=507 1735 3057 4476 872 583 18036 2939 943 1739 52 1991 815 31 107 571 286 448 750 21 332 3380 21 26 84 52 11367 1304 3268 4625 22
leaf_count=507 1735 3057 4476 872 583 18036 2939 943 1739 52 1991 815 31 107 571 286 448 750 21 332 3380 21 26 84 52 11367 1304 3268 4625 22
internal_value=8.53778e-07 0.00108725 0.00193935 0.00304437 0.0014132 0.00255537 -0.00416695 0.00777748 0.013358 -0.00321391 0.00481256 -0.00149022 -0.00807887 -0.000580751 0.00842834 -0.00294177 -0.00242135 -0.00893719 -0.00311186 -0.00674045 -0.00135827 -0.0031739 -0.0246011 -0.00304574 -0.0418779 -0.00320551 -0.00412476 -0.000119983 -0.001194 0.0217427
internal_weight=64440 47768 39872 30160 22430 18619 3811 7730 2682 7896 5048 9712 1178 8534 678 7844 7558 1198 16672 1147 7856 16651 99 16552 78 16446 12671 3775 6360 106
internal_count=64440 47768 39872 30160 22430 18619 3811 7730 2682 7896 5048 9712 1178 8534 678 7844 7558 1198 16672 1147 7856 16651 99 16552 78 16446 12671 3775 6360 106
cat_boundaries=0 1
cat_threshold=2
is_linear=0
shrinkage=0.05


Tree=88
num_leaves=31
num_cat=0
split_feature=5 1 1 7 6 9 9 9 1 7 2 6 8 0 9 0 9 8 0 9 4 6 8 8 9 0 6 9 9 2
split_gain=79.738 108.044 75.1026 116.693 105.07 97.8126 63.2236 56.9538 47.5086 44.043 53.0943 46.9629 43.043 62.1746 54.335 53.8388 48.9268 42.6887 38.9086 46.2545 50.4267 37.217 34.899 34.4861 33.7835 32.9148 40.0007 29.8356 28.6799 28.5253
threshold=-0.12940952255126037 16.500000000000004 11.500000000000002 12.500000000000002 8.5000000000000018 5.2708333333333348 8.8958333333333339 3.6458333333333335 14.500000000000002 4.5000000000000009 1.0000000180025095e-35 1.0000000180025095e-35 8.5000000000000018 15.500000000000002 6.6875000000000009 6.5000000000000009 6.0208333333333348 17.500000000000004 14.500000000000002 7.8958333333333348 -0.91597561503675329 11.500000000000002 7.5000000000000009 11.500000000000002 6.729166666666667 16.500000000000004 16.500000000000004 7.0625000000000009 2.1458333333333335 1.0000000180025095e-35
decision_type=2 2 2 10 10 10 10 10 2 10 2 10 8 2 10 2 10 10 2 10 2 10 8 10 10 2 10 10 10 2
left_child=1 2 4 5 9 8 -7 22 -4 11 -11 -1 13 16 15 -14 -9 18 19 28 21 -21 -3 -22 -19 26 -5 -16 -2 -30
right_child=17 7 3 25 -6 6 -8 12 -10 10 -12 -13 14 -15 27 -17 -18 24 -20 20 23 -23 -24 -25 -26 -27 -28 -29 29 -31
leaf_value=-0.0099103984374170288 -0.0063822318850578971 0.0066576564151200647 -0.005614530387761169 -0.0292476279297425 0.01459305902310244 0.0067754822452708993 0.053686647051693619 0.021105023021845248 0.0013105530754287434 0.01038448876549335 -0.0030026767294522375 0.0065110970504781637 0.019092663615210656 -0.063212708085775379 0.072761865850124105 -0.018369572556801463 0.052520845935054843 0.0025937138795852663 -0.025906548999588597 0.07688406730026362 0.0033649176591361123 0.018097465475400292 -0.018283756995256535 0.063962429350552463 0.083998654610835596 0.026826561134188406 0.030087499413639307 0.019607926272984709 0.0022939050024285649 -0.0020701623341225555
leaf_weight=477 3248 1005 6182 534 1871 2442 74 820 4132 863 5224 4990 163 20 36 233 146 25 165 42 1081 75 163 24 26 31 30 99 4379 25840
leaf_count=477 3248 1005 6182 534 1871 2442 74 820 4132 863 5224 4990 163 20 36 233 146 25 165 42 1081 75 163 24 26 31 30 99 4379 25840
internal_value=8.11078e-07 0.00191287 0.000956547 -0.00168784 0.00360094 -0.000683966 0.00815522 0.0114761 -0.0028402 0.00182092 -0.00110468 0.00507831 0.0178659 0.0240466 0.00638909 -0.00294951 0.0258532 -0.00161708 -0.00168397 -0.00156875 0.0079861 0.0392003 0.00317696 0.00468106 0.0440943 -0.0233344 -0.0260915 0.0337823 -0.00191763 -0.00143777
internal_weight=64440 29535 26850 13425 13425 12830 2516 2685 10314 11554 6087 5467 1517 986 531 396 966 34905 34854 34689 1222 117 1168 1105 51 595 564 135 33467 30219
internal_count=64440 29535 26850 13425 13425 12830 2516 2685 10314 11554 6087 5467 1517 986 531 396 966 34905 34854 34689 1222 117 1168 1105 51 595 564 135 33467 30219
is_linear=0
shrinkage=0.05


Tree=89
num_leaves=31
num_cat=1
split_feature=6 10 5 7 9 0 9 7 2 2 9 0 6 9 4 1 7 0 4 9 2 0 8 0 5 4 0 5 8 5
split_gain=74.1266 61.4197 51.1677 89.1752 99.966 106.724 84.1082 59.9821 53.9339 39.8109 32.8396 21.2038 28.4821 20.8341 30.657 19.9641 21.6381 21.1325 18.8696 18.1686 16.634 16.6159 39.611 23.5538 22.7327 17.0634 31.0958 20.1875 15.4269 12.3399
threshold=1.5000000000000002 0 0.60355339059327384 5.5000000000000009 5.979166666666667 9.5000000000000018 3.6875000000000004 2.5000000000000004 2.5000000000000004 5.5000000000000009 5.104166666666667 5.5000000000000009 14.500000000000002 7.4375000000000009 -0.37940952255126059 22.500000000000004 5.5000000000000009 7.5000000000000009 -0.37940952255126059 10.312500000000002 3.5000000000000004 8.5000000000000018 3.5000000000000004 7.5000000000000009 -0.70710678118654757 1.0000000180025095e-35 3.5000000000000004 -0.60355339059327384 1.5000000000000002 -0.37940952255126015
decision_type=10 1 2 10 10 2 10 10 2 2 8 2 10 8 2 2 10 2 2 10 2 2 8 2 2 2 2 2 8 2
left_child=19 10 3 4 7 -6 9 -3 -8 -5 15 13 18 20 -15 16 28 -18 -13 21 -4 23 -23 25 -24 27 -27 -1 -2 -25
right_child=1 2 11 6 5 -7 8 -9 -10 -11 -12 12 -14 14 -16 -17 17 -19 -20 -21 -22 22 24 29 -26 26 -28 -29 -30 -31
leaf_value=-0.0092899665267700878 -0.0051341143985462918 0.0093215373162339066 -0.0031990893200770582 -0.0060808300236267765 0.011240311043105473 0.0469012417038056 -0.0018919207580238833 0.0021473306505534156 0.00456655183488602 -0.025750929141752928 -0.042631311642113506 -0.0033207670888966987 -0.054935407273531446 0.03296525981727777 0.003384153762882626 -0.015732564994010267 -0.0063379038205265336 -0.029429088654252918 -0.019872906324685382 0.043608279932024228 0.0014422543817123915 0.037602036889819876 -0.0015882072540429925 0.03620715469828454 -0.05884867095066091 -0.002997728970460173 -0.011149732842803947 0.0014332426515670899 0.00039470696168121051 0.0019347417478760083
leaf_weight=507 1735 4247 4487 2057 885 275 5766 9279 7357 294 52 936 31 104 555 286 1089 109 211 21 3388 21 26 58 52 11367 1304 3268 4625 48
leaf_count=507 1735 4247 4487 2057 885 275 5766 9279 7357 294 52 936 31 104 555 286 1089 109 211 21 3388 21 26 58 52 11367 1304 3268 4625 48
internal_value=7.70549e-07 0.00100263 0.00180035 0.00281722 0.00560801 0.0196944 0.000168558 0.00439994 0.00172882 -0.00854064 -0.00302407 -0.00135562 -0.00764382 -0.000487622 0.00805249 -0.00276535 -0.00227466 -0.00843885 -0.00636567 -0.00286971 -0.00120228 -0.00292832 -0.0233513 -0.00280617 -0.0397618 -0.0029576 -0.00383667 -6.93405e-06 -0.00111355 0.0206876
internal_weight=64440 47768 39872 30160 14686 1160 15474 13526 13123 2351 7896 9712 1178 8534 659 7844 7558 1198 1147 16672 7875 16651 99 16552 78 16446 12671 3775 6360 106
internal_count=64440 47768 39872 30160 14686 1160 15474 13526 13123 2351 7896 9712 1178 8534 659 7844 7558 1198 1147 16672 7875 16651 99 16552 78 16446 12671 3775 6360 106
cat_boundaries=0 1
cat_threshold=2
is_linear=0
shrinkage=0.05


Tree=90
num_leaves=31
num_cat=1
split_feature=5 1 1 6 0 9 7 9 9 7 9 7 8 9 1 6 7 8 7 10 0 9 4 7 9 1 6 0 9 6
split_gain=68.7605 98.223 117.799 71.1871 74.4437 69.167 73.0464 69.2188 61.754 52.2273 44.8958 44.4515 69.0126 63.8886 39.7968 43.7968 45.7685 38.1483 37.3699 58.0431 36.4429 40.1083 45.5077 36.055 38.4183 35.6984 33.5575 33.2493 31.8202 31.1497
threshold=-0.12940952255126037 15.500000000000002 12.500000000000002 3.5000000000000004 13.500000000000002 3.8125000000000004 9.5000000000000018 9.6875000000000018 5.8958333333333348 16.500000000000004 2.5208333333333335 4.5000000000000009 3.5000000000000004 5.729166666666667 14.500000000000002 8.5000000000000018 14.500000000000002 17.500000000000004 2.5000000000000004 0 14.500000000000002 7.8958333333333348 -0.91597561503675329 3.5000000000000004 2.8541666666666674 13.500000000000002 11.500000000000002 1.5000000000000002 2.1875000000000004 6.5000000000000009
decision_type=2 2 2 8 2 8 10 10 10 10 10 8 8 10 2 10 8 10 8 1 2 10 2 10 10 2 10 2 8 10
left_child=1 2 3 4 10 23 8 9 27 -8 -1 13 -13 -5 18 28 -17 20 19 -4 21 -2 26 24 -3 -20 -23 -7 -16 -10
right_child=17 5 14 11 -6 6 7 -9 29 -11 -12 12 -14 -15 15 16 -18 -19 25 -21 -22 22 -24 -25 -26 -27 -28 -29 -30 -31
leaf_value=0.0051337785224665365 -0.0017782716070861935 0.0013766538222522531 0.017497869592868181 0.0091557536735667275 0.086575685317317644 -0.036683072629966777 -0.00029993533489401251 0.075101485686649663 0.067164680685561445 -0.059202416604384779 -0.0043298586589730617 -0.0091737112996256986 0.0053021686945787863 0.048486914745070671 -0.020849238086578459 0.01710565195440553 -0.058330016024410729 0.041710408802564242 -0.0044319141173208652 -0.0083491258162258983 -0.02500742398385862 0.072879889685039723 0.0043043204502665336 -0.0033428348038372687 0.020033527982368612 -0.013344006889796462 0.017058229523400466 0.01478086522035358 -0.00059435266864944162 0.029457367572333967
leaf_weight=1747 33467 721 362 2946 24 32 636 29 65 40 4434 957 5895 107 215 473 21 51 2269 513 165 42 1105 1420 447 2226 75 1632 1976 348
leaf_count=1747 33467 721 362 2946 24 32 636 29 65 40 4434 957 5895 107 215 473 21 51 2269 513 165 42 1105 1420 447 2226 75 1632 1976 348
internal_value=7.32006e-07 0.0017763 0.000417041 0.00288553 -0.00131379 0.00789296 0.0133661 -0.000540301 0.0180864 -0.00378529 -0.00165505 0.0055162 0.00328036 0.0105342 -0.00451994 0.000450285 0.0138989 -0.00150167 -0.00700506 0.0024487 -0.0015649 -0.0014534 0.00744402 0.00200956 0.00851674 -0.00884533 0.0370968 0.0137912 -0.00258194 0.0353919
internal_weight=64440 29535 24165 16110 6205 5370 2782 705 2077 676 6181 9905 6852 3053 8055 2685 494 34905 5370 875 34854 34689 1222 2588 1168 4495 117 1664 2191 413
internal_count=64440 29535 24165 16110 6205 5370 2782 705 2077 676 6181 9905 6852 3053 8055 2685 494 34905 5370 875 34854 34689 1222 2588 1168 4495 117 1664 2191 413
cat_boundaries=0 1
cat_threshold=21
is_linear=0
shrinkage=0.05


Tree=91
num_leaves=31
num_cat=2
split_feature=8 10 8 7 0 2 8 9 7 5 5 6 9 5 0 2 7 9 9 2 6 0 9 5 4 7 4 9 4 10
split_gain=64.5101 47.7951 45.206 41.7947 42.7553 47.8698 37.5984 38.1931 82.6519 42.3384 44.9771 36.4279 35.5247 61.3117 60.7133 50.6779 49.3322 40.9591 35.188 31.69 62.3234 29.9204 33.783 58.6828 25.4237 23.5071 23.502 21.5379 20.6778 25.2218
threshold=1.5000000000000002 0 16.500000000000004 10.500000000000002 1.5000000000000002 1.0000000180025095e-35 12.500000000000002 6.854166666666667 12.500000000000002 -0.98296291314453399 0.25881904510252057 9.5000000000000018 6.9375000000000009 -0.5 17.500000000000004 3.5000000000000004 10.500000000000002 4.4375000000000009 6.6875000000000009 3.5000000000000004 11.500000000000002 4.5000000000000009 6.7708333333333348 0.37940952255126048 -0.78656609248549303 5.5000000000000009 -0.37940952255126059 10.312500000000002 -0.5 1
decision_type=8 1 10 8 2 2 8 10 10 2 2 10 10 2 2 2 10 8 10 2 10 2 10 2 2 10 2 10 2 1
left_child=21 6 3 4 25 -6 7 8 26 11 -11 -9 14 15 17 -14 -15 -8 -10 24 -21 27 28 -24 -5 -3 -2 -1 -23 -30
right_child=1 2 -4 19 5 -7 12 9 18 10 -12 -13 13 16 -16 -17 -18 -19 -20 20 -22 22 23 -25 -26 -27 -28 -29 29 -31
leaf_value=-0.0021141916571005485 -0.00051345396877387761 -0.0031593123645546374 0.068121719973472258 -0.034521946703677468 0.0065405986802342586 -0.00015253449143532501 -0.0073989189615198958 -0.069794114828109752 -0.014607820651913265 0.012864714743434785 0.00098529237618016885 -0.0065131162313070701 -0.030607444124351804 0.00064457120525455752 0.099126272187346515 0.0050502592073843897 0.042213128878234994 0.017679989390034994 -0.060018297433456852 0.0065209582271286582 -0.05925755331292748 -0.0007133531695462733 -0.10598229066721009 -0.015380921927717282 -0.011390082991665086 -0.014953824453268367 0.003429510105129192 0.0443336191251874 0.0011328324446609865 -0.018847565087033592
leaf_weight=14909 6795 4718 24 171 3148 17646 197 30 462 1922 1361 94 193 172 21 206 122 938 47 361 40 615 24 70 389 464 8515 25 230 531
leaf_count=14909 6795 4718 24 171 3148 17646 197 30 462 1922 1361 94 193 172 21 206 122 938 47 361 40 615 24 70 389 464 8515 25 230 531
internal_value=7.66394e-07 0.000925246 -0.000469443 -0.00053073 -0.000151911 0.000860738 0.00270839 0.00205475 0.00102053 0.00685674 0.00793998 -0.021823 0.00951968 0.00056852 0.0148857 -0.0121977 0.0178941 0.0133271 -0.0188009 -0.0107703 -4.04893e-05 -0.0027064 -0.00951266 -0.0385132 -0.0184536 -0.0042154 0.00167951 -0.00203644 -0.00753152 -0.0130416
internal_weight=64440 48036 26961 26937 25976 20794 21075 19226 15819 3407 3283 124 1849 693 1156 399 294 1135 509 961 401 16404 1470 94 560 5182 15310 14934 1376 761
internal_count=64440 48036 26961 26937 25976 20794 21075 19226 15819 3407 3283 124 1849 693 1156 399 294 1135 509 961 401 16404 1470 94 560 5182 15310 14934 1376 761
cat_boundaries=0 1 2
cat_threshold=20 20
is_linear=0
shrinkage=0.05


Tree=92
num_leaves=31
num_cat=1
split_feature=4 9 7 1 8 9 10 7 9 6 9 8 8 8 4 0 0 2 1 5 9 9 7 4 9 7 2 8 2 8
split_gain=61.9427 72.2378 67.1774 71.0308 61.425 71.3196 58.6255 48.2257 66.0703 47.3382 112.862 43.5077 43.3092 42.2706 40.2623 47.5798 98.6615 41.7651 50.9865 50.9168 41.6656 69.5357 72.6352 41.6534 39.496 41.2935 39.2691 50.3496 42.2387 67.4013
threshold=-0.78656609248549303 4.4375000000000009 9.5000000000000018 18.500000000000004 15.500000000000002 10.687500000000002 0 5.5000000000000009 2.6875000000000004 7.5000000000000009 6.604166666666667 15.500000000000002 17.500000000000004 6.5000000000000009 -0.37940952255126059 19.500000000000004 22.500000000000004 5.5000000000000009 5.5000000000000009 -0.9159756150367534 8.9375000000000018 9.5625000000000018 10.500000000000002 -0.60355339059327362 4.1875000000000009 9.5000000000000018 4.5000000000000009 8.5000000000000018 5.5000000000000009 13.500000000000002
decision_type=2 8 8 2 10 10 1 10 10 10 10 10 10 8 2 2 2 2 2 2 8 10 10 2 10 10 2 10 2 8
left_child=1 7 3 9 5 -4 14 8 -1 10 -3 -11 26 -9 20 17 -17 18 -16 -19 23 22 -22 -2 -15 -26 27 -8 -28 -30
right_child=6 2 4 -5 -6 -7 12 13 -10 11 -12 -13 -14 24 15 16 -18 19 -20 -21 21 -23 -24 -25 25 -27 28 -29 29 -31
leaf_value=-0.0038649215905863935 0.0018181306418147869 0.021627276318154247 -0.0047693980834637092 0.003361713140857005 0.039158362009459075 0.085941634445705198 -0.0032011990353098445 -0.0013205261495439838 0.0070490283622617698 0.012188517391651998 0.096708434792059775 -0.047939054607864351 0.058411318163077042 -0.0093679818172715482 0.00012316322429704589 0.10920881171139979 -0.02746837359407674 -0.026503246403764141 0.0089140828285066299 0.00022112980356855049 0.018744780051593597 -0.0074383857275554261 0.12792177610192448 -0.012620554019972653 -0.02263810005305069 -0.080406711811608661 0.0037664722684286889 0.0054800744801697717 -0.0030107418461722164 0.035324637358610189
leaf_weight=2304 1000 900 1438 1506 90 22 27310 1803 3483 1020 53 31 30 608 2760 31 23 221 4099 921 39 86 25 998 126 41 5845 1779 5731 117
leaf_count=2304 1000 900 1438 1506 90 22 27310 1803 3483 1020 53 31 30 608 2760 31 23 221 4099 921 39 86 25 998 126 41 5845 1779 5731 117
internal_value=5.9064e-07 0.00302248 0.00773826 0.0115667 -0.000931243 -0.00340252 -0.000794645 0.000169907 0.00270382 0.0177327 0.0258028 0.010415 -0.001642 -0.00551812 0.00259386 0.00421836 0.0509945 0.00390266 0.0053767 -0.00495058 -0.00348594 0.0219293 0.061392 -0.00539399 -0.0152836 -0.0368208 -0.00168658 -0.00267028 0.000760579 -0.00224377
internal_weight=64440 13425 5060 3510 1550 1460 51015 8365 5787 2004 953 1051 40812 2578 10203 8055 54 8001 6859 1142 2148 150 64 1998 775 167 40782 29089 11693 5848
internal_count=64440 13425 5060 3510 1550 1460 51015 8365 5787 2004 953 1051 40812 2578 10203 8055 54 8001 6859 1142 2148 150 64 1998 775 167 40782 29089 11693 5848
cat_boundaries=0 1
cat_threshold=4
is_linear=0
shrinkage=0.05


Tree=93
num_leaves=31
num_cat=1
split_feature=10 5 2 2 8 2 7 0 0 1 8 9 5 9 8 1 4 9 9 0 4 1 7 0 7 6 9 6 4 9
split_gain=58.0654 56.2245 50.6394 69.6582 81.9772 69.299 63.6589 72.3154 45.1743 60.6034 49.3816 46.0434 42.1867 39.3962 32.927 25.0503 23.2931 41.6702 29.6708 37.4054 36.8589 21.8499 20.6893 25.5635 31.4355 21.751 20.9121 19.6577 18.6357 18.1657
threshold=0 0.60355339059327384 1.0000000180025095e-35 2.5000000000000004 15.500000000000002 5.5000000000000009 4.5000000000000009 11.500000000000002 14.500000000000002 11.500000000000002 21.500000000000004 7.2708333333333348 1.0000000180025095e-35 8.2291666666666696 8.5000000000000018 1.0000000180025095e-35 -0.70710678118654735 1.8541666666666667 3.6875000000000004 5.5000000000000009 0.78656609248549325 17.500000000000004 9.5000000000000018 8.5000000000000018 2.5000000000000004 9.5000000000000018 5.9375000000000009 8.5000000000000018 -0.5 3.8125000000000004
decision_type=1 2 2 2 8 2 10 2 2 2 8 10 2 10 10 2 2 10 8 2 2 2 10 2 10 10 10 10 2 10
left_child=16 2 8 6 5 -5 7 -4 10 -10 14 -11 -6 -8 -2 -3 17 -1 -18 28 29 27 23 -17 -25 26 -24 -19 -20 -21
right_child=1 15 3 4 12 -7 13 -9 9 11 -12 -13 -14 -15 -16 22 18 21 19 20 -22 -23 25 24 -26 -27 -28 -29 -30 -31
leaf_value=-0.012135516284253307 0.0055214743970810522 0.0031770174784171339 0.0012188552144550384 0.0038335250377196464 0.026243240909830497 -0.0029175674952134521 -0.0067256666664892526 0.046735628794753153 -0.068295017946907816 -0.031557828630950004 -0.034061436996691757 0.051796735574801772 -0.0070519142278373768 0.012533780813924837 0.015331865623431407 -0.0025798214545233195 -0.0033122358558004927 0.0083083243729596239 0.013948356800912215 -0.068056118310916999 -0.097007364105610616 -8.487487922706941e-06 0.0044804391427094052 0.020767100494450484 -0.028797072452019502 -0.018993771457046803 0.046584172490984205 0.054170486144721509 -0.010934593844999188 -0.017193360087161484
leaf_weight=530 3959 2148 4470 15234 529 5065 5498 89 47 37 72 30 116 279 1091 12518 8711 883 84 21 21 1785 58 39 178 35 60 24 722 107
leaf_count=530 3959 2148 4470 15234 529 5065 5498 89 47 37 72 30 116 279 1091 12518 8711 883 84 21 21 1785 58 39 178 35 60 24 722 107
internal_value=5.61097e-07 0.000751112 0.00181084 0.00104904 0.0027066 0.00214899 -0.0023097 0.00210743 0.00636183 -0.0247685 0.0070547 0.00576511 0.0202553 -0.00579553 0.00764091 -0.00182201 -0.0029999 0.000679506 -0.00422947 -0.012596 -0.0356109 0.00320252 -0.00265519 -0.00287477 -0.0198892 0.0156218 0.0258891 0.00952188 -0.00834133 -0.025538
internal_weight=64440 51552 36516 31280 20944 20299 10336 4559 5236 114 5122 67 645 5777 5050 15036 12888 3222 9666 955 149 2692 12888 12735 217 153 118 907 806 128
internal_count=64440 51552 36516 31280 20944 20299 10336 4559 5236 114 5122 67 645 5777 5050 15036 12888 3222 9666 955 149 2692 12888 12735 217 153 118 907 806 128
cat_boundaries=0 1
cat_threshold=2
is_linear=0
shrinkage=0.05


Tree=94
num_leaves=31
num_cat=1
split_feature=6 10 7 4 7 9 4 6 9 9 4 1 9 0 4 2 9 0 7 7 0 0 1 4 2 0 0 9 0 8
split_gain=54.2676 45.9387 63.0308 42.4477 80.6202 70.3141 87.8588 60.9681 45.3366 54.2013 53.5256 39.7669 36.4993 32.3832 31.899 39.9734 38.7027 38.634 33.9102 30.8313 30.8098 27.0002 25.1338 24.6382 24.2309 86.8869 46.6219 18.3319 15.7503 36.218
threshold=1.5000000000000002 0 5.5000000000000009 0.25881904510252091 12.500000000000002 5.1458333333333348 -0.78656609248549303 8.5000000000000018 7.3125000000000009 7.1875000000000009 -0.70710678118654735 22.500000000000004 2.8125000000000004 4.5000000000000009 0.78656609248549325 1.0000000180025095e-35 5.8958333333333348 1.5000000000000002 13.500000000000002 2.5000000000000004 1.0000000180025095e-35 7.5000000000000009 6.5000000000000009 0.78656609248549325 1.0000000180025095e-35 13.500000000000002 13.500000000000002 4.479166666666667 8.5000000000000018 3.5000000000000004
decision_type=10 1 8 2 10 10 2 10 10 10 2 2 10 2 2 2 10 2 10 10 2 2 2 2 2 2 2 10 2 8
left_child=28 3 11 4 5 19 -7 20 9 -6 -10 12 13 -3 15 16 -4 -16 -17 -2 22 -14 -5 -22 25 -9 -26 -19 -1 -30
right_child=1 2 14 7 8 6 -8 24 10 -11 -12 -13 21 -15 17 18 -18 27 -20 -21 23 -23 -24 -25 26 -27 -28 -29 29 -31
leaf_value=-0.0023367391639788821 0.0034751358725899624 0.00020503844705099363 0.0040761770366191351 -0.0045728939889681111 -0.01774113707847657 0.012525449701487088 0.001244720050596775 0.013047371949966347 0.017088436598721553 -0.082638008562464491 -0.018461167619722645 -0.01172988106319753 0.0025463376812254134 -0.0084681320863977897 0.032211820136755706 -0.0074575773456179856 0.074973652809858335 -0.021384785987168281 -0.050268663505607464 -0.0024259669049529484 0.0010835388613574983 0.012992469905193189 -0.041740659479888122 0.0066582056228474025 0.011542462670419163 -0.061261243418751603 0.034582893797077484 -0.05391741014072593 0.035944865377885958 -0.038031491591559295
leaf_weight=16573 2938 4966 513 634 599 2653 4940 218 219 34 205 645 5561 1374 25 2918 20 111 47 8975 4026 696 49 3904 1105 48 274 71 21 78
leaf_count=16573 2938 4966 513 634 599 2653 4940 218 219 34 205 645 5561 1374 25 2918 20 111 47 8975 4026 696 49 3904 1105 48 274 71 21 78
internal_value=5.33049e-07 0.000857745 -0.0012331 0.00200715 0.000697224 0.00142601 0.00518622 0.00463496 -0.0127519 -0.0212269 -9.94617e-05 0.00037911 0.000999123 -0.0016746 -0.00699861 -0.00587001 0.0067365 -0.0260703 -0.0081362 -0.000970629 0.00295036 0.00370832 -0.0072394 0.00382799 0.0134553 -0.000361702 0.0161205 -0.0340761 -0.00245552 -0.0223395
internal_weight=64440 47768 16947 30821 20563 19506 7593 10258 1057 633 424 13242 12597 6340 3705 3498 533 207 2965 11913 8613 6257 683 7930 1645 266 1379 182 16672 99
internal_count=64440 47768 16947 30821 20563 19506 7593 10258 1057 633 424 13242 12597 6340 3705 3498 533 207 2965 11913 8613 6257 683 7930 1645 266 1379 182 16672 99
cat_boundaries=0 1
cat_threshold=28
is_linear=0
shrinkage=0.05


Tree=95
num_leaves=31
num_cat=0
split_feature=5 1 1 7 6 9 2 9 9 8 0 9 0 0 2 2 2 8 0 8 7 9 4 6 9 8 6 6 8 6
split_gain=52.1966 84.8824 60.8282 94.7044 75.9916 72.3033 89.1381 59.2719 42.1587 40.9399 59.6169 44.5732 52.4145 42.6458 39.7485 116.24 51.6749 31.4729 30.9051 38.1167 37.669 34.8701 42.552 39.2773 51.9102 33.3107 32.3918 37.0231 31.5558 29.4436
threshold=-0.12940952255126037 16.500000000000004 11.500000000000002 12.500000000000002 8.5000000000000018 8.8958333333333339 4.5000000000000009 2.8958333333333335 3.6458333333333335 8.5000000000000018 15.500000000000002 6.6875000000000009 10.500000000000002 3.5000000000000004 4.5000000000000009 5.5000000000000009 1.0000000180025095e-35 7.5000000000000009 14.500000000000002 13.500000000000002 12.500000000000002 7.8958333333333348 -0.91597561503675329 11.500000000000002 9.2708333333333339 11.500000000000002 8.5000000000000018 15.500000000000002 8.5000000000000018 8.5000000000000018
decision_type=2 2 2 10 10 10 2 8 10 8 2 10 2 2 2 2 2 8 2 8 10 10 2 10 10 10 10 10 8 10
left_child=1 2 4 5 14 7 -7 -4 17 10 13 12 -11 -10 16 -16 -1 29 21 20 26 -2 23 -23 -25 28 -20 -28 -24 -3
right_child=18 8 3 -5 -6 6 -8 -9 9 11 -12 -13 -14 -15 15 -17 -18 -19 19 -21 -22 22 25 24 -26 -27 27 -29 -30 -31
leaf_value=0.0077522061477287409 -0.00150751497251934 0.0074393087068957853 -0.0069488568442716159 -0.021180807477775024 0.012427848038988306 0.0044517777529027728 0.11686368375085295 0.00091161403728700274 -0.0047094263504220161 0.0042263468402254168 -0.063896357221528893 0.029139316375884745 -0.043729880246995152 0.027256088390545875 0.015927470734477676 -0.00298936419746467 -0.0022083344817057557 -0.01749644507918267 0.0206603142291759 0.032003987635727281 -0.091390104786209445 0.073504939987215898 0.0056215748926928986 -0.011333151017887552 0.077656597607647593 0.061024419598281393 -0.055015466238289859 0.022373397126793863 -0.021875802876475531 -0.052393769781060875
leaf_weight=1617 33505 984 3202 595 1871 45 29 9554 119 327 20 135 69 847 1588 1662 6687 163 33 27 23 43 964 57 23 25 68 20 117 21
leaf_count=1617 33505 984 3202 595 1871 45 29 9554 119 327 20 135 69 847 1588 1662 6687 163 33 27 23 43 964 57 23 25 68 20 117 21
internal_value=5.06398e-07 0.0015475 0.000699862 -0.00167999 0.00307972 -0.000775628 0.0485051 -0.00106151 0.0100239 0.0155214 0.0215492 0.00432855 -0.00412966 0.0233183 0.00156592 0.00625369 -0.000268764 0.00288364 -0.00130849 -0.0225126 -0.0327345 -0.0012041 0.00706767 0.0349661 0.0142514 0.00396504 -0.0215851 -0.0374271 0.00264545 0.00618907
internal_weight=64440 29535 26850 13425 13425 12830 74 12756 2685 1517 986 531 396 966 11554 3250 8304 1168 34905 171 144 34734 1229 123 80 1106 121 88 1081 1005
internal_count=64440 29535 26850 13425 13425 12830 74 12756 2685 1517 986 531 396 966 11554 3250 8304 1168 34905 171 144 34734 1229 123 80 1106 121 88 1081 1005
is_linear=0
shrinkage=0.05


Tree=96
num_leaves=31
num_cat=0
split_feature=4 1 9 7 9 7 2 2 8 0 6 8 2 6 4 8 7 0 0 7 5 1 7 9 5 0 9 8 9 7
split_gain=49.0053 61.5169 51.1754 82.9017 51.6195 48.6666 47.4405 69.4517 69.0995 82.9624 51.6578 57.9559 49.6663 73.1063 49.6293 45.8817 61.3623 44.4394 43.6905 132.323 69.3898 61.3124 45.3103 43.54 42.1329 34.5922 124.068 52.7566 33.1674 32.8161
threshold=-0.78656609248549303 17.500000000000004 8.8958333333333339 16.500000000000004 3.8125000000000004 9.5000000000000018 3.5000000000000004 1.0000000180025095e-35 15.500000000000002 17.500000000000004 15.500000000000002 8.5000000000000018 5.5000000000000009 7.5000000000000009 0.60355339059327384 8.5000000000000018 10.500000000000002 7.5000000000000009 13.500000000000002 5.5000000000000009 -0.98296291314453399 11.500000000000002 14.500000000000002 9.5625000000000018 -0.78656609248549325 14.500000000000002 9.6458333333333339 14.500000000000002 8.3541666666666696 4.5000000000000009
decision_type=2 2 10 10 8 10 2 2 8 2 10 10 2 10 2 10 10 2 2 8 2 2 10 10 2 2 10 8 10 10
left_child=1 2 3 4 -1 -6 7 10 12 23 15 -12 13 17 -15 -2 -17 -8 22 21 -21 -20 -9 28 -24 26 -3 -27 -10 -14
right_child=6 25 -4 -5 5 -7 8 18 9 -11 11 -13 29 14 -16 16 -18 -19 19 20 -22 -23 24 -25 -26 27 -28 -29 -30 -31
leaf_value=0.0017733143760500728 0.00048234968067042375 8.4422592934496382e-06 0.050258336719403524 -0.068296399833382787 0.015359533983440261 -0.00065654964192298718 2.0926396909626296e-05 -0.0035058524146361009 0.01433455684939215 0.11226079276074535 0.11620974884856315 -0.0012595053230013168 -0.00034494237927788719 0.0084046343696528112 0.033217803938641099 0.020464704501175102 -0.013921804254783727 0.01117047974869248 0.14677605950832368 -0.056349788255296476 0.013394831878502975 0.029322701792698355 -0.012531498069006761 -0.047883748134168298 -0.065853551368194596 -0.033512792833657427 0.10188306765630842 0.053187249675393102 0.061532532373761266 -0.0074898421495629107
leaf_weight=2588 6488 7862 67 37 2062 616 11362 21286 404 23 21 21 4719 1735 228 621 164 970 25 43 209 20 118 26 54 143 30 20 41 2437
leaf_count=2588 6488 7862 67 37 2062 616 11362 21286 404 23 21 21 4719 1735 228 621 164 970 25 43 209 20 118 26 54 143 30 20 41 2437
internal_value=4.81062e-07 0.00268833 0.00683363 0.00628499 0.00680901 0.0116755 -0.000706849 -0.00203162 0.00104804 0.0195365 0.00218303 0.0574751 0.000622269 0.00232451 0.0112867 0.00186373 0.0132808 0.000897919 -0.00344877 0.0155971 0.00149396 0.0945746 -0.00371239 0.0150085 -0.0292721 -7.51979e-05 0.0003957 -0.0228748 0.0186831 -0.00277816
internal_weight=64440 13425 5370 5303 5266 2678 51015 29070 21945 494 7315 42 21451 14295 1963 7273 785 12332 21755 297 252 45 21458 471 172 8055 7892 163 445 7156
internal_count=64440 13425 5370 5303 5266 2678 51015 29070 21945 494 7315 42 21451 14295 1963 7273 785 12332 21755 297 252 45 21458 471 172 8055 7892 163 445 7156
is_linear=0
shrinkage=0.05


Tree=97
num_leaves=31
num_cat=1
split_feature=0 10 2 2 5 8 8 5 8 7 0 4 7 4 6 9 9 7 7 9 4 6 6 8 8 0 6 8 1 2
split_gain=47.0459 40.7411 45.3033 57.8732 79.3562 63.8787 63.1006 73.7488 49.0208 45.1761 65.183 49.276 35.434 34.7332 47.2392 46.2174 170.567 73.3493 32.8723 43.6491 52.8302 38.2485 30.8694 28.3604 41.4315 28.2701 32.4862 25.078 36.3436 29.1642
threshold=1.0000000180025095e-35 0 4.5000000000000009 5.5000000000000009 -0.12940952255126037 8.5000000000000018 17.500000000000004 0.1294095225512602 8.5000000000000018 12.500000000000002 5.5000000000000009 -0.5 4.5000000000000009 0.37940952255126054 12.500000000000002 6.729166666666667 5.979166666666667 12.500000000000002 12.500000000000002 6.979166666666667 -0.98296291314453399 14.500000000000002 8.5000000000000018 18.500000000000004 20.500000000000004 16.500000000000004 13.500000000000002 4.5000000000000009 9.5000000000000018 3.5000000000000004
decision_type=2 1 2 2 2 8 8 2 10 8 2 2 8 2 10 10 8 10 10 8 2 10 10 8 8 2 10 8 2 2
left_child=-1 13 8 4 5 -4 12 -8 9 11 -11 -3 -5 18 27 16 -16 -17 19 21 -21 -2 -6 -20 -25 26 -10 28 -15 -29
right_child=1 2 3 6 22 -7 7 -9 25 10 -12 -13 -14 14 15 17 -18 -19 23 20 -22 -23 -24 24 -26 -27 -28 29 -30 -31
leaf_value=-0.0037933615540320328 -0.00066851033604911809 0.0011298205733888053 0.014305071924469642 0.0013680624865102962 0.001336588950561595 -0.0036392536322521797 0.074776855759836489 -0.013473496567457915 0.0056468277558231203 0.0038058167153378268 -0.038509444192983217 -0.0031615109083869331 -0.0062200621795417367 0.0030228066546105882 -0.0086527914065739203 -0.020477399088087538 0.17367657735619857 0.062058944702941057 -0.010633020076372629 0.045219837459202002 0.0070343800111213051 0.028122386247929884 -0.017871281996576321 0.074155423700809478 -0.0064498255875977606 0.061621697653423659 -0.027299891109880688 0.0045105877647613748 -0.046925764712127477 0.017408942558771342
leaf_weight=7252 5150 10513 2711 3842 2974 607 58 40 2642 167 200 18393 2566 2317 29 63 23 47 813 96 1604 118 225 25 44 22 77 1012 37 773
leaf_count=7252 5150 10513 2711 3842 2974 607 58 40 2642 167 200 18393 2566 2317 29 63 23 47 813 96 1604 118 225 25 44 22 77 1012 37 773
internal_value=4.57016e-07 0.00048155 -0.000211915 0.0022744 0.00560473 0.0110223 -0.00106155 0.0387563 -0.00122339 -0.00182209 -0.0192543 -0.00160077 -0.0016705 0.00304951 0.00666351 0.0331502 0.0719929 0.0147881 0.00107329 0.00222444 0.00919074 -2.36117e-05 -1.43867e-05 -0.00802103 0.022755 0.00517056 0.0047138 0.00562682 0.00223772 0.0100963
internal_weight=64440 57188 45037 13023 6517 3318 6506 98 32014 29273 367 28906 6408 12151 4301 162 52 110 7850 6968 1700 5268 3199 882 69 2741 2719 4139 2354 1785
internal_count=64440 57188 45037 13023 6517 3318 6506 98 32014 29273 367 28906 6408 12151 4301 162 52 110 7850 6968 1700 5268 3199 882 69 2741 2719 4139 2354 1785
cat_boundaries=0 1
cat_threshold=4
is_linear=0
shrinkage=0.05


Tree=98
num_leaves=31
num_cat=1
split_feature=10 5 7 8 9 9 7 1 8 9 1 0 5 9 6 6 1 9 4 0 5 7 0 7 9 1 1 7 4 6
split_gain=44.8495 40.6504 42.4871 56.9257 49.4794 47.2916 76.2888 41.5521 63.9357 50.4342 36.2404 35.3642 49.1178 31.7302 29.3871 23.4018 22.5011 21.7011 29.9757 31.0163 33.7132 18.9258 24.3823 28.2581 18.0404 20.9273 35.9927 43.5589 22.6998 17.9443
threshold=0 0.60355339059327384 7.5000000000000009 11.500000000000002 3.6041666666666674 6.3958333333333348 5.5000000000000009 7.5000000000000009 7.5000000000000009 10.85416666666667 19.500000000000004 12.500000000000002 -0.37940952255126015 5.979166666666667 1.5000000000000002 2.5000000000000004 1.0000000180025095e-35 3.6875000000000004 -0.5 5.5000000000000009 -0.5 9.5000000000000018 8.5000000000000018 2.5000000000000004 1.6458333333333337 7.5000000000000009 10.500000000000002 6.5000000000000009 -0.70710678118654735 9.5000000000000018
decision_type=1 2 10 10 10 10 10 2 10 10 2 2 2 10 10 10 2 8 2 2 2 8 2 10 10 2 2 10 2 10
left_child=17 2 3 11 10 13 -7 8 -6 -9 15 14 -13 -5 -2 -4 -3 24 -19 -20 -21 22 -18 -24 -1 -26 27 -27 -28 -23
right_child=1 16 4 5 7 6 -8 9 -10 -11 -12 12 -14 -15 -16 -17 21 18 19 20 -22 29 23 -25 25 26 28 -29 -30 -31
leaf_value=-0.0077778444789589661 -0.0012107876808076961 0.0032099980534621188 -0.0007430161776114776 0.012281661234997266 0.0074467104628321628 0.079456973137028195 0.011170842952671506 -0.0010876588011057822 0.076355448261249903 0.042141193359651989 0.029428901555745499 0.023665532212392475 -0.0079529425390064724 -0.018635790226677353 0.0027877046542609243 -0.021657962957518141 -0.0022549888938881314 0.0025300232272325012 -0.010049981541768456 -0.024528126052411444 -0.089934598095715051 0.021823391474682582 0.019386839107849087 -0.02760571796208976 -0.0045336891436072958 0.01082120349092106 0.001958173270301484 -0.019688231832920934 -0.0043401610242306318 -0.018147275972047024
leaf_weight=1198 6054 2148 179 847 155 67 105 8674 43 68 46 412 175 92 19070 529 12494 393 722 110 24 142 39 178 3382 1169 2647 130 3113 35
leaf_count=1198 6054 2148 179 847 155 67 105 8674 43 68 46 412 175 92 19070 529 12494 393 722 110 24 142 39 178 3382 1169 2647 130 3113 35
internal_value=4.34175e-07 0.000660064 0.00156115 0.00258648 -0.0012758 0.0136675 0.0377707 -0.000238392 0.0224117 -0.000751401 -0.013576 0.00210765 0.0142392 0.00925248 0.00182421 -0.0163701 -0.00152785 -0.00263655 -0.00890177 -0.0141502 -0.0362427 -0.00231749 -0.00254359 -0.0191601 -0.00196648 -0.00129969 0.000249735 0.00776791 -0.00144577 0.0139196
internal_weight=64440 51552 36516 26822 9694 1111 172 8940 198 8742 754 25711 587 939 25124 708 15036 12888 1249 856 134 12888 12711 217 11639 10441 7059 1299 5760 177
internal_count=64440 51552 36516 26822 9694 1111 172 8940 198 8742 754 25711 587 939 25124 708 15036 12888 1249 856 134 12888 12711 217 11639 10441 7059 1299 5760 177
cat_boundaries=0 1
cat_threshold=2
is_linear=0
shrinkage=0.05


Tree=99
num_leaves=31
num_cat=1
split_feature=10 5 2 2 8 7 0 2 0 6 6 7 9 7 8 9 9 1 0 1 1 0 9 7 0 7 6 9 8 9
split_gain=40.4767 36.687 42.0386 54.4453 60.4246 59.2296 60.2714 54.1195 42.4916 58.4415 42.196 53.1988 53.0052 38.2382 35.5252 33.0983 20.9971 20.3072 18.1536 18.3311 29.9301 34.0119 24.6194 17.229 22.0445 25.5029 18.2608 18.7403 15.325 19.7855
threshold=0 0.60355339059327384 1.0000000180025095e-35 2.5000000000000004 15.500000000000002 4.5000000000000009 11.500000000000002 5.5000000000000009 12.500000000000002 15.500000000000002 13.500000000000002 9.5000000000000018 5.729166666666667 9.5000000000000018 8.5000000000000018 5.8125000000000009 5.104166666666667 1.0000000180025095e-35 8.5000000000000018 7.5000000000000009 10.500000000000002 3.5000000000000004 1.6041666666666667 9.5000000000000018 8.5000000000000018 2.5000000000000004 9.5000000000000018 5.9375000000000009 1.5000000000000002 3.3958333333333335
decision_type=1 2 2 2 8 10 2 2 2 10 10 10 10 10 10 10 8 2 2 2 2 2 10 10 2 10 10 10 8 10
left_child=16 2 8 5 7 6 -4 -5 9 14 12 -12 -10 -6 -2 -7 18 -3 19 -1 21 -21 -22 24 -19 -26 27 -25 -20 -30
right_child=1 17 3 4 13 15 -8 -9 10 -11 11 -13 -14 -15 -16 -17 -18 23 28 20 22 -23 -24 26 25 -27 -28 -29 29 -31
leaf_value=-0.0047638893051286388 0.0040749251430484438 0.0030494981573839504 0.0012690642044987056 0.0032643403717579917 0.0079489772264374255 -0.0079612100858862615 0.042822949324598479 -0.0027017177800511849 -0.035311883341135657 0.067671488301876262 -0.0022326466316978139 -0.10645079690217972 0.01392821523497122 0.033135330382307683 0.014638412566765091 0.0003798037093973705 -0.028369999897833439 -0.0021280993400806434 0.016928232184145599 0.012671130345157662 -0.01283092407115592 -0.0021576439598012692 -0.0013129827687091457 0.0036180878154419625 0.018417498326967829 -0.026225432305167735 -0.017239912695118358 0.043475568791230518 -0.0081916215347832659 -0.040395253298827163
leaf_weight=4260 3915 2148 4470 15234 405 4102 89 5065 87 39 24 25 147 240 999 1675 78 12518 30 804 501 745 6273 58 39 178 35 60 116 81
leaf_count=4260 3915 2148 4470 15234 405 4102 89 5065 87 39 24 25 147 240 999 1675 78 12518 30 804 501 745 6273 58 39 178 35 60 116 81
internal_value=4.12453e-07 0.00062706 0.00148309 0.000788997 0.00225442 -0.00218041 0.00208027 0.00177569 0.00562963 0.0067063 -0.0132139 -0.0554052 -0.004379 0.0173206 0.00622245 -0.00554279 -0.00250472 -0.00145146 -0.00234918 -0.00209637 -0.000731045 0.00553915 -0.00216484 -0.00220161 -0.00240199 -0.018202 0.014477 0.0238846 -0.016363 -0.0214327
internal_weight=64440 51552 36516 31280 20944 10336 4559 20299 5236 4953 283 49 234 645 4914 5777 12888 15036 12810 12583 8323 1549 6774 12888 12735 217 153 118 227 197
internal_count=64440 51552 36516 31280 20944 10336 4559 20299 5236 4953 283 49 234 645 4914 5777 12888 15036 12810 12583 8323 1549 6774 12888 12735 217 153 118 227 197
cat_boundaries=0 1
cat_threshold=2
is_linear=0
shrinkage=0.05


Tree=100
num_leaves=31
num_cat=2
split_feature=4 1 9 7 9 0 1 6 0 4 9 10 7 9 8 2 6 4 9 10 4 0 9 8 9 8 8 8 4 9
split_gain=39.0625 54.4405 47.5383 60.9126 59.6676 44.5378 40.4354 75.282 63.7166 48.5131 56.2539 50.4045 37.8571 36.9307 34.9047 34.5447 88.2172 48.9742 33.2562 40.5288 34.7481 32.6936 108.914 46.9116 32.5946 39.2037 31.1809 30.058 29.1747 49.1724
threshold=-0.78656609248549303 17.500000000000004 10.770833333333334 16.500000000000004 6.0208333333333348 7.5000000000000009 12.500000000000002 3.5000000000000004 13.500000000000002 -0.5 4.5208333333333348 0 12.500000000000002 10.645833333333334 6.5000000000000009 3.5000000000000004 18.500000000000004 0.60355339059327384 4.6458333333333348 1 0.91597561503675362 14.500000000000002 9.6458333333333339 13.500000000000002 8.4791666666666696 9.5000000000000018 3.5000000000000004 8.5000000000000018 -0.37940952255126059 9.1458333333333339
decision_type=2 2 8 10 10 2 2 10 2 2 10 1 10 10 8 2 10 2 10 1 2 2 10 10 10 8 8 8 2 10
left_child=1 2 3 4 12 -5 7 8 -2 10 -8 -12 -1 28 18 16 -16 -17 20 -20 -9 22 -3 24 27 -26 -13 -23 29 -11
right_child=6 21 -4 5 -6 -7 9 14 -10 13 11 26 -14 -15 15 17 -18 -19 19 -21 -22 23 -24 -25 25 -27 -28 -29 -30 -31
leaf_value=0.0050560735719542369 -0.0013807028095343267 -0.00010464278627708678 0.083242284134030342 0.0001099084588614377 0.020515740391119086 -0.098381074238568553 -0.0030933556428656664 0.0027228897667180302 0.080129703933683544 -0.0101316708608014 0.0013181049027395416 0.027883343934710772 -0.03225802305707897 -0.070140152119777421 0.002163239421425411 0.0065853083118406616 0.089846802003890405 0.023016540686672318 0.00087280915830957584 -0.013161726065369563 0.020167518264837807 -0.03819473742461596 0.095345836638783418 0.047386454045772554 -0.025346608335773152 -0.12013154223561287 0.0082652599513854987 0.018926453056770404 -0.0031382949876764786 0.066680488558042622
leaf_weight=4570 23430 7862 20 22 665 24 5155 3901 24 2658 2050 333 69 22 2642 1469 29 656 1722 724 308 61 30 21 24 20 517 37 5354 21
leaf_count=4570 23430 7862 20 22 665 24 5155 3901 24 2658 2050 333 69 22 2642 1469 29 656 1722 724 308 61 30 21 24 20 517 37 5354 21
internal_value=3.91837e-07 0.00240013 0.00629973 0.00601209 0.00650894 -0.0512767 -0.000631119 0.000325207 -0.00129729 -0.00270316 4.06382e-05 0.00561158 0.00450107 -0.00544695 0.00364842 0.00690023 0.00311525 0.0116577 0.00130497 -0.00333156 0.00399943 -0.000199598 0.000258195 -0.0223646 -0.0326799 -0.0684307 0.0157655 -0.0166286 -0.00526978 -0.00952956
internal_weight=64440 13425 5370 5350 5304 46 51015 34905 23454 16110 8055 2900 4639 8055 11451 4796 2671 2125 6655 2446 4209 8055 7892 163 142 44 850 98 8033 2679
internal_count=64440 13425 5370 5350 5304 46 51015 34905 23454 16110 8055 2900 4639 8055 11451 4796 2671 2125 6655 2446 4209 8055 7892 163 142 44 850 98 8033 2679
cat_boundaries=0 1 2
cat_threshold=20 20
is_linear=0
shrinkage=0.05


Tree=101
num_leaves=31
num_cat=0
split_feature=0 2 2 5 9 8 8 8 5 2 6 6 0 0 6 7 4 8 6 6 0 9 8 0 4 9 4 8 1 7
split_gain=36.8467 35.2027 88.4115 86.6037 95.2028 75.6799 65.2781 58.1642 85.888 55.1177 67.5234 52.9471 57.482 48.0371 119.514 47.7761 47.7285 66.7752 43.8815 36.7697 36.5537 49.3328 35.5364 34.0594 30.4161 29.8002 19.0283 19.7916 16.1124 20.6568
threshold=1.0000000180025095e-35 4.5000000000000009 5.5000000000000009 -0.12940952255126037 7.979166666666667 10.500000000000002 18.500000000000004 28.000000000000004 -0.60355339059327384 1.0000000180025095e-35 18.500000000000004 9.5000000000000018 17.500000000000004 12.500000000000002 13.500000000000002 4.5000000000000009 0.25881904510252091 8.5000000000000018 15.500000000000002 8.5000000000000018 13.500000000000002 10.60416666666667 12.500000000000002 13.500000000000002 -0.60355339059327362 7.5208333333333348 -0.98296291314453399 8.5000000000000018 19.500000000000004 3.5000000000000004
decision_type=2 2 2 2 10 8 10 8 2 2 8 10 2 2 10 10 2 10 10 10 2 10 8 2 2 10 2 10 2 8
left_child=26 9 3 4 6 -6 -3 15 -9 10 13 12 22 18 -15 24 17 -13 -2 -17 21 -5 -11 -18 -4 -10 -1 28 29 -28
right_child=1 2 7 20 5 -7 -8 8 25 11 -12 16 -14 14 -16 19 23 -19 -20 -21 -22 -23 -24 -25 -26 -27 27 -29 -30 -31
leaf_value=-0.046054764378529331 0.0035320532099474798 0.010147394931645706 0.0090322533244826791 0.00097858727021199834 0.013005842939529517 0.083410229082801379 -0.069336621176738 0.099379430658050952 0.026184798621020661 -0.0023031759390533149 0.095036300793290146 0.0083597838363802471 0.068441234259256009 -0.0039238570399488075 -0.097359969802200796 -0.003274176649951967 0.011406850573947414 -0.0099496103372297209 0.063135912245319739 -0.015160978732219733 -0.041191507985486708 0.072877260095750296 0.0075365516976654756 0.040003146294706554 -0.00063516973194425476 -0.039842871621251108 -0.0030134847562408203 -0.045931853894661701 0.0037424773555428076 -0.01328396710936915
leaf_weight=26 7954 3983 1065 4032 73 80 26 35 54 28601 20 1353 29 237 40 2773 540 788 31 850 51 24 948 129 3447 25 5885 27 780 534
leaf_count=26 7954 3983 1065 4032 73 80 26 35 54 28601 20 1353 29 237 40 2773 540 788 31 850 51 24 948 129 3447 25 5885 27 780 534
internal_value=2.8713e-07 0.00042605 0.00237259 0.00602618 0.0111092 0.0498186 0.00963191 -0.00128986 0.0341771 -0.000364533 0.00327548 -0.00129533 -0.00191844 0.00305335 -0.0174164 -0.00178687 0.00526356 0.00162097 0.00376345 -0.00606297 0.000875079 0.00140402 -0.00198749 0.0169209 0.0016467 0.00528997 -0.0033572 -0.00320357 -0.00304332 -0.00386789
internal_weight=64440 57188 16518 8269 4162 153 4009 8249 114 40670 8282 32388 29578 8262 277 8135 2810 2141 7985 3623 4107 4056 29549 669 4512 79 7252 7226 7199 6419
internal_count=64440 57188 16518 8269 4162 153 4009 8249 114 40670 8282 32388 29578 8262 277 8135 2810 2141 7985 3623 4107 4056 29549 669 4512 79 7252 7226 7199 6419
is_linear=0
shrinkage=0.05


Tree=102
num_leaves=31
num_cat=1
split_feature=4 9 7 6 9 7 9 0 9 8 9 6 7 9 8 1 6 0 4 9 10 9 9 2 9 6 2 6 9 2
split_gain=35.3646 52.3305 54.0802 61.526 114.84 59.7194 58.1632 95.2942 63.4686 46.669 56.2092 39.7753 38.9649 53.6028 39.2998 37.3385 64.0676 57.1257 43.735 50.5275 45.5724 36.181 41.154 35.3611 34.2833 33.1578 31.4603 50.5194 41.9451 37.9751
threshold=-0.78656609248549303 4.4375000000000009 9.5000000000000018 7.5000000000000009 6.6458333333333348 2.5000000000000004 8.5625000000000018 15.500000000000002 8.3125000000000018 15.500000000000002 10.687500000000002 4.5000000000000009 5.5000000000000009 3.0208333333333335 6.5000000000000009 12.500000000000002 3.5000000000000004 13.500000000000002 -0.5 4.5208333333333348 0 4.1875000000000009 4.2708333333333348 2.5000000000000004 10.645833333333334 3.5000000000000004 3.5000000000000004 18.500000000000004 4.729166666666667 5.5000000000000009
decision_type=2 10 10 10 10 10 10 2 10 10 10 10 10 10 8 2 10 2 2 10 1 10 10 2 10 8 2 10 8 2
left_child=1 12 3 4 5 -3 8 -8 -5 10 11 -4 13 -1 -14 16 17 -2 19 -17 -21 25 -23 -6 -20 -16 27 28 -18 -28
right_child=15 2 9 6 23 -7 7 -9 -10 -11 -12 -13 14 -15 21 18 26 -19 24 20 -22 22 -24 -25 -26 -27 29 -29 -30 -31
leaf_value=-0.0023317731486315334 -0.0012573866406775415 0.053662618095306369 0.016707123997722471 0.0031984167398289493 0.028382205549213627 0.011413395485133027 0.082691937245709723 -0.045397009477019315 -0.075468149466010243 0.033378150875473189 0.075567525354298684 -0.0082194715363806698 -0.0012034871049889861 0.0072969314192987151 0.0066125877697657326 -0.0029567411475189109 0.0043254356467337792 0.075922185493012273 -0.0050261837290985437 0.0012112082164871362 0.014948069168681816 -0.07219232105238077 -0.018590017755556364 0.09846257237648523 -0.06752816323952919 -0.01773488018112496 0.0094692377255483472 0.062781676988710053 -0.0038241876624625286 0.0002574514497712237
leaf_weight=3116 23430 89 184 1852 27 1389 53 20 26 90 22 1229 1803 2696 218 5155 3607 24 8033 2050 850 52 115 54 22 390 3314 33 2808 1689
leaf_count=3116 23430 89 184 1852 27 1389 53 20 26 90 22 1229 1803 2696 218 5155 3607 24 8033 2050 850 52 115 54 22 390 3314 33 2808 1689
internal_value=2.72786e-07 0.0022836 0.00631329 0.00972892 0.0171344 0.0139575 0.00381139 0.0475991 0.00210932 -0.00154826 -0.00373877 -0.00497355 -0.000134693 0.00213467 -0.00525089 -0.000600603 0.000318372 -0.00117841 -0.00259171 1.34609e-05 0.00529325 -0.014667 -0.0352806 0.0751025 -0.00519689 -0.00900503 0.00338409 0.00107558 0.000758149 0.00635936
internal_weight=64440 13425 5035 3510 1559 1478 1951 73 1878 1525 1435 1413 8390 5812 2578 51015 34905 23454 16110 8055 2900 775 167 81 8055 608 11451 6448 6415 5003
internal_count=64440 13425 5035 3510 1559 1478 1951 73 1878 1525 1435 1413 8390 5812 2578 51015 34905 23454 16110 8055 2900 775 167 81 8055 608 11451 6448 6415 5003
cat_boundaries=0 1
cat_threshold=20
is_linear=0
shrinkage=0.05


Tree=103
num_leaves=31
num_cat=1
split_feature=10 2 6 2 7 0 0 6 7 9 5 7 8 8 6 7 1 4 9 7 0 9 0 9 0 6 6 0 2 8
split_gain=33.3699 28.2131 58.3355 46.6997 53.2609 49.6564 46.6852 105.921 62.0661 47.2459 44.5975 41.8246 41.1427 37.8475 35.6488 33.5831 42.6466 30.3959 63.5203 26.6138 22.5914 19.424 28.7198 24.6121 22.1882 27.435 22.8627 17.9086 33.1515 19.8145
threshold=0 1.0000000180025095e-35 18.500000000000004 3.5000000000000004 20.500000000000004 15.500000000000002 12.500000000000002 13.500000000000002 9.5000000000000018 5.729166666666667 0.25881904510252057 12.500000000000002 15.500000000000002 17.500000000000004 15.500000000000002 20.500000000000004 11.500000000000002 -0.70710678118654735 9.8125000000000018 4.5000000000000009 4.5000000000000009 3.6875000000000004 10.500000000000002 5.0625000000000009 7.5000000000000009 5.5000000000000009 5.5000000000000009 8.5000000000000018 5.5000000000000009 6.5000000000000009
decision_type=1 2 10 2 10 2 2 10 10 10 2 10 10 8 10 10 2 2 10 10 2 8 2 10 2 10 8 2 2 10
left_child=21 2 6 11 5 13 10 9 -9 -8 14 17 -7 -5 -2 16 -13 18 -3 -19 -12 27 23 24 26 -26 -23 -1 29 -29
right_child=1 3 -4 4 -6 12 7 8 -10 -11 20 15 -14 -15 -16 -17 -18 19 -20 -21 -22 22 -24 -25 25 -27 -28 28 -30 -31
leaf_value=-0.0014041982590289547 0.0070420183594232209 0.0017846161975202406 0.088705639392137534 0.0012429340369081645 -0.061763871345796029 0.014610486899541529 -0.033454684992374362 -0.029947525858879089 -0.15451282501220703 0.012974961438040073 0.0013515187972334872 -0.00036692176246605685 0.068460211675704971 0.016881385959713214 0.063656321913003924 0.046090450696647169 -0.025488333279887837 -0.00075726233450187864 0.083313779889916395 -0.0050595893523109024 -0.010174800899934354 -0.0097907040033134683 0.049777328471342724 -0.042198165559528683 0.0018498015279571217 -0.057628903847108497 0.0073285981046593215 -0.016321592727202738 -0.072296189516782766 0.037370557780377567
leaf_weight=11473 4005 5239 20 21445 33 263 87 20 20 148 2554 284 41 394 28 23 417 10543 24 5454 510 840 21 54 33 47 254 122 24 20
leaf_count=11473 4005 5239 20 21445 33 263 87 20 20 148 2554 284 41 394 28 23 417 10543 24 5454 510 840 21 54 33 47 254 122 24 20
internal_value=3.84523e-07 0.000569367 0.00342843 9.0914e-05 0.00170983 0.00180443 0.00319707 -0.0170163 -0.0922302 -0.00421389 0.00398031 -0.00154214 0.0218731 0.00152507 0.00743508 -0.0133602 -0.0153108 -0.00113968 0.0021564 -0.00222409 -0.000567027 -0.00227422 -0.00820146 -0.00919295 -0.00767482 -0.0330939 -0.00581602 -0.00164011 -0.0179454 -0.00875932
internal_weight=64440 51552 7392 44160 22176 22143 7372 275 40 235 7097 21984 304 21839 4033 724 701 21260 5263 15997 3064 12888 1249 1228 1174 80 1094 11639 166 142
internal_count=64440 51552 7392 44160 22176 22143 7372 275 40 235 7097 21984 304 21839 4033 724 701 21260 5263 15997 3064 12888 1249 1228 1174 80 1094 11639 166 142
cat_boundaries=0 1
cat_threshold=2
is_linear=0
shrinkage=0.05


Tree=104
num_leaves=31
num_cat=1
split_feature=6 9 4 2 2 5 9 8 5 6 2 6 6 0 8 4 0 0 8 7 4 0 2 2 10 7 5 9 0 8
split_gain=31.9914 31.1269 26.7709 26.5299 74.29 71.4036 85.2006 58.3642 75.4256 46.1189 44.2747 52.7852 44.4889 50.4748 42.3129 42.2863 39.8656 18.1291 26.5498 21.4988 17.6241 27.2558 25.9179 19.0321 14.5723 26.2976 16.0241 13.3317 12.9349 13.3975
threshold=1.0000000180025095e-35 1.6458333333333337 -0.37940952255126059 4.5000000000000009 5.5000000000000009 -0.12940952255126037 7.979166666666667 28.000000000000004 0.1294095225512602 7.5000000000000009 1.0000000180025095e-35 18.500000000000004 9.5000000000000018 17.500000000000004 24.500000000000004 0.25881904510252091 12.500000000000002 3.5000000000000004 7.5000000000000009 4.5000000000000009 0.91597561503675362 4.5000000000000009 4.5000000000000009 5.5000000000000009 0 4.5000000000000009 -0.37940952255126015 6.729166666666667 4.5000000000000009 5.5000000000000009
decision_type=10 8 2 2 2 2 10 8 2 10 2 10 10 2 8 2 2 2 10 10 2 2 2 2 1 8 2 10 2 10
left_child=17 2 -2 10 5 6 -5 9 -9 -6 11 16 13 -12 -7 -14 -3 19 20 -1 24 22 -22 -23 26 -26 -19 -21 29 -4
right_child=1 3 28 4 7 14 -8 8 -10 -11 12 -13 15 -15 -16 -17 -18 18 -20 27 21 23 -24 -25 25 -27 -28 -29 -30 -31
leaf_value=-0.0029367702972302738 -0.018761020309708935 0.0035985307794266226 -0.00099313364246124999 0.0088788927925041641 0.00018896684685073528 0.0015663030552512322 0.046912378693620367 0.070295000378973779 -0.012134095596871813 -0.0095142023133697844 -0.0016375317573737982 0.084270355924963958 0.0015898017535118968 0.064359757368420742 -0.04144574155998898 0.015990299596005748 -0.015701112665054442 0.028643276612979898 -0.054697182661656178 0.0079873427696248792 -0.017438300083466304 -0.026945269789175247 0.034602450082699458 -0.077967998498807783 -0.00092612121009120823 -0.038896561640625202 -0.0039481994399631565 0.048511145704171879 -0.024076799579478544 0.036533405920490626
leaf_weight=6304 384 7861 489 3917 6516 4037 153 64 49 1508 28927 20 2142 29 58 669 277 66 33 262 87 89 33 23 190 60 88 22 58 25
leaf_count=6304 384 7861 489 3917 6516 4037 153 64 49 1508 28927 20 2142 29 58 669 277 66 33 262 87 89 33 23 190 60 88 22 58 25
internal_value=3.65286e-07 0.00039724 -0.00854916 0.000549352 0.00224903 0.00561856 0.0103087 -0.00113209 0.0345514 -0.00163461 -0.000144655 0.003141 -0.000988434 -0.00157143 0.000957097 0.00501703 0.00294161 -0.00312689 -0.0109692 -0.00233052 -0.00870029 -0.0196838 -0.00312709 -0.0374232 -0.00239293 -0.00965291 0.00940863 0.0111265 -0.00169364 0.000832087
internal_weight=64440 57183 956 56227 16302 8165 4070 8137 113 8024 39925 8158 31767 28956 4095 2811 8138 7257 669 6588 636 232 120 112 404 250 154 284 572 514
internal_count=64440 57183 956 56227 16302 8165 4070 8137 113 8024 39925 8158 31767 28956 4095 2811 8138 7257 669 6588 636 232 120 112 404 250 154 284 572 514
cat_boundaries=0 1
cat_threshold=17
is_linear=0
shrinkage=0.05


Tree=105
num_leaves=31
num_cat=2
split_feature=4 9 7 1 7 9 6 0 9 9 1 6 0 4 9 9 8 6 7 9 0 8 9 9 10 4 9 10 8 8
split_gain=30.817 46.0203 58.8374 41.8776 44.9023 42.2257 36.1193 33.9729 75.267 68.8907 33.4116 54.0967 51.2593 39.6613 46.8818 31.1004 30.4434 61.8547 29.682 33.2712 31.6754 28.3874 32.9099 29.1438 34.9051 26.8983 43.2658 30.1874 26.706 61.6681
threshold=-0.78656609248549303 3.9375000000000004 2.5000000000000004 17.500000000000004 16.500000000000004 6.0208333333333348 3.5000000000000004 13.500000000000002 9.5625000000000018 5.6458333333333348 12.500000000000002 3.5000000000000004 13.500000000000002 -0.5 2.3958333333333335 10.645833333333334 9.5000000000000018 6.5000000000000009 2.5000000000000004 2.0625000000000004 8.5000000000000018 6.5000000000000009 1.9375000000000002 5.9375000000000009 0 -0.37940952255126059 9.1458333333333339 1 13.500000000000002 11.500000000000002
decision_type=2 8 8 2 10 10 10 2 10 10 2 10 2 2 10 10 8 10 10 10 2 8 8 10 1 2 10 1 10 10
left_child=1 18 6 4 5 -4 -3 8 -5 -9 11 12 28 14 -12 25 -8 -18 19 -1 -20 23 -23 24 -13 26 -15 -27 29 -2
right_child=10 2 3 7 -6 -7 16 9 -10 -11 13 21 -14 15 -16 -17 17 -19 20 -21 -22 22 -24 -25 -26 27 -28 -29 -30 -31
leaf_value=-0.0068407731083012235 -0.0010711557849332435 0.079647087505353362 0.005933606764874989 0.0012043481897637959 -0.039416390181855956 0.02067300403915771 0.013728982274795867 -0.089828766779652958 0.082098084627168957 -0.007639381225701969 -0.0095447092002078973 0.013127189052442055 0.071967925748322156 -0.0094173628513070928 0.0015554135617132617 -0.064292271680791269 0.12158015688792581 0.0089038114898420621 -0.0017440991894678158 0.0089386408172736943 -0.019956344247617542 0.062158764135808897 0.0057525814178320308 -0.0066322940831028288 0.00098285420275001211 0.0019020723645404908 0.062633882604894192 -0.0057593428987630516 0.033980312355345599 -0.044774190435598514
leaf_weight=449 23295 28 1797 3405 47 666 268 29 29 211 1102 663 24 2658 6953 22 21 29 4890 1305 251 26 4770 1050 4942 2132 21 3222 54 81
leaf_count=449 23295 28 1797 3405 47 666 268 29 29 211 1102 663 24 2658 6953 22 21 29 4890 1305 251 26 4770 1050 4942 2132 21 3222 54 81
internal_value=3.47027e-07 0.00213182 0.00513996 0.00401731 0.00899536 0.00991917 0.0252049 0.000616414 0.00188749 -0.0175706 -0.000560566 0.000308741 -0.00106665 -0.00244407 3.6812e-05 -0.00492494 0.0204112 0.0562279 -0.00071708 0.00489933 -0.00263328 0.00312582 0.00605837 0.00101244 0.00244455 -0.00476235 -0.00885257 -0.00271572 -0.00114146 -0.00122259
internal_weight=64440 13425 6530 6184 2510 2463 346 3674 3434 240 51015 34905 23454 16110 8055 8055 318 50 6895 1754 5141 11451 4796 6655 5605 8033 2679 5354 23430 23376
internal_count=64440 13425 6530 6184 2510 2463 346 3674 3434 240 51015 34905 23454 16110 8055 8055 318 50 6895 1754 5141 11451 4796 6655 5605 8033 2679 5354 23430 23376
cat_boundaries=0 1 2
cat_threshold=4 20
is_linear=0
shrinkage=0.05


Tree=106
num_leaves=31
num_cat=2
split_feature=0 10 4 7 9 5 6 9 8 4 9 2 0 0 2 0 7 8 7 0 2 7 4 8 1 10 1 7 9 9
split_gain=28.9798 27.0638 32.9896 32.4048 58.132 43.1618 48.9975 42.6253 39.9645 35.6889 53.6931 35.6039 25.3102 65.1894 115.961 35.5964 22.7649 35.0525 53.2778 44.1469 33.1665 45.3284 17.122 18.4184 15.8306 32.0359 20.277 17.9998 16.4599 16.1438
threshold=1.0000000180025095e-35 0 0.78656609248549325 10.500000000000002 8.1458333333333339 -0.98296291314453399 4.5000000000000009 7.1458333333333348 17.500000000000004 -0.78656609248549303 3.9791666666666674 4.5000000000000009 22.500000000000004 19.500000000000004 3.5000000000000004 18.500000000000004 10.500000000000002 7.5000000000000009 7.5000000000000009 12.500000000000002 5.5000000000000009 11.500000000000002 -0.98296291314453399 8.5000000000000018 7.5000000000000009 1 6.5000000000000009 4.5000000000000009 3.0208333333333335 9.6875000000000018
decision_type=2 1 2 8 10 2 10 10 10 2 10 2 2 2 2 2 10 8 8 2 2 10 2 10 2 1 2 10 10 10
left_child=22 2 12 8 5 6 -5 -7 9 10 -3 -11 13 15 -15 -2 17 19 -19 -4 21 -18 -1 24 26 -26 29 -27 -28 -24
right_child=1 3 16 4 -6 7 -8 -9 -10 11 -12 -13 -14 14 -16 -17 20 18 -20 -21 -22 -23 23 -25 25 27 28 -29 -30 -31
leaf_value=-0.043479540055760969 0.0012128329500542961 3.7614407569790326e-07 0.0054553245859112467 0.018174775715240024 -0.080947426520287996 -0.0053692903952293489 -0.041968712191648633 0.024708500806445956 0.058764376928066388 -0.0017775219455529276 0.0077397324146536274 0.0018287032788998449 -0.042549340212435435 -0.029985442214335009 0.11356209466672118 -0.0415124209407641 -0.045603397333373624 0.011338755964405006 0.054947118695402891 0.076685827970504772 -0.058430509070555373 0.022363562923069902 -0.0034357107675994109 -0.044050805456936362 0.020584291856115065 0.0019148665737947265 -0.006471601293350642 -0.015474318497193357 -0.040127316919867609 0.041563572883605959
leaf_weight=26 9564 6458 1933 44 26 1477 147 128 29 23667 3432 9629 33 24 34 49 36 252 97 22 30 77 5800 27 194 859 78 180 68 20
leaf_count=26 9564 6458 1933 44 26 1477 147 128 29 23667 3432 9629 33 24 34 49 36 252 97 22 30 77 5800 27 194 859 78 180 68 20
internal_value=4.0922e-07 0.000377996 0.00247098 -0.000187199 -0.00671904 -0.00564447 -0.0281137 -0.00297056 8.81483e-05 4.87464e-05 0.00268607 -0.000734624 0.00116475 0.00131392 0.0541631 0.000995051 0.00766115 0.00886262 0.0234591 0.0062569 -0.0116968 0.000710372 -0.00297717 -0.00283144 -0.00267684 0.00248069 -0.00374276 -0.00108723 -0.0221469 -0.00328107
internal_weight=64440 57188 12151 45037 1822 1796 191 1605 43215 43186 9890 33296 9704 9671 58 9613 2447 2304 349 1955 143 113 7252 7226 7199 1233 5966 1039 146 5820
internal_count=64440 57188 12151 45037 1822 1796 191 1605 43215 43186 9890 33296 9704 9671 58 9613 2447 2304 349 1955 143 113 7252 7226 7199 1233 5966 1039 146 5820
cat_boundaries=0 1 2
cat_threshold=4 20
is_linear=0
shrinkage=0.05


Tree=107
num_leaves=31
num_cat=0
split_feature=2 2 6 7 9 8 5 5 5 9 7 0 8 0 1 9 9 2 2 4 7 9 1 6 7 8 5 8 0 6
split_gain=28.0718 49.6244 47.9989 47.3497 44.684 42.7958 43.5283 39.5911 67.8901 38.3955 35.8436 92.2486 81.8877 35.6496 52.1117 33.8788 32.8449 30.474 27.9544 24.9942 46.9939 66.7052 42.499 29.8441 45.9305 27.2391 24.8367 38.2753 24.915 23.7936
threshold=1.0000000180025095e-35 3.5000000000000004 18.500000000000004 20.500000000000004 10.187500000000002 13.500000000000002 1.0000000180025095e-35 -0.37940952255126015 -0.78656609248549325 11.47916666666667 4.5000000000000009 13.500000000000002 11.500000000000002 14.500000000000002 11.500000000000002 2.2708333333333335 7.729166666666667 5.5000000000000009 1.5000000000000002 -0.60355339059327362 12.500000000000002 6.0208333333333348 16.500000000000004 11.500000000000002 16.500000000000004 16.500000000000004 0.25881904510252057 21.500000000000004 5.5000000000000009 10.500000000000002
decision_type=2 2 10 10 10 8 2 2 2 10 10 2 10 2 2 10 10 2 2 2 10 10 2 10 10 10 2 8 2 10
left_child=2 10 13 4 5 17 -7 8 -6 -9 11 12 29 15 -15 -1 -16 -3 -14 20 21 -12 -22 25 -25 -21 27 -17 -28 -2
right_child=1 3 -4 -5 7 6 -8 9 -10 -11 19 -13 18 14 16 26 -18 -19 -20 23 22 -23 -24 24 -26 -27 28 -29 -30 -31
leaf_value=-0.0068578384653776407 -0.0012519830680638592 0.0018117319589958669 0.079926164373755465 -0.058790473393023471 0.01308819442987442 0.017232907786648016 -0.0073844792466720701 0.044792138605209239 0.1366813603322953 -0.019554670642567232 -0.0028490943659066096 0.070966535113337975 0.0062190625654614494 -0.066506551851647527 -0.021276038843724462 0.006581340782174489 0.054452537071137203 -0.0017832273039932274 0.054133265846305428 -0.0070162640910280535 -0.051311809271686229 0.014454217931549801 -0.0084249155325692542 0.0017979965682103729 0.067824927730751897 -0.040890197455883029 0.0019477363398829172 -0.029658121124816101 -0.01170037126801908 0.014539259269618052
leaf_weight=837 16702 17743 20 33 25 741 237 44 20 49 3429 45 46 46 45 4734 21 8828 90 5456 83 665 190 444 28 60 3088 74 375 242
leaf_count=837 16702 17743 20 33 25 741 237 44 20 49 3429 45 46 46 45 4734 21 8828 90 5456 83 665 190 444 28 60 3088 74 375 242
internal_value=5.48482e-07 -0.000426418 0.00255126 0.00106624 0.00113758 0.000995415 0.0112673 0.0295182 0.0680185 0.010889 -0.00193211 -0.000527916 -0.000716279 0.00238342 -0.0256537 0.00272819 0.00281942 0.000617336 0.037927 -0.00425435 -0.00137786 -3.84684e-05 -0.0214638 -0.00635216 0.00571485 -0.00738473 0.00369826 0.00602358 0.000469815 -0.00102645
internal_weight=64440 55200 9240 27720 27687 27549 978 138 45 93 27480 17125 17080 9220 112 9108 66 26571 136 10355 4367 4094 273 5988 472 5516 8271 4808 3463 16944
internal_count=64440 55200 9240 27720 27687 27549 978 138 45 93 27480 17125 17080 9220 112 9108 66 26571 136 10355 4367 4094 273 5988 472 5516 8271 4808 3463 16944
is_linear=0
shrinkage=0.05


Tree=108
num_leaves=31
num_cat=1
split_feature=6 9 4 0 0 6 4 7 9 1 4 0 8 10 9 1 8 0 0 8 4 7 7 5 4 1 7 8 9 5
split_gain=26.0725 25.9888 23.4828 22.131 38.8816 48.3274 29.6912 23.8628 37.9653 37.9552 16.919 25.5453 28.2495 21.9998 15.6015 15.008 13.3365 12.9774 11.7311 12.0564 11.4841 12.2282 10.1689 9.67051 9.21352 9.92107 9.16033 7.10041 6.19348 22.5596
threshold=1.0000000180025095e-35 1.6458333333333337 -0.37940952255126059 22.500000000000004 16.500000000000004 7.5000000000000009 -0.98296291314453399 14.500000000000002 10.562500000000002 10.500000000000002 1.0000000180025095e-35 3.5000000000000004 7.5000000000000009 0 5.2708333333333348 6.5000000000000009 5.5000000000000009 4.5000000000000009 4.5000000000000009 5.5000000000000009 0.78656609248549325 3.5000000000000004 1.5000000000000002 -0.70710678118654757 0.60355339059327384 5.5000000000000009 1.0000000180025095e-35 1.5000000000000002 2.7708333333333335 -0.60355339059327384
decision_type=10 8 2 2 2 10 2 10 10 2 2 2 10 1 10 2 10 2 2 10 2 10 10 2 2 2 10 10 8 2
left_child=10 2 17 4 7 23 -7 8 -3 -9 28 16 13 15 -15 -13 24 26 19 27 -18 -22 -20 -6 -12 -26 -2 -4 -1 -30
right_child=1 3 18 -5 5 6 -8 9 -10 -11 11 12 -14 14 -16 -17 20 -19 22 -21 21 -23 -24 -25 25 -27 -28 -29 29 -31
leaf_value=0.0056805119256238597 0.00485636452395542 0.0004768950516958199 -0.0061251702884629264 -0.038159072389071055 0.039995446654834919 -0.047384011958326616 0.01429734599907798 0.010678886180865257 0.02618386504925891 -0.014567471202029557 -0.0068368051967979395 -0.010443915476036424 -0.073548049181699757 -0.016648003592601289 -0.050848521788915003 0.02161320995364804 0.040038030152209109 -0.049539930062119625 -0.00027809107193240416 0.034877493768930436 -0.012735510542534474 0.034183234171498392 -0.04224995184209078 0.086020466275513185 -0.00078270609177912031 -0.0065143807424553838 -0.018042703862623681 0.0059962460730617886 -0.04232522355159745 0.0013075632465662514
leaf_weight=703 51 54914 271 37 21 21 275 199 144 591 1373 85 20 230 39 64 32 29 27 25 41 21 31 25 3233 985 304 218 32 399
leaf_count=703 51 54914 271 37 21 21 275 199 144 591 1373 85 20 230 39 64 32 29 27 25 41 21 31 25 3233 985 304 218 32 399
internal_value=5.21052e-07 0.000358806 -0.00781593 0.000497797 0.000523252 0.0173308 0.0099213 0.000420327 0.00054413 -0.00820795 -0.00282266 -0.00386163 -0.0154968 -0.0127192 -0.020832 0.00311643 -0.0029652 -0.0173801 -0.00139521 0.00101011 0.0157118 0.00315632 -0.0227113 0.065009 -0.00327921 -0.00212118 -0.014753 -0.000721349 0.00278722 -0.00193199
internal_weight=64440 57183 956 56227 56190 342 296 55848 55058 790 7257 6123 438 418 269 149 5685 384 572 514 94 62 58 46 5591 4218 355 489 1134 431
internal_count=64440 57183 956 56227 56190 342 296 55848 55058 790 7257 6123 438 418 269 149 5685 384 572 514 94 62 58 46 5591 4218 355 489 1134 431
cat_boundaries=0 1
cat_threshold=5
is_linear=0
shrinkage=0.05


Tree=109
num_leaves=31
num_cat=1
split_feature=0 9 1 10 7 8 7 4 8 9 7 0 9 0 1 6 4 7 4 1 5 0 9 0 6 4 8 2 1 1
split_gain=25.298 23.4427 48.1635 40.9217 32.4311 41.7549 40.1449 31.6191 56.8698 39.8589 31.0238 28.7153 27.7973 25.1889 21.0319 21.0803 21.1653 19.897 42.1565 28.7056 26.1319 36.391 25.0166 21.3086 18.1467 15.4711 16.7577 15.4038 14.7262 14.2308
threshold=1.0000000180025095e-35 3.4375000000000004 22.500000000000004 0 7.5000000000000009 11.500000000000002 1.5000000000000002 0.91597561503675362 7.5000000000000009 10.85416666666667 8.5000000000000018 5.5000000000000009 7.354166666666667 12.500000000000002 9.5000000000000018 3.5000000000000004 -0.98296291314453399 2.5000000000000004 0.37940952255126054 7.5000000000000009 0.37940952255126048 5.5000000000000009 2.1458333333333335 4.5000000000000009 9.5000000000000018 -0.98296291314453399 8.5000000000000018 2.5000000000000004 18.500000000000004 7.5000000000000009
decision_type=2 10 2 1 10 10 10 2 10 10 10 2 10 2 2 10 2 10 2 2 2 2 10 2 10 2 10 2 2 2
left_child=25 10 4 11 5 13 -7 9 -9 -6 17 24 27 -3 -12 28 -17 20 23 -20 22 -22 -2 -19 -4 -1 29 -5 -16 -27
right_child=1 2 3 12 7 6 -8 8 -10 -11 14 -13 -14 -15 15 16 -18 18 19 -21 21 -23 -24 -25 -26 26 -28 -29 -30 -31
leaf_value=-0.041281825074782744 -0.0017773555761052395 0.001793885498672579 0.0068280387124580212 -0.019382151643588065 -0.0016524203597677819 0.08091260328489755 0.011037574623578086 0.0045867296615738845 0.069762907575729283 0.034468686919320715 0.025570735683043799 -0.026800909501253047 -0.056657873839139943 0.01246004257179925 -0.013281255264633468 0.015591424849370254 -0.03551462257815087 -0.0022622526924721584 -0.0064135165572628194 0.0060722380122041732 -0.0011488890075823709 -0.030238551577045161 0.0055185516814297694 -0.0078244666583361291 0.055637063369067624 -0.0035061479807558058 -0.04196013143906991 -0.0065635189594421498 0.02111868165433407 0.0023944682264054728
leaf_weight=26 1711 23281 398 402 9387 21 971 151 43 77 30 64 36 567 140 23 170 5302 595 2034 4753 110 3750 2550 20 5966 27 562 40 1233
leaf_count=26 1711 23281 398 402 9387 21 971 151 43 77 30 64 36 567 140 23 170 5302 595 2034 4753 110 3750 2550 20 5966 27 562 40 1233
internal_value=4.95002e-07 0.000353281 0.00113049 -0.00769566 0.00150966 0.00246558 0.0125168 -0.000948931 0.019033 -0.00135854 -0.000965284 0.00429887 -0.0133861 0.00204748 -0.0147057 -0.0179451 -0.0294243 -0.000699128 -0.00223375 0.00324644 0.000858834 -0.00180689 0.00323265 -0.00406863 0.0091634 -0.00278152 -0.00264299 -0.011909 -0.00563682 -0.00249553
internal_weight=64440 57188 35980 1482 34498 24840 992 9658 194 9464 21208 482 1000 23848 403 373 193 20805 10481 2629 10324 4863 5461 7852 418 7252 7226 964 180 7199
internal_count=64440 57188 35980 1482 34498 24840 992 9658 194 9464 21208 482 1000 23848 403 373 193 20805 10481 2629 10324 4863 5461 7852 418 7252 7226 964 180 7199
cat_boundaries=0 1
cat_threshold=4
is_linear=0
shrinkage=0.05


Tree=110
num_leaves=31
num_cat=0
split_feature=2 2 6 7 9 5 9 8 5 0 6 7 9 6 8 6 8 7 0 8 1 7 2 2 4 9 9 7 6 7
split_gain=25.2718 44.1387 43.1512 42.9211 36.4435 46.312 46.8796 38.1782 37.0503 33.8351 95.6272 55.2253 39.4358 66.1529 48.5301 35.94 36.4386 32.8431 81.2936 71.5638 31.9191 28.2898 27.134 25.3296 23.135 41.9913 68.697 45.5163 26.7202 41.2877
threshold=1.0000000180025095e-35 3.5000000000000004 18.500000000000004 20.500000000000004 10.687500000000002 -0.37940952255126015 11.437500000000002 17.500000000000004 1.0000000180025095e-35 12.500000000000002 13.500000000000002 9.5000000000000018 5.729166666666667 6.5000000000000009 12.500000000000002 15.500000000000002 8.5000000000000018 4.5000000000000009 13.500000000000002 11.500000000000002 16.500000000000004 12.500000000000002 5.5000000000000009 1.5000000000000002 -0.60355339059327362 6.0208333333333348 7.0208333333333348 12.500000000000002 11.500000000000002 16.500000000000004
decision_type=2 2 10 10 10 2 10 8 2 2 10 10 10 10 10 10 10 10 2 10 2 10 2 2 2 10 10 10 10 10
left_child=2 17 9 4 7 -6 -7 22 -9 15 12 -12 13 -11 -14 16 21 18 19 -2 -18 -1 -3 -21 25 27 -27 -19 -26 -30
right_child=1 3 -4 -5 5 6 -8 8 -10 10 11 -13 14 -15 -16 -17 20 24 -20 23 -22 -23 -24 -25 28 26 -28 -29 29 -31
leaf_value=0.0017956551548427839 -0.00094732117006936017 0.0018220312322028568 0.075784302460961045 -0.055985746552433935 0.077345082350075256 0.072614114321768286 -0.017225985907299339 0.025755560605359884 -0.0021112663083418153 0.034445124162760167 -0.027708388641476636 -0.14520874675363302 0.027373159689812972 -0.058386437310913558 -0.043847324152787526 0.056537840827818847 0.017009043981556806 -0.0026803325350631207 0.066634609012140175 0.0052852850569331134 -0.0015055851941005532 -0.022569773287689391 -0.0015376820684799258 0.05089461499204239 -0.0070429044954638392 0.023128046961857732 -0.0055550509794644251 -0.036413851697721239 0.001638519454921537 0.064239494979847225
leaf_weight=7709 16944 18079 20 33 35 20 53 300 198 28 20 20 118 61 30 31 743 3429 45 46 339 121 9002 90 5516 418 417 103 444 28
leaf_count=7709 16944 18079 20 33 35 20 53 300 198 28 20 20 118 61 30 31 743 3429 45 46 339 121 9002 90 5516 418 417 103 444 28
internal_value=4.70247e-07 -0.000404643 0.00242063 0.00100309 0.00107102 0.0300591 0.00738774 0.000957501 0.014676 0.00226149 -0.0149489 -0.0864586 -0.00287973 -0.029181 0.0129366 0.00279456 0.00260762 -0.00182468 -0.000480538 -0.000657364 0.0112082 0.00141913 0.000705228 0.0354679 -0.0040476 -0.00128015 0.00880367 -0.00366407 -0.00606587 0.00535214
internal_weight=64440 55200 9240 27720 27687 108 73 27579 498 9220 277 40 237 89 148 8943 8912 27480 17125 17080 1082 7830 27081 136 10355 4367 835 3532 5988 472
internal_count=64440 55200 9240 27720 27687 108 73 27579 498 9220 277 40 237 89 148 8943 8912 27480 17125 17080 1082 7830 27081 136 10355 4367 835 3532 5988 472
is_linear=0
shrinkage=0.05


Tree=111
num_leaves=31
num_cat=1
split_feature=4 1 9 7 9 9 7 0 1 6 0 1 7 9 10 0 9 8 9 8 9 8 8 8 2 8 1 2 7 7
split_gain=24.17 41.7076 36.0609 59.1308 36.7456 56.0893 33.3765 32.9041 30.2488 45.3866 44.3838 35.3786 32.8009 47.6056 47.8548 29.0391 82.5982 41.8733 28.0934 34.1523 27.8061 35.2261 27.7162 34.6869 26.3767 24.3568 29.4811 23.9293 25.0845 23.6704
threshold=-0.78656609248549303 17.500000000000004 8.8958333333333339 15.500000000000002 5.979166666666667 8.3125000000000018 3.5000000000000004 6.5000000000000009 12.500000000000002 3.5000000000000004 13.500000000000002 14.500000000000002 2.5000000000000004 2.7708333333333335 0 14.500000000000002 9.6458333333333339 13.500000000000002 8.4791666666666696 9.5000000000000018 9.5625000000000018 9.5000000000000018 17.500000000000004 14.500000000000002 3.5000000000000004 1.5000000000000002 9.5000000000000018 1.0000000180025095e-35 2.5000000000000004 4.5000000000000009
decision_type=2 2 10 10 8 10 10 2 2 10 2 2 8 10 1 2 10 10 10 8 10 10 10 10 2 8 2 2 10 8
left_child=1 2 3 4 6 -6 -1 -5 9 10 -2 12 13 -10 -15 16 27 18 24 -20 -4 -22 23 -14 -17 26 -11 28 -3 -27
right_child=8 15 20 7 5 -7 -8 -9 11 25 -12 -13 22 14 -16 17 -18 -19 19 -21 21 -23 -24 -25 -26 29 -28 -29 -30 -31
leaf_value=0.01016904548356923 -0.00099858183727973416 0.024936092522030676 0.08350369059015067 0.0060184742578051308 0.020252500210004548 -0.044857489807265144 0.00098788002760919424 -0.069780327597769296 -0.0073492303593565428 -0.00042155914291110874 0.067031169217079883 -0.00063161286384868186 -0.0070683305343498017 -0.0036553659072273942 0.0310977155607325 -0.041536398872733117 0.082851179018616675 0.044622157407658444 -0.024000415392220021 -0.11246832653880119 0.064928101021796469 -0.026757394116033208 0.045173322059214122 -0.042796127216728486 0.010354093054290086 0.0069485895827465644 -0.022083935849736201 -0.0014026504218146785 0.0034568523212883031 0.0019229152818507752
leaf_weight=1441 23430 158 25 22 602 35 3162 41 479 906 24 10740 4401 179 217 50 30 21 24 20 20 22 25 69 48 3582 190 6731 973 6773
leaf_count=1441 23430 158 25 22 602 35 3162 41 479 906 24 10740 4401 179 217 50 30 21 24 20 20 22 25 69 48 3582 190 6731 973 6773
internal_value=4.46758e-07 0.0018881 0.00530133 0.00484078 0.00541971 0.016675 0.00386211 -0.0433109 -0.000496304 0.000330837 -0.000928968 -0.00228844 -0.0056021 0.0032549 0.0160816 -0.000387389 4.40592e-05 -0.0212769 -0.0310225 -0.0642131 0.0417536 0.0169024 -0.00732621 -0.00761983 -0.0161206 0.00291118 -0.0041769 -0.000271918 0.00645749 0.0036614
internal_weight=64440 13425 5370 5303 5240 637 4603 63 51015 34905 23454 16110 5370 875 396 8055 7892 163 142 44 67 42 4495 4470 98 11451 1096 7862 1131 10355
internal_count=64440 13425 5370 5303 5240 637 4603 63 51015 34905 23454 16110 5370 875 396 8055 7892 163 142 44 67 42 4495 4470 98 11451 1096 7862 1131 10355
cat_boundaries=0 1
cat_threshold=10
is_linear=0
shrinkage=0.05


Tree=112
num_leaves=31
num_cat=1
split_feature=10 5 7 6 9 9 0 9 1 6 1 2 2 5 2 6 9 0 0 4 9 4 0 9 0 2 8 9 7 9
split_gain=22.8079 20.621 38.2359 41.0632 70.5756 57.0117 51.7164 40.8636 38.8188 38.0697 34.9205 31.9495 77.389 44.8829 22.4336 20.9463 18.6895 25.4144 23.8681 34.9349 20.0251 17.755 18.4886 25.9029 17.3894 28.8874 16.2671 20.8164 15.7034 14.9751
threshold=0 0.60355339059327384 6.5000000000000009 11.500000000000002 9.1875000000000018 8.3125000000000018 17.500000000000004 3.3958333333333335 10.500000000000002 1.5000000000000002 19.500000000000004 2.5000000000000004 1.5000000000000002 -0.70710678118654757 4.5000000000000009 14.500000000000002 3.6875000000000004 10.500000000000002 5.5000000000000009 0.78656609248549325 3.8125000000000004 0.12940952255126045 5.5000000000000009 7.3958333333333348 8.5000000000000018 5.5000000000000009 6.5000000000000009 3.3541666666666674 7.5000000000000009 3.8125000000000004
decision_type=1 2 10 10 8 10 2 10 2 10 2 2 2 2 2 8 8 2 2 2 10 2 2 8 2 2 10 10 10 10
left_child=16 2 3 6 5 -5 14 8 9 -4 -10 12 -9 -13 -2 21 24 18 -18 20 -20 22 23 -3 28 26 27 -26 -1 -24
right_child=1 15 7 4 -6 -7 -8 11 10 -11 -12 13 -14 -15 -16 -17 17 -19 19 -21 -22 -23 29 -25 25 -27 -28 -29 -30 -31
leaf_value=-0.0013208747644235892 0.00085665549665158564 0.00074814321781097666 0.058130716888064697 0.012722265778711696 0.091330226537372383 -0.07278963564895094 0.078528077680278918 0.00094478092945274653 -0.019099209716406721 -0.00078927723081483525 0.016317787747104445 -0.0022753382946745734 -0.012202504276265111 0.0060203019312092508 0.0043375592234196807 -0.036348057059305057 -0.0051374465746135516 0.046846673744065426 -0.049042904262896626 -0.085892763640731576 -0.010046442635407452 -0.0029703823079750323 -0.020663544921470541 0.014236656296253206 -0.004853354477866864 -0.068059811058143779 0.033047316279262308 -0.055288142596299827 0.010544050165934007 -0.0032418663121736094
leaf_weight=11187 16542 6998 33 767 28 20 22 3544 724 162 77 3127 1636 3407 6427 42 982 21 40 20 186 6444 140 375 96 24 20 26 286 1037
leaf_count=11187 16542 6998 33 767 28 20 22 3544 724 162 77 3127 1636 3407 6427 42 982 21 40 20 186 6444 140 375 96 24 20 26 286 1037
internal_value=6.37315e-07 0.000471033 0.00111282 0.00229502 0.0133245 0.0105492 0.00190405 -0.00110147 -0.0108242 0.0091818 -0.0156946 -0.000274783 -0.00320753 0.00205023 0.00183065 -0.00108727 -0.00187985 -0.00769368 -0.00862637 -0.0225537 -0.0169485 -0.000988502 0.000505209 0.00143419 -0.00125758 -0.0173247 -0.00874977 -0.0156018 -0.0010251 -0.00531411
internal_weight=64440 51552 36516 23806 815 787 22991 12710 996 195 801 11714 5180 6534 22969 15036 12888 1249 1228 246 226 14994 8550 7373 11639 166 142 122 11473 1177
internal_count=64440 51552 36516 23806 815 787 22991 12710 996 195 801 11714 5180 6534 22969 15036 12888 1249 1228 246 226 14994 8550 7373 11639 166 142 122 11473 1177
cat_boundaries=0 1
cat_threshold=2
is_linear=0
shrinkage=0.05


Tree=113
num_leaves=31
num_cat=0
split_feature=2 6 2 0 1 9 9 7 0 6 0 5 1 1 8 8 7 7 6 0 0 9 8 9 4 1 7 5 9 8
split_gain=22.2114 38.0914 37.4387 31.0601 46.7156 30.0081 29.5843 28.6557 56.1665 38.2222 43.9824 37.4995 38.7766 30.2692 30.1578 26.0568 38.5391 68.0836 45.0269 32.6208 65.5304 60.7873 28.1587 26.3299 60.2781 43.4162 29.435 36.7609 25.1173 24.8531
threshold=1.0000000180025095e-35 18.500000000000004 2.5000000000000004 14.500000000000002 11.500000000000002 7.729166666666667 2.2708333333333335 3.5000000000000004 11.500000000000002 7.5000000000000009 2.5000000000000004 -0.37940952255126015 10.500000000000002 19.500000000000004 8.5000000000000018 15.500000000000002 9.5000000000000018 8.5000000000000018 8.5000000000000018 12.500000000000002 17.500000000000004 7.6875000000000009 18.500000000000004 10.47916666666667 -0.60355339059327362 11.500000000000002 16.500000000000004 -0.70710678118654757 6.9375000000000009 15.500000000000002
decision_type=2 10 2 2 2 10 10 10 2 10 2 2 2 2 10 8 10 10 10 2 2 10 10 10 2 2 10 2 10 8
left_child=1 3 7 6 -5 -6 -1 8 11 13 -11 12 -2 -9 -15 23 17 22 -19 21 -21 -18 -17 26 -25 -26 -4 -28 -13 -12
right_child=2 -3 15 4 5 -7 -8 9 -10 10 29 28 -14 14 -16 16 19 18 -20 20 -22 -23 -24 24 25 -27 27 -29 -30 -31
leaf_value=-0.0065160954474714084 0.016908321923484827 0.07119787428528071 0.00034259906751727418 -0.062730169980584283 -0.020123040378093721 0.052261411256733392 0.0033483008406932505 -0.0076691101505664827 0.051044866231814867 0.032234773614845419 0.00099741089887147552 -0.0027360420092070064 0.00082973384151711145 -0.00067952447598968715 0.033504159122273544 0.010469873502601828 0.01744126962258084 0.0066134052234701817 -0.089021762646734726 -0.023342444262269772 0.074663109915412001 0.08397777176533755 -0.035233425845702486 0.078892149845404283 0.025860459208926542 -0.046417939278387256 -0.0016425916826766397 -0.052168260260174674 0.01090816543213918 -0.021771706214658626
leaf_weight=837 560 20 35823 46 45 21 8271 5561 53 109 2128 7150 1135 994 69 528 101 20 32 66 23 52 36 35 63 31 90 60 354 127
leaf_count=837 560 20 35823 46 45 21 8271 5561 53 109 2128 7150 1135 994 69 528 101 20 32 66 23 52 36 35 63 31 90 60 354 127
internal_value=6.05447e-07 0.0022695 -0.000379187 0.00211998 -0.0240503 0.00290838 0.00244179 -0.00223278 -0.000279445 -0.00424349 0.0012145 -0.00057515 0.00614183 -0.00619136 0.00153936 0.000535574 0.00914723 0.00250529 -0.052239 0.026054 0.00198483 0.040055 0.00755264 0.000330909 0.0228797 0.00202397 0.000250049 -0.0218529 -0.00209238 -0.00028493
internal_weight=64440 9240 55200 9220 112 66 9108 18240 9252 8988 2364 9199 1695 6624 1063 36960 858 616 52 242 89 153 564 36102 129 94 35973 150 7504 2255
internal_count=64440 9240 55200 9220 112 66 9108 18240 9252 8988 2364 9199 1695 6624 1063 36960 858 616 52 242 89 153 564 36102 129 94 35973 150 7504 2255
is_linear=0
shrinkage=0.05


Tree=114
num_leaves=31
num_cat=1
split_feature=6 9 0 0 6 8 4 7 5 9 1 0 0 7 4 1 9 9 10 0 2 1 2 9 0 1 0 8 9 9
split_gain=21.4514 22.4212 21.7611 31.8716 43.6583 28.8735 21.2683 20.1175 35.1263 29.7283 15.6849 24.6354 24.5011 42.2098 39.5483 57.5425 24.5653 16.5316 20.7906 37.9192 13.9279 12.9878 26.0702 15.2303 11.6752 11.2847 10.7466 10.7511 10.5641 10.5509
threshold=1.0000000180025095e-35 1.6458333333333337 22.500000000000004 16.500000000000004 7.5000000000000009 5.5000000000000009 -0.37940952255126059 14.500000000000002 -0.98296291314453399 10.562500000000002 8.5000000000000018 7.5000000000000009 4.5000000000000009 4.5000000000000009 0.91597561503675362 3.5000000000000004 4.0208333333333348 2.1458333333333335 0 5.5000000000000009 4.5000000000000009 6.5000000000000009 4.5000000000000009 4.604166666666667 4.5000000000000009 16.500000000000004 4.5000000000000009 5.5000000000000009 1.9791666666666667 3.8125000000000004
decision_type=10 8 2 2 10 10 2 10 2 10 2 2 2 8 2 2 8 8 1 2 2 2 2 10 2 2 2 10 10 10
left_child=10 6 3 7 -5 -6 24 9 -9 -3 12 17 21 14 15 -14 -15 25 19 -19 -20 -1 23 -23 -2 28 27 -8 -12 -24
right_child=1 2 -4 4 5 -7 26 8 -10 -11 11 -13 13 16 -16 -17 -18 18 20 -21 -22 22 29 -25 -26 -27 -28 -29 -30 -31
leaf_value=-0.0022503478282305876 -0.013877591099300049 0.00044089252074341016 -0.037877809578502508 0.061013658231367243 -0.029224501896736234 0.015092546173478128 -0.00048976584951212858 -0.040088847955067952 -0.0041208742619199042 0.023188845078079293 -0.0073446464756231639 -0.051156286830082533 -0.013184004161945163 -0.097053609415888795 -0.028572037807071068 0.093698497919831425 -0.026904291451613133 0.014690269855587551 0.0077142045522729562 0.07940938025712968 -0.017759864835383058 -0.01477812448618551 8.8115126332815959e-05 -0.050613990821170088 -0.046873093373945046 0.0030888708952294145 -0.021559042285260715 0.033126850657165051 -0.041653414865334831 0.034164442066403643
leaf_weight=5750 355 54914 37 46 43 253 489 75 715 144 89 20 34 24 83 20 26 239 177 25 77 292 85 33 29 222 58 25 30 31
leaf_count=5750 355 54914 37 46 43 253 489 75 715 144 89 20 34 24 83 20 26 239 177 25 77 292 85 33 29 222 58 25 30 31
internal_value=5.75182e-07 0.000325561 0.00045466 0.000479902 0.015697 0.0086546 -0.00726738 0.000386715 -0.00753556 0.000500388 -0.00256022 0.0037013 -0.00342317 -0.0212544 -0.0069034 0.0264021 -0.060576 0.00497854 0.0106064 0.0200592 -7.93707e-06 -0.00288457 -0.0111539 -0.0184168 -0.0163694 -0.00357052 -0.0011569 0.00114528 -0.0159939 0.00919472
internal_weight=64440 57183 56227 56190 342 296 956 55848 790 55058 7257 879 6378 187 137 54 50 859 518 264 254 6191 441 325 384 341 572 514 119 116
internal_count=64440 57183 56227 56190 342 296 956 55848 790 55058 7257 879 6378 187 137 54 50 859 518 264 254 6191 441 325 384 341 572 514 119 116
cat_boundaries=0 1
cat_threshold=18
is_linear=0
shrinkage=0.05


Tree=115
num_leaves=21
num_cat=0
split_feature=0 0 0 6 8 2 6 2 0 5 2 2 7 9 8 4 9 6 8 5
split_gain=20.813 19.5192 29.208 39.4016 26.0583 52.1123 25.2539 17.8298 36.2067 31.9798 31.4436 34.7036 30.2268 25.0286 14.1151 15.2771 13.5053 13.7217 12.5943 9.12633
threshold=1.0000000180025095e-35 22.500000000000004 16.500000000000004 7.5000000000000009 5.5000000000000009 4.5000000000000009 18.500000000000004 1.0000000180025095e-35 14.500000000000002 -0.78656609248549325 3.5000000000000004 5.5000000000000009 4.5000000000000009 2.2708333333333335 8.5000000000000018 -0.98296291314453399 9.6875000000000018 7.5000000000000009 7.5000000000000009 -0.70710678118654757
decision_type=2 2 2 10 10 2 10 2 2 2 2 2 10 10 10 2 10 10 10 2
left_child=14 2 7 19 5 -5 -6 8 13 -10 12 -12 -9 -2 15 -1 17 18 -17 -4
right_child=1 -3 3 4 6 -7 -8 10 9 -11 11 -13 -14 -15 -16 16 -18 -19 -20 -21
leaf_value=-0.041403713986277582 -0.0066362788765623893 -0.035983917187597303 0.033663355381715866 -0.081541223891756762 0.0091070160374919513 0.028575525148993447 0.062043752729892737 0.00011008441567465866 -0.00041755351581071552 -0.066180453283919236 0.0024890776158422172 -0.0015028826012088491 -0.003479751003342284 0.003540606568066595 -0.037954645018492432 -0.0026313047081283412 0.038780123181641105 0.028866140374115536 0.036146785815556845 0.078374657630920413
leaf_weight=25 657 37 21 22 228 21 25 14031 38 36 16283 8179 10074 7511 28 7123 20 35 21 25
leaf_count=25 657 37 21 22 228 21 25 14031 38 36 16283 8179 10074 7511 28 7123 20 35 21 25
internal_value=5.46435e-07 0.000320536 0.00034404 0.0149122 0.00822187 -0.0277633 0.0143379 0.000256337 0.00240659 -0.0324103 -0.000108568 0.00115434 -0.00139019 0.00272202 -0.00252284 -0.0023855 -0.00225 -0.00236431 -0.00251732 0.057963
internal_weight=64440 57188 57151 342 296 43 253 56809 8242 74 48567 24462 24105 8168 7252 7224 7199 7179 7144 46
internal_count=64440 57188 57151 342 296 43 253 56809 8242 74 48567 24462 24105 8168 7252 7224 7199 7179 7144 46
is_linear=0
shrinkage=0.05


Tree=116
num_leaves=31
num_cat=1
split_feature=4 1 9 7 0 9 7 0 9 7 8 9 9 1 6 0 4 9 10 9 7 7 0 8 2 9 8 8 7 8
split_gain=20.5719 38.1113 32.2079 40.764 39.1198 34.4513 28.8047 28.5255 69.2864 42.5908 37.4823 35.1752 70.3742 28.2953 38.9925 39.0802 31.4123 39.794 42.9838 29.2861 38.5775 30.9456 28.9719 28.3695 27.3711 26.5315 30.7388 25.0904 23.2277 23.0226
threshold=-0.78656609248549303 17.500000000000004 10.770833333333334 16.500000000000004 7.5000000000000009 6.0208333333333348 12.500000000000002 14.500000000000002 8.5208333333333339 7.5000000000000009 13.500000000000002 8.1875000000000018 8.0208333333333339 12.500000000000002 3.5000000000000004 13.500000000000002 -0.5 4.5208333333333348 0 9.7291666666666696 15.500000000000002 7.5000000000000009 5.5000000000000009 3.5000000000000004 3.5000000000000004 8.4791666666666696 9.5000000000000018 8.5000000000000018 9.5000000000000018 6.5000000000000009
decision_type=2 2 8 10 2 10 10 2 10 10 10 10 10 2 10 2 2 10 1 10 10 10 2 8 2 10 8 8 10 8
left_child=1 2 3 5 -5 6 -1 8 11 -10 25 12 -3 14 15 -2 17 -15 22 20 21 -18 -19 -20 -11 27 -27 -9 -7 -16
right_child=13 7 -4 4 -6 28 -8 10 9 24 -12 -13 -14 16 29 -17 19 18 23 -21 -22 -23 -24 -25 -26 26 -28 -29 -30 -31
leaf_value=0.0041328866321428456 -0.00089080102499975149 -0.00054270208011418606 0.068337175846099857 0.0060620943253690551 -0.08624398860459527 0.024392883350087172 -0.028415642970282103 -0.035579587164960923 0.10242824364792219 0.057299397888460335 0.041211072852214176 -0.043668859445073822 0.087048199902410098 -0.002619116941423907 0.00083067347321056349 0.062945137840385232 -0.0029951247965899898 0.0070427404783736519 0.025625613913801429 -0.042168030669620521 0.040070555488369908 -0.011205096443986828 -0.0048650793663218665 0.0069128447168594958 -0.0013746539859668069 -0.024462232428292433 -0.1083926134184003 0.016608495003468282 0.0056345859649713694 0.0053748463174424143
leaf_weight=4570 23430 7719 20 22 24 361 69 61 22 35 21 47 23 5155 6655 24 6564 966 333 51 49 1391 1084 517 46 24 20 37 304 4796
leaf_count=4570 23430 7719 20 22 24 361 69 61 22 35 21 47 23 5155 6655 24 6564 966 333 51 49 1391 1084 517 46 24 20 37 304 4796
internal_value=5.19115e-07 0.00174201 0.00500477 0.00476801 -0.0420976 0.00517446 0.00364876 -0.000433164 -5.54726e-06 0.0407346 -0.0211371 -0.000544286 -0.000282486 -0.000457768 0.000342218 -0.000825479 -0.00219107 1.67925e-05 0.00470235 -0.00439893 -0.00415827 -0.00443071 0.000742496 0.0140782 0.0239783 -0.0303577 -0.0626124 -0.0158759 0.0158177 0.0027339
internal_weight=64440 13425 5370 5350 46 5304 4639 8055 7892 103 163 7789 7742 51015 34905 23454 16110 8055 2900 8055 8004 7955 2050 850 81 142 44 98 665 11451
internal_count=64440 13425 5370 5350 46 5304 4639 8055 7892 103 163 7789 7742 51015 34905 23454 16110 8055 2900 8055 8004 7955 2050 850 81 142 44 98 665 11451
cat_boundaries=0 1
cat_threshold=20
is_linear=0
shrinkage=0.05


Tree=117
num_leaves=31
num_cat=1
split_feature=10 7 9 5 0 4 2 1 9 9 4 0 2 9 9 9 7 6 0 0 0 6 8 2 4 9 8 5 7 1
split_gain=18.9385 28.4669 38.7029 29.2673 35.3272 48.304 30.7452 33.3605 38.8315 31.3437 25.3511 31.0656 36.8042 34.6387 26.9473 22.9007 20.5099 20.4502 18.9938 18.0704 28.0633 54.0506 49.2404 63.3488 16.0948 26.7857 17.1645 15.6939 42.0919 53.3224
threshold=0 5.5000000000000009 6.6875000000000009 -0.12940952255126037 5.5000000000000009 -0.37940952255126059 4.5000000000000009 16.500000000000004 2.5208333333333335 5.104166666666667 0.78656609248549325 4.5000000000000009 1.5000000000000002 3.8125000000000004 6.0208333333333348 5.0208333333333348 3.5000000000000004 1.5000000000000002 7.5000000000000009 22.500000000000004 17.500000000000004 8.5000000000000018 13.500000000000002 1.5000000000000002 -0.37940952255126059 2.6875000000000004 4.5000000000000009 0.37940952255126048 7.5000000000000009 10.500000000000002
decision_type=1 8 10 2 2 2 2 2 10 10 2 2 2 8 10 10 10 10 2 2 2 10 10 2 2 10 10 2 10 2
left_child=19 3 10 6 24 18 15 9 -9 -8 14 13 -13 -12 17 16 -2 -3 -6 20 27 -22 23 -23 25 -5 -26 28 -1 -30
right_child=1 2 -4 4 5 -7 7 8 -10 -11 11 12 -14 -15 -16 -17 -18 -19 -20 -21 21 22 -24 -25 26 -27 -28 -29 29 -31
leaf_value=0.0029017322162005594 0.0019809739671163271 0.0075844729267197757 0.054840266594180356 -0.0023926292668829982 -0.015643222024048872 -0.070772723722107272 0.0055139560074896014 -0.0034152790236188788 0.040922674042311438 -0.048687480583235077 0.016125973955624633 -0.077226558727462119 -0.019087988710789771 -0.027050845641254758 -0.049098406935280024 0.031065251269393551 -0.0039894114108522038 -0.0049083702614211924 0.0019932715088614955 -0.034225226958861224 0.091247387230396271 0.04544031731784344 0.060942515544593338 -0.024505562612858529 -0.0021343243101041268 0.0061306004393498863 -0.022104042915439388 -0.00066478384421630619 0.0052353675883399717 -0.0040160162813556053
leaf_weight=15961 3877 362 27 1989 454 34 2201 76 141 27 90 41 81 96 33 59 2287 3445 230 37 23 47 38 104 8399 1718 109 14490 2124 5840
leaf_count=15961 3877 362 27 1989 454 34 2201 76 141 27 90 41 81 96 33 59 2287 3445 230 37 23 47 38 104 8399 1718 109 14490 2124 5840
internal_value=4.93165e-07 -0.00104909 -0.00482905 -0.000318987 -0.00182571 -0.0126042 0.00192911 0.00667983 0.0253942 0.00485712 -0.00521745 -0.0190193 -0.0386264 -0.00615884 -0.00411042 6.25586e-05 -0.00023419 -0.00372045 -0.00971282 0.000700303 0.000733938 0.0188756 0.0100684 -0.00273433 -0.00119215 0.00155744 -0.00239017 0.000633821 0.00142031 -0.00154867
internal_weight=64440 25776 4175 21601 12933 718 8668 2445 217 2228 4148 308 122 186 3840 6223 6164 3807 684 38664 38627 212 189 151 12215 3707 8508 38415 23925 7964
internal_count=64440 25776 4175 21601 12933 718 8668 2445 217 2228 4148 308 122 186 3840 6223 6164 3807 684 38664 38627 212 189 151 12215 3707 8508 38415 23925 7964
cat_boundaries=0 1
cat_threshold=28
is_linear=0
shrinkage=0.05


Tree=118
num_leaves=31
num_cat=2
split_feature=4 9 7 8 0 9 4 6 1 9 7 0 9 8 1 6 1 7 9 10 1 10 0 0 2 2 8 0 9 8
split_gain=18.6473 34.2644 46.4508 47.243 31.62 30.5843 53.1739 35.5257 29.6937 30.4917 38.6234 29.568 65.823 35.5754 25.2514 35.3942 28.7391 27.2312 42.0052 43.9161 26.8225 24.5693 23.7349 22.4043 21.8443 64.7276 50.3694 21.1897 42.1621 43.5975
threshold=-0.78656609248549303 2.5625000000000004 2.5000000000000004 14.500000000000002 4.5000000000000009 5.0625000000000009 -0.91597561503675329 4.5000000000000009 17.500000000000004 9.8125000000000018 16.500000000000004 14.500000000000002 9.6458333333333339 13.500000000000002 12.500000000000002 1.5000000000000002 14.500000000000002 2.5000000000000004 2.7708333333333335 0 13.500000000000002 1 1.0000000180025095e-35 2.5000000000000004 5.5000000000000009 4.5000000000000009 28.000000000000004 3.5000000000000004 6.0625000000000009 4.5000000000000009
decision_type=2 8 8 8 2 10 2 10 2 10 10 2 10 8 2 10 2 8 10 1 2 1 2 2 2 2 8 2 8 8
left_child=1 4 3 5 -1 7 -7 -3 9 10 -4 12 -10 -13 15 27 17 18 23 -20 21 -19 -17 -16 25 -24 -26 -2 -29 -30
right_child=14 2 8 -5 -6 6 -8 -9 11 -11 -12 13 -14 -15 16 22 -18 20 19 -21 -22 -23 24 -25 26 -27 -28 28 29 -31
leaf_value=-0.0010453475928140373 -0.00094799404255472945 0.018430352677043082 0.0051257130764916208 0.08828667454421521 -0.015998166013220506 0.080939139961832912 0.0057107486110180615 0.00022284898443234902 -0.00037689765891146023 0.057929247700505782 -0.042516784023406896 -0.032166622986030118 0.073878140499194472 0.03174292856397537 0.0061559249045682555 -0.0036510519920430703 -0.00057998449114314901 0.0070053210008919125 0.031797077815488059 -0.0013731748012392082 -0.010530284863522555 -0.0055297177388806337 0.0014113871774070509 -0.01587234494221201 -0.0027603212555086013 0.0097531503917358178 0.051774311692962906 -0.0042362148856816698 -0.010875129903379445 -0.062792939142538959
leaf_weight=1783 12335 486 3980 20 441 41 55 597 5762 27 43 134 30 26 194 1943 10740 492 187 209 2226 1777 13464 285 2763 2811 43 1374 107 65
leaf_count=1783 12335 486 3980 20 441 41 55 597 5762 27 43 134 30 26 194 1943 10740 492 187 209 2226 1777 13464 285 2763 2811 43 1374 107 65
internal_value=4.68485e-07 0.0016585 0.00278407 0.0120838 -0.00401036 0.0107912 0.0378395 0.00839353 0.00166925 0.0049719 0.00461648 -0.000578016 7.71062e-06 -0.0217813 -0.000435855 0.000319877 -0.00207327 -0.00505985 0.00301021 0.0150588 -0.00663078 -0.00280517 0.00161361 -0.00695067 0.00214971 0.00285217 -0.00192462 -0.0016396 -0.00715766 -0.0304952
internal_weight=64440 13425 11201 1199 2224 1179 96 1083 10002 4050 4023 5952 5792 160 51015 34905 16110 5370 875 396 4495 2269 21024 479 19081 16275 2806 13881 1546 172
internal_count=64440 13425 11201 1199 2224 1179 96 1083 10002 4050 4023 5952 5792 160 51015 34905 16110 5370 875 396 4495 2269 21024 479 19081 16275 2806 13881 1546 172
cat_boundaries=0 1 2
cat_threshold=17 16
is_linear=0
shrinkage=0.05


Tree=119
num_leaves=31
num_cat=0
split_feature=2 6 2 0 6 7 9 6 8 6 8 1 7 0 6 0 5 5 9 5 7 8 7 9 8 7 7 0 9 4
split_gain=18.6602 33.1956 30.3779 28.1956 87.4505 49.6331 35.3261 59.9078 44.4059 31.7793 29.8313 29.3725 25.1842 49.5047 33.4552 39.9112 31.5497 35.0769 29.404 32.3776 24.9974 22.7072 22.3687 25.5395 25.4665 46.5712 59.7502 37.8864 31.3179 42.4062
threshold=1.0000000180025095e-35 18.500000000000004 2.5000000000000004 12.500000000000002 13.500000000000002 9.5000000000000018 5.729166666666667 6.5000000000000009 12.500000000000002 15.500000000000002 8.5000000000000018 16.500000000000004 3.5000000000000004 11.500000000000002 7.5000000000000009 2.5000000000000004 -0.37940952255126015 -0.70710678118654757 9.2708333333333339 -0.37940952255126015 12.500000000000002 15.500000000000002 20.500000000000004 9.3958333333333339 15.500000000000002 9.5000000000000018 8.5000000000000018 12.500000000000002 10.312500000000002 -0.60355339059327362
decision_type=2 10 2 2 10 10 10 10 10 10 10 2 10 2 10 2 2 2 10 2 8 8 10 10 8 10 10 2 10 2
left_child=1 3 12 9 6 -6 7 -5 -8 10 20 -12 13 16 18 -16 17 -2 19 -14 -1 -17 24 -24 28 26 -26 -27 -4 -30
right_child=2 -3 22 4 5 -7 8 -9 -10 -11 11 -13 14 -15 15 21 -18 -19 -20 -21 -22 -23 23 -25 25 27 -28 -29 29 -31
leaf_value=0.0015301526510346666 0.00020733167070927607 0.066426739450544114 0.00022862406456691383 0.033426837556596312 -0.026457974538207054 -0.13785038528963925 0.026550673172509268 -0.054914221286651549 -0.041576340471704804 0.052964097213360574 0.015598044041318577 -0.0021626485536385956 -0.0086627297542291089 0.04799866076066809 0.030753966821186723 0.0010016000521530335 -0.0018551815137947646 0.015120794123952062 -0.047427442022377538 -0.001620545993565719 -0.021373576671269934 -0.020762340860179165 0.0030591045133769516 -0.07684634905308485 0.0066356403019166956 0.043682983069846484 -0.049377356969321579 0.001694338871713947 0.068523731598487278 0.0057788666430726955
leaf_weight=7709 1071 20 35947 28 20 20 118 61 30 31 743 339 3587 53 109 2128 7504 624 42 2995 121 127 20 20 564 146 52 85 39 87
leaf_count=7709 1071 20 35947 28 20 20 118 61 30 31 743 339 3587 53 109 2128 7504 624 42 2995 121 127 20 20 564 146 52 85 39 87
internal_value=6.92584e-07 0.00208031 -0.000347418 0.00194073 -0.01377 -0.0821542 -0.00222838 -0.0271215 0.0127411 0.00242736 0.00225157 0.0100335 -0.0020171 -0.000185898 -0.00390208 0.00120422 -0.000463513 0.0056976 -0.00572444 -0.00545833 0.00117621 -0.00022413 0.00047658 -0.0368936 0.000517068 0.00908691 0.00190727 0.0282326 0.000315847 0.0251999
internal_weight=64440 9240 55200 9220 277 40 237 89 148 8943 8912 1082 18240 9252 8988 2364 9199 1695 6624 6582 7830 2255 36960 40 36920 847 616 231 36073 126
internal_count=64440 9240 55200 9220 277 40 237 89 148 8943 8912 1082 18240 9252 8988 2364 9199 1695 6624 6582 7830 2255 36960 40 36920 847 616 231 36073 126
is_linear=0
shrinkage=0.05


Tree=120
num_leaves=31
num_cat=1
split_feature=10 9 7 9 5 8 9 6 9 8 4 9 6 4 4 7 8 7 0 2 7 2 6 8 8 0 0 2 0 0
split_gain=17.6896 28.4407 23.4436 51.5937 42.8784 48.2906 37.1257 36.5413 35.5208 33.2786 26.6004 43.1049 39.625 28.3467 20.9467 21.649 31.6002 45.9456 36.3082 30.812 43.3154 18.8782 24.8603 21.9523 18.7003 17.5834 46.4366 99.0962 35.0634 17.4374
threshold=0 3.5208333333333335 10.500000000000002 8.1458333333333339 -0.98296291314453399 7.5000000000000009 7.1458333333333348 4.5000000000000009 7.4375000000000009 17.500000000000004 -0.78656609248549303 3.1875000000000004 8.5000000000000018 -0.98296291314453399 0.78656609248549325 10.500000000000002 7.5000000000000009 7.5000000000000009 12.500000000000002 5.5000000000000009 12.500000000000002 4.5000000000000009 5.5000000000000009 7.5000000000000009 13.500000000000002 22.500000000000004 19.500000000000004 3.5000000000000004 18.500000000000004 6.5000000000000009
decision_type=1 8 8 10 2 10 10 10 10 10 2 10 10 2 2 10 8 8 2 2 10 2 10 10 10 2 2 2 2 2
left_child=1 29 9 4 5 7 24 -4 -8 10 11 13 -13 -2 25 16 18 -18 -16 20 -17 23 -23 -12 -6 26 28 -28 -3 -1
right_child=2 14 3 -5 6 -7 8 -9 -10 -11 21 12 -14 -15 15 19 17 -19 -20 -21 -22 22 -24 -25 -26 -27 27 -29 -30 -31
leaf_value=-0.0058599240603828418 -0.010102304663208975 0.0011909410959377777 0.04156525891274214 -0.075882650395998591 -0.0033978698379505457 -0.056030912277659023 0.055378618148656994 -0.023253593625665842 0.0017486054866917824 0.053337756364509985 -0.0019368435506538825 0.0069238774975569741 -0.0030828276593968494 0.00021384674007727847 0.0043107111902398751 -0.029653461701236668 0.0099591668907219807 0.050744315989625956 0.068889069652438836 -0.057762617617845541 0.032694570568855851 -0.00029338675601443392 0.0054983376957136575 0.0031005045683695385 -0.032354207707023054 -0.035315900408860408 -0.031940161103072268 0.10075875073671342 -0.04121282252730156 -0.032258231886564168
leaf_weight=526 830 9602 30 26 1442 83 52 79 76 29 25883 4659 1256 3368 2043 60 246 96 22 30 52 8987 2334 2360 58 33 24 34 49 71
leaf_count=526 830 9602 30 26 1442 83 52 79 76 29 25883 4659 1256 3368 2043 60 246 96 22 30 52 8987 2334 2360 58 33 24 34 49 71
internal_value=6.57962e-07 0.00165676 -0.000413609 -0.00594652 -0.00494744 -0.027295 -0.00231185 -0.00541354 0.0235358 -0.000208209 -0.000239468 0.00204901 0.00479904 -0.00182579 0.0021757 0.00621098 0.00733018 0.0214076 0.00499871 -0.0127603 -0.000706161 -0.000824428 0.000900667 -0.00151592 -0.00451751 0.00111987 0.00124371 0.0458489 0.000975649 -0.00899942
internal_weight=64440 12888 51552 1846 1820 192 1628 109 128 49706 49677 10113 5915 4198 12291 2549 2407 342 2065 142 112 39564 11321 28243 1500 9742 9709 58 9651 597
internal_count=64440 12888 51552 1846 1820 192 1628 109 128 49706 49677 10113 5915 4198 12291 2549 2407 342 2065 142 112 39564 11321 28243 1500 9742 9709 58 9651 597
cat_boundaries=0 1
cat_threshold=4
is_linear=0
shrinkage=0.05


Tree=121
num_leaves=31
num_cat=0
split_feature=2 6 6 2 7 0 6 0 5 1 9 9 0 1 9 6 8 0 9 9 9 7 6 8 9 8 6 6 8 7
split_gain=17.2215 29.9887 27.0909 26.5155 23.4601 44.5168 30.508 36.189 28.3808 32.7349 26.7994 28.775 22.3011 46.998 34.0201 32.5905 26.0997 22.2708 22.1545 21.9141 21.3557 21.2031 32.6429 28.7494 130.503 27.8968 32.5116 28.8291 20.5647 20.394
threshold=1.0000000180025095e-35 18.500000000000004 16.500000000000004 2.5000000000000004 3.5000000000000004 11.500000000000002 7.5000000000000009 2.5000000000000004 -0.37940952255126015 10.500000000000002 9.2708333333333339 7.6458333333333348 14.500000000000002 11.500000000000002 7.2708333333333348 15.500000000000002 8.5000000000000018 4.5000000000000009 4.0208333333333348 6.9375000000000009 4.8958333333333348 16.500000000000004 22.500000000000004 17.500000000000004 7.7708333333333348 4.5000000000000009 14.500000000000002 6.5000000000000009 15.500000000000002 10.500000000000002
decision_type=2 10 10 2 10 2 10 2 2 2 10 10 2 2 10 10 10 2 10 10 10 10 10 10 10 10 10 10 8 10
left_child=1 2 12 4 5 8 10 18 9 -2 11 -6 15 29 -15 16 -1 -12 -8 -10 -7 22 23 -5 -25 -23 27 -27 -9 -14
right_child=3 -3 -4 21 6 20 7 28 19 -11 17 -13 13 14 -16 -17 -18 -19 -20 -21 -22 25 -24 24 -26 26 -28 -29 -30 -31
leaf_value=0.0010930848774512031 0.015346173528980997 0.063157870015129444 -0.056263561174273495 0.00047621372739474607 -0.0057472081649985983 0.070274888690222401 0.062078282495162319 0.00096951965202141512 -0.0023107236288108755 0.00057318301449862149 -0.0070799616537988198 0.014745839423267171 -0.029713216903977671 -0.023235243135226288 0.051396021160941864 0.064477989254962828 0.009138984504030832 -0.079981469295241622 0.013798572479218646 0.010433803589756097 0.0047972478717565534 0.035432513884734361 -0.059020672414613812 0.0021882978642023491 0.13203180712526261 0.0062178193758695554 0.024981259927153589 -0.043368498458511248 -0.019742236827045505 -0.096871250048279775
leaf_weight=7915 560 20 20 36580 6406 33 35 2128 7150 1135 20 176 26 37 26 21 1155 22 74 354 20 24 23 122 23 39 31 118 127 20
leaf_count=7915 560 20 20 36580 6406 33 35 2128 7150 1135 20 176 26 37 26 21 1155 22 74 354 20 24 23 122 23 39 31 118 127 20
internal_value=6.25035e-07 0.00199847 0.0018658 -0.000333796 -0.00189372 -0.000126316 -0.00371304 0.00116316 -0.000389574 0.00545394 -0.00545328 -0.00519923 0.00199217 -0.0204897 0.00756496 0.00226172 0.00211767 -0.0452665 0.0293012 -0.0017095 0.0455663 0.000436037 0.000526998 0.000564291 0.0227842 -0.0153311 -0.0218115 -0.0310509 -0.000196952 -0.0589124
internal_weight=64440 9240 9220 55200 18240 9252 8988 2364 9199 1695 6624 6582 9200 109 63 9091 9070 42 109 7504 53 36960 36748 36725 145 212 188 157 2255 46
internal_count=64440 9240 9220 55200 18240 9252 8988 2364 9199 1695 6624 6582 9200 109 63 9091 9070 42 109 7504 53 36960 36748 36725 145 212 188 157 2255 46
is_linear=0
shrinkage=0.05


Tree=122
num_leaves=31
num_cat=1
split_feature=10 9 0 0 4 9 0 2 0 0 6 8 6 7 5 9 4 0 0 1 7 8 9 9 8 6 9 7 5 9
split_gain=16.2825 17.5168 22.541 21.7496 30.0474 18.3486 17.0665 25.8195 15.0794 22.3101 50.5907 46.2031 30.9717 16.3057 35.3058 31.5547 31.9283 28.0757 27.5334 25.5629 14.8619 14.3402 19.0422 13.276 16.1656 13.9584 11.5974 21.5837 10.4674 12.6908
threshold=0 3.6875000000000004 10.500000000000002 5.5000000000000009 0.78656609248549325 3.8125000000000004 8.5000000000000018 5.5000000000000009 22.500000000000004 17.500000000000004 8.5000000000000018 5.5000000000000009 13.500000000000002 7.5000000000000009 0.37940952255126048 3.6875000000000004 0.91597561503675362 8.5000000000000018 5.5000000000000009 17.500000000000004 7.5000000000000009 6.5000000000000009 3.3541666666666674 5.0625000000000009 1.0000000180025095e-35 4.5000000000000009 3.5208333333333335 1.5000000000000002 -0.98296291314453399 2.8125000000000004
decision_type=1 8 2 2 2 10 2 2 2 2 10 10 10 10 2 10 2 2 2 2 10 10 8 8 10 10 10 10 2 10
left_child=1 6 3 23 5 -5 20 21 9 13 -11 -12 -13 14 17 19 -17 -2 -16 -15 26 22 -8 25 -25 -3 -1 -28 -22 -30
right_child=8 2 -4 4 -6 -7 7 -9 -10 10 11 12 -14 15 18 16 -18 -19 -20 -21 28 -23 -24 24 -26 -27 27 -29 29 -31
leaf_value=-0.0013302743882836424 0.0013763384361042757 -0.0070223689111082489 0.04414810889533588 -0.046913049340946603 -0.08013132168911398 -0.0095846917322506345 -0.0049493512643190721 -0.064868363007553859 -0.031510288761676969 0.086570508810489083 -0.055293954670429239 0.040590085050401591 -0.0025686078359571738 -0.015971911692777618 -0.00021077182144414047 -0.0010167001762703661 0.019437504271761732 0.0063307105575412031 -0.0067798771149294862 0.0022938173148376985 0.045384037452749909 0.030447456538677215 -0.053186988830566412 0.0021926660283372321 -0.047100750433328828 0.0067544170942924475 0.029518164434181204 0.00071945891755293735 0.021507231529372242 -0.00087382820388877099
leaf_weight=10842 19599 659 21 40 20 186 96 24 37 23 25 78 89 626 16659 8833 195 3348 1764 276 20 20 26 29 39 255 87 258 104 162
leaf_count=10842 19599 659 21 40 20 186 96 24 37 23 25 78 89 626 16659 8833 195 3348 1764 276 20 20 26 29 39 255 87 258 104 162
internal_value=5.9381e-07 -0.00158828 -0.00721657 -0.00809496 -0.0213898 -0.0161915 -0.000985665 -0.016903 0.000398043 0.000421038 0.0164939 0.00809933 0.0175893 0.000353676 0.000790407 -0.00146581 -0.0005749 0.00209919 -0.000839763 -0.0103828 -0.000755361 -0.00879613 -0.0152295 -0.00476447 -0.0260786 -0.00317874 -0.0010431 0.00798174 0.0104996 0.00787666
internal_weight=64440 12888 1249 1228 246 226 11639 166 51552 51515 215 192 167 51300 41370 9930 9028 22947 18423 902 11473 142 122 982 68 914 11187 345 286 266
internal_count=64440 12888 1249 1228 246 226 11639 166 51552 51515 215 192 167 51300 41370 9930 9028 22947 18423 902 11473 142 122 982 68 914 11187 345 286 266
cat_boundaries=0 1
cat_threshold=2
is_linear=0
shrinkage=0.05


Tree=123
num_leaves=31
num_cat=0
split_feature=9 4 9 7 9 1 9 2 7 1 1 6 0 8 7 9 7 7 8 1 9 4 8 9 0 1 7 0 9 0
split_gain=15.6009 20.5848 46.3348 37.5647 52.9985 50.6555 59.9262 47.3145 42.6935 42.628 35.056 31.0384 34.6949 27.0105 51.1576 37.9946 23.0947 22.7259 21.3264 27.0797 23.45 20.242 25.8706 19.3747 19.3326 11.9231 9.74263 9.40906 11.6786 9.14023
threshold=1.8541666666666667 -0.60355339059327362 10.85416666666667 12.500000000000002 4.3958333333333348 16.500000000000004 9.4791666666666696 2.5000000000000004 5.5000000000000009 18.500000000000004 12.500000000000002 3.5000000000000004 13.500000000000002 10.500000000000002 7.5000000000000009 7.479166666666667 16.500000000000004 15.500000000000002 1.5000000000000002 8.5000000000000018 5.1458333333333348 -0.5 6.5000000000000009 3.3958333333333335 2.5000000000000004 10.500000000000002 1.0000000180025095e-35 3.5000000000000004 1.8125000000000002 4.5000000000000009
decision_type=10 2 10 10 10 2 10 2 10 2 2 10 2 10 10 10 10 10 8 2 10 2 10 10 2 2 10 2 10 2
left_child=21 2 3 4 8 7 -7 -5 -2 -6 11 12 17 16 23 -16 24 -3 19 -13 -20 26 27 -15 -12 -24 -1 -23 -29 -28
right_child=1 10 -4 5 9 6 -8 -9 -10 -11 13 18 -14 14 15 -17 -18 -19 20 -21 -22 22 25 -25 -26 -27 29 28 -30 -31
leaf_value=0.0021275779065753095 0.0017682936401399953 -0.00074314559880682006 0.055341984268743552 -0.056610006334570556 0.0090963351675603897 0.0025479352727446479 -0.072715819360954434 -0.0068378733745531042 -0.0051908093610863052 0.00095408504387182493 0.00050866369413042633 0.00014943183655525644 0.059358113026246433 -0.038826273739337919 -0.040628448644253828 0.0012178516487280529 0.044671480586895573 -0.054065989367663859 0.005002229173992105 -0.018695728693367733 1.369627385562617e-05 -0.00017165320681601342 0.05914819049835205 0.007725027379231148 -0.0041554753818499992 0.010315518453717233 -0.010525364917948683 -0.0068481872458031161 -0.042536340892314915 -0.030874915903744599
leaf_weight=142 7698 21965 40 96 3627 477 28 95 3088 2887 3427 824 24 25 196 75 26 20 6531 248 3685 1590 25 211 6317 25 687 276 25 60
leaf_count=142 7698 21965 40 96 3627 477 28 95 3088 2887 3427 824 24 25 196 75 26 20 6531 248 3685 1590 25 211 6317 25 687 276 25 60
internal_value=5.64105e-07 0.000167302 0.00158787 0.00146839 0.00192659 -0.00992074 -0.0016251 -0.0318542 -0.000224077 0.0054877 -0.000420694 0.000367201 -0.000726063 -0.00297344 -0.0142259 -0.0290474 -0.00238951 -0.000791654 0.00249881 -0.00421027 0.00320282 -0.00362938 -0.000767565 0.00279375 -0.00251508 0.0347319 -0.00987773 -0.00170621 -0.00981232 -0.0121599
internal_weight=64440 61610 18036 17996 17300 696 505 191 10786 6514 43574 33297 22009 10277 507 271 9770 21985 11288 1072 10216 2830 1941 236 9744 50 889 1891 301 747
internal_count=64440 61610 18036 17996 17300 696 505 191 10786 6514 43574 33297 22009 10277 507 271 9770 21985 11288 1072 10216 2830 1941 236 9744 50 889 1891 301 747
is_linear=0
shrinkage=0.05


Tree=124
num_leaves=31
num_cat=1
split_feature=2 6 0 6 7 9 6 7 6 8 2 7 0 0 7 6 8 7 7 1 6 4 9 9 7 7 5 10 9 9
split_gain=15.5227 26.9477 24.8124 76.5522 44.0029 32.0539 53.0624 41.9043 27.8135 26.7213 24.0594 32.5369 26.1924 38.9016 54.0948 33.8834 25.5614 24.2627 27.8 26.3488 39.1771 22.8813 49.9236 45.0641 21.6167 20.552 33.8062 32.1187 19.7946 18.2731
threshold=1.0000000180025095e-35 18.500000000000004 12.500000000000002 13.500000000000002 9.5000000000000018 5.7708333333333348 6.5000000000000009 7.5000000000000009 15.500000000000002 12.500000000000002 3.5000000000000004 20.500000000000004 19.500000000000004 22.500000000000004 10.500000000000002 22.500000000000004 17.500000000000004 12.500000000000002 20.500000000000004 11.500000000000002 4.5000000000000009 -0.70710678118654735 3.2291666666666674 9.8125000000000018 12.500000000000002 3.5000000000000004 -0.37940952255126015 0 4.3125000000000009 5.4375000000000009
decision_type=2 10 2 8 10 10 10 10 10 10 2 10 2 2 10 10 8 10 10 2 10 2 10 10 10 10 2 1 10 10
left_child=1 2 8 5 -5 6 -4 -7 9 24 17 12 15 14 -14 16 -12 21 19 20 -19 22 -2 -24 -1 26 -23 -27 -21 -11
right_child=10 -3 3 4 -6 7 -8 -9 -10 29 11 -13 13 -15 -16 -17 -18 18 -20 28 -22 25 23 -25 -26 27 -28 -29 -30 -31
leaf_value=0.0019858817989574563 -0.0041762973427989366 0.059872942343354232 0.030012752748383532 -0.024505683630704881 -0.12939005365595221 0.05373666519732323 -0.052139711073126462 -0.0049456466168451771 0.049506430039482734 0.0046236328173628344 0.00055134984125664672 -0.048896023944358935 0.00451541230792091 -0.01853884756565094 0.11800425698359807 -0.06278128056299119 0.012143962976064779 -0.039158761093638979 0.043738515658870991 0.020570239724059192 0.0084872449059761931 0.0046975470205213154 0.0043868075915306478 0.073099957716961705 -0.015429277011131929 -0.01211644266199725 -0.0019632310594543882 -0.0026896783174434353 -0.022938077708559709 0.032998353871314424
leaf_weight=8503 2486 20 29 20 20 43 61 104 31 112 27116 33 21 24 21 21 484 53 23 28 232 2372 4124 24 182 1031 9675 7038 394 115
leaf_count=8503 2486 20 29 20 20 43 61 104 31 112 27116 33 21 24 21 21 484 53 23 28 232 2372 4124 24 182 1031 9675 7038 394 115
internal_value=5.35908e-07 0.00189728 0.00177152 -0.0129666 -0.0769479 -0.00216803 -0.0256684 0.0122199 0.00222802 0.00206356 -0.000316963 0.00072237 0.00078151 0.0322421 0.0612598 0.000706335 0.000754641 -0.00136537 -0.0103589 -0.0121188 -0.00037324 -0.00111994 0.00142649 0.00478438 0.00162094 -0.00195972 -0.000651754 -0.00391251 -0.0200513 0.0189985
internal_weight=64440 9240 9220 277 40 237 90 147 8943 8912 55200 27720 27687 66 42 27621 27600 27480 730 707 285 26750 6634 4148 8685 20116 12047 8069 422 227
internal_count=64440 9240 9220 277 40 237 90 147 8943 8912 55200 27720 27687 66 42 27621 27600 27480 730 707 285 26750 6634 4148 8685 20116 12047 8069 422 227
cat_boundaries=0 1
cat_threshold=2
is_linear=0
shrinkage=0.05


Tree=125
num_leaves=31
num_cat=1
split_feature=10 9 9 0 6 7 1 6 6 7 1 8 6 4 7 2 7 8 7 0 4 9 6 9 1 6 6 0 2 4
split_gain=14.9053 25.557 22.3901 22.38 112.561 43.317 33.4754 26.5368 24.8436 42.049 20.5847 20.3336 20.9872 18.5572 18.8953 28.4403 40.6354 27.4282 42.7153 31.9429 16.6821 56.6672 55.65 33.31 31.4476 41.4277 17.6062 16.0492 19.4063 22.6884
threshold=0 3.5208333333333335 7.5208333333333348 7.5000000000000009 8.5000000000000018 12.500000000000002 9.5000000000000018 8.5000000000000018 14.500000000000002 12.500000000000002 20.500000000000004 16.500000000000004 7.5000000000000009 0.78656609248549325 10.500000000000002 5.5000000000000009 11.500000000000002 7.5000000000000009 2.5000000000000004 12.500000000000002 -0.5 4.4375000000000009 8.5000000000000018 2.2291666666666674 13.500000000000002 12.500000000000002 1.0000000180025095e-35 6.5000000000000009 2.5000000000000004 1.0000000180025095e-35
decision_type=1 8 8 2 10 10 2 10 10 10 2 10 10 2 10 2 10 8 8 2 2 10 10 10 2 10 10 2 2 2
left_child=1 27 11 5 6 7 -5 -4 9 -6 -9 20 -13 -3 17 16 -16 19 -19 -15 21 23 -23 -2 26 -26 -22 28 29 -1
right_child=2 13 3 4 8 -7 -8 10 -10 -11 -12 12 -14 14 15 -17 -18 18 -20 -21 24 22 -24 -25 25 -27 -28 -29 -30 -31
leaf_value=-0.011978933637146839 -0.0064994254724946594 0.0010186946238134658 -0.0032584106792876524 -0.13104279870572297 0.038203077906121818 0.065828248148872739 -0.050866497606039056 -0.010416054583731153 -0.041992352692329371 -0.044003191785443402 -0.080424087742964431 0.0024136897539947092 0.056444524956168612 0.0040387906907794714 -0.045003034350063122 -0.055148704747358959 0.019972790967576304 -0.030762358321934136 0.02612611187896768 0.064610773612829783 -0.0028468788993857301 0.0097152452399516236 -0.0024905353915453442 0.00041705317771060168 -0.0054367770444471259 0.047702397597399922 0.00022590949920765362 -0.030894728490597451 -0.011437391318890265 0.028074204007493733
leaf_weight=64 2084 9742 335 23 60 21 30 21 23 21 21 41 32 2043 35 30 77 37 305 22 5792 2985 1359 10570 4210 37 23887 71 383 79
leaf_count=64 2084 9742 335 23 60 21 30 21 23 21 21 41 32 2043 35 30 77 37 305 22 5792 2985 1359 10570 4210 37 23887 71 383 79
internal_value=3.94233e-07 0.00152059 -0.000379876 -0.0103685 -0.0263547 -0.00406236 -0.08566 -0.00795547 0.00386821 0.0168903 -0.0454201 -0.000271245 0.0260984 0.00201248 0.00581062 -0.0119131 -0.000332154 0.00685623 0.0199715 0.00468411 -0.000309046 0.000969456 0.00589672 -0.000722029 -0.000949616 -0.00497383 -0.00037376 -0.00858097 -0.00556903 0.0101483
internal_weight=64440 12888 51552 555 157 398 53 377 104 81 42 50997 73 12291 2549 142 112 2407 342 2065 50924 16998 4344 12654 33926 4247 29679 597 526 143
internal_count=64440 12888 51552 555 157 398 53 377 104 81 42 50997 73 12291 2549 142 112 2407 342 2065 50924 16998 4344 12654 33926 4247 29679 597 526 143
cat_boundaries=0 1
cat_threshold=4
is_linear=0
shrinkage=0.05


Tree=126
num_leaves=31
num_cat=0
split_feature=2 6 6 2 7 0 6 0 1 8 5 5 9 4 9 7 9 9 9 4 9 7 6 8 1 9 8 9 9 9
split_gain=13.7899 24.4799 24.4678 22.0589 21.6025 38.6138 26.0526 33.0011 25.9505 26.679 22.918 29.8429 20.0804 21.6856 42.7902 24.038 19.9445 19.67 19.5868 19.3075 18.9894 18.01 27.2747 25.0482 30.4156 36.7132 23.8465 117.405 20.2802 18.9795
threshold=1.0000000180025095e-35 18.500000000000004 16.500000000000004 2.5000000000000004 3.5000000000000004 11.500000000000002 7.5000000000000009 2.5000000000000004 19.500000000000004 8.5000000000000018 -0.37940952255126015 -0.70710678118654757 2.2708333333333335 -0.98296291314453399 6.6875000000000009 12.500000000000002 4.0208333333333348 6.9375000000000009 4.8958333333333348 -0.98296291314453399 9.2708333333333339 16.500000000000004 22.500000000000004 4.5000000000000009 11.500000000000002 8.7291666666666696 17.500000000000004 7.7708333333333348 8.5625000000000018 10.47916666666667
decision_type=2 10 10 2 10 2 10 2 2 10 2 2 10 2 10 10 10 10 10 2 10 10 10 10 2 10 10 10 10 10
left_child=1 2 12 4 5 10 8 16 20 -10 11 -2 -1 14 -14 -15 -8 -12 -7 -9 -6 22 26 -23 25 -25 29 -28 -26 -5
right_child=3 -3 -4 21 6 18 7 19 9 -11 17 -13 13 15 -16 -17 -18 -19 -20 -21 -22 23 -24 24 28 -27 27 -29 -30 -31
leaf_value=-0.0055954574549035479 -8.3890203116431211e-05 0.057045399453490978 -0.053575152531266212 0.00037959252005550885 -0.0061983711750805519 0.066192928357332037 0.059008013478347235 -0.015645816562522046 -4.6118650134742807e-06 0.032147042358807033 -0.0020265988944773239 0.013671979273166449 0.009258082942687906 0.0024808527283251398 0.070781455237057908 -0.01342585770166194 0.013199677589236181 0.010047741086316944 0.0034856316447257995 0.0011310275090471941 -0.041210762105691134 0.033973818691447381 -0.053944406690804858 -0.022277638086442106 -0.021556143788620832 0.046267383539428317 0.0012228601770551846 0.12437845658834862 -0.067669245953622614 0.021567550931292815
leaf_weight=837 1071 20 20 36474 5522 33 35 187 994 69 7150 624 320 7767 31 245 74 354 20 2068 39 24 23 56 64 30 122 23 38 106
leaf_count=837 1071 20 20 36474 5522 33 35 187 994 69 7150 624 320 7767 31 245 74 354 20 2068 39 24 23 56 64 30 122 23 38 106
internal_value=3.74519e-07 0.00178812 0.00166826 -0.000298879 -0.00172169 -2.56954e-05 -0.00346749 0.0010386 -0.00507564 0.00208237 -0.000270879 0.00498022 0.00178835 0.00252735 0.0146918 0.00199444 0.0279088 -0.00145699 0.0425298 -0.000260223 -0.00644392 0.000403285 0.000487117 -0.0141282 -0.0202689 0.00163342 0.000521207 0.0207579 -0.0387355 0.00044099
internal_weight=64440 9240 9220 55200 18240 9252 8988 2364 6624 1063 9199 1695 9200 8363 351 8012 109 7504 53 2255 5561 36960 36748 212 188 86 36725 145 102 36580
internal_count=64440 9240 9220 55200 18240 9252 8988 2364 6624 1063 9199 1695 9200 8363 351 8012 109 7504 53 2255 5561 36960 36748 212 188 86 36725 145 102 36580
is_linear=0
shrinkage=0.05


Tree=127
num_leaves=31
num_cat=2
split_feature=0 1 5 7 9 0 2 8 2 6 5 10 9 2 8 7 9 6 0 8 6 2 6 10 8 1 1 9 7 5
split_gain=13.2824 14.7802 24.601 19.5021 49.8947 64.7259 34.4682 63.6201 49.6957 24.4537 13.6469 15.2861 27.4166 20.0741 19.9942 14.7627 13.328 12.838 11.1379 18.7058 11.341 10.9728 12.7397 10.3631 19.507 9.90114 9.10746 14.2385 8.79242 8.46079
threshold=1.0000000180025095e-35 1.0000000180025095e-35 0.78656609248549303 5.5000000000000009 6.0208333333333348 12.500000000000002 5.5000000000000009 28.000000000000004 3.5000000000000004 15.500000000000002 0.25881904510252057 0 4.7708333333333348 4.5000000000000009 6.5000000000000009 1.5000000000000002 5.604166666666667 5.5000000000000009 5.5000000000000009 1.5000000000000002 7.5000000000000009 2.5000000000000004 3.5000000000000004 1 7.5000000000000009 22.500000000000004 19.500000000000004 3.1875000000000004 1.5000000000000002 -0.12940952255126037
decision_type=2 2 2 8 10 2 2 8 2 10 2 1 8 2 10 10 8 8 2 10 10 2 10 1 10 2 2 8 8 2
left_child=10 17 3 4 9 -6 8 -8 -5 -3 11 12 14 21 15 -1 -14 -2 23 -20 -21 22 -13 25 -25 -4 -12 -28 -19 -15
right_child=1 2 18 6 5 -7 7 -9 -10 -11 26 13 16 29 -16 -17 -18 28 19 20 -22 -23 -24 24 -26 -27 27 -29 -30 -31
leaf_value=-0.013561089553530454 0.0053568228988031576 0.0007312416790831159 -0.00076848501089455377 -0.0017606769019425242 0.0067081526330498341 0.044450647189197223 -0.0066718839922908354 0.057630775953666905 0.0043410546675258042 0.04255209648183414 -0.0018561180922906089 -0.010817728883322828 -0.069131383001804353 -0.049829875645512833 0.038131357136775151 0.0034932057816987067 -0.017964950289045063 0.014701930819838137 -0.02747131677723564 0.00017809229001166329 -0.018864710638836886 0.0033043477533234132 -0.049233203037427023 -0.003136781478774229 0.028538361431232524 0.0080196383468993642 -0.00099752415979161252 0.013153713705319474 -0.01728957585103455 -0.020594416083768011
leaf_weight=185 1987 26659 1173 10389 1856 121 2809 39 4916 35 5427 127 20 49 33 404 35 27 113 315 104 111 26 6050 49 441 513 272 105 50
leaf_count=185 1987 26659 1173 10389 1856 121 2809 39 4916 35 5427 127 20 49 33 404 35 27 113 315 104 111 26 6050 49 441 513 272 105 50
internal_value=3.55784e-07 0.000255983 9.83053e-05 0.000541765 0.00135371 0.00901814 -0.000740636 -0.00579133 0.000199213 0.000786075 -0.00201547 -0.00731647 -0.00269376 -0.0154384 0.000258502 -0.00186341 -0.0365709 0.00435373 -0.00242013 -0.00941746 -0.00454852 -0.00866338 -0.0173458 -0.0019375 -0.00287758 0.00162268 -0.00112799 0.00390583 -0.0107459 -0.0350645
internal_weight=64440 57188 55069 46824 28671 1977 18153 2848 15305 26694 7252 1040 677 363 622 589 55 2119 8245 532 419 264 153 7713 6099 1614 6212 785 132 99
internal_count=64440 57188 55069 46824 28671 1977 18153 2848 15305 26694 7252 1040 677 363 622 589 55 2119 8245 532 419 264 153 7713 6099 1614 6212 785 132 99
cat_boundaries=0 1 2
cat_threshold=22 4
is_linear=0
shrinkage=0.05


Tree=128
num_leaves=24
num_cat=0
split_feature=0 0 6 4 7 1 9 9 4 5 0 9 6 9 7 1 9 6 2 9 4 5 0
split_gain=13.3712 20.6085 30.9993 24.353 20.0182 36.7121 35.1787 13.4784 36.6814 28.7804 56.1326 22.5539 22.4318 23.605 17.6671 41.838 45.6039 30.2264 16.2834 34.8552 18.3066 8.31252 2.52255
threshold=22.500000000000004 16.500000000000004 7.5000000000000009 -0.98296291314453399 7.5000000000000009 12.500000000000002 8.3541666666666696 7.604166666666667 -0.98296291314453399 -0.98296291314453399 9.5000000000000018 7.6875000000000009 11.500000000000002 8.2291666666666696 12.500000000000002 11.500000000000002 7.4375000000000009 4.5000000000000009 1.0000000180025095e-35 7.104166666666667 -0.70710678118654735 -0.70710678118654757 11.500000000000002
decision_type=2 2 10 2 8 2 10 10 2 2 2 10 10 10 10 2 10 10 2 10 2 2 2
left_child=1 7 21 -4 5 -5 -6 14 12 10 -10 -11 22 -14 18 16 -16 -17 19 -1 -20 -3 -9
right_child=-2 2 3 4 6 -7 -8 8 9 11 -12 -13 13 -15 15 17 -18 -19 20 -21 -22 -23 -24
leaf_value=0.0015143032720148046 -0.030048653694826205 0.027253545394965578 -0.045574217573517845 0.072846354392822832 -0.017054759193245974 0.00058655018846576028 0.024569855161795492 0.073788172042086014 0.030459928875467904 0.020774942105744931 -0.054985810391474189 0.001975316486166149 -0.028898200587857338 0.038155477217265539 0.010019984063100354 0.0080433119344698791 -0.060896575800143182 -0.018182726108772512 0.0012181699799920416 0.026072673316487452 -0.00096011938200748614 0.069924812674522399 0.048976413123309616
leaf_weight=8429 37 21 21 32 109 39 95 21 29 171 57 2380 21 35 409 134 24 610 12844 147 38730 25 20
leaf_count=8429 37 21 21 32 109 39 95 21 29 171 57 2380 21 35 409 134 24 610 12844 147 38730 25 20
internal_value=3.3799e-07 1.76014e-05 0.0122588 0.00632455 0.0102877 0.0331543 0.00232925 -4.77503e-05 0.00338719 0.00227642 -0.0261727 0.0032355 0.0335841 0.0130103 -0.000200882 -0.00626763 0.00608927 -0.0134592 -8.21696e-05 0.00193525 -0.000417638 0.0504445 0.0616849
internal_weight=64440 64403 342 296 275 71 204 64061 2734 2637 86 2551 97 56 61327 1177 433 744 60150 8576 51574 46 41
internal_count=64440 64403 342 296 275 71 204 64061 2734 2637 86 2551 97 56 61327 1177 433 744 60150 8576 51574 46 41
is_linear=0
shrinkage=0.05


Tree=129
num_leaves=31
num_cat=0
split_feature=9 0 5 7 9 0 4 2 8 2 9 6 8 0 6 4 9 9 6 7 9 7 8 2 8 4 7 4 1 9
split_gain=12.8868 16.7742 13.6051 25.6876 43.9446 82.8408 48.5289 27.6135 63.9449 51.1555 42.6991 38.0913 24.3617 23.2241 28.0285 24.4208 22.8884 23.9857 23.0062 22.1832 19.5412 17.104 62.4073 19.8472 16.3023 13.4735 11.4617 10.0854 10.4016 9.4584
threshold=1.6458333333333337 3.5000000000000004 0.60355339059327384 5.5000000000000009 6.354166666666667 4.5000000000000009 -0.98296291314453399 5.5000000000000009 28.000000000000004 3.5000000000000004 4.6875000000000009 8.5000000000000018 6.5000000000000009 5.5000000000000009 14.500000000000002 0.12940952255126045 7.3958333333333348 7.6875000000000009 3.5000000000000004 20.500000000000004 3.8125000000000004 2.5000000000000004 14.500000000000002 1.0000000180025095e-35 3.5000000000000004 -0.37940952255126059 3.5000000000000004 -0.37940952255126059 19.500000000000004 4.1875000000000009
decision_type=8 2 2 8 10 2 2 2 8 2 10 10 10 2 8 2 8 8 10 10 10 8 10 2 8 2 10 2 2 10
left_child=1 26 3 4 21 12 -7 9 11 19 -11 -9 -6 15 20 16 18 -18 -4 -5 -15 22 -2 -23 -17 -22 27 28 -1 -26
right_child=2 -3 13 7 5 6 -8 8 -10 10 -12 -13 -14 14 -16 24 17 -19 -20 -21 25 23 -24 -25 29 -27 -28 -29 -30 -31
leaf_value=-0.016304964407342162 0.0023710071810514096 -0.018956514555724207 0.0026716769550869895 -0.002222132006239256 0.0028570769553570843 0.087649487151253619 0.022938684690360017 -0.0028379946910199062 0.058919011220630063 -0.0010113436755084049 0.0084990609379064063 -0.01620450576521346 -0.036259878839233088 -0.021997934381130999 -0.053732453747943512 -0.0020688398815140036 0.03538858400461322 0.0061354713802713725 -0.0025834687252366019 0.035086969942785803 -0.0010559931920229079 0.0044046650534705677 0.079924209731129514 -0.00081262330892555273 -0.0019525105070226411 -0.014991917116765988 -0.019308042835557565 0.0019403716819108169 0.0012425671262037638 -0.017784556527104641
leaf_weight=187 11308 181 5465 10043 761 31 443 2005 38 2149 2618 726 42 172 32 7399 92 294 3365 40 864 2138 26 12366 145 217 95 774 154 270
leaf_count=187 11308 181 5465 10043 761 31 443 2005 38 2149 2618 726 42 172 32 7399 92 294 3365 40 864 2138 26 12366 145 217 95 774 154 270
internal_value=3.21102e-07 -0.00476004 0.000105345 0.000575312 0.00154114 0.0105954 0.0271708 -0.000911059 -0.00549503 -5.63117e-05 0.0042117 -0.0063913 0.000811109 -0.00104254 -0.00752429 -0.000553457 0.00118999 0.0131077 0.000669008 -0.00207412 -0.00634419 0.00109365 0.00254891 -4.35553e-05 -0.00260971 -0.00385349 -0.00263644 -0.00121599 -0.00838027 -0.0122529
internal_weight=64440 1391 63049 44734 27115 1277 474 17619 2769 14850 4767 2731 803 18315 1285 17030 9216 386 8830 10083 1253 25838 11334 14504 7814 1081 1210 1115 341 415
internal_count=64440 1391 63049 44734 27115 1277 474 17619 2769 14850 4767 2731 803 18315 1285 17030 9216 386 8830 10083 1253 25838 11334 14504 7814 1081 1210 1115 341 415
is_linear=0
shrinkage=0.05


Tree=130
num_leaves=31
num_cat=2
split_feature=5 1 8 9 0 7 9 9 2 7 9 1 7 9 2 6 9 9 0 10 9 6 0 8 7 0 9 8 10 9
split_gain=12.7327 43.6023 38.613 53.3961 59.3329 91.0861 46.6682 34.58 60.3317 36.7013 33.3071 29.9547 49.9767 42.7868 62.5079 37.8166 43.4034 34.2979 28.6252 27.1925 42.1196 27.8927 27.0532 31.2445 26.3699 26.2742 32.6054 22.5881 21.7968 30.0518
threshold=-0.12940952255126037 16.500000000000004 6.5000000000000009 6.604166666666667 11.500000000000002 6.5000000000000009 3.3541666666666674 7.2708333333333348 3.5000000000000004 8.5000000000000018 5.3125000000000009 11.500000000000002 12.500000000000002 8.8958333333333339 4.5000000000000009 8.5000000000000018 2.5208333333333335 2.5625000000000004 1.0000000180025095e-35 0 4.1875000000000009 12.500000000000002 4.5000000000000009 5.5000000000000009 8.5000000000000018 4.5000000000000009 2.6875000000000004 16.500000000000004 1 5.0625000000000009
decision_type=2 2 8 10 2 10 10 10 2 10 10 2 10 10 2 10 10 8 2 1 10 10 2 8 10 2 8 10 1 10
left_child=1 11 6 4 10 -6 24 8 -5 -9 -4 15 13 17 -15 16 -1 -13 -18 20 -8 -21 23 -17 -3 -2 -27 -24 29 -28
right_child=25 2 3 7 5 -7 19 9 -10 -11 -12 12 -14 14 -16 22 18 -19 -20 21 -22 -23 27 -25 -26 26 28 -29 -30 -31
leaf_value=0.0071976566674951947 5.5990887300137564e-05 0.0048515571040763407 -0.0074516543717042284 0.093957431261476723 0.0010148397449291113 -0.12412006935248009 0.062486305509376873 -0.043396972916249575 0.0083948491927650238 0.021282161412139733 0.017001465418409575 -0.0069181111131900773 -0.01567934672661251 0.00016318053007125855 0.094297546173991831 0.053093604204933281 -0.020503544457797899 7.4469150758759664e-05 -0.00031597783119545052 0.013101932882855645 0.011044338923892465 0.070380554233931678 0.0077039721596301016 0.011236951994665323 -0.04456393598978009 -0.016779800294321866 -0.0054577389675792122 -0.018899316342902327 -0.0013589251160866138 -0.028888330365214668
leaf_weight=2134 27658 754 653 38 33 26 94 29 45 90 177 2099 595 45 29 69 179 10657 9241 627 69 22 1592 126 28 424 758 84 5898 167
leaf_count=2134 27658 754 653 38 33 26 94 29 45 90 177 2099 595 45 29 69 179 10657 9241 627 69 22 1592 126 28 424 758 84 5898 167
internal_value=3.05033e-07 0.000764366 0.0068395 -0.00040813 -0.00568088 -0.0541294 0.0118001 0.0227972 0.0475681 0.00552002 -0.00223695 0.000156852 -0.0015132 -0.000856237 0.0370537 0.00182691 0.00075902 -0.00107616 -0.000699584 0.0201959 0.0383571 0.0148153 0.00842143 0.0260478 0.0030822 -0.000646208 -0.00332613 0.00637063 -0.00249008 -0.0095843
internal_weight=64440 29535 2685 1091 889 59 1594 202 83 119 830 26850 13425 12830 74 13425 11554 12756 9420 812 163 649 1871 195 782 34905 7247 1676 6823 925
internal_count=64440 29535 2685 1091 889 59 1594 202 83 119 830 26850 13425 12830 74 13425 11554 12756 9420 812 163 649 1871 195 782 34905 7247 1676 6823 925
cat_boundaries=0 1 2
cat_threshold=1 1
is_linear=0
shrinkage=0.05


Tree=131
num_leaves=31
num_cat=1
split_feature=6 4 0 8 10 9 0 9 1 7 2 2 4 0 6 0 0 6 4 7 8 4 1 1 5 0 5 9 5 5
split_gain=12.4826 15.2721 22.7598 25.4077 19.4935 15.0286 17.0339 13.732 13.6902 13.1246 13.5981 14.0686 12.9688 13.8378 16.8079 12.7605 16.4346 28.205 22.0528 12.9989 70.9232 26.9359 10.3798 12.7419 7.40098 6.44161 21.0563 6.17655 19.546 29.4791
threshold=1.0000000180025095e-35 1.0000000180025095e-35 3.5000000000000004 7.5000000000000009 0 1.6458333333333337 3.5000000000000004 5.2708333333333348 6.5000000000000009 4.5000000000000009 1.0000000180025095e-35 1.5000000000000002 0.25881904510252091 2.5000000000000004 1.5000000000000002 22.500000000000004 16.500000000000004 7.5000000000000009 -0.98296291314453399 2.5000000000000004 14.500000000000002 0.25881904510252091 8.5000000000000018 6.5000000000000009 -0.70710678118654757 2.5000000000000004 -0.60355339059327384 2.7708333333333335 -0.60355339059327384 -0.12940952255126037
decision_type=10 2 2 10 1 8 2 10 2 10 2 2 2 2 10 2 2 10 2 8 10 2 2 2 2 2 2 8 2 2
left_child=1 27 9 4 8 6 12 -6 -4 22 -11 -12 25 -14 -15 16 19 24 -19 20 -7 -21 23 -3 -18 -2 -27 -1 -29 -30
right_child=5 2 3 -5 7 15 -8 -9 -10 10 11 -13 13 14 -16 -17 17 18 -20 21 -22 -23 -24 -25 -26 26 -28 28 29 -31
leaf_value=0.0062660378130725133 -0.0053622668860868004 -0.0021460341645381277 -0.0093691988081178249 -0.068976758918724956 -0.014984294209912744 0.0012566729628947452 -0.021318077857875706 -0.047070381436974576 0.021248201683920345 0.04714443625315376 -0.02685330403899705 0.012863545030995738 -0.00064870041491128664 -0.003912667853051219 0.046350509694849072 -0.028999659716076143 0.025841968754927322 -0.043746988972028097 0.0094113545173101811 -0.0011777921856538026 0.082351381621427022 0.0017033694960754764 0.021389268454578187 -0.012830023528492301 0.066105687320232392 -0.052738829446025197 -0.0023678304572289782 -0.038934696163050835 0.060841752961277966 -0.0014426502418497917
leaf_weight=703 406 5167 85 20 230 18882 152 39 64 23 27 128 239 29 39 37 21 21 275 24909 27 12030 45 295 25 32 59 32 20 379
leaf_count=703 406 5167 85 20 230 18882 152 39 64 23 27 128 239 29 39 37 21 21 275 24909 27 12030 45 295 25 32 59 32 20 379
internal_value=2.79272e-07 -0.00195316 -0.00294027 -0.0139228 -0.0112886 0.000248187 -0.00596821 -0.0189324 0.00354404 -0.00209412 0.0112686 0.00594513 -0.00306625 0.00501356 0.0249147 0.000353881 0.00037321 0.0113005 0.00563999 0.000306294 0.00137247 -0.000239478 -0.00252604 -0.00272307 0.0477244 -0.00805719 -0.0200807 0.00337671 -0.00133605 0.00167937
internal_weight=64440 7257 6123 438 418 57183 956 269 149 5685 178 155 804 307 68 56227 56190 342 296 55848 18909 36939 5507 5462 46 497 91 1134 431 399
internal_count=64440 7257 6123 438 418 57183 956 269 149 5685 178 155 804 307 68 56227 56190 342 296 55848 18909 36939 5507 5462 46 497 91 1134 431 399
cat_boundaries=0 1
cat_threshold=5
is_linear=0
shrinkage=0.05


Tree=132
num_leaves=31
num_cat=1
split_feature=0 2 2 5 9 8 8 0 8 5 7 8 0 7 0 10 7 0 6 8 9 6 4 9 0 9 9 9 0 7
split_gain=11.4023 13.7479 45.3446 52.2911 65.7175 68.9369 62.044 38.867 42.8686 50.5377 38.6562 36.6371 28.2929 27.6642 26.8954 25.5054 48.7739 48.6089 47.5516 42.5997 42.3209 33.7478 21.4005 30.6967 126.374 40.6023 23.7328 47.0852 28.8263 19.3288
threshold=1.0000000180025095e-35 4.5000000000000009 5.5000000000000009 -0.12940952255126037 7.979166666666667 18.500000000000004 10.500000000000002 4.5000000000000009 28.000000000000004 -0.60355339059327384 19.500000000000004 24.500000000000004 13.500000000000002 14.500000000000002 3.5000000000000004 0 8.5000000000000018 12.500000000000002 18.500000000000004 5.5000000000000009 7.0208333333333348 16.500000000000004 0.78656609248549325 6.8125000000000009 4.5000000000000009 5.854166666666667 7.979166666666667 6.8958333333333348 5.5000000000000009 11.500000000000002
decision_type=2 2 2 2 10 10 8 2 8 2 10 8 2 10 2 1 10 2 10 8 10 8 2 10 2 8 8 10 2 10
left_child=-1 15 3 4 5 -3 -6 13 10 -10 -9 12 -5 29 -13 16 19 20 -19 -2 -18 -21 26 25 -25 -24 27 -17 -28 -4
right_child=1 2 7 11 6 -7 -8 8 9 -11 -12 14 -14 -15 -16 22 17 18 -20 21 -22 -23 23 24 -26 -27 28 -29 -30 -31
leaf_value=-0.0018674593195987816 0.0004662542418015189 0.0073221804126838682 0.0019812351185118401 0.001090197968333232 0.0068492987767270171 -0.074359040592725453 0.070596209020586692 -0.0054065419933304291 0.078657694477023504 -0.0070055006175405443 -0.070439603981440488 -0.013507462173907293 -0.037135381226865008 0.059110266183103832 -0.084708424803933924 -0.00077366527383237137 -0.0051861010222644319 -0.02246462279831634 0.041470811876558489 0.0067581272730195298 0.0086667622049312731 -0.032631052502176981 -0.0047521790652728432 0.0061510497084169028 -0.099659719247193579 0.019066396103624039 -0.0021738645362642571 0.018538220766699667 -0.050751035825277749 -0.025272201948488754
leaf_weight=7252 8641 3983 4560 4001 73 26 80 3510 33 36 23 36 49 21 21 18859 2154 470 31 4816 741 55 4141 86 42 187 74 321 52 66
leaf_count=7252 8641 3983 4560 4001 73 26 80 3510 33 36 23 36 49 21 21 18859 2154 470 31 4816 741 55 4141 86 42 187 74 321 52 66
internal_value=2.65298e-07 0.000237111 0.00145356 0.00407011 0.00801985 0.00679244 0.040181 -0.00116933 -0.00506762 0.0339639 -0.00582991 6.74709e-05 0.000627716 0.00185233 -0.0397394 -0.000256946 0.00122708 -0.00412885 -0.0185085 0.00257411 -0.00164034 0.00631337 -0.00131288 -0.00443673 -0.0285681 -0.00372305 -0.000592547 -0.000450458 -0.0222216 0.00159241
internal_weight=64440 57188 16518 8269 4162 4009 153 8249 3602 69 3533 4107 4050 4647 57 40670 16908 3396 501 13512 2895 4871 23762 4456 128 4328 19306 19180 126 4626
internal_count=64440 57188 16518 8269 4162 4009 153 8249 3602 69 3533 4107 4050 4647 57 40670 16908 3396 501 13512 2895 4871 23762 4456 128 4328 19306 19180 126 4626
cat_boundaries=0 1
cat_threshold=12
is_linear=0
shrinkage=0.05


Tree=133
num_leaves=27
num_cat=0
split_feature=0 0 6 9 9 9 9 0 1 6 9 9 4 5 0 6 6 6 7 1 0 6 2 9 4 0
split_gain=11.7092 16.2916 26.6361 47.2517 74.262 44.995 66.7949 58.8504 63.3993 31.3833 17.5492 11.447 33.5154 25.2699 51.1311 20.629 20.2426 22.2815 14.547 36.5257 32.5896 21.0157 14.1785 31.2256 17.7037 2.09753
threshold=22.500000000000004 16.500000000000004 13.500000000000002 7.6458333333333348 10.270833333333334 7.979166666666667 7.479166666666667 17.500000000000004 15.500000000000002 7.5000000000000009 8.5625000000000018 7.604166666666667 -0.98296291314453399 -0.98296291314453399 9.5000000000000018 21.500000000000004 11.500000000000002 13.500000000000002 12.500000000000002 10.500000000000002 12.500000000000002 5.5000000000000009 1.0000000180025095e-35 7.104166666666667 -0.70710678118654735 11.500000000000002
decision_type=2 2 10 10 10 10 8 2 2 10 10 10 2 2 2 10 10 10 10 2 2 10 2 10 2 2
left_child=1 11 5 -4 10 6 9 -7 -9 -3 -5 18 16 14 -14 -15 25 -18 22 20 -20 -21 23 -1 -24 -13
right_child=-2 2 3 4 -6 7 -8 8 -10 -11 -12 12 13 15 -16 -17 17 -19 19 21 -22 -23 24 -25 -26 -27
leaf_value=0.0014089961611475992 -0.028119221561261128 0.058417250477784392 0.039676670293108778 -0.01459528465444843 0.057071112876846679 -0.0069185003560657309 -0.078600105196237571 0.15013133778490806 0.028673476583900903 0.0032490286910358598 -0.066781572746683143 0.069719247981196358 0.029455120193547221 0.0025511156276649275 -0.052095152280832592 0.052312732878185456 -0.026764050498604777 0.037814092767589236 0.016298498029986157 0.0020682335973927573 -0.04731856153071435 -0.014969056457456604 0.0012205097686049985 0.024653525908990781 -0.00092160792872043461 0.047094105817377573
leaf_weight=8429 37 37 39 24 21 24 20 22 21 85 49 21 29 2530 57 21 22 34 237 248 22 670 12844 147 38730 20
leaf_count=8429 37 37 39 24 21 24 20 22 21 85 49 21 29 2530 57 21 22 34 237 248 22 670 12844 147 38730 20
internal_value=2.52028e-07 1.64069e-05 0.0109003 -0.00659173 -0.0257882 0.0220315 0.0060958 0.0558058 0.0908147 0.0199804 -0.0496244 -4.16984e-05 0.00312382 0.00206206 -0.0245956 0.00296076 0.0319882 0.0124441 -0.000182819 -0.00568786 0.0108947 -0.0103664 -7.50981e-05 0.00180743 -0.000388134 0.0586826
internal_weight=64440 64403 342 133 94 209 142 67 43 122 73 64061 2734 2637 86 2551 97 56 61327 1177 259 918 60150 8576 51574 41
internal_count=64440 64403 342 133 94 209 142 67 43 122 73 64061 2734 2637 86 2551 97 56 61327 1177 259 918 60150 8576 51574 41
is_linear=0
shrinkage=0.05


Tree=134
num_leaves=31
num_cat=0
split_feature=5 1 8 9 0 7 9 9 2 7 9 1 8 8 1 6 8 9 9 0 7 0 7 6 2 2 7 7 9 2
split_gain=10.6691 38.8393 35.2055 48.0883 53.3667 81.6558 42.4171 31.3837 54.1391 33.2833 30.3518 26.6057 30.5996 82.8066 28.6088 56.0149 26.2425 25.7295 45.8416 24.193 23.7857 23.7821 40.2473 23.5795 23.3694 36.5546 30.8304 22.4445 51.9444 29.6718
threshold=-0.12940952255126037 16.500000000000004 6.5000000000000009 6.604166666666667 11.500000000000002 6.5000000000000009 3.3541666666666674 7.2708333333333348 3.5000000000000004 8.5000000000000018 5.3125000000000009 12.500000000000002 17.500000000000004 18.500000000000004 14.500000000000002 14.500000000000002 10.500000000000002 6.7708333333333348 5.9375000000000009 14.500000000000002 8.5000000000000018 15.500000000000002 9.5000000000000018 1.0000000180025095e-35 1.5000000000000002 5.5000000000000009 7.5000000000000009 4.5000000000000009 5.729166666666667 1.0000000180025095e-35
decision_type=2 2 8 10 2 10 10 10 2 10 10 2 10 10 2 10 10 10 10 2 10 2 10 10 2 2 10 10 10 2
left_child=1 11 6 4 10 -6 20 8 -5 -9 -4 23 14 -14 16 -16 -13 18 -8 -2 -3 22 -21 -1 -23 26 -26 28 -25 -29
right_child=19 2 3 7 5 -7 17 9 -10 -11 -12 12 13 -15 15 -17 -18 -19 -20 21 -22 24 -24 27 25 -27 -28 29 -30 -31
leaf_value=-0.0075906917136182601 -0.00049920737165817157 0.0045391131081752778 -0.0072027028766482107 0.089077172202891436 0.00077266512495098702 -0.11770758548608194 0.017957566709050521 -0.04150808633401476 0.0080246329473124614 0.020085601550009519 0.016140363969719091 -0.0034955334860727483 0.11588917257264258 -0.016358008545598594 -7.0671505532427922e-06 0.043509848120311896 -0.016000160342995444 -0.018464605107383673 0.066148839753674665 -0.012819162389819717 -0.042392612202093005 0.031827615027626356 -0.098659208332273096 0.00331467506529873 -0.092477902099490167 0.028123863896837943 -0.015051862416375015 0.0070982735913620396 0.029344345485753938 -0.00091966214174172731
leaf_weight=696 34734 754 653 38 33 26 716 29 45 90 177 4884 20 29 5273 75 459 43 53 36 28 30 22 5990 20 27 36 1352 198 7874
leaf_count=696 34734 754 653 38 33 26 716 29 45 90 177 4884 20 29 5273 75 459 43 53 36 28 30 22 5990 20 27 36 1352 198 7874
internal_value=2.39417e-07 0.000699649 0.00643338 -0.000487084 -0.00549091 -0.051439 0.01117 0.0215347 0.045133 0.00507538 -0.00222472 0.000126277 -0.00180139 0.0376204 -0.00198207 0.000603211 -0.00456977 0.0191743 0.0212789 -0.000591569 0.00285869 -0.0193523 -0.0453792 0.00141138 -0.00599338 -0.0196636 -0.042704 0.00181786 0.00414756 0.000255305
internal_weight=64440 29535 2685 1091 889 59 1594 202 83 119 830 26850 10740 49 10691 5348 5343 812 769 34905 782 171 58 16110 113 83 56 15414 6188 9226
internal_count=64440 29535 2685 1091 889 59 1594 202 83 119 830 26850 10740 49 10691 5348 5343 812 769 34905 782 171 58 16110 113 83 56 15414 6188 9226
is_linear=0
shrinkage=0.05


Tree=135
num_leaves=31
num_cat=5
split_feature=9 4 8 4 4 9 6 0 9 9 7 8 10 6 7 10 9 10 9 9 10 9 0 0 0 2 2 10 7 7
split_gain=10.6459 16.2159 22.7815 13.6978 49.4953 36.7075 44.1795 38.7865 42.8789 34.7995 38.7288 27.829 64.2916 33.4074 26.7976 53.744 56.5625 25.6354 25.6944 25.2127 23.6441 35.9099 64.2867 45.8411 29.9778 80.1073 26.8419 22.996 21.1517 20.8931
threshold=1.8541666666666667 -0.5 6.5000000000000009 -0.5 -0.37940952255126059 4.3958333333333348 3.5000000000000004 5.5000000000000009 8.9375000000000018 10.85416666666667 12.500000000000002 6.5000000000000009 0 11.500000000000002 2.5000000000000004 1 3.5208333333333335 2 3.1875000000000004 3.8125000000000004 3 6.3125000000000009 15.500000000000002 15.500000000000002 19.500000000000004 4.5000000000000009 5.5000000000000009 4 10.500000000000002 16.500000000000004
decision_type=10 2 10 2 2 8 10 2 10 10 10 8 1 10 10 1 10 1 10 10 1 10 2 2 2 2 2 1 10 10
left_child=1 -1 -3 5 14 6 17 8 27 10 -9 13 -13 -8 15 -5 -17 18 -2 -19 24 23 -23 -22 26 -26 -6 -7 -11 -16
right_child=3 2 -4 4 20 7 11 9 -10 28 -12 12 -14 -15 29 16 -18 19 -20 -21 21 22 -24 -25 25 -27 -28 -29 -30 -31
leaf_value=-0.0085908892705902472 0.016779159435856283 -0.0013177281415687372 0.032875756004825236 -0.012462322536184024 0.0034059409030960568 0.0017139850382877485 -0.0010990090198789485 0.0023048516088754922 0.079713832861965608 0.0097184233367443099 -0.01209098442029897 -0.0013531333541741124 -0.022205135981246137 -0.0487723647339924 -0.0097544036359093443 0.0053258959591388705 0.063427485073251397 0.0023891891743600732 -0.023826695624174495 0.013588969989523159 -0.00028021742904452878 -0.0068505285663765444 -0.09109651467398458 0.042759345407267252 -0.014868019397060075 0.10768855940550566 -0.0048744940964730163 0.01129156401127096 0.075433464679867029 0.038152707594892254
leaf_weight=889 51 1891 50 209 6844 975 5391 4850 21 24 517 1034 571 37 2167 125 63 4543 165 565 28842 1465 23 62 30 24 1142 1822 25 23
leaf_count=889 51 1891 50 209 6844 975 5391 4850 21 24 517 1034 571 37 2167 125 63 4543 165 565 28842 1465 23 62 30 24 1142 1822 25 23
internal_value=2.27448e-07 -0.00299835 -0.000436907 0.000137965 -0.000390258 0.00119023 -0.000533058 0.00377641 0.00853386 0.00130107 0.000918109 -0.00313425 -0.00891829 -0.00142397 -0.0070846 0.00486756 0.0235438 0.00290312 -0.0136091 0.00362092 6.03631e-05 -0.000577666 -0.00815272 -0.000187896 0.00246982 0.0396016 0.00222184 0.00799944 0.0432465 -0.00925127
internal_weight=64440 2830 1941 61610 41019 20591 12357 8234 2818 5416 5367 7033 1605 5428 2587 397 188 5324 216 5108 38432 30392 1488 28904 8040 54 7986 2797 49 2190
internal_count=64440 2830 1941 61610 41019 20591 12357 8234 2818 5416 5367 7033 1605 5428 2587 397 188 5324 216 5108 38432 30392 1488 28904 8040 54 7986 2797 49 2190
cat_boundaries=0 1 2 3 4 5
cat_threshold=11 10 4 4 4
is_linear=0
shrinkage=0.05


Tree=136
num_leaves=25
num_cat=0
split_feature=0 0 6 9 9 9 9 0 1 6 9 7 0 6 6 6 8 9 9 7 7 8 7 9
split_gain=12.1525 14.172 24.3266 42.8303 66.0058 40.8314 60.009 52.5382 56.4003 28.3494 16.0685 10.1993 31.3279 69.0326 50.4283 46.7053 40.7219 21.7929 20.6325 47.8511 16.4581 14.3899 35.8053 12.3881
threshold=22.500000000000004 16.500000000000004 13.500000000000002 7.6458333333333348 10.270833333333334 7.979166666666667 7.479166666666667 17.500000000000004 15.500000000000002 7.5000000000000009 8.5625000000000018 14.500000000000002 12.500000000000002 11.500000000000002 14.500000000000002 15.500000000000002 17.500000000000004 7.5208333333333348 10.562500000000002 10.500000000000002 4.5000000000000009 12.500000000000002 1.5000000000000002 9.7291666666666696
decision_type=2 2 10 10 10 10 8 2 2 10 10 10 2 10 10 10 8 10 10 10 10 10 10 10
left_child=1 11 5 -4 10 6 9 -7 -9 -3 -5 18 14 17 16 -15 -13 -14 21 20 -20 23 -23 -1
right_child=-2 2 3 4 -6 7 -8 8 -10 -11 -12 12 13 15 -16 -17 -18 -19 19 -21 -22 22 -24 -25
leaf_value=-9.5425140570850887e-05 -0.028646869675533194 0.055317055816585962 0.037501713277724308 -0.013778474275022747 0.053292459391412285 -0.0062859409255906946 -0.074653515433892606 0.14200399358841506 0.027446421289018225 0.0028832537832889048 -0.063714672298151628 -0.0075629707380191515 -0.029191154309294445 -0.085986102150323304 0.060139728861395271 -0.0016618548581997556 0.04522154184106069 0.032238941080868243 0.022377578697085163 0.08019009506544815 -0.013878170413703756 0.060793453913980305 0.0037294621926760329 -0.0143872144614426
leaf_weight=61432 37 37 39 24 21 24 20 22 21 85 49 579 22 52 32 24 39 42 68 26 58 28 1507 152
leaf_count=61432 37 37 39 24 21 24 20 22 21 85 49 579 22 52 32 24 39 42 68 26 58 28 1507 152
internal_value=3.74838e-08 1.64953e-05 0.0101677 -0.00654883 -0.0248251 0.0208054 0.00562491 0.0529791 0.0860573 0.0187853 -0.0472973 -3.76983e-05 -0.00568377 -0.0271381 -0.00106284 -0.0593574 -0.00423191 0.0111223 3.27984e-05 0.0184321 0.00568842 -1.151e-05 0.00477037 -0.0001307
internal_weight=64440 64403 342 133 94 209 142 67 43 122 73 64061 790 140 650 76 618 64 63271 152 126 63119 1535 61584
internal_count=64440 64403 342 133 94 209 142 67 43 122 73 64061 790 140 650 76 618 64 63271 152 126 63119 1535 61584
is_linear=0
shrinkage=0.05


Tree=137
num_leaves=23
num_cat=0
split_feature=0 0 9 6 7 4 8 9 4 9 8 5 6 9 7 1 2 6 8 9 0 0
split_gain=10.9677 12.7902 23.1669 39.0431 21.394 92.6741 34.4981 10.0085 31.0347 23.1622 34.4455 25.6221 18.2202 21.1178 11.9526 32.6778 31.7555 18.5921 12.2673 35.0777 13.2775 1.8541
threshold=22.500000000000004 16.500000000000004 5.104166666666667 7.5000000000000009 7.5000000000000009 -0.91597561503675329 5.5000000000000009 7.604166666666667 -0.98296291314453399 7.6875000000000009 11.500000000000002 -0.98296291314453399 11.500000000000002 8.2291666666666696 12.500000000000002 10.500000000000002 3.5000000000000004 5.5000000000000009 16.500000000000004 4.979166666666667 14.500000000000002 11.500000000000002
decision_type=2 2 10 10 10 2 10 10 2 10 10 2 10 10 10 2 2 10 10 10 2 2
left_child=1 7 -3 -4 5 -5 -6 14 12 10 -10 -11 21 -14 18 16 -16 -17 20 -20 -1 -9
right_child=-2 2 3 4 6 -7 -8 8 9 11 -12 -13 13 -15 15 17 -18 -19 19 -21 -22 -23
leaf_value=-6.2680279690082783e-05 -0.027214525398370382 -0.038805073256725858 0.061445083600041028 -0.052460140775403258 -0.052913621613489725 0.069201444794200553 0.006702302645503002 0.066401988729124978 0.027263535552104062 -0.027560733000819501 -0.040895656341065963 0.0015620221928282479 -0.027481516725605445 0.035941157639026645 -0.0066459481279845497 0.0021126072859436636 0.028376038093119862 -0.01391219567846326 0.046295143579217518 0.00022214873096378275 -0.011015245897306812 0.045130194947123531
leaf_weight=59651 37 23 37 23 28 49 182 21 158 78 21 2380 21 35 132 248 127 670 55 166 278 20
leaf_count=59651 37 23 37 23 28 49 182 21 158 78 21 2380 21 35 132 248 127 670 55 166 278 20
internal_value=3.5631e-08 1.56706e-05 0.00965929 0.0131536 0.00681747 0.0303373 -0.00124649 -3.58134e-05 0.00292413 0.00190243 0.0192672 0.000637866 0.0306997 0.0121577 -0.00016777 -0.00515782 0.010527 -0.00958306 -7.01259e-05 0.0116883 -0.000113487 0.0560255
internal_weight=64440 64403 342 319 282 72 210 64061 2734 2637 179 2458 97 56 61327 1177 259 918 60150 221 59929 41
internal_count=64440 64403 342 319 282 72 210 64061 2734 2637 179 2458 97 56 61327 1177 259 918 60150 221 59929 41
is_linear=0
shrinkage=0.05


Tree=138
num_leaves=31
num_cat=1
split_feature=5 0 6 4 7 9 0 4 8 10 9 1 9 2 2 0 1 0 9 8 8 9 9 6 4 8 2 8 0 1
split_gain=10.4089 20.6218 25.3301 22.2007 19.2448 39.3416 73.8701 44.9372 37.8447 25.6806 34.512 30.4638 75.1491 64.1005 53.1683 26.7744 37.2766 24.1859 41.5221 34.3046 22.4099 18.9425 21.4412 21.3233 19.0523 18.6717 17.5739 27.3473 29.2149 27.8984
threshold=0.60355339059327384 5.5000000000000009 14.500000000000002 0.12940952255126045 5.5000000000000009 6.354166666666667 4.5000000000000009 -0.98296291314453399 12.500000000000002 0 6.6875000000000009 10.500000000000002 5.1458333333333348 3.5000000000000004 5.5000000000000009 4.5000000000000009 8.5000000000000018 12.500000000000002 8.9375000000000018 12.500000000000002 6.5000000000000009 7.3958333333333348 7.6875000000000009 3.5000000000000004 -0.37940952255126059 10.500000000000002 4.5000000000000009 5.5000000000000009 4.5000000000000009 8.5000000000000018
decision_type=2 2 8 2 8 10 2 2 10 1 10 2 10 2 2 2 2 2 10 10 10 8 8 10 2 8 2 8 2 2
left_child=4 3 -3 21 5 26 20 -8 -9 11 15 12 14 -14 -6 -11 -17 18 -13 -19 -7 23 -23 25 -24 -2 27 28 -1 -29
right_child=1 2 -4 -5 9 6 7 8 -10 10 -12 17 13 -15 -16 16 -18 19 -20 -21 -22 22 24 -25 -26 -27 -28 29 -30 -31
leaf_value=0.000281786531495662 0.0022280087308015782 -0.0059821217441920222 -0.051031544577563183 -0.0024780613006994291 0.016016967510222458 0.0025191677264311159 0.083646046238080154 0.016281557621793893 0.063298581915053859 -0.00080170377965452623 0.052998250386176206 -0.00088377282681528909 -0.0096146678403984734 0.0079263281603671396 -0.011614600672561211 -0.035771920647258398 -0.0072145626649979151 -0.0037927630846184149 0.026658250175738082 -0.026175933501281598 -0.034998081176586093 0.033009880598958423 0.026169527135789395 -0.0025166312477306434 -0.0024304304896444781 0.033225702460171008 0.0028705949575588089 0.012748210765561438 -0.0048044805447441004 0.001739653154844071
leaf_weight=10445 5678 1253 32 8021 1344 761 31 395 48 2038 26 8825 1209 915 200 122 1804 797 139 218 42 92 80 3376 214 49 7475 665 3869 4277
leaf_count=10445 5678 1253 32 8021 1344 761 31 395 48 2038 26 8825 1209 915 200 122 1804 797 139 218 42 92 80 3376 214 49 7475 665 3869 4277
internal_value=3.38616e-08 -0.000990276 -0.00710398 -0.000541612 0.000407808 0.00122252 0.0097962 0.0254485 0.021376 -0.000885967 -0.00440879 0.00014713 0.00404371 -0.00205817 0.0124377 -0.00479645 -0.00902349 -0.001285 -0.000456693 -0.00860018 0.000556871 0.00109526 0.0119439 0.000635235 0.00535187 0.00249322 0.000812932 1.41661e-05 -0.00109301 0.00322097
internal_weight=64440 18795 1285 17510 45645 28008 1277 474 443 17637 3990 13647 3668 2124 1544 3964 1926 9979 8964 1015 803 9489 386 9103 294 5727 26731 19256 14314 4942
internal_count=64440 18795 1285 17510 45645 28008 1277 474 443 17637 3990 13647 3668 2124 1544 3964 1926 9979 8964 1015 803 9489 386 9103 294 5727 26731 19256 14314 4942
cat_boundaries=0 1
cat_threshold=28
is_linear=0
shrinkage=0.05


Tree=139
num_leaves=24
num_cat=0
split_feature=0 0 8 2 9 8 9 9 9 2 2 0 5 1 8 2 7 8 7 0 6 6 7
split_gain=9.80787 11.9802 22.0161 43.8652 53.7484 38.4149 54.7541 62.3219 21.6399 19.5395 9.6228 27.1293 32.2082 20.5395 24.7673 16.8645 23.8253 24.8981 18.8777 29.8838 24.9186 15.8077 10.3045
threshold=22.500000000000004 16.500000000000004 10.500000000000002 5.5000000000000009 9.5625000000000018 11.500000000000002 7.0208333333333348 6.3958333333333348 7.9375000000000009 1.5000000000000002 1.0000000180025095e-35 14.500000000000002 -0.78656609248549325 22.500000000000004 21.500000000000004 2.5000000000000004 16.500000000000004 4.5000000000000009 3.5000000000000004 11.500000000000002 8.5000000000000018 20.500000000000004 5.5000000000000009
decision_type=2 2 10 2 8 10 10 10 10 2 2 2 2 2 8 2 10 10 10 2 10 10 10
left_child=1 10 3 4 9 -4 7 -7 -8 -3 11 13 -13 14 -1 18 21 -18 19 -12 -20 -17 -15
right_child=-2 2 5 -5 -6 6 8 -9 -10 -11 15 12 -14 22 -16 16 17 -19 20 -21 -22 -23 -24
leaf_value=0.0025164350424519868 -0.025735419354326019 0.022869770039211621 0.082316731087242578 0.050846748884000328 -0.086254720035053439 -0.0017387078736316075 -0.057079794080484483 0.11868266689458065 0.0035852864156572187 -0.01457825291607725 -0.00016241823183990193 0.0034159901306817404 -0.062581308020485768 -0.011511362767156393 -0.020450976586454558 0.00045111262486293108 0.031695836134578874 -0.023714613419145956 -0.004451694007806266 0.038217461352492231 0.0023105579279094133 -0.038549578189849859 0.025348430620506408
leaf_weight=8622 37 55 24 34 21 22 21 21 49 95 9199 38 36 365 119 36489 23 171 7223 51 1679 26 20
leaf_count=8622 37 55 24 34 21 22 21 21 49 95 9199 38 36 365 119 36489 23 171 7223 51 1679 26 20
internal_value=3.21536e-08 1.48174e-05 0.00934805 -0.00102271 -0.0113359 0.0248663 0.0126645 0.0570717 -0.0146142 -0.000847311 -3.50096e-05 0.00146144 -0.0286908 0.00170593 0.00220376 -0.000285959 0.000330496 -0.0171453 -0.00153262 4.91898e-05 -0.00317627 0.000423343 -0.00959657
internal_weight=64440 64403 342 205 171 137 113 43 70 150 64061 9200 74 9126 8741 54861 36709 194 18152 9250 8902 36515 385
internal_count=64440 64403 342 205 171 137 113 43 70 150 64061 9200 74 9126 8741 54861 36709 194 18152 9250 8902 36515 385
is_linear=0
shrinkage=0.05


Tree=140
num_leaves=31
num_cat=2
split_feature=5 1 8 9 9 9 0 6 9 6 0 7 4 9 10 9 4 2 8 10 6 2 9 8 0 0 6 9 5 9
split_gain=9.97546 35.5138 31.6505 54.1251 34.105 30.9161 32.5812 24.4351 31.2058 24.6107 23.9752 30.4482 51.0317 30.878 30.0206 40.9527 32.9367 23.89 51.7874 46.9491 54.9107 45.4946 58.0061 46.4538 37.8176 33.4331 38.522 33.0258 28.9704 21.28
threshold=-0.12940952255126037 16.500000000000004 7.5000000000000009 6.604166666666667 6.4375000000000009 3.3541666666666674 12.500000000000002 6.5000000000000009 3.2708333333333335 8.5000000000000018 8.5000000000000018 5.5000000000000009 -0.78656609248549303 7.7708333333333348 0 5.1458333333333348 -0.37940952255126059 5.5000000000000009 28.000000000000004 1 13.500000000000002 4.5000000000000009 7.8958333333333348 4.5000000000000009 1.0000000180025095e-35 19.500000000000004 8.5000000000000018 2.3958333333333335 -0.70710678118654757 6.104166666666667
decision_type=2 2 8 10 8 10 2 8 8 10 2 10 2 10 1 10 2 2 8 1 10 2 10 10 2 2 10 10 2 10
left_child=1 17 5 4 29 -3 -7 -2 9 -9 14 12 -12 -13 15 -10 -16 21 19 20 -19 25 24 -24 -23 26 -1 -21 -20 -4
right_child=7 2 3 -5 -6 6 -8 8 10 -11 11 13 -14 -15 16 -17 -18 18 28 27 -22 22 23 -25 -26 -27 -28 -29 -30 -31
leaf_value=-0.0011746509292539687 -5.3196367581139799e-05 0.0028258167764950879 -0.0087343790525483203 0.022711457312107088 -0.071195577794597273 0.01791379473347738 -0.022739449172065811 -0.012764358746026419 -0.012330196317896856 -0.04981719262559306 0.011867812668618102 -0.020200947504605486 -0.029791405311736626 0.00030326939824700471 -0.0023337262652486433 0.011328085266431514 -0.027083519194917433 0.0012545907639334121 0.078112455308437356 0.020948201409644554 0.067452445148956028 -0.031168974019995296 0.10711901098489762 0.025265093560223113 0.0051791833629885918 -0.043793252415277741 0.0048022680580472278 -0.0099562241805193213 0.00042393695563077934 0.029848904750849073
leaf_weight=15858 30249 854 600 176 21 944 52 242 233 55 325 603 95 264 1843 851 145 1488 30 90 32 73 20 130 3627 44 3248 2190 20 38
leaf_count=15858 30249 854 600 176 21 944 52 242 233 55 325 603 95 264 1843 851 145 1488 30 90 32 73 20 130 3627 44 3248 2190 20 38
internal_value=3.05572e-08 0.000676322 0.00615909 -0.00192127 -0.00849996 0.00980617 0.0157913 -0.000572216 -0.00394417 -0.019626 -0.0028757 -0.0086047 0.00244489 -0.0139574 -0.000475554 0.0061858 -0.0041182 0.000128046 -0.00351731 -0.0041825 0.00263092 0.000738246 0.00569777 0.0361789 0.00446204 -0.000258838 -0.000158581 -0.00869816 0.047037 -0.00643632
internal_weight=64440 29535 2685 835 659 1850 996 34905 4656 297 4359 1287 420 867 3072 1084 1988 26850 3850 3800 1520 23000 3850 150 3700 19150 19106 2280 50 638
internal_count=64440 29535 2685 835 659 1850 996 34905 4656 297 4359 1287 420 867 3072 1084 1988 26850 3850 3800 1520 23000 3850 150 3700 19150 19106 2280 50 638
cat_boundaries=0 1 2
cat_threshold=4 18
is_linear=0
shrinkage=0.05


Tree=141
num_leaves=31
num_cat=0
split_feature=9 7 4 7 8 9 6 0 9 6 7 0 1 8 6 0 0 8 6 1 0 4 1 6 2 6 8 2 5 9
split_gain=9.69217 13.8532 11.5012 35.9977 47.9301 30.986 41.6216 30.4483 23.9063 61.0889 37.7106 33.2482 52.0204 26.9064 21.4209 15.6997 22.2826 41.0011 14.0914 13.5324 10.4488 7.22864 6.99307 6.55142 8.13795 7.11296 5.53398 18.5831 14.8115 28.4408
threshold=1.6458333333333337 2.5000000000000004 -0.78656609248549303 2.5000000000000004 15.500000000000002 3.2291666666666674 2.5000000000000004 5.5000000000000009 6.0208333333333348 10.500000000000002 5.5000000000000009 13.500000000000002 17.500000000000004 1.5000000000000002 8.5000000000000018 22.500000000000004 19.500000000000004 10.500000000000002 21.500000000000004 12.500000000000002 4.5000000000000009 -0.37940952255126059 19.500000000000004 1.5000000000000002 3.5000000000000004 2.5000000000000004 3.5000000000000004 1.5000000000000002 -0.37940952255126015 1.5625000000000002
decision_type=8 10 2 8 8 10 10 2 10 10 10 2 2 10 10 2 2 8 10 2 2 2 2 10 2 10 10 2 2 10
left_child=1 21 3 4 5 7 -7 -2 11 10 -10 14 -13 -11 -5 16 18 -18 19 -4 -3 22 23 24 -1 -25 28 -28 29 -23
right_child=2 20 15 8 -6 6 -8 -9 9 13 -12 12 -14 -15 -16 -17 17 -19 -20 -21 -22 26 -24 25 -26 -27 27 -29 -30 -31
leaf_value=-0.014601375790381874 0.0058102022717144014 -0.010659664609454514 0.00031627362193455502 0.0005218870554768324 0.082809092672098253 0.063571079997789298 0.012213922278917521 -0.014564235212206509 0.039027499246386516 -0.046380615286115146 0.010310521023825292 0.015744993289311726 -0.070461080276540342 -0.0022191894737741079 -0.0064318162954629639 -0.037034091391953926 -0.0087291014691193904 0.088204338625073431 -0.033966004920582618 -0.0014560242486342547 -0.041442034712001204 0.0011916929617142068 0.00024837598124210781 -0.038346959536217834 0.020913649083155655 -0.010909404371883355 -0.049565483224780667 0.0026246820661154661 -0.00084024644737062915 0.053485986456657066
leaf_weight=54 1011 249 34017 8057 21 42 650 224 133 36 814 30 42 823 1284 29 24 20 31 15761 31 78 139 44 23 51 23 66 594 39
leaf_count=54 1011 249 34017 8057 21 42 650 224 133 36 814 30 42 823 1284 29 24 20 31 15761 31 78 139 44 23 51 23 66 594 39
internal_value=2.90194e-08 -0.00412834 9.11099e-05 0.00140552 0.00767954 0.0068608 0.015331 0.00211476 0.000316134 0.00558545 0.0143436 -0.00069485 -0.0345419 -0.00406996 -0.000433959 -0.000255845 -0.000234451 0.0353316 -0.000265869 -0.000244882 -0.0140677 -0.00162337 -0.0080919 -0.014832 -0.00399299 -0.0236173 0.000891278 -0.0108627 0.00236259 0.0186231
internal_weight=64440 1391 63049 13167 1948 1927 692 1235 11219 1806 947 9413 72 859 9341 49882 49853 44 49809 49778 280 1111 311 172 77 95 800 89 711 117
internal_count=64440 1391 63049 13167 1948 1927 692 1235 11219 1806 947 9413 72 859 9341 49882 49853 44 49809 49778 280 1111 311 172 77 95 800 89 711 117
is_linear=0
shrinkage=0.05


Tree=142
num_leaves=31
num_cat=0
split_feature=6 1 0 0 7 4 1 9 9 1 2 0 9 0 7 8 4 9 8 4 6 9 9 0 0 8 1 0 8 2
split_gain=9.64499 13.9512 22.6847 19.6414 35.7992 35.3212 50.7018 21.9188 13.6551 20.6536 30.926 18.0633 11.598 14.5042 10.7556 57.8414 40.4204 73.0923 35.4729 23.5552 32.8418 73.879 30.8703 49.4956 33.2148 29.6694 10.6981 16.735 23.1668 11.4035
threshold=1.0000000180025095e-35 8.5000000000000018 7.5000000000000009 4.5000000000000009 4.5000000000000009 0.91597561503675362 3.5000000000000004 4.0208333333333348 2.1458333333333335 17.500000000000004 4.5000000000000009 2.5000000000000004 1.6458333333333337 3.5000000000000004 2.5000000000000004 14.500000000000002 -0.91597561503675329 5.1875000000000009 10.500000000000002 0.37940952255126054 15.500000000000002 6.6875000000000009 5.2708333333333348 4.5000000000000009 13.500000000000002 13.500000000000002 7.5000000000000009 2.5000000000000004 4.5000000000000009 2.5000000000000004
decision_type=10 2 2 2 8 2 2 8 8 2 2 2 8 2 8 10 2 10 10 2 10 10 10 2 2 8 2 2 10 2
left_child=1 3 8 26 5 6 -5 -6 -3 10 -10 -11 13 -2 15 16 17 -14 -18 22 25 -22 24 -24 -16 -21 -1 28 -28 -29
right_child=12 2 -4 4 7 -7 -8 -9 9 11 -12 -13 14 -15 19 -17 18 -19 -20 20 21 -23 23 -25 -26 -27 27 29 -30 -31
leaf_value=-0.0017678767905906505 -0.002565231220391278 -0.0023558674560439207 -0.048452714700251823 -0.010963199293131339 -0.089165615693976491 -0.025757700133036424 0.089365242738276729 -0.022902571660681412 0.032717427835766096 0.011473689659645684 -0.012138457220047713 -0.013841778698510358 0.0082493739866257802 -0.019407350133023055 -0.0018328335215800106 0.074412276395769028 0.000813852346549367 0.078936712718323657 -0.026022186369124442 0.0010700388013324307 0.11727851759642363 0.00324253078017916 0.0095091823718280767 -0.00030085675165114601 -0.028219106295146047 0.014188421630342821 0.028649150314881945 -0.06405295938577342 -0.035913043457549067 -0.017586350352353147
leaf_weight=6080 804 341 20 34 24 83 20 26 166 190 50 112 972 152 19493 27 17756 38 124 9282 20 49 1617 6277 120 452 33 23 24 31
leaf_count=6080 804 341 20 34 24 83 20 26 166 190 50 112 972 152 19493 27 17756 38 124 9282 20 49 1617 6277 120 452 33 23 24 31
internal_value=2.75601e-08 -0.00171708 0.00418827 -0.00253094 -0.0184961 -0.0052798 0.0261955 -0.0547088 0.0054139 0.0105287 0.0223341 0.00208517 0.000217943 -0.00524306 0.000310794 0.00128198 0.00117745 0.0109089 0.000627741 -0.000181617 0.00192285 0.0362964 -0.000931612 0.00170862 -0.00199428 0.00167919 -0.00204871 -0.0174314 0.00146507 -0.0373777
internal_weight=64440 7257 879 6378 187 137 54 50 859 518 216 302 57183 956 56227 18917 18890 1010 17880 37310 9803 69 27507 7894 19613 9734 6191 111 57 54
internal_count=64440 7257 879 6378 187 137 54 50 859 518 216 302 57183 956 56227 18917 18890 1010 17880 37310 9803 69 27507 7894 19613 9734 6191 111 57 54
is_linear=0
shrinkage=0.05


Tree=143
num_leaves=31
num_cat=3
split_feature=0 8 4 1 5 2 2 9 0 10 7 4 1 10 1 2 7 9 9 6 7 0 8 7 10 8 1 8 9 0
split_gain=9.19838 12.7293 13.1222 12.0837 19.6474 15.0563 43.7155 49.4994 40.1204 18.6303 48.0194 21.9091 11.9959 26.3883 15.7439 14.7321 14.6847 13.8906 12.2371 11.2393 8.05395 7.91274 17.2073 21.7261 7.81273 17.1802 8.34354 7.44155 6.21971 9.90881
threshold=1.0000000180025095e-35 8.5000000000000018 -0.98296291314453399 1.0000000180025095e-35 0.78656609248549303 4.5000000000000009 5.5000000000000009 10.85416666666667 4.5000000000000009 0 8.5000000000000018 0.78656609248549325 7.5000000000000009 1 6.5000000000000009 1.0000000180025095e-35 4.5000000000000009 3.0208333333333335 9.6875000000000018 5.5000000000000009 1.5000000000000002 5.5000000000000009 10.500000000000002 6.5000000000000009 2 7.5000000000000009 22.500000000000004 6.5000000000000009 6.9375000000000009 1.5000000000000002
decision_type=2 10 2 2 2 2 2 10 2 1 10 2 2 1 2 2 10 10 10 8 8 2 8 10 1 10 2 8 10 2
left_child=1 2 -1 19 5 9 7 -7 -8 10 -5 -11 14 15 18 -14 -15 -16 -4 27 -21 24 23 -23 26 -26 -6 28 -2 -30
right_child=3 -3 12 4 21 6 8 -9 -10 11 -12 -13 13 16 17 -17 -18 -19 -20 20 -22 22 -24 -25 25 -27 -28 -29 29 -31
leaf_value=-0.037708868060261018 0.0035993241460533076 -0.035325047453599316 -0.0020772032909921237 0.0029914588461151517 -0.00087782474271818137 0.0044102740826328576 0.0029482356718053757 0.064026507767183438 -0.0047680859700538715 -0.00018693749191391653 -0.0038837766457238843 -0.0041756622161259853 -0.01376588151410774 0.0025340740962430503 -0.0041663703078833906 0.026041414716955785 -0.013172375234878726 -0.035083964395829857 0.037100780270993713 0.014145425210396448 -0.016473152233021603 -0.010088999480930077 -0.053576139844954018 0.021704835797369967 -0.0028328825056817227 0.026893227229997214 0.0071894810819056508 0.024732813178359167 0.04622128112685113 0.008944580743633905
leaf_weight=25 1802 28 5800 10374 1173 6717 3315 35 3425 15139 3363 4456 27 859 78 167 180 68 20 27 105 451 20 61 6050 49 441 46 21 118
leaf_count=25 1802 28 5800 10374 1173 6717 3315 35 3425 15139 3363 4456 27 859 78 167 180 68 20 27 105 451 20 61 6050 49 441 46 21 118
internal_value=2.61862e-08 -0.00167751 -0.00154709 0.000212754 7.01835e-05 0.000466489 0.00187574 0.0047193 -0.000972892 -0.00010394 0.00130736 -0.00109344 -0.00142151 0.00306811 -0.00234939 0.0194963 -0.000185184 -0.0185663 -0.00194257 0.00391791 -0.0102103 -0.00218047 -0.00807832 -0.00630106 -0.00177367 -0.00258981 0.00131827 0.00485647 0.00438541 0.0145763
internal_weight=64440 7252 7224 57188 55069 46824 13492 6752 6740 33332 13737 19595 7199 1233 5966 194 1039 146 5820 2119 132 8245 532 512 7713 6099 1614 1987 1941 139
internal_count=64440 7252 7224 57188 55069 46824 13492 6752 6740 33332 13737 19595 7199 1233 5966 194 1039 146 5820 2119 132 8245 532 512 7713 6099 1614 1987 1941 139
cat_boundaries=0 1 2 3
cat_threshold=12 20 4
is_linear=0
shrinkage=0.05


Tree=144
num_leaves=31
num_cat=1
split_feature=5 1 8 9 0 7 9 9 2 7 9 10 9 6 6 9 0 8 6 6 1 8 8 7 9 8 6 9 8 1
split_gain=8.89855 30.9073 29.4442 39.7452 47.5917 72.0099 34.5735 27.2657 48.5143 30.9036 26.6727 25.2329 37.8012 26.2015 22.3421 28.0518 22.2696 22.2693 26.5845 22.0147 21.4079 26.1468 75.9577 25.1723 59.3284 33.8078 21.4179 43.2113 25.2678 23.6966
threshold=-0.12940952255126037 16.500000000000004 6.5000000000000009 6.604166666666667 11.500000000000002 6.5000000000000009 3.3541666666666674 7.2708333333333348 3.5000000000000004 8.5000000000000018 5.3125000000000009 0 4.1875000000000009 12.500000000000002 6.5000000000000009 3.2708333333333335 14.500000000000002 13.500000000000002 15.500000000000002 8.5000000000000018 12.500000000000002 17.500000000000004 18.500000000000004 7.5000000000000009 7.979166666666667 7.5000000000000009 3.5000000000000004 2.5208333333333335 13.500000000000002 7.5000000000000009
decision_type=2 2 8 10 2 10 10 10 2 10 10 1 10 10 8 8 2 8 10 10 2 10 10 10 10 10 10 10 10 2
left_child=1 20 6 4 10 -6 -3 8 -5 -9 -4 12 -8 -13 -2 19 -17 18 -18 -16 26 23 -23 24 -22 -25 27 -1 -29 -28
right_child=14 2 3 7 5 -7 11 9 -10 -11 -12 13 -14 -15 15 16 17 -19 -20 -21 21 22 -24 25 -26 -27 29 28 -30 -31
leaf_value=0.0056366732927838536 -4.415737461309165e-05 0.0025817420887117707 -0.0067065253875402938 0.083039623214618163 0.00051567098408034355 -0.11074671183641141 0.057416752725839619 -0.040783545708861849 0.0063130132440063691 0.018567379593021342 0.01517607607131582 0.010538575941684881 0.0086832156364360577 0.066053610261191026 -0.012143329755318436 -0.0020631984321652658 -0.041348680869215032 0.01999077961124756 0.015232720935287384 -0.047187480432066053 -0.00062904025411992745 0.10980109624564648 -0.016859066832393153 -0.0012435016711316179 0.068675866626924084 -0.012614318967646516 0.012838424577218545 -0.0040621938980373836 0.02973694544717936 0.0021317348466856566
leaf_weight=1749 30249 782 653 38 33 26 94 29 45 90 177 627 69 22 242 4203 103 27 26 55 7965 20 29 1580 31 1115 547 4400 56 9358
leaf_count=1749 30249 782 653 38 33 26 94 29 45 90 177 627 69 22 242 4203 103 27 26 55 7965 20 29 1580 31 1115 547 4400 56 9358
internal_value=2.48819e-08 0.000638769 0.00575361 -0.000575307 -0.0051244 -0.0485152 0.0100854 0.0194452 0.0414409 0.00410371 -0.00203999 0.0173118 0.0346608 0.012232 -0.000540451 -0.00376476 -0.00275172 -0.021302 -0.0299447 -0.018633 0.000127285 -0.00160186 0.034839 -0.00176888 -0.000360349 -0.00594794 0.00128005 -0.00102334 -0.00363743 0.00272301
internal_weight=64440 29535 2685 1091 889 59 1594 202 83 119 830 812 163 649 34905 4656 4359 156 129 297 26850 10740 49 10691 7996 2695 16110 6205 4456 9905
internal_count=64440 29535 2685 1091 889 59 1594 202 83 119 830 812 163 649 34905 4656 4359 156 129 297 26850 10740 49 10691 7996 2695 16110 6205 4456 9905
cat_boundaries=0 1
cat_threshold=1
is_linear=0
shrinkage=0.05


Tree=145
num_leaves=31
num_cat=1
split_feature=10 9 0 0 6 9 6 0 2 8 7 8 9 9 7 5 9 7 9 4 8 0 1 8 9 5 9 0 0 9
split_gain=8.88969 16.2143 20.1517 20.8308 21.73 17.5073 17.042 16.6635 22.264 15.8951 15.0529 12.1961 17.6708 9.89676 19.9957 9.32596 11.308 9.19167 26.4573 26.3937 41.4734 30.2907 24.1191 22.8823 82.9341 22.6832 22.1845 22.1674 20.0922 21.3505
threshold=0 3.6875000000000004 10.500000000000002 7.5000000000000009 6.5000000000000009 5.0625000000000009 5.5000000000000009 8.5000000000000018 5.5000000000000009 2.5000000000000004 7.5000000000000009 6.5000000000000009 3.3541666666666674 3.5208333333333335 1.0000000180025095e-35 -0.98296291314453399 2.8125000000000004 7.5000000000000009 3.6875000000000004 0.91597561503675362 7.5000000000000009 5.5000000000000009 17.500000000000004 1.5000000000000002 6.0208333333333348 0.37940952255126048 11.22916666666667 5.5000000000000009 1.0000000180025095e-35 3.5208333333333335
decision_type=1 8 2 2 10 10 8 2 2 10 10 10 10 10 10 2 10 10 10 2 10 2 2 8 10 2 10 2 2 8
left_child=1 7 3 5 -5 6 -3 10 11 -7 13 12 -9 -1 -15 -12 -17 25 22 23 21 -21 -19 24 -20 28 -25 -27 29 -2
right_child=17 2 -4 4 -6 9 -8 8 -10 -11 15 -13 -14 14 -16 16 -18 18 19 20 -22 -23 -24 26 -26 27 -28 -29 -30 -31
leaf_value=-0.00092123027796674108 0.0021985311453497605 -0.0077638981125450566 0.041977499425411229 -0.0088878777071318416 -0.060113774597443437 -0.0095984016744686037 0.0070163546973384741 -0.0048240339461093152 -0.060862746904604137 -0.066391520786353131 0.043888215087354188 0.02739689350128174 -0.051292276095885492 0.043505044030358216 0.0036363055929917124 0.02135146701744256 0.00022489001031643078 -0.014658980716515287 -0.0023998631298542024 0.019016522716265173 0.061295623557512148 -0.031671705194748941 0.0030834011126147664 -0.00050460195800496369 -0.097602319744016452 -0.00011926691788013921 0.033579607932673144 -0.0060120789199591303 0.00198132994196874 -0.012594950016801635
leaf_weight=10842 478 840 21 47 37 28 254 96 24 22 20 20 26 35 310 104 162 626 125 112 43 40 276 8818 28 16659 48 1765 22036 498
leaf_count=10842 478 840 21 47 37 28 254 96 24 22 20 20 26 35 310 104 162 626 125 112 43 40 276 8818 28 16659 48 1765 22036 498
internal_value=2.36253e-08 -0.00117399 -0.00658871 -0.00741924 -0.0314517 -0.00565462 -0.00433229 -0.000593932 -0.0163221 -0.0345874 -0.000366364 -0.00879414 -0.0147271 -0.000655944 0.00768096 0.0109607 0.00848491 0.000293697 -0.00105747 -0.000257425 0.017942 0.00567752 -0.00923005 -0.000650915 -0.0198225 0.000623637 -0.000320072 -0.000683792 0.0016704 -0.00534978
internal_weight=64440 12888 1249 1228 84 1144 1094 11639 166 50 11473 142 122 11187 345 286 266 51552 10116 9214 195 152 902 9019 153 41436 8866 18424 23012 976
internal_count=64440 12888 1249 1228 84 1144 1094 11639 166 50 11473 142 122 11187 345 286 266 51552 10116 9214 195 152 902 9019 153 41436 8866 18424 23012 976
cat_boundaries=0 1
cat_threshold=2
is_linear=0
shrinkage=0.05


Tree=146
num_leaves=30
num_cat=0
split_feature=2 6 6 0 1 9 6 8 7 2 7 0 0 5 8 4 0 8 6 7 6 8 9 7 9 6 9 5 7
split_gain=8.86282 20.2268 22.197 18.152 43.9405 30.2436 26.9331 19.7616 15.6634 14.4085 16.4272 29.2646 23.722 24.4961 21.6336 21.5264 55.4604 42.8116 22.5504 21.9916 50.3473 33.4715 17.9239 15.9685 23.8188 13.4293 17.8432 43.8657 18.8189
threshold=1.0000000180025095e-35 18.500000000000004 16.500000000000004 14.500000000000002 11.500000000000002 7.2708333333333348 15.500000000000002 8.5000000000000018 10.500000000000002 2.5000000000000004 3.5000000000000004 11.500000000000002 9.5000000000000018 -0.37940952255126015 6.5000000000000009 0.60355339059327384 13.500000000000002 14.500000000000002 8.5000000000000018 8.5000000000000018 12.500000000000002 12.500000000000002 4.8958333333333348 20.500000000000004 9.3958333333333339 22.500000000000004 10.687500000000002 -0.37940952255126015 16.500000000000004
decision_type=2 10 10 2 2 10 10 10 10 2 10 2 2 2 10 2 2 10 10 10 10 10 10 10 10 10 10 2 10
left_child=1 2 3 6 8 -6 7 -1 -5 10 11 12 13 -2 -14 19 17 -17 -18 20 -12 -21 -13 25 -25 26 28 -28 -11
right_child=9 -3 -4 4 5 -7 -8 -9 -10 23 15 22 14 -15 -16 16 18 -19 -20 21 -22 -23 -24 24 -26 -27 27 -29 -30
leaf_value=0.00065936351454283157 0.0056505426475505979 0.05166152426128974 -0.051293258517980583 -0.030406589949360265 -0.020757910790475641 0.049609182603084126 0.058240800457341341 0.00766049564289039 -0.089262584969401371 0.00040260801301247954 -0.00094533877682634001 0.059772703858713305 -0.044095425430293149 -0.0010942429415774812 0.0095740464249891907 -0.0084401805893270961 0.012128389145558079 -0.075708348117768776 0.085402876138687134 -0.008417720831265782 0.026632312136261091 0.013307563410504595 -0.00021353796124458314 0.007336421916261316 -0.069830354237928979 -0.035559948017963992 0.072066557680567106 0.00066329230750469793 -0.016836271710904703
leaf_weight=7915 1642 20 20 26 37 26 21 1155 20 36629 5147 33 57 7472 28 1635 21 24 21 1772 171 197 20 20 20 26 30 76 159
leaf_count=7915 1642 20 20 26 37 26 21 1155 20 36629 5147 33 57 7472 28 1635 21 24 21 1772 171 197 20 20 20 26 30 76 159
internal_value=2.24672e-08 0.00143324 0.00132428 0.00143867 -0.0188443 0.00828248 0.00168186 0.00155091 -0.0559962 -0.000239886 -0.00138979 8.91559e-05 -0.000124292 0.000120914 -0.0264161 -0.00291218 -0.0079768 -0.00941332 0.0487656 -0.00172995 -5.85809e-05 -0.00624409 0.0371364 0.000327601 -0.031247 0.00036181 0.000387124 0.0208718 0.000328101
internal_weight=64440 9240 9220 9200 109 63 9091 9070 46 55200 18240 9252 9199 9114 85 8988 1701 1659 42 7287 5318 1969 53 36960 40 36920 36894 106 36788
internal_count=64440 9240 9220 9200 109 63 9091 9070 46 55200 18240 9252 9199 9114 85 8988 1701 1659 42 7287 5318 1969 53 36960 40 36920 36894 106 36788
is_linear=0
shrinkage=0.05


Tree=147
num_leaves=31
num_cat=6
split_feature=9 4 10 8 6 4 4 9 6 6 1 8 2 9 10 0 8 10 6 10 9 7 10 9 7 9 10 9 6 2
split_gain=8.4885 13.9666 20.161 21.3085 16.1421 13.0106 42.8481 33.3827 38.1377 36.2973 39.5441 55.4291 45.9938 34.2585 33.4433 28.9342 25.0306 57.9944 30.2827 23.382 23.1379 22.6694 48.1432 50.0868 19.8006 34.1243 19.6599 53.1429 20.7362 18.5502
threshold=1.8541666666666667 -0.5 0 6.5000000000000009 5.5000000000000009 -0.5 -0.37940952255126059 4.3958333333333348 3.5000000000000004 8.5000000000000018 15.500000000000002 7.5000000000000009 4.5000000000000009 6.6458333333333348 1 2.5000000000000004 6.5000000000000009 2 11.500000000000002 3 2.5625000000000004 2.5000000000000004 4 3.5208333333333335 16.500000000000004 8.9375000000000018 5 4.604166666666667 10.500000000000002 3.5000000000000004
decision_type=10 2 1 10 10 2 2 10 10 10 2 10 2 10 1 2 8 1 10 1 10 10 1 10 10 10 1 10 10 2
left_child=1 -1 -3 4 -4 7 21 8 19 13 11 -11 -12 14 -9 -15 18 -18 -10 20 -2 22 -7 -24 25 -23 29 28 -28 -8
right_child=5 2 3 -5 -6 6 26 9 16 10 12 -13 -14 15 -16 -17 17 -19 -20 -21 -22 24 23 -25 -26 -27 27 -29 -30 -31
leaf_value=-0.0078677357133599465 -4.753170843565762e-05 0.020205158925722395 -0.0016865574839394955 0.032423238762938934 -0.033424699197455152 -0.012015487043414007 -0.00011678727206723482 -0.0015009126650182079 -0.000980238225687539 0.031024039203131744 0.0017073508089903901 -0.0054415479198926028 -0.012112755471965166 0.076214838624000553 0.0077293538403654972 0.015118987025254264 -0.0012135371182785616 -0.021016380196660051 -0.046369382930365771 -0.0035059926367350322 0.0075580402678361988 -0.0097528814038367329 0.00490870158970356 0.059583274006015735 0.03753472404635471 0.051475810842669535 8.1036877501362942e-06 -0.0062267689199053886 0.015591624109246941 0.0033125531787810921
leaf_weight=889 1684 103 1752 45 41 209 9150 1470 5391 220 1865 198 889 20 2948 624 1034 571 37 1178 2462 2144 125 63 23 23 18226 3910 216 6930
leaf_count=889 1684 103 1752 45 41 209 9150 1470 5391 220 1865 198 889 20 2948 624 1034 571 37 1178 2462 2144 125 63 23 23 18226 3910 216 6930
internal_value=2.13385e-08 -0.00267754 -0.000300377 -0.00155098 -0.0024123 0.000123013 -0.000391789 0.00114854 -0.000494849 0.00361482 -0.000578868 0.0137509 -0.00275382 0.00624271 0.00467227 0.0170164 -0.00291164 -0.00839716 -0.00128963 0.00269773 0.0044581 -0.00662041 0.00437265 0.0220572 -0.00861321 -0.00910302 2.74826e-05 -0.000931544 0.000190624 0.00136031
internal_weight=64440 2830 1941 1838 1793 61610 41019 20591 12357 8234 3172 418 2754 5062 4418 644 7033 1605 5428 5324 4146 2587 397 188 2190 2167 38432 22352 18442 16080
internal_count=64440 2830 1941 1838 1793 61610 41019 20591 12357 8234 3172 418 2754 5062 4418 644 7033 1605 5428 5324 4146 2587 397 188 2190 2167 38432 22352 18442 16080
cat_boundaries=0 1 2 3 4 5 6
cat_threshold=12 4 11 19 10 20
is_linear=0
shrinkage=0.05


Tree=148
num_leaves=30
num_cat=0
split_feature=4 7 8 9 6 1 0 0 9 6 9 2 9 9 8 0 8 9 0 0 8 9 6 1 6 0 6 1 1
split_gain=8.48762 24.0802 42.6526 32.5444 61.4458 44.5279 28.3049 25.8356 25.3746 24.7283 60.0256 41.2766 38.7878 50.1438 42.6207 32.0346 17.3554 16.6162 14.5044 19.8494 36.3796 14.3931 12.9118 12.789 26.7298 19.9588 10.9181 14.2369 9.90073
threshold=-0.78656609248549303 2.5000000000000004 15.500000000000002 3.0208333333333335 2.5000000000000004 18.500000000000004 5.5000000000000009 5.5000000000000009 2.6041666666666674 8.5000000000000018 6.6458333333333348 2.5000000000000004 3.4791666666666674 3.6041666666666674 3.5000000000000004 11.500000000000002 9.5000000000000018 2.9375000000000004 22.500000000000004 19.500000000000004 10.500000000000002 2.8541666666666674 21.500000000000004 12.500000000000002 12.500000000000002 17.500000000000004 1.0000000180025095e-35 16.500000000000004 19.500000000000004
decision_type=2 8 8 10 10 2 2 2 8 10 10 2 8 10 8 2 10 10 2 2 8 10 10 2 10 2 10 2 2
left_child=1 2 3 6 5 -5 17 -6 16 10 15 -12 14 -14 -11 -10 26 -1 19 22 -21 -8 23 24 -2 -25 27 -3 -28
right_child=18 8 -4 4 7 -7 21 -9 9 12 11 -13 13 -15 -16 -17 -18 -19 -20 20 -22 -23 -24 25 -26 -27 28 -29 -30
leaf_value=0.0047497836991157163 6.2044689158531366e-05 -0.024698620281097566 0.076936833901951718 0.091187498682155851 -4.570710344982179e-05 0.00018692482262849808 -0.023843892355846941 0.01840398329248848 0.0022242730558978047 0.020613775757097066 0.0020171026387009001 0.038994465722271832 0.069814889132976538 -0.0028129237144898615 -0.064021538117644841 -0.016991242388030514 -0.043054048158979466 -0.02629417614390453 -0.035645067807415436 -0.0082092242936293285 0.083097855970263479 0.01203788423582035 -0.032562231873312301 -0.0015206768567758637 0.010205981648158497 0.042322457223557514 -0.0085753702430246739 0.020909056448462335 0.0026313573836805031
leaf_weight=1023 34165 22 21 41 379 20 157 380 6841 21 127 186 24 2435 51 224 31 45 29 24 20 34 31 16058 662 26 1043 77 243
leaf_count=1023 34165 22 21 41 379 20 157 380 6841 21 127 186 24 2435 51 224 31 45 29 24 20 34 31 16058 662 26 1043 77 243
internal_value=-6.75791e-08 0.00111854 0.00603613 0.00531996 0.0130715 0.0613512 0.000271317 0.00919129 0.000206666 0.00110135 0.00256429 0.0239909 -0.00316322 -0.00210407 -0.0393362 0.00161503 -0.00605419 0.00344175 -0.000294437 -0.000274331 0.033294 -0.0174566 -0.000303325 -0.000283682 0.000254863 -0.0014498 -0.00522604 0.010774 -0.00645777
internal_weight=64440 13425 2100 2079 820 61 1259 759 11325 9909 7378 313 2531 2459 72 7065 1416 1068 51015 50986 44 191 50942 50911 34827 16084 1385 99 1286
internal_count=64440 13425 2100 2079 820 61 1259 759 11325 9909 7378 313 2531 2459 72 7065 1416 1068 51015 50986 44 191 50942 50911 34827 16084 1385 99 1286
is_linear=0
shrinkage=0.05


Tree=149
num_leaves=31
num_cat=1
split_feature=1 1 8 7 8 9 0 4 9 10 9 1 8 8 8 1 8 0 6 0 8 9 4 9 8 9 9 0 0 9
split_gain=8.22521 17.8263 16.9572 13.8176 49.0193 23.9497 45.9432 56.419 40.4148 36.7159 33.5246 49.4242 35.52 31.97 52.2332 29.5667 35.6566 30.895 26.7614 23.9082 46.3086 50.4218 46.1483 28.5029 25.6141 18.3416 12.7476 10.5825 10.1305 8.30081
threshold=4.5000000000000009 1.0000000180025095e-35 3.5000000000000004 2.5000000000000004 14.500000000000002 5.2708333333333348 4.5000000000000009 -0.37940952255126059 7.854166666666667 0 5.1875000000000009 15.500000000000002 6.5000000000000009 1.0000000180025095e-35 1.5000000000000002 10.500000000000002 13.500000000000002 13.500000000000002 11.500000000000002 7.5000000000000009 5.5000000000000009 2.8541666666666674 -0.91597561503675329 6.0625000000000009 6.5000000000000009 2.1458333333333335 4.1875000000000009 4.5000000000000009 3.5000000000000004 10.645833333333334
decision_type=2 2 8 8 10 10 2 2 10 1 10 2 8 8 8 2 10 2 10 2 10 10 2 10 10 8 10 2 2 10
left_child=1 -1 27 4 19 10 7 8 -7 -9 15 18 -13 -8 -15 16 -5 -17 -12 23 21 -21 -22 25 -25 -2 -4 29 -28 -3
right_child=3 2 26 5 -6 6 13 9 -10 -11 11 12 -14 14 -16 17 -18 -19 -20 20 22 -23 -24 24 -26 -27 28 -29 -30 -31
leaf_value=0.0025427140840419199 -0.0022764859313825938 -0.0014727868140634768 -0.00021225831113279921 0.0016691359076854804 0.068945971186514257 0.016322078659991822 0.050746482729371038 0.010376736235342313 0.066756928596822987 -0.0051094762206117814 -0.030742085396491911 0.023228439501635417 -0.016981097829400323 -0.030853861156741488 0.00039353159294491357 -0.0016049226017431266 0.035040322166902053 -0.028179029365154831 0.021341062908026356 -0.010562330063884006 0.032077045689391737 0.030052431700977069 -0.014438714195223835 -0.013917469400676747 0.025161515753817462 0.0024611675344942711 -0.014016773437158805 -0.016262103284686063 -0.045945528480741717 0.022579394881096154
leaf_weight=2685 2572 10061 184 6792 27 732 31 737 42 777 285 119 102 136 8046 19199 81 110 27 99 68 335 247 474 46 9931 311 121 27 36
leaf_count=2685 2572 10061 184 6792 27 732 31 737 42 777 285 119 102 136 8046 19199 81 110 27 99 68 335 247 474 46 9931 311 121 27 36
internal_value=-6.41677e-08 -0.00110124 -0.00201223 0.00028972 0.0016411 -0.000211349 0.00181175 0.00807772 0.0190589 0.00246385 -0.00100658 -0.0134206 0.00467019 6.61599e-05 -0.000125858 -0.00075386 0.00206242 -0.00175631 -0.0262349 0.00150915 0.010196 0.0207878 -0.00439722 0.00100954 -0.0104605 0.00148658 -0.0108023 -0.00156318 -0.0165673 -0.00138703
internal_weight=64440 13425 10740 51015 13799 37216 10501 2288 774 1514 26715 533 221 8213 8182 26182 6873 19309 312 13772 749 434 315 13023 520 12503 522 10218 338 10097
internal_count=64440 13425 10740 51015 13799 37216 10501 2288 774 1514 26715 533 221 8213 8182 26182 6873 19309 312 13772 749 434 315 13023 520 12503 522 10218 338 10097
cat_boundaries=0 1
cat_threshold=4
is_linear=0
shrinkage=0.05


Tree=150
num_leaves=29
num_cat=0
split_feature=2 6 0 6 7 9 6 8 6 8 9 1 6 8 9 9 6 5 7 6 8 7 0 2 6 9 8 2
split_gain=8.12984 18.0236 20.4832 67.252 34.9519 27.5757 48.1447 39.6833 23.7771 19.4784 17.4916 16.2815 12.863 34.6459 50.5831 45.1248 13.3179 47.6359 22.2354 62.4932 47.0704 14.7406 33.1423 42.5946 30.2442 16.9867 37.6954 13.132
threshold=1.0000000180025095e-35 18.500000000000004 12.500000000000002 13.500000000000002 9.5000000000000018 5.7708333333333348 6.5000000000000009 12.500000000000002 15.500000000000002 12.500000000000002 5.4375000000000009 22.500000000000004 19.500000000000004 9.5000000000000018 9.2291666666666696 8.6875000000000018 17.500000000000004 -0.98296291314453399 9.5000000000000018 18.500000000000004 8.5000000000000018 17.500000000000004 9.5000000000000018 4.5000000000000009 10.500000000000002 7.604166666666667 17.500000000000004 2.5000000000000004
decision_type=2 10 2 10 10 10 10 10 10 10 10 2 8 10 8 10 10 2 10 10 10 10 2 2 10 10 10 2
left_child=1 2 8 5 -5 6 -4 -7 9 11 -11 -1 16 14 -14 -15 21 -18 20 -20 -19 25 24 -24 -23 27 -27 -2
right_child=12 -3 3 4 -6 7 -8 -9 -10 10 -12 -13 13 15 -16 -17 17 18 19 -21 -22 22 23 -25 -26 26 -28 -29
leaf_value=0.0016208586407706481 -0.001493275972764591 0.048786533018574121 0.029241626170174829 -0.025351423770189285 -0.1188285191729665 0.024500231174194916 -0.04901151335263839 -0.039958056407049303 0.045397959986040674 0.0019271717057563365 0.029688489918961475 -0.0088971455400059761 -0.097890944808721556 0.055513329748754149 0.0017186299539529361 -0.038713625632226467 -0.055194120705127719 0.042063501251466351 0.0073104248327367453 0.11402418244144191 -0.055146238543093209 -0.0090438468560372319 -0.070294199519687225 -0.0035533511901603026 0.056707041386676871 0.0032942747473877136 0.055604122855833597 0.00018787189384674482
leaf_weight=8300 17321 20 29 20 20 117 61 30 31 112 115 385 25 27 26 24 20 33 34 23 20 73 45 51 23 2152 35 35268
leaf_count=8300 17321 20 29 20 20 117 61 30 31 112 115 385 25 27 26 24 20 33 34 23 20 73 45 51 23 2152 35 35268
internal_value=-2.01073e-08 0.00137265 0.0012698 -0.012121 -0.07209 -0.00199962 -0.0237966 0.0113455 0.00168457 0.00153251 0.0159913 0.0011546 -0.000229793 -0.0179692 -0.0471096 0.0111712 -0.000196953 0.0157877 0.0286935 0.0503704 0.00538058 -0.000234757 -0.0140646 -0.0348381 0.00670897 -0.000186281 0.00413142 -0.00036584
internal_weight=64440 9240 9220 277 40 237 90 147 8943 8912 227 8685 55200 102 51 51 55098 130 110 57 53 54968 192 96 96 54776 2187 52589
internal_count=64440 9240 9220 277 40 237 90 147 8943 8912 227 8685 55200 102 51 51 55098 130 110 57 53 54968 192 96 96 54776 2187 52589
is_linear=0
shrinkage=0.05


Tree=151
num_leaves=31
num_cat=1
split_feature=8 9 0 6 0 9 0 9 9 2 6 0 9 7 9 7 10 7 5 2 1 8 6 0 1 9 9 0 7 2
split_gain=7.80129 14.3277 31.8528 34.9349 23.4722 42.2496 19.1516 17.512 16.7275 14.0294 9.88131 9.6531 11.0268 14.3353 9.89869 14.5922 9.28652 9.85862 26.9055 9.27287 16.6698 20.5771 16.8081 14.0084 36.5979 13.9949 13.6029 12.4181 11.8788 22.7589
threshold=1.0000000180025095e-35 4.8958333333333348 4.5000000000000009 3.5000000000000004 4.5000000000000009 4.229166666666667 5.5000000000000009 3.8541666666666674 3.3125000000000004 3.5000000000000004 4.5000000000000009 1.0000000180025095e-35 5.0208333333333348 2.5000000000000004 5.854166666666667 2.5000000000000004 0 5.5000000000000009 -0.12940952255126037 1.0000000180025095e-35 22.500000000000004 21.500000000000004 3.5000000000000004 14.500000000000002 11.500000000000002 5.1875000000000009 1.5208333333333337 6.5000000000000009 4.5000000000000009 3.5000000000000004
decision_type=8 10 2 10 2 10 2 10 10 2 10 2 10 10 10 10 1 10 2 2 2 8 10 2 2 10 10 2 8 2
left_child=1 4 11 -4 16 6 8 -8 -6 -5 -7 14 13 -13 -3 -16 -1 -18 -19 20 21 23 25 26 -25 -23 -2 -24 -21 -30
right_child=19 2 3 9 5 10 7 -9 -10 -11 -12 12 -14 -15 15 -17 17 18 -20 28 -22 22 27 24 -26 -27 -28 -29 29 -31
leaf_value=0.00032387581254313352 -0.015019339848669983 0.001232179383669563 -0.0005288713579912755 0.034119951360238092 -0.008555038744965807 -0.083201880348117457 -0.0028070853535677787 0.047132110071002639 -0.047396639318660255 0.088182892836630347 -0.037339482860018806 0.0086478339491242711 0.0020716087854472341 0.057208941593056631 -0.0080032014397771242 -0.04807043873929772 -0.0041605117608318545 -0.0098280853884560732 0.061759990843988602 0.00059656154796757768 -0.009219853047144462 0.032468356937170033 -0.01539381675135631 -0.049277638708767689 0.0088196654290765199 -0.020169309706294113 0.0030163167008654167 -0.057790586448484851 -0.0026432143703573022 0.00067702143998084417
leaf_weight=2618 106 182 44 24 78 23 107 21 43 24 24 55 744 21 105 29 2938 35 21 28365 333 23 39 46 66 28 7622 31 10303 10342
leaf_count=2618 106 182 44 24 78 23 107 21 43 24 24 55 744 21 105 29 2938 35 21 28365 333 23 39 46 66 28 7622 31 10303 10342
internal_value=-1.90994e-08 -0.001559 0.00335519 0.0316522 -0.00258043 -0.0163031 -0.00809611 0.00538606 -0.0223583 0.0611514 -0.0597828 0.00106353 0.00392475 0.022066 -0.00636115 -0.0166745 -0.00185664 -0.00375187 0.0170174 0.000194119 0.00174025 0.00219869 -0.0182631 0.0025145 -0.0150417 0.00356925 0.00276893 -0.0341695 -6.75334e-05 -0.00097996
internal_weight=64440 7136 1228 92 5908 296 249 128 121 48 47 1136 820 76 316 134 5612 2994 56 57304 8294 7961 121 7840 112 51 7728 70 49010 20645
internal_count=64440 7136 1228 92 5908 296 249 128 121 48 47 1136 820 76 316 134 5612 2994 56 57304 8294 7961 121 7840 112 51 7728 70 49010 20645
cat_boundaries=0 1
cat_threshold=13
is_linear=0
shrinkage=0.05


Tree=152
num_leaves=31
num_cat=0
split_feature=6 1 0 1 2 0 2 1 8 0 7 9 9 9 9 0 4 0 6 9 7 8 4 9 8 4 0 8 6 9
split_gain=7.59507 12.4552 20.1599 18.0575 12.9824 25.6359 27.2323 21.8405 19.0637 12.3546 23.8338 40.2769 32.7867 16.9865 9.21588 13.1743 10.0945 12.0384 15.0359 9.03584 8.51805 44.8188 32.6076 62.8844 32.8908 19.2711 30.2263 52.9052 29.5864 25.3814
threshold=1.0000000180025095e-35 8.5000000000000018 7.5000000000000009 5.5000000000000009 4.5000000000000009 5.5000000000000009 2.5000000000000004 15.500000000000002 3.5000000000000004 3.5000000000000004 4.5000000000000009 4.4375000000000009 5.0625000000000009 7.229166666666667 1.6458333333333337 3.5000000000000004 0.25881904510252091 2.5000000000000004 2.5000000000000004 2.2708333333333335 2.5000000000000004 14.500000000000002 -0.91597561503675329 5.1875000000000009 10.500000000000002 0.37940952255126054 15.500000000000002 13.500000000000002 16.500000000000004 3.4375000000000004
decision_type=10 2 2 2 2 2 2 2 10 2 10 10 10 8 8 2 2 2 10 8 8 10 2 10 10 2 2 10 10 10
left_child=1 3 4 -1 5 19 -7 8 -6 13 11 -11 -12 -5 15 16 -2 -18 -19 -3 21 22 23 -16 -24 29 28 -28 -27 -22
right_child=14 2 -4 9 7 6 -8 -9 -10 10 12 -13 -14 -15 20 -17 17 18 -20 -21 25 -23 24 -25 -26 26 27 -29 -30 -31
leaf_value=-0.00096878067000906703 -0.0065257879459885678 -0.00043781434806684652 -0.045569070465862754 -0.0060892663982486748 0.0021917201936818087 0.081601753582557057 0.0054655412616937057 0.0046482773820081588 -0.053994767823153073 0.005477049749643699 -0.06810791409470969 -0.050490958556266764 6.7767828446010066e-05 0.040451894700527194 0.0073220763917688537 -0.018173892997928258 -0.00027537428770042864 0.0078521258732739928 0.058741916343569761 0.011905896740823887 -0.0031877024606020311 0.065514074245260831 0.0007338751716021402 0.072887830326554215 -0.025107011534348734 0.0015429021304797777 0.010534601838479186 0.090665568098425867 -0.054041241668164736 0.00014231798727583936
leaf_weight=5112 497 285 20 993 26 24 23 156 36 137 45 42 29 20 972 152 239 47 21 309 8118 27 17756 38 124 9637 117 25 24 19389
leaf_count=5112 497 285 20 993 26 24 23 156 36 137 45 42 29 20 972 152 239 47 21 309 8118 27 17756 38 124 9637 117 25 24 19389
internal_value=-1.56182e-08 -0.00152376 0.00405599 -0.00229275 0.00521141 0.00879609 0.0443436 -0.00532888 -0.0304327 -0.00763883 -0.0175224 -0.00765511 -0.0413904 -0.00517039 0.000193361 -0.00467462 -0.00212251 0.00500591 0.0235681 0.00598341 0.000276128 0.00114041 0.0010484 0.00978891 0.000554665 -0.00016208 0.00174142 0.0246422 0.00140482 -0.000840454
internal_weight=64440 7257 879 6378 859 641 47 218 62 1266 253 179 74 1013 57183 956 804 307 68 594 56227 18917 18890 1010 17880 37310 9803 142 9661 27507
internal_count=64440 7257 879 6378 859 641 47 218 62 1266 253 179 74 1013 57183 956 804 307 68 594 56227 18917 18890 1010 17880 37310 9803 142 9661 27507
is_linear=0
shrinkage=0.05


Tree=153
num_leaves=31
num_cat=0
split_feature=5 6 7 9 0 4 8 8 2 8 2 6 1 9 9 6 1 7 8 7 9 9 4 8 0 9 7 6 9 8
split_gain=7.65869 17.1048 14.1407 32.0267 61.4415 38.6102 33.1644 21.1704 20.2745 48.0593 35.3447 32.4907 39.2806 38.6004 32.3981 45.9481 34.9465 20.4679 39.7296 24.6001 16.401 16.2614 14.0116 15.3992 14.956 16.4883 24.7354 22.0363 14.3116 13.772
threshold=0.60355339059327384 12.500000000000002 5.5000000000000009 6.354166666666667 4.5000000000000009 -0.98296291314453399 12.500000000000002 6.5000000000000009 5.5000000000000009 28.000000000000004 3.5000000000000004 8.5000000000000018 10.500000000000002 6.4375000000000009 4.6875000000000009 2.5000000000000004 7.5000000000000009 20.500000000000004 9.5000000000000018 12.500000000000002 7.104166666666667 6.229166666666667 0.12940952255126045 3.5000000000000004 5.5000000000000009 5.9375000000000009 10.500000000000002 3.5000000000000004 4.104166666666667 4.5000000000000009
decision_type=2 10 8 10 2 2 10 10 2 8 2 10 2 10 10 10 2 10 10 10 10 10 2 8 2 8 10 10 10 10
left_child=2 22 3 21 7 -6 -7 -5 10 11 17 13 -13 -10 16 -16 -12 19 -19 -4 -9 -1 24 -24 25 27 -27 -2 -26 -23
right_child=1 -3 8 4 5 6 -8 20 9 -11 14 12 -14 -15 15 -17 -18 18 -20 -21 -22 29 23 -25 28 26 -28 -29 -30 -31
leaf_value=0.00077028170278729791 0.0022171190006771762 -0.023228182980023764 -0.001038673974073925 0.0022647410037629945 0.077003889027682529 0.014514777438738677 0.058528563100844623 -0.002955169798362823 -0.0049696454262259607 0.051157161559125308 -0.049197816805964384 0.012281311329646522 -0.01957224087925695 0.015073499641144201 -0.021840740298462471 0.0087634940660779783 -0.00018210743426414665 0.083822945822030315 -0.015838483832776546 -0.0094271229031676826 -0.065445225650355932 -0.0033743155008943921 -0.0018068298533953243 -0.011607659541830189 -0.016542766463514293 0.0058837580148967715 0.060690775815220116 -0.0031781487032217985 -0.0022729786701382814 -0.034596212940700984
leaf_weight=26584 5509 85 9088 761 31 395 48 21 1728 38 37 115 611 279 129 2489 2116 20 20 967 21 88 7632 423 214 1046 21 2883 982 59
leaf_count=26584 5509 85 9088 761 31 395 48 21 1728 38 37 115 611 279 129 2489 2116 20 20 967 21 88 7632 423 214 1046 21 2883 982 59
internal_value=-1.4842e-08 -0.000849479 0.000349764 0.00104813 0.00878378 0.0230587 0.0192838 0.000357484 -0.000759253 -0.0046858 -2.735e-05 -0.00546225 -0.0145266 -0.00218338 0.00351902 0.00725549 -0.00102446 -0.0017034 0.0339922 -0.0018454 -0.0342002 0.000678577 -0.000747812 -0.00232151 0.000441878 0.00110798 0.00696243 0.000363621 -0.00482627 -0.0159056
internal_weight=64440 18795 45645 28008 1277 474 443 803 17637 2771 14866 2733 726 2007 4771 2618 2153 10095 40 10055 42 26731 18710 8055 10655 9459 1067 8392 1196 147
internal_count=64440 18795 45645 28008 1277 474 443 803 17637 2771 14866 2733 726 2007 4771 2618 2153 10095 40 10055 42 26731 18710 8055 10655 9459 1067 8392 1196 147
is_linear=0
shrinkage=0.05


Tree=154
num_leaves=17
num_cat=0
split_feature=0 0 5 1 0 6 8 2 8 8 2 8 2 0 9 6
split_gain=7.51495 9.75283 7.71108 27.7876 27.5206 34.8529 28.235 25.9277 32.2383 27.5794 22.5508 63.0167 31.1421 16.074 28.2875 14.6122
threshold=22.500000000000004 20.500000000000004 -0.12940952255126037 16.500000000000004 14.500000000000002 8.5000000000000018 13.500000000000002 4.5000000000000009 14.500000000000002 14.500000000000002 5.5000000000000009 28.000000000000004 4.5000000000000009 4.5000000000000009 2.6875000000000004 12.500000000000002
decision_type=2 2 2 2 2 10 10 2 10 10 2 8 2 2 8 10
left_child=1 2 3 10 13 -6 -7 9 -9 -5 12 -12 -1 15 -15 -4
right_child=-2 -3 4 7 5 6 -8 8 -10 -11 11 -13 -14 14 -16 -17
leaf_value=-0.00012368824519774766 -0.022527219773886876 0.026030253546519413 0.00018268823263198222 0.0015084010845150516 0.020619939365669304 -0.044868756145896284 0.020103572010993959 0.015116215690237321 -0.042613671123981484 0.045689299764732523 -0.0041609059857585949 0.053490626332738128 0.0048116426269307596 -0.01505760886055145 -0.0017376660599952032 -0.027428417791331112
leaf_weight=19119 37 36 27610 1878 38 102 20 740 25 36 3789 48 3838 424 6652 48
leaf_count=19119 37 36 27610 1878 38 102 20 740 25 36 3789 48 3838 424 6652 48
internal_value=-1.41022e-08 1.29279e-05 -1.62336e-06 0.000593846 -0.000504583 -0.0211936 -0.0342176 0.00544914 0.0132296 0.00233939 0.000108389 -0.0034397 0.000701411 -0.00040928 -0.00253581 0.00013477
internal_weight=64440 64403 64367 29473 34894 160 122 2679 765 1914 26794 3837 22957 34734 7076 27658
internal_count=64440 64403 64367 29473 34894 160 122 2679 765 1914 26794 3837 22957 34734 7076 27658
is_linear=0
shrinkage=0.05


Tree=155
num_leaves=31
num_cat=1
split_feature=4 9 0 10 7 9 7 6 8 8 6 9 9 8 8 7 8 9 9 7 8 7 0 9 8 9 0 0 8 6
split_gain=7.34747 18.1336 42.1869 36.9687 45.8061 38.8886 36.3347 35.0012 33.1476 64.7552 27.7975 28.75 60.1429 25.0117 20.2598 18.9892 25.5804 17.1954 36.8493 31.9183 31.7248 21.1861 17.9103 15.4172 15.2016 13.671 12.9126 16.2942 31.6274 11.7875
threshold=-0.78656609248549303 5.1458333333333348 4.5000000000000009 0 9.5000000000000018 5.604166666666667 14.500000000000002 5.5000000000000009 9.5000000000000018 5.5000000000000009 8.5000000000000018 3.4791666666666674 3.5625000000000004 10.500000000000002 3.5000000000000004 10.500000000000002 6.5000000000000009 4.3958333333333348 4.5208333333333348 2.5000000000000004 7.5000000000000009 10.500000000000002 3.5000000000000004 2.5625000000000004 5.5000000000000009 3.0625000000000004 22.500000000000004 19.500000000000004 10.500000000000002 21.500000000000004
decision_type=2 10 2 1 10 10 10 10 10 8 10 8 10 10 8 10 8 10 10 10 10 10 2 10 10 10 2 2 8 10
left_child=1 10 6 8 7 -6 15 -5 9 -4 17 14 -13 -14 -12 16 -3 20 22 -20 23 -22 -19 -1 -17 -16 27 29 -29 -2
right_child=26 2 3 4 5 -7 -8 -9 -10 -11 11 12 13 -15 25 24 -18 18 19 -21 21 -23 -24 -25 -26 -27 -28 28 -30 -31
leaf_value=-0.0023656946972968585 -0.00026242892967443324 0.0060613890223711444 -0.0027558480013634406 0.028378695171326403 -0.028428465167124724 -0.00065725335660704219 0.086873235628008846 0.0061606356380519301 0.034125589765608311 -0.078606853168457752 -0.0035108352079987527 0.076316975531252954 -0.0046282654366309765 -0.036239500009063362 -0.016444449465383183 0.028123412313668623 0.039964257273823023 -0.010584740450277049 0.038205510949523291 0.00012729979595377155 -0.0066001117036384588 -0.04366014089435339 0.028420207032122648 0.0027935463329538 -0.021314467707027995 -0.064201136222703667 -0.033628410990510525 -0.008538716658949853 0.076596203017979869 -0.031103753899374316
leaf_weight=2108 50911 103 68 200 145 965 20 1559 21 48 38 22 672 69 22 23 121 34 58 1076 1074 40 219 4625 48 47 29 24 20 31
leaf_count=2108 50911 103 68 200 145 965 20 1559 21 48 38 22 672 69 22 23 121 34 58 1076 1074 40 219 4625 48 47 29 24 20 31
internal_value=-1.33953e-08 0.00104075 0.00424604 0.00242179 0.00365536 -0.00428502 0.0216546 0.00868685 -0.0220673 -0.0341425 -1.27681e-05 -0.00855677 -0.00515301 -0.00757182 -0.0328284 0.017233 0.024375 0.000792222 0.00592432 0.00207486 -0.000114905 -0.00793081 0.0231784 0.00117827 -0.00529938 -0.0489744 -0.000273899 -0.000254928 0.030159 -0.000281197
internal_weight=64440 13425 3321 3006 2869 1110 315 1759 137 116 10104 870 763 741 107 295 224 9234 1387 1134 7847 1114 253 6733 71 69 51015 50986 44 50942
internal_count=64440 13425 3321 3006 2869 1110 315 1759 137 116 10104 870 763 741 107 295 224 9234 1387 1134 7847 1114 253 6733 71 69 51015 50986 44 50942
cat_boundaries=0 1
cat_threshold=1
is_linear=0
shrinkage=0.05


Tree=156
num_leaves=14
num_cat=0
split_feature=8 8 2 6 6 9 2 0 1 6 6 7 8
split_gain=7.30222 16.4823 7.07139 16.6711 20.3907 15.1529 11.7659 24.4612 46.7726 26.3321 19.5838 33.0898 32.0373
threshold=23.500000000000004 21.500000000000004 1.0000000180025095e-35 18.500000000000004 16.500000000000004 2.2708333333333335 4.5000000000000009 19.500000000000004 13.500000000000002 8.5000000000000018 7.5000000000000009 15.500000000000002 11.500000000000002
decision_type=10 10 2 10 10 10 2 2 2 10 10 10 8
left_child=1 2 3 4 5 -1 10 9 -9 -8 11 -4 -12
right_child=-2 -3 6 -5 -6 -7 7 8 -10 -11 12 -13 -14
leaf_value=-0.0051139447906063881 0.030207500457763672 -0.035336668732942958 -0.0011187943685363392 0.046889477353543041 -0.049240855574607854 0.0019424340448582452 0.0014579847853314382 0.08038285797013453 -0.016646932482557452 -0.0041803906003434607 0.0036219410210297808 -0.029926954634487631 -0.0069408865302466871
leaf_weight=837 20 33 31046 20 20 8357 16024 27 23 2378 4708 100 847
leaf_count=837 20 33 31046 20 20 8357 16024 27 23 2378 4708 100 847
internal_value=-1.27099e-08 -9.39101e-06 8.71513e-06 0.00128931 0.00119033 0.00130004 -0.000205689 0.00082426 0.0357492 0.000729365 -0.000723512 -0.00121129 0.00201137
internal_weight=64440 64420 64387 9234 9214 9194 55153 18452 50 18402 36701 31146 5555
internal_count=64440 64420 64387 9234 9214 9194 55153 18452 50 18402 36701 31146 5555
is_linear=0
shrinkage=0.05


Tree=157
num_leaves=10
num_cat=0
split_feature=7 7 0 0 6 6 0 8 8
split_gain=7.09708 7.03614 6.90276 8.60018 36.6516 43.7596 10.8669 48.57 9.36499
threshold=23.500000000000004 21.500000000000004 22.500000000000004 15.500000000000002 18.500000000000004 13.500000000000002 14.500000000000002 11.500000000000002 12.500000000000002
decision_type=10 10 2 2 10 10 2 10 10
left_child=1 2 3 6 5 -5 8 -8 -1
right_child=-2 -3 -4 4 -6 -7 7 -9 -10
leaf_value=-9.9323289014484068e-05 -0.029780205376446246 0.023090997174607986 -0.021890730359074143 0.012372716324902805 0.055056840305527058 -0.020292944492258391 0.0021109544241161488 -0.047324635111021279 0.0037378610939805528
leaf_weight=61921 20 33 36 350 36 145 201 66 1632
leaf_count=61921 20 33 36 350 36 145 201 66 1632
internal_value=-1.20986e-08 9.23354e-06 -2.59646e-06 9.64846e-06 0.00634655 0.00280399 -4.30763e-05 -0.0101091 -7.86872e-07
internal_weight=64440 64420 64387 64351 531 495 63820 267 63553
internal_count=64440 64420 64387 64351 531 495 63820 267 63553
is_linear=0
shrinkage=0.05


Tree=158
num_leaves=31
num_cat=1
split_feature=1 1 8 7 8 0 9 6 9 0 4 9 10 9 0 9 1 6 8 1 8 0 6 9 9 0 0 0 2 9
split_gain=6.80878 14.7903 14.0973 11.6388 39.2479 22.8287 19.7399 28.0995 18.6145 41.5311 48.3998 36.4567 32.7241 31.6442 56.1624 30.8953 43.9427 33.5811 28.4941 25.1129 31.3738 27.3386 23.9572 17.6939 11.555 9.35502 9.13193 8.01828 14.425 7.31397
threshold=4.5000000000000009 1.0000000180025095e-35 3.5000000000000004 2.5000000000000004 14.500000000000002 13.500000000000002 6.229166666666667 11.500000000000002 5.2708333333333348 4.5000000000000009 -0.37940952255126059 7.854166666666667 0 5.354166666666667 12.500000000000002 5.1875000000000009 15.500000000000002 6.5000000000000009 1.0000000180025095e-35 10.500000000000002 13.500000000000002 13.500000000000002 11.500000000000002 2.1458333333333335 4.1875000000000009 4.5000000000000009 3.5000000000000004 1.5000000000000002 2.5000000000000004 10.645833333333334
decision_type=2 2 8 8 10 2 10 10 10 2 2 10 1 10 2 10 2 10 8 2 10 2 10 10 10 2 2 2 2 10
left_child=1 -1 25 4 5 6 23 -8 15 10 11 -10 -12 14 -11 19 22 -18 -15 20 -5 -21 -17 -2 27 29 -26 -4 -29 -3
right_child=3 2 24 8 -6 -7 7 -9 9 13 12 -13 -14 18 -16 16 17 -19 -20 21 -22 -23 -24 -25 26 -27 -28 28 -30 -31
leaf_value=0.0023172836154664641 -0.0020338418864322824 -0.0013371350689231377 -0.0068454125715005729 0.0015719007902195289 0.06172810166867243 0.041715440667633504 -0.010814744778074909 0.044578152763036394 0.015116374371217087 0.01897494925556277 0.0098154394331570818 0.063017886604315468 -0.0048048739495857003 0.050507091492828393 -0.05449694464249271 -0.029161923377725642 0.023645979306987815 -0.015335254276340658 -0.00094666478669851943 -0.0014361619032549698 0.032874883712487826 -0.026433973349630838 0.020117016833413534 0.0025656754840427836 -0.012913486438764447 -0.015242410634551968 -0.043227783369797247 -0.015139521002445533 0.035833909434399437 0.021240114472392532
leaf_weight=2685 2604 10061 126 6792 27 35 497 24 732 366 737 42 777 27 28 285 111 110 7792 19199 81 110 27 10612 311 121 27 23 35 36
leaf_count=2685 2604 10061 126 6792 27 35 497 24 732 366 737 42 777 27 28 285 111 110 7792 19199 81 110 27 10612 311 121 27 23 35 36
internal_value=-1.14901e-08 -0.0010019 -0.00183169 0.000263643 0.00150391 0.00138584 0.00128309 -0.00826306 -0.000196225 0.00158736 0.00754486 0.0177157 0.00234524 -7.23004e-05 0.0137536 -0.000897307 -0.0128146 0.00424356 -0.000768988 -0.000654701 0.00194081 -0.00157857 -0.0248974 0.00165941 -0.00984634 -0.00142226 -0.015335 0.000236173 0.0156203 -0.00125664
internal_weight=64440 13425 10740 51015 13799 13772 13737 521 37216 10501 2288 774 1514 8213 394 26715 533 221 7819 26182 6873 19309 312 13216 522 10218 338 184 58 10097
internal_count=64440 13425 10740 51015 13799 13772 13737 521 37216 10501 2288 774 1514 8213 394 26715 533 221 7819 26182 6873 19309 312 13216 522 10218 338 184 58 10097
cat_boundaries=0 1
cat_threshold=4
is_linear=0
shrinkage=0.05


Tree=159
num_leaves=25
num_cat=0
split_feature=4 9 6 9 2 9 9 2 1 9 9 0 8 8 9 0 0 8 1 6 6 8 0 0
split_gain=6.80843 18.096 18.7318 55.1504 37.0428 35.9481 48.8352 36.0824 35.7581 31.3619 21.5221 36.4829 28.8485 18.2223 12.3039 12.1697 13.6303 27.6197 11.0012 25.5549 24.469 19.6089 41.8091 30.481
threshold=-0.78656609248549303 10.937500000000002 8.5000000000000018 6.6458333333333348 2.5000000000000004 3.4791666666666674 3.5625000000000004 4.5000000000000009 18.500000000000004 6.7708333333333348 4.3958333333333348 1.5000000000000002 7.5000000000000009 3.5000000000000004 3.0625000000000004 22.500000000000004 19.500000000000004 10.500000000000002 12.500000000000002 21.500000000000004 12.500000000000002 10.500000000000002 11.500000000000002 15.500000000000002
decision_type=2 10 10 10 2 8 10 2 2 10 10 2 10 8 10 2 2 8 2 10 10 10 2 2
left_child=1 2 3 10 8 13 -7 -8 -5 -6 12 -12 -1 -4 -15 16 18 -18 19 20 -2 23 -23 -20
right_child=15 -3 5 4 9 6 7 -9 -10 -11 11 -13 -14 14 -16 -17 17 -19 21 -21 -22 22 -24 -25
leaf_value=0.0011695209816065708 7.8096217681428159e-05 0.044379633882393438 -0.0034070983333022971 -0.01572702941432428 0.080822053709716513 0.072541744397445165 0.0018046306695095303 -0.010944426803068971 0.042212141547842252 0.027140182725364167 -0.053709736896248965 0.0058216167289056927 -0.0075168092654436108 -0.015663273886523464 -0.060969329881977209 -0.032644443736805036 -0.0085911329835653312 0.070967079475522041 -0.0010895194530150217 -0.056272336691617963 0.0097835635658940212 -0.0043602030142737194 -0.037515845226946176 0.036894333418810148
leaf_weight=6733 34165 24 38 89 33 22 1735 816 38 155 26 2533 1114 22 47 29 24 20 15268 20 662 663 111 53
leaf_count=6733 34165 24 38 89 33 22 1735 816 38 155 26 2533 1114 22 47 29 24 20 15268 20 662 663 111 53
internal_value=2.79761e-08 0.00100189 0.000924204 0.00185884 0.0224705 -0.00281467 -0.00163377 -0.00227347 0.0016091 0.0365631 0.0012349 0.00521677 -6.36346e-05 -0.0312114 -0.0465239 -0.00026362 -0.000245202 0.0275717 -0.000269228 0.000230133 0.00026258 -0.00135039 -0.00911508 -0.000958122
internal_weight=64440 13425 13401 10721 315 2680 2573 2551 127 188 10406 2559 7847 107 69 51015 50986 44 50942 34847 34827 16095 774 15321
internal_count=64440 13425 13401 10721 315 2680 2573 2551 127 188 10406 2559 7847 107 69 51015 50986 44 50942 34847 34827 16095 774 15321
is_linear=0
shrinkage=0.05


Tree=160
num_leaves=14
num_cat=1
split_feature=8 8 8 9 0 6 0 9 0 9 9 9 10
split_gain=6.7021 15.0748 6.67461 12.5526 27.4487 30.602 20.8576 38.1798 8.64361 8.35175 21.2057 9.00223 8.30059
threshold=23.500000000000004 21.500000000000004 1.0000000180025095e-35 4.8958333333333348 4.5000000000000009 3.5000000000000004 4.5000000000000009 4.229166666666667 1.0000000180025095e-35 12.895833333333334 12.083333333333334 11.812500000000002 0
decision_type=10 10 8 10 2 10 2 10 2 10 10 10 1
left_child=1 2 3 6 8 -6 12 -8 -5 10 11 -4 -1
right_child=-2 -3 9 4 5 -7 7 -9 -10 -11 -12 -13 -14
leaf_value=0.00035382118622502714 0.028939667753875256 -0.033794195837143701 0.00019534276431278086 -0.0059869438011469645 -0.00068517122629352595 0.057043503086121439 -0.0075237933134877063 -0.05665799549067433 0.0037462688119593644 -0.026637526113411476 0.047191091999411586 -0.029232414990950091 -0.0034991887033152093
leaf_weight=2618 20 33 57172 316 44 48 249 47 820 29 24 26 2994
leaf_count=2618 20 33 57172 316 44 48 249 47 820 29 24 26 2994
internal_value=2.65714e-08 -8.9581e-06 8.3577e-06 -0.00143359 0.00316613 0.0294341 -0.00238965 -0.0153255 0.00103879 0.000188087 0.000201683 0.000181966 -0.00170736
internal_weight=64440 64420 64387 7136 1228 92 5908 296 1136 57251 57222 57198 5612
internal_count=64440 64420 64387 7136 1228 92 5908 296 1136 57251 57222 57198 5612
cat_boundaries=0 1
cat_threshold=13
is_linear=0
shrinkage=0.05


Tree=161
num_leaves=31
num_cat=2
split_feature=7 5 1 8 9 0 2 2 6 6 9 0 10 7 2 10 8 6 2 9 9 9 8 0 8 7 6 8 9 0
split_gain=6.69694 6.49252 23.5821 26.3149 32.6682 42.3267 32.449 22.9524 21.3777 20.9889 22.14 18.9892 25.7698 22.6194 18.5059 38.1694 47.445 37.123 30.2868 49.3131 32.6242 17.8996 16.6753 12.2656 38.9521 71.5431 11.9729 11.6847 20.055 11.0388
threshold=23.500000000000004 -0.12940952255126037 16.500000000000004 6.5000000000000009 6.604166666666667 11.500000000000002 2.5000000000000004 5.5000000000000009 3.5000000000000004 6.5000000000000009 3.2708333333333335 8.5000000000000018 0 5.5000000000000009 5.5000000000000009 1 28.000000000000004 13.500000000000002 4.5000000000000009 7.8958333333333348 9.5625000000000018 3.6458333333333335 5.5000000000000009 9.5000000000000018 10.500000000000002 11.500000000000002 8.5000000000000018 9.5000000000000018 5.729166666666667 5.5000000000000009
decision_type=10 2 2 8 10 2 2 2 10 8 8 2 1 10 2 1 8 10 2 10 10 10 8 2 10 10 10 10 10 2
left_child=1 2 14 6 5 -5 8 -6 -4 23 22 12 -12 -13 18 17 -17 -16 20 -20 -1 -8 26 27 25 -25 -11 -3 -29 -24
right_child=-2 9 3 4 7 -7 21 -9 -10 10 11 13 -14 -15 15 16 -18 -19 19 -21 -22 -23 29 24 -26 -27 -28 28 -30 -31
leaf_value=-1.9696316106892743e-05 -0.028928484306670728 -0.0001896138852086308 0.012436550586350797 -0.0021653494723730283 0.010036988048841792 -0.045994479928986504 0.0091662082557345745 0.056840118765830998 -0.0059347430695095788 -0.0044466005842928053 0.0056284594968671296 0.0017336882110352498 -0.0039183530556627681 -0.012411602989922594 0.0018448375404477219 -0.0080113428825343679 0.055280725347499053 0.054677222176071474 0.0035691651372637997 0.033195540862004845 -0.028796861226661037 0.023291031875901067 -0.023471441658745922 0.0096368279424495999 -0.031742689124447235 0.10398104451596737 -0.037180324327765094 0.012799637108820223 -0.018461455305417381 -0.062895127156606098
leaf_weight=19045 20 29534 251 830 169 59 519 31 429 182 1084 420 1988 864 1506 2275 30 34 3700 146 99 395 56 232 47 22 33 354 60 26
leaf_count=19045 20 29534 251 830 169 59 519 31 429 182 1084 420 1988 864 1506 2275 30 34 3700 146 99 395 56 232 47 22 33 354 60 26
internal_value=8.28147e-10 8.98204e-06 0.0005548 0.00502429 -0.000966593 -0.00507414 0.00911718 0.0172915 0.000846426 -0.000452638 -0.00357892 -0.00267833 -0.000544054 -0.00778464 0.000107934 -0.00310274 -0.00715654 0.00299184 0.000644909 0.00469383 -0.000168513 0.0152705 -0.0167876 2.82571e-05 0.0100712 0.0178084 -0.00947085 -7.26817e-05 0.00826904 -0.0359716
internal_weight=64440 64420 29518 2683 1089 889 1594 200 680 34902 4653 4356 3072 1284 26835 3845 2305 1540 22990 3846 19144 914 297 30249 301 254 215 29948 414 82
internal_count=64440 64420 29518 2683 1089 889 1594 200 680 34902 4653 4356 3072 1284 26835 3845 2305 1540 22990 3846 19144 914 297 30249 301 254 215 29948 414 82
cat_boundaries=0 1 2
cat_threshold=4 18
is_linear=0
shrinkage=0.05


Tree=162
num_leaves=31
num_cat=0
split_feature=5 1 9 8 8 9 9 2 9 9 2 2 6 7 0 9 9 6 7 0 6 9 6 0 4 9 8 1 2 6
split_gain=6.2615 13.4938 9.37245 35.7169 45.1088 34.1995 43.8339 36.7108 32.1734 30.1185 28.5017 19.45 17.9069 51.3861 33.0054 65.5444 13.5613 21.5758 13.2435 6.67153 11.1749 13.5488 19.5626 12.5158 12.3446 16.7747 15.5894 9.14772 12.7335 16.3346
threshold=0.78656609248549303 1.0000000180025095e-35 8.0208333333333339 16.500000000000004 17.500000000000004 8.4375000000000018 8.5208333333333339 3.5000000000000004 8.6458333333333339 8.3958333333333339 4.5000000000000009 4.5000000000000009 18.500000000000004 8.5000000000000018 19.500000000000004 6.7708333333333348 7.979166666666667 9.5000000000000018 17.500000000000004 2.5000000000000004 4.5000000000000009 7.0625000000000009 7.5000000000000009 4.5000000000000009 -0.37940952255126059 6.479166666666667 5.5000000000000009 21.500000000000004 1.5000000000000002 6.5000000000000009
decision_type=2 2 10 10 10 10 10 2 10 10 2 2 10 10 2 10 10 10 10 2 10 8 10 2 2 10 10 2 2 10
left_child=2 -2 12 5 -5 9 7 -7 -8 10 -4 -6 14 -14 16 -16 18 -18 -1 27 24 23 -23 -22 25 -21 -26 -3 -29 -30
right_child=1 19 3 4 11 6 8 -9 -10 -11 -12 -13 13 -15 15 -17 17 -19 -20 20 21 22 -24 -25 26 -27 -28 28 29 -31
leaf_value=0.00020023054332886424 0.0022096055239308721 -0.0023190710498513893 0.0068849485853788297 -0.088463817779784626 0.031088401004672053 -0.0085629231361455706 0.03042903492448501 -0.082950410895325524 0.00066090799971009679 0.066243431270122541 0.040063953152205518 -0.037039904142729944 -0.017691039611749792 0.069238723518655579 0.022510804915800695 -0.10125281120771948 -6.6097343669218179e-05 -0.064525417344910768 -0.018292993936956544 0.0017858611706596036 -0.016129883286704748 0.013915883581227573 -0.011535966635371249 -0.003292832654495273 -0.0055032646986055891 0.034673301238430349 0.025836157026450809 -0.0039798801376771456 0.0022671246727461857 0.021654780201953026
leaf_weight=49213 2685 4696 294 23 22 43 101 27 896 30 83 20 34 34 20 23 34 21 97 714 490 152 150 310 1234 41 41 832 1965 115
leaf_count=49213 2685 4696 294 23 22 43 101 27 896 30 83 20 34 34 20 23 34 21 97 714 490 152 150 310 1234 41 41 832 1965 115
internal_value=1.40615e-08 -0.000960765 0.000252851 0.00409545 -0.0321772 0.005695 0.000991227 -0.0372552 0.00367654 0.0180265 0.0141896 -0.00135365 0.000133323 0.0257738 9.80336e-05 -0.0436883 0.000136174 -0.0246778 0.000163852 -0.00175336 -0.00369561 -0.00774918 0.00127424 -0.0111555 -0.00149509 0.0035718 -0.00449549 -0.000953788 0.00124792 0.00333904
internal_weight=64440 13425 51015 1539 65 1474 1067 70 997 407 377 42 49476 68 49408 43 49365 55 49310 10740 3132 1102 302 800 2030 755 1275 7608 2912 2080
internal_count=64440 13425 51015 1539 65 1474 1067 70 997 407 377 42 49476 68 49408 43 49365 55 49310 10740 3132 1102 302 800 2030 755 1275 7608 2912 2080
is_linear=0
shrinkage=0.05


Tree=163
num_leaves=25
num_cat=1
split_feature=2 6 6 4 9 10 7 0 8 6 8 9 9 9 4 4 4 7 0 8 5 8 9 8
split_gain=6.34727 14.2365 18.4135 13.863 38.6573 23.9554 15.6561 72.5499 17.4803 11.7352 31.5827 47.013 38.4875 12.24 78.7138 23.0641 11.3062 10.709 26.6947 36.597 21.1065 12.3268 53.425 21.4741
threshold=1.0000000180025095e-35 18.500000000000004 16.500000000000004 -0.98296291314453399 6.6875000000000009 0 12.500000000000002 10.500000000000002 19.500000000000004 19.500000000000004 9.5000000000000018 9.2291666666666696 8.6875000000000018 10.770833333333334 -0.60355339059327362 0.12940952255126045 0.91597561503675362 17.500000000000004 9.5000000000000018 9.5000000000000018 -0.9159756150367534 17.500000000000004 7.729166666666667 16.500000000000004
decision_type=2 10 10 2 10 1 10 2 8 8 10 8 10 10 2 2 2 10 2 10 2 10 10 10
left_child=1 2 3 4 5 -1 8 -8 -5 13 11 -11 -12 17 -15 -16 -17 21 19 -19 -20 23 -23 -2
right_child=9 -3 -4 6 -6 -7 7 -9 -10 10 12 -13 -14 14 15 16 -18 18 20 -21 -22 22 -24 -25
leaf_value=0.022217613912058357 -0.00017372775571539433 0.043352022878825669 -0.0468023319542408 0.0014312001256612849 0.064065653980980006 -0.0042286312314582632 0.0074801840115247716 -0.05035697840338136 -0.018905494800794908 -0.093925824224948884 0.051626891394456233 0.0021042639604554728 -0.035394805266211436 0.089675725783620569 -0.039017564817472844 0.021842266636763197 -0.017534162304722347 0.034574927929788828 -0.0010094280044237772 -0.028334357191776034 -0.054261108944002469 0.00065360543318092833 0.069311986184295488 -0.022915552329057114
leaf_weight=127 54470 20 20 8465 31 225 164 81 107 25 27 26 24 28 33 61 26 50 30 43 49 170 34 104
leaf_count=127 54470 20 20 8465 31 225 164 81 107 25 27 26 24 28 33 61 26 50 30 43 49 170 34 104
internal_value=1.33558e-08 0.0012129 0.00112149 0.00122567 0.0105382 0.0058241 0.000821147 -0.0116415 0.00117735 -0.000203013 -0.0171469 -0.0449693 0.0106755 -0.000171646 0.014188 -0.00342575 0.0100746 -0.000210321 -0.0126669 0.00548784 -0.034039 -0.000171208 0.0120967 -0.000217066
internal_weight=64440 9240 9220 9200 383 352 8817 245 8572 55200 102 51 51 55098 148 120 87 54950 172 93 79 54778 204 54574
internal_count=64440 9240 9220 9200 383 352 8817 245 8572 55200 102 51 51 55098 148 120 87 54950 172 93 79 54778 204 54574
cat_boundaries=0 1
cat_threshold=5
is_linear=0
shrinkage=0.05


Tree=164
num_leaves=31
num_cat=1
split_feature=6 0 8 7 9 10 7 5 9 9 9 9 9 9 2 7 8 4 9 8 0 9 4 9 6 4 9 9 0 6
split_gain=6.10346 11.6331 20.8523 17.7286 10.8968 12.995 24.7708 10.9874 10.1503 9.68906 22.4494 9.54112 9.15373 8.5892 8.55765 7.98983 35.9122 22.9722 57.0484 30.0756 24.2181 19.8541 17.5532 24.8438 24.7718 22.8784 34.892 31.8936 22.8281 27.2006
threshold=1.0000000180025095e-35 3.5000000000000004 8.5000000000000018 4.5000000000000009 7.7708333333333348 0 4.5000000000000009 -0.37940952255126015 6.729166666666667 7.5625000000000009 7.354166666666667 7.8958333333333348 3.6458333333333335 4.1875000000000009 5.5000000000000009 2.5000000000000004 14.500000000000002 -0.91597561503675329 5.1875000000000009 10.500000000000002 11.500000000000002 1.3541666666666667 0.25881904510252091 2.5625000000000004 8.5000000000000018 -0.60355339059327362 10.645833333333334 11.145833333333334 4.5000000000000009 3.5000000000000004
decision_type=10 2 10 10 8 1 10 2 10 10 10 10 10 10 2 8 10 2 10 10 2 10 2 8 10 2 10 10 2 10
left_child=1 3 4 9 5 7 -7 -3 12 10 -1 -11 14 -14 -5 16 17 18 21 20 -19 -2 23 28 -24 27 -27 -25 -17 -30
right_child=15 2 -4 8 -6 6 -8 -9 -10 11 -12 -13 13 -15 -16 22 -18 19 -20 -21 -22 -23 24 25 -26 26 -28 -29 29 -31
leaf_value=-0.0012247116610519533 -0.041189505938779229 0.018738876737944492 -0.052450856953859329 0.020765530299125375 -0.042237717583775522 -0.0051402195774067141 -0.0409631119155493 -0.0028123473693781043 0.044112819670276214 -0.03816674154470949 0.044467052434467608 -0.0058055738068145263 -0.026439411539052216 0.0059555360901867973 -0.014230699716135858 -0.0034759761502663172 0.058615509917338694 0.0005407450940228902 0.068175677876723448 -0.024043688410893084 0.027449468174988098 0.0068189797480761845 0.00036651432277685193 0.00072356249766936391 0.0067182409586253574 -0.0021706286396172992 -0.04324324998216561 0.059652408018060356 -0.0050079237353202188 -0.029549147427026735
leaf_weight=6174 22 77 25 138 20 231 61 255 22 34 27 69 28 76 20 2034 27 18327 38 124 84 1020 10461 13491 1799 9223 52 23 256 202
leaf_count=6174 22 77 25 138 20 231 61 255 22 34 27 69 28 76 20 2034 27 18327 38 124 84 1020 10461 13491 1799 9223 52 23 256 202
internal_value=1.52267e-07 -0.0013658 -0.00764786 -0.000727867 -0.00590862 -0.00474422 -0.0122058 0.00212206 0.0114924 -0.0012784 -0.00102576 -0.0164879 0.00875323 -0.00276618 0.0163356 0.000173503 0.000990584 0.000911264 0.00799988 0.000498224 0.000663516 0.00580536 -0.000254006 -0.00100692 0.00129855 -0.000488603 -0.0024009 0.000823856 -0.00574683 -0.0158318
internal_weight=64440 7257 669 6588 644 624 292 332 284 6304 6201 103 262 104 158 57183 19642 19615 1080 18535 18411 1042 37541 25281 12260 22789 9275 13514 2492 458
internal_count=64440 7257 669 6588 644 624 292 332 284 6304 6201 103 262 104 158 57183 19642 19615 1080 18535 18411 1042 37541 25281 12260 22789 9275 13514 2492 458
cat_boundaries=0 1
cat_threshold=21
is_linear=0
shrinkage=0.05


Tree=165
num_leaves=13
num_cat=0
split_feature=8 8 2 0 1 6 5 9 0 6 7 8
split_gain=5.97939 13.4474 6.13687 20.8359 44.005 23.67 29.5693 21.3189 14.9233 16.0132 35.138 20.804
threshold=23.500000000000004 21.500000000000004 4.5000000000000009 19.500000000000004 13.500000000000002 8.5000000000000018 -0.60355339059327384 6.354166666666667 20.500000000000004 7.5000000000000009 10.500000000000002 11.500000000000002
decision_type=10 10 2 2 2 10 2 10 2 10 10 8
left_child=1 2 8 5 -5 7 -7 -4 9 10 -1 -11
right_child=-2 -3 3 4 -6 6 -8 -9 -10 11 -12 -13
leaf_value=-0.00040049639073375527 0.027334948591887953 -0.031917946582490746 0.00079338913229935705 0.076304320709917828 -0.017810929169797381 0.0010699004515126182 -0.010139305023467762 0.0070376982057520319 -0.0316220297858021 0.0030279789023708423 -0.0088604032095891214 -0.004480349546654592
leaf_weight=37442 20 33 14515 27 23 1310 1068 1509 38 6099 1269 1087
leaf_count=37442 20 33 14515 27 23 1310 1068 1509 38 6099 1269 1087
internal_value=1.44668e-07 -8.34177e-06 8.01273e-06 0.000778197 0.0330113 0.000690616 -0.00396434 0.00138142 -0.000301369 -0.000275437 -0.000677824 0.00189222
internal_weight=64440 64420 64387 18452 50 18402 2378 16024 45935 45897 38711 7186
internal_count=64440 64420 64387 18452 50 18402 2378 16024 45935 45897 38711 7186
is_linear=0
shrinkage=0.05


Tree=166
num_leaves=31
num_cat=2
split_feature=2 1 8 6 9 10 7 7 0 5 10 9 6 7 4 9 9 4 4 0 4 7 6 0 8 9 8 7 6 9
split_gain=5.84662 13.437 15.5247 15.2012 13.4572 15.0362 29.1817 14.3845 13.5582 16.2704 15.5467 12.6534 10.9509 29.3062 34.4614 30.3601 11.2435 68.588 19.0582 10.5447 10.1448 9.62876 24.2748 21.6378 11.1252 48.3545 19.3239 9.36695 7.92606 8.0164
threshold=1.0000000180025095e-35 22.500000000000004 21.500000000000004 3.5000000000000004 2.2708333333333335 0 6.5000000000000009 9.5000000000000018 4.5000000000000009 -0.78656609248549325 1 5.1875000000000009 19.500000000000004 10.500000000000002 1.0000000180025095e-35 9.3125000000000018 10.770833333333334 -0.60355339059327362 0.12940952255126045 6.5000000000000009 0.91597561503675362 17.500000000000004 13.500000000000002 9.5000000000000018 17.500000000000004 7.729166666666667 16.500000000000004 5.5000000000000009 4.5000000000000009 7.104166666666667
decision_type=2 2 8 10 10 1 10 10 2 2 1 10 8 10 2 10 10 2 2 2 2 10 10 2 10 10 10 10 10 10
left_child=1 2 4 11 8 6 -6 -7 10 -10 -1 -4 16 14 -14 -15 21 -18 -19 -5 -20 24 23 -23 26 -26 -2 28 -3 -30
right_child=12 27 3 19 5 7 -8 -9 9 -11 -12 -13 13 15 -16 -17 17 18 20 -21 -22 22 -24 -25 25 -27 -28 -29 29 -31
leaf_value=-0.0058742256050700334 -0.00016685046362084234 -0.005559517223350568 0.032016503503141197 -0.014050548074719234 0.0025816014232203067 0.0043588626872334618 -0.0115083601285988 -0.0039312369761539808 0.0016370722615137335 -0.040140442738171529 0.011727194166972222 -0.018034776632807083 -0.023783631541676099 -0.081327376443033048 0.059172354709534414 -0.0033418101006342719 0.08406356602374998 -0.035197174043930843 0.02057543852229099 -0.053118630979330311 -0.016723832617012355 -0.003890895918559502 0.031516610318794845 -0.043107997961342341 0.00060372803168480885 0.065922771503820143 -0.021740077924914659 0.02533724296372384 -0.030970511512587902 0.0036907507275993172
leaf_weight=551 54470 274 23 39 1214 5618 527 577 41 54 152 28 31 26 21 24 28 33 61 31 26 85 27 60 170 34 104 20 69 22
leaf_count=551 54470 274 23 39 1214 5618 527 577 41 54 152 28 31 26 21 24 28 33 61 31 26 85 27 60 170 34 104 20 69 22
internal_value=1.37427e-07 0.0011642 0.00156178 -0.0162251 0.0018082 0.00243056 -0.00167381 0.00358095 -0.00438108 -0.0221101 -0.00198526 0.00453737 -0.000194717 -0.0165626 0.00971782 -0.0438943 -0.000164416 0.0135983 -0.00284354 -0.0313521 0.00942853 -0.000201484 -0.0120131 -0.0201187 -0.000164396 0.0114902 -0.000207962 -0.00798008 -0.00980569 -0.0225909
internal_weight=64440 9240 8855 121 8734 7936 1741 6195 798 95 703 51 55200 102 52 50 55098 148 120 70 87 54950 172 145 54778 204 54574 385 365 91
internal_count=64440 9240 8855 121 8734 7936 1741 6195 798 95 703 51 55200 102 52 50 55098 148 120 70 87 54950 172 145 54778 204 54574 385 365 91
cat_boundaries=0 1 2
cat_threshold=16 10
is_linear=0
shrinkage=0.05


Tree=167
num_leaves=31
num_cat=2
split_feature=1 1 8 7 8 0 9 6 1 9 2 10 2 10 6 9 2 9 0 8 9 2 7 9 9 9 9 0 6 9
split_gain=5.80282 12.398 12.7291 10.1821 31.9603 18.9848 18.4804 24.5534 17.6823 15.9509 15.7753 15.0012 13.9758 23.2957 14.5133 10.5655 10.2899 16.6421 9.41401 9.38953 17.2407 7.80136 7.41943 9.53479 7.20137 6.99804 6.03322 6.77649 9.46368 7.55407
threshold=4.5000000000000009 1.0000000180025095e-35 4.5000000000000009 2.5000000000000004 14.500000000000002 13.500000000000002 6.229166666666667 11.500000000000002 5.5000000000000009 1.6458333333333337 1.5000000000000002 0 1.0000000180025095e-35 1 19.500000000000004 4.5625000000000009 3.5000000000000004 4.1458333333333348 4.5000000000000009 4.5000000000000009 1.5625000000000002 1.5000000000000002 3.5000000000000004 9.3541666666666696 4.604166666666667 5.979166666666667 1.6875000000000002 1.0000000180025095e-35 5.5000000000000009 3.4375000000000004
decision_type=2 2 8 8 10 2 10 10 2 8 2 1 2 1 10 8 2 10 2 10 10 2 10 10 10 10 8 2 8 10
left_child=1 26 18 4 5 6 10 -8 11 19 -2 15 13 -11 -14 21 17 -13 22 -10 -21 -5 23 -3 -18 -24 -1 -28 29 -29
right_child=3 2 -4 8 -6 -7 7 -9 9 12 -12 16 14 -15 -16 -17 24 -19 -20 20 -22 -23 25 -25 -26 -27 27 28 -30 -31
leaf_value=0.015066049109887462 -0.0013134739359071978 -0.0011172551530800191 -0.012283362468124191 -0.013508679850825243 0.055749734856740202 0.038074931002920497 -0.010418447797229773 0.041361457291835296 -0.0076240148937423719 0.0046726289849263105 0.0026033087476032535 -0.020126131092686031 -0.00056686335864550004 -0.0021944758977607347 -0.020243242692742303 -0.017964908869758454 0.045109451717164906 0.015308403684075473 -0.01488149422184506 -0.0090247659757733342 -0.066330441211660707 0.018815075603613101 -0.0017878583174488667 0.017271241305632071 0.019041224738258287 -0.015920670311642449 -0.0033458548654342599 -0.00019919656281701455 -0.0099751561696669374 0.0062677985580246662
leaf_weight=87 3495 9913 276 28 27 35 497 24 224 3349 9721 42 31045 1948 94 73 35 157 128 35 21 56 188 71 109 164 533 719 132 1214
leaf_count=87 3495 9913 276 28 27 35 497 24 224 3349 9721 42 31045 1948 94 73 35 157 128 35 21 56 188 71 109 164 533 719 132 1214
internal_value=1.75961e-07 -0.000924743 -0.00168447 0.000243576 0.00140363 0.00129709 0.00120338 -0.00803319 -0.000186552 -0.000313736 0.00156751 0.00915282 -0.000222378 0.00215189 -0.000626261 -0.00380861 0.0147661 0.00782976 -0.00140492 -0.0122021 -0.0305144 0.00804049 -0.00123802 -0.000986488 0.0253773 -0.00837246 0.00211418 0.00168046 0.0029778 0.00386233
internal_weight=64440 13425 10740 51015 13799 13772 13737 521 37216 36716 13216 500 36436 5297 31139 157 343 199 10464 280 56 84 10336 9984 144 352 2685 2598 2065 1933
internal_count=64440 13425 10740 51015 13799 13772 13737 521 37216 36716 13216 500 36436 5297 31139 157 343 199 10464 280 56 84 10336 9984 144 352 2685 2598 2065 1933
cat_boundaries=0 1 2
cat_threshold=9 13
is_linear=0
shrinkage=0.05


Tree=168
num_leaves=18
num_cat=0
split_feature=7 7 5 1 2 8 8 6 9 0 8 9 1 8 0 7 8
split_gain=5.70836 7.07209 5.90026 22.298 23.6301 48.5635 25.8212 20.9827 19.7209 17.0514 16.3664 56.1317 18.0721 15.0155 10.9048 35.3582 10.5327
threshold=23.500000000000004 21.500000000000004 -0.12940952255126037 16.500000000000004 4.5000000000000009 14.500000000000002 14.500000000000002 6.5000000000000009 3.2708333333333335 7.5000000000000009 1.5000000000000002 6.1875000000000009 13.500000000000002 5.5000000000000009 9.5000000000000018 11.500000000000002 9.5000000000000018
decision_type=10 10 2 2 2 10 10 8 8 2 8 10 2 8 2 10 10
left_child=1 2 3 10 6 -6 -5 14 13 -10 11 -1 -12 -9 16 -16 -4
right_child=-2 -3 7 4 5 -7 -8 8 9 -11 12 -13 -14 -15 15 -17 -18
leaf_value=-0.0031535364059666181 -0.026707929791882634 0.023149132976929346 -0.00016897138083795033 0.0010862325795262023 0.014627062856857326 -0.054894057947855734 0.043835873963932202 -0.009093768687615562 -0.0002952014213058532 -0.0067603774016030613 0.0013254390602556209 -0.06989163024700247 -0.0016234216492566232 -0.034241139895577984 0.0031903841304109556 0.05600133168821534 0.0078618979015149144
leaf_weight=2043 20 33 29534 1877 742 26 36 215 2719 1632 17310 32 7424 82 265 36 414
leaf_count=2043 20 33 29534 1877 742 26 36 215 2719 1632 17310 32 7424 82 265 36 414
internal_value=1.86392e-07 8.47826e-06 -3.38192e-06 0.000517289 0.00486497 0.0122735 0.00189072 -0.000443379 -0.00357111 -0.0027202 8.25044e-05 -0.00418275 0.000440328 -0.0160368 3.72219e-05 0.00950664 -5.7953e-05
internal_weight=64440 64420 64387 29490 2681 768 1913 34897 4648 4351 26809 2075 24734 297 30249 301 29948
internal_count=64440 64420 64387 29490 2681 768 1913 34897 4648 4351 26809 2075 24734 297 30249 301 29948
is_linear=0
shrinkage=0.05


Tree=169
num_leaves=31
num_cat=0
split_feature=4 9 9 7 9 6 6 8 9 0 9 1 8 6 9 7 6 7 7 0 2 7 0 6 0 9 2 2 8 0
split_gain=5.69317 25.4767 23.6156 22.6981 35.3286 62.6288 30.8017 30.6232 43.7914 21.9823 19.3629 16.6648 23.1337 47.0264 52.4478 27.0026 33.1827 24.0745 21.1936 19.9017 21.0406 16.0172 15.4519 15.2694 24.1191 68.8628 21.5234 37.6953 35.1603 17.6499
threshold=-0.60355339059327362 10.85416666666667 2.4791666666666674 5.5000000000000009 6.7708333333333348 13.500000000000002 5.5000000000000009 5.5000000000000009 3.6458333333333335 4.5000000000000009 7.6458333333333348 13.500000000000002 10.500000000000002 6.5000000000000009 3.8958333333333335 10.500000000000002 9.5000000000000018 16.500000000000004 7.5000000000000009 2.5000000000000004 1.5000000000000002 22.500000000000004 14.500000000000002 7.5000000000000009 13.500000000000002 6.979166666666667 5.5000000000000009 3.5000000000000004 1.0000000180025095e-35 12.500000000000002
decision_type=2 10 10 10 10 10 10 8 10 2 10 2 10 10 10 10 10 8 10 2 2 10 2 10 2 10 2 2 10 2
left_child=1 2 9 4 6 -6 -4 10 -9 -1 -5 21 17 14 -14 16 -15 19 -16 20 -13 23 -21 24 29 -26 27 -25 -28 -2
right_child=11 -3 3 7 5 -7 -8 8 -10 -11 -12 12 13 15 18 -17 -18 -19 -20 22 -22 -23 -24 26 25 -27 28 -29 -30 -31
leaf_value=-0.0016080306555150475 -0.00023291179919093634 0.04059363746433519 0.0053865882466894652 0.0024406281003972108 0.036748981993056117 -0.025665657234808001 -0.00085729915830637176 -0.017184020773321391 -0.0014839544665228386 -0.013501989346021554 0.024171178661427411 -0.0054477196810933893 -0.045834330856800082 -0.022433301770727929 0.075508700311183938 0.0013685026460073212 -0.074699114574692568 0.04281792993967732 0.013175047176579635 -0.0044959412070465091 0.0033495279896561068 -0.040692911033208178 0.032121401003979408 0.00062448955614298344 0.036754216931237864 -0.043639119276229071 0.058341015094802495 0.010918577822961037 -0.0073853298898818301 -0.020294829550283878
leaf_weight=2335 32762 40 4522 3114 177 52 3507 500 3976 466 106 949 25 73 25 44 52 30 30 4403 2395 24 29 2472 123 34 21 1389 655 110
leaf_count=2335 32762 40 4522 3114 177 52 3507 500 3976 466 106 949 25 73 25 44 52 30 30 4403 2395 24 29 2472 123 34 21 1389 655 110
internal_value=1.77077e-07 0.000732571 0.000647557 0.00139097 0.00321162 0.0225762 0.00265931 -0.000562624 -0.00323776 -0.00358682 0.00315598 -0.000301397 -0.00236524 -0.0173681 0.0142139 -0.0323182 -0.0441759 -0.00188667 0.0415085 -0.00205914 0.000852941 0.000140855 -0.00425634 0.000166943 -0.000206668 0.0193442 0.0028868 0.0043278 -0.00534354 -0.000300045
internal_weight=64440 18795 18755 15954 8258 229 8029 7696 4476 2801 3220 45645 8055 249 80 169 125 7806 55 7776 3344 37590 4432 37566 33029 157 4537 3861 676 32872
internal_count=64440 18795 18755 15954 8258 229 8029 7696 4476 2801 3220 45645 8055 249 80 169 125 7806 55 7776 3344 37590 4432 37566 33029 157 4537 3861 676 32872
is_linear=0
shrinkage=0.05


Tree=170
num_leaves=10
num_cat=0
split_feature=8 8 6 8 5 0 5 6 0
split_gain=5.46897 12.1168 5.87097 6.01484 43.0188 58.6289 20.8862 14.101 12.074
threshold=23.500000000000004 21.500000000000004 23.500000000000004 17.500000000000004 -0.78656609248549325 12.500000000000002 -0.5 21.500000000000004 22.500000000000004
decision_type=10 10 8 10 2 2 2 10 2
left_child=1 2 3 7 5 -5 -6 8 -1
right_child=-2 -3 -4 4 6 -7 -8 -9 -10
leaf_value=2.5138585576786675e-06 0.026142252832651137 -0.030297657350699111 0.024732685958345733 0.0096674639369464591 0.064145031693281937 -0.075599437469749578 0.01538096126469393 -0.034299827280143899 -0.031725041984270015
leaf_weight=64107 20 33 24 72 34 28 62 30 30
leaf_count=64107 20 33 24 72 34 28 62 30 30
internal_value=1.68226e-07 -7.94791e-06 7.57635e-06 -1.64328e-06 0.008744 -0.0142073 0.0326516 -2.83571e-05 -1.23267e-05
internal_weight=64440 64420 64387 64363 196 100 96 64167 64137
internal_count=64440 64420 64387 64363 196 100 96 64167 64137
is_linear=0
shrinkage=0.05


Tree=171
num_leaves=22
num_cat=1
split_feature=0 4 9 0 7 2 4 8 9 7 6 9 9 0 10 7 0 0 8 9 0
split_gain=6.03411 5.39606 14.9368 33.5009 22.6866 31.1884 34.0582 21.4712 38.5934 18.1127 16.0984 57.4636 29.4941 14.9017 9.80281 20.0115 21.224 14.7732 10.1451 38.959 17.9326
threshold=23.500000000000004 -0.78656609248549303 8.7708333333333339 9.5000000000000018 15.500000000000002 3.5000000000000004 -0.91597561503675329 4.5000000000000009 9.3958333333333339 16.500000000000004 8.5000000000000018 6.6458333333333348 3.4791666666666674 21.500000000000004 0 10.500000000000002 4.5000000000000009 8.5000000000000018 14.500000000000002 7.2708333333333348 15.500000000000002
decision_type=2 2 10 2 10 2 2 10 10 10 10 10 8 2 1 10 2 2 10 10 2
left_child=1 2 4 -4 10 6 -6 -5 -9 -7 11 -1 -12 14 15 17 -17 -3 20 -20 -16
right_child=-2 13 3 7 5 9 -8 8 -10 -11 12 -13 -14 -15 18 16 -18 -19 19 -21 -22
leaf_value=0.0011789263243986291 0.027459767227992416 -0.001241879967421671 0.066389496652064492 -0.036377360090613368 0.023025146403233523 -0.081832150776277895 -0.043338104453066302 0.053958092095507754 -0.0035072465495128804 -0.025828592672145795 -0.028404547312410079 0.025343950445734204 -0.0015660426336539164 -0.039632593452309572 0.00012337207247573726 -0.0020761478530324025 -0.07160048491898037 -0.017713571777162346 0.0016433522518622013 -0.0278737092576921 0.012353314300736919
leaf_weight=10355 20 10021 27 25 58 22 29 42 96 42 107 252 2364 24 39916 23 21 138 401 155 302
leaf_count=10355 20 10021 27 25 58 22 29 42 96 42 107 252 2364 24 39916 23 21 138 401 155 302
internal_value=1.59799e-07 -8.36538e-06 0.000883763 0.0148033 0.000683845 -0.0185858 0.000904063 0.00625834 0.0139822 -0.0450798 0.000906335 0.00175304 -0.00272821 -0.000243096 -0.000224551 -0.00160978 -0.0352582 -0.00146563 0.000122445 -0.00658532 0.000215208
internal_weight=64440 64420 13419 190 13229 151 87 163 138 64 13078 10607 2471 51001 50977 10203 44 10159 40774 556 40218
internal_count=64440 64420 13419 190 13229 151 87 163 138 64 13078 10607 2471 51001 50977 10203 44 10159 40774 556 40218
cat_boundaries=0 1
cat_threshold=2
is_linear=0
shrinkage=0.05


Tree=172
num_leaves=19
num_cat=0
split_feature=0 2 6 0 6 8 6 8 6 8 9 9 6 5 5 7 0 9
split_gain=5.44579 5.34725 13.187 16.363 57.2049 26.791 22.851 17.0899 11.4767 29.6446 37.4042 24.0876 11.0478 42.664 20.9845 13.2799 30.1309 12.2925
threshold=23.500000000000004 1.0000000180025095e-35 18.500000000000004 12.500000000000002 13.500000000000002 5.5000000000000009 15.500000000000002 12.500000000000002 19.500000000000004 9.5000000000000018 9.2291666666666696 8.6875000000000018 17.500000000000004 -0.98296291314453399 -0.9159756150367534 17.500000000000004 9.5000000000000018 7.604166666666667
decision_type=2 2 10 2 10 8 10 10 8 10 8 10 10 2 2 10 2 10
left_child=1 2 3 6 5 -5 7 -1 12 10 -10 -11 15 -14 -15 17 -17 -3
right_child=-2 8 -4 4 -6 -7 -8 -9 9 11 -12 -13 13 14 -16 16 -18 -19
leaf_value=0.00088378015728670907 0.026086778370663522 -0.00030511416779146637 0.041661581099033361 -0.033029140387925336 -0.067093351101263979 0.0073406971340917579 0.044240492438116383 0.014781069003880468 -0.087301314830780033 0.046102268528193241 -0.00080948561243712909 -0.027223738992498039 -0.052465312927961354 0.065209391602763428 0.01423119361352292 0.0063957894128786096 -0.033322940628093323 0.0035248210733851608
leaf_weight=8685 20 52587 20 53 39 183 31 227 25 24 25 21 20 27 80 96 95 2182
leaf_count=8685 20 52587 20 53 39 183 31 227 25 24 25 21 20 27 80 96 95 2182
internal_value=1.51834e-07 -7.94709e-06 0.00110541 0.00101742 -0.0109958 -0.00172541 0.00138683 0.00123776 -0.000194334 -0.017558 -0.0440554 0.0118835 -0.000164389 0.0145657 0.0270949 -0.000198427 -0.0133596 -0.000152529
internal_weight=64440 64420 9238 9218 275 236 8943 8912 55182 95 50 45 55087 127 107 54960 191 54769
internal_count=64440 64420 9238 9218 275 236 8943 8912 55182 95 50 45 55087 127 107 54960 191 54769
is_linear=0
shrinkage=0.05


Tree=173
num_leaves=31
num_cat=0
split_feature=6 1 0 1 2 0 2 1 8 9 9 9 0 2 9 8 8 9 0 7 8 5 8 0 4 6 9 0 9 8
split_gain=5.19183 11.1048 18.2812 17.278 12.1789 23.47 24.3184 19.3314 17.3492 10.6556 14.6084 13.6475 16.4163 14.3186 8.05714 7.88024 7.86455 7.2251 7.98085 7.11665 28.5892 20.0357 32.9485 29.2883 15.5699 27.8257 62.9064 43.3487 25.1434 31.3317
threshold=1.0000000180025095e-35 8.5000000000000018 7.5000000000000009 5.5000000000000009 4.5000000000000009 5.5000000000000009 2.5000000000000004 15.500000000000002 3.5000000000000004 2.4791666666666674 2.4375000000000004 2.6458333333333335 4.5000000000000009 2.5000000000000004 1.6875000000000002 4.5000000000000009 3.5000000000000004 7.7708333333333348 2.5000000000000004 2.5000000000000004 14.500000000000002 -0.12940952255126037 10.500000000000002 11.500000000000002 0.37940952255126054 15.500000000000002 6.6875000000000009 15.500000000000002 2.9375000000000004 10.500000000000002
decision_type=10 2 2 2 2 2 2 2 10 10 8 10 2 2 10 10 8 8 2 8 10 2 10 2 2 10 10 2 10 10
left_child=1 3 4 17 5 15 -7 8 -6 10 16 13 -13 -11 -9 -3 -5 -1 -19 20 21 22 23 -2 28 -26 -27 -28 29 -21
right_child=19 2 -4 9 7 6 -8 14 -10 11 -12 12 -14 -15 -16 -17 -18 18 -20 24 -22 -23 -24 -25 25 26 27 -29 -30 -31
leaf_value=-0.00041849014956596832 0.0039144797999424953 0.0027367462706701178 -0.043247332200407988 0.00065476707623539766 0.0024052616208791733 0.077802363658944773 0.0058546441080777542 -0.023757100215351042 -0.051195057481527334 -0.055020609351270122 0.035373609347475903 -0.0053676448084758266 -0.026052622392622606 -0.012586290262639521 0.0088910883104901268 0.016408193443840657 -0.019431618516238692 -0.0061676930728150007 -0.038995445333421232 -0.0036562392268878669 0.05234621391735144 -2.2339292309705742e-05 -0.022555224608694174 0.035846848704227031 0.0012397013883765871 0.10782993361353875 -0.038125235813536815 0.056906181653695445 -0.00014727155516493947 -0.041605446914380249
leaf_weight=5007 4397 457 20 280 26 24 23 22 36 33 27 706 111 50 134 137 59 81 24 4903 27 15029 116 73 9791 20 28 21 22723 55
leaf_count=5007 4397 457 20 280 26 24 23 22 36 33 27 706 111 50 134 137 59 81 24 4903 27 15029 116 73 9791 20 28 21 22723 55
internal_value=1.4424e-07 -0.00125967 0.00400893 -0.00198578 0.00510919 0.00858117 0.0425939 -0.0050997 -0.0287175 -0.00721519 -2.19761e-05 -0.0101404 -0.00817797 -0.0294578 0.00428686 0.00588993 -0.00284109 -0.000690699 -0.0136712 0.000160026 0.000931168 0.000860395 0.00375325 0.00443597 -0.000243447 0.00146268 0.0331032 0.00260251 -0.000851172 -0.00407722
internal_weight=64440 7257 879 6378 859 641 47 218 62 1266 366 900 817 83 156 594 339 5112 105 57183 19642 19615 4586 4470 37541 9860 69 49 27681 4958
internal_count=64440 7257 879 6378 859 641 47 218 62 1266 366 900 817 83 156 594 339 5112 105 57183 19642 19615 4586 4470 37541 9860 69 49 27681 4958
is_linear=0
shrinkage=0.05


Tree=174
num_leaves=13
num_cat=1
split_feature=8 8 2 0 8 6 4 8 0 6 7 10
split_gain=5.13855 10.5465 5.56237 19.0085 41.7204 20.9728 26.563 19.5881 12.6797 14.0397 31.8125 20.5454
threshold=23.500000000000004 21.500000000000004 4.5000000000000009 19.500000000000004 9.5000000000000018 8.5000000000000018 0.37940952255126054 18.500000000000004 20.500000000000004 7.5000000000000009 10.500000000000002 0
decision_type=10 10 2 2 10 10 2 10 2 10 10 1
left_child=1 2 8 5 -5 7 -7 -4 9 10 -1 -11
right_child=-2 -3 3 4 -6 6 -8 -9 -10 11 -12 -13
leaf_value=-0.00037678581082007702 0.025340221635997296 -0.028266624824115728 0.0013757130681048503 -0.022144911899453119 0.070393189450661683 -0.005917042279144657 0.0090164147077240377 -0.042917253613471984 -0.029158247532905079 -0.0060827429214819154 -0.0084264098468913289 0.002670749413981318
leaf_weight=37442 20 33 15999 21 29 2029 349 25 38 739 1269 6447
leaf_count=37442 20 33 15999 21 29 2029 349 25 38 739 1269 6447
internal_value=1.37024e-07 -7.73012e-06 6.75329e-06 0.000740002 0.0315272 0.00065635 -0.00372538 0.00130661 -0.000287791 -0.000263888 -0.000640664 0.0017658
internal_weight=64440 64420 64387 18452 50 18402 2378 16024 45935 45897 38711 7186
internal_count=64440 64420 64387 18452 50 18402 2378 16024 45935 45897 38711 7186
cat_boundaries=0 1
cat_threshold=1
is_linear=0
shrinkage=0.05


Tree=175
num_leaves=31
num_cat=1
split_feature=4 7 8 9 6 1 0 0 9 0 7 8 6 7 7 9 9 9 6 0 2 9 7 0 0 8 10 0 9 8
split_gain=5.21125 14.1411 29.8584 23.3215 55.5379 40.1181 25.6267 19.9025 16.5696 55.8119 38.3261 34.2081 49.1828 44.1517 28.1121 52.8073 28.4845 19.3393 70.0065 23.2255 17.904 15.9752 13.7026 10.1151 11.3072 22.85 8.54267 28.1092 17.0446 13.7629
threshold=-0.78656609248549303 2.5000000000000004 15.500000000000002 3.0208333333333335 2.5000000000000004 18.500000000000004 5.5000000000000009 5.5000000000000009 7.3125000000000009 6.5000000000000009 12.500000000000002 10.500000000000002 7.5000000000000009 6.5000000000000009 12.500000000000002 6.979166666666667 6.854166666666667 6.104166666666667 4.5000000000000009 13.500000000000002 3.5000000000000004 2.9375000000000004 1.5000000000000002 22.500000000000004 19.500000000000004 10.500000000000002 0 15.500000000000002 6.0625000000000009 18.500000000000004
decision_type=2 8 8 10 10 2 2 2 10 2 10 10 10 10 10 10 10 10 10 2 2 10 10 2 2 8 1 2 8 10
left_child=1 2 3 6 5 -5 21 -6 14 10 -10 12 -11 -13 17 16 -16 19 -19 -3 -17 -1 -8 24 26 -26 29 28 -28 -2
right_child=23 8 -4 4 7 -7 22 -9 9 11 -12 13 -14 -15 15 20 -18 18 -20 -21 -22 -23 -24 -25 25 -27 27 -29 -30 -31
leaf_value=0.0040713320055294636 0.00035723207616567058 -0.0002301585314493568 0.063966431109500788 0.084828162902012116 -0.0011884966712828364 -0.001548889996483922 -0.0030573377872505072 0.015004709577095991 0.02353302715562804 0.041246702187523548 0.10349637560708368 0.07620359551289986 -0.012210285681017567 0.010145681699493318 -0.010709989789802851 -0.085851698567469922 0.041900875219809161 0.086691650665468648 0.0048428281843569823 -0.028165976077318189 -0.024777923785150053 -0.026367970320085685 -0.029871749069541695 -0.029751631094078568 -0.007770499338706334 0.064592865218291995 -0.0007907906947632699 0.051957561343908311 -0.0080114026932193352 -0.01744149380252449
leaf_weight=1023 30431 9327 21 41 379 20 91 380 43 49 23 29 353 198 317 30 28 27 806 75 20 45 100 29 24 20 19524 25 853 109
leaf_count=1023 30431 9327 21 41 379 20 91 380 43 49 23 29 353 198 317 30 28 27 806 75 20 45 100 29 24 20 19524 25 853 109
internal_value=1.03683e-07 0.00087661 0.00464507 0.00404586 0.0106077 0.0565078 -0.000227942 0.00691877 0.000177823 0.00765747 0.051399 0.00306774 -0.00569438 0.0185848 -0.000311204 -0.0133999 -0.00644012 0.000193928 0.00749579 -0.000453003 -0.0614222 0.00278878 -0.0170963 -0.000230556 -0.000213765 0.0251219 -0.000235648 -0.00102754 -0.00109305 0.000293611
internal_weight=64440 13425 2100 2079 820 61 1259 759 11325 695 66 629 402 227 10630 395 345 10235 833 9402 50 1068 191 51015 50986 44 50942 20402 20377 30540
internal_count=64440 13425 2100 2079 820 61 1259 759 11325 695 66 629 402 227 10630 395 345 10235 833 9402 50 1068 191 51015 50986 44 50942 20402 20377 30540
cat_boundaries=0 1
cat_threshold=21
is_linear=0
shrinkage=0.05


Tree=176
num_leaves=31
num_cat=1
split_feature=8 9 0 6 0 10 1 2 9 9 2 4 0 9 9 9 7 9 9 4 6 7 7 7 9 9 9 6 0 0
split_gain=5.0132 11.1723 25.1583 27.5018 18.7442 37.7841 28.8473 22.485 22.2756 16.3682 12.4899 8.00577 7.78915 9.82127 12.9795 9.0781 13.0879 7.5717 17.2746 7.51054 11.5868 8.35866 7.75876 7.38422 7.22439 9.22934 6.4345 5.77873 5.75721 4.38497
threshold=1.0000000180025095e-35 4.8958333333333348 4.5000000000000009 3.5000000000000004 4.5000000000000009 0 11.500000000000002 4.5000000000000009 4.229166666666667 3.4791666666666674 3.5000000000000004 0.78656609248549325 1.0000000180025095e-35 5.0208333333333348 4.979166666666667 5.854166666666667 2.5000000000000004 12.895833333333334 12.083333333333334 0.12940952255126045 7.5000000000000009 5.5000000000000009 2.5000000000000004 22.500000000000004 11.812500000000002 10.85416666666667 5.3125000000000009 3.5000000000000004 3.5000000000000004 1.5000000000000002
decision_type=8 10 2 10 2 1 2 2 10 10 2 2 2 10 10 10 10 10 10 2 10 10 10 10 10 10 10 10 2 2
left_child=1 4 12 11 19 6 -6 -8 9 -7 -5 -4 15 14 -14 26 -17 18 23 20 21 -1 29 24 25 -2 -3 -24 -15 -21
right_child=17 2 3 10 5 8 7 -9 -10 -11 -12 -13 13 28 -16 16 -18 -19 -20 22 -22 -23 27 -25 -26 -27 -28 -29 -30 -31
leaf_value=0.0014845181112973127 0.00015313019700480073 -0.006857799289515242 0.019154550662885111 0.028906362721075614 0.047630366448845184 -0.034001618058138186 0.0096221396988347332 -0.052760760402306921 -0.063847238446275392 -0.0008480059710564092 0.079916746153806659 -0.023678322546184065 0.0062773075612152333 0.0032237907914403718 0.050256797969341287 -0.0072807089035354907 -0.045226520319180244 -0.025386440291486942 0.042579491312305137 -0.00088149077109147839 -0.034997087282023304 0.019503232606631869 -0.0073497497935902205 -0.022808260009790374 -0.026185362026668515 0.017147860740078614 0.012037608586819615 -0.029200883728988242 -0.012462415179470554 -0.0047739199095438731
leaf_weight=1203 57110 100 24 24 35 89 52 20 36 64 24 20 51 680 25 105 29 29 24 2966 21 68 364 35 26 80 82 33 64 957
leaf_count=1203 57110 100 24 24 35 89 52 20 36 64 24 20 51 680 25 105 29 29 24 2966 21 68 364 35 26 80 82 33 64 957
internal_value=9.8505e-08 -0.00124963 0.00308982 0.028238 -0.0021516 -0.0144146 0.00950597 -0.00770644 -0.0270297 -0.0201334 0.0544116 -0.000314937 0.00105317 0.00362335 0.0207442 -0.00561626 -0.0154929 0.000155725 0.000168658 -0.0015048 0.0018399 0.00244854 -0.00250511 0.000150879 0.000164924 0.000176903 0.00165552 -0.00916609 0.00187444 -0.00183103
internal_weight=64440 7136 1228 92 5908 296 107 72 189 153 48 44 1136 820 76 316 134 57304 57275 5612 1292 1271 4320 57251 57216 57190 182 397 744 3923
internal_count=64440 7136 1228 92 5908 296 107 72 189 153 48 44 1136 820 76 316 134 57304 57275 5612 1292 1271 4320 57251 57216 57190 182 397 744 3923
cat_boundaries=0 1
cat_threshold=6
is_linear=0
shrinkage=0.05


Tree=177
num_leaves=31
num_cat=0
split_feature=0 8 4 9 6 8 1 5 2 8 2 9 1 0 6 9 7 6 9 0 9 8 9 9 8 2 8 9 7 2
split_gain=4.84481 10.9846 11.5658 10.0097 10.7437 11.4297 7.93424 11.512 9.98459 31.7292 28.8319 18.4161 40.4168 21.2065 9.23845 10.6576 10.6319 7.63535 14.6338 18.9964 10.7001 8.22225 22.197 13.6377 7.48133 6.63915 5.91197 4.57675 4.40002 11.2979
threshold=1.0000000180025095e-35 8.5000000000000018 -0.98296291314453399 9.6875000000000018 7.5000000000000009 7.5000000000000009 1.0000000180025095e-35 0.78656609248549303 4.5000000000000009 20.500000000000004 5.5000000000000009 9.5625000000000018 17.500000000000004 20.500000000000004 4.5000000000000009 5.8125000000000009 4.5000000000000009 4.5000000000000009 7.0625000000000009 4.5000000000000009 6.8125000000000009 5.5000000000000009 6.3958333333333348 6.6875000000000009 5.5000000000000009 1.5000000000000002 4.5000000000000009 4.3125000000000009 2.5000000000000004 1.5000000000000002
decision_type=2 10 2 10 10 10 2 2 2 10 2 10 2 2 8 10 10 10 8 2 10 10 10 10 8 2 10 8 10 2
left_child=1 2 -1 4 5 -4 14 8 11 10 -10 13 -13 -8 15 28 25 21 20 -20 -19 23 -23 -9 26 -16 -17 -27 -2 -30
right_child=6 -3 3 -5 -6 -7 7 17 9 -11 -12 12 -14 -15 16 24 -18 18 19 -21 -22 22 -24 -25 -26 27 -28 -29 29 -31
leaf_value=-0.035045814272016286 0.0042142914245084078 -0.03247407383751124 -0.0013207047816775042 0.034345070719718936 0.026557823887893135 0.035620975316989989 1.1152564898485083e-05 -0.00062078659431592201 0.0039260523851147961 -0.0460547268816403 -0.00070268639908013927 -0.026769930045265941 0.027340373427564787 -0.03892918644206865 0.012610316563839631 0.013418456865556181 -0.031786423598361369 -0.0062204023955794979 0.016201877269377083 -0.006477786327866282 -0.029150766406630009 0.001558043822338671 0.042648218209162737 -0.0097001679710457846 0.039199813953242624 -0.025360646903780953 -0.014382100282680423 -0.0031482002277065206 -0.016831211977834375 0.0034813042685071164
leaf_weight=25 1262 28 7123 20 35 21 33093 5859 6734 35 6723 160 44 35 59 214 34 1269 173 198 53 209 39 445 26 28 21 135 95 245
leaf_count=25 1262 28 7123 20 35 21 33093 5859 6734 35 6723 160 44 35 59 214 34 1269 173 198 53 209 39 445 26 28 21 135 95 245
internal_value=9.35903e-08 -0.00121737 -0.00109622 -0.000978318 -0.00107673 -0.00121211 0.000154479 3.89527e-05 0.000342309 0.00148992 0.00161357 -0.000122215 -0.0150991 -2.99882e-05 0.00315681 0.00438063 -0.00574935 -0.00168383 -0.00467712 0.00409791 -0.0071397 -0.000910386 0.00801981 -0.0012617 0.0137499 -0.0017617 0.0109342 -0.00696384 0.00285418 -0.00219425
internal_weight=64440 7252 7224 7199 7179 7144 57188 55069 46824 13492 13457 33332 204 33128 2119 1863 256 8245 1693 371 1322 6552 248 6304 261 222 235 163 1602 340
internal_count=64440 7252 7224 7199 7179 7144 57188 55069 46824 13492 13457 33332 204 33128 2119 1863 256 8245 1693 371 1322 6552 248 6304 261 222 235 163 1602 340
is_linear=0
shrinkage=0.05


Tree=178
num_leaves=14
num_cat=0
split_feature=8 8 2 6 6 4 7 5 1 8 0 2 8
split_gain=5.39336 8.18705 5.25509 11.9833 17.6409 12.921 8.24773 21.8342 31.2738 17.9063 61.6739 14.7923 8.85462
threshold=23.500000000000004 21.500000000000004 1.0000000180025095e-35 18.500000000000004 16.500000000000004 -0.98296291314453399 3.5000000000000004 -0.37940952255126015 11.500000000000002 1.5000000000000002 6.5000000000000009 2.5000000000000004 13.500000000000002
decision_type=10 10 2 10 10 2 8 2 2 8 2 2 10
left_child=1 2 3 4 5 -1 7 8 -4 10 -8 -11 -9
right_child=-2 -3 6 -5 -6 -7 9 12 -10 11 -12 -13 -14
leaf_value=0.010129538653247762 0.025960845537483693 -0.024906034572896633 0.007850573981452124 0.039769631847739219 -0.045882789194583898 0.00073659945924953261 -0.0020890877457446981 -0.00022736971099573657 0.00011227288912403643 -0.0021579033171013132 -0.028150030005186913 0.00044771207390191937 -0.031266369354789672
leaf_weight=382 20 33 2207 20 20 8812 1946 23043 3197 8181 257 16299 23
leaf_count=382 20 33 2207 20 20 8812 1946 23043 3197 8181 257 16299 23
internal_value=8.89024e-08 -7.97094e-06 4.78996e-06 0.00110874 0.00102483 0.00112687 -0.00018004 0.000411898 0.0032726 -0.000811621 -0.00512933 -0.000423062 -0.00025832
internal_weight=64440 64420 64387 9234 9214 9194 55153 28470 5404 26683 2203 24480 23066
internal_count=64440 64420 64387 9234 9214 9194 55153 28470 5404 26683 2203 24480 23066
is_linear=0
shrinkage=0.05


Tree=179
num_leaves=7
num_cat=0
split_feature=0 8 8 6 6 0
split_gain=4.99769 4.87057 7.38397 6.29053 8.49763 4.98221
threshold=23.500000000000004 23.500000000000004 21.500000000000004 23.500000000000004 21.500000000000004 18.500000000000004
decision_type=2 10 10 8 10 2
left_child=1 2 3 4 5 -1
right_child=-2 -3 -4 -5 -6 -7
leaf_value=2.0625951848900568e-05 0.024990429994650187 0.024662802871316673 -0.023660733544084274 0.026140801349411841 -0.026617176396927483 -0.009322586256527942
leaf_weight=64171 20 20 33 23 30 143
leaf_count=64171 20 20 33 23 30 143
internal_value=8.44462e-08 -7.67412e-06 -1.53358e-05 -3.21312e-06 -1.25584e-05 -1.48364e-07
internal_weight=64440 64420 64400 64367 64344 64314
internal_count=64440 64420 64400 64367 64344 64314
is_linear=0
shrinkage=0.05


Tree=180
num_leaves=31
num_cat=6
split_feature=9 4 10 0 8 1 6 4 4 9 6 0 9 10 7 9 9 10 9 9 8 10 6 10 6 6 9 9 9 10
split_gain=4.74922 11.8478 13.1609 10.4353 11.0355 28.9691 12.243 8.58533 31.3519 21.8591 32.6377 30.5106 31.73 23.6848 23.6545 49.4438 28.3359 21.6368 23.554 21.4061 20.2437 52.8941 25.9842 19.4867 20.9821 21.1945 16.2935 49.5559 23.1829 15.3715
threshold=1.8541666666666667 -0.91597561503675329 0 7.5000000000000009 6.5000000000000009 11.500000000000002 5.5000000000000009 -0.5 -0.37940952255126059 4.3958333333333348 3.5000000000000004 5.5000000000000009 8.9375000000000018 1 15.500000000000002 8.7708333333333339 10.937500000000002 2 3.1875000000000004 3.8125000000000004 6.5000000000000009 3 11.500000000000002 4 5.5000000000000009 7.5000000000000009 6.479166666666667 6.7708333333333348 4.354166666666667 5
decision_type=10 2 1 2 10 2 10 2 2 10 10 2 10 1 10 10 10 1 10 10 8 1 10 1 10 10 10 10 10 1
left_child=1 -1 -3 4 6 -6 -4 9 23 10 17 12 13 -11 16 -16 -13 18 -2 -19 22 -22 -12 24 -9 -26 28 -28 -25 -10
right_child=7 2 3 -5 5 -7 -8 8 29 11 20 14 -14 -15 15 -17 -18 19 -20 -21 21 -23 -24 26 25 -27 27 -29 -30 -31
leaf_value=-0.01107932870775508 0.016495129816215853 0.014117211722869347 -0.0014077227158102055 -0.033853102389723062 0.057927290288110583 -0.013461878357144694 -0.028038352609358053 -0.0050768218532976804 0.0012110607399166713 0.00033401547812946561 -0.00089515004828573787 0.0010165340490362672 0.068371325234572095 0.010020001502673286 -0.034127661765688252 0.026095604377382616 0.045529139569003341 0.0020733459856870427 -0.022382731524465436 0.012393078609654037 -0.00072210280142610329 -0.019624412364106811 -0.042939612495939472 -0.0049336348861125246 0.026715637426958351 -0.0072236722227239959 0.054373160431661266 -0.0057473388571809073 -0.016495012871744413 -0.00081547559164652991
leaf_weight=319 51 129 2256 25 27 30 44 316 16080 975 5391 5209 21 1822 124 47 36 4543 165 565 1034 571 37 1097 138 69 41 209 717 22352
leaf_count=319 51 129 2256 25 27 30 44 316 16080 975 5391 5209 21 1822 124 47 36 4543 165 565 1034 571 37 1097 138 69 41 209 717 22352
internal_value=8.02502e-08 -0.00200271 -0.000849608 -0.00171223 -0.00137859 0.020354 -0.00191718 9.20766e-05 -0.000326109 0.000925138 -0.000404692 0.00292085 0.00714033 0.0066806 0.000725413 -0.0175751 0.00132205 0.00254872 -0.012619 0.00320854 -0.00264043 -0.00757362 -0.00118175 -0.00565403 0.00297195 0.0154025 -0.0078163 0.00411242 -0.00950337 3.25328e-05
internal_weight=64440 2830 2511 2382 2357 57 2300 61610 41019 20591 12357 8234 2818 2797 5416 171 5245 5324 216 5108 7033 1605 5428 2587 523 207 2064 250 1814 38432
internal_count=64440 2830 2511 2382 2357 57 2300 61610 41019 20591 12357 8234 2818 2797 5416 171 5245 5324 216 5108 7033 1605 5428 2587 523 207 2064 250 1814 38432
cat_boundaries=0 1 2 3 4 5 6
cat_threshold=12 4 4 11 1 20
is_linear=0
shrinkage=0.05


Tree=181
num_leaves=31
num_cat=2
split_feature=5 6 0 0 10 7 0 1 9 9 9 6 1 8 9 9 0 9 7 0 9 9 9 7 2 6 8 6 10 6
split_gain=4.58993 20.8175 45.3369 22.7842 21.1464 58.0968 37.0793 30.211 24.7526 47.0536 45.2048 20.4706 18.4125 23.6408 34.9434 30.3997 23.441 28.5871 19.0835 18.8329 18.6577 17.0748 16.4178 41.4115 15.7668 34.6607 62.8441 50.7232 32.0339 28.7513
threshold=-0.12940952255126037 12.500000000000002 17.500000000000004 14.500000000000002 0 10.500000000000002 16.500000000000004 18.500000000000004 8.3541666666666696 8.5208333333333339 7.2708333333333348 14.500000000000002 16.500000000000004 7.5000000000000009 6.604166666666667 6.4375000000000009 12.500000000000002 3.3541666666666674 8.5000000000000018 3.5000000000000004 6.0625000000000009 6.2708333333333348 6.8125000000000009 10.500000000000002 5.5000000000000009 13.500000000000002 12.500000000000002 11.500000000000002 1 17.500000000000004
decision_type=2 8 2 2 1 10 2 2 10 10 8 10 2 8 10 8 2 10 10 2 8 10 10 10 2 10 10 10 1 10
left_child=12 2 3 -2 5 7 8 -3 10 -10 -6 -9 24 16 15 20 17 18 -14 -19 -15 -5 -16 -24 -1 27 29 28 -26 -27
right_child=1 4 -4 21 6 -7 -8 11 9 -11 -12 -13 13 14 22 -17 -18 19 -20 -21 -22 -23 23 -25 25 26 -28 -29 -30 -31
leaf_value=0.00055979311355208066 -0.00022228386284834823 -0.05242788623486247 0.06993894858852677 -0.056081469405081963 -0.0081383972223532403 -0.091689705236681879 -0.056443238624682028 0.018803757537777226 -0.080499836737694952 -0.0015388105781416277 0.038908557100221515 -0.028460326087143686 0.0033379083368292118 -0.0080662402589247607 0.0509044194718202 -0.067054646036454613 -0.025536522665061057 -0.0016083021234647419 -0.036624131935288108 0.017606270719209931 0.028061631635615703 -0.0082773323230286872 -0.019433143436908724 0.034147490467876199 0.0029507860853094647 0.01813290165099379 0.082059354662443657 -0.035766450509739416 -0.0066252712800796525 -0.043994109921157362
leaf_weight=23000 34276 35 23 31 118 28 30 63 23 105 90 36 823 600 30 21 52 152 31 792 38 47 65 81 1471 73 33 120 2128 25
leaf_count=23000 34276 35 23 31 118 28 30 63 23 105 90 36 823 600 30 21 52 152 31 792 38 47 65 81 1471 73 33 120 2128 25
internal_value=1.11305e-07 -0.000388057 -0.000236727 -0.00028371 -0.0102408 -0.0246641 -0.00309822 -0.0124993 0.00157252 -0.0157271 0.0122185 0.00161682 0.000458855 0.00440668 -0.0025768 -0.00786275 0.00755868 0.00851583 0.0018873 0.0145124 -0.00591442 -0.0272764 0.0172155 0.0102931 6.4073e-05 -0.00289737 0.0223802 -0.00378776 -0.00272151 0.00228417
internal_weight=64440 34905 34377 34354 528 162 366 134 336 128 208 99 29535 2685 835 659 1850 1798 854 944 638 78 176 146 26850 3850 131 3719 3599 98
internal_count=64440 34905 34377 34354 528 162 366 134 336 128 208 99 29535 2685 835 659 1850 1798 854 944 638 78 176 146 26850 3850 131 3719 3599 98
cat_boundaries=0 1 2
cat_threshold=24 18
is_linear=0
shrinkage=0.05


Tree=182
num_leaves=31
num_cat=2
split_feature=5 0 2 0 6 7 0 8 10 9 2 9 7 9 4 8 0 5 10 9 0 9 1 9 2 2 0 9 8 9
split_gain=4.42646 18.2824 20.0444 17.2706 16.914 11.3569 19.2307 14.5643 14.2351 32.1575 20.5892 11.2297 11.1048 26.9051 51.4286 43.8279 27.1688 24.1628 17.3148 32.568 23.681 32.5892 19.9245 69.4794 46.5199 45.2005 18.6478 34.2991 32.5185 14.8886
threshold=0.60355339059327384 9.5000000000000018 1.0000000180025095e-35 10.500000000000002 9.5000000000000018 5.5000000000000009 5.5000000000000009 1.0000000180025095e-35 0 7.354166666666667 1.0000000180025095e-35 6.854166666666667 5.5000000000000009 6.354166666666667 -0.98296291314453399 12.500000000000002 10.500000000000002 -0.9159756150367534 1 6.6875000000000009 4.5000000000000009 5.8958333333333348 10.500000000000002 5.1458333333333348 3.5000000000000004 5.5000000000000009 12.500000000000002 8.9375000000000018 15.500000000000002 6.229166666666667
decision_type=2 2 2 2 10 10 2 8 1 10 2 10 8 10 2 10 2 2 1 10 2 10 2 10 2 2 2 10 10 10
left_child=12 5 -3 -4 11 6 -2 -7 9 -8 -10 -5 13 29 -15 17 -17 -16 22 20 -20 -22 23 25 -25 -14 27 -24 -28 -1
right_child=1 2 3 4 -6 7 8 -9 10 -11 -12 -13 18 14 15 16 -18 -19 19 -21 21 -23 26 24 -26 -27 28 -29 -30 -31
leaf_value=0.00063389858781644453 -0.00045417261386365357 0.028967873081564906 -0.044964743697605399 0.038592979088425641 -0.037329535778131216 0.03177332701870119 0.0024630847703124544 0.0030890187875731437 -0.037218808245925626 -0.061150844678992324 -0.009414186109514798 -0.011673192828893661 0.014654100902106665 0.071589420387341132 0.058991696536540988 0.019133311013380686 0.093986421891234143 0.0035690325409209671 -0.00022744572015475324 0.052159044060569551 -0.0069652272555353585 -0.050496258260682228 -0.00068754503566575693 -0.0090218018068692427 0.0059213777631012309 -0.010823046665173024 -0.0047097652825194587 0.02434455947335952 -0.036679176773726084 -0.015322517850780766
leaf_weight=26584 16585 20 59 20 31 46 368 1165 81 21 374 25 1344 31 20 27 22 1177 2038 26 1882 44 8825 1209 915 200 928 139 87 147
leaf_count=26584 16585 20 59 20 31 46 368 1165 81 21 374 25 1344 31 20 27 22 1177 2038 26 1882 44 8825 1209 915 200 928 139 87 147
internal_value=7.72137e-08 -0.00064572 -0.0177468 -0.0246674 -0.00891034 -0.000503517 -0.000828839 0.0041786 -0.00819121 -0.000946748 -0.0140551 0.0106673 0.000265994 0.000884865 0.00797506 0.00639236 0.0527408 0.00449506 -0.00071679 -0.00360945 -0.00398434 -0.00795971 0.00013149 0.00328277 -0.00258442 0.011354 -0.0010267 -0.000299385 -0.00745 0.000546151
internal_weight=64440 18795 155 135 76 18640 17429 1211 844 389 455 45 45645 28008 1277 1246 49 1197 17637 3990 3964 1926 13647 3668 2124 1544 9979 8964 1015 26731
internal_count=64440 18795 155 135 76 18640 17429 1211 844 389 455 45 45645 28008 1277 1246 49 1197 17637 3990 3964 1926 13647 3668 2124 1544 9979 8964 1015 26731
cat_boundaries=0 1 2
cat_threshold=24 28
is_linear=0
shrinkage=0.05


Tree=183
num_leaves=18
num_cat=0
split_feature=8 8 9 4 9 8 7 9 4 0 9 6 8 8 9 4 9
split_gain=4.51677 6.87496 4.9411 22.1837 45.6763 60.0846 33.4393 21.593 18.0664 40.8544 18.8592 16.3995 35.7254 33.7418 10.7497 30.3912 19.8184
threshold=23.500000000000004 21.500000000000004 7.8958333333333348 0.91597561503675362 8.4375000000000018 5.5000000000000009 8.5000000000000018 7.8125000000000009 -0.5 3.5000000000000004 8.3125000000000018 5.5000000000000009 5.5000000000000009 3.5000000000000004 7.729166666666667 -0.78656609248549303 7.6875000000000009
decision_type=10 10 10 2 10 10 10 10 2 2 10 10 10 10 10 2 10
left_child=1 2 7 8 5 -5 -6 14 9 -4 -10 13 -13 -9 16 -16 -1
right_child=-2 -3 3 4 6 -7 -8 11 10 -11 -12 12 -14 -15 15 -17 -18
leaf_value=-3.112194444831967e-05 0.023757625222206119 -0.022823170784183527 0.070644700141080347 0.01632887735318754 0.0097071268041532474 0.097126934022614464 -0.04548481024350181 -0.014249174591774742 -0.013362708734891463 0.0043264478727425204 0.00051538935870651089 0.04264271151540535 -0.024463187314241248 -0.09154795917216689 0.051091475249865119 0.0021785727492908062 -0.021082946759582097
leaf_weight=61657 20 33 24 76 163 33 33 48 343 717 855 28 68 20 39 171 112
leaf_count=61657 20 33 24 76 163 33 33 48 343 717 855 28 68 20 39 171 112
internal_value=7.33452e-08 -7.30249e-06 4.39124e-06 0.00230937 0.0148441 0.0407907 0.000414607 -7.88422e-05 0.000337692 0.00647441 -0.00345806 -0.0181977 -0.00489063 -0.0369841 -3.08987e-05 0.0112624 -6.92933e-05
internal_weight=64440 64420 64387 2244 305 109 196 62143 1939 741 1198 164 96 68 61979 210 61769
internal_count=64440 64420 64387 2244 305 109 196 62143 1939 741 1198 164 96 68 61979 210 61769
is_linear=0
shrinkage=0.05


Tree=184
num_leaves=18
num_cat=0
split_feature=7 7 9 8 6 0 0 8 0 1 7 9 0 8 5 6 9
split_gain=4.49933 7.02531 4.75165 30.2909 48.6525 60.6121 49.5622 15.718 45.7321 48.6563 44.3889 19.7732 29.6529 26.9608 14.8476 30.3947 17.5975
threshold=23.500000000000004 21.500000000000004 6.8958333333333348 16.500000000000004 14.500000000000002 12.500000000000002 10.500000000000002 16.500000000000004 9.5000000000000018 16.500000000000004 9.5000000000000018 6.479166666666667 18.500000000000004 14.500000000000002 -0.98296291314453399 9.5000000000000018 7.0625000000000009
decision_type=10 10 10 8 10 2 2 10 2 2 10 10 2 10 2 10 10
left_child=1 2 7 14 6 -6 -5 11 10 -10 -9 12 -1 -13 15 -4 -16
right_child=-2 -3 3 4 5 -7 -8 8 9 -11 -12 13 -14 -15 16 -17 -18
leaf_value=-4.5864791231931557e-05 -0.023711558982613498 0.023071428055338791 -0.053542873029197968 -0.021338267686327787 0.0035469530771176021 -0.10229175232591169 0.022581336636526082 0.012911463924166228 0.005070619621350394 -0.082461024522781368 0.076214924231171613 -0.0064209605315438973 0.053363178570110061 0.037923402296645307 0.011703499715366683 -0.0010919172414542951 0.0019306801372378582
leaf_weight=57508 20 33 35 168 24 31 104 90 77 20 40 1658 26 35 522 131 3918
leaf_count=57508 20 33 35 168 24 31 104 90 77 20 40 1658 26 35 522 131 3918
internal_value=6.96949e-08 7.43127e-06 -4.38963e-06 0.00148678 -0.013218 -0.0561076 -0.00454548 -0.000128115 0.0130037 -0.0129771 0.0323895 -0.000178445 -2.17289e-05 -0.00550421 0.00253074 -0.0121509 0.00307965
internal_weight=64440 64420 64387 4933 327 55 272 59454 227 97 130 59227 57534 1693 4606 166 4440
internal_count=64440 64420 64387 4933 327 55 272 59454 227 97 130 59227 57534 1693 4606 166 4440
is_linear=0
shrinkage=0.05


Tree=185
num_leaves=22
num_cat=0
split_feature=2 6 6 6 8 5 0 6 7 4 9 9 4 4 4 4 6 9 7 5 8
split_gain=4.47753 11.2589 16.0403 12.7958 14.7819 30.4879 14.8033 8.14076 25.0614 29.1961 26.2746 9.41512 55.0039 17.4545 9.01651 7.69648 27.1929 24.3839 9.16797 21.6512 16.203
threshold=1.0000000180025095e-35 18.500000000000004 16.500000000000004 15.500000000000002 8.5000000000000018 0.37940952255126048 14.500000000000002 19.500000000000004 10.500000000000002 1.0000000180025095e-35 9.3125000000000018 10.770833333333334 -0.60355339059327362 0.12940952255126045 0.91597561503675362 0.98296291314453421 5.5000000000000009 8.6458333333333339 3.5000000000000004 0.37940952255126048 1.5000000000000002
decision_type=2 8 10 10 10 2 2 8 10 2 10 10 2 2 2 2 10 8 10 2 8
left_child=1 2 3 4 6 -6 -1 11 9 -9 -10 15 -13 -14 -15 18 17 -17 19 -2 -20
right_child=7 -3 -4 -5 5 -7 -8 8 10 -11 -12 12 13 14 -16 16 -18 -19 20 -21 -22
leaf_value=0.00033806203856719488 0.0023422292028048349 0.038492890298366549 -0.04379161432385445 0.038282168948132064 0.0083761309844977479 -0.021570013771238534 -0.025930056638187832 -0.020816158464238531 -0.074381214795777431 0.055539864408118395 -0.0018323113908991218 0.075552409727658545 -0.033236648354002023 0.01997901003380291 -0.01518490078070989 -0.0017449147414268281 -0.053858381122923821 -0.04162540933929193 -0.0049832427306098891 -0.00056497111394345661 -0.00035757031188654988
leaf_weight=7915 10660 20 20 23 1116 92 54 31 26 21 24 28 33 61 26 2226 26 39 2056 16042 23901
leaf_count=7915 10660 20 20 23 1116 92 54 31 26 21 24 28 33 61 26 2226 26 39 2056 16042 23901
internal_value=6.62053e-08 0.00101876 0.000937475 0.00103471 0.00094136 0.00609546 0.000160062 -0.000170455 -0.0142829 0.0100199 -0.0395577 -0.000144329 0.0124498 -0.00227414 0.00947026 -0.00017825 -0.00301523 -0.0024316 -5.48233e-05 0.000595644 -0.00072396
internal_weight=64440 9240 9220 9200 9177 1208 7969 55200 102 52 50 55098 148 120 87 54950 2291 2265 52659 26702 25957
internal_count=64440 9240 9220 9200 9177 1208 7969 55200 102 52 50 55098 148 120 87 54950 2291 2265 52659 26702 25957
is_linear=0
shrinkage=0.05


Tree=186
num_leaves=27
num_cat=0
split_feature=0 1 1 7 0 6 9 8 9 0 5 1 4 4 9 9 0 6 7 9 2 9 6 8 9 8
split_gain=4.55272 4.55747 11.4701 11.4886 16.839 8.21068 7.71988 6.71289 6.1787 10.7936 25.8083 13.7323 5.54046 30.2569 22.4995 5.49672 5.62964 8.21052 7.09523 6.65504 5.88405 9.62772 5.0683 3.76988 3.19705 2.63901
threshold=23.500000000000004 1.0000000180025095e-35 2.5000000000000004 3.5000000000000004 3.5000000000000004 1.5000000000000002 7.729166666666667 3.5000000000000004 1.8541666666666667 4.5000000000000009 -0.9159756150367534 10.500000000000002 -0.5 -0.37940952255126059 11.145833333333334 1.6875000000000002 1.0000000180025095e-35 5.5000000000000009 1.5000000000000002 3.4375000000000004 3.5000000000000004 3.5208333333333335 4.5000000000000009 1.0000000180025095e-35 6.229166666666667 1.5000000000000002
decision_type=2 2 2 8 2 10 10 8 8 2 2 2 2 2 10 8 2 8 8 10 2 10 10 10 10 10
left_child=1 15 3 5 24 6 -3 -7 9 11 -11 -4 14 -14 -10 23 20 19 -19 -18 22 -22 -17 -1 -5 -25
right_child=-2 2 8 4 -6 7 -8 -9 12 10 -12 -13 13 -15 -16 16 17 18 -20 -21 21 -23 -24 25 -26 -27
leaf_value=0.0016853312509400504 0.023851964299683462 -0.0031865067353378804 0.0035739919428090581 -0.0036762654405514089 -0.049814311701252507 0.0012841600167620398 -0.023005851343274118 -0.0093482237344142041 0.00080421208520757657 0.012198861395134717 -0.023240584777626541 -0.0046674284274741086 -0.0053644171692332088 0.00026224355839697341 0.043432939677469196 -0.00059667358317701247 -0.00021057392394884848 0.013572966224617428 -0.015165512881108692 0.005859408082563816 0.00082780834353339365 -0.020201554502404875 0.021689558614577567 0.033749525552546539 -0.015475689598499369 0.011205030150711538
leaf_weight=35 20 2833 864 150 27 2057 50 160 20594 74 168 1218 2590 30826 31 287 719 27 105 1214 113 105 28 27 93 25
leaf_count=35 20 2833 864 150 27 2057 50 160 20594 74 168 1218 2590 30826 31 287 719 27 105 1214 113 105 28 27 93 25
internal_value=6.28972e-08 -7.34223e-06 -9.5048e-05 -0.00230308 -0.0123543 -0.00177095 -0.00353023 0.000516825 0.000115315 -0.00240908 -0.0124037 -0.00124736 0.000223875 -0.000173866 0.000868284 0.00200924 0.00159525 0.00277773 -0.00928719 0.00360161 -0.00298604 -0.00930101 0.00138432 0.0143718 -0.00819209 0.0229108
internal_weight=64440 64420 61735 5370 270 5100 2883 2217 56365 2324 242 2082 54041 33416 20625 2685 2598 2065 132 1933 533 218 315 87 243 52
internal_count=64440 64420 61735 5370 270 5100 2883 2217 56365 2324 242 2082 54041 33416 20625 2685 2598 2065 132 1933 533 218 315 87 243 52
is_linear=0
shrinkage=0.05


Tree=187
num_leaves=28
num_cat=0
split_feature=7 9 8 6 6 1 5 6 2 5 0 0 8 9 5 0 7 9 8 2 2 5 9 0 6 9 7
split_gain=4.41791 4.7207 27.9915 51.1971 112.639 53.551 16.922 24.4545 45.5376 21.4315 37.7541 15.311 14.2808 23.0012 39.0845 29.825 25.048 20.5802 66.9405 54.7167 19.8779 24.1516 23.6161 18.4026 15.8754 36.7061 8.10473
threshold=22.500000000000004 6.8958333333333348 16.500000000000004 14.500000000000002 12.500000000000002 14.500000000000002 -0.98296291314453399 9.5000000000000018 5.5000000000000009 -0.78656609248549325 5.5000000000000009 21.500000000000004 12.500000000000002 5.479166666666667 -0.98296291314453399 15.500000000000002 8.5000000000000018 6.354166666666667 10.500000000000002 3.5000000000000004 5.5000000000000009 0.1294095225512602 5.354166666666667 15.500000000000002 12.500000000000002 5.979166666666667 13.500000000000002
decision_type=10 10 10 10 10 2 2 10 2 2 2 2 8 10 2 2 10 10 10 2 2 2 10 2 10 10 10
left_child=1 12 6 4 5 -4 7 -3 -9 10 -8 -11 17 20 16 -16 -15 24 23 -20 22 -22 -14 -19 26 -26 -1
right_child=-2 2 3 -5 -6 -7 9 8 -10 11 -12 -13 13 14 15 -17 -18 18 19 -21 21 -23 -24 -25 25 -27 -28
leaf_value=-0.00011510366286683095 -0.017272355946133269 -0.049862131993803717 -0.061029112531210898 -0.07714800397234578 0.091519272079070416 0.018793848507544578 0.051767478320890896 0.00992120445038365 -0.064652473025023943 0.0010545693134019186 0.0074895488124093954 0.043862714174957504 -0.00093641065943283564 0.090121941485752671 0.0053902916564143597 0.054940119694219906 0.022549503513073433 -0.0018683739196134943 -0.0091766047122126271 -0.067300105664568649 0.029531203032793288 -0.017813143229836393 -0.044526904518716041 -0.040112175612011927 0.0016848239990811234 0.031988048284418057 -0.0078701635185288478
leaf_weight=54534 37 36 55 31 24 34 52 113 25 3907 649 21 1071 24 596 32 32 1849 88 75 107 36 32 32 483 126 339
leaf_count=54534 37 36 55 31 24 34 52 113 25 3907 649 21 1071 24 596 32 32 1849 88 75 107 36 32 32 483 126 339
internal_value=5.97503e-08 9.98288e-06 0.00149403 -0.0202273 -0.00461193 -0.0305349 0.00214526 -0.0131624 -0.00358852 0.00272066 0.0107741 0.00128343 -0.000113496 0.00411711 0.0114842 0.00791512 0.0515091 -0.000255433 -0.00518261 -0.0359205 7.28803e-05 0.0176123 -0.00220105 -0.00251899 -7.3912e-05 0.00795446 -0.000163014
internal_weight=64440 64403 4947 144 113 89 4803 174 138 4629 701 3928 59456 1930 684 628 56 57526 2044 163 1246 143 1103 1881 55482 609 54873
internal_count=64440 64403 4947 144 113 89 4803 174 138 4629 701 3928 59456 1930 684 628 56 57526 2044 163 1246 143 1103 1881 55482 609 54873
is_linear=0
shrinkage=0.05


Tree=188
num_leaves=16
num_cat=0
split_feature=0 0 9 0 4 9 6 6 8 0 9 6 7 9 9
split_gain=4.8376 7.13425 6.19585 38.7618 53.8164 40.4804 29.8306 23.1795 13.1372 11.9531 55.9021 93.5433 40.4549 11.281 22.0701
threshold=22.500000000000004 20.500000000000004 9.5625000000000018 12.500000000000002 -0.78656609248549303 9.8125000000000018 14.500000000000002 12.500000000000002 10.500000000000002 17.500000000000004 7.979166666666667 13.500000000000002 6.5000000000000009 9.4791666666666696 9.4375000000000018
decision_type=2 2 10 2 2 10 10 10 8 2 10 10 8 10 10
left_child=1 2 9 4 8 -5 -6 -7 -4 13 12 -12 -11 14 -1
right_child=-2 -3 3 5 6 7 -8 -9 -10 10 11 -13 -14 -15 -16
leaf_value=1.2248951812617318e-05 -0.018074150565961327 0.022262566060655648 0.027617853339761494 -0.083682685386803415 0.0005065607547106582 0.018131487284387862 -0.052523327233462508 -0.032204276367238813 0.084240286513453444 0.043643406133812207 0.12297573512993182 -0.009900036399011259 -0.029992737093319496 0.027609563910880604 -0.045202763213051694
leaf_weight=63650 37 36 20 27 310 35 29 66 21 26 26 27 66 37 27
leaf_count=63650 37 36 20 27 310 35 29 66 21 26 26 27 66 37 27
internal_value=5.67602e-08 1.04405e-05 -2.00493e-06 -0.00550207 0.00251384 -0.0292993 -0.00402992 -0.0147612 0.0566196 4.17482e-05 0.0143812 0.0552843 -0.00918252 9.11456e-06 -6.92289e-06
internal_weight=64440 64403 64367 508 380 128 339 101 41 63859 145 53 92 63714 63677
internal_count=64440 64403 64367 508 380 128 339 101 41 63859 145 53 92 63714 63677
is_linear=0
shrinkage=0.05


Tree=189
num_leaves=17
num_cat=0
split_feature=0 0 9 0 4 9 6 1 8 9 0 6 8 9 8 9
split_gain=4.36593 6.43866 5.59175 34.9825 48.5693 36.5335 26.9221 22.3493 11.8563 11.2717 41.9798 96.5887 42.7525 13.452 21.2756 11.2586
threshold=22.500000000000004 20.500000000000004 9.5625000000000018 12.500000000000002 -0.78656609248549303 9.8125000000000018 14.500000000000002 17.500000000000004 10.500000000000002 7.8958333333333348 17.500000000000004 13.500000000000002 16.500000000000004 7.8125000000000009 10.500000000000002 7.729166666666667
decision_type=2 2 10 2 2 10 10 2 8 10 2 10 10 10 8 10
left_child=1 2 9 4 8 -5 -6 -7 -4 13 12 -12 -11 15 -15 -1
right_child=-2 -3 3 5 6 7 -8 -9 -10 10 11 -13 -14 14 -16 -17
leaf_value=-7.1812725332558497e-05 -0.017170444515697356 0.021149438153952361 0.026236959614325317 -0.079498552633621905 0.00048123244303203521 0.0027318346689441312 -0.049897159944320549 -0.047040266987374603 0.080028271142925544 0.0039154825354629835 0.11682694982737303 -0.017006368848628231 -0.047787954712786324 -0.024261364129386724 0.01842169802831976 0.011525029520548527
leaf_weight=61780 37 36 20 27 310 67 29 34 21 1610 26 28 41 126 38 210
leaf_count=61780 37 36 20 27 310 67 29 34 21 1610 26 28 41 126 38 210
internal_value=5.39313e-08 9.91851e-06 -1.90467e-06 -0.00522697 0.00238815 -0.0278344 -0.00382842 -0.0140231 0.0537886 3.96608e-05 0.00405041 0.0474319 0.00263151 -7.03614e-05 -0.0143714 -3.25268e-05
internal_weight=64440 64403 64367 508 380 128 339 101 41 63859 1705 54 1651 62154 164 61990
internal_count=64440 64403 64367 508 380 128 339 101 41 63859 1705 54 1651 62154 164 61990
is_linear=0
shrinkage=0.05


Tree=190
num_leaves=12
num_cat=0
split_feature=6 6 2 8 0 8 0 6 9 0 0
split_gain=4.50738 9.18429 4.30536 27.0926 22.9665 21.9928 52.3447 18.0578 13.606 63.0127 19.0568
threshold=23.500000000000004 22.500000000000004 4.5000000000000009 20.500000000000004 20.500000000000004 19.500000000000004 10.500000000000002 8.5000000000000018 9.2708333333333339 10.500000000000002 20.500000000000004
decision_type=10 8 2 10 2 10 2 10 10 2 2
left_child=1 2 5 4 7 8 -7 -4 10 -10 -1
right_child=-2 -3 3 -5 -6 6 -8 -9 9 -11 -12
leaf_value=-0.00018540569177314734 0.023732893168926239 -0.032307662882588128 0.0012614643406031996 -0.043300342985561922 0.043053991597844288 -0.010010388068621978 0.088878764892401915 -0.0034121096818254589 0.0049605268460880978 -0.037227913933909604 -0.037632497319239469
leaf_weight=45457 20 22 16020 35 32 32 23 2373 257 135 34
leaf_count=45457 20 22 16020 35 32 32 23 2373 257 135 34
internal_value=5.12449e-08 -7.31691e-06 3.71771e-06 0.000648642 0.000732128 -0.000255443 0.0313433 0.000658496 -0.00029332 -0.00956866 -0.000213394
internal_weight=64440 64420 64398 18460 18425 45938 55 18393 45883 392 45491
internal_count=64440 64420 64398 18460 18425 45938 55 18393 45883 392 45491
is_linear=0
shrinkage=0.05


Tree=191
num_leaves=31
num_cat=1
split_feature=9 8 9 2 5 5 1 5 6 4 8 2 5 4 1 2 9 1 4 4 9 8 0 10 6 0 9 8 9 6
split_gain=4.22712 10.8921 23.319 16.4654 14.469 20.2876 12.6278 8.26967 7.53812 7.33302 10.796 9.69379 11.0682 6.94435 10.2374 6.57177 5.87144 5.63103 5.42566 23.8475 22.5596 26.4297 34.326 28.1653 34.9773 23.9804 36.447 29.2086 37.0977 21.9875
threshold=1.6458333333333337 3.5000000000000004 1.5625000000000002 2.5000000000000004 -0.12940952255126037 -0.78656609248549325 19.500000000000004 -0.37940952255126015 2.5000000000000004 -0.37940952255126059 1.5000000000000002 2.5000000000000004 0.25881904510252057 -0.98296291314453399 19.500000000000004 3.5000000000000004 1.5625000000000002 3.5000000000000004 -0.5 -0.37940952255126059 4.2708333333333348 6.5000000000000009 8.5000000000000018 0 3.5000000000000004 7.5000000000000009 8.5625000000000018 5.5000000000000009 4.4375000000000009 12.500000000000002
decision_type=8 10 10 2 2 2 2 2 10 2 10 2 2 2 2 2 10 2 2 2 10 8 2 1 10 2 10 10 10 10
left_child=1 9 3 6 5 -5 8 -4 -3 13 11 17 -13 -1 -15 16 -12 -11 20 -20 21 22 -2 -23 -25 26 29 28 -27 -22
right_child=18 2 7 4 -6 -7 -8 -9 -10 10 15 12 -14 14 -16 -17 -18 -19 19 -21 25 23 -24 24 -26 27 -28 -29 -30 -31
leaf_value=0.017976791153733546 0.0010132864472361875 -0.039316392743161753 -0.049355611713095146 -0.0045759489602484812 -0.018346138821253855 0.046792925051413477 0.015632573586134686 -0.015639496690803958 -0.0035114658020791558 -0.0038210592846921153 -0.0023889271084938137 -0.025373635128875017 -0.0026564064309677134 -0.018158759539700208 0.00025282654688748608 0.018832436074649007 0.020773514370537469 0.01214195617193134 -0.0048648384717696752 4.0634279050858793e-05 0.0049516806625967292 -0.0016601022410290614 -0.014797826108046589 0.0024208105291699533 -0.021082075522697825 0.041661819254142654 0.036925638009976045 -0.0035303111192173868 0.0038465752579051899 -0.012003956179616589
leaf_weight=26 9601 49 44 37 31 40 21 31 21 94 114 71 219 151 151 121 36 134 2644 39352 4878 1576 356 231 503 69 87 2473 1080 199
leaf_count=26 9601 49 44 37 31 40 21 31 21 94 114 71 219 151 151 121 36 134 2644 39352 4878 1576 356 231 503 69 87 2473 1080 199
internal_value=4.86552e-08 -0.00272635 -0.0116597 -0.00270494 0.010497 0.0221092 -0.0183732 -0.0354196 -0.0285749 -0.000535008 0.00207705 -0.00215336 -0.00821821 -0.00681829 -0.00895297 0.0101632 0.00317006 0.00556071 6.01991e-05 -0.000268206 0.000715294 -0.000669884 0.00044798 -0.00548831 -0.0135014 0.00264928 0.00483696 -0.000469766 0.00611746 0.00428708
internal_weight=64440 1391 274 199 108 77 91 75 70 1117 789 518 290 328 302 271 150 228 63049 41996 21053 12267 9957 2310 734 8786 5164 3622 1149 5077
internal_count=64440 1391 274 199 108 77 91 75 70 1117 789 518 290 328 302 271 150 228 63049 41996 21053 12267 9957 2310 734 8786 5164 3622 1149 5077
cat_boundaries=0 1
cat_threshold=11
is_linear=0
shrinkage=0.05


Tree=192
num_leaves=21
num_cat=0
split_feature=0 2 0 0 5 1 6 8 6 1 6 8 9 9 6 9 9 7 0 9
split_gain=4.18968 4.19605 11.0141 21.9007 23.5693 23.5275 12.135 11.6081 19.4556 13.2848 8.20456 28.0984 30.8686 21.4462 10.5332 37.883 46.3893 11.0419 26.2426 9.66359
threshold=23.500000000000004 1.0000000180025095e-35 17.500000000000004 14.500000000000002 -0.78656609248549325 11.500000000000002 8.5000000000000018 23.500000000000004 3.5000000000000004 22.500000000000004 19.500000000000004 9.5000000000000018 9.2291666666666696 8.6875000000000018 17.500000000000004 7.4375000000000009 9.6875000000000018 17.500000000000004 9.5000000000000018 7.604166666666667
decision_type=2 2 2 2 2 2 10 8 10 2 10 10 10 10 10 8 10 10 2 10
left_child=1 2 3 7 5 -5 -6 9 -9 -1 14 12 -12 -13 17 -16 -17 19 -19 -3
right_child=-2 10 -4 4 6 -7 -8 8 -10 -11 11 13 -14 -15 15 16 -18 18 -20 -21
leaf_value=0.0017425513654734345 0.022881195372901859 -0.00027419707358851555 0.035536396341479343 -0.030274940425386799 -0.024451918493617664 0.041858299914747481 -0.077589768526099986 0.0083212120915358932 -0.032220986970603022 -0.0078099443750014822 -0.080233679052442317 0.044969407049939042 0.0031055468600243333 -0.024219426122449695 0.05525575203773303 -0.029395394557613436 0.047836258943224776 0.0062548689330772806 -0.030812596277774953 0.0031215800130858784
leaf_weight=8626 20 52592 23 26 22 20 21 53 67 380 25 24 20 21 39 59 29 96 95 2182
leaf_count=8626 20 52592 23 26 22 20 21 53 67 380 25 24 20 21 39 59 29 96 95 2182
internal_value=3.33452e-08 -7.0704e-06 0.000979185 0.000892933 -0.02379 0.00108734 -0.050403 0.00113365 -0.0143148 0.00133949 -0.000172179 -0.0152564 -0.043194 0.0126813 -0.000147537 0.0142354 -0.00394405 -0.00018077 -0.0121818 -0.000138921
internal_weight=64440 64420 9238 9215 89 46 43 9126 120 9006 55182 90 45 45 55092 127 88 54965 191 54774
internal_count=64440 64420 9238 9215 89 46 43 9126 120 9006 55182 90 45 45 55092 127 88 54965 191 54774
is_linear=0
shrinkage=0.05


Tree=193
num_leaves=10
num_cat=0
split_feature=0 0 6 9 6 6 7 7 0
split_gain=4.29374 5.91441 5.51576 6.88801 31.1787 34.7569 15.7477 14.788 10.0209
threshold=22.500000000000004 20.500000000000004 23.500000000000004 9.4375000000000018 12.500000000000002 15.500000000000002 18.500000000000004 21.500000000000004 15.500000000000002
decision_type=2 2 8 10 10 10 10 10 2
left_child=1 2 3 7 6 -6 -5 8 -1
right_child=-2 -3 -4 4 5 -7 -8 -9 -10
leaf_value=-2.8448843439684387e-05 -0.01702791991568095 0.020270447810697888 0.024479598973108377 -0.00063036028415594698 -0.050812872083506724 -0.0045850988261100624 0.038245251834658642 0.037034256066437121 0.0076659462826917857
leaf_weight=63321 37 36 23 374 69 99 28 27 426
leaf_count=63321 37 36 23 374 69 99 28 27 426
internal_value=3.16887e-08 9.81437e-06 -1.51725e-06 -1.02681e-05 -0.00548228 -0.0235715 0.00207739 3.86397e-05 2.29702e-05
internal_weight=64440 64403 64367 64344 570 168 402 63774 63747
internal_count=64440 64403 64367 64344 570 168 402 63774 63747
is_linear=0
shrinkage=0.05


Tree=194
num_leaves=10
num_cat=0
split_feature=8 8 6 8 5 0 5 6 0
split_gain=4.23438 5.57373 5.09316 5.6546 35.6567 51.7254 19.0876 10.7945 9.37374
threshold=23.500000000000004 21.500000000000004 23.500000000000004 17.500000000000004 -0.78656609248549325 12.500000000000002 -0.5 21.500000000000004 22.500000000000004
decision_type=10 10 8 10 2 2 2 10 2
left_child=1 2 3 7 5 -5 -6 8 -1
right_child=-2 -3 -4 4 6 -7 -8 -9 -10
leaf_value=-3.9693202468904614e-06 0.023002926409244537 -0.020550627664973342 0.023032531638940177 0.010004366155610317 0.060347358531811661 -0.070085330819711092 0.013730225850257181 -0.030016358656187854 -0.027959477541347345
leaf_weight=64107 20 33 24 72 34 28 62 30 30
leaf_count=64107 20 33 24 72 34 28 62 30 30
internal_value=3.01299e-08 -7.11141e-06 3.41767e-06 -5.16954e-06 0.00847454 -0.0124207 0.0302405 -3.10711e-05 -1.70455e-05
internal_weight=64440 64420 64387 64363 196 100 96 64167 64137
internal_count=64440 64420 64387 64363 196 100 96 64167 64137
is_linear=0
shrinkage=0.05


Tree=195
num_leaves=26
num_cat=1
split_feature=0 6 0 8 7 4 0 9 9 9 9 9 9 7 8 4 9 8 2 8 5 0 10 6 4
split_gain=4.64018 4.07874 10.2584 19.1732 16.1855 10.915 16.997 10.7333 9.23256 8.68302 19.8838 8.39988 8.38161 6.07736 24.7496 18.5005 50.0266 25.8741 12.8994 28.9959 39.9434 26.6073 15.8451 65.4044 35.4038
threshold=23.500000000000004 1.0000000180025095e-35 3.5000000000000004 7.5000000000000009 4.5000000000000009 0.91597561503675362 4.5000000000000009 2.0625000000000004 6.729166666666667 7.5625000000000009 7.354166666666667 3.6458333333333335 7.8958333333333348 2.5000000000000004 14.500000000000002 -0.91597561503675329 5.1875000000000009 10.500000000000002 5.5000000000000009 28.000000000000004 -0.60355339059327384 4.5000000000000009 0 14.500000000000002 0.78656609248549325
decision_type=2 10 2 10 10 2 2 10 10 10 10 10 10 8 10 2 10 10 2 8 2 2 1 10 2
left_child=1 2 4 5 9 7 -7 -4 11 10 -1 -6 -11 14 15 16 -3 -17 22 21 -21 -20 24 -24 -15
right_child=-2 13 3 -5 8 6 -8 -9 -10 12 -12 -13 -14 18 -16 17 -18 -19 19 20 -22 -23 23 -25 -26
leaf_value=-0.00099910595555719492 0.02407993852160871 0.0050873770160614401 -0.016532601014478131 -0.044183276796882803 0.015802423322453206 -0.00066422374142954745 -0.02774743559213156 0.0039182083578643756 0.042262112823399631 -0.035768172238022089 0.042002575982500012 -0.0024959238040117692 -0.0054370609368535059 0.0001625601394522966 0.048684916314151554 0.00056365520848760916 0.0634932785245933 -0.022352894350525836 0.00098807366971966396 0.07188379149283132 -0.0022158517248251223 -0.0060279394810167208 -0.00098014318607753071 -0.040812325238500938 0.0062602203250264072
leaf_weight=6174 20 1042 80 33 158 120 112 324 22 34 27 104 69 17757 27 18411 38 124 2445 31 44 3021 11370 104 2749
leaf_count=6174 20 1042 80 33 158 120 112 324 22 34 27 104 69 17757 27 18411 38 124 2445 31 44 3021 11370 104 2749
internal_value=2.85939e-08 -7.44732e-06 -0.00112406 -0.00702328 -0.000525002 -0.00509517 -0.0137389 -0.000131457 0.0111513 -0.00105103 -0.000811871 0.00853896 -0.0154493 0.000134309 0.000846858 0.000781009 0.0071424 0.000410342 -0.000238705 -0.00246592 0.028412 -0.0028896 0.000147193 -0.00134001 0.000979525
internal_weight=64440 64420 7257 669 6588 636 232 404 284 6304 6201 262 103 57163 19642 19615 1080 18535 37521 5541 75 5466 31980 11474 20506
internal_count=64440 64420 7257 669 6588 636 232 404 284 6304 6201 262 103 57163 19642 19615 1080 18535 37521 5541 75 5466 31980 11474 20506
cat_boundaries=0 1
cat_threshold=13
is_linear=0
shrinkage=0.05


Tree=196
num_leaves=31
num_cat=3
split_feature=5 6 10 9 0 0 0 0 8 6 9 6 0 2 6 8 6 0 2 2 8 10 4 7 10 8 2 1 8 0
split_gain=4.20546 19.2688 18.1316 27.9975 44.0364 22.312 21.1889 20.5235 22.3822 30.7173 19.0193 17.5117 35.3546 53.3533 45.4808 27.5207 18.0511 114.206 48.5004 33.5411 66.0721 48.6875 16.3483 14.5243 20.5818 26.0609 22.7308 20.5624 19.9376 15.8636
threshold=-0.12940952255126037 6.5000000000000009 0 5.104166666666667 10.500000000000002 10.500000000000002 4.5000000000000009 14.500000000000002 13.500000000000002 15.500000000000002 3.1875000000000004 12.500000000000002 5.5000000000000009 4.5000000000000009 13.500000000000002 7.5000000000000009 13.500000000000002 14.500000000000002 5.5000000000000009 5.5000000000000009 12.500000000000002 1 -0.37940952255126059 1.0000000180025095e-35 2 6.5000000000000009 1.5000000000000002 15.500000000000002 3.5000000000000004 2.5000000000000004
decision_type=2 8 1 10 2 2 2 2 8 10 8 10 2 2 10 10 10 2 2 2 10 1 2 8 1 10 2 2 10 2
left_child=11 -2 7 4 -4 6 -5 10 9 -9 -3 23 13 14 -13 -16 17 18 -14 21 -21 -18 -12 24 26 27 28 -26 -1 -28
right_child=1 2 3 5 -6 -7 -8 8 -10 -11 22 12 16 -15 15 -17 19 -19 -20 20 -22 -23 -24 -25 25 -27 29 -29 -30 -31
leaf_value=-0.045265685199675242 8.9369048210025874e-05 -0.029097682414576411 -0.003921522309338306 -0.00763149315436535 -0.079241798818111428 0.01580237320491246 -0.055118400580249728 -0.040840510115159823 0.021621599855522314 0.020040201238141611 0.00030407985055850065 0.014025116051946368 0.010470448589784201 -0.014106338554652546 0.053489434330359756 0.13368586816824973 0.0034685964583195186 0.097404527154544174 -0.051233663109855526 0.0029023853111632015 0.086651430807767382 -0.025210859244960606 -0.011736436746409768 1.4005861022810412e-05 -0.0022450949511271415 -0.052743857523257089 0.0041218883605027689 0.03193685086971184 0.016971751915351038 0.037470154489127508
leaf_weight=22 30249 60 653 34 20 21 76 102 27 26 3329 35 276 41 23 20 522 36 36 98 31 196 308 27654 259 22 49 53 31 131
leaf_count=22 30249 60 653 34 20 21 76 102 27 26 3329 35 276 41 23 20 522 36 36 98 31 196 308 27654 259 22 49 53 31 131
internal_value=2.71768e-08 -0.000371528 -0.00336588 -0.0101501 -0.00615987 -0.0314246 -0.0404406 -0.00191852 -0.0197478 -0.0284741 -0.0011762 0.000439138 0.00608141 0.0320714 0.0563443 0.0907901 0.00349329 0.0130804 0.00335074 -0.000445709 0.0230281 -0.00466315 -0.000715573 0.000176428 0.00809815 -0.000142998 0.0190981 0.00356145 -0.00886266 0.028392
internal_weight=64440 34905 4656 804 673 131 110 3852 155 128 3697 29535 1314 119 78 43 1195 348 312 847 129 718 3637 28221 567 334 233 312 53 180
internal_count=64440 34905 4656 804 673 131 110 3852 155 128 3697 29535 1314 119 78 43 1195 348 312 847 129 718 3637 28221 567 334 233 312 53 180
cat_boundaries=0 1 2 3
cat_threshold=28 5 25
is_linear=0
shrinkage=0.05


Tree=197
num_leaves=31
num_cat=1
split_feature=4 9 7 7 9 4 8 2 9 6 9 8 9 9 2 8 2 10 7 9 2 6 2 1 4 0 6 9 6 0
split_gain=4.27674 12.7247 33.275 33.038 44.6082 39.9137 33.9314 33.2186 32.871 31.9701 53.5331 37.8632 60.1442 30.7598 27.9803 27.1759 24.7924 24.4064 23.1969 19.0015 40.4284 55.618 32.9764 17.5393 16.5561 15.5294 23.8574 17.0439 15.3748 7.86375
threshold=-0.78656609248549303 5.1458333333333348 9.5000000000000018 11.500000000000002 5.5625000000000009 -0.91597561503675329 13.500000000000002 1.0000000180025095e-35 5.3125000000000009 7.5000000000000009 6.6458333333333348 4.5000000000000009 8.5625000000000018 9.3541666666666696 1.5000000000000002 2.5000000000000004 2.5000000000000004 0 14.500000000000002 4.9375000000000009 2.5000000000000004 5.5000000000000009 1.5000000000000002 16.500000000000004 -0.91597561503675329 8.5000000000000018 10.500000000000002 4.8958333333333348 8.5000000000000018 22.500000000000004
decision_type=2 8 10 10 10 2 8 2 10 10 10 8 8 10 2 10 2 1 10 10 2 10 2 2 2 2 10 10 10 2
left_child=1 17 9 4 8 13 -6 -7 -4 10 14 15 -13 -5 -3 -11 -12 19 25 22 24 -22 28 -24 -21 27 -27 -19 -1 -2
right_child=29 2 3 5 6 7 -8 -9 -10 11 16 12 -14 -15 -16 -17 -18 18 -20 20 21 -23 23 -25 -26 26 -28 -29 -30 -31
leaf_value=0.020133413274999006 -0.0001942948939947594 0.027814241251061585 -0.008745066746182386 0.015948324546142912 -0.010884244357475837 -0.056354174243384285 0.029842610846636659 -0.0047526542482704956 -0.066826550945125782 -0.010567062012186009 0.01526011593501877 -0.0037581583707717186 0.043429402624153429 -0.026990732583014862 0.0040822449694188998 0.028755276284965815 0.073940512586247051 0.0009760874395800045 -0.048437993787229065 -0.035271984761631167 -0.065880061245777388 0.030125152471009643 0.0077736647065841796 -0.015529160924626889 -0.08929258766381637 -0.003726435367190781 -0.040112413854027792 0.013131220000660235 -0.020270321099087597 -0.026238401394722791
leaf_weight=148 50986 176 42 447 384 38 59 174 58 56 27 1087 72 46 422 204 54 8132 24 37 22 48 99 438 23 733 48 299 28 29
leaf_count=148 50986 176 42 447 384 38 59 174 58 56 27 1087 72 46 422 204 54 8132 24 37 22 48 99 438 23 733 48 299 28 29
internal_value=-1.4289e-07 0.000793894 0.00346557 -0.00299933 -0.012269 0.00414029 -0.00546013 -0.014002 -0.0424323 0.00731122 0.0162339 0.00304166 -0.000826748 0.0119418 0.0110669 0.0202858 0.0543804 -9.30407e-05 0.000653731 -0.00818541 -0.0258627 -4.79147e-05 -0.00507714 -0.0112331 -0.0559799 0.000782339 -0.00596271 0.00140716 0.0137055 -0.0002091
internal_weight=64440 13425 3346 1248 543 705 443 212 100 2098 679 1419 1159 493 598 260 81 10079 9236 843 130 70 713 537 60 9212 781 8431 176 51015
internal_count=64440 13425 3346 1248 543 705 443 212 100 2098 679 1419 1159 493 598 260 81 10079 9236 843 130 70 713 537 60 9212 781 8431 176 51015
cat_boundaries=0 1
cat_threshold=4
is_linear=0
shrinkage=0.05


Tree=198
num_leaves=31
num_cat=0
split_feature=0 1 1 7 0 6 9 8 9 4 8 7 9 9 9 9 9 7 0 9 2 9 2 9 6 8 9 2 9 2
split_gain=4.34137 4.06369 10.4922 10.4902 15.1026 7.20329 7.0768 6.07035 5.2787 9.49937 16.6428 8.25773 5.2519 6.57848 5.47846 10.2096 5.26417 4.95865 19.2421 14.5596 4.91963 4.79368 7.35131 5.08972 4.22657 3.31286 3.05331 2.80544 2.54004 1.85375
threshold=23.500000000000004 1.0000000180025095e-35 2.5000000000000004 3.5000000000000004 3.5000000000000004 1.5000000000000002 7.729166666666667 3.5000000000000004 1.8541666666666667 -0.5 6.5000000000000009 1.0000000180025095e-35 2.1875000000000004 3.1041666666666674 8.8541666666666696 8.3125000000000018 2.9791666666666674 6.5000000000000009 18.500000000000004 3.6041666666666674 5.5000000000000009 2.0208333333333335 3.5000000000000004 1.6875000000000002 4.5000000000000009 1.0000000180025095e-35 6.229166666666667 3.5000000000000004 2.1041666666666674 2.5000000000000004
decision_type=2 2 2 8 2 10 10 8 8 2 10 10 8 10 10 10 10 8 2 8 2 10 2 10 10 10 10 2 10 2
left_child=1 12 3 5 26 6 -3 -7 9 11 -11 -4 21 16 15 -15 20 18 -10 -19 -14 23 28 25 -16 -1 -5 -25 -23 -18
right_child=-2 2 8 4 -6 7 -8 -9 17 10 -12 -13 13 14 24 -17 29 19 -20 -21 -22 22 -24 27 -26 -27 -28 -29 -30 -31
leaf_value=0.0017648938723972868 0.023291547428816558 -0.0030122456422773053 0.0069088491838877365 -0.0034516541333869098 -0.047282630170660991 0.001179006972512494 -0.021988151758909225 -0.0089317231578752414 0.00047128579130660883 -0.00079191247949985841 0.028556670823134483 -0.008257942293473184 0.00016570534706192601 0.0025683226333545798 0.0033302765162218184 0.034130851852779205 -0.025420493649078474 -0.0045188916822583121 0.045255222730338579 6.063840020785672e-05 -0.015020842366607584 0.043184149702605999 -5.6246583229832115e-05 -0.0094096879987773732 -0.026123451698442986 0.021662253531842278 -0.014982776226155382 0.0055137786323264729 0.019931653696403373 -0.0093009866505218228
leaf_weight=35 20 2833 102 150 27 2057 50 160 39742 1425 50 747 424 1760 21 26 31 2022 24 12253 61 23 31 64 29 52 93 62 24 42
leaf_count=35 20 2833 102 150 27 2057 50 160 39742 1425 50 747 424 1760 21 26 31 2022 24 12253 61 23 31 64 29 52 93 62 24 42
internal_value=-1.35736e-07 -7.36693e-06 -9.01853e-05 -0.002202 -0.0118066 -0.00169352 -0.00334135 0.00044932 0.000111011 -0.0022223 0.000202955 -0.00643578 0.00189684 0.00112586 0.00257081 0.0030278 -0.00362848 0.000211354 0.000498314 -0.000588035 -0.00174436 0.0082395 0.0188442 0.00435607 -0.0137529 0.0136576 -0.0078648 -0.00206639 0.0313105 -0.0161463
internal_weight=64440 64420 61735 5370 270 5100 2883 2217 56365 2324 1475 849 2685 2394 1836 1786 558 54041 39766 14275 485 291 78 213 50 87 243 126 47 73
internal_count=64440 64420 61735 5370 270 5100 2883 2217 56365 2324 1475 849 2685 2394 1836 1786 558 54041 39766 14275 485 291 78 213 50 87 243 126 47 73
is_linear=0
shrinkage=0.05


Tree=199
num_leaves=31
num_cat=3
split_feature=4 9 8 0 7 2 8 2 10 9 8 6 10 8 9 2 6 9 6 1 7 9 7 10 9 6 9 9 0 8
split_gain=3.94958 11.5052 25.0024 19.87 19.3691 26.1852 37.4969 48.7328 29.6504 28.4032 32.8814 18.5699 33.0605 49.4061 32.0556 34.4571 24.8144 17.9154 14.1584 16.2322 10.3201 12.0998 11.5188 7.67672 18.6285 65.7094 31.8934 41.1244 27.8078 27.4151
threshold=-0.78656609248549303 2.6458333333333335 10.500000000000002 5.5000000000000009 4.5000000000000009 3.5000000000000004 8.5000000000000018 5.5000000000000009 0 6.7708333333333348 10.500000000000002 8.5000000000000018 1 9.5000000000000018 6.6458333333333348 2.5000000000000004 15.500000000000002 2.6875000000000004 7.5000000000000009 19.500000000000004 2.5000000000000004 2.3125000000000004 1.5000000000000002 2 6.0625000000000009 10.500000000000002 6.2708333333333348 6.3125000000000009 9.5000000000000018 7.5000000000000009
decision_type=2 8 10 2 8 2 10 2 1 10 8 10 1 10 10 2 10 8 10 2 10 10 10 1 8 10 10 10 2 10
left_child=1 2 3 18 5 9 8 -8 -7 10 -3 14 13 -13 17 -16 -14 -6 19 -1 22 -22 -5 -2 -25 26 -26 -28 -27 -30
right_child=23 4 -4 20 11 6 7 -9 -10 -11 -12 12 16 -15 15 -17 -18 -19 -20 -21 21 -23 -24 24 25 28 27 -29 29 -31
leaf_value=-0.0029541403329954403 0.00029989642100183324 0.0057274925015751502 -0.05015451346558554 -0.010313483889474244 0.039806526305218193 0.0087949578088504683 -0.0314334194152616 0.021267599512116406 -0.0062654223408077463 0.051724367180990209 0.031398025017454111 -0.039519634470713161 -0.003939270928429185 0.045073718279600147 -0.0031573866209215367 0.031384893221645387 0.016002014862122941 0.0003919644733957684 0.03333409412673885 0.0075842148391905458 -0.024004437667982922 0.0055975030750657125 -0.041300009884003362 -0.00063467514115250702 -0.020934226115833614 -0.023623664354284604 0.064238710844746014 -0.00012137653329324531 -0.11531138142401523 -0.035442452061743963
leaf_weight=1706 30609 1806 27 61 29 825 180 58 529 37 134 126 1779 20 121 179 171 4936 31 465 56 90 59 19542 188 60 26 547 22 21
leaf_count=1706 30609 1806 27 61 29 825 180 58 529 37 134 126 1779 20 121 179 171 4936 31 465 56 90 59 19542 188 60 26 547 22 21
internal_value=-1.28954e-07 0.000762932 -0.00230069 -0.00177716 0.00146227 0.00448507 -0.000287542 -0.0185903 0.00292964 0.00832827 0.00750061 -3.34737e-06 -0.0039836 -0.026141 0.00158119 0.0174528 -0.0021794 0.00062218 -0.000217869 -0.000696962 -0.0146853 -0.00575667 -0.0255485 -0.000200935 -0.000951861 -0.00813702 -0.00306415 0.00279898 -0.0456171 -0.0763056
internal_weight=64440 13425 2495 2468 10930 3569 1592 238 1354 1977 1940 7361 2096 146 5265 300 1950 4965 2202 2171 266 146 120 51015 20406 864 761 573 103 43
internal_count=64440 13425 2495 2468 10930 3569 1592 238 1354 1977 1940 7361 2096 146 5265 300 1950 4965 2202 2171 266 146 120 51015 20406 864 761 573 103 43
cat_boundaries=0 1 2 3
cat_threshold=13 1 21
is_linear=0
shrinkage=0.05


Tree=200
num_leaves=31
num_cat=0
split_feature=2 8 8 0 1 0 8 7 7 6 9 1 7 9 1 8 8 0 0 6 9 1 9 0 6 1 9 9 7 7
split_gain=4.02363 24.9167 15.9696 38.2574 13.2781 29.597 41.9967 40.4568 34.8797 41.6729 25.8622 25.9083 23.702 22.4161 14.4565 38.5193 20.6548 14.0278 11.9725 36.5965 43.7095 42.5516 29.5288 25.8787 58.1168 78.3783 61.7466 20.8553 16.5562 22.4614
threshold=4.5000000000000009 20.500000000000004 19.500000000000004 10.500000000000002 18.500000000000004 8.5000000000000018 13.500000000000002 9.5000000000000018 5.5000000000000009 5.5000000000000009 9.8125000000000018 14.500000000000002 7.5000000000000009 11.85416666666667 16.500000000000004 1.0000000180025095e-35 4.5000000000000009 4.5000000000000009 14.500000000000002 6.5000000000000009 5.854166666666667 10.500000000000002 9.0208333333333339 13.500000000000002 6.5000000000000009 12.500000000000002 5.3125000000000009 5.5625000000000009 20.500000000000004 14.500000000000002
decision_type=2 10 10 2 2 2 8 10 10 10 10 2 10 10 2 8 10 2 2 10 10 2 10 2 10 2 10 8 10 10
left_child=2 4 18 -4 10 6 7 -6 9 -7 14 13 -10 -12 16 -16 -2 -8 23 21 27 -20 -22 28 25 -25 -26 -21 29 -1
right_child=1 -3 3 -5 5 8 17 -9 12 -11 11 -13 -14 -15 15 -17 -18 -19 19 20 22 -23 -24 24 26 -27 -28 -29 -30 -31
leaf_value=-0.00021028551537076719 0.0021512034265756832 -0.041524299521531381 -0.0087348148650066414 0.074231619919495048 -0.00091492402889213674 0.057765754761880839 -0.016441441931087396 0.026072483802021582 -0.048581443027415801 -0.010086767035039161 0.025771461167605592 0.064859849336589212 -0.015074619174685697 -0.024310949276531896 -0.059874313896183265 0.0067713804078447966 -0.0020032604042520058 -0.06445412035100162 -0.027220369875431062 -0.030812102789648729 0.0026616352010625515 0.055545372439717702 -0.03326677778839237 0.11298911067912537 -0.051422760363032186 -0.01396801588125527 0.016202935136376797 -0.087968862950801863 0.03360230743419379 -0.011786478385687025
leaf_weight=44644 8244 35 33 24 3285 29 29 145 84 103 80 29 142 31 22 1494 4696 32 24 79 278 44 72 31 41 20 191 20 36 423
leaf_count=44644 8244 35 33 24 3285 29 29 145 84 103 80 29 142 31 22 1494 4696 32 24 79 278 44 72 31 41 20 191 20 36 423
internal_value=-1.00552e-07 0.000622974 -0.000250632 0.0261984 0.00070295 -0.00190946 -0.000505399 0.000225943 -0.015601 0.00482023 0.00139185 0.0227787 -0.0275285 0.0117845 0.00118473 0.00580423 0.000643525 -0.0416284 -0.000283475 -0.00784932 -0.0130263 0.0263339 -0.00472935 -0.000197291 0.0148754 0.063202 0.00425184 -0.0423589 -0.000291865 -0.00031894
internal_weight=64440 18480 45960 57 18445 3849 3491 3430 358 132 14596 140 226 111 14456 1516 12940 61 45903 517 449 68 350 45386 283 51 232 99 45103 45067
internal_count=64440 18480 45960 57 18445 3849 3491 3430 358 132 14596 140 226 111 14456 1516 12940 61 45903 517 449 68 350 45386 283 51 232 99 45103 45067
is_linear=0
shrinkage=0.05


Tree=201
num_leaves=8
num_cat=0
split_feature=7 0 7 0 5 6 6
split_gain=4.27402 4.04859 6.95567 5.09792 4.2637 22.6486 15.3879
threshold=22.500000000000004 22.500000000000004 20.500000000000004 20.500000000000004 -0.12940952255126037 12.500000000000002 11.500000000000002
decision_type=10 2 10 2 2 8 10
left_child=1 2 3 4 6 -6 -1
right_child=-2 -3 -4 -5 5 -7 -8
leaf_value=0.00014282699449149887 -0.016988895905543925 -0.016753237198119882 0.022302749556090153 0.018817133451294571 -0.00022138430742184284 -0.010775019954023668 0.0048440064049631148
leaf_weight=27555 37 36 35 36 34367 516 1858
leaf_count=27555 37 36 35 36 34367 516 1858
internal_value=-9.55261e-08 9.66467e-06 1.904e-05 6.91652e-06 -3.61551e-06 -0.000377497 0.000439797
internal_weight=64440 64403 64367 64332 64296 34883 29413
internal_count=64440 64403 64367 64332 64296 34883 29413
is_linear=0
shrinkage=0.05


Tree=202
num_leaves=14
num_cat=0
split_feature=0 7 2 7 9 9 7 4 6 9 7 5 6
split_gain=3.94379 3.97042 3.99813 18.3942 13.6222 40.4327 32.5083 7.23767 24.5596 16.5784 8.20134 20.0293 13.4477
threshold=23.500000000000004 22.500000000000004 1.0000000180025095e-35 17.500000000000004 6.229166666666667 5.6875000000000009 12.500000000000002 0.98296291314453421 5.5000000000000009 8.6458333333333339 3.5000000000000004 0.37940952255126048 19.500000000000004
decision_type=2 10 2 10 10 10 10 2 10 8 10 2 10
left_child=1 2 3 4 5 -1 -6 10 9 -9 11 -4 -12
right_child=-2 -3 7 -5 6 -7 -8 8 -10 -11 12 -13 -14
leaf_value=0.00058941719323588179 0.022199463830329478 -0.01660727279441845 0.002255326974371421 0.035231107425613278 -0.00098972432257083656 0.014658810901557552 -0.025809625265384585 -0.0017252242052120917 -0.051224387121888308 -0.031425033207051457 -0.00060612742549721161 -0.0005388160913849955 -0.020886208526449415
leaf_weight=7492 20 36 10671 39 999 548 152 2226 26 48 26025 16076 82
leaf_count=7492 20 36 10671 39 999 548 152 2226 26 48 26025 16076 82
internal_value=-9.07579e-08 -6.98289e-06 2.29908e-06 0.000965456 0.000820057 0.00154838 -0.00426742 -0.000158885 -0.0029046 -0.00235213 -3.94019e-05 0.000575937 -0.000669826
internal_weight=64440 64420 64384 9230 9191 8040 1151 55154 2300 2274 52854 26747 26107
internal_count=64440 64420 64384 9230 9191 8040 1151 55154 2300 2274 52854 26747 26107
is_linear=0
shrinkage=0.05


Tree=203
num_leaves=12
num_cat=0
split_feature=8 8 6 0 1 9 9 0 6 1 8
split_gain=3.89711 5.17859 4.4483 57.9924 36.7713 50.4449 28.9086 7.27941 7.52652 56.812 9.33847
threshold=23.500000000000004 21.500000000000004 15.500000000000002 5.5000000000000009 10.500000000000002 6.6875000000000009 5.5625000000000009 21.500000000000004 14.500000000000002 18.500000000000004 17.500000000000004
decision_type=10 10 10 2 2 10 8 2 8 2 10
left_child=1 2 7 -4 5 -5 -6 8 10 -10 -1
right_child=-2 -3 3 4 6 -7 -8 -9 9 -11 -12
leaf_value=-4.2547818362250528e-05 0.022067695409059524 -0.019808866964145144 0.072061743227144079 0.10176229837350548 0.038817607409631215 0.0072480065903315948 -0.0077849029365990481 0.027495346746097011 0.0035160357808304388 -0.052245957712674963 0.011623736245687619
leaf_weight=63344 20 33 30 20 36 48 440 24 215 58 172
leaf_count=63344 20 33 30 20 36 48 440 24 215 58 172
internal_value=-8.62112e-08 -6.93743e-06 3.21157e-06 0.00438516 0.000652991 0.0350463 -0.00426034 -3.62042e-05 -4.65626e-05 -0.00833083 -1.09558e-05
internal_weight=64440 64420 64387 574 544 68 476 63813 63789 273 63516
internal_count=64440 64420 64387 574 544 68 476 63813 63789 273 63516
is_linear=0
shrinkage=0.05


Tree=204
num_leaves=8
num_cat=0
split_feature=0 6 6 0 9 0 9
split_gain=3.92867 4.48127 5.57555 6.35828 5.43296 35.6101 34.4988
threshold=22.500000000000004 23.500000000000004 21.500000000000004 20.500000000000004 9.2708333333333339 12.500000000000002 9.1875000000000018
decision_type=2 8 10 2 10 2 10
left_child=1 2 3 4 6 -6 -1
right_child=-2 -3 -4 -5 5 -7 -8
leaf_value=1.8267897158465753e-05 -0.016288060598261028 0.02207555142433747 -0.021917420856911562 0.021316578909754753 0.0019472489006655412 -0.025225396851914689 0.047673435362153932
leaf_weight=63611 37 23 29 35 509 158 38
leaf_count=63611 37 23 29 35 509 158 38
internal_value=-8.19175e-08 9.27565e-06 1.39239e-06 1.12702e-05 -3.2392e-07 -0.00448945 4.67192e-05
internal_weight=64440 64403 64380 64351 64316 667 63649
internal_count=64440 64403 64380 64351 64316 667 63649
is_linear=0
shrinkage=0.05


Tree=205
num_leaves=31
num_cat=2
split_feature=0 5 10 9 8 2 7 9 2 6 6 7 5 8 9 9 10 1 1 5 2 8 7 0 8 0 9 6 9 0
split_gain=3.79082 10.9335 13.901 24.9007 18.582 17.3943 14.4134 11.7771 9.95784 11.4532 7.002 9.27471 6.7103 17.4047 7.06044 6.43463 7.41278 17.3034 6.43363 8.60423 9.35079 26.7786 41.5198 35.6858 14.0916 34.4028 15.2418 7.55862 13.172 15.8504
threshold=1.0000000180025095e-35 0.25881904510252057 0 4.7708333333333348 6.5000000000000009 4.5000000000000009 1.5000000000000002 5.604166666666667 2.5000000000000004 3.5000000000000004 5.5000000000000009 1.5000000000000002 -0.12940952255126037 3.5000000000000004 3.2708333333333335 9.3541666666666696 1 22.500000000000004 1.0000000180025095e-35 0.78656609248549303 4.5000000000000009 4.5000000000000009 15.500000000000002 20.500000000000004 19.500000000000004 10.500000000000002 9.5625000000000018 4.5000000000000009 7.0625000000000009 5.5000000000000009
decision_type=2 2 1 8 10 2 10 8 2 10 10 10 2 10 10 10 1 2 2 2 2 10 10 2 10 2 10 10 8 2
left_child=1 2 3 4 6 8 -1 -5 9 -4 15 -12 13 -7 -14 16 17 -3 -2 20 24 22 -22 -23 26 -26 -20 -21 -29 -30
right_child=18 10 5 7 -6 12 -8 -9 -10 -11 11 -13 14 -15 -16 -17 -18 -19 19 27 21 23 -24 -25 25 -27 -28 28 29 -31
leaf_value=-0.012226777205847809 0.0028400317196554847 -0.0073296052687333501 -0.0093091423048520475 -0.064329082593321804 0.03788810132466483 -0.080836050342768431 0.0046245292905950919 -0.01623167029448918 0.004173059779143817 -0.045733393040987169 -0.0070960912810589527 0.023911858096614721 -0.0015756176853621449 -0.020206141022258792 -0.039274193066217856 0.024319309812898822 -3.9353397223802578e-06 0.036839573231080301 -0.00011394904594992503 -0.00068739260809357245 0.0034045109819372263 -0.0010441484363547958 0.065533695080214074 0.052724257718411188 -0.0084421355940514451 0.070233729093646016 -0.013924350629998512 -0.0067714962590904627 0.011889641998704034 -0.0094617413131607257
leaf_weight=185 2119 617 127 20 33 20 404 35 111 26 38 66 27 29 23 26 5442 23 33074 6552 6650 6784 27 31 33 24 201 1322 232 139
leaf_count=185 2119 617 127 20 33 20 404 35 111 26 38 66 27 29 23 26 5442 23 33074 6552 6650 6784 27 31 33 24 201 1322 232 139
internal_value=-7.7806e-08 -0.001077 -0.00582182 -0.00145273 0.00137727 -0.0135567 -0.000668326 -0.0337216 -0.00722773 -0.0154989 -0.000282627 0.012582 -0.0318035 -0.044953 -0.018917 -0.000501672 -0.000607779 -0.00565393 0.000136486 3.24562e-05 0.000294717 0.0014053 0.00365574 -0.000799567 -0.000154822 0.0246845 -0.000197372 -0.00145694 -0.00443515 0.00389007
internal_weight=64440 7252 1040 677 622 363 589 55 264 153 6212 104 99 49 50 6108 6082 640 57188 55069 46824 13492 6677 6815 33332 57 33275 8245 1693 371
internal_count=64440 7252 1040 677 622 363 589 55 264 153 6212 104 99 49 50 6108 6082 640 57188 55069 46824 13492 6677 6815 33332 57 33275 8245 1693 371
cat_boundaries=0 1 2
cat_threshold=22 4
is_linear=0
shrinkage=0.05


Tree=206
num_leaves=26
num_cat=1
split_feature=0 9 4 9 7 9 9 6 8 8 8 4 8 10 0 0 0 9 0 5 9 1 6 7 6
split_gain=4.19347 4.06468 18.2221 39.3954 24.0163 21.467 15.8278 15.6125 31.1461 29.492 38.4123 14.1096 14.8597 14.3304 43.9676 13.7318 11.7135 7.27676 27.0214 21.8352 17.3712 29.2519 17.4545 5.49005 3.5555
threshold=22.500000000000004 7.8958333333333348 0.91597561503675362 7.979166666666667 1.5000000000000002 9.0625000000000018 7.8125000000000009 5.5000000000000009 3.5000000000000004 5.5000000000000009 8.5000000000000018 -0.98296291314453399 9.5000000000000018 0 4.5000000000000009 17.500000000000004 12.500000000000002 7.729166666666667 3.5000000000000004 -0.60355339059327384 7.6875000000000009 18.500000000000004 18.500000000000004 2.5000000000000004 4.5000000000000009
decision_type=2 10 2 10 10 10 10 10 10 10 10 2 10 1 2 2 2 10 2 2 10 2 10 10 10
left_child=1 6 11 -4 -5 -6 17 8 23 -9 -11 12 16 15 -15 -13 -3 20 24 -20 22 -22 -1 -8 -19
right_child=-2 2 3 4 5 -7 7 9 -10 10 -12 13 -14 14 -16 -17 -18 18 19 -21 21 -23 -24 -25 -26
leaf_value=-4.4242062348909036e-05 -0.016828018223011009 0.059474120142736613 0.074962788820266732 -0.036611413417590992 0.024967858340168708 -0.0047232936848612397 -0.027604166991435565 0.040657747889885548 -0.086315590273588899 -0.073005753026708309 0.0058513958363773976 -0.00042124135747221241 -0.0032525248188329373 0.01392898299400845 -0.043512666119366057 0.01914078609723794 0.0093738874793052682 -0.0081393068482741773 -0.00085249407658059351 0.039860247888673955 -0.0078154911327621215 -0.074534163437783726 0.029509658046066763 0.0063333915885199201 -0.032698727437309574
leaf_weight=61634 37 28 24 27 151 102 26 28 20 23 47 1611 38 62 72 95 20 56 57 78 92 20 50 22 20
leaf_count=61634 37 28 24 27 151 102 26 28 20 23 47 1611 38 62 72 95 20 56 57 78 92 20 50 22 20
internal_value=-7.39437e-08 9.59383e-06 0.00210698 0.0134835 0.00821379 0.0129975 -6.56345e-05 -0.0154842 -0.0338924 -0.00271122 -0.0200588 0.000311317 0.0201065 -0.000613891 -0.0157591 0.000664193 0.038599 -2.43571e-05 0.00924517 0.0226704 -5.60075e-05 -0.0197295 -2.02862e-05 -0.0120495 -0.0146023
internal_weight=64440 64403 2230 304 280 253 62173 166 68 98 70 1926 86 1840 134 1706 48 62007 211 135 61796 112 61684 48 76
internal_count=64440 64403 2230 304 280 253 62173 166 68 98 70 1926 86 1840 134 1706 48 62007 211 135 61796 112 61684 48 76
cat_boundaries=0 1
cat_threshold=12
is_linear=0
shrinkage=0.05


Tree=207
num_leaves=20
num_cat=0
split_feature=0 1 0 0 8 7 8 9 1 8 9 7 7 1 9 9 8 9 9
split_gain=3.7846 4.01585 51.82 37.3715 13.8814 12.235 20.8992 17.3614 21.4454 12.3293 12.0124 10.2609 12.4586 9.34633 20.6051 20.2233 7.92774 14.8407 5.92875
threshold=22.500000000000004 7.5000000000000009 10.500000000000002 9.5000000000000018 5.5000000000000009 2.5000000000000004 14.500000000000002 2.1458333333333335 19.500000000000004 6.5000000000000009 1.6458333333333337 10.500000000000002 9.5000000000000018 11.500000000000002 1.7708333333333337 5.2708333333333348 4.5000000000000009 1.5625000000000002 1.3958333333333337
decision_type=2 2 2 2 10 10 10 8 2 8 10 10 10 2 10 10 10 10 10
left_child=1 2 3 11 -4 6 7 9 -9 -3 16 12 -1 14 -12 -15 18 -18 -7
right_child=-2 5 4 -5 -6 10 -8 8 -10 -11 13 -13 -14 15 -16 -17 17 -19 -20
leaf_value=-0.0005178041646284443 -0.015986616725756513 -0.0034689478470407067 -0.086518952716141947 0.06065491372346879 -0.028314840084030513 0.0071164645627141004 0.045845265569234336 0.0057393162508272318 0.00024435827002020522 0.012955840134260353 0.030258077511289085 0.025445852290814447 -0.035835193142294886 -0.0014668446613428762 0.0011015158767405998 0.0017494290427876415 -0.0074173174266304294 -0.060584966643225581 -0.011345401425445099
leaf_weight=21350 37 1800 20 25 21 60 27 3473 3633 122 61 38 25 17631 9141 6762 35 21 158
leaf_count=21350 37 1800 20 25 21 60 27 3473 3633 122 61 38 25 17631 9141 6762 35 21 158
internal_value=-7.02544e-08 9.11413e-06 -0.000549033 -0.000441631 -0.0567071 0.000288409 0.00192101 0.00178964 0.00292997 -0.00242638 -0.000148073 -0.000512962 -0.000559111 -6.30332e-05 0.00129479 -0.000575259 -0.0105747 -0.0273552 -0.00626415
internal_weight=64440 64403 21479 21438 41 42924 9055 9028 7106 1922 33869 21413 21375 33595 9202 24393 274 56 218
internal_count=64440 64403 21479 21438 41 42924 9055 9028 7106 1922 33869 21413 21375 33595 9202 24393 274 56 218
is_linear=0
shrinkage=0.05


Tree=208
num_leaves=31
num_cat=0
split_feature=0 8 9 9 7 8 9 7 5 7 9 5 5 5 2 2 2 6 0 7 4 4 6 9 1 9 4 4 2 7
split_gain=4.0135 25.7042 31.7884 72.6777 31.1059 25.598 28.2354 48.5959 56.4755 27.7676 40.7211 36.9716 31.3175 29.3469 42.4838 19.8049 32.6662 28.3062 19.0615 17.5099 22.8603 22.5127 19.6691 17.3599 14.3247 18.1365 13.8341 14.7318 13.5334 11.5603
threshold=4.5000000000000009 12.500000000000002 6.229166666666667 4.854166666666667 6.5000000000000009 1.5000000000000002 6.7708333333333348 3.5000000000000004 0.78656609248549303 1.5000000000000002 2.2291666666666674 -0.78656609248549325 -0.60355339059327384 -0.78656609248549325 1.5000000000000002 5.5000000000000009 4.5000000000000009 3.5000000000000004 5.5000000000000009 1.5000000000000002 0.91597561503675362 -0.37940952255126059 3.5000000000000004 2.8541666666666674 5.5000000000000009 3.3541666666666674 0.91597561503675362 0.98296291314453421 1.0000000180025095e-35 14.500000000000002
decision_type=2 10 10 10 10 8 10 10 2 8 8 2 2 2 2 2 2 10 2 8 2 2 10 10 2 8 2 2 2 10
left_child=1 29 3 -3 -5 6 19 -8 -9 13 11 18 -13 14 28 16 -12 -17 -11 26 21 -21 -22 -16 -15 -26 -2 -28 -7 -1
right_child=5 2 -4 4 -6 9 7 8 -10 10 15 12 -14 24 23 17 -18 -19 -20 20 22 -23 -24 -25 25 -27 27 -29 -30 -31
leaf_value=0.0001697954245068351 -0.010262088733330564 0.0023208343968758372 -0.032080806543429694 0.10701233072636218 0.039351501194190008 0.0023635089820758862 0.0065884888682159644 -0.12200529112791021 -0.01748105718621186 0.018053172574201155 -0.00055733517518416747 -0.057102594834188336 -0.017084882906222846 -0.016665266357800541 0.01842177554010218 -0.01396149343594922 0.0049878554355085461 -0.0016422021959290535 -0.013278716561263022 0.0014713404566153935 0.0082061054655811292 -0.013933934042170429 0.059090588680313284 0.046315053645521409 -0.003097784876347941 0.011313918875506361 -0.059277397109305158 -0.010767642665525963 -0.044964722965074623 0.019315623105326786
leaf_weight=39610 212 147 30 26 49 44 42 24 28 84 14963 71 157 85 119 569 3229 2583 115 589 91 397 24 105 397 485 34 29 23 79
leaf_count=39610 212 147 30 26 49 44 42 24 28 84 14963 71 157 85 119 569 3229 2583 115 589 91 397 24 105 397 485 34 29 23 79
internal_value=-6.67392e-08 0.000308976 0.0162273 0.0227554 0.0628073 -0.000503903 -0.00690092 -0.0334136 -0.065723 -9.55645e-05 -0.000512917 -0.0158014 -0.0295465 0.00712715 0.0210484 -0.000207061 0.000426912 -0.00386608 -5.31955e-05 -0.00508974 -0.00227087 -0.00473139 0.0188255 0.0314967 0.00293783 0.00482702 -0.0163755 -0.0369475 -0.0138835 0.000207905
internal_weight=64440 39941 252 222 75 24499 1470 94 52 23029 21771 427 228 1258 291 21344 18192 3152 199 1376 1101 986 115 224 967 882 275 63 67 39689
internal_count=64440 39941 252 222 75 24499 1470 94 52 23029 21771 427 228 1258 291 21344 18192 3152 199 1376 1101 986 115 224 967 882 275 63 67 39689
is_linear=0
shrinkage=0.05


Tree=209
num_leaves=29
num_cat=0
split_feature=0 0 8 9 9 7 8 9 5 7 9 5 5 2 2 7 4 1 4 6 5 8 2 2 7 9 7 7
split_gain=3.79023 3.79274 23.1981 28.6891 65.5917 28.0731 22.9654 25.4825 44.0496 25.2329 36.6096 33.3669 24.6002 39.3377 19.5455 15.8027 20.6314 13.4737 12.4853 12.3382 11.5147 26.3035 35.226 19.801 15.1682 48.888 10.9954 10.8545
threshold=23.500000000000004 4.5000000000000009 12.500000000000002 6.229166666666667 4.854166666666667 6.5000000000000009 1.5000000000000002 6.7708333333333348 0.37940952255126048 1.5000000000000002 2.2291666666666674 -0.78656609248549325 -0.78656609248549325 3.5000000000000004 5.5000000000000009 1.5000000000000002 0.91597561503675362 5.5000000000000009 0.91597561503675362 5.5000000000000009 -0.98296291314453399 2.5000000000000004 5.5000000000000009 1.5000000000000002 14.500000000000002 5.1458333333333348 4.5000000000000009 11.500000000000002
decision_type=2 2 10 10 10 10 8 10 2 10 10 2 2 2 2 10 2 2 2 10 2 10 2 2 10 10 10 8
left_child=1 2 20 4 26 -6 7 15 -9 12 11 -11 13 -8 -12 18 -17 -14 -3 -10 21 22 -1 -23 27 -26 -4 -22
right_child=-2 6 3 -5 5 -7 9 8 19 10 14 -13 17 -15 -16 16 -18 -19 -20 -21 24 23 -24 -25 25 -27 -28 -29
leaf_value=0.018473100199548224 0.021763009170535953 -0.0097489840805174716 0.020416150194645492 -0.030476765433947246 0.10166171403745046 0.037383926378525036 0.002468376307669713 -0.090197753518198934 0.0044351582351902672 -5.0535640122378298e-05 0.00040672501812381547 -0.028069211420063911 -0.015971184000586985 0.038315291330546251 -0.0038614511689284412 -0.0044948222615891166 0.017884201609084143 0.004625691142820982 -0.035100134598120808 -0.039009112488621704 0.00036326454680077943 -0.023535495594485988 -0.047412535783065403 -0.0046870058814944757 -0.039203899175944655 0.049969644552352387 -0.0080633132777949614 -0.0083714459577515672
leaf_weight=172 20 212 53 30 26 49 166 24 44 199 18130 228 87 142 3148 986 115 909 63 26 38384 196 23 482 22 51 94 359
leaf_count=172 20 212 53 30 26 49 166 24 44 199 18130 228 87 142 3148 986 115 909 63 26 38384 196 23 482 22 51 94 359
internal_value=-6.34102e-08 -6.82003e-06 0.000293527 0.0154159 0.0216177 0.0596669 -0.00049688 -0.00655588 -0.0317429 -0.000109782 -0.000515631 -0.0150113 0.00664554 0.0189952 -0.000224736 -0.00483525 -0.00215732 0.00282657 -0.0155567 -0.0117013 0.000197509 -0.00548134 0.010702 -0.0101358 0.000325231 0.0230954 0.00220479 0.000282327
internal_weight=64440 64420 39941 252 222 75 24479 1470 94 23009 21705 427 1304 308 21278 1376 1101 996 275 70 39689 873 195 678 38816 73 147 38743
internal_count=64440 64420 39941 252 222 75 24479 1470 94 23009 21705 427 1304 308 21278 1376 1101 996 275 70 39689 873 195 678 38816 73 147 38743
is_linear=0
shrinkage=0.05


Tree=210
num_leaves=31
num_cat=5
split_feature=4 9 4 6 10 9 2 9 9 7 8 1 0 9 10 7 10 9 9 9 2 7 9 9 10 0 8 1 10 9
split_gain=3.71271 26.343 23.459 19.5096 30.16 34.0162 30.2357 24.1266 20.8433 21.7524 47.9707 23.6106 21.7352 33.6222 32.0827 20.2083 18.5893 18.3192 25.1374 27.4595 16.1822 15.2989 31.0206 43.2897 14.4746 30.8857 15.2029 13.5473 13.4424 30.7476
threshold=-0.5 2.4791666666666674 -0.37940952255126059 3.5000000000000004 0 6.0625000000000009 3.5000000000000004 3.8125000000000004 4.3958333333333348 5.5000000000000009 6.5000000000000009 20.500000000000004 7.5000000000000009 8.5625000000000018 1 1.0000000180025095e-35 2 4.854166666666667 4.5208333333333348 3.7708333333333335 2.5000000000000004 16.500000000000004 8.9375000000000018 8.1875000000000018 3 5.5000000000000009 9.5000000000000018 17.500000000000004 4 6.3125000000000009
decision_type=2 10 2 10 1 10 2 10 10 10 8 2 2 10 1 10 1 8 10 10 2 10 10 10 1 2 10 2 1 8
left_child=1 24 16 4 7 -6 -7 15 9 11 -11 -5 13 -10 -14 -3 17 18 19 -2 -9 22 23 -18 26 27 -1 -26 -4 -30
right_child=2 3 28 8 5 6 -8 20 12 10 -12 -13 14 -15 -16 -17 21 -19 -20 -21 -22 -23 -24 -25 25 -27 -28 -29 29 -31
leaf_value=-0.0021342945376541596 -0.00274020223315868 0.028312408124449951 0.0018588633196841176 0.00225782225640727 -0.0033688890850960586 0.0057170591006676357 0.08039681992453078 0.02445869355065787 0.0038703322485787828 -0.00095187131437553219 -0.018071986940941948 -0.0063287420253614491 0.0096183978584432322 0.035279927394170872 -0.0031174939037047645 0.0037447697157077134 -0.0071299092247359896 0.036132920999079943 -0.041204684738521326 0.026042946177336424 0.0085809983419264657 0.034594280611384996 0.050435918504777168 -0.070851487721557971 0.0079537233015821301 -0.067344292163848879 -0.039828152642412872 -0.016054421363596447 -7.6723084254159277e-05 -0.0072991290666985778
leaf_weight=2890 356 87 8055 3310 1369 33 23 287 4119 1335 590 1056 591 87 2783 2209 2076 40 33 108 364 22 23 27 81 25 27 214 30672 1548
leaf_count=2890 356 87 8055 3310 1369 33 23 287 4119 1335 590 1056 591 87 2783 2209 2076 40 33 108 364 22 23 27 81 25 27 214 30672 1548
internal_value=-6.02486e-08 0.000536666 -0.000268423 0.00127425 0.00418671 -0.00179388 0.0363891 0.0070607 0.000356266 -0.00177126 -0.00619908 0.000180999 0.002122 0.00452003 -0.000867369 0.00467569 -0.00479363 0.00351497 0.000960506 0.00395932 0.0155808 -0.00685523 -0.00731639 -0.00794802 -0.00362016 -0.0135606 -0.00247471 -0.00946235 3.32571e-05 -0.00042359
internal_weight=64440 21480 42960 18243 4372 1425 56 2947 13871 6291 1925 4366 7580 4206 3374 2296 2685 537 497 464 651 2148 2126 2103 3237 320 2917 295 40275 32220
internal_count=64440 21480 42960 18243 4372 1425 56 2947 13871 6291 1925 4366 7580 4206 3374 2296 2685 537 497 464 651 2148 2126 2103 3237 320 2917 295 40275 32220
cat_boundaries=0 1 2 3 4 5
cat_threshold=19 10 1 7 4
is_linear=0
shrinkage=0.05


Tree=211
num_leaves=8
num_cat=0
split_feature=0 6 6 0 9 0 9
split_gain=3.67977 4.00432 5.35437 4.99266 5.05186 32.1844 30.6563
threshold=22.500000000000004 23.500000000000004 21.500000000000004 20.500000000000004 9.2708333333333339 12.500000000000002 9.1875000000000018
decision_type=2 8 10 2 10 2 10
left_child=1 2 3 4 6 -6 -1
right_child=-2 -3 -4 -5 5 -7 -8
leaf_value=1.9561163231784644e-05 -0.015763564443064704 0.020868036863596545 -0.021478049328614926 0.01889050022831985 0.0017914682702199797 -0.024041130575881919 0.044942438362264324
leaf_weight=63611 37 23 29 35 509 158 38
leaf_count=63611 37 23 29 35 509 158 38
internal_value=7.6594e-09 9.06395e-06 1.612e-06 1.12919e-05 1.01804e-06 -0.0043278 4.63812e-05
internal_weight=64440 64403 64380 64351 64316 667 63649
internal_count=64440 64403 64380 64351 64316 667 63649
is_linear=0
shrinkage=0.05


Tree=212
num_leaves=18
num_cat=0
split_feature=0 4 9 0 0 9 4 6 0 2 8 0 6 0 0 6 6
split_gain=3.75059 3.61882 11.9184 46.7594 21.6186 21.5311 32.1931 12.55 11.0637 9.72252 9.45 28.637 25.516 18.5738 15.8009 47.9887 12.8749
threshold=23.500000000000004 -0.78656609248549303 9.6875000000000018 18.500000000000004 16.500000000000004 9.9791666666666696 -0.91597561503675329 8.5000000000000018 21.500000000000004 4.5000000000000009 14.500000000000002 14.500000000000002 12.500000000000002 10.500000000000002 15.500000000000002 18.500000000000004 16.500000000000004
decision_type=2 2 10 2 2 10 2 10 2 2 10 2 10 2 2 10 8
left_child=1 2 3 4 7 -4 -7 -1 10 -6 14 13 -13 -12 16 -16 -3
right_child=-2 8 5 -5 9 6 -8 -9 -10 -11 11 12 -14 -15 15 -17 -18
leaf_value=0.0013800876337521186 0.021648986488580706 -0.00013269102662379667 0.050233062382390281 -0.058841370957706009 0.01540438753777537 -0.031357376824951537 0.047834666924817221 -0.0025198081660812071 -0.034138918171326325 0.060719538349658257 -0.0083517126903453528 -0.065870533221297795 -0.0059162591025233267 0.013445793299211396 0.0058416928484598118 0.084170303493738177 -0.013679893484302078
leaf_weight=10693 20 49936 34 33 29 33 21 2556 24 20 354 36 35 135 284 21 176
leaf_count=10693 20 49936 34 33 29 33 21 2556 24 20 354 36 35 135 284 21 176
internal_value=7.27601e-09 -6.71392e-06 0.000723874 0.000602806 0.000750321 0.0190643 -0.000560471 0.000627719 -0.000198941 0.0339004 -0.000182962 -0.00664238 -0.0363156 -0.002334 -0.000111215 0.0112348 -0.000180271
internal_weight=64440 64420 13419 13331 13298 88 54 13249 51001 49 50977 560 71 489 50417 305 50112
internal_count=64440 64420 13419 13331 13298 88 54 13249 51001 49 50977 560 71 489 50417 305 50112
is_linear=0
shrinkage=0.05


Tree=213
num_leaves=15
num_cat=0
split_feature=7 9 7 9 6 0 2 7 9 5 5 9 9 0
split_gain=3.52186 4.34142 17.5274 15.4312 16.1725 21.1934 15.2018 10.1663 6.4654 33.5839 27.7436 9.88569 12.5535 3.00777
threshold=22.500000000000004 10.312500000000002 16.500000000000004 12.270833333333334 16.500000000000004 14.500000000000002 5.5000000000000009 20.500000000000004 9.5625000000000018 -0.9159756150367534 -0.37940952255126015 9.4791666666666696 9.4375000000000018 8.5000000000000018
decision_type=10 10 10 10 10 2 2 10 10 2 2 10 10 2
left_child=1 7 3 4 5 -3 -5 8 11 -10 -11 12 -1 -13
right_child=-2 2 -4 6 -6 -7 -8 -9 9 10 -12 13 -14 -15
leaf_value=5.7977614227821168e-07 -0.015421619356886761 0.019986436007544399 -0.026345172241064054 0.015310790815523693 0.053140149478401455 -0.031311798592408499 -0.04416365415196527 0.029580502324448577 0.052433701005897351 -0.04457778093659065 -0.0038102310328512871 0.011139084398746491 -0.03235086085895697 0.038560654744505887
leaf_weight=63800 37 125 35 21 28 24 22 29 21 55 173 20 30 20
leaf_count=63800 37 125 35 21 28 24 22 29 21 55 173 20 30 20
internal_value=6.88756e-09 8.86673e-06 0.00651996 0.0117485 0.0182754 0.0117236 -0.015118 -1.70161e-05 -3.04026e-05 -0.00807165 -0.0136445 9.4659e-07 -1.46254e-05 0.0248499
internal_weight=64440 64403 255 220 177 149 43 64148 64119 249 228 63870 63830 40
internal_count=64440 64403 255 220 177 149 43 64148 64119 249 228 63870 63830 40
is_linear=0
shrinkage=0.05


Tree=214
num_leaves=31
num_cat=0
split_feature=1 1 7 0 6 9 9 9 8 6 9 8 0 6 0 5 0 5 9 8 8 0 8 8 9 9 6 0 9 6
split_gain=3.436 8.94261 9.50746 13.5924 6.52356 6.4975 6.36319 5.63343 8.82865 7.8806 5.31814 31.5109 46.7979 43.818 22.7695 16.1948 23.0839 15.308 12.4253 53.5352 39.2739 20.1516 17.2848 8.52453 5.05491 9.64953 6.55981 5.51217 7.30762 6.74738
threshold=1.0000000180025095e-35 2.5000000000000004 3.5000000000000004 3.5000000000000004 1.5000000000000002 7.729166666666667 8.6875000000000018 4.8125000000000009 3.5000000000000004 5.5000000000000009 6.8958333333333348 16.500000000000004 10.500000000000002 14.500000000000002 8.5000000000000018 -0.98296291314453399 10.500000000000002 -0.78656609248549325 6.479166666666667 14.500000000000002 18.500000000000004 18.500000000000004 10.500000000000002 17.500000000000004 8.8541666666666696 8.2708333333333339 5.5000000000000009 1.0000000180025095e-35 6.104166666666667 4.5000000000000009
decision_type=2 2 8 2 10 10 10 10 8 10 10 10 2 10 2 2 2 2 10 10 10 2 10 8 8 8 8 2 10 10
left_child=24 2 4 -4 5 -2 -7 9 -9 -6 18 15 14 -14 -13 16 -12 -17 21 22 -21 23 -20 -3 25 27 -26 28 29 -1
right_child=1 10 3 -5 7 6 -8 8 -10 -11 11 12 13 -15 -16 17 -18 -19 19 20 -22 -23 -24 -25 26 -27 -28 -29 -30 -31
leaf_value=-0.0026101781211182243 -0.0027945253984158276 5.4757345258361373e-06 -0.0074299023586321513 -0.044825012223036205 -0.00093309210675212846 -0.036155828782196704 -1.6176310323533559e-05 0.0054165757002583382 -0.011055274307727814 -0.026847195050989588 0.0097039028188922044 -0.025560179272213497 0.026394679837814367 -0.054590780502590155 -0.084177077957429 0.00989348362416511 -0.027278718662833296 0.0018166598741268206 -0.0044151693963254612 0.060881248212311993 -0.015378588885068895 0.04328786806996774 -0.020001653383056133 0.0057083429740980296 0.00084794120806636238 0.032374245322381076 -0.034399585571902043 0.0029661994446807134 -0.02622740833509353 0.022197228226939154
leaf_weight=500 2833 49872 243 27 1329 29 21 767 91 30 71 37 61 23 30 715 104 3268 1228 52 25 27 208 664 33 26 22 2044 31 29
leaf_count=500 2833 49872 243 27 1329 29 21 767 91 30 71 37 61 23 30 715 104 3268 1228 52 25 27 208 664 33 26 22 2044 31 29
internal_value=6.55025e-09 -7.61233e-05 -0.00202579 -0.0111694 -0.00154172 -0.00310987 -0.0209772 0.000497514 0.00366956 -0.00150515 0.000109559 0.00179766 -0.0206394 0.00422009 -0.0518066 0.00261248 -0.0122743 0.00326655 -3.01216e-05 -0.00449492 0.0361216 0.000103479 -0.00667282 8.04066e-05 0.00175099 0.00206472 -0.0132511 0.00176209 -0.00263289 -0.00125023
internal_weight=64440 61755 5370 270 5100 2883 50 2217 858 1359 56385 4309 151 84 67 4158 175 3983 52076 1513 77 50563 1436 50536 2685 2630 55 2604 560 529
internal_count=64440 61755 5370 270 5100 2883 50 2217 858 1359 56385 4309 151 84 67 4158 175 3983 52076 1513 77 50563 1436 50536 2685 2630 55 2604 560 529
is_linear=0
shrinkage=0.05


Tree=215
num_leaves=14
num_cat=0
split_feature=8 8 9 7 9 6 2 6 9 1 7 8 0
split_gain=3.5466 4.6461 4.67064 10.5585 13.9572 15.4424 13.6692 12.6921 8.14737 20.8245 7.06982 81.8022 6.58437
threshold=23.500000000000004 21.500000000000004 10.312500000000002 16.500000000000004 12.270833333333334 11.500000000000002 5.5000000000000009 12.500000000000002 10.062500000000002 13.500000000000002 20.500000000000004 9.5000000000000018 22.500000000000004
decision_type=10 10 10 10 10 10 2 10 10 2 10 8 2
left_child=1 2 8 4 5 -4 -6 -5 10 -10 12 -12 -1
right_child=-2 -3 3 7 6 -7 -8 -9 9 -11 11 -13 -14
leaf_value=-1.1310718042831416e-05 0.021052013374865057 -0.018762782283804635 0.0059892077707928851 0.012261233749714766 0.01447301498126416 0.036530025666015167 -0.041923780197446997 -0.040316150904012221 0.0055313277031694141 -0.05571411747647368 0.096770211257826311 -0.034672509570573939 -0.0242630595607417
leaf_weight=63986 20 33 111 22 21 66 22 24 35 23 20 29 28
leaf_count=63986 20 33 111 22 21 66 22 24 35 23 20 29 28
internal_value=6.23561e-09 -6.52963e-06 3.08344e-06 0.00661486 0.01117 0.0173773 -0.0143812 -0.0151704 -2.43449e-05 -0.0187557 -7.38635e-06 0.0189776 -2.19185e-05
internal_weight=64440 64420 64387 266 220 177 43 46 64121 58 64063 49 64014
internal_count=64440 64420 64387 266 220 177 43 46 64121 58 64063 49 64014
is_linear=0
shrinkage=0.05


Tree=216
num_leaves=30
num_cat=1
split_feature=0 0 8 9 9 7 8 9 7 5 7 9 5 5 10 2 7 4 9 7 4 5 7 8 7 9 9 7 7
split_gain=3.68743 3.61534 21.2145 25.4539 59.2526 22.1858 20.7542 23.1015 42.5545 48.3613 22.6215 32.5937 29.9307 23.0982 38.8418 17.604 14.2208 18.6616 12.9813 12.5884 11.2747 10.411 24.7424 20.4621 13.4835 43.9223 10.5427 10.0664 2.57323
threshold=23.500000000000004 4.5000000000000009 12.500000000000002 6.229166666666667 4.8125000000000009 6.5000000000000009 1.5000000000000002 6.7708333333333348 3.5000000000000004 0.78656609248549303 1.5000000000000002 2.2291666666666674 -0.78656609248549325 1.0000000180025095e-35 0 5.5000000000000009 1.5000000000000002 0.91597561503675362 2.9791666666666674 4.5000000000000009 0.91597561503675362 -0.98296291314453399 9.5000000000000018 2.5000000000000004 14.500000000000002 5.1458333333333348 4.0208333333333348 12.500000000000002 1.5000000000000002
decision_type=2 2 10 10 10 10 8 10 10 2 10 10 2 2 1 2 10 2 8 10 2 2 10 10 10 10 10 10 10
left_child=1 2 21 4 19 -6 7 16 28 -10 13 12 -12 14 -8 -13 20 -18 -15 -4 -3 22 23 -1 27 -26 -24 -23 -9
right_child=-2 6 3 -5 5 -7 10 8 9 -11 11 15 -14 18 -16 -17 17 -19 -20 -21 -22 24 26 -25 25 -27 -28 -29 -30
leaf_value=0.011917481584524787 0.02146592589095235 -0.0092584738622085664 0.020556205740789524 -0.028479721397161484 0.09067252001592091 0.035650994291283052 0.028205993642995222 0.020186708802357317 -0.11254337814946969 -0.015818941576539406 -9.4186690116497747e-06 0.00037235200516118333 -0.026546231351727456 -0.021042304502969442 0.0041126686797247989 -0.0036783020889887513 -0.0042895081350674902 0.01699436004233101 0.0012779279060476849 -0.010408554512881831 -0.033349198077820129 0.00032411578826275431 -0.0021385831758379938 -0.0070481195721048412 -0.03726603886620565 0.047257507051907337 -0.044743061684212597 -0.013155564851053864 -0.0045936700644564231
leaf_weight=185 20 212 52 30 28 53 234 20 24 28 199 18130 228 77 570 3148 986 115 423 89 63 38604 20 615 22 51 53 139 22
leaf_count=185 20 212 52 30 28 53 234 20 24 28 199 18130 228 77 570 3148 986 115 423 89 63 38604 20 615 22 51 53 139 22
internal_value=5.91372e-09 -6.65845e-06 0.000286581 0.014748 0.0205896 0.0546708 -0.00048512 -0.00624503 -0.0302266 -0.060461 -0.00011713 -0.000501404 -0.014179 0.00627908 0.0115269 -0.000226927 -0.00460676 -0.0020664 -0.00215939 0.00101107 -0.0147774 0.000194759 -0.00520506 -0.00266232 0.000316205 0.0217847 -0.0330706 0.000275754 0.00720651
internal_weight=64440 64420 39941 252 222 81 24479 1470 94 52 23009 21705 427 1304 804 21278 1376 1101 500 141 275 39689 873 800 38816 73 73 38743 42
internal_count=64440 64420 39941 252 222 81 24479 1470 94 52 23009 21705 427 1304 804 21278 1376 1101 500 141 275 39689 873 800 38816 73 73 38743 42
cat_boundaries=0 1
cat_threshold=1
is_linear=0
shrinkage=0.05


Tree=217
num_leaves=31
num_cat=0
split_feature=2 8 6 5 9 7 0 9 0 9 0 8 7 7 7 8 0 0 6 9 1 4 0 6 7 9 9 6 7 8
split_gain=3.72739 21.2581 13.3174 33.5792 40.698 35.5852 26.7536 25.6356 35.3054 21.7284 46.9379 48.3947 34.775 32.7761 19.2187 12.4603 30.3283 10.82 32.8396 41.099 37.4283 25.1206 23.5544 52.2571 75.6571 55.8939 19.3646 15.5114 28.7865 25.7908
threshold=4.5000000000000009 20.500000000000004 8.5000000000000018 -0.60355339059327384 9.0625000000000018 12.500000000000002 18.500000000000004 6.1458333333333348 10.500000000000002 6.354166666666667 15.500000000000002 9.5000000000000018 15.500000000000002 14.500000000000002 11.500000000000002 19.500000000000004 10.500000000000002 14.500000000000002 6.5000000000000009 5.854166666666667 10.500000000000002 -0.60355339059327362 13.500000000000002 6.5000000000000009 8.5000000000000018 5.3125000000000009 5.5625000000000009 7.5000000000000009 10.500000000000002 10.500000000000002
decision_type=2 10 10 2 10 10 2 10 2 10 2 10 10 10 10 10 2 2 10 10 2 2 2 10 8 10 8 10 8 8
left_child=15 2 9 4 6 -6 -4 14 -9 12 11 -11 13 -2 -5 17 -17 22 20 26 -19 -21 27 24 -24 -25 -20 28 -1 -29
right_child=1 -3 3 7 5 -7 -8 8 -10 10 -12 -13 -14 -15 -16 16 -18 18 19 21 -22 -23 23 25 -26 -27 -28 29 -30 -31
leaf_value=-0.000403790215465952 0.00060548680003729089 -0.038330238440207075 -0.00064123019827031272 0.00032859888057559447 0.083748393367837987 0.013446235380790853 0.056272710895254499 -0.028176931918565341 -0.0018989295530724062 0.0091135543457102151 0.082996807261370126 -0.019305181015040397 -0.058316817045211793 0.057905319750308992 -0.040805852028230831 -0.0079811990486853054 0.065888966697578641 -0.025308102384830517 -0.029683154801649476 -0.020062331851020607 0.052315286331048066 0.0070778249909761795 0.11096920859068633 -0.048852207820589952 -0.012770684843971617 0.015488760607287834 -0.084759310483932496 0.0034717499522084619 -0.0079146430032422249 -0.0045429708716432449
leaf_weight=37204 14465 35 1233 531 27 54 21 307 219 1319 20 169 25 25 30 33 24 24 79 147 44 203 30 41 21 191 20 5342 1321 1236
leaf_count=37204 14465 35 1233 531 27 54 21 307 219 1319 20 169 25 25 30 33 24 24 79 147 44 203 30 41 21 191 20 5342 1321 1236
internal_value=2.56363e-07 0.000599956 0.000673827 -0.00278178 0.00253063 0.0368803 0.000311874 -0.00930623 -0.0172361 0.00119617 0.00690858 0.00588589 0.000602692 0.000704348 -0.0018711 -0.000240876 0.023122 -0.000269887 -0.00746236 -0.0123664 0.0249188 -0.00432104 -0.000187956 0.0141919 0.0600175 0.00411816 -0.0408097 -0.000278183 -0.000661333 0.00196579
internal_weight=64440 18480 18445 2422 1335 81 1254 1087 526 16023 1508 1488 14515 14490 561 45960 57 45903 517 449 68 350 45386 283 51 232 99 45103 38525 6578
internal_count=64440 18480 18445 2422 1335 81 1254 1087 526 16023 1508 1488 14515 14490 561 45960 57 45903 517 449 68 350 45386 283 51 232 99 45103 38525 6578
is_linear=0
shrinkage=0.05


Tree=218
num_leaves=23
num_cat=0
split_feature=0 1 0 0 8 1 9 6 7 9 8 0 2 9 8 6 7 8 1 9 7 7
split_gain=3.60842 3.78201 46.2308 33.8756 12.081 10.8419 30.4102 31.6751 46.8936 36.3445 22.5185 26.3632 19.6301 15.7987 17.4948 17.372 17.2159 22.1657 20.3908 13.9039 9.45473 10.943
threshold=22.500000000000004 7.5000000000000009 10.500000000000002 9.5000000000000018 5.5000000000000009 10.500000000000002 2.8958333333333335 8.5000000000000018 13.500000000000002 5.979166666666667 3.5000000000000004 3.5000000000000004 3.5000000000000004 2.8958333333333335 2.5000000000000004 1.5000000000000002 7.5000000000000009 5.5000000000000009 19.500000000000004 2.7291666666666674 10.500000000000002 9.5000000000000018
decision_type=2 2 2 2 10 2 10 10 10 10 10 2 2 10 10 10 10 10 2 10 10 10
left_child=1 2 3 20 -4 6 10 9 -9 -8 12 -12 -3 14 15 -7 18 -18 -15 -16 21 -1
right_child=-2 5 4 -5 -6 13 7 8 -10 -11 11 -13 -14 16 19 -17 17 -19 -20 -21 -22 -23
leaf_value=-0.00050449589710543658 -0.015609752110557984 0.0066439968984604667 -0.081386992398183797 0.057737835347652436 -0.027088434532994317 0.0066089829850588342 0.00016336187319510769 0.0042489654105450454 0.037667283475777864 -0.012279811436679659 0.010976076546291149 -0.0046100314007143173 0.021160421546272481 0.0026474302459399881 -0.0024768584853864023 -0.0013680951480976376 0.0021672972936700612 -0.00344068311200803 -0.00077278476594818172 -0.0089180560185978999 0.024419319080717337 -0.03360405957698822
leaf_weight=21350 37 548 20 25 21 945 4244 951 118 681 488 611 405 11409 4242 2457 2717 5013 7051 1044 38 25
leaf_count=21350 37 548 20 25 21 945 4244 951 118 681 488 611 405 11409 4242 2457 2717 5013 7051 1044 38 25
internal_value=2.43573e-07 9.21163e-06 -0.000532441 -0.000430997 -0.0535755 0.000280253 0.00193472 0.00013618 0.0079378 -0.00155721 0.00718834 0.00231082 0.0128131 -0.000101416 -0.00194903 0.00084776 0.000511494 -0.00146955 0.00134104 -0.00374901 -0.00049891 -0.000543209
internal_weight=64440 64403 21479 21438 41 42924 8046 5994 1069 4925 2052 1099 953 34878 8688 3402 26190 7730 18460 5286 21413 21375
internal_count=64440 64403 21479 21438 41 42924 8046 5994 1069 4925 2052 1099 953 34878 8688 3402 26190 7730 18460 5286 21413 21375
is_linear=0
shrinkage=0.05


Tree=219
num_leaves=31
num_cat=1
split_feature=4 6 9 9 9 1 7 8 9 0 7 0 2 9 9 9 2 8 0 10 6 7 8 9 0 2 1 8 8 7
split_gain=3.66164 12.1123 33.0309 32.3397 24.3748 20.3115 32.6942 41.3283 30.504 20.3575 28.9211 20.1509 19.3198 27.9654 26.6486 19.2359 16.5411 14.9143 23.913 21.7066 36.7221 19.2971 16.3533 11.7939 11.0932 20.7355 8.66062 20.8833 24.3397 33.8448
threshold=-0.70710678118654735 8.5000000000000018 4.354166666666667 3.3958333333333335 3.7291666666666674 18.500000000000004 9.5000000000000018 12.500000000000002 6.8958333333333348 4.5000000000000009 8.5000000000000018 3.5000000000000004 4.5000000000000009 5.1458333333333348 4.104166666666667 6.6458333333333348 1.5000000000000002 6.5000000000000009 8.5000000000000018 0 3.5000000000000004 9.5000000000000018 4.5000000000000009 2.4791666666666674 3.5000000000000004 3.5000000000000004 12.500000000000002 17.500000000000004 10.500000000000002 7.5000000000000009
decision_type=2 10 10 8 10 2 10 8 10 2 10 2 2 10 10 10 2 8 2 1 10 8 10 10 2 2 2 10 10 10
left_child=1 2 17 24 11 6 8 -8 -4 10 -7 -5 13 -6 -14 -11 -13 18 23 21 -21 -19 -20 -1 -3 -26 -2 28 -28 -30
right_child=26 3 5 4 12 9 7 -9 -10 15 -12 16 14 -15 -16 -17 -18 19 22 20 -22 -23 -24 -25 25 -27 27 -29 29 -31
leaf_value=-0.0017798888991131566 0.0001977228285432311 -0.0087009245547680896 0.011976374633621318 0.068436831980943677 -0.0092250590033472694 0.0042280107499922028 -0.0065814716739806328 0.028789620120736839 0.053882449488672948 -0.0042400097868879058 0.034359500230270991 -0.02444895627823743 0.028281274104180437 0.0043988954460926419 -0.0099821288555993568 0.01345582522328922 0.02742123067305953 0.0010911411754593583 -0.0041371310762108558 0.0056062675762309959 -0.020370794633058326 -0.024565599825328743 -0.028923784625916701 0.0026437607289132204 -0.073796358858716909 -0.016624282683644975 -0.00091002715740663752 0.035717068752273921 0.00057429788690834178 -0.02180127953824788
leaf_weight=2157 34905 39 1241 20 512 425 498 99 45 1119 98 22 48 1425 875 178 51 1213 176 201 421 78 107 4998 29 35 12711 38 337 339
leaf_count=2157 34905 39 1241 20 512 425 498 99 45 1119 98 22 48 1425 875 178 51 1213 176 201 421 78 107 4998 29 35 12711 38 337 339
internal_value=2.31381e-07 0.000653048 0.00131639 -0.0021805 -0.00121989 0.00531318 0.00895379 -0.000715914 0.0134428 0.00154654 0.00987406 0.0239714 -0.00203904 0.000797726 -0.00799227 -0.00181144 0.0117891 -0.000266334 0.000746345 -0.00420377 -0.0117868 -0.000455467 -0.0135088 0.00131017 -0.0297212 -0.0425304 -0.000217374 -0.00129663 -0.00140169 -0.0106466
internal_weight=64440 16110 13054 3056 2953 3703 1883 597 1286 1820 523 93 2860 1937 923 1297 73 9351 7438 1913 622 1291 283 7155 103 64 48330 13425 13387 676
internal_count=64440 16110 13054 3056 2953 3703 1883 597 1286 1820 523 93 2860 1937 923 1297 73 9351 7438 1913 622 1291 283 7155 103 64 48330 13425 13387 676
cat_boundaries=0 1
cat_threshold=11
is_linear=0
shrinkage=0.05


Tree=220
num_leaves=31
num_cat=1
split_feature=2 8 6 8 9 0 6 6 0 2 0 6 9 8 5 8 10 8 0 0 6 9 1 9 0 6 1 9 9 8
split_gain=3.43447 19.3928 11.5947 20.2883 32.329 34.0827 28.913 38.0085 36.2482 24.4623 18.7741 54.0198 35.869 32.648 26.612 23.4239 18.3822 10.8663 27.4226 9.94482 29.8199 37.2009 33.1254 23.3649 21.13 47.6265 70.0861 50.5095 17.5142 14.1972
threshold=4.5000000000000009 20.500000000000004 7.5000000000000009 12.500000000000002 4.354166666666667 14.500000000000002 15.500000000000002 17.500000000000004 9.5000000000000018 5.5000000000000009 7.5000000000000009 6.5000000000000009 2.8958333333333335 7.5000000000000009 -0.98296291314453399 10.500000000000002 0 19.500000000000004 10.500000000000002 14.500000000000002 6.5000000000000009 5.854166666666667 10.500000000000002 9.0208333333333339 13.500000000000002 6.5000000000000009 12.500000000000002 5.3125000000000009 5.5625000000000009 7.5000000000000009
decision_type=2 10 10 10 10 2 10 10 2 2 2 10 10 8 2 8 1 10 2 2 10 10 2 10 2 10 2 10 8 10
left_child=17 2 10 4 9 -6 8 -8 -5 -4 14 12 -12 -13 15 -2 -16 19 -19 24 22 28 -21 -23 -1 26 -26 -27 -22 -24
right_child=1 -3 3 6 5 -7 7 -9 -10 -11 11 13 -14 -15 16 -17 -18 18 -20 20 21 23 29 -25 25 27 -28 -29 -30 -31
leaf_value=-0.0002652456251295975 -0.00918538633567576 -0.036607095726898735 0.013312717176097076 0.021783206951530541 -0.0083637294188009786 0.013685681855167787 0.083517747691699451 0.0018464142906254736 -0.013693803940211829 -0.0048369099457676598 -0.024117380798186275 0.03824045387361906 0.0045273837922097651 0.0054665970848873265 0.0049449492959391314 -0.0568822774038251 0.00011360339625914205 -0.0079894971892689216 0.062252884451299909 -0.023548925512780747 -0.028306165058165789 0.0024018556619960843 0.07787804159928452 -0.029557418617575121 0.10426796237307211 -0.046531513587730694 -0.015785616841167211 0.01463192001872584 -0.080684732794761668 0.021074621527540416
leaf_weight=45103 319 35 433 136 2010 192 28 29 153 325 121 187 1129 128 2397 28 10830 33 24 24 79 278 22 72 31 41 20 191 20 22
leaf_count=45103 319 35 433 136 2010 192 28 29 153 325 121 187 1129 128 2397 28 10830 33 24 24 79 278 22 72 31 41 20 191 20 22
internal_value=2.1981e-07 0.000575873 0.000646429 -0.00203618 -0.00337535 -0.00644116 0.00942025 0.0419657 0.00300126 0.00553088 0.00123225 0.00641783 0.00175457 0.0249228 0.000634383 -0.0130341 0.000992965 -0.000231244 0.0215862 -0.000258336 -0.0071538 -0.0118269 0.0237027 -0.00417262 -0.000179788 0.0134399 0.0571881 0.00382286 -0.0388877 0.0494763
internal_weight=64440 18480 18445 3306 2960 2202 346 57 289 758 15139 1565 1250 315 13574 347 13227 45960 57 45903 517 449 68 350 45386 283 51 232 99 44
internal_count=64440 18480 18445 3306 2960 2202 346 57 289 758 15139 1565 1250 315 13574 347 13227 45960 57 45903 517 449 68 350 45386 283 51 232 99 44
cat_boundaries=0 1
cat_threshold=16
is_linear=0
shrinkage=0.05


Tree=221
num_leaves=19
num_cat=0
split_feature=8 8 2 9 4 9 8 6 9 4 0 0 7 0 8 9 0 9
split_gain=3.39843 4.1898 22.6947 3.98477 18.9928 36.7887 51.9166 31.1536 16.8199 16.0513 15.5572 13.5715 49.7775 13.1134 11.2739 7.71388 25.9713 15.3317
threshold=23.500000000000004 20.500000000000004 4.5000000000000009 7.8958333333333348 0.91597561503675362 8.4375000000000018 5.5000000000000009 4.5000000000000009 7.8125000000000009 -0.98296291314453399 9.5000000000000018 10.500000000000002 8.5000000000000018 12.500000000000002 9.5000000000000018 7.729166666666667 3.5000000000000004 7.6875000000000009
decision_type=10 10 2 10 2 10 10 10 10 2 2 2 10 2 10 10 2 10
left_child=1 3 -3 8 9 6 -6 -7 15 14 -11 12 -10 -13 -5 17 -17 -1
right_child=-2 2 -4 4 5 7 -8 -9 11 10 -12 13 -14 -15 -16 16 -18 -19
leaf_value=-2.5905036576217217e-05 0.020607802942395212 0.014589694819102687 -0.051425786769908416 0.036696259096264838 0.014221302468917871 -0.0095282485456235962 0.089326936353675349 0.039482854198800717 -0.027623648362027277 0.0031423751203996592 -0.0061632759017764558 -0.059568920314055064 0.045228007571263745 -0.007688484731174651 0.0010828050086274744 -0.013808459920293996 0.022781926161069214 -0.018542035346451616
leaf_weight=61641 20 30 23 50 76 155 33 41 81 1072 773 29 33 21 40 76 134 112
leaf_count=61641 20 30 23 50 76 155 33 41 81 1072 773 29 33 21 40 76 134 112
internal_value=2.48074e-07 -6.1498e-06 -0.0140585 5.42098e-06 0.00207726 0.0136739 0.0369597 0.000724074 -6.92796e-05 0.000249374 -0.000756415 -0.0160607 -0.00653501 -0.0377791 0.0208681 -2.69546e-05 0.00953969 -5.94873e-05
internal_weight=64440 64420 53 64367 2240 305 109 196 62127 1935 1845 164 114 50 90 61963 210 61753
internal_count=64440 64420 53 64367 2240 305 109 196 62127 1935 1845 164 114 50 90 61963 210 61753
is_linear=0
shrinkage=0.05


Tree=222
num_leaves=31
num_cat=2
split_feature=1 0 0 7 8 9 9 9 1 10 6 5 9 8 9 5 7 7 1 1 8 9 2 7 7 10 8 9 8 9
split_gain=3.45244 33.5749 30.0579 9.7172 17.1443 29.4773 17.8147 13.9693 20.2652 28.8944 15.7555 13.5566 11.9043 14.686 10.3896 9.60354 8.21343 10.4217 8.14678 20.2214 21.6764 18.0356 17.3992 44.7354 18.9358 7.19169 6.84405 13.5241 5.58988 5.28618
threshold=7.5000000000000009 10.500000000000002 9.5000000000000018 2.5000000000000004 14.500000000000002 4.8958333333333348 3.0208333333333335 2.1458333333333335 19.500000000000004 0 4.5000000000000009 -0.9159756150367534 1.9375000000000002 6.5000000000000009 1.6458333333333337 -0.98296291314453399 10.500000000000002 9.5000000000000018 12.500000000000002 14.500000000000002 17.500000000000004 4.2708333333333348 1.0000000180025095e-35 6.5000000000000009 3.5000000000000004 1 4.5000000000000009 1.5625000000000002 5.5000000000000009 1.3958333333333337
decision_type=2 2 2 10 8 10 8 10 2 1 10 2 10 10 10 2 10 10 2 2 10 10 2 10 10 1 10 10 10 10
left_child=1 2 16 4 7 6 -6 12 9 -9 -10 -8 13 -2 26 -14 17 25 22 20 -20 -21 23 -16 -24 -1 29 -28 -3 -5
right_child=3 28 -4 14 5 -7 11 8 10 -11 -12 -13 15 -15 18 -17 -18 -19 19 21 -22 -23 24 -25 -26 -27 27 -29 -30 -31
leaf_value=-0.0023235766370986199 -0.00088813171685918259 -0.063419190066910922 0.054363262891769404 0.0068133783899247654 0.045863089155006621 0.074412454711273321 -0.032937403379575063 0.0077354839815203151 0.0021271459824081674 -0.003205836230240447 -0.0049626947375032496 0.0095962028895126717 0.020081504948180298 0.022820456790319389 0.013902274823553967 -0.0093810073103047873 0.022731144312082938 -0.032798796415328978 -0.0038826473187727273 -0.0014044127983325607 0.04280634577572346 0.0017961096021600392 0.0061940840824602659 -0.002509444662159562 -0.00057276243787139798 -3.6159887712564363e-05 -0.0063849245570600042 -0.057139510661363607 -0.026937361984025868 -0.010619337253118357
leaf_weight=4294 1224 21 25 60 28 20 23 2606 2415 782 1160 101 29 69 837 598 38 25 4435 9076 25 8547 1173 824 8714 17056 35 21 21 158
leaf_count=4294 1224 21 25 60 28 20 23 2606 2415 782 1160 101 29 69 837 598 38 25 4435 9076 25 8547 1173 824 8714 17056 35 21 21 158
internal_value=2.35686e-07 -0.000517336 -0.000429839 0.000259021 0.00171413 0.0173493 0.00984094 0.00141139 0.00245258 0.00522344 -0.000173334 0.0017069 -0.00236455 0.00037706 -0.000129595 -0.00801831 -0.000493811 -0.000535099 -5.05918e-05 -0.000613344 -0.00362094 0.000147812 0.00102555 0.00576064 0.000230061 -0.00049732 -0.00982648 -0.0254179 -0.0451783 -0.00582134
internal_weight=64440 21480 21438 42960 9055 172 152 8883 6963 3388 3575 124 1920 1293 33905 627 21413 21375 33631 22083 4460 17623 11548 1661 9887 21350 274 56 42 218
internal_count=64440 21480 21438 42960 9055 172 152 8883 6963 3388 3575 124 1920 1293 33905 627 21413 21375 33631 22083 4460 17623 11548 1661 9887 21350 274 56 42 218
cat_boundaries=0 1 2
cat_threshold=19 2
is_linear=0
shrinkage=0.05


Tree=223
num_leaves=31
num_cat=0
split_feature=0 8 6 9 9 7 1 8 9 8 7 9 7 5 2 9 6 6 2 7 7 4 4 9 8 9 7 4 6 8
split_gain=3.43167 19.3181 23.2781 40.5616 44.9296 25.9095 22.7501 19.1526 20.722 40.3717 51.0399 20.5913 21.8641 26.3426 37.5874 23.4969 56.6507 19.9723 17.6714 19.5733 12.7117 17.0082 20.6606 19.2553 11.8128 11.7474 10.8819 10.2252 9.92652 19.8778
threshold=4.5000000000000009 12.500000000000002 8.5000000000000018 4.8125000000000009 6.0208333333333348 7.5000000000000009 12.500000000000002 1.5000000000000002 6.7708333333333348 1.0000000180025095e-35 5.5000000000000009 1.4791666666666667 1.5000000000000002 -0.78656609248549325 1.5000000000000002 2.3541666666666674 6.5000000000000009 1.0000000180025095e-35 3.5000000000000004 5.5000000000000009 1.5000000000000002 0.91597561503675362 -0.37940952255126059 4.8958333333333348 6.5000000000000009 4.229166666666667 3.5000000000000004 0.78656609248549325 13.500000000000002 7.5000000000000009
decision_type=2 10 10 10 10 10 2 8 10 10 10 8 10 2 2 10 10 10 2 10 10 2 2 10 10 10 10 2 10 8
left_child=1 28 3 18 6 -4 -5 8 20 -10 26 -9 13 14 -13 16 -14 -17 25 -20 27 22 -22 -23 -15 -3 -11 -2 -1 -30
right_child=7 2 5 4 -6 -7 -8 11 9 10 -12 12 15 24 -16 17 -18 -19 19 -21 21 23 -24 -25 -26 -27 -28 -29 29 -31
leaf_value=0.00016710748815334145 -0.0077788467999123081 0.039534946765082013 0.017992435246706011 0.039902959174166128 -0.0043338793401534745 -0.05554119874925717 0.10571335949774446 -0.042964208651600139 0.030566954969650728 -0.0026343295758124441 -0.11470542401075363 -0.01394020477101318 -0.0064806016653665387 0.0047144863215545854 0.028474479690907606 -0.017085219893706802 -0.073029364294865548 -2.6528851425416642e-05 0.012689432456637874 -0.042192136438097806 0.0017741502586499976 0.002618469434673898 -0.012983824073683627 0.047083135043670031 -0.010047615440792324 -0.0068496438009398326 -0.049649141877889637 -0.028854726728267693 0.00065273407554265024 0.061216162792406985
leaf_weight=39627 193 39 25 24 26 23 29 28 22 32 20 67 538 829 237 173 34 20961 33 32 589 80 397 35 162 21 20 82 42 20
leaf_count=39627 193 39 25 24 26 23 29 28 22 32 20 67 538 829 237 173 34 20961 33 32 589 80 397 35 162 21 20 82 42 20
internal_value=2.40715e-07 0.000286006 0.014086 0.0214574 0.0495022 -0.0172424 0.0759124 -0.000465646 -0.00599901 -0.0287119 -0.0468249 -0.000112437 -6.02723e-05 0.00625101 0.0191265 -0.000436809 -0.0104363 -0.000166169 0.00373299 -0.0143292 -0.0044474 -0.00204561 -0.00416796 0.0161512 0.00230131 0.0233003 -0.0207169 -0.0140633 0.000198385 0.0201893
internal_weight=64440 39941 252 204 79 48 53 24499 1470 94 72 23029 23001 1295 304 21706 572 21134 125 65 1376 1101 986 115 991 60 52 275 39689 62
internal_count=64440 39941 252 204 79 48 53 24499 1470 94 72 23029 23001 1295 304 21706 572 21134 125 65 1376 1101 986 115 991 60 52 275 39689 62
is_linear=0
shrinkage=0.05


Tree=224
num_leaves=14
num_cat=0
split_feature=0 0 8 5 6 1 8 6 0 7 7 6 9
split_gain=3.29895 3.3721 43.0427 38.6355 35.1033 23.5874 6.76538 8.37599 48.0935 43.482 6.98897 33.5926 9.84583
threshold=23.500000000000004 18.500000000000004 10.500000000000002 -0.9159756150367534 13.500000000000002 11.500000000000002 22.500000000000004 15.500000000000002 5.5000000000000009 14.500000000000002 14.500000000000002 11.500000000000002 7.354166666666667
decision_type=2 2 10 2 10 2 10 10 2 10 10 10 10
left_child=1 6 4 -4 5 -3 7 10 -9 -10 12 -12 -1
right_child=-2 2 3 -5 -6 -7 -8 8 9 -11 11 -13 -14
leaf_value=-0.00010561386405384596 0.020303950812667611 0.033603432180825621 -0.022028914122627336 0.057958431544506722 -0.065372939216784942 -0.035792309328913689 -0.021657816506922247 0.067815092677871391 -0.0023540576645963477 0.048264077848735015 0.00074787829555006554 -0.024680163811174147 0.0029137084193434099
leaf_weight=60131 20 24 26 36 39 25 36 30 436 47 597 166 2827
leaf_count=60131 20 24 26 36 39 25 36 30 436 47 597 166 2827
internal_value=2.28698e-07 -6.07485e-06 -0.00749412 0.0244154 -0.0299758 -0.00180256 1.14015e-05 2.35461e-05 0.00638693 0.00257152 -2.76838e-05 -0.0047843 2.99626e-05
internal_weight=64440 64420 150 62 88 49 64270 64234 513 483 63721 763 62958
internal_count=64440 64420 150 62 88 49 64270 64234 513 483 63721 763 62958
is_linear=0
shrinkage=0.05


Tree=225
num_leaves=8
num_cat=0
split_feature=0 6 6 0 9 9 0
split_gain=3.33774 3.5352 4.92822 5.10254 4.75272 28.3906 28.3121
threshold=22.500000000000004 23.500000000000004 21.500000000000004 20.500000000000004 9.2708333333333339 9.1875000000000018 12.500000000000002
decision_type=2 8 10 2 10 10 2
left_child=1 2 3 4 5 -1 -6
right_child=-2 -3 -4 -5 6 -7 -8
leaf_value=1.8930566775679225e-05 -0.015012886913845669 0.019607910422770228 -0.020605319635621434 0.019096958850111284 0.0015413924578709019 0.043249917128368426 -0.022687365903365841
leaf_weight=63611 37 23 29 35 509 38 158
leaf_count=63611 37 23 29 35 509 38 158
internal_value=2.17233e-07 8.84237e-06 1.84053e-06 1.11272e-05 7.40937e-07 4.47405e-05 -0.00419795
internal_weight=64440 64403 64380 64351 64316 63649 667
internal_count=64440 64403 64380 64351 64316 63649 667
is_linear=0
shrinkage=0.05


Tree=226
num_leaves=17
num_cat=0
split_feature=8 8 2 2 6 7 1 9 6 0 0 7 0 7 8 0
split_gain=3.25957 3.87627 20.3028 3.8894 10.5642 19.148 52.6714 41.105 16.9004 61.0691 27.1307 9.58489 48.9493 11.2094 68.6311 8.95416
threshold=23.500000000000004 20.500000000000004 4.5000000000000009 4.5000000000000009 7.5000000000000009 10.500000000000002 10.500000000000002 6.1458333333333348 6.5000000000000009 6.5000000000000009 13.500000000000002 20.500000000000004 9.5000000000000018 17.500000000000004 6.5000000000000009 19.500000000000004
decision_type=10 10 2 2 10 10 2 10 10 2 2 10 2 10 10 2
left_child=1 3 -3 11 8 7 -7 -6 10 -10 -5 13 -13 15 -15 -1
right_child=-2 2 -4 4 5 6 -8 -9 9 -11 -12 12 -14 14 -16 -17
leaf_value=-0.0002003197668123308 0.02018236368894577 0.013574073494722448 -0.048865711818570683 0.00088682474621249873 1.0682314608429271e-05 0.033006034562324024 -0.0015672291346637991 -0.013930552982937678 -0.0027322652546941531 0.022008557174788376 -0.029067988458432649 0.080246424376964567 -0.027832662432708523 0.062783411293375224 -0.035952293439516905 -0.020206041467775191
leaf_weight=45714 20 30 23 14030 1904 139 531 732 612 421 76 20 22 22 88 56
leaf_count=45714 20 30 23 14030 1904 139 531 732 612 421 76 20 22 22 88 56
internal_value=2.06392e-07 -6.05941e-06 -0.0135224 5.07002e-06 0.000618339 -0.00194228 0.00560543 -0.00386071 0.00117752 0.00735088 0.000725435 -0.000241255 0.0236336 -0.000263111 -0.0162052 -0.000224797
internal_weight=64440 64420 53 64367 18445 3306 670 2636 15139 1033 14106 45922 42 45880 110 45770
internal_count=64440 64420 53 64367 18445 3306 670 2636 15139 1033 14106 45922 42 45880 110 45770
is_linear=0
shrinkage=0.05


Tree=227
num_leaves=26
num_cat=0
split_feature=7 9 8 9 6 7 9 4 7 4 2 6 6 6 9 9 2 5 7 9 8 6 0 8 6
split_gain=3.49133 3.8034 26.7335 36.6436 42.5397 47.0864 12.4883 34.7058 47.6793 36.0528 14.7605 38.3271 26.4901 11.6929 36.1928 76.0352 48.3947 51.023 29.3733 13.1955 26.4923 34.626 25.9993 24.0144 7.80054
threshold=22.500000000000004 6.8958333333333348 16.500000000000004 7.1875000000000009 15.500000000000002 9.5000000000000018 7.0625000000000009 -0.70710678118654735 6.5000000000000009 0.91597561503675362 1.5000000000000002 19.500000000000004 20.500000000000004 14.500000000000002 5.5208333333333348 5.229166666666667 5.5000000000000009 -0.9159756150367534 5.5000000000000009 6.479166666666667 14.500000000000002 10.500000000000002 18.500000000000004 6.5000000000000009 13.500000000000002
decision_type=10 10 8 10 10 10 10 2 10 2 2 10 10 10 8 10 2 2 10 10 10 10 2 10 8
left_child=1 13 6 -4 5 -5 7 8 -3 -9 11 -8 -12 19 15 18 17 -16 -15 22 23 -22 24 -21 -1
right_child=-2 2 3 4 -6 -7 10 9 -10 -11 12 -13 -14 14 16 -17 -18 -19 -20 20 21 -23 -24 -25 -26
leaf_value=-1.2656304961473878e-05 -0.015354452337566261 0.074374258665497919 -0.057932364526324165 -0.021030443556774716 -0.054891977975001706 0.022298665636385134 0.004777951037539605 -0.0047202817385305872 0.012036019614157832 0.037995811884195124 -3.1974669415597901e-05 0.071376273543997254 -0.042058910607776952 0.03138893981847693 -0.04159624566324055 0.11431797626225844 0.056060878547929953 0.011191976150480386 -0.036674358468988665 -0.0012083559512710523 0.047378783271301031 -0.028906848388058799 0.055598121934703419 -0.013938930564655517 -0.010187245362840019
leaf_weight=57264 37 43 39 122 39 129 1198 333 107 58 2819 22 38 51 80 23 31 107 23 1010 51 21 21 585 189
leaf_count=57264 37 43 39 122 39 129 1198 333 107 58 2819 22 38 51 80 23 31 107 23 1010 51 21 21 585 189
internal_value=1.96109e-07 9.01747e-06 0.0013411 -0.0124296 -0.00631025 0.0012383 0.00232216 0.00945998 0.0299063 0.00161612 0.001375 0.0059789 -0.000590961 -0.000101817 0.00950593 0.0349138 -0.00179941 -0.0113912 0.0102341 -0.000152991 -0.00453836 0.0251288 -2.57957e-05 -0.00587756 -4.61271e-05
internal_weight=64440 64403 4947 329 290 251 4618 541 150 391 4077 1220 2857 59456 315 97 218 187 74 59141 1667 72 57474 1595 57453
internal_count=64440 64403 4947 329 290 251 4618 541 150 391 4077 1220 2857 59456 315 97 218 187 74 59141 1667 72 57474 1595 57453
is_linear=0
shrinkage=0.05


Tree=228
num_leaves=22
num_cat=2
split_feature=0 4 9 9 4 0 7 7 7 8 9 7 6 10 0 8 7 10 9 8 2
split_gain=3.50646 3.30198 21.7825 20.4008 19.9628 19.0798 30.2531 63.9101 20.8148 18.4022 28.5211 20.0729 15.0622 12.9299 27.4594 13.8502 12.0215 12.6079 44.178 14.0551 11.2414
threshold=23.500000000000004 -0.5 11.145833333333334 2.4791666666666674 -0.37940952255126059 11.500000000000002 6.5000000000000009 8.5000000000000018 16.500000000000004 5.5000000000000009 5.8958333333333348 5.5000000000000009 14.500000000000002 0 5.5000000000000009 9.5000000000000018 22.500000000000004 1 4.604166666666667 17.500000000000004 3.5000000000000004
decision_type=2 2 10 10 2 2 10 10 8 8 10 10 10 1 2 10 10 1 8 10 2
left_child=1 2 3 13 5 8 20 -8 12 10 -5 -11 -3 15 -15 -1 17 19 -19 -6 -7
right_child=-2 4 -4 9 16 6 7 -9 -10 11 -12 -13 -14 14 -16 -17 -18 18 -20 -21 -22
leaf_value=-0.0018115299611010641 0.020932719241827727 -0.0043167415142971836 0.042382094582482696 0.0016535189344357129 0.001260467733561504 -0.070905964771906541 0.053223663754761223 -0.035071611120120479 0.042929975315928459 0.0021713532781229765 0.010740988583725186 -0.0028643043584114457 0.028714794338281665 -0.0087408505206911877 -0.063317809138447048 -0.037789357784721589 -0.036118959862252942 0.0002631817752458427 -0.0055152535725459147 -0.015000733988943386 -0.027621228421727817
leaf_weight=2890 20 2475 31 9185 15941 30 32 57 24 3480 953 4588 35 295 25 27 23 20210 3955 134 30
leaf_count=2890 20 2475 31 9185 15941 30 32 57 24 3480 953 4588 35 295 25 27 23 20210 3955 134 30
internal_value=1.86259e-07 -6.31251e-06 0.000499922 0.000439373 -0.000259442 -0.00443546 -0.0218238 -0.003325 -0.00341302 0.00108967 0.00250777 -0.000692256 -0.00385614 -0.00321814 -0.0126106 -0.00213722 1.88351e-05 3.94904e-05 -0.000682272 0.00112422 -0.0492636
internal_weight=64440 64420 21474 21443 42946 2683 149 89 2534 18206 10138 8068 2510 3237 320 2917 40263 40240 24165 16075 60
internal_count=64440 64420 21474 21443 42946 2683 149 89 2534 18206 10138 8068 2510 3237 320 2917 40263 40240 24165 16075 60
cat_boundaries=0 1 2
cat_threshold=7 20
is_linear=0
shrinkage=0.05


Tree=229
num_leaves=31
num_cat=1
split_feature=1 0 0 1 9 7 9 1 8 0 10 8 0 2 0 2 6 9 9 8 6 8 7 9 9 0 9 7 8 9
split_gain=3.38312 30.1005 27.1345 8.50185 28.1523 30.5294 60.9061 36.0542 55.5663 50.6645 26.1379 20.5648 23.3952 27.1279 24.0581 17.913 23.5082 13.3304 12.7299 15.9914 16.3863 28.9801 15.8531 15.1623 52.7798 35.1748 14.3691 56.148 14.4123 13.2912
threshold=7.5000000000000009 10.500000000000002 9.5000000000000018 10.500000000000002 2.8958333333333335 11.500000000000002 9.1041666666666696 9.5000000000000018 8.5000000000000018 15.500000000000002 0 3.5000000000000004 3.5000000000000004 1.5000000000000002 2.5000000000000004 3.5000000000000004 6.5000000000000009 2.7708333333333335 2.8958333333333335 2.5000000000000004 4.5000000000000009 1.5000000000000002 12.500000000000002 7.3125000000000009 7.1875000000000009 11.500000000000002 8.8958333333333339 10.500000000000002 18.500000000000004 2.7291666666666674
decision_type=2 2 2 2 10 10 10 2 8 2 1 10 2 2 2 2 10 10 10 10 10 8 10 10 10 2 10 10 10 10
left_child=1 2 -1 4 11 6 10 8 -7 -9 -6 15 14 -14 -13 16 -2 -17 19 20 -5 -22 26 24 -24 -25 28 -28 -20 -21
right_child=3 -3 -4 18 5 7 -8 9 -10 -11 -12 12 13 -15 -16 17 -18 -19 22 29 21 -23 23 25 -26 -27 27 -29 -30 -31
leaf_value=-0.00049010739386044907 0.0089219358326493078 -0.042799216695129871 0.051631045222282415 0.0025264396183412308 -0.0082469415111246901 0.019744388338133675 -0.086227927782705854 0.016752987030842832 -0.019548586498986664 0.088753008759684046 0.00075575211191029564 0.0015277445349576218 -0.024473998442496824 0.0011262469578899894 0.024363028544454494 0.0170399130213 -0.034006913543185767 0.046793597196007064 0.00069395632459886137 -0.002217355479005353 -0.018186235175115903 0.0039604261748094876 -0.0061306168871173468 0.013730473213314593 -0.065667385495721528 -0.012470876418717972 -0.00043882783665730244 0.050479737408196848 -0.020563003730494529 -0.0085150226047869173
leaf_weight=21413 514 42 25 2810 979 177 21 257 183 27 4359 301 132 479 187 363 34 42 24463 4242 283 309 818 286 39 232 228 71 80 1044
leaf_count=21413 514 42 25 2810 979 177 21 257 183 27 4359 301 132 479 187 363 34 42 24463 4242 283 309 818 286 39 232 228 71 80 1044
internal_value=1.76949e-07 -0.000512172 -0.000429326 0.000256352 0.00172057 -7.6489e-06 -0.00124373 0.0102783 -0.000229541 0.0235981 -0.000909394 0.00677637 0.00211523 -0.00440441 0.0102782 0.0121516 0.00625847 0.0201255 -8.15448e-05 -0.00174026 0.000933675 -0.00662658 0.000468132 -0.00475796 -0.00883999 0.00199551 0.000757396 0.0116522 0.000624667 -0.00346116
internal_weight=64440 21480 21438 42960 8055 6003 5359 644 360 284 5338 2052 1099 611 488 953 548 405 34905 8688 3402 592 26217 1375 857 518 24842 299 24543 5286
internal_count=64440 21480 21438 42960 8055 6003 5359 644 360 284 5338 2052 1099 611 488 953 548 405 34905 8688 3402 592 26217 1375 857 518 24842 299 24543 5286
cat_boundaries=0 1
cat_threshold=1
is_linear=0
shrinkage=0.05


Tree=230
num_leaves=31
num_cat=0
split_feature=0 1 1 7 0 6 9 8 9 9 9 9 9 2 9 2 9 9 8 9 0 9 8 0 9 9 8 2 9 7
split_gain=3.26143 3.26439 7.82278 8.66466 11.9549 5.57113 6.02395 5.58156 4.96196 5.77491 5.35079 8.17662 4.81059 4.62395 4.28184 6.75209 4.61795 4.10727 22.3704 38.2166 18.2436 10.4475 40.6741 17.5488 3.77031 3.13377 2.99572 2.52199 2.29498 1.80771
threshold=23.500000000000004 1.0000000180025095e-35 2.5000000000000004 3.5000000000000004 3.5000000000000004 1.5000000000000002 7.729166666666667 4.5000000000000009 2.1875000000000004 3.1041666666666674 8.8541666666666696 8.3125000000000018 2.9791666666666674 5.5000000000000009 2.0208333333333335 3.5000000000000004 1.6875000000000002 6.8958333333333348 16.500000000000004 7.1875000000000009 8.5000000000000018 6.479166666666667 14.500000000000002 18.500000000000004 9.6041666666666696 6.229166666666667 1.0000000180025095e-35 3.5000000000000004 2.1041666666666674 1.5000000000000002
decision_type=2 2 2 10 2 10 10 8 8 10 10 10 10 2 10 2 10 10 8 10 2 10 10 2 10 10 10 2 10 10
left_child=1 8 3 5 25 6 -3 -7 14 12 11 -11 13 -10 16 28 26 21 20 -20 -19 23 -23 -4 -12 -5 -1 -18 -16 -14
right_child=-2 2 17 4 -6 7 -8 -9 9 10 24 -13 29 -15 15 -17 27 18 19 -21 -22 22 -24 -25 -26 -27 -28 -29 -30 -31
leaf_value=0.0017461875932557242 0.020188029864802958 -0.0025944380368088777 7.2161667501720404e-05 -0.0024319794665539772 -0.042303623423773661 0.00090903256881826001 -0.020101539187133314 -0.012792575069062121 0.00014952091628659238 0.002345400388757381 -0.02870360363436782 0.030591248625961062 -0.010133277600165457 -0.014573590391216282 0.041121981948938062 -0.00022556854922684932 -0.0088846496709720675 0.0056402704196553783 -0.058301933477387616 -0.0047954957987467357 -0.0011680952884130364 -0.0060112380131370257 0.031522433219575569 0.041160548779253778 -0.0011551075718469091 -0.014272649445000195 0.020667200789858516 0.0052648457488225359 0.01901960487593897 -0.027070669959420746
leaf_weight=35 20 2841 50536 140 27 2142 50 77 424 1760 23 26 50 61 23 31 64 2197 38 274 1782 1436 76 26 27 93 52 62 24 23
leaf_count=35 20 2841 50536 140 27 2142 50 77 424 1760 23 26 50 61 23 31 64 2197 38 274 1782 1436 76 26 27 93 52 62 24 23
internal_value=1.09994e-07 -6.1576e-06 -8.03854e-05 -0.00190387 -0.0108078 -0.00145083 -0.00289722 0.000433582 0.00170053 0.000951138 0.00230496 0.00275659 -0.00350337 -0.00170225 0.00786563 0.0178882 0.00419537 9.33415e-05 0.00158021 -0.0113123 0.00259114 -2.91796e-05 -0.00412462 9.32901e-05 -0.0138274 -0.00715808 0.0130553 -0.0019222 0.0298357 -0.0154697
internal_weight=64440 64420 61735 5370 260 5110 2891 2219 2685 2394 1836 1786 558 485 291 78 213 56365 4291 312 3979 52074 1512 50562 50 233 87 126 47 73
internal_count=64440 64420 61735 5370 260 5110 2891 2219 2685 2394 1836 1786 558 485 291 78 213 56365 4291 312 3979 52074 1512 50562 50 233 87 126 47 73
is_linear=0
shrinkage=0.05


Tree=231
num_leaves=12
num_cat=0
split_feature=8 9 6 6 8 5 9 0 6 9 9
split_gain=3.20711 3.50375 19.3184 31.6047 8.09607 24.9173 7.57625 5.86081 3.70626 21.8381 5.2799
threshold=23.500000000000004 10.562500000000002 19.500000000000004 16.500000000000004 11.500000000000002 -0.37940952255126015 10.395833333333334 22.500000000000004 17.500000000000004 7.4375000000000009 9.5625000000000018
decision_type=10 10 10 10 10 2 10 2 10 8 10
left_child=1 6 3 4 5 -3 7 8 10 -10 -1
right_child=-2 2 -4 -5 -6 -7 -8 -9 9 -11 -12
leaf_value=-1.8728890603914038e-06 0.020019210427999496 0.046139915424453865 -0.040824404889717697 0.067310833660039038 -0.022514783829450609 -0.0019364137539210229 -0.028719879362894142 -0.02249045796563913 0.029890909660881496 -0.0046871646662517419 -0.0075262645434620041
leaf_weight=63696 20 34 20 22 25 130 23 29 68 139 234
leaf_count=63696 20 34 20 22 25 130 23 29 68 139 234
internal_value=1.04473e-07 -6.11071e-06 0.00614071 0.0105924 0.00399023 0.00803063 -2.82316e-05 -1.79472e-05 -7.78607e-06 0.00667182 -2.94141e-05
internal_weight=64440 64420 231 211 189 164 64189 64166 64137 207 63930
internal_count=64440 64420 231 211 189 164 64189 64166 64137 207 63930
is_linear=0
shrinkage=0.05


Tree=232
num_leaves=31
num_cat=2
split_feature=2 6 0 8 5 0 9 4 9 9 9 6 0 7 8 0 7 6 7 1 7 9 7 4 6 9 9 8 10 10
split_gain=3.20465 10.1858 33.4617 25.2878 24.5868 26.1294 20.3646 40.2191 47.0429 35.9989 43.4881 39.6034 38.3674 36.6885 50.3861 26.3934 26.2533 53.8137 43.3501 20.4076 15.9361 27.3538 24.4756 6.4906 22.0464 15.547 94.6776 26.0197 10.229 5.50379
threshold=1.0000000180025095e-35 6.5000000000000009 13.500000000000002 8.5000000000000018 0.37940952255126048 11.500000000000002 7.104166666666667 -0.60355339059327362 7.4375000000000009 6.1875000000000009 5.6875000000000009 12.500000000000002 12.500000000000002 6.5000000000000009 5.5000000000000009 10.500000000000002 8.5000000000000018 13.500000000000002 12.500000000000002 12.500000000000002 12.500000000000002 6.104166666666667 11.500000000000002 0.98296291314453421 5.5000000000000009 8.6458333333333339 7.8958333333333348 3.5000000000000004 0 1
decision_type=2 10 2 10 2 2 10 2 10 10 10 10 2 10 10 2 10 10 10 2 10 10 10 2 10 8 10 8 1 1
left_child=1 2 3 20 5 -5 9 16 -9 10 12 -12 -3 15 -15 -11 17 -8 -18 -10 22 -22 -1 29 25 26 28 -27 -25 -2
right_child=23 6 -4 4 -6 -7 7 8 19 13 11 -13 -14 14 -16 -17 18 -19 -20 -21 21 -23 -24 24 -26 27 -28 -29 -30 -31
leaf_value=0.00074656274763682787 0.00059335957598000144 -0.0029031866435039228 0.055402053455854285 0.01829025973138932 -0.025185406785458327 -0.038801268601257891 0.036524785591592626 0.042293455069884661 -0.0031868850250485478 -0.009951614665000566 0.011474544457272268 0.078999403429528089 -0.043806195303332067 -0.080595389485012658 -0.019291690248677412 0.050100400485098368 0.078509949254704281 -0.058227646120054571 0.01023230423199256 -0.039622669159011414 0.0028202847515543302 -0.072669512182474139 0.045282302316158048 0.0014935978029450353 -0.048525144732915443 -0.072116929168502486 0.079972655842346807 0.0020910421593321698 -0.0055461753218814525 -0.00044746834656780979
leaf_weight=6376 21160 1289 29 439 40 21 43 40 92 77 228 24 60 43 152 24 47 23 46 66 30 20 31 824 26 21 35 27 1367 31740
leaf_count=6376 21160 1289 29 439 40 21 43 40 92 77 228 24 60 43 152 24 47 23 46 66 30 20 31 824 26 21 35 27 1367 31740
internal_value=9.92687e-08 0.000861918 0.00180488 0.00158146 0.0124144 0.0156839 -0.00206068 0.00889477 -0.0061442 -0.0041224 -0.00116077 0.0179055 -0.00472245 -0.0201412 -0.0328099 0.00431817 0.0276225 0.003505 0.0447382 -0.0184069 0.000742613 -0.0273756 0.000962047 -0.000144162 -0.00274436 -0.00222092 -0.00161383 -0.0303749 -0.00291713 -3.11096e-05
internal_weight=64440 9240 6986 6957 500 460 2254 357 198 1897 1601 252 1349 296 195 101 159 66 93 158 6457 50 6407 55200 2300 2274 2226 48 2191 52900
internal_count=64440 9240 6986 6957 500 460 2254 357 198 1897 1601 252 1349 296 195 101 159 66 93 158 6457 50 6407 55200 2300 2274 2226 48 2191 52900
cat_boundaries=0 1 2
cat_threshold=12 20
is_linear=0
shrinkage=0.05


Tree=233
num_leaves=31
num_cat=3
split_feature=0 5 2 8 2 10 9 9 10 8 10 7 6 6 8 6 9 9 7 1 9 2 7 7 9 8 0 9 8 4
split_gain=3.28836 18.5342 18.6758 45.4327 42.4658 54.2385 69.8418 43.496 29.8776 30.2133 28.1325 44.9228 23.0984 17.6401 17.4967 20.8037 36.7856 40.5986 23.1426 20.6109 16.4428 15.8193 17.6866 10.6207 9.78953 9.89112 30.0787 33.415 11.8851 9.21815
threshold=4.5000000000000009 0.25881904510252057 5.5000000000000009 28.000000000000004 4.5000000000000009 0 2.9791666666666674 7.8958333333333348 1 1.5000000000000002 2 1.5000000000000002 13.500000000000002 7.5000000000000009 12.500000000000002 8.5000000000000018 4.8125000000000009 6.0208333333333348 7.5000000000000009 12.500000000000002 2.5208333333333335 3.5000000000000004 5.5000000000000009 6.5000000000000009 2.7708333333333335 8.5000000000000018 8.5000000000000018 9.7291666666666696 11.500000000000002 -0.37940952255126059
decision_type=2 2 2 8 2 1 10 10 1 10 1 8 10 10 10 10 10 10 10 2 8 2 10 10 8 10 2 10 10 2
left_child=14 2 4 8 10 6 -6 -7 12 -10 20 -12 -4 -5 -1 16 21 19 -17 -18 -2 23 -23 -16 -3 29 28 -28 -27 -26
right_child=1 24 3 13 5 7 -8 -9 9 -11 11 -13 -14 -15 15 18 17 -19 -20 -21 -22 22 -24 -25 25 26 27 -29 -30 -31
leaf_value=0.00019641092154029454 -0.014908743447934589 -0.014839886088988612 0.0009778281158888283 0.0057541360754681673 -0.0089353644686440623 0.0010622660278525088 0.030912197769384434 0.025435075184066944 -0.039604669653695745 -0.0068157104358979974 0.011497533196149377 -0.0059825541691741905 0.039711771216243509 0.061811302418613601 0.0060097742384593736 0.017096939913928508 0.037919664538155005 -0.0040863219935160415 -0.052399513805690023 0.1005595983616237 0.0011412893063945449 0.012096510737231284 -0.040073003480210902 0.049663177132606512 -0.00079241277986186187 -0.0065927918293866615 -0.038386440242268144 0.0297771344404845 0.018464778893842147 -0.0076012484213789575
leaf_weight=39689 162 189 1019 23 150 2425 412 198 73 1869 412 3407 40 36 38 25 24 26 23 29 10659 33 32 22 2414 174 125 21 65 626
leaf_count=39689 162 189 1019 23 150 2425 412 198 73 1869 412 3407 40 36 38 25 24 26 23 29 10659 33 32 22 2414 174 125 21 65 626
internal_value=6.39927e-08 -0.000455991 0.000116093 -0.00349257 0.000735589 0.00596787 0.0199222 0.00289105 -0.00434683 -0.00800702 -0.000402718 -0.00408607 0.00241803 0.0399585 0.000279799 0.0134131 0.0203817 0.0470893 -0.0162034 0.0721943 0.000900174 0.00350248 -0.0135869 0.022016 -0.00376202 -0.00315071 -0.0107011 -0.0285821 0.000222029 -0.0021945
internal_weight=64440 24499 20885 3060 17825 3185 562 2623 3001 1942 14640 3819 1059 59 39941 252 204 79 48 53 10821 125 65 60 3614 3425 385 146 239 3040
internal_count=64440 24499 20885 3060 17825 3185 562 2623 3001 1942 14640 3819 1059 59 39941 252 204 79 48 53 10821 125 65 60 3614 3425 385 146 239 3040
cat_boundaries=0 1 2 3
cat_threshold=1 18 28
is_linear=0
shrinkage=0.05


Tree=234
num_leaves=31
num_cat=1
split_feature=4 9 9 9 9 2 8 9 4 7 9 2 9 4 7 10 7 0 0 7 0 9 9 9 0 8 7 6 6 9
split_gain=3.10702 10.4105 23.8555 23.5737 26.368 39.3775 23.8667 20.6414 27.2928 17.1862 49.4949 28.8346 25.4303 24.3779 16.7286 6.69699 16.8669 19.4811 13.6661 17.2544 14.3639 29.5449 12.1886 6.80921 6.2375 5.60734 28.952 34.0222 23.23 40.8951
threshold=-0.78656609248549303 8.7708333333333339 8.6875000000000018 9.2708333333333339 9.6875000000000018 3.5000000000000004 6.5000000000000009 9.9791666666666696 -0.91597561503675329 15.500000000000002 8.5625000000000018 3.5000000000000004 8.3541666666666696 -0.91597561503675329 16.500000000000004 0 10.500000000000002 4.5000000000000009 8.5000000000000018 9.5000000000000018 10.500000000000002 3.1458333333333335 3.6875000000000004 3.0625000000000004 22.500000000000004 10.500000000000002 18.500000000000004 10.500000000000002 18.500000000000004 8.8125000000000018
decision_type=2 10 10 10 10 2 10 10 2 10 10 2 10 2 10 1 10 2 2 10 2 10 8 10 2 10 10 10 10 10
left_child=1 2 9 6 5 -5 -3 -6 -9 10 12 13 -1 -11 -13 16 18 -18 19 22 21 -20 -2 -22 25 26 -17 -28 29 -27
right_child=15 3 -4 4 7 -7 -8 8 -10 11 -12 14 -14 -15 -16 24 17 -19 20 -21 23 -23 -24 -25 -26 28 27 -29 -30 -31
leaf_value=0.00079746252018781836 -0.00053341779262865141 -0.0014320497001920427 -0.052740977385214396 0.01391681474275314 0.04739058928298099 -0.075896705363107775 0.06675409503055342 -0.027816629557249447 0.043908354121127299 0.021338262337080222 0.079380147159099579 -0.076946943321011291 -0.035663329615878564 -0.037084662842635924 -0.023125754820094224 0.00022398760757064127 -0.00042432031958647399 -0.067032802459739513 -0.0049037271926767739 0.034583033588440983 -0.012280242551456799 -0.061820934065862712 -0.0065154448458974437 0.027524208547990949 -0.023071900594594151 -0.0012655683030670039 -0.0028857102474341028 0.07800139652994964 0.03342718880623579 -0.029575985773570009
leaf_weight=12994 9047 21 21 26 35 23 33 36 21 57 20 22 48 26 42 38236 23 21 57 34 22 38 940 21 29 2315 26 26 45 135
leaf_count=12994 9047 21 21 26 35 23 33 36 21 57 20 22 48 26 42 38236 23 21 57 34 22 38 940 21 29 2315 26 26 45 135
internal_value=6.07864e-08 0.000676854 0.000507815 0.0121455 0.00138695 -0.0282406 0.0402373 0.0171668 -0.00139164 0.000592472 0.0007838 -0.0164084 0.000663272 0.00303711 -0.0416268 -0.000178043 -0.0013231 -0.0322147 -0.00119061 -0.000975404 -0.0168179 -0.0276706 -0.00109646 0.00715914 0.00010852 0.000125029 0.000274692 0.0375578 -0.00217167 -0.00282553
internal_weight=64440 13425 13230 195 141 49 54 92 57 13209 13062 147 13042 83 64 51015 10203 44 10159 10021 138 95 9987 43 40812 40783 38288 52 2495 2450
internal_count=64440 13425 13230 195 141 49 54 92 57 13209 13062 147 13042 83 64 51015 10203 44 10159 10021 138 95 9987 43 40812 40783 38288 52 2495 2450
cat_boundaries=0 1
cat_threshold=2
is_linear=0
shrinkage=0.05


Tree=235
num_leaves=14
num_cat=0
split_feature=0 0 8 5 6 1 8 6 0 7 7 6 9
split_gain=3.30748 3.43044 38.7599 33.6247 30.6198 20.1192 5.70216 6.51839 42.9141 40.8642 5.68666 31.3495 7.5456
threshold=23.500000000000004 18.500000000000004 10.500000000000002 -0.9159756150367534 13.500000000000002 11.500000000000002 22.500000000000004 15.500000000000002 5.5000000000000009 14.500000000000002 14.500000000000002 11.500000000000002 7.354166666666667
decision_type=2 2 10 2 10 2 10 10 2 10 10 10 10
left_child=1 6 4 -4 5 -3 7 10 -9 -10 12 -12 -1
right_child=-2 2 3 -5 -6 -7 -8 8 9 -11 11 -13 -14
leaf_value=-8.9359660039742232e-05 0.020330000347457827 0.030119501550992328 -0.020606375657595124 0.054013990180747998 -0.061952148989225048 -0.033971640169620516 -0.019882389137314428 0.063662351717551552 -0.0027430095885017324 0.046327753273889105 0.0010309986385806985 -0.023533430197051761 0.0025538423798845238
leaf_weight=60131 20 24 26 36 39 25 36 30 436 47 597 166 2827
leaf_count=60131 20 24 26 36 39 25 36 30 436 47 597 166 2827
internal_value=5.77489e-08 -6.25394e-06 -0.00755879 0.0227216 -0.0288927 -0.00258006 1.1373e-05 2.25224e-05 0.00563611 0.00203199 -2.2671e-05 -0.00431329 2.93279e-05
internal_weight=64440 64420 150 62 88 49 64270 64234 513 483 63721 763 62958
internal_count=64440 64420 150 62 88 49 64270 64234 513 483 63721 763 62958
is_linear=0
shrinkage=0.05


Tree=236
num_leaves=30
num_cat=1
split_feature=8 2 10 7 0 0 5 8 8 7 7 9 7 5 9 8 4 4 6 9 9 8 7 6 2 0 9 7 5
split_gain=3.23689 3.26172 10.1742 21.8319 85.1888 70.3343 47.0502 46.4418 20.4094 16.6087 26.4029 23.362 22.2006 19.6835 33.5645 14.6786 11.6904 5.82718 19.9745 14.2469 84.9681 23.5211 6.04484 12.0577 21.707 13.4605 11.6825 17.9124 9.99074
threshold=23.500000000000004 1.0000000180025095e-35 0 6.5000000000000009 4.5000000000000009 8.5000000000000018 -0.70710678118654757 4.5000000000000009 8.5000000000000018 4.5000000000000009 9.5000000000000018 5.104166666666667 7.5000000000000009 -0.60355339059327384 4.979166666666667 6.5000000000000009 0.25881904510252091 0.98296291314453421 5.5000000000000009 8.6458333333333339 7.8958333333333348 3.5000000000000004 4.5000000000000009 6.5000000000000009 5.5000000000000009 15.500000000000002 10.10416666666667 2.5000000000000004 0.37940952255126048
decision_type=10 2 1 10 2 2 2 8 8 10 10 10 10 2 10 10 2 2 10 8 10 8 10 10 2 2 10 10 2
left_child=1 2 3 5 8 16 -7 -6 -5 13 12 -12 -11 14 -4 -15 -1 22 19 20 -19 -21 26 25 -25 -24 28 -28 -3
right_child=-2 17 9 4 7 6 -8 -9 -10 10 11 -13 -14 15 -16 -17 -18 18 -20 21 -22 -23 23 24 -26 -27 27 -29 -30
leaf_value=-0.007338547618600662 0.020111879110336305 0.0013077214725486196 -0.0093992095518621518 0.010260717367886432 0.010365818835356658 0.0048269170068078121 0.066726441867649561 -0.031212545464004506 0.051919981473613354 0.0044491512476632347 0.012374275818757424 -0.010187696298286836 0.016222174897981442 0.00053745716858659811 0.033638673262127369 0.012354198466120682 0.0026390024891816792 -0.0027707442714733459 -0.046192003442690921 -0.06875558843215307 0.075753768041197753 0.0017994875985163231 -0.0018232201241847044 0.0019288656584744964 -0.0046868221558128559 0.024435710031729271 -0.009287049409387441 0.042058723074633902 -0.00046207148634645604
leaf_weight=631 20 14560 806 98 85 59 64 320 42 1592 154 450 535 3521 48 284 549 2191 26 21 35 27 12151 6911 1511 49 29 41 17630
leaf_count=631 20 14560 806 98 85 59 64 320 42 1592 154 450 535 3521 48 284 549 2191 26 21 35 27 12151 6911 1511 49 29 41 17630
internal_value=5.48748e-08 -6.18909e-06 0.000863358 -0.0024474 -0.0108637 0.00105408 0.0370348 -0.0224862 0.0227585 0.00169229 0.00479058 -0.00443514 0.0074104 -0.000120225 -0.00698022 0.00141944 -0.00269645 -0.00015176 -0.00261547 -0.00211724 -0.00153608 -0.0290684 -4.46051e-05 -0.000713219 0.000741938 -0.00171775 0.000382802 0.0207869 0.000338431
internal_weight=64440 64420 9238 1848 545 1303 123 405 140 7390 2731 604 2127 4659 854 3805 1180 55182 2300 2274 2226 48 52882 20622 8422 12200 32260 70 32190
internal_count=64440 64420 9238 1848 545 1303 123 405 140 7390 2731 604 2127 4659 854 3805 1180 55182 2300 2274 2226 48 52882 20622 8422 12200 32260 70 32190
cat_boundaries=0 1
cat_threshold=16
is_linear=0
shrinkage=0.05


Tree=237
num_leaves=28
num_cat=1
split_feature=2 7 9 5 0 1 9 0 6 9 9 0 7 6 10 8 0 9 1 6 8 9 8 0 0 7 7
split_gain=3.09511 14.9197 14.7853 41.934 28.3556 27.7227 24.6358 20.1466 19.826 34.9118 46.1692 31.2083 19.2816 37.075 14.8578 9.54423 25.0924 8.99847 28.2247 60.4573 31.2783 26.4581 22.4446 15.4984 14.376 12.2975 10.8914
threshold=4.5000000000000009 20.500000000000004 9.0625000000000018 -0.5 15.500000000000002 14.500000000000002 9.4791666666666696 3.5000000000000004 8.5000000000000018 6.4375000000000009 7.104166666666667 14.500000000000002 12.500000000000002 2.5000000000000004 0 19.500000000000004 10.500000000000002 9.5625000000000018 17.500000000000004 12.500000000000002 9.5000000000000018 9.4791666666666696 8.5000000000000018 9.5000000000000018 20.500000000000004 20.500000000000004 11.500000000000002
decision_type=2 10 10 2 2 2 10 2 10 10 10 2 8 10 1 10 2 10 2 10 10 10 10 2 2 10 10
left_child=15 2 8 5 7 6 -4 -5 12 11 -11 -10 14 -14 -2 17 -17 21 19 26 -21 24 23 -20 25 -1 -19
right_child=1 -3 3 4 -6 -7 -8 -9 9 10 -12 -13 13 -15 -16 16 -18 18 22 20 -22 -23 -24 -25 -26 -27 -28
leaf_value=-0.00021276155791300069 0.0039300716363667382 -0.034111547079538146 0.067547583012353807 -0.011102652566654511 -0.046997897885116158 0.084946760473772892 0.0017251599087930202 0.019238909127465051 -0.00096077488023190198 -0.028271136222941223 -0.0029091730064131141 0.03742047603834759 -0.048269438241417946 0.019349518062861806 3.734762116930651e-05 -0.008063738985043584 0.059127966151572765 -0.012250197285579311 0.022202044502565906 -0.02550706831738353 -0.11100333325220678 0.054629401185295801 0.05740970642800676 -0.035426903888583182 -0.032248611396976878 0.03181019887328148 0.016892847176208054
leaf_weight=45532 3037 31 21 95 28 25 44 129 1430 293 463 55 22 258 12549 33 24 126 28 20 23 22 24 20 35 30 43
leaf_count=45532 3037 31 21 95 28 25 44 129 1430 293 463 55 22 258 12549 33 24 126 28 20 23 22 24 20 35 30 43
internal_value=5.21141e-08 0.000546526 0.000604762 0.0109041 0.000440977 0.0402008 0.0229909 0.00637084 0.000410231 -0.00399204 -0.0127386 0.000460753 0.00103203 0.0140366 0.000798407 -0.000219679 0.0202275 -0.000245069 -0.0091176 -0.0183035 -0.0712376 -0.000189833 0.0179299 -0.00181002 -0.000216283 -0.000191676 -0.0048351
internal_weight=64440 18480 18449 342 252 90 65 224 18107 2241 756 1485 15866 280 15586 45960 57 45903 284 212 43 45619 72 48 45597 45562 169
internal_count=64440 18480 18449 342 252 90 65 224 18107 2241 756 1485 15866 280 15586 45960 57 45903 284 212 43 45619 72 48 45597 45562 169
cat_boundaries=0 1
cat_threshold=16
is_linear=0
shrinkage=0.05


Tree=238
num_leaves=31
num_cat=4
split_feature=0 0 5 2 8 2 10 10 10 6 8 9 9 7 7 2 2 5 7 8 7 9 7 9 9 2 10 8 9 9
split_gain=3.29606 3.16089 16.8719 17.6627 41.3041 37.0699 49.1109 28.3722 25.4947 16.0889 15.6887 18.7743 44.5986 18.98 9.62923 14.3461 14.1562 9.15877 21.7806 18.144 12.3238 39.6602 9.27441 9.25506 8.75813 9.93442 21.8921 11.3101 5.24436 6.34151
threshold=23.500000000000004 4.5000000000000009 0.25881904510252057 5.5000000000000009 28.000000000000004 4.5000000000000009 0 1 2 7.5000000000000009 12.500000000000002 4.8125000000000009 6.229166666666667 6.5000000000000009 4.5000000000000009 3.5000000000000004 1.5000000000000002 -0.98296291314453399 9.5000000000000018 2.5000000000000004 14.500000000000002 5.1458333333333348 11.500000000000002 4.0208333333333348 2.7708333333333335 1.0000000180025095e-35 3 13.500000000000002 2.3958333333333335 2.2291666666666674
decision_type=2 2 2 2 8 2 1 1 1 10 10 10 10 10 10 2 2 2 10 10 10 10 10 10 8 2 1 10 10 10
left_child=1 10 3 5 7 8 -7 -5 -3 -6 17 14 13 -13 15 -12 -16 18 19 -1 22 -22 -19 -20 28 26 -26 -27 29 -4
right_child=-2 2 24 4 9 6 -8 -9 -10 -11 11 12 -14 -15 16 -17 -18 20 23 -21 21 -23 -24 -25 25 27 -28 -29 -30 -31
leaf_value=0.011239168444598045 0.020294899153523147 0.00087345408930939816 -0.014007539102774963 0.0023551652081931162 0.0053443040779751283 0.018865090608515392 0.0026558144863406642 -0.007807533952309053 -0.0038737338832918254 0.058880029328995276 0.046056291806356363 0.080673004926315378 -0.023991852353016537 0.029781720506132776 0.022513383500277998 -0.006624781004419285 -0.021855467726709321 0.00033107378022391638 -0.0020386792626231908 -0.0066198868248081681 -0.03528511623259295 0.045032813385421158 -0.0086905922893214093 -0.041956628001523472 -0.015191329080723869 -0.0015071864888272053 0.0067258766649121587 -0.030517226249417842 -0.021455798542373023 0.015790050634397909
leaf_weight=185 20 10813 57 1059 23 562 2615 1938 3819 36 24 28 30 53 25 28 64 38456 20 615 22 51 287 53 396 2840 155 34 106 26
leaf_count=185 20 10813 57 1059 23 562 2615 1938 3819 36 24 28 30 53 25 28 64 38456 20 615 22 51 287 53 396 2840 155 34 106 26
internal_value=8.02802e-08 -6.2205e-06 -0.000453601 9.27106e-05 -0.00341911 0.000695334 0.00559092 -0.0042347 -0.000367628 0.0380102 0.00026797 0.0127042 0.0280858 0.0473738 0.000595332 0.0176896 -0.00939231 0.000189007 -0.00487567 -0.00248998 0.000302916 0.0208274 0.000264243 -0.0310202 -0.00360767 -0.00302946 -0.00917951 -0.00185038 -0.0140857 -0.00467335
internal_weight=64440 64420 24479 20865 3056 17809 3177 2997 14632 59 39941 252 111 81 141 52 89 39689 873 800 38816 73 38743 73 3614 3425 551 2874 189 83
internal_count=64440 64420 24479 20865 3056 17809 3177 2997 14632 59 39941 252 111 81 141 52 89 39689 873 800 38816 73 38743 73 3614 3425 551 2874 189 83
cat_boundaries=0 1 2 3 4
cat_threshold=1 18 28 21
is_linear=0
shrinkage=0.05


Tree=239
num_leaves=31
num_cat=0
split_feature=1 1 7 0 6 9 9 8 9 9 9 9 2 8 9 8 2 9 9 2 9 9 9 9 9 2 9 9 9 9
split_gain=3.04503 7.08599 7.78988 10.7514 5.00939 5.55515 5.47125 5.14296 7.58893 5.29245 4.51762 5.18276 5.29296 12.2785 10.9053 9.76644 9.7394 8.97666 4.36373 4.20396 4.08935 7.04369 4.98852 8.39329 3.86913 6.12129 4.16362 3.85607 3.1515 2.89792
threshold=1.0000000180025095e-35 2.5000000000000004 3.5000000000000004 3.5000000000000004 1.5000000000000002 7.729166666666667 8.6875000000000018 3.5000000000000004 4.8125000000000009 4.1875000000000009 2.1875000000000004 3.1041666666666674 2.5000000000000004 6.5000000000000009 3.2708333333333335 3.5000000000000004 1.0000000180025095e-35 7.5625000000000009 2.9791666666666674 5.5000000000000009 12.895833333333334 12.083333333333334 11.812500000000002 10.85416666666667 2.0208333333333335 3.5000000000000004 1.6875000000000002 7.354166666666667 2.5625000000000004 1.5208333333333337
decision_type=2 2 10 2 10 10 10 8 10 8 8 10 2 8 10 10 2 10 10 2 10 10 10 10 10 2 10 10 10 10
left_child=10 2 4 -4 5 27 -7 8 -6 -9 24 18 15 14 -14 17 -17 -13 19 -12 21 22 23 -3 26 -26 29 -2 -21 -1
right_child=1 20 3 -5 7 6 -8 9 -10 -11 11 12 13 -15 -16 16 -18 -19 -20 28 -22 -23 -24 -25 25 -27 -28 -29 -30 -31
leaf_value=0.0049683636734978512 -0.0026283085731638469 7.708984677840413e-05 -0.0067884456695311264 -0.040117976786913701 -0.0012568824847550095 -0.033345049805939199 0.00016611434874080476 0.0066317327024245816 0.0050234815001219393 -0.013686630937223465 0.00019456546691593382 0.0060671671533528426 0.017584813448715292 0.033774045575410132 -0.0024815888928570555 0.011129497521453435 -0.017882160733764373 0.028718954174125452 -0.014683550356389725 -0.0015060740223686612 -0.021458942375399852 0.02838831510056149 -0.023713426986201245 0.016085405376308214 0.028434065120056907 -0.00018852688447241822 -0.0017666866710882576 0.017498686195661625 -0.024312515923696938 0.023577968978456088
leaf_weight=52 2817 56237 233 27 1290 29 21 44 767 118 424 630 73 26 934 45 81 47 73 28 22 22 22 82 47 31 126 24 33 35
leaf_count=52 2817 56237 233 27 1290 29 21 44 767 118 424 630 73 26 934 45 81 47 73 28 22 22 22 82 47 31 126 24 33 35
internal_value=1.1198e-07 -7.15558e-05 -0.00180707 -0.0102496 -0.00137751 -0.00274905 -0.0192704 0.000409376 0.0010849 -0.00816806 0.00164847 0.000933419 0.00221595 -0.000151004 -0.00102692 0.00526087 -0.00752085 0.00763974 -0.00328653 -0.00157111 9.37316e-05 0.000102144 9.1099e-05 0.000100398 0.00753106 0.0170584 0.00404217 -0.00245828 -0.013844 0.012455
internal_weight=64440 61755 5370 260 5110 2891 50 2219 2057 162 2685 2394 1836 1033 1007 803 126 677 558 485 56385 56363 56341 56319 291 78 213 2841 61 87
internal_count=64440 61755 5370 260 5110 2891 50 2219 2057 162 2685 2394 1836 1033 1007 803 126 677 558 485 56385 56363 56341 56319 291 78 213 2841 61 87
is_linear=0
shrinkage=0.05


Tree=240
num_leaves=21
num_cat=0
split_feature=7 2 7 6 0 0 7 6 2 8 8 9 8 9 7 8 0 0 6 0
split_gain=3.00559 3.06565 15.1439 11.9331 29.8666 21.9937 18.3112 26.9939 5.64131 18.0609 59.1536 22.2452 10.457 34.8534 12.3726 10.1046 30.1133 17.1262 20.3055 15.8836
threshold=22.500000000000004 1.0000000180025095e-35 17.500000000000004 6.5000000000000009 13.500000000000002 11.500000000000002 15.500000000000002 11.500000000000002 2.5000000000000004 16.500000000000004 17.500000000000004 6.5208333333333348 12.500000000000002 3.9791666666666674 3.5000000000000004 8.5000000000000018 21.500000000000004 18.500000000000004 17.500000000000004 5.5000000000000009
decision_type=10 2 10 10 2 2 10 10 2 10 10 10 10 10 10 10 2 2 10 2
left_child=1 2 3 4 5 -1 7 -5 9 12 -11 -12 14 -14 -3 17 19 18 -10 -17
right_child=-2 8 -4 6 -6 -7 -8 -9 15 10 11 -13 13 -15 -16 16 -18 -19 -20 -21
leaf_value=0.0017981460287042541 -0.01424642553603327 0.00035884434342023353 0.031942754124219604 -0.0045494508854357586 0.052370066144343079 -0.027203222838315097 -0.03944618188296304 0.0098529689756910038 0.00051133370096131676 -0.081921065881334507 0.031617539102102028 -0.030512913949787619 0.056692569228735834 0.0027387803599024365 -0.0022801184156650335 0.0020326108708974364 0.049656607643035908 -0.033941397288193308 0.030122146174183181 -0.0044350486392894821
leaf_weight=6885 37 9220 39 1782 29 66 33 398 32457 29 34 25 33 322 8570 1397 28 36 58 2962
leaf_count=6885 37 9220 39 1782 29 66 33 398 32457 29 34 25 33 322 8570 1397 28 36 58 2962
internal_value=1.06387e-07 8.29112e-06 0.000851599 0.000719699 0.00173403 0.00152278 -0.0024796 -0.00192002 -0.000132823 -0.000852458 -0.0234493 0.00529108 -0.000742867 0.0077542 -0.000912427 0.000222396 -0.00203024 0.000525992 0.000564153 -0.00236225
internal_weight=64440 64403 9232 9193 6980 6951 2213 2180 55171 18233 88 59 18145 355 17790 36938 4387 32551 32515 4359
internal_count=64440 64403 9232 9193 6980 6951 2213 2180 55171 18233 88 59 18145 355 17790 36938 4387 32551 32515 4359
is_linear=0
shrinkage=0.05


Tree=241
num_leaves=31
num_cat=1
split_feature=1 0 0 1 9 6 8 7 9 8 8 9 1 9 9 10 4 9 7 9 0 9 8 7 6 9 0 8 7 7
split_gain=3.16466 27.857 24.3133 7.87785 15.2505 25.5103 23.8553 37.1977 24.6507 21.5765 23.9336 30.4811 23.974 17.2777 32.6083 26.8736 14.1561 24.7562 27.8959 18.6983 23.5911 27.1836 22.2196 33.215 28.287 19.6312 13.1186 7.64923 7.36132 9.60162
threshold=7.5000000000000009 10.500000000000002 9.5000000000000018 12.500000000000002 5.1458333333333348 8.5000000000000018 16.500000000000004 9.5000000000000018 5.8125000000000009 16.500000000000004 14.500000000000002 4.9375000000000009 10.500000000000002 5.979166666666667 5.4375000000000009 0 -0.5 9.7291666666666696 15.500000000000002 4.4375000000000009 7.5000000000000009 8.5625000000000018 6.5000000000000009 10.500000000000002 11.500000000000002 4.479166666666667 1.5000000000000002 5.5000000000000009 10.500000000000002 9.5000000000000018
decision_type=2 2 2 2 10 10 10 10 10 10 10 10 2 10 10 1 2 10 10 10 2 10 8 10 10 10 2 10 10 10
left_child=1 2 28 4 9 13 8 -8 -7 10 11 -2 -12 14 -6 -15 19 18 26 22 21 -21 24 -24 -5 -22 -18 -19 29 -1
right_child=3 -3 -4 16 5 6 7 -9 -10 -11 12 -13 -14 15 -16 -17 17 27 -20 20 25 -23 23 -25 -26 -27 -28 -29 -30 -31
leaf_value=-0.00047609113162894867 0.0017065305933173947 -0.041176026775723414 0.048864008575677874 0.00046280353620205901 -0.012255696495795179 -0.0059652716164355695 -0.059451788899145631 0.0018425811213296905 0.0087592803495135391 0.041408094263502532 0.0032413723377081069 0.015122887503847682 -0.051199633344298313 -0.0050341960241199581 0.0070261244655103611 -0.024644294359899344 0.0022922483706908268 -0.013577259844169021 0.035835572788301781 0.0041866804456978093 0.034533317178153458 0.032404743661654405 -0.003867386442770071 -0.037421120838017061 -0.042196390617232869 -0.0011415535913444133 -0.0029656138343387571 -0.05292262895653646 0.02151396225304588 -0.031480713829398155
leaf_weight=21350 9545 42 25 10813 373 391 38 71 1041 35 39 443 42 634 532 241 1451 21 49 4494 39 87 2497 76 39 3435 6504 30 38 25
leaf_count=21350 9545 42 25 10813 373 391 38 71 1041 35 39 443 42 634 532 241 1451 21 49 4494 39 87 2497 76 39 3435 6504 30 38 25
internal_value=1.01082e-07 -0.00049543 -0.000415731 0.000247866 0.00125214 -0.00168731 0.00302248 -0.0195261 0.00473882 0.00221829 0.00208206 0.00230159 -0.0249873 -0.00576473 -0.000920969 -0.0107746 -0.000208623 -0.00199617 -0.00177491 0.000461708 0.0023662 0.00472258 -0.000680986 -0.00485848 0.000309495 -0.000741058 -0.00200657 -0.0367216 -0.000473265 -0.000512354
internal_weight=64440 21480 21438 42960 13425 3321 1541 109 1432 10104 10069 9988 81 1780 905 875 29535 8055 8004 21480 8055 4581 13425 2573 10852 3474 7955 51 21413 21375
internal_count=64440 21480 21438 42960 13425 3321 1541 109 1432 10104 10069 9988 81 1780 905 875 29535 8055 8004 21480 8055 4581 13425 2573 10852 3474 7955 51 21413 21375
cat_boundaries=0 1
cat_threshold=12
is_linear=0
shrinkage=0.05


Tree=242
num_leaves=10
num_cat=0
split_feature=8 8 2 6 8 9 5 6 0
split_gain=3.06765 3.18341 17.2367 3.62199 4.77636 31.9474 41.4766 9.06992 7.06206
threshold=23.500000000000004 20.500000000000004 4.5000000000000009 23.500000000000004 17.500000000000004 8.3125000000000018 -0.78656609248549325 21.500000000000004 22.500000000000004
decision_type=10 10 2 8 10 10 2 10 2
left_child=1 3 -3 4 7 6 -6 8 -1
right_child=-2 2 -4 -5 5 -7 -8 -9 -10
leaf_value=-1.7259629724799661e-06 0.019578878805041316 0.012711614171663922 -0.044820582283579789 0.019424211967270823 -0.026117035910781281 0.064583446127785882 0.025784232362340662 -0.027511807579624778 -0.024266522414982322
leaf_weight=64107 20 30 23 24 76 22 78 30 30
leaf_count=64107 20 30 23 24 76 22 78 30 30
internal_value=-1.34254e-07 -6.2128e-06 -0.0122552 3.87304e-06 -3.37076e-06 0.00822222 0.000170619 -2.59323e-05 -1.30758e-05
internal_weight=64440 64420 53 64367 64343 176 154 64167 64137
internal_count=64440 64420 53 64367 64343 176 154 64167 64137
is_linear=0
shrinkage=0.05


Tree=243
num_leaves=31
num_cat=0
split_feature=9 5 9 1 9 8 8 9 4 6 1 8 9 9 4 0 8 1 7 0 1 0 2 1 1 7 7 2 5 5
split_gain=2.9216 9.74202 8.71099 9.62553 8.49041 9.55914 6.64186 6.52724 7.73701 5.42608 5.36999 5.10414 4.64337 4.36584 6.53995 9.11365 5.62116 3.98835 3.67621 3.61855 3.39186 6.85414 10.9748 7.31209 6.78181 10.1935 6.74892 3.37331 3.06939 2.95216
threshold=1.4375000000000002 0.37940952255126048 1.3958333333333337 7.5000000000000009 1.3125000000000002 1.5000000000000002 3.5000000000000004 1.4791666666666667 -0.78656609248549303 1.0000000180025095e-35 8.5000000000000018 1.0000000180025095e-35 1.1458333333333337 1.5208333333333337 -0.60355339059327362 1.5000000000000002 1.0000000180025095e-35 9.5000000000000018 1.5000000000000002 2.5000000000000004 4.5000000000000009 4.5000000000000009 1.0000000180025095e-35 1.0000000180025095e-35 5.5000000000000009 4.5000000000000009 1.0000000180025095e-35 1.5000000000000002 0.78656609248549303 0.91597561503675351
decision_type=8 2 10 2 10 10 10 8 2 10 2 10 10 8 2 2 10 2 10 2 2 2 2 2 2 10 10 2 2 2
left_child=1 2 4 -4 6 -6 17 8 -2 -10 -11 -3 -13 14 -9 16 -16 -1 -7 -5 21 23 -23 -15 25 -22 -26 -8 -14 -30
right_child=7 11 3 19 5 18 27 13 9 10 -12 12 28 20 15 -17 -18 -19 -20 -21 24 22 -24 -25 26 -27 -28 -29 29 -31
leaf_value=0.00440062028542161 0.036083961367607116 -0.0047216080611438629 0.00096421822419633053 -0.02611597104370594 -0.017953828828675408 0.0011568556384493908 -0.043561656560216634 -0.025225876041111497 -0.011003273259848357 0.02972776420928281 0.0024767591850832107 0.024732298001244265 0.014484181156025289 0.0019299189642382167 0.0026362545733504437 0.017813483082787379 -0.025015914216637614 -0.014793528996258028 0.025583706389257124 -0.05464972026646138 0.0021582017649790226 -0.032231245344368428 -0.0043449548070812263 -0.0010936223869468654 0.0030809612954800308 0.021105781108243009 -3.8391143508088034e-05 -0.01522142461368016 -0.016269395919516684 0.0050642703771591191
leaf_weight=50 25 112 23 25 28 24 21 42 35 29 48 37 47 2475 34 38 40 59 43 20 2569 41 253 10411 1802 73 45941 21 24 50
leaf_count=50 25 112 23 25 28 24 21 42 35 29 48 37 47 2475 34 38 40 59 43 20 2569 41 253 10411 1802 73 45941 21 24 50
internal_value=-1.27521e-07 -0.00352057 -0.00950889 -0.0253488 -0.00513039 0.0065806 -0.0124982 3.2069e-05 0.0109341 0.00532031 0.0127401 0.00344363 0.00923164 8.62884e-06 -0.00839986 -0.0020901 -0.0123109 -0.00598887 0.0168338 -0.0387976 2.90002e-05 -0.000685122 -0.00823386 -0.000512894 0.000215804 0.00268173 7.93449e-05 -0.0293915 0.00449177 -0.00185476
internal_weight=64440 584 314 68 246 95 151 63856 137 112 77 270 158 63719 154 112 74 109 67 45 63565 13180 294 12886 50385 2642 47743 42 121 74
internal_count=64440 584 314 68 246 95 151 63856 137 112 77 270 158 63719 154 112 74 109 67 45 63565 13180 294 12886 50385 2642 47743 42 121 74
is_linear=0
shrinkage=0.05


Tree=244
num_leaves=18
num_cat=0
split_feature=7 9 8 4 4 7 9 1 9 5 6 0 6 7 9 0 8
split_gain=2.87885 2.91879 16.5875 29.1616 22.922 30.5231 28.6778 16.7512 6.9347 30.5514 27.7143 33.7465 26.5738 17.1194 8.64129 9.10315 1.431
threshold=22.500000000000004 10.312500000000002 11.500000000000002 -0.60355339059327362 0.25881904510252091 4.5000000000000009 11.10416666666667 19.500000000000004 9.5625000000000018 -0.9159756150367534 11.500000000000002 12.500000000000002 7.5000000000000009 20.500000000000004 9.5208333333333339 20.500000000000004 13.500000000000002
decision_type=10 10 10 2 2 10 10 2 10 2 10 2 10 10 10 2 10
left_child=1 8 3 7 5 -5 -6 -3 13 -10 12 -12 -11 14 15 -1 -4
right_child=-2 2 16 4 6 -7 -8 -9 9 10 11 -13 -14 -15 -16 -17 -18
leaf_value=9.7617851644573006e-06 -0.013943054980120143 0.071359949283025886 -0.032600694380345796 0.017913122889585794 0.050753271859139207 -0.048455253270704574 -0.0055223973775615116 0.011818103900267966 0.048026557309045037 -0.015224294325370076 -0.0069942404368990357 -0.075561946520910542 0.029571486690497778 0.041386857688426974 0.031334112990986221 -0.020527978393214723 -0.014142270435002588
leaf_weight=63794 37 27 21 30 38 41 56 21 22 112 38 34 47 25 22 54 21
leaf_count=63794 37 27 21 30 38 41 56 21 22 112 38 34 47 25 22 54 21
internal_value=-1.21164e-07 7.88915e-06 0.00534665 0.0110094 0.0010309 -0.0204123 0.0172273 0.0453104 -1.33334e-05 -0.00827496 -0.013637 -0.0393734 -0.00198277 1.93795e-05 3.18746e-06 -7.60819e-06 -0.0233715
internal_weight=64440 64403 255 213 165 71 94 48 64148 253 231 72 159 63895 63870 63848 42
internal_count=64440 64403 255 213 165 71 94 48 64148 253 231 72 159 63895 63870 63848 42
is_linear=0
shrinkage=0.05


Tree=245
num_leaves=21
num_cat=0
split_feature=0 4 9 9 9 2 8 9 9 7 9 0 0 8 0 7 0 0 6 6
split_gain=3.03091 2.88484 9.54428 22.3177 23.6519 36.0696 23.1621 21.9674 20.141 16.1444 46.7407 24.2693 7.85752 7.29104 26.8665 24.7409 15.5239 12.797 43.0116 14.5648
threshold=23.500000000000004 -0.78656609248549303 8.7708333333333339 9.2708333333333339 9.6875000000000018 3.5000000000000004 6.5000000000000009 8.6875000000000018 9.9791666666666696 16.500000000000004 8.5625000000000018 9.5000000000000018 21.500000000000004 14.500000000000002 14.500000000000002 12.500000000000002 10.500000000000002 15.500000000000002 18.500000000000004 16.500000000000004
decision_type=2 2 10 10 10 2 10 10 10 10 10 2 2 10 2 10 2 2 10 10
left_child=1 2 7 6 5 -5 -4 9 -6 10 -1 -11 13 17 16 -16 -15 19 -19 -3
right_child=-2 12 3 4 8 -7 -8 -9 -10 11 -12 -13 -14 14 15 -17 -18 18 -20 -21
leaf_value=0.00058797821249387044 0.019461280498653651 -0.00011356636517963701 -0.0014783823064395362 0.013621160244712464 0.046762568963801161 -0.072337239203245737 0.06610073265619576 -0.050611708597058352 -0.0023638747184088938 -0.0037880439808497487 0.075242387600952684 -0.062569780856370924 -0.028780354962994654 -0.0071665215071837944 -0.010762066433076249 -0.071156011202505656 0.012761135716681127 0.0050036431639455259 0.079159233672475071 -0.014730850155111296
leaf_weight=13103 20 49941 21 26 34 23 32 21 54 59 21 25 24 354 43 28 135 284 21 171
leaf_count=13103 20 49941 21 26 34 23 32 21 54 59 21 25 24 354 43 28 135 284 21 171
internal_value=-1.15102e-07 -6.15714e-06 0.000646146 0.0117729 0.00111439 -0.0267267 0.0393241 0.000486339 0.0166168 0.000567582 0.000707434 -0.0212826 -0.000177786 -0.00016432 -0.00583809 -0.0345794 -0.00166502 -0.000101299 0.0101094 -0.000163446
internal_weight=64440 64420 13419 190 137 49 53 13229 88 13208 13124 84 51001 50977 560 71 489 50417 305 50112
internal_count=64440 64420 13419 190 137 49 53 13229 88 13208 13124 84 51001 50977 560 71 489 50417 305 50112
is_linear=0
shrinkage=0.05


Tree=246
num_leaves=16
num_cat=0
split_feature=8 2 6 6 6 8 6 7 9 9 9 4 4 7 7
split_gain=2.82503 2.8702 9.15769 14.2617 12.0268 11.6137 6.42483 20.4002 23.1897 23.1206 9.42466 39.0574 16.4 8.56771 18.5044
threshold=23.500000000000004 1.0000000180025095e-35 18.500000000000004 16.500000000000004 15.500000000000002 8.5000000000000018 19.500000000000004 10.500000000000002 8.9375000000000018 9.3125000000000018 10.770833333333334 -0.60355339059327362 0.12940952255126045 21.500000000000004 17.500000000000004
decision_type=10 2 10 10 10 10 8 10 8 10 10 2 2 10 10
left_child=1 2 3 4 5 -1 10 8 -8 -9 13 -12 -13 14 -3
right_child=-2 6 -4 -5 -6 -7 7 9 -10 -11 11 12 -14 -15 -16
leaf_value=4.5575787767125488e-05 0.018788678087294106 -0.00011963313508457662 0.034606677144765854 -0.041439955607056621 0.036939016794380934 0.0053103846639395149 0.037840360129872963 -0.068149876594543454 -0.029744157863950189 -9.4459178702284901e-05 0.065656314045190817 -0.029942330352566909 0.011520533003779344 0.028542322636796881 -0.018066820178905298
leaf_weight=7969 20 54763 20 20 23 1206 30 26 22 24 28 33 86 26 144
leaf_count=7969 20 54763 20 20 23 1206 30 26 22 24 28 33 86 26 144
internal_value=-1.09359e-07 -5.94257e-06 0.000809748 0.00073642 0.000828127 0.000737604 -0.000142497 -0.0126797 0.00924691 -0.0354833 -0.00011928 0.0125241 2.2428e-05 -0.000153114 -0.000166702
internal_weight=64440 64420 9238 9218 9198 9175 55182 102 52 50 55080 147 119 54933 54907
internal_count=64440 64420 9238 9218 9198 9175 55182 102 52 50 55080 147 119 54933 54907
is_linear=0
shrinkage=0.05


Tree=247
num_leaves=28
num_cat=2
split_feature=7 9 9 0 6 0 8 9 6 4 2 7 7 8 0 8 6 1 7 10 1 10 9 0 2 2 9
split_gain=2.90716 2.8082 20.7171 35.7789 45.2058 28.9304 19.7675 18.6783 24.4002 46.799 21.605 47.8811 21.9553 15.1341 27.1508 18.4509 22.5496 14.9001 13.2732 11.969 11.4099 17.023 20.082 16.1896 13.9539 38.1735 20.9374
threshold=22.500000000000004 5.2708333333333348 5.354166666666667 12.500000000000002 7.5000000000000009 9.5000000000000018 8.5000000000000018 5.1875000000000009 6.5000000000000009 -0.78656609248549303 1.5000000000000002 6.5000000000000009 5.5000000000000009 16.500000000000004 8.5000000000000018 14.500000000000002 4.5000000000000009 17.500000000000004 15.500000000000002 0 22.500000000000004 1 7.354166666666667 5.5000000000000009 1.5000000000000002 3.5000000000000004 5.729166666666667
decision_type=10 10 10 2 10 2 10 10 10 2 2 10 10 10 2 10 10 2 10 1 2 1 10 2 2 2 10
left_child=1 7 3 4 5 -3 -6 13 9 17 12 -12 -10 15 -15 18 -17 -9 -1 -11 24 23 -23 -22 26 -26 -4
right_child=-2 2 20 -5 6 -7 -8 8 10 19 11 -13 -14 14 -16 16 -18 -19 -20 -21 21 22 -24 -25 25 -27 -28
leaf_value=-8.4666232780066682e-06 -0.014011412848894662 0.0057830703461181866 -0.0042879188169039576 -0.045067210197448734 0.019370043475487056 -0.043224333925172692 0.051534060986948682 0.014080937308608555 -0.0055550356129450461 0.0024380680334288628 -0.037765690704787171 0.011062448484673431 -0.060290102358415448 0.051299350767543439 -0.014276593233700154 0.013407077725441481 -0.030436934284793521 0.061964860400467205 -0.032736178643761146 -0.014251929504823044 0.0062955918970036802 -0.010772188610751101 -0.0504726284561125 -0.02279195734781438 -0.0048358165646544089 0.0018160653542018447 0.0046460137500273181
leaf_weight=48540 37 511 817 30 146 32 71 32 28 190 91 112 53 38 27 41 103 33 31 239 273 229 37 58 3391 5926 3324
leaf_count=48540 37 511 817 30 146 32 71 32 28 190 91 112 53 38 27 41 103 33 31 239 273 229 37 58 3391 5926 3324
internal_value=-1.03885e-07 7.94572e-06 0.000611197 0.00848975 0.0106038 0.00289497 0.0298938 -0.000172757 -0.00785898 -0.00114511 -0.0195373 -0.010826 -0.0413693 -5.01681e-05 0.0240601 -8.23382e-05 -0.0179536 0.0383912 -2.93548e-05 -0.00713547 0.000168361 -0.00659557 -0.0157041 0.00116353 0.000468411 -0.000604943 0.00288339
internal_weight=64440 64403 14845 790 760 543 217 49558 778 494 284 203 81 48780 65 48715 144 65 48571 429 14055 597 266 331 13458 9317 4141
internal_count=64440 64403 14845 790 760 543 217 49558 778 494 284 203 81 48780 65 48715 144 65 48571 429 14055 597 266 331 13458 9317 4141
cat_boundaries=0 1 2
cat_threshold=9 4
is_linear=0
shrinkage=0.05


Tree=248
num_leaves=15
num_cat=0
split_feature=0 1 0 0 9 1 0 9 9 8 9 8 7 8
split_gain=2.80856 2.70506 25.004 21.8687 7.85345 11.9618 10.096 43.0267 12.4418 23.205 14.2662 7.18328 7.44469 4.73537
threshold=23.500000000000004 7.5000000000000009 10.500000000000002 9.5000000000000018 11.145833333333334 18.500000000000004 20.500000000000004 7.3958333333333348 9.5625000000000018 9.5000000000000018 9.0625000000000018 11.500000000000002 10.500000000000002 5.5000000000000009
decision_type=2 2 2 2 10 2 2 10 10 8 10 10 10 10
left_child=1 2 3 11 6 -6 8 -8 10 -10 -3 12 -1 -4
right_child=-2 4 13 -5 5 -7 7 -9 9 -11 -12 -13 -14 -15
leaf_value=-0.00045346018039197868 0.018733755052089691 0.00022485282694219966 -0.055794207290524533 0.046348154842853546 0.036000095740401826 -0.0048228225643363078 0.032619320861995225 -0.064139606313848949 0.0055330873875502964 -0.025262499295852406 0.014065606953865068 -0.030394325479865078 0.022303158336500123 -0.022216390889315381
leaf_weight=21357 20 42388 21 25 38 34 20 27 114 132 187 20 36 21
leaf_count=21357 20 42388 21 25 38 34 20 27 114 132 187 20 36 21
internal_value=-1.90387e-07 -6.00658e-06 -0.000464108 -0.000388601 0.000223151 0.0167226 0.000195439 -0.0229656 0.00022086 -0.0109914 0.000285645 -0.000443166 -0.000415165 -0.0390053
internal_weight=64440 64420 21480 21438 42940 72 42868 47 42821 246 42575 21413 21393 42
internal_count=64440 64420 21480 21438 42940 72 42868 47 42821 246 42575 21413 21393 42
is_linear=0
shrinkage=0.05


Tree=249
num_leaves=22
num_cat=2
split_feature=7 0 8 4 1 10 1 1 6 9 7 8 5 2 8 7 6 9 10 2 7
split_gain=2.72117 2.64971 10.0544 10.2114 8.63629 21.5957 14.7876 4.9652 7.43729 8.81589 8.71703 6.23281 6.02523 7.71809 21.4544 18.4503 7.33418 11.1579 7.43792 5.49329 4.01738
threshold=22.500000000000004 1.0000000180025095e-35 8.5000000000000018 -0.98296291314453399 7.5000000000000009 0 6.5000000000000009 1.0000000180025095e-35 4.5000000000000009 5.8125000000000009 4.5000000000000009 5.5000000000000009 0.78656609248549303 4.5000000000000009 4.5000000000000009 20.500000000000004 4.5000000000000009 7.0625000000000009 1 1.5000000000000002 2.5000000000000004
decision_type=10 2 10 2 2 1 2 2 8 10 10 8 2 2 8 10 10 8 1 2 8
left_child=1 2 3 -1 6 -6 -5 8 9 20 19 -11 13 15 -15 -9 18 -18 -14 -10 -3
right_child=-2 7 -4 4 5 -7 -8 12 10 11 -12 -13 16 14 -16 -17 17 -19 -20 -21 -22
leaf_value=-0.032676720753312113 -0.013555883817576074 0.0035062591045122247 -0.030796758810590422 -0.0010590569894077559 0.018005053713169024 0.00019328279272967007 -0.017170070042859201 -0.0001893204620614235 0.011189752523550544 0.009546202833348132 -0.029070135370335162 0.035345717868319929 0.0016576488445128263 0.003327350494005852 -0.00066552284744422871 0.044608538856972822 -0.0062998622973941256 0.0035128091136244627 -0.0017950967754948228 -0.0066152941578416381 -0.0026172929421505509
leaf_weight=25 37 1262 28 5820 194 1039 146 33290 59 235 34 26 2538 6497 6977 23 1322 371 4014 163 340
leaf_count=25 37 1262 28 5820 194 1039 146 33290 59 235 34 26 2538 6497 6977 23 1322 371 4014 163 340
internal_value=-1.80838e-07 7.60701e-06 -0.000892717 -0.00077681 -0.000666031 0.00314338 -0.00145333 0.000121851 0.00249688 0.00359494 -0.00549407 0.0121163 3.04008e-05 0.000250026 0.00125979 -0.000158391 -0.00121588 -0.00414954 -0.000457842 -0.00188332 0.00220663
internal_weight=64440 64403 7252 7224 7199 1233 5966 57151 2119 1863 256 261 55032 46787 13474 33313 8245 1693 6552 222 1602
internal_count=64440 64403 7252 7224 7199 1233 5966 57151 2119 1863 256 261 55032 46787 13474 33313 8245 1693 6552 222 1602
cat_boundaries=0 1 2
cat_threshold=20 12
is_linear=0
shrinkage=0.05


Tree=250
num_leaves=31
num_cat=0
split_feature=0 8 9 8 7 9 7 5 2 9 6 6 8 6 9 4 9 7 4 1 7 4 4 7 8 4 4 7 5 7
split_gain=2.69188 15.8747 18.2584 36.0119 46.108 18.0875 19.0221 25.2596 36.0472 19.31 50.935 18.2897 14.0323 18.3285 31.4585 35.5043 38.7635 19.849 12.3681 25.2363 11.3727 15.228 18.4307 18.097 10.9749 9.66329 13.3478 9.45048 8.54517 19.5374
threshold=4.5000000000000009 1.5000000000000002 6.7708333333333348 1.0000000180025095e-35 5.5000000000000009 1.4791666666666667 1.5000000000000002 -0.78656609248549325 1.5000000000000002 2.3541666666666674 6.5000000000000009 1.0000000180025095e-35 12.500000000000002 8.5000000000000018 4.8125000000000009 -0.78656609248549303 5.8958333333333348 7.5000000000000009 -0.98296291314453399 14.500000000000002 1.5000000000000002 0.91597561503675362 -0.37940952255126059 4.5000000000000009 6.5000000000000009 0.91597561503675362 0.98296291314453421 3.5000000000000004 -0.98296291314453399 9.5000000000000018
decision_type=2 8 10 10 10 8 8 2 2 8 10 10 10 10 10 2 10 10 2 2 10 2 2 10 10 2 2 10 2 10
left_child=12 2 20 -4 27 -3 7 8 -7 10 -8 -11 28 14 18 -16 -17 -15 -14 -20 25 22 -22 -23 -9 -2 -27 -5 29 -1
right_child=1 5 3 4 -6 6 9 24 -10 11 -12 -13 13 17 15 16 -18 -19 19 -21 21 23 -24 -25 -26 26 -28 -29 -30 -31
leaf_value=-0.0024541925531266317 -0.0079798284232757005 -0.040253137123571446 0.029216232125393371 -0.0022114879335276782 -0.10839498311281204 -0.013133390738503704 -0.005701093281858141 0.0044778266636858457 0.028755435425343669 -0.016285783207397268 -0.068803445666151888 -8.2091400101935301e-06 -0.033090678881853818 0.01505543814972043 0.095556702432425131 0.053994788804224564 -0.031932599913506284 -0.049306002129679144 -0.0064190573173843026 0.046833590965252372 0.0018820265086655506 0.0053100071279434391 -0.012056813923693649 0.054118522058706736 -0.0097931713072790041 -0.051537879246889677 -0.0053628182488268819 -0.046025048401206733 0.00028841265603708532 -0.029475360940376373
leaf_weight=800 212 28 22 32 20 67 538 800 220 174 34 21006 20 25 23 35 21 23 73 32 589 91 397 24 162 34 29 20 38816 73
leaf_count=800 212 28 22 32 20 67 538 800 220 174 34 21006 20 25 23 35 21 23 73 32 589 91 397 24 162 34 29 20 38816 73
internal_value=-3.16526e-08 -0.000412656 -0.00545029 -0.0267703 -0.0438773 -9.1091e-05 -4.22002e-05 0.00595839 0.0189765 -0.000386754 -0.00945193 -0.000141934 0.000253064 0.0120145 0.0185554 0.0432536 0.021772 -0.0157844 0.00294616 0.00981032 -0.00399384 -0.00172206 -0.00373027 0.0154961 0.0020746 -0.0130892 -0.0302827 -0.0190629 0.000178386 -0.00471369
internal_weight=64440 24499 1470 94 72 23029 23001 1249 287 21752 572 21180 39941 252 204 79 56 48 125 105 1376 1101 986 115 962 275 63 52 39689 873
internal_count=64440 24499 1470 94 72 23029 23001 1249 287 21752 572 21180 39941 252 204 79 56 48 125 105 1376 1101 986 115 962 275 63 52 39689 873
is_linear=0
shrinkage=0.05


Tree=251
num_leaves=31
num_cat=1
split_feature=1 0 0 1 9 8 2 6 9 6 7 7 7 0 9 4 9 7 9 6 8 9 2 10 0 8 8 8 7 7
split_gain=2.64191 22.4118 19.7879 7.80549 14.5731 36.5767 48.2662 35.0108 29.1001 27.4711 69.2483 36.44 26.5481 16.2007 14.5921 12.0418 20.2067 25.3822 17.893 18.2529 28.4787 16.1785 13.0936 11.5095 23.8646 12.4608 6.60601 6.57458 6.73178 8.53562
threshold=7.5000000000000009 10.500000000000002 9.5000000000000018 12.500000000000002 4.3125000000000009 3.5000000000000004 5.5000000000000009 4.5000000000000009 6.104166666666667 3.5000000000000004 4.5000000000000009 2.5000000000000004 12.500000000000002 15.500000000000002 4.1875000000000009 -0.5 9.7291666666666696 15.500000000000002 2.4791666666666674 3.5000000000000004 5.5000000000000009 4.3958333333333348 1.0000000180025095e-35 0 5.5000000000000009 9.5000000000000018 5.5000000000000009 11.500000000000002 10.500000000000002 9.5000000000000018
decision_type=2 2 2 2 10 8 2 10 10 10 10 10 10 2 8 2 10 10 10 10 10 10 2 1 2 10 10 10 10 10
left_child=1 2 27 4 12 6 8 -8 -6 10 -7 -11 13 14 -2 18 17 22 23 20 -20 -21 -17 25 -25 -5 -18 28 29 -1
right_child=3 -3 -4 15 5 9 7 -9 -10 11 -12 -13 -14 -15 -16 16 26 -19 19 21 -22 -23 -24 24 -26 -27 -28 -29 -30 -31
leaf_value=-0.00040861443529233165 0.0018489086782520446 -0.036941502145713283 0.044076388433575635 -0.0017068752232514734 -0.0010592904707238556 0.035395086441483155 -0.0093775873504033918 -0.069742219496100891 -0.039997911758043549 -0.036040735713416532 -0.015580376872741102 0.0025751812908878639 0.056214664463439715 0.046278347110464461 0.012317671414415202 -0.0068575267405494265 -0.011741246274184615 0.034199146196550255 0.0064173440351694552 -0.0017642193365819863 -0.0024429690198732681 0.0016658126073167601 -0.0010681272993789126 -0.0082940506325616375 -0.059173389241099363 -0.035832467474284826 -0.048305299847076343 -0.029087255001068114 0.02119677874984013 -0.029641521036624909
leaf_weight=21332 7653 42 25 2890 376 76 41 58 55 62 540 4172 23 21 348 1140 21 49 3088 6291 1284 7580 6815 295 25 27 30 20 36 25
leaf_count=21332 7653 42 25 2890 376 76 41 58 55 62 540 4172 23 21 348 1140 21 49 3088 6291 1284 7580 6815 295 25 27 30 20 36 25
internal_value=-3.00821e-08 -0.000452788 -0.000381302 0.000226349 0.001226 -0.000788467 -0.0132598 -0.0447427 -0.00602826 0.000574382 -0.0092912 0.00200971 0.00257315 0.00241936 0.00230424 -0.000228039 -0.0018767 -0.0016768 0.00039021 0.000998089 0.00381518 0.000110169 -0.00189778 -0.00303566 -0.0118972 -0.00201583 -0.0332495 -0.000433207 -0.000406419 -0.000442834
internal_weight=64440 21480 21438 42960 13425 5380 530 99 431 4850 616 4234 8045 8022 8001 29535 8055 8004 21480 18243 4372 13871 7955 3237 320 2917 51 21413 21393 21357
internal_count=64440 21480 21438 42960 13425 5380 530 99 431 4850 616 4234 8045 8022 8001 29535 8055 8004 21480 18243 4372 13871 7955 3237 320 2917 51 21413 21393 21357
cat_boundaries=0 1
cat_threshold=7
is_linear=0
shrinkage=0.05


Tree=252
num_leaves=31
num_cat=1
split_feature=0 5 8 9 7 9 6 9 10 5 0 0 6 6 8 6 9 4 9 7 2 7 9 9 9 7 7 6 6 5
split_gain=2.67469 15.3953 14.7225 70.9564 26.2685 27.7906 36.8903 24.4638 21.6705 42.4297 25.4502 21.4001 18.9374 18.5069 12.7162 16.6304 28.4042 31.9083 35.0553 18.0136 11.7227 15.0049 10.0979 8.296 14.9652 23.6246 17.5282 11.3688 13.3833 7.96216
threshold=4.5000000000000009 0.25881904510252057 1.5000000000000002 6.0625000000000009 1.5000000000000002 2.3958333333333335 6.5000000000000009 5.7708333333333348 0 -0.12940952255126037 11.500000000000002 7.5000000000000009 2.5000000000000004 1.0000000180025095e-35 12.500000000000002 8.5000000000000018 4.8125000000000009 -0.78656609248549303 5.8958333333333348 7.5000000000000009 3.5000000000000004 5.5000000000000009 4.229166666666667 10.60416666666667 9.2708333333333339 7.5000000000000009 5.5000000000000009 15.500000000000002 13.500000000000002 -0.98296291314453399
decision_type=2 2 8 10 8 8 10 10 1 2 2 2 10 10 10 8 10 2 10 10 2 10 10 8 10 10 10 10 10 2
left_child=14 2 3 7 8 6 -6 12 9 -4 -10 -5 -2 -7 29 16 20 -18 -19 -17 22 -22 -16 24 27 26 -26 28 -3 -1
right_child=1 23 4 11 5 13 -8 -9 10 -11 -12 -13 -14 -15 15 19 17 18 -20 -21 21 -23 -24 -25 25 -27 -28 -29 -30 -31
leaf_value=-0.0045410774009084593 0.006900031214522183 -0.0031000805801064848 0.031495495695711632 -0.034583700224757201 -0.0072280598484361792 -0.017248084247065081 -0.057451714900059583 0.045666374489665033 0.0017949248288772002 -0.022120205130841997 0.057788697576948579 -0.1077275266405195 -0.0092088033344273727 0.00050427663963888256 0.033835769912753354 0.014348129870370031 0.090731305143107552 0.051425791734031272 -0.030288308220250266 -0.04696545267234678 0.01179211103554928 -0.036259942851029341 -0.0091692712512754272 0.016402502741234806 -0.031929676961153751 -0.061058232034074844 0.023601036574001668 0.027971034574097605 -0.029964900896587272 0.0002873753780905731
leaf_weight=873 258 3400 205 20 585 148 39 25 603 45 21 20 623 18293 39 25 23 35 21 23 33 32 21 52 30 29 27 29 47 38816
leaf_count=873 258 3400 205 20 585 148 39 25 603 45 21 20 623 18293 39 25 23 35 21 23 33 32 21 52 30 29 27 29 47 38816
internal_value=-2.85984e-08 -0.000411334 0.00011006 -0.00598461 0.00039922 1.0647e-05 -0.010367 -0.0031073 0.00887537 0.0210045 0.0036213 -0.0711556 -0.00449135 0.000361803 0.000252258 0.0114485 0.0176791 0.0411477 0.020783 -0.0150313 0.00284689 -0.0118643 0.018784 -0.00342443 -0.00371387 -0.024318 -0.00562565 -0.0032041 -0.00346638 0.000181169
internal_weight=64440 24499 20885 946 19939 19065 624 906 874 250 624 40 881 18441 39941 252 204 79 56 48 125 65 60 3614 3562 86 57 3476 3447 39689
internal_count=64440 24499 20885 946 19939 19065 624 906 874 250 624 40 881 18441 39941 252 204 79 56 48 125 65 60 3614 3562 86 57 3476 3447 39689
cat_boundaries=0 1
cat_threshold=1
is_linear=0
shrinkage=0.05


Tree=253
num_leaves=10
num_cat=0
split_feature=8 8 2 6 8 9 5 6 0
split_gain=2.56433 2.89758 14.7648 3.04164 4.23333 30.0151 36.4435 8.27641 5.3773
threshold=23.500000000000004 20.500000000000004 4.5000000000000009 23.500000000000004 17.500000000000004 8.3125000000000018 -0.78656609248549325 21.500000000000004 22.500000000000004
decision_type=10 10 2 8 10 10 2 10 2
left_child=1 3 -3 4 7 6 -6 8 -1
right_child=-2 2 -4 -5 5 -7 -8 -9 -10
leaf_value=-1.6556378131027933e-06 0.017900846116244793 0.011415576084206501 -0.041831691044828173 0.017800641432404517 -0.024704125822570765 0.062371468781070277 0.023946283763656633 -0.026279859859496359 -0.021175175396104653
leaf_weight=64107 20 30 23 24 76 22 78 30 30
leaf_count=64107 20 30 23 24 76 22 78 30 30
internal_value=-2.71484e-08 -5.5847e-06 -0.0116917 4.03771e-06 -2.60044e-06 0.0077413 -6.30093e-05 -2.38407e-05 -1.15595e-05
internal_weight=64440 64420 53 64367 64343 176 154 64167 64137
internal_count=64440 64420 53 64367 64343 176 154 64167 64137
is_linear=0
shrinkage=0.05


Tree=254
num_leaves=15
num_cat=0
split_feature=0 7 2 7 9 9 7 6 8 1 9 9 4 7
split_gain=2.74693 2.54301 2.67116 12.1684 12.5632 31.0167 25.6235 5.98547 20.3448 24.4203 21.457 8.13692 39.1051 6.74117
threshold=23.500000000000004 22.500000000000004 1.0000000180025095e-35 17.500000000000004 6.229166666666667 5.6875000000000009 15.500000000000002 19.500000000000004 9.5000000000000018 13.500000000000002 8.6875000000000018 10.85416666666667 -0.60355339059327362 17.500000000000004
decision_type=2 10 2 10 10 10 10 10 10 2 10 10 2 10
left_child=1 2 3 4 5 -1 -6 11 9 -9 -10 13 -13 -4
right_child=-2 -3 7 -5 6 -7 -8 8 10 -11 -12 12 -14 -15
leaf_value=0.00053017991703094725 0.018527244459837677 -0.01329106819919414 -0.00010870891093161833 0.028658752029952713 -0.0027632520365091233 0.012852904685716874 -0.042549836666633686 -0.074511423774740917 0.042848678536635515 -1.2599005871875718e-05 -0.026357553331624897 0.07000677399337292 -0.00092913425052721136 -0.010517319657195073
leaf_weight=7492 20 36 54783 39 1109 548 42 22 24 22 21 24 102 156
leaf_count=7492 20 36 54783 39 1109 548 42 22 24 22 21 24 102 156
internal_value=-2.57956e-08 -5.77782e-06 1.65059e-06 0.000788911 0.000670652 0.00137009 -0.00421506 -0.000130097 -0.0130862 -0.037262 0.0105524 -0.000109157 0.0125825 -0.000138264
internal_weight=64440 64420 64384 9230 9191 8040 1151 55154 89 44 45 55065 126 54939
internal_count=64440 64420 64384 9230 9191 8040 1151 55154 89 44 45 55065 126 54939
is_linear=0
shrinkage=0.05


Tree=255
num_leaves=31
num_cat=0
split_feature=1 0 0 7 0 6 9 2 9 9 2 9 9 8 1 9 5 9 6 1 7 1 9 7 0 8 9 4 2 9
split_gain=2.49019 20.139 17.9335 7.52861 14.6723 15.0984 37.4908 28.7115 15.114 15.4403 14.4828 8.51533 7.8427 18.1808 11.373 10.2524 8.46004 7.21568 6.18212 58.7297 39.1102 14.663 19.9108 10.5874 8.82352 5.82191 12.617 5.09854 4.71438 9.76948
threshold=7.5000000000000009 10.500000000000002 9.5000000000000018 2.5000000000000004 13.500000000000002 11.500000000000002 3.5625000000000004 1.5000000000000002 5.2708333333333348 2.1458333333333335 5.5000000000000009 1.6458333333333337 1.7708333333333337 4.5000000000000009 12.500000000000002 1.8541666666666667 -0.70710678118654757 2.1458333333333335 4.5000000000000009 6.5000000000000009 4.5000000000000009 6.5000000000000009 2.4791666666666674 4.5000000000000009 7.5000000000000009 4.5000000000000009 1.5625000000000002 -0.60355339059327362 1.0000000180025095e-35 1.3958333333333337
decision_type=2 2 2 10 2 10 10 2 8 10 2 10 10 10 2 10 2 10 10 2 10 2 10 10 2 10 10 2 2 10
left_child=1 2 18 4 5 8 -7 -8 9 -2 -10 25 13 16 -15 27 -13 -17 21 23 -21 24 -23 -20 -1 28 -27 -14 -5 -30
right_child=3 -3 -4 11 -6 6 7 -9 10 -11 -12 12 15 14 -16 17 -18 -19 19 20 -22 22 -24 -25 -26 26 -28 -29 29 -31
leaf_value=-6.8995440302920859e-05 -0.0022053032268364078 -0.035028707972239885 0.041951436728239061 -0.02293411494465545 0.032102495661148658 0.081810649633407603 -0.03465653733703597 0.026636984545458681 -0.0087867923775377926 0.0029100986602005642 0.015772409778811152 0.015536001336867692 -0.01988218692626725 0.060226521790027625 0.010314330653775306 0.0043980956539055949 -0.0089284587196917058 -0.00016300661055639444 -0.0020843129068974851 0.041846423738170414 0.0013674818507682246 0.0055200612990952587 -0.0064202287440294882 -0.023943049143083761 -0.026347442308906469 -0.0048976022430828638 -0.053920436118330278 -0.00385117225703739 0.019735223976895214 -0.0081552409815716827
leaf_weight=18092 1922 42 25 32 39 20 29 56 577 6345 67 61 94 25 21 891 84 32350 603 140 104 425 1956 61 32 35 21 105 40 146
leaf_count=18092 1922 42 25 32 39 20 29 56 577 6345 67 61 94 25 21 891 84 32350 603 140 104 425 1956 61 32 35 21 105 40 146
internal_value=-2.45135e-08 -0.00043959 -0.000371825 0.000219758 0.00150056 0.00136819 0.0202176 0.00572508 0.00114608 0.00172082 -0.00623172 -0.000122306 -5.07832e-05 0.0100522 0.0374405 -0.000108489 0.00136349 -4.07497e-05 -0.000421238 0.00361603 0.0245931 -0.000600016 -0.00428893 -0.00409242 -0.000115393 -0.00890107 -0.0232812 -0.0114236 -0.0052071 -0.00215729
internal_weight=64440 21480 21438 42960 9055 9016 105 85 8911 8267 644 33905 33631 191 46 33440 145 33241 21413 908 244 20505 2381 664 18124 274 56 199 218 186
internal_count=64440 21480 21438 42960 9055 9016 105 85 8911 8267 644 33905 33631 191 46 33440 145 33241 21413 908 244 20505 2381 664 18124 274 56 199 218 186
is_linear=0
shrinkage=0.05


Tree=256
num_leaves=31
num_cat=2
split_feature=9 9 0 6 0 4 5 5 8 9 6 4 2 7 7 8 8 7 1 8 0 8 6 1 7 10 0 7 1 10
split_gain=2.56127 18.7966 32.4151 40.6006 25.7159 26.4028 19.0411 29.5543 22.7579 17.0621 22.1772 41.4567 19.6357 43.2396 20.0495 22.1119 17.0155 14.5273 13.7888 13.1176 23.9293 17.1203 20.3736 19.21 12.0139 10.9129 57.8316 42.631 9.34813 15.1005
threshold=5.2708333333333348 5.354166666666667 12.500000000000002 7.5000000000000009 9.5000000000000018 -0.91597561503675329 -0.60355339059327384 -0.78656609248549325 7.5000000000000009 5.1875000000000009 6.5000000000000009 -0.78656609248549303 1.5000000000000002 6.5000000000000009 5.5000000000000009 6.5000000000000009 7.5000000000000009 9.5000000000000018 17.500000000000004 16.500000000000004 8.5000000000000018 14.500000000000002 4.5000000000000009 10.500000000000002 15.500000000000002 0 4.5000000000000009 4.5000000000000009 22.500000000000004 1
decision_type=10 10 2 10 2 2 2 2 10 10 10 2 2 10 10 10 10 10 2 10 2 10 10 2 10 1 2 10 2 1
left_child=9 2 3 4 5 -2 7 -5 -8 19 11 18 14 16 -12 -16 -14 -15 -11 21 -21 24 -23 -24 -1 26 -13 -27 -3 -30
right_child=1 28 -4 6 -6 -7 8 -9 -10 10 12 25 13 17 15 -17 -18 -19 -20 20 -22 22 23 -25 -26 27 -28 -29 29 -31
leaf_value=-1.4638990630882969e-05 0.049481878033839168 0.00042534107781626448 -0.042897031828761104 0.030783660896122458 -0.04069481190526858 0.0025721626748993901 -0.0017521657055864733 0.09811794668436051 0.047562905896783754 0.012707078666426242 -0.0052412097741450581 -0.013532547663625095 -0.022641769776501779 0.022091197724678095 -0.019210023822432216 -0.084753424295265556 -0.071078122645616526 -0.017409119578642825 0.058770636740055948 0.047963200156625946 -0.013599487173336526 0.012508801830841638 0.010010127474864324 -0.041067757877179339 -0.031151129804821986 0.0015693307019673385 0.049951495463513615 -0.04254318933824406 0.001326376298999638 -0.014548341219947823
leaf_weight=48540 32 13495 30 88 32 479 75 20 34 32 28 142 66 79 22 31 25 33 33 38 27 41 24 79 31 154 48 85 331 266
leaf_count=48540 32 13495 30 88 32 479 75 20 34 32 28 142 66 79 22 31 25 33 33 38 27 41 24 79 31 154 48 85 331 266
internal_value=-2.32767e-08 0.000575213 0.00808024 0.0100925 0.00278684 0.00550976 0.0283735 0.043253 0.0136305 -0.000172764 -0.00751892 -0.00111819 -0.0186526 -0.0103478 -0.0394658 -0.0575467 -0.0359485 0.0104527 0.0360932 -5.55985e-05 0.022391 -8.55488e-05 -0.0173003 -0.0291661 -3.45116e-05 -0.00675628 0.00238025 -0.0135522 0.00015448 -0.00596825
internal_weight=64440 14882 790 760 543 511 217 108 109 49558 778 494 284 203 81 53 91 112 65 48780 65 48715 144 103 48571 429 190 239 14092 597
internal_count=64440 14882 790 760 543 511 217 108 109 49558 778 494 284 203 81 53 91 112 65 48780 65 48715 144 103 48571 429 190 239 14092 597
cat_boundaries=0 1 2
cat_threshold=9 4
is_linear=0
shrinkage=0.05


Tree=257
num_leaves=31
num_cat=1
split_feature=0 5 2 2 5 8 6 6 8 8 9 7 9 8 9 9 10 8 6 9 4 9 4 6 8 9 9 7 0 7
split_gain=2.53847 14.4652 17.174 47.8231 48.6205 53.1866 47.6456 31.4002 64.1879 41.4198 80.0475 67.6448 23.4801 22.3136 39.1538 24.9984 13.7165 27.048 24.0952 25.2052 18.6192 17.0158 12.8393 21.7507 11.514 15.5825 33.855 17.3867 13.9254 11.4501
threshold=4.5000000000000009 -0.12940952255126037 5.5000000000000009 4.5000000000000009 -0.78656609248549325 5.5000000000000009 5.5000000000000009 13.500000000000002 13.500000000000002 10.500000000000002 5.6875000000000009 12.500000000000002 8.6875000000000018 4.5000000000000009 6.3125000000000009 1.6875000000000002 0 8.5000000000000018 6.5000000000000009 5.104166666666667 0.12940952255126045 2.6875000000000004 -0.91597561503675329 12.500000000000002 12.500000000000002 4.8125000000000009 6.229166666666667 6.5000000000000009 3.5000000000000004 4.5000000000000009
decision_type=2 2 2 2 2 10 10 10 10 10 10 10 10 10 10 10 1 10 10 10 2 8 2 10 10 10 10 10 2 10
left_child=24 2 3 13 6 -6 -5 9 12 11 -11 -4 -9 14 -2 -15 17 18 20 -20 -3 -18 23 -23 -1 -26 27 -27 -29 -19
right_child=1 16 7 4 5 -7 -8 8 -10 10 -12 -13 -14 15 -16 -17 21 29 19 -21 -22 22 -24 -25 25 26 -28 28 -30 -31
leaf_value=0.00017800808869150266 -0.0020429326743177014 -0.0030262852463255182 -0.0045548672821342428 -0.013828497018103542 0.02494806931657291 0.0047309540285240979 0.0067311066536091761 0.018910199521047475 0.092310990929603584 0.0064547400924909338 -0.044334306205012677 0.032573416952100649 -0.030977848462541313 -0.054602016247808943 -0.0222479582989763 0.0013673285089329068 -0.013068953113051486 -0.0039258500586988199 -0.013346456546047381 -0.047266710475087167 -0.039043272237636539 0.0034160096078248467 -0.0028815199093011686 -0.011033366842564106 -0.00013210209960065096 0.073588582738635264 -0.020460780511299771 0.049097547786576407 -0.0022432253211736681 0.032092848224075217
leaf_weight=39689 3782 644 1931 408 599 712 911 77 25 140 174 131 34 20 256 8052 296 36 203 75 38 2344 3261 293 141 28 30 28 25 57
leaf_count=39689 3782 644 1931 408 599 712 911 77 25 140 174 131 34 20 256 8052 296 36 203 75 38 2344 3261 293 141 28 30 28 25 57
internal_value=-1.24701e-07 -0.00040082 0.00038662 0.00103787 0.00714918 0.0139682 0.000371502 -0.0034348 0.019931 -0.00477224 -0.0216895 -0.00219609 0.00362918 -0.000289361 -0.00332389 0.00122865 -0.00227537 -0.00752488 -0.0100905 -0.0224976 -0.0050331 -0.00136858 -0.000783704 0.00181052 0.000245653 0.0108995 0.0249127 0.0417177 0.0248802 0.0181501
internal_weight=64440 24499 17252 14740 2630 1311 1319 2512 136 2376 314 2062 111 12110 4038 8072 7247 1053 960 278 682 6194 5898 2637 39941 252 111 81 53 93
internal_count=64440 24499 17252 14740 2630 1311 1319 2512 136 2376 314 2062 111 12110 4038 8072 7247 1053 960 278 682 6194 5898 2637 39941 252 111 81 53 93
cat_boundaries=0 1
cat_threshold=1
is_linear=0
shrinkage=0.05


Tree=258
num_leaves=31
num_cat=1
split_feature=1 1 7 0 8 6 10 9 9 9 2 6 9 6 7 9 8 2 9 9 9 9 9 0 7 9 9 0 7 9
split_gain=2.49291 5.50582 6.81339 9.24473 4.73236 5.24981 5.17554 4.97171 4.09302 7.37789 11.6106 5.70791 11.6428 5.23917 4.27255 13.2286 6.43849 8.58172 4.17073 3.98405 6.03789 4.05563 7.0423 3.5585 3.14507 2.85116 5.94572 3.59217 2.21859 0.554266
threshold=1.0000000180025095e-35 2.5000000000000004 3.5000000000000004 3.5000000000000004 4.5000000000000009 1.5000000000000002 0 7.729166666666667 8.6041666666666696 7.5625000000000009 1.5000000000000002 5.5000000000000009 9.0625000000000018 4.5000000000000009 4.5000000000000009 5.1458333333333348 6.5000000000000009 2.5000000000000004 2.1875000000000004 12.895833333333334 12.083333333333334 11.812500000000002 11.35416666666667 1.5000000000000002 1.0000000180025095e-35 6.229166666666667 5.7708333333333348 1.5000000000000002 1.5000000000000002 4.479166666666667
decision_type=2 2 8 2 10 10 1 10 8 10 2 10 10 10 10 10 8 2 10 10 10 10 10 2 10 10 8 2 10 10
left_child=8 2 4 25 5 7 -7 -2 9 14 -11 12 -10 -12 16 29 18 -18 -1 20 21 22 -3 -17 -6 26 -4 -27 -26 -16
right_child=1 19 3 -5 24 6 -8 -9 11 10 13 -13 -14 -15 15 23 17 -19 -20 -21 -22 -23 -24 -25 28 27 -28 -29 -30 -31
leaf_value=0.0070388495483323299 -0.0021284910631989775 7.4286754913707704e-05 -0.0063312808096054052 -0.037091238934684682 0.004247847609221935 -0.0043794163852597283 0.0019832997413718099 -0.018357688251611156 -0.028881926763625373 0.0441306142996137 0.017712233960628512 -0.033083702754229304 0.021173515994674888 -0.012194595796366533 0.0075217190401061715 -0.0093252293525203575 -0.0025352913932874801 0.042718541135334159 0.0006395762211834601 -0.021192641793326899 0.026277882030064412 -0.02138480992395092 0.024305906568964322 -0.032152582822661653 -0.028043471180623575 -0.024440930956043303 0.020822301025812825 -0.0045927014553321984 -0.0092752568714786331 0.018622672574763948
leaf_weight=290 2797 56289 126 27 20 379 1793 48 21 26 32 20 26 27 23 31 20 22 2087 22 22 22 30 38 31 40 24 53 32 22
leaf_count=290 2797 56289 126 27 20 379 1793 48 21 26 32 20 26 27 23 31 20 22 2087 22 22 22 30 38 31 40 24 53 32 22
internal_value=-1.18479e-07 -6.49642e-05 -0.00159478 -0.00933526 -0.00118499 -0.00098909 0.000862015 -0.00240231 0.00149133 0.00180363 0.0162933 -0.0107117 -0.00119168 0.00402606 0.0013174 -0.00814195 0.00176319 0.0211691 0.0014203 8.07327e-05 8.90363e-05 7.88101e-05 8.71945e-05 -0.0218968 -0.0130265 -0.00625126 -0.00198671 -0.0131296 -0.0185104 0.0129489
internal_weight=64440 61755 5370 270 5100 5017 2172 2845 2685 2618 85 67 47 59 2533 114 2419 42 2377 56385 56363 56341 56319 69 83 243 150 93 63 45
internal_count=64440 61755 5370 270 5100 5017 2172 2845 2685 2618 85 67 47 59 2533 114 2419 42 2377 56385 56363 56341 56319 69 83 243 150 93 63 45
cat_boundaries=0 1
cat_threshold=1
is_linear=0
shrinkage=0.05


Tree=259
num_leaves=31
num_cat=2
split_feature=9 9 0 6 0 4 4 8 7 9 1 7 1 10 1 8 7 6 0 6 7 8 0 8 6 6 1 10 9 0
split_gain=2.48754 16.6804 29.2808 36.565 23.302 23.6362 17.1776 22.7669 20.0128 15.3693 20.5404 29.4246 31.235 24.5174 24.5702 19.0185 19.7789 24.0859 19.663 17.7334 11.7673 10.1807 20.469 13.0715 16.9118 8.92872 8.4214 13.7115 18.2972 15.8464
threshold=5.2708333333333348 5.354166666666667 12.500000000000002 7.5000000000000009 9.5000000000000018 -0.91597561503675329 1.0000000180025095e-35 5.5000000000000009 8.5000000000000018 5.1875000000000009 15.500000000000002 2.5000000000000004 5.5000000000000009 0 13.500000000000002 6.5000000000000009 3.5000000000000004 4.5000000000000009 9.5000000000000018 5.5000000000000009 14.500000000000002 16.500000000000004 8.5000000000000018 14.500000000000002 4.5000000000000009 6.5000000000000009 22.500000000000004 1 7.354166666666667 5.5000000000000009
decision_type=10 10 2 10 2 2 2 8 10 10 2 10 2 1 2 8 10 10 2 10 10 10 2 10 10 10 2 1 10 2
left_child=9 2 3 4 5 -2 7 -5 -8 20 11 12 -11 19 -15 16 -12 -18 25 -13 21 23 -23 -1 -25 -17 -3 -28 29 -29
right_child=1 26 -4 6 -6 -7 8 -9 -10 10 15 13 -14 14 -16 18 17 -19 -20 -21 -22 22 -24 24 -26 -27 27 28 -30 -31
leaf_value=-1.181031284154115e-05 0.046812713891267781 0.00042750816837700825 -0.040813357929388686 0.040710070763121955 -0.038774509564973414 0.0024286706329640275 0.075766915401838941 0.0022256629359301019 0.017111698910593987 -0.0053025500459023649 -0.010567894395678602 0.013307856551371514 0.052581958938390017 -0.023455852910410614 -0.064496598678195613 -0.0043046692935858185 0.068107669868706061 0.01345560104172263 0.033768547512590889 -0.024071022488854149 -0.020692796907320191 0.044054141237929063 -0.013202511408814677 0.011878415395891885 -0.0261979883850211 -0.035524197989048399 0.0013076527201559647 -0.01426977193320518 -0.046960676330569634 0.024175226820572729
leaf_weight=48505 32 13495 30 66 32 479 33 92 26 139 47 75 28 176 46 43 28 72 20 55 69 37 27 41 101 49 331 198 37 31
leaf_count=48505 32 13495 30 66 32 479 33 92 26 139 47 75 28 176 46 43 28 72 20 55 69 37 27 41 101 49 331 198 37 31
internal_value=-1.31127e-07 0.000566765 0.0076367 0.0095492 0.00261612 0.0052081 0.0268979 0.0183014 0.0499189 -0.000170367 -0.00714259 -0.0128818 0.00440264 -0.0210821 -0.0305822 0.00435796 0.0161845 0.0287582 -0.0111644 -0.00232726 -5.91658e-05 -2.99379e-05 0.019899 -5.61564e-05 -0.0152041 -0.0209325 0.000170423 -0.0056409 -0.0138171 -0.00906543
internal_weight=64440 14882 790 760 543 511 217 158 59 49558 778 519 167 352 222 259 147 100 112 130 48780 48711 64 48647 142 92 14092 597 266 229
internal_count=64440 14882 790 760 543 511 217 158 59 49558 778 519 167 352 222 259 147 100 112 130 48780 48711 64 48647 142 92 14092 597 266 229
cat_boundaries=0 1 2
cat_threshold=9 4
is_linear=0
shrinkage=0.05


Tree=260
num_leaves=27
num_cat=1
split_feature=0 0 5 2 2 5 6 9 1 8 8 0 2 10 8 6 9 4 7 4 7 8 7 9 6 2
split_gain=2.40603 2.46472 13.3917 17.3898 42.901 47.479 26.6093 70.7916 44.9755 20.6202 12.7361 12.8541 15.1239 13.9965 10.2938 14.7907 24.0702 28.1508 15.7234 10.8756 8.51925 24.6595 16.2412 23.1888 12.5726 5.49134
threshold=23.500000000000004 4.5000000000000009 -0.12940952255126037 5.5000000000000009 4.5000000000000009 -0.5 3.5000000000000004 3.5208333333333335 10.500000000000002 4.5000000000000009 18.500000000000004 14.500000000000002 1.0000000180025095e-35 0 12.500000000000002 8.5000000000000018 4.8125000000000009 -0.78656609248549303 7.5000000000000009 -0.98296291314453399 14.500000000000002 4.5000000000000009 12.500000000000002 4.354166666666667 9.5000000000000018 2.5000000000000004
decision_type=2 2 2 2 2 2 10 8 2 10 10 2 2 1 10 10 10 2 10 2 10 10 10 10 8 2
left_child=1 14 3 4 9 -6 7 -5 -8 -3 11 13 -13 -4 20 16 19 -18 -17 -16 22 -22 24 -24 -1 -23
right_child=-2 2 10 6 5 -7 8 -9 -10 -11 -12 12 -14 -15 15 18 17 -19 -20 -21 21 25 23 -25 -26 -27
leaf_value=9.29973473577791e-05 0.017339449618011715 -0.003160184451798199 -0.00023786979924120003 0.0071953900022669994 0.0031548122188938517 0.019188462782271182 0.010949420647016775 -0.029425262716719483 -0.0056562941679892797 0.0012168225340645283 0.029775422120526914 0.022517186274159363 -0.021993349977613739 -0.0048092307492632611 -0.031260404102504254 0.012786253286001741 0.084362896790970934 0.018662064043538911 -0.044497337548629098 0.0089689270300524586 -0.027013485457586209 0.01765983474906534 0.022323811747839734 -0.026185664867128557 0.0074717510746193597 0.049054507414499925
leaf_weight=38873 20 4038 4314 235 2026 598 576 301 1396 8065 31 22 144 2733 20 25 23 56 23 105 23 26 31 120 586 30
leaf_count=38873 20 4038 4314 235 2026 598 576 301 1396 8065 31 22 144 2733 20 25 23 56 23 105 23 26 31 120 586 30
internal_value=-1.14441e-07 -5.49773e-06 -0.000400552 0.000357632 0.00101305 0.00680882 -0.00349099 -0.0133696 -0.000805943 -0.000243506 -0.00220443 -0.00234187 -0.0160944 -0.00201792 0.000236623 0.0103102 0.016186 0.0377902 -0.0146621 0.00253223 0.000172662 0.0165757 0.000139947 -0.0162268 0.000202578 0.0344784
internal_weight=64440 64420 24479 17235 14727 2624 2508 536 1972 12103 7244 7213 166 7047 39941 252 204 79 48 125 39689 79 39610 151 39459 56
internal_count=64440 64420 24479 17235 14727 2624 2508 536 1972 12103 7244 7213 166 7047 39941 252 204 79 48 125 39689 79 39610 151 39459 56
cat_boundaries=0 1
cat_threshold=14
is_linear=0
shrinkage=0.05


Tree=261
num_leaves=31
num_cat=0
split_feature=9 9 6 0 2 2 5 4 9 4 0 1 4 2 6 1 9 4 0 6 2 8 2 6 0 9 9 2 9 1
split_gain=2.40745 8.56287 9.25848 7.72971 8.82725 10.4292 9.69811 7.2707 6.26303 7.15118 5.61956 10.4846 6.57847 5.3932 4.29539 5.9425 3.81192 5.71818 8.19682 5.30619 3.4988 3.36824 2.99597 10.1427 26.6526 18.488 5.88219 31.7434 19.5566 2.22444
threshold=1.4375000000000002 1.3958333333333337 2.5000000000000004 1.5000000000000002 1.0000000180025095e-35 1.5000000000000002 -0.70710678118654757 -0.37940952255126059 1.4791666666666667 -0.70710678118654735 1.0000000180025095e-35 10.500000000000002 -0.5 3.5000000000000004 1.0000000180025095e-35 14.500000000000002 1.5208333333333337 -0.60355339059327362 1.5000000000000002 1.0000000180025095e-35 3.5000000000000004 1.5000000000000002 1.0000000180025095e-35 6.5000000000000009 13.500000000000002 7.104166666666667 6.104166666666667 1.5000000000000002 6.0625000000000009 17.500000000000004
decision_type=8 10 10 2 2 2 2 2 8 2 2 2 2 2 10 2 8 2 2 10 2 10 2 10 2 10 10 2 10 2
left_child=1 3 7 10 -5 -6 -7 -3 9 -2 12 13 -1 -12 -11 -16 17 -10 19 -19 -14 -9 23 24 -18 -25 28 -28 -24 -13
right_child=8 2 -4 4 5 6 -8 21 16 14 11 29 20 -15 15 -17 22 18 -20 -21 -22 -23 26 25 -26 -27 27 -29 -30 -31
leaf_value=-0.023962175101041795 0.030987751766136197 -0.031426000229839705 -0.04081458730830087 -0.031264761183410886 0.021740469732987031 -0.029633779579307885 -0.0007768305425453827 -0.0076209227999915257 -0.023584282278482402 -0.010306885438245338 -0.0088612066217414725 0.043949063618977866 -0.0028704775557402643 0.018388405591249466 0.020568895589560272 -0.011679156667087229 0.0016195704628389639 0.001039869643938847 0.016925062308406555 -0.02577717342547008 0.016726789725685698 0.015179966233670711 -0.00025091417969826617 -0.0040084433500180714 0.049655089716844521 0.0083944713687706812 0.0080834937413556632 -0.00038627361702996198 -0.015690349125601712 0.022251586328019147
leaf_weight=26 33 24 27 32 35 40 107 46 42 34 46 21 62 30 50 20 6815 39 38 35 36 25 47043 1897 29 357 1364 5854 206 27
leaf_count=26 33 24 27 32 35 40 107 46 42 34 46 21 62 30 50 20 6815 39 38 35 36 25 47043 1897 29 357 1364 5854 206 27
internal_value=-1.47885e-07 -0.00319584 -0.0149777 -8.46101e-05 -0.00704686 -0.00278877 -0.00862906 -0.0076346 2.90786e-05 0.0107082 0.00592314 0.0134497 -0.0016034 0.00189522 0.00427334 0.0113552 6.11777e-06 -0.00785087 -0.00195084 -0.0116439 0.00432852 0.000407559 2.5153e-05 0.000865045 0.00182311 -0.00204401 -0.00011514 0.00121428 -0.000318228 0.0317442
internal_weight=64440 584 122 462 214 182 147 95 63856 137 248 124 124 76 104 70 63719 154 112 74 98 71 63565 9098 6844 2254 54467 7218 47249 48
internal_count=64440 584 122 462 214 182 147 95 63856 137 248 124 124 76 104 70 63719 154 112 74 98 71 63565 9098 6844 2254 54467 7218 47249 48
is_linear=0
shrinkage=0.05


Tree=262
num_leaves=30
num_cat=2
split_feature=7 9 8 6 0 6 7 8 9 4 7 4 10 4 2 6 10 0 0 9 7 0 9 8 6 8 0 6 8
split_gain=2.36037 2.42107 21.2246 36.1276 51.0816 36.9286 43.2708 14.8701 12.9796 31.9829 41.6944 31.3296 10.4447 28.0834 11.9592 8.04445 35.6055 38.0242 82.6502 34.165 30.6879 21.4309 9.44087 22.2373 31.0757 20.7821 20.1911 7.78908 7.59114
threshold=22.500000000000004 6.8958333333333348 16.500000000000004 14.500000000000002 12.500000000000002 12.500000000000002 13.500000000000002 23.500000000000004 7.0625000000000009 -0.70710678118654735 6.5000000000000009 0.91597561503675362 0 -0.98296291314453399 1.5000000000000002 14.500000000000002 1 10.500000000000002 8.5000000000000018 4.979166666666667 7.5000000000000009 12.500000000000002 6.479166666666667 14.500000000000002 10.500000000000002 6.5000000000000009 18.500000000000004 13.500000000000002 6.5000000000000009
decision_type=10 10 8 10 2 10 10 8 10 2 10 2 1 2 2 10 1 2 2 10 10 2 10 10 10 10 2 10 8
left_child=1 15 8 5 -5 6 -4 -7 9 10 -3 -11 14 -14 -10 22 17 18 -17 28 -21 -19 26 25 -25 -24 27 -1 -18
right_child=-2 2 3 4 -6 7 -8 -9 12 11 -12 -13 13 -15 -16 16 19 21 -20 20 -22 -23 23 24 -26 -27 -28 -29 -30
leaf_value=-1.0911971317305118e-06 -0.012625234100866961 0.070432305535258241 -0.023040727429175178 0.0061568935513496396 -0.089231324574211623 0.069500787094945005 0.028773022837524947 0.0092594864033162597 0.0069300582685229402 -0.0042156941669765167 0.012137683749930045 0.03560416935140203 -0.054129988755340933 -0.0023139262608398337 0.00028846543159646295 0.046999338464645136 0.05097655799578537 0.10136391868193945 -0.049303392743742146 -0.042567928461357957 0.0063023923799909402 0.034016829011616886 -0.00071646271727718834 0.044425828338545914 -0.027843211573504268 -0.012559324871255165 0.049002429842948919 -0.010304966973300274 0.0094403083182194036
leaf_weight=57269 37 43 179 25 32 21 52 20 970 333 107 58 27 830 2250 56 22 21 37 72 58 27 1010 51 21 585 21 184 22
leaf_count=57269 37 43 179 25 32 21 52 20 970 333 107 58 27 830 2250 56 22 21 37 72 58 27 1010 51 21 585 21 184 22
internal_value=-1.40479e-07 7.11273e-06 0.0010699 -0.0112002 -0.0473944 -0.00361539 -0.011377 0.0401148 0.00194406 0.00922096 0.0288488 0.00169109 0.000978449 -0.00390089 0.00228211 -8.1316e-05 0.00788779 0.0255287 0.00868535 -0.00744664 -0.0207642 0.0634812 -0.000123761 -0.00383313 0.0233474 -0.00506008 -1.61735e-05 -3.40906e-05 0.0302084
internal_weight=64440 64403 4947 329 57 272 231 41 4618 541 150 391 4077 857 3220 59456 315 141 93 174 130 48 59141 1667 72 1595 57474 57453 44
internal_count=64440 64403 4947 329 57 272 231 41 4618 541 150 391 4077 857 3220 59456 315 141 93 174 130 48 59141 1667 72 1595 57474 57453 44
cat_boundaries=0 1 2
cat_threshold=5 4
is_linear=0
shrinkage=0.05


Tree=263
num_leaves=31
num_cat=0
split_feature=1 0 0 7 8 9 8 1 9 9 0 9 9 5 9 9 9 8 1 9 5 9 8 7 8 8 8 9 0 9
split_gain=2.37558 18.3243 16.0219 7.12888 14.4849 24.8173 15.7459 22.5773 46.8157 27.1583 17.8832 21.0305 15.7261 12.6079 11.4226 7.24388 7.11382 16.4078 10.2985 9.22763 7.6657 6.56728 6.54983 6.40862 46.408 6.34575 5.21217 11.126 4.82749 4.22772
threshold=7.5000000000000009 10.500000000000002 9.5000000000000018 2.5000000000000004 14.500000000000002 4.8958333333333348 10.500000000000002 14.500000000000002 4.6458333333333348 3.3958333333333335 11.500000000000002 3.8958333333333335 3.0208333333333335 -0.9159756150367534 2.1458333333333335 1.6458333333333337 1.7708333333333337 4.5000000000000009 12.500000000000002 1.8541666666666667 -0.70710678118654757 2.1458333333333335 11.500000000000002 7.5000000000000009 7.5000000000000009 9.5000000000000018 4.5000000000000009 1.5625000000000002 2.5000000000000004 1.3958333333333337
decision_type=2 2 2 10 8 10 10 2 10 10 2 10 8 2 10 10 10 10 2 10 2 10 10 10 10 10 10 10 2 10
left_child=1 2 22 4 6 12 10 9 -9 -8 14 -12 -6 -14 -2 26 17 20 -19 28 -17 -21 23 25 -25 -1 29 -28 -18 -5
right_child=3 -3 -4 15 5 -7 7 8 -10 -11 11 -13 13 -15 -16 16 19 18 -20 21 -22 -23 -24 24 -26 -27 27 -29 -30 -31
leaf_value=-0.00043691504922526038 -0.0021890989529635345 -0.033423350520786786 0.039639228403568268 0.0065791657256583369 0.042787653034819025 0.068191096233204004 -0.061654359102249146 0.030406017844668693 -0.052352414965629583 -0.0021397627579669161 0.05246035496930819 0.0045306694279618875 -0.032109463603600216 0.0089088624894231704 0.0021935568512242692 0.014806290093015451 -0.0027755436458392069 0.057271158188581466 0.0097753496042319726 0.0041916605493045435 -0.0084813405232991839 -0.00015968903132334991 -0.029011595621705057 -0.0016924026725423889 0.064768982474361692 -0.023449130480488144 -0.0045582860694932089 -0.050593444208304084 -0.018360411974847841 -0.0090108749388917529
leaf_weight=21160 1909 42 25 60 28 20 41 54 25 36 37 60 23 101 6721 61 96 25 21 891 84 32350 20 172 31 30 35 21 103 158
leaf_count=21160 1909 42 25 60 28 20 41 54 25 36 37 60 23 101 6721 61 96 25 21 891 84 32350 20 172 31 30 35 21 103 158
internal_value=-1.3345e-07 -0.000429464 -0.000364824 0.000214532 0.00146087 0.0158323 0.0011826 -0.0145625 0.00421664 -0.0338294 0.00146405 0.0228131 0.00894297 0.00130062 0.00122409 -0.000118328 -5.23604e-05 0.0095697 0.0355883 -0.000107319 0.00131552 -4.30544e-05 -0.00041153 -0.000384792 0.00845687 -0.000469495 -0.00821522 -0.0218215 -0.0108421 -0.00472004
internal_weight=64440 21480 21438 42960 9055 172 8883 156 79 77 8727 97 152 124 8630 33905 33631 191 46 33440 145 33241 21413 21393 203 21190 274 56 199 218
internal_count=64440 21480 21438 42960 9055 172 8883 156 79 77 8727 97 152 124 8630 33905 33631 191 46 33440 145 33241 21413 21393 203 21190 274 56 199 218
is_linear=0
shrinkage=0.05


Tree=264
num_leaves=11
num_cat=0
split_feature=8 8 2 6 0 9 9 0 7 7
split_gain=2.35087 3.38503 12.8934 3.16918 3.13734 27.7557 53.9417 5.17681 44.5838 3.48561
threshold=23.500000000000004 20.500000000000004 4.5000000000000009 23.500000000000004 18.500000000000004 6.729166666666667 7.979166666666667 16.500000000000004 14.500000000000002 21.500000000000004
decision_type=10 10 2 8 2 10 10 2 10 10
left_child=1 3 -3 4 7 -6 -7 9 -9 -1
right_child=-2 2 -4 -5 5 6 -8 8 -10 -11
leaf_value=-1.9476822893060687e-05 0.01713951248675585 0.00895691528916359 -0.040801492851713431 0.018170857879643641 0.033312733690528305 -0.061693361862045194 0.0060065959662418157 -0.0009929178587797672 0.069125655952554488 0.013601872943183211
leaf_weight=63929 20 30 23 24 34 45 85 177 26 47
leaf_count=63929 20 30 23 24 34 45 85 177 26 47
internal_value=-1.26768e-07 -5.44798e-06 -0.0126364 4.95235e-06 -1.82355e-06 -0.00690858 -0.017428 1.58257e-05 0.00798779 -9.46989e-06
internal_weight=64440 64420 53 64367 64343 164 130 64179 203 63976
internal_count=64440 64420 53 64367 64343 164 130 64179 203 63976
is_linear=0
shrinkage=0.05


Tree=265
num_leaves=30
num_cat=1
split_feature=7 0 5 9 7 2 2 7 9 6 7 9 10 9 9 1 6 7 1 7 9 1 9 8 8 7 9 7 2
split_gain=2.43125 2.27481 9.38852 13.0169 23.5483 21.9855 18.2818 16.851 12.5728 5.98057 8.19509 5.81282 7.64517 4.88531 4.65062 4.4796 6.41103 5.9287 5.09153 8.82326 23.4281 5.65518 5.55342 7.22915 4.80566 4.56493 4.55754 4.43567 1.58461
threshold=22.500000000000004 1.0000000180025095e-35 0.25881904510252057 2.3125000000000004 1.5000000000000002 5.5000000000000009 4.5000000000000009 2.5000000000000004 3.1041666666666674 5.5000000000000009 1.5000000000000002 9.3541666666666696 0 4.8958333333333348 2.1458333333333335 1.0000000180025095e-35 5.5000000000000009 1.5000000000000002 4.5000000000000009 1.0000000180025095e-35 6.479166666666667 5.5000000000000009 3.0625000000000004 3.5000000000000004 6.5000000000000009 5.5000000000000009 6.8125000000000009 1.0000000180025095e-35 2.5000000000000004
decision_type=10 2 2 8 10 2 2 8 10 10 10 10 1 10 10 2 8 8 2 8 10 2 8 8 8 10 10 10 2
left_child=1 2 3 4 14 -6 7 -5 -8 11 -11 12 -4 -12 -1 16 24 -18 22 20 -20 -21 27 -24 25 -3 -19 -17 -26
right_child=-2 15 9 6 5 -7 8 -9 -10 10 13 -13 -14 -15 -16 18 17 26 19 21 -22 -23 23 -25 28 -27 -28 -29 -30
leaf_value=-0.017332069826636303 -0.012813371641410366 0.0022969979378446551 -0.0055189156082633417 0.0064450001503275935 0.007827651122447531 0.060730455951257194 -0.0073075841347698444 -0.012040454023203468 -0.033215558371162628 -0.006698893049829885 0.011481183965224774 0.023297927229521939 0.00021828758489380131 0.039321322015558297 0.0068658552345975 -0.0060912615702013277 0.012595197737768847 -0.0051693993953189684 0.0041687801926731834 0.0031119352368460529 -0.031912237992915121 -3.9698632760828338e-05 9.8799263681684506e-05 -0.0073566494148523945 0.0084697352582588786 0.017313958353434616 -0.026432921035614398 -0.00092134581006051884 0.027189839606244978
leaf_weight=115 37 1889 640 215 183 22 81 289 111 38 40 26 5442 26 24 921 27 63 2050 1470 46 44861 4579 350 20 52 42 755 26
leaf_count=115 37 1889 640 215 183 22 81 289 111 38 40 26 5442 26 24 921 27 63 2050 1470 46 44861 4579 350 20 52 42 755 26
internal_value=-1.20461e-07 7.24085e-06 -0.000826963 -0.00522378 0.00273291 0.013505 -0.0091564 -0.00415479 -0.0222856 -9.08566e-05 0.0117985 -0.000293295 -0.000394145 0.0224485 -0.013154 0.000113095 0.002369 -0.0083014 2.62314e-05 0.000203846 0.00337693 6.02971e-05 -0.00127602 -0.0004306 0.00307785 0.00269931 -0.0136748 -0.00376233 0.0190507
internal_weight=64440 64403 7252 1040 344 205 696 504 192 6212 104 6108 6082 66 139 57151 2119 132 55032 48427 2096 46331 6605 4929 1987 1941 105 1676 46
internal_count=64440 64403 7252 1040 344 205 696 504 192 6212 104 6108 6082 66 139 57151 2119 132 55032 48427 2096 46331 6605 4929 1987 1941 105 1676 46
cat_boundaries=0 1
cat_threshold=4
is_linear=0
shrinkage=0.05


Tree=266
num_leaves=25
num_cat=1
split_feature=0 0 5 9 2 2 7 10 8 1 9 0 7 8 9 9 9 8 4 4 7 7 9 6
split_gain=2.277 2.32744 12.2684 16.001 16.0826 35.428 33.4585 11.5417 24.3843 22.7204 15.3446 12.9628 10.4602 9.73349 31.7879 33.3336 72.8807 32.8945 11.1455 6.49057 5.91167 10.3306 15.0594 9.19677
threshold=23.500000000000004 4.5000000000000009 -0.12940952255126037 11.35416666666667 5.5000000000000009 4.5000000000000009 18.500000000000004 0 8.5000000000000018 19.500000000000004 2.6875000000000004 14.500000000000002 4.5000000000000009 9.5000000000000018 7.1458333333333348 5.8958333333333348 5.604166666666667 10.500000000000002 0.37940952255126054 -0.98296291314453399 15.500000000000002 11.500000000000002 4.5625000000000009 9.5000000000000018
decision_type=2 2 2 10 2 2 8 1 10 2 8 2 10 10 10 10 10 10 2 2 10 10 10 10
left_child=1 13 3 4 5 -3 -6 8 9 -4 19 -12 -10 20 15 16 -15 -17 -16 -9 21 23 -23 -1
right_child=-2 2 7 -5 6 -7 -8 10 12 -11 11 -13 -14 14 18 17 -18 -19 -20 -21 -22 22 -24 -25
leaf_value=6.5407484419959081e-05 0.01686806654557586 -0.00024514104700681521 -0.016366969138738655 0.03363592132615547 -0.0029265403931082266 0.0061731653469463323 -0.067858457341790204 -0.0023342992877587675 -0.003651298238481912 -0.00091481023798589656 -0.00032997759936948212 -0.014544817995223584 0.030775215065008715 0.0026356335689943083 0.06555220583729722 -0.065961286954341392 0.061638623189563604 -0.0062409218193756211 0.018722989813735089 -0.017843515017011671 0.019559990041531052 0.0062896697400984447 -0.017895021417643875 0.0069316934905889697
leaf_weight=38097 20 12092 525 36 2472 2615 20 104 36 435 5730 165 57 800 27 31 56 90 24 192 39 99 184 494
leaf_count=38097 20 12092 525 36 2472 2615 20 104 36 435 5730 165 57 800 27 31 56 90 24 192 39 99 184 494
internal_value=-1.55545e-07 -5.3925e-06 -0.000389287 0.000336403 0.000266702 0.000896075 -0.00344766 -0.00211585 -0.0069312 -0.00936521 -0.00128357 -0.000727848 0.0174488 0.000229888 0.00503215 0.00302332 0.00649564 -0.0215412 0.0435149 -0.0123943 0.000103023 8.35026e-05 -0.00943465 0.000153302
internal_weight=64440 64420 24479 17235 17199 14707 2492 7244 1053 960 6191 5895 93 39941 1028 977 856 121 51 296 38913 38874 283 38591
internal_count=64440 64420 24479 17235 17199 14707 2492 7244 1053 960 6191 5895 93 39941 1028 977 856 121 51 296 38913 38874 283 38591
cat_boundaries=0 1
cat_threshold=1
is_linear=0
shrinkage=0.05


Tree=267
num_leaves=31
num_cat=1
split_feature=4 6 9 8 2 8 7 7 8 9 6 0 9 1 8 8 9 6 8 8 10 0 9 9 8 0 9 9 4 9
split_gain=2.37783 8.55918 15.2166 10.1171 16.3342 12.3471 9.90469 9.76538 18.6652 13.5979 30.3383 20.6183 12.1608 14.094 29.4251 12.2081 26.6834 15.0072 11.1526 9.50937 5.89394 15.3359 14.1975 12.8342 10.6089 10.2141 10.4991 8.30184 17.4633 6.47454
threshold=-0.78656609248549303 1.0000000180025095e-35 3.3958333333333335 2.5000000000000004 2.5000000000000004 4.5000000000000009 4.5000000000000009 2.5000000000000004 15.500000000000002 3.2291666666666674 2.5000000000000004 5.5000000000000009 2.6041666666666674 19.500000000000004 9.5000000000000018 5.5000000000000009 5.8958333333333348 8.5000000000000018 5.5000000000000009 3.5000000000000004 0 8.5000000000000018 5.0625000000000009 2.5208333333333335 2.5000000000000004 10.500000000000002 3.1458333333333335 2.6041666666666674 0.91597561503675362 2.4375000000000004
decision_type=2 10 8 8 2 10 10 8 8 10 10 2 8 2 10 8 10 10 10 8 1 2 10 10 10 2 10 8 2 10
left_child=1 2 3 4 -1 19 -7 8 9 11 -11 -3 13 14 -9 16 -14 -17 -15 -5 21 22 27 -23 -24 26 -25 29 -29 -2
right_child=20 7 -4 5 -6 6 -8 12 -10 10 -12 -13 15 18 -16 17 -18 -19 -20 -21 -22 23 24 25 -26 -27 -28 28 -30 -31
leaf_value=-0.0068964442453132227 -0.00029567039158986128 0.0030157412693972846 0.050801393283264974 0.00011979963958517395 0.045423046478203367 -0.00052733043345009418 0.039402773238718512 -0.0059019656356257564 0.050515044374125344 0.051654042895787802 0.0062508861484149338 -0.013520731939117245 0.0011776917646867395 0.0011463216524295913 -0.061898757206896943 0.00067416973058051456 0.014707094020595744 -0.0049387993052050407 0.028913565612906086 -0.035702327825129034 0.00011287193523447546 0.0085933804356803489 -0.0073951089271792657 -0.013921453010651372 -0.054779456183314326 -0.0034973624747778689 -0.051911441101269287 -0.0011082948084313955 -0.0096346605477491999 0.0044650762555586317
leaf_weight=26 4673 1088 21 44 35 41 25 1043 21 39 650 228 3997 203 24 3709 401 1754 44 32 40812 36 27 31 21 35 44 3779 714 843
leaf_count=26 4673 1088 21 44 35 41 25 1043 21 39 650 228 3997 203 24 3709 401 1754 44 32 40812 36 27 31 21 35 44 3779 714 843
internal_value=-1.47763e-07 0.000591924 0.0102838 0.00609234 0.0231229 -0.00122362 0.0145977 0.000427468 0.00362132 0.00313017 0.00882088 0.00015076 -0.00015157 -0.00467003 -0.0071615 0.000450524 0.00241127 -0.00112798 0.00609271 -0.0149632 -0.000155956 -0.00123017 -0.000997816 -0.01732 -0.0281258 -0.0258007 -0.0362089 -0.000867719 -0.00246325 0.000431906
internal_weight=64440 13425 224 203 61 142 66 13201 2026 2005 689 1316 11175 1314 1067 9861 4398 5463 247 76 51015 10203 10057 146 48 110 75 10009 4493 5516
internal_count=64440 13425 224 203 61 142 66 13201 2026 2005 689 1316 11175 1314 1067 9861 4398 5463 247 76 51015 10203 10057 146 48 110 75 10009 4493 5516
cat_boundaries=0 1
cat_threshold=2
is_linear=0
shrinkage=0.05


Tree=268
num_leaves=25
num_cat=0
split_feature=8 7 9 7 8 0 8 9 2 8 2 6 9 6 7 9 6 6 8 0 9 0 7 7
split_gain=2.28796 20.4558 102.272 65.3078 45.6888 67.6514 40.5398 38.4308 35.0632 34.1799 30.9317 29.7283 21.5767 19.0734 14.998 14.3714 13.4639 7.00599 5.47896 32.6654 28.0766 23.0963 12.8853 7.41851
threshold=14.500000000000002 9.5000000000000018 7.3958333333333348 10.500000000000002 15.500000000000002 6.5000000000000009 16.500000000000004 6.5625000000000009 4.5000000000000009 16.500000000000004 3.5000000000000004 13.500000000000002 6.6875000000000009 8.5000000000000018 2.5000000000000004 4.854166666666667 23.500000000000004 21.500000000000004 13.500000000000002 12.500000000000002 7.229166666666667 10.500000000000002 21.500000000000004 19.500000000000004
decision_type=10 10 10 10 10 2 10 10 2 10 2 10 10 10 10 10 8 10 10 2 10 2 10 10
left_child=16 2 7 9 8 -6 -4 14 12 13 -9 -7 -5 -3 -2 -16 17 18 22 21 -21 -20 23 -1
right_child=1 3 6 4 5 11 -8 10 -10 -11 -12 -13 -14 -15 15 -17 -18 -19 19 20 -22 -23 -24 -25
leaf_value=-9.1907793117666539e-06 0.028377834965403265 0.055280534036102752 -0.035720305034407866 -0.050628540851175789 0.070076558469898173 -0.015932675061169368 -0.1260540099247642 0.07907485846444616 -0.084207644342229923 0.08747427759151305 0.0069301399091879533 0.029115144771580795 0.011291491968885941 -0.0087867647122878301 0.0026297612376195399 -0.019477448630600403 0.041052036508917811 -0.024983900708113134 0.0052760256117951113 0.0021920153172686695 -0.067759041036837372 0.037755460277505558 0.028725253439580017 -0.020546973172829233
leaf_weight=63041 26 21 27 24 36 145 23 24 26 31 39 49 34 26 118 195 20 28 299 32 26 67 39 44
leaf_count=63041 26 21 27 24 36 145 23 24 26 31 39 49 34 26 118 195 20 28 299 32 26 67 39 44
internal_value=-1.39502e-07 -0.00258633 -0.00983537 0.00577226 -0.0043994 0.00712678 -0.0772738 -0.0014475 -0.0359592 0.0467197 0.0344138 -0.00455462 -0.0143306 0.019839 -0.008112 -0.0111431 3.41825e-05 2.12789e-05 3.22965e-05 0.00569707 -0.0291654 0.0112217 -5.7534e-06 -2.35153e-05
internal_weight=64440 844 452 392 314 230 50 402 84 78 63 194 58 47 339 313 63596 63576 63548 424 58 366 63124 63085
internal_count=64440 844 452 392 314 230 50 402 84 78 63 194 58 47 339 313 63596 63576 63548 424 58 366 63124 63085
is_linear=0
shrinkage=0.05


Tree=269
num_leaves=28
num_cat=1
split_feature=7 9 8 6 6 1 5 0 2 2 5 9 0 6 10 0 0 9 7 2 0 9 8 8 8 0 6
split_gain=2.54821 2.2892 20.0081 40.6712 84.199 39.754 13.2936 21.6918 102.075 24.6402 21.0899 30.9728 14.3488 7.09087 32.2853 34.3084 74.5265 31.4185 37.4757 23.608 19.2853 8.46612 19.0425 29.8456 18.4378 16.9791 7.1806
threshold=22.500000000000004 6.8958333333333348 16.500000000000004 14.500000000000002 12.500000000000002 14.500000000000002 -0.98296291314453399 10.500000000000002 4.5000000000000009 4.5000000000000009 -0.78656609248549325 7.1458333333333348 21.500000000000004 14.500000000000002 0 10.500000000000002 8.5000000000000018 6.1458333333333348 7.5000000000000009 2.5000000000000004 12.500000000000002 6.479166666666667 14.500000000000002 18.500000000000004 6.5000000000000009 18.500000000000004 13.500000000000002
decision_type=10 10 10 10 10 2 2 2 2 2 2 10 2 10 1 2 2 10 10 2 2 10 10 10 10 2 8
left_child=1 13 6 4 5 -4 7 8 -3 -9 11 -8 -12 21 15 16 -15 19 -19 -16 -17 25 24 -24 -23 26 -1
right_child=-2 2 3 -5 -6 -7 10 9 -10 -11 12 -13 -14 14 17 20 -18 18 -20 -21 -22 22 23 -25 -26 -27 -28
leaf_value=-8.6795937978780387e-07 -0.013117969781160355 0.052127855952749859 -0.052092207450081002 -0.068056571868158153 0.079708229470998052 0.016683405267951243 0.032434118025034202 -0.044944061838429084 -0.074609125747034946 0.0060286520602735316 0.00045414431844672301 0.0051467472151528644 0.041895286171209245 0.044584796710738117 -0.023614871592783346 0.096188528942210347 -0.046862724856347654 -0.083991507798433312 -0.0017126466478070907 0.023353242748356484 0.032301568653848436 -0.00067519607184348763 0.044284207102221751 -0.024004706895599762 -0.011830099043237348 0.044934380622137164 -0.0097627798764271644
leaf_weight=57264 37 47 55 31 24 34 127 66 24 37 3907 574 21 56 41 21 37 25 31 77 27 1010 48 24 585 21 189
leaf_count=57264 37 47 55 31 24 34 127 66 24 37 3907 574 21 56 41 21 37 25 31 77 27 1010 48 24 585 21 189
internal_value=-1.32518e-07 7.40378e-06 0.00104084 -0.0173236 -0.00340565 -0.0258184 0.00159143 -0.0119762 0.00928719 -0.0266335 0.00210143 0.0100904 0.000675698 -7.8583e-05 0.0074033 0.0242048 0.00820245 -0.00718962 -0.0384443 0.00703381 0.0602521 -0.000118433 -0.00363109 0.0215212 -0.00476649 -1.65509e-05 -3.29812e-05
internal_weight=64440 64403 4947 144 113 89 4803 174 71 103 4629 701 3928 59456 315 141 93 174 56 118 48 59141 1667 72 1595 57474 57453
internal_count=64440 64403 4947 144 113 89 4803 174 71 103 4629 701 3928 59456 315 141 93 174 56 118 48 59141 1667 72 1595 57474 57453
cat_boundaries=0 1
cat_threshold=4
is_linear=0
shrinkage=0.05


Tree=270
num_leaves=25
num_cat=1
split_feature=7 2 7 9 9 5 7 8 0 10 9 2 9 1 7 9 6 1 2 0 6 9 6 7
split_gain=2.29976 2.29242 10.0376 12.0329 28.0649 34.2255 24.0891 70.3443 31.6411 16.1334 6.00467 25.8475 21.4278 47.8095 44.4506 17.4939 25.4504 31.3408 17.9725 50.4652 16.9717 26.3395 23.2778 16.7011
threshold=22.500000000000004 1.0000000180025095e-35 17.500000000000004 6.229166666666667 5.6875000000000009 -0.98296291314453399 12.500000000000002 7.5000000000000009 10.500000000000002 0 6.104166666666667 1.5000000000000002 6.354166666666667 9.5000000000000018 10.500000000000002 6.0625000000000009 9.5000000000000018 14.500000000000002 1.5000000000000002 13.500000000000002 19.500000000000004 8.9375000000000018 17.500000000000004 15.500000000000002
decision_type=10 2 10 10 10 2 10 10 2 1 10 2 10 2 10 10 10 2 2 2 10 10 10 10
left_child=1 2 3 4 9 -6 8 -8 -5 -1 15 12 13 -12 -14 18 17 -17 19 -3 22 -22 -13 -20
right_child=-2 10 -4 6 5 -7 7 -9 -10 -11 11 20 14 -15 -16 16 -18 -19 23 -21 21 -23 -24 -25
leaf_value=-0.004204365459648726 -0.012462073433640843 -0.0027553826800418998 0.026048640314585127 -0.005718107466399381 0.070623492263257509 0.0095624920609051669 -0.069863869525635475 0.0018337239441461864 0.016683899533307674 0.0016517924482557121 -0.0042145305363969375 -0.000308021110581425 0.010338688554744171 0.039630778222116872 -0.012576531977764191 -0.020471100983940844 -0.053702392716492936 0.026870766631802736 0.00021132925167982524 0.053551858067512517 0.0058222196392110877 -0.053838430723880198 0.025462890037576139 -0.025971033192071759
leaf_weight=1450 37 7678 39 805 24 524 52 100 196 6042 110 5667 822 143 285 122 35 49 39996 40 37 37 89 61
leaf_count=1450 37 7678 39 805 24 524 52 100 196 6042 110 5667 822 143 285 122 35 49 39996 40 37 37 89 61
internal_value=-1.25922e-07 7.03356e-06 0.000736276 0.000628892 0.00131393 0.0122367 -0.00414795 -0.0226944 -0.0013317 0.000514986 -0.000114994 0.00123251 0.00743948 0.0205676 0.00443911 -0.000316918 -0.0148563 -0.0069053 -0.000254226 -0.00246356 -0.00021543 -0.0240081 9.0452e-05 0.000171458
internal_weight=64440 64403 9232 9193 8040 548 1153 152 1001 7492 55171 7190 1360 253 1107 47981 206 171 47775 7718 5830 74 5756 40057
internal_count=64440 64403 9232 9193 8040 548 1153 152 1001 7492 55171 7190 1360 253 1107 47981 206 171 47775 7718 5830 74 5756 40057
cat_boundaries=0 1
cat_threshold=16
is_linear=0
shrinkage=0.05


Tree=271
num_leaves=10
num_cat=0
split_feature=8 8 2 6 8 9 5 6 8
split_gain=2.28375 3.08462 11.3898 2.87577 3.25864 28.0256 30.83 5.68141 5.55112
threshold=23.500000000000004 20.500000000000004 4.5000000000000009 23.500000000000004 17.500000000000004 8.3125000000000018 -0.78656609248549325 21.500000000000004 16.500000000000004
decision_type=10 10 2 8 10 10 2 10 10
left_child=1 3 -3 4 7 6 -6 8 -1
right_child=-2 2 -4 -5 5 -7 -8 -9 -10
leaf_value=1.0184968908967885e-05 0.016893051359802486 0.0082324405883749327 -0.038534864264985792 0.017309105085829894 -0.023412993925280477 0.059580878473140975 0.021333945697794357 -0.021774391985187928 -0.010536815958842635
leaf_weight=64012 20 30 23 24 76 22 78 30 125
leaf_count=64012 20 30 23 24 76 22 78 30 125
internal_value=-1.39402e-07 -5.38411e-06 -0.0120628 4.54401e-06 -1.9106e-06 0.00679227 -0.00074896 -2.0546e-05 -1.03706e-05
internal_weight=64440 64420 53 64367 64343 176 154 64167 64137
internal_count=64440 64420 53 64367 64343 176 154 64167 64137
is_linear=0
shrinkage=0.05


Tree=272
num_leaves=11
num_cat=0
split_feature=7 7 7 9 9 8 4 9 1 0
split_gain=2.19791 3.65945 4.0799 20.1636 3.47091 18.8185 30.2935 4.71318 20.724 4.56509
threshold=23.500000000000004 21.500000000000004 19.500000000000004 7.9375000000000009 10.312500000000002 11.500000000000002 -0.60355339059327362 10.062500000000002 13.500000000000002 22.500000000000004
decision_type=10 10 10 10 10 10 2 10 2 2
left_child=1 2 4 -4 7 6 -6 9 -9 -1
right_child=-2 -3 3 -5 5 -7 -8 8 -10 -11
leaf_value=6.9747938263716424e-06 -0.016572805047035215 0.016650997237725694 -0.053577862456440931 0.0096920136184267258 0.047751113569930843 -0.025875392632606704 0.0016783725124719384 0.010410764802466423 -0.051041983327139988 -0.020186473881559714
leaf_weight=64004 20 33 20 34 46 39 159 34 23 28
leaf_count=64004 20 33 20 34 46 39 159 34 23 28
internal_value=-1.32465e-07 5.01273e-06 -3.51877e-06 -0.0137413 8.01247e-06 0.00596013 0.0120166 -1.46485e-05 -0.014386 -1.85542e-06
internal_weight=64440 64420 64387 54 64333 244 205 64089 57 64032
internal_count=64440 64420 64387 54 64333 244 205 64089 57 64032
is_linear=0
shrinkage=0.05


Tree=273
num_leaves=15
num_cat=0
split_feature=0 0 8 5 7 9 8 6 7 8 9 6 1 9
split_gain=2.31742 2.39074 31.9935 29.1467 27.1504 15.7702 5.53682 4.98114 38.6634 57.0413 40.2107 5.62677 57.1205 5.23411
threshold=23.500000000000004 18.500000000000004 10.500000000000002 -0.9159756150367534 8.5000000000000018 7.979166666666667 22.500000000000004 15.500000000000002 9.5000000000000018 7.5000000000000009 7.4375000000000009 14.500000000000002 18.500000000000004 6.8958333333333348
decision_type=2 2 10 2 10 10 10 10 10 10 8 8 2 10
left_child=1 6 4 -4 -3 -6 7 11 10 -10 -9 13 -13 -1
right_child=-2 2 3 -5 5 -7 -8 8 9 -11 -12 12 -14 -15
leaf_value=-0.00011260009883052029 0.017017145454883576 0.017194101615593985 -0.019139548519160599 0.050334541701401274 -0.071465493259685375 -0.020793741796275272 -0.019593916233215068 0.0075131760012903592 -0.014770475592188262 0.036671396164420229 -0.031888210933620688 0.0051573573191893369 -0.051105807554619069 0.0016802811722217037
leaf_weight=59088 20 26 26 36 28 34 36 164 81 161 107 203 58 4372
leaf_count=59088 20 26 26 36 28 34 36 164 81 161 107 203 58 4372
internal_value=-1.25812e-07 -5.40904e-06 -0.00631039 0.0212002 -0.0256929 -0.0436778 9.30619e-06 2.02928e-05 0.0049275 0.0194532 -0.00804383 -1.92137e-05 -0.00734557 1.09183e-05
internal_weight=64440 64420 150 62 88 62 64270 64234 513 242 271 63721 261 63460
internal_count=64440 64420 150 62 88 62 64270 64234 513 242 271 63721 261 63460
is_linear=0
shrinkage=0.05


Tree=274
num_leaves=20
num_cat=1
split_feature=8 8 0 6 10 6 5 9 1 9 6 6 9 9 6 6 8 0 7
split_gain=2.31289 2.83873 15.8391 28.2707 32.5468 32.9324 25.544 22.6421 57.0348 46.0073 51.4379 47.4743 39.3359 38.0151 12.2913 5.29706 4.74127 30.1129 11.7564
threshold=23.500000000000004 14.500000000000002 9.5000000000000018 13.500000000000002 0 8.5000000000000018 -0.5 6.9375000000000009 10.500000000000002 8.3541666666666696 11.500000000000002 14.500000000000002 5.8125000000000009 6.5625000000000009 23.500000000000004 21.500000000000004 13.500000000000002 12.500000000000002 21.500000000000004
decision_type=10 10 2 10 1 10 2 10 2 10 10 10 10 10 8 10 10 2 10
left_child=1 14 3 4 6 -6 -3 8 12 10 -9 -11 -4 -10 15 16 18 -18 -1
right_child=-2 2 7 -5 5 -7 -8 9 13 11 -12 -13 -14 -15 -16 -17 17 -19 -20
leaf_value=-2.2727445485237865e-05 0.017000531349331143 -0.020173194135397511 0.0027495589431213298 0.057348152347232985 0.036697202167929488 -0.03255870957814512 0.0086513419184043559 -0.072720248331611476 -0.026335862672443058 0.04732250485930739 -0.0065441603416746324 -0.033388867718832836 0.094254318407426277 0.047024915686675481 0.039223339520394807 -0.02172261781524867 0.010603679876896692 -0.028173356214217071 0.02743779851649052
leaf_weight=63085 20 184 23 23 94 21 132 63 111 38 55 35 24 21 20 28 366 58 39
leaf_count=63085 20 184 23 23 94 21 132 63 111 38 55 35 24 21 20 28 366 58 39
internal_value=-1.19539e-07 -5.39761e-06 -0.0029213 0.00333683 0.000454556 0.0221264 -0.0078831 -0.0106002 0.00217646 -0.0225741 -0.0418755 0.00862527 0.0494754 -0.0146648 3.23832e-05 2.00543e-05 2.96344e-05 0.00529927 -5.76147e-06
internal_weight=64440 64420 824 454 431 115 316 370 179 191 118 73 47 132 63596 63576 63548 424 63124
internal_count=64440 64420 824 454 431 115 316 370 179 191 118 73 47 132 63596 63576 63548 424 63124
cat_boundaries=0 1
cat_threshold=12
is_linear=0
shrinkage=0.05


Tree=275
num_leaves=29
num_cat=1
split_feature=7 4 9 0 8 1 8 7 6 9 6 6 7 6 0 8 10 7 0 0 7 0 8 7 2 8 2 6
split_gain=2.54743 2.17097 8.52513 25.8146 27.062 33.6339 31.5888 25.1749 32.4303 53.5595 23.5408 43.0591 40.4767 17.0531 14.9857 10.4109 5.33762 14.3154 17.565 11.5028 15.5648 11.4203 5.18082 33.5636 17.8132 6.38979 23.1324 7.5261
threshold=22.500000000000004 -0.78656609248549303 6.5625000000000009 11.500000000000002 9.5000000000000018 16.500000000000004 8.5000000000000018 5.5000000000000009 13.500000000000002 6.7708333333333348 15.500000000000002 10.500000000000002 8.5000000000000018 15.500000000000002 9.5000000000000018 7.5000000000000009 0 10.500000000000002 4.5000000000000009 8.5000000000000018 9.5000000000000018 10.500000000000002 23.500000000000004 12.500000000000002 1.0000000180025095e-35 18.500000000000004 4.5000000000000009 21.500000000000004
decision_type=10 2 8 2 8 2 10 8 10 10 10 10 10 10 2 10 1 10 2 2 10 2 8 10 2 10 2 10
left_child=1 2 3 13 6 -6 -5 8 9 -4 11 -9 -12 14 -1 -10 17 19 -19 20 -3 -21 25 24 -24 27 -27 -18
right_child=-2 16 7 4 5 -7 -8 10 15 -11 12 -13 -14 -15 -16 -17 22 18 -20 21 -22 -23 23 -25 -26 26 -28 -29
leaf_value=0.00021961041993905978 -0.013115929228228494 -0.00095911113164559168 -0.017090554832590418 -0.010734258512251274 0.022918822336941959 -0.049666316543198842 0.039784207647400247 0.0088125328585091558 0.01034501949325204 0.057038792504300911 -0.020744897461519009 -0.011838205293889792 0.038333297405754113 -0.03986305749187103 0.0077151706900027862 -0.040060927399567202 9.9227578341105275e-05 0.00056355546188095339 -0.062684378524621331 -0.025055713136925513 0.032928401122198386 0.0060008169465893234 -0.022618220915143011 0.05093624635121307 0.0052377357907773163 0.0050722252452172914 -0.045346273276954896 -0.024953590507308644
leaf_weight=10965 37 9987 34 267 20 79 35 540 20 86 41 474 99 26 710 21 40110 23 21 95 34 43 66 37 440 65 35 30
leaf_count=10965 37 9987 34 267 20 79 35 540 20 86 41 474 99 26 710 21 40110 23 21 95 34 43 66 37 440 65 35 30
internal_value=-1.13542e-07 7.42159e-06 0.000573324 0.000157866 -0.0123164 -0.0350027 -0.00487947 0.0043968 0.0229185 0.0360355 0.00181275 -0.000840771 0.0210318 0.000585365 0.000675443 -0.0154727 -0.000141496 -0.00116369 -0.029623 -0.00104157 -0.000844135 -0.0153787 0.000114491 0.00496582 0.00160435 4.90553e-05 -0.0125742 8.05035e-05
internal_weight=64440 64403 13417 12102 401 99 302 1315 161 120 1154 1014 140 11701 11675 41 50986 10203 44 10159 10021 138 40783 543 506 40240 100 40140
internal_count=64440 64403 13417 12102 401 99 302 1315 161 120 1154 1014 140 11701 11675 41 50986 10203 44 10159 10021 138 40783 543 506 40240 100 40140
cat_boundaries=0 1
cat_threshold=2
is_linear=0
shrinkage=0.05


Tree=276
num_leaves=29
num_cat=0
split_feature=7 2 0 8 5 9 5 5 6 7 5 8 7 8 9 2 9 1 7 9 6 1 2 0 8 7 8 7
split_gain=2.29905 2.08505 9.3243 24.4147 34.812 61.3751 27.538 24.5286 15.0707 31.2544 30.3626 33.8613 26.6522 15.2953 4.93875 23.6024 19.5738 43.32 40.4817 15.7471 22.9665 28.3514 16.2582 46.3289 15.1486 54.9503 24.6568 14.757
threshold=22.500000000000004 1.0000000180025095e-35 12.500000000000002 12.500000000000002 -0.70710678118654757 6.8125000000000009 -0.9159756150367534 -0.5 11.500000000000002 16.500000000000004 -0.98296291314453399 3.5000000000000004 12.500000000000002 7.5000000000000009 6.104166666666667 1.5000000000000002 6.354166666666667 9.5000000000000018 10.500000000000002 6.0625000000000009 9.5000000000000018 14.500000000000002 1.5000000000000002 13.500000000000002 15.500000000000002 9.5000000000000018 9.5000000000000018 15.500000000000002
decision_type=10 2 2 8 2 10 2 2 10 10 2 8 10 8 10 2 10 2 10 10 10 2 2 2 10 10 10 10
left_child=1 2 8 4 5 -4 -5 -6 9 12 13 -12 -1 -10 19 16 17 -16 -18 22 21 -21 23 -3 26 -26 -17 -24
right_child=-2 14 3 6 7 -7 -8 -9 10 -11 11 -13 -14 -15 15 24 18 -19 -20 20 -22 -23 27 -25 25 -27 -28 -29
leaf_value=0.00076673368641439312 -0.01246013329238505 -0.0026139036061676693 -0.0090619520695113098 -0.076976514164358384 -0.050407117835822558 0.069619305030359194 -0.0047785598252500809 -0.0031180517901253854 0.082251496147364378 0.04915101794017987 -0.043866750141305311 0.011522930106927318 -0.020636477376998252 0.02358763983845711 -0.0039985275437886061 0.00084818050775138003 0.0098064179167688496 0.037737428693270146 -0.012061860905633423 -0.019436462819728939 -0.050988660279129232 0.025590996546860863 0.00020937794716789643 0.051336459284648299 -0.018355701640248297 0.029764222716794738 -0.0074644170620796098 -0.024401975255154196
leaf_weight=8443 37 7678 68 25 42 39 28 79 20 33 31 251 148 25 110 4462 822 143 285 122 35 49 39996 40 95 158 1115 61
leaf_count=8443 37 7678 68 25 42 39 28 79 20 33 31 251 148 25 110 4462 822 143 285 122 35 49 39996 40 95 158 1115 61
internal_value=-1.07895e-07 7.05048e-06 0.000702527 -0.00826583 -0.00116002 0.0196163 -0.0388342 -0.0195324 0.000984072 0.000584568 0.0115202 0.00543399 0.000398013 0.0496605 -0.000109327 0.00111274 0.00704401 0.0195914 0.00417637 -0.000292454 -0.0140869 -0.00653386 -0.000232974 -0.0023343 -0.00027089 0.0116955 -0.000813743 0.000171899
internal_weight=64440 64403 9232 281 228 107 53 121 8951 8624 327 282 8591 45 55171 7190 1360 253 1107 47981 206 171 47775 7718 5830 253 5577 40057
internal_count=64440 64403 9232 281 228 107 53 121 8951 8624 327 282 8591 45 55171 7190 1360 253 1107 47981 206 171 47775 7718 5830 253 5577 40057
is_linear=0
shrinkage=0.05


Tree=277
num_leaves=31
num_cat=2
split_feature=0 5 8 9 7 9 6 9 10 5 0 0 6 6 7 8 5 7 8 2 6 8 9 9 9 2 2 10 9 9
split_gain=2.22351 12.2432 12.4069 64.122 22.2776 23.8831 33.5518 21.262 20.0112 35.515 20.9286 19.8073 17.6317 16.2133 9.03513 12.4195 7.89448 19.6137 16.279 26.1533 19.7671 10.9283 23.793 32 8.94714 8.74002 7.30222 12.226 10.9648 17.858
threshold=4.5000000000000009 0.25881904510252057 1.5000000000000002 6.0625000000000009 1.5000000000000002 2.3958333333333335 6.5000000000000009 5.7708333333333348 0 -0.12940952255126037 11.500000000000002 7.5000000000000009 2.5000000000000004 1.0000000180025095e-35 15.500000000000002 6.5000000000000009 -0.98296291314453399 9.5000000000000018 2.5000000000000004 5.5000000000000009 2.5000000000000004 9.5000000000000018 7.1458333333333348 5.8958333333333348 4.0208333333333348 1.5000000000000002 1.0000000180025095e-35 1 3.8125000000000004 3.5625000000000004
decision_type=2 2 8 10 8 8 10 10 1 2 2 2 10 10 10 8 2 10 10 2 10 10 10 10 10 2 2 1 10 10
left_child=14 2 3 7 8 6 -6 12 9 -4 -10 -5 -2 -7 16 -16 17 18 19 -1 -20 -18 23 -23 -19 -26 27 -3 29 -29
right_child=1 26 4 11 5 13 -8 -9 10 -11 -12 -13 -14 -15 15 -17 21 24 20 -21 -22 22 -24 -25 25 -27 -28 28 -30 -31
leaf_value=0.017371229927873974 0.0069315805024099224 0.0057244470582879861 0.029432887555463468 -0.032273408276960257 -0.0066294543180041594 -0.016159590781112579 -0.054526662685645703 0.042700306296348578 0.0014673222747135593 -0.019619790381855434 0.05224399367968241 -0.1026425474556163 -0.0086120155163634023 0.00045634233648235038 -0.0086181102151220487 0.039881072419159343 0.00017663186872566875 -0.00053307480644434698 -0.025407121728875017 -0.043171522328630092 -0.002000637641056382 0.0073424704969861799 0.041106283018986389 -0.021677069296560218 -0.016328471186368362 -0.057008219936922677 -0.0020885323195405977 -0.0087639501200280565 -0.016141755789869233 0.043721839430786315
leaf_weight=165 258 122 205 20 585 148 39 25 603 45 21 20 623 18293 22 33 38053 20 109 20 523 789 45 108 23 31 3043 71 357 21
leaf_count=165 258 122 205 20 585 148 39 25 603 45 21 20 623 18293 22 33 38053 20 109 20 523 789 45 108 23 31 3043 71 357 21
internal_value=-1.0249e-07 -0.000375116 8.98492e-05 -0.00550502 0.000355296 -2.54496e-06 -0.00962303 -0.00276979 0.00816106 0.019811 0.00312606 -0.067458 -0.00406009 0.00032299 0.000229923 0.0204814 0.000201998 -0.00445158 -0.00221896 0.0108261 -0.00603752 0.000308328 0.00562831 0.00384848 -0.029101 -0.0396817 -0.00306211 -0.00825055 -0.01191 0.0032165
internal_weight=64440 24499 20885 946 19939 19065 624 906 874 250 624 40 881 18441 39941 55 39886 891 817 185 632 38995 942 897 74 54 3614 571 449 92
internal_count=64440 24499 20885 946 19939 19065 624 906 874 250 624 40 881 18441 39941 55 39886 891 817 185 632 38995 942 897 74 54 3614 571 449 92
cat_boundaries=0 1 2
cat_threshold=1 8
is_linear=0
shrinkage=0.05


Tree=278
num_leaves=24
num_cat=0
split_feature=0 9 9 4 6 9 8 7 8 0 8 8 0 7 2 7 8 1 0 9 0 9 0
split_gain=2.14305 2.29889 47.8151 42.4706 54.1898 23.5686 41.2805 22.34 21.481 19.1636 17.1647 14.7693 38.7054 48.9602 24.7446 73.476 29.1642 13.8509 11.6771 18.5225 9.20076 43.3573 7.84058
threshold=23.500000000000004 8.4375000000000018 8.3125000000000018 -0.78656609248549303 9.5000000000000018 8.5208333333333339 3.5000000000000004 11.500000000000002 4.5000000000000009 7.5000000000000009 9.5000000000000018 4.5000000000000009 5.5000000000000009 14.500000000000002 1.5000000000000002 9.5000000000000018 6.5000000000000009 6.5000000000000009 19.500000000000004 6.8125000000000009 15.500000000000002 7.354166666666667 14.500000000000002
decision_type=2 10 10 2 10 10 10 10 8 2 8 10 2 10 2 10 10 2 2 10 2 10 2
left_child=1 2 18 10 8 6 -3 9 -5 -8 -4 12 17 -14 15 -13 -16 -7 20 -20 22 -22 -1
right_child=-2 5 3 4 -6 11 7 -9 -10 -11 -12 14 13 -15 16 -17 -18 -19 19 -21 21 -23 -24
leaf_value=-1.7029767382204929e-05 0.016364494003355504 0.025828518775793226 0.019298903318122031 0.048886397193101325 0.10094863221747802 -0.0018981003743554208 -0.037350525307868213 -0.0072931662734065737 -0.0095724021084606647 -0.10573795594274998 -0.04620820320211351 0.058985669968171499 -0.040742737230903006 0.032248394816581698 0.019453664621218079 -0.0013266653109505868 -0.0082836173687058402 0.025611749103364462 0.009120501056313516 -0.056671792560297508 -0.0019081889944841187 0.040361905801109974 -0.009537752547241268
leaf_weight=62258 20 26 20 33 32 381 21 21 30 20 20 74 128 28 124 159 402 52 20 23 251 80 217
leaf_count=62258 20 26 20 33 32 381 21 21 30 20 20 74 128 28 124 159 402 52 20 23 251 80 217
internal_value=-5.29534e-08 -5.13353e-06 3.99669e-05 0.0297648 0.0479625 -0.00198327 -0.0270538 -0.0492303 0.0210489 -0.0707102 -0.0134546 -0.000346618 -0.00628774 -0.0276418 0.00426382 0.0178283 -0.00174479 0.00140562 -2.38823e-05 -0.0260707 -6.04933e-06 0.00830815 -5.00989e-05
internal_weight=64440 64420 62984 135 95 1436 88 62 63 41 40 1348 589 156 759 233 526 433 62849 43 62806 331 62475
internal_count=64440 64420 62984 135 95 1436 88 62 63 41 40 1348 589 156 759 233 526 433 62849 43 62806 331 62475
is_linear=0
shrinkage=0.05


Tree=279
num_leaves=31
num_cat=0
split_feature=4 6 9 9 9 9 8 9 9 8 9 0 2 8 8 0 2 7 0 8 8 6 1 8 8 9 0 4 9 1
split_gain=2.14832 10.6343 29.209 28.5789 26.0899 19.1346 37.5258 27.3301 27.1769 44.617 29.1006 25.0978 15.9645 23.9621 17.0437 14.6219 18.9747 13.5006 14.3337 22.8433 17.5007 6.61932 6.22605 20.1135 21.8595 25.2579 41.7504 31.6011 21.9506 24.104
threshold=-0.70710678118654735 8.5000000000000018 3.4375000000000004 3.5625000000000004 6.6458333333333348 7.0625000000000009 8.5000000000000018 7.229166666666667 6.854166666666667 5.5000000000000009 6.7708333333333348 12.500000000000002 4.5000000000000009 11.500000000000002 11.500000000000002 3.5000000000000004 3.5000000000000004 17.500000000000004 11.500000000000002 4.5000000000000009 9.5000000000000018 9.5000000000000018 12.500000000000002 17.500000000000004 10.500000000000002 5.1875000000000009 4.5000000000000009 -0.60355339059327362 5.2708333333333348 22.500000000000004
decision_type=2 10 8 10 10 10 10 10 10 10 10 2 2 10 10 2 2 8 2 10 8 10 2 10 10 10 2 2 8 2
left_child=1 4 15 -4 17 8 7 -7 10 -10 -6 -8 14 -14 -5 -3 -17 18 20 -20 -1 -18 -2 24 28 27 -27 -26 -24 -30
right_child=22 2 3 12 5 6 11 -9 9 -11 -12 -13 13 -15 -16 16 21 -19 19 -21 -22 -23 23 -25 25 26 -28 -29 29 -31
leaf_value=0.00044972966397480374 0.00018522098229747686 -0.003716463840655273 0.044378165396697387 0.0026768225627993212 0.024989011154874511 -0.025802834033966066 -0.031927067281212661 0.032016296359350757 -0.0087262097932398319 0.071389910268286866 -0.036238955789142185 0.025467049807310106 -0.010577596610207501 0.011223642295226455 -0.010867502697791947 -0.0711524090419213 0.0017619746923446655 -0.029444475054136804 -0.037423322599140871 -0.0022328375493331503 0.0070520124828602239 -0.038430423679805939 -0.0017886378908423676 0.035243291243616685 0.032141959407269514 0.025724505826830862 -0.022870466397987226 -0.0081442818124098388 0.0060009491285551251 -0.005114300579836078
leaf_weight=11253 34905 42 34 1701 69 25 80 112 25 57 27 25 789 150 269 30 20 37 62 180 1102 21 10048 38 67 50 381 178 2020 643
leaf_count=11253 34905 42 34 1701 69 25 80 112 25 57 27 25 789 150 269 30 20 37 62 180 1102 21 10048 38 67 50 381 178 2020 643
internal_value=-5.02672e-08 0.000499986 -0.00215506 -0.00119721 0.00112154 0.0133812 0.00422837 0.0214654 0.0258251 0.0469643 0.00776865 -0.0182618 -0.00172989 -0.00709497 0.000827369 -0.0271014 -0.0409348 0.000713988 0.00080257 -0.0112486 0.00103862 -0.0188244 -0.000166729 -0.0010818 -0.00118491 -0.00994614 -0.017233 0.00287277 -0.000718969 0.00331709
internal_weight=64440 16110 3056 2943 13054 420 242 137 178 82 96 105 2909 939 1970 113 71 12634 12597 242 12355 41 48330 13425 13387 676 431 245 12711 2663
internal_count=64440 16110 3056 2943 13054 420 242 137 178 82 96 105 2909 939 1970 113 71 12634 12597 242 12355 41 48330 13425 13387 676 431 245 12711 2663
is_linear=0
shrinkage=0.05


Tree=280
num_leaves=31
num_cat=0
split_feature=1 0 0 1 9 0 6 6 6 8 7 8 8 9 1 6 9 9 9 0 7 0 4 7 9 1 9 0 9 8
split_gain=2.13415 17.0417 14.2763 6.40076 14.128 22.7678 42.7658 38.0099 31.7783 29.2641 19.3908 19.0702 18.3363 28.069 18.5416 11.3778 15.29 14.8434 31.3408 16.8532 16.5793 16.646 13.409 13.2706 11.7164 45.7434 22.6661 7.76497 12.1872 10.4458
threshold=7.5000000000000009 10.500000000000002 9.5000000000000018 12.500000000000002 5.1458333333333348 5.5000000000000009 12.500000000000002 4.5000000000000009 2.5000000000000004 16.500000000000004 8.5000000000000018 16.500000000000004 14.500000000000002 4.979166666666667 10.500000000000002 3.5000000000000004 2.1458333333333335 5.1458333333333348 5.1875000000000009 4.5000000000000009 13.500000000000002 5.5000000000000009 -0.60355339059327362 2.5000000000000004 5.4375000000000009 14.500000000000002 4.729166666666667 2.5000000000000004 1.2708333333333337 4.5000000000000009
decision_type=2 2 2 2 10 2 10 10 10 10 10 10 10 10 2 10 10 8 8 2 10 2 2 10 10 2 10 2 8 10
left_child=1 2 -1 4 11 6 7 -6 10 -10 -7 12 13 -2 -14 16 27 20 22 -20 23 -22 -19 -17 26 -26 -18 29 -29 -5
right_child=3 -3 -4 15 5 8 -8 -9 9 -11 -12 -13 14 -15 -16 17 24 18 19 -21 21 -23 -24 -25 25 -27 -28 28 -30 -31
leaf_value=-0.00038872870348320297 0.0016012904578923634 -0.032225236580485393 0.037417309880256655 -0.002223480831733295 0.0034080976648416758 -0.053572750468413505 0.052767181004254295 -0.022066345426866255 0.0025717807129986602 -0.020699342738810952 -0.0038339359789258906 0.038881981521844869 0.0030422525719190257 0.016115954120953877 -0.044835041749424175 0.0011737962794661329 0.0024795138170127357 0.0329032961572348 0.0057429930945680488 -0.00072831642467103598 -0.050511169359087948 0.00024480296919743224 0.0015848929174244405 -0.0026472555713062795 0.073554790903020792 0.0059246546013649974 -0.0087217237377118922 -0.040424991571881737 -0.0055742200413068333 0.010813065652166391
leaf_weight=21413 9643 42 25 1050 232 43 26 397 2444 143 36 35 39 345 42 2950 6954 108 1233 5467 35 30 50 9891 27 338 483 26 713 180
leaf_count=21413 9643 42 25 1050 232 43 26 397 2444 143 36 35 39 345 42 2950 6954 108 1233 5467 35 30 50 9891 27 338 483 26 713 180
internal_value=-4.77831e-08 -0.000406977 -0.000344641 0.000203417 0.00110866 -0.00172055 -0.0100728 -0.0126704 0.000331499 0.00128544 -0.030907 0.00203857 0.0019105 0.00210265 -0.021783 -0.000208057 0.00118767 -0.00089808 0.000981657 0.000462598 -0.00189694 -0.0270853 0.0229924 -0.00176943 0.00218129 0.0109274 0.00175204 -0.0027495 -0.00680036 -0.000315694
internal_weight=64440 21480 21438 42960 13425 3321 655 629 2666 2587 79 10104 10069 9988 81 29535 9771 19764 6858 6700 12906 65 158 12841 7802 365 7437 1969 739 1230
internal_count=64440 21480 21438 42960 13425 3321 655 629 2666 2587 79 10104 10069 9988 81 29535 9771 19764 6858 6700 12906 65 158 12841 7802 365 7437 1969 739 1230
is_linear=0
shrinkage=0.05


Tree=281
num_leaves=31
num_cat=0
split_feature=4 6 9 9 9 9 7 9 8 8 0 2 8 9 9 7 0 8 9 8 6 6 0 0 6 9 9 5 9 0
split_gain=2.1403 9.59136 26.2575 25.9875 23.4617 18.2212 16.8323 15.7299 26.0151 22.4657 13.2091 17.1508 12.4333 45.5954 40.0856 12.1277 12.9317 20.6464 16.623 9.05165 5.97607 5.83044 15.0617 52.4688 29.2448 21.8249 68.811 34.5005 20.5966 20.1177
threshold=-0.70710678118654735 8.5000000000000018 3.4375000000000004 3.7291666666666674 6.6458333333333348 8.6875000000000018 5.5000000000000009 5.1458333333333348 4.5000000000000009 10.500000000000002 3.5000000000000004 3.5000000000000004 8.5000000000000018 7.0625000000000009 8.0208333333333339 17.500000000000004 11.500000000000002 4.5000000000000009 4.354166666666667 6.5000000000000009 9.5000000000000018 8.5000000000000018 3.5000000000000004 4.5000000000000009 13.500000000000002 4.729166666666667 5.0625000000000009 -0.9159756150367534 3.4791666666666674 2.5000000000000004
decision_type=2 10 8 10 10 10 10 10 8 10 2 2 10 10 10 8 2 10 10 8 10 10 2 2 10 8 10 2 8 2
left_child=1 4 10 6 15 12 19 9 -9 -5 -3 -12 14 -14 -6 16 18 -18 -1 -4 -13 -2 24 25 29 27 -27 -24 -25 -23
right_child=21 2 3 7 5 -7 -8 8 -10 -11 11 20 13 -15 -16 -17 17 -19 -20 -21 -22 22 23 28 -26 26 -28 -29 -30 -31
leaf_value=-4.2640938670835902e-05 -0.00034529787504068374 -0.0034483152275372833 0.02599951787401111 -0.0055038757160281761 0.016528180692449351 -0.025525335533994026 -0.0034619434426228207 0.011962251063012399 -0.0023446251219342148 -0.036691315247425964 -0.067551583324869477 0.0017584761232137683 0.037147521704901008 -0.017686371693840772 0.090548402154818186 -0.027881012817945434 -0.035544086726487525 -0.0020885591912600731 0.0042033183152790574 0.067934800955382263 -0.036431124558051427 0.001554897133881847 0.013702896034220417 -0.015005844742610901 0.050275670448318127 -0.046035428508752731 0.028053926848771428 0.064751437078079871 0.001617237747715715 -0.023207276068030969
leaf_weight=9289 43694 42 31 692 214 29 30 390 1715 63 30 20 64 93 20 37 62 180 3066 22 21 150 71 196 20 41 133 62 3782 181
leaf_count=9289 43694 42 31 692 214 29 30 390 1715 63 30 20 64 93 20 37 62 180 3066 22 21 150 71 196 20 41 133 62 3782 181
internal_value=-4.54104e-08 0.000499058 -0.00202243 -0.00111427 0.00108935 0.0127152 0.0264662 -0.00191468 0.000306055 -0.00810627 -0.0256749 -0.038823 0.0155514 0.0046663 0.0228547 0.000702866 0.000786823 -0.0106598 0.00101103 0.0434066 -0.0178021 -0.000166413 0.00151956 0.00233523 -0.00843809 0.0222515 0.0105961 0.0375 0.000798202 -0.0119857
internal_weight=64440 16110 3056 2943 13054 420 83 2860 2105 755 113 71 391 157 234 12634 12597 242 12355 53 41 48330 4636 4285 351 307 174 133 3978 331
internal_count=64440 16110 3056 2943 13054 420 83 2860 2105 755 113 71 391 157 234 12634 12597 242 12355 53 41 48330 4636 4285 351 307 174 133 3978 331
is_linear=0
shrinkage=0.05


Tree=282
num_leaves=31
num_cat=2
split_feature=0 5 8 9 10 9 7 9 5 10 5 0 0 7 7 7 8 5 7 8 2 6 8 7 0 9 9 2 7 9
split_gain=2.11008 11.5754 10.8938 57.5663 20.9419 27.108 20.3405 21.6841 31.4227 18.0083 31.9849 19.3846 17.5612 16.3688 11.619 8.4958 11.094 7.32695 17.6596 14.6903 23.6219 17.864 8.99877 22.3221 26.1225 25.1984 8.02637 7.79007 6.99508 14.0066
threshold=4.5000000000000009 0.25881904510252057 1.5000000000000002 6.0625000000000009 0 4.8958333333333348 1.5000000000000002 2.2291666666666674 -0.78656609248549325 1 -0.12940952255126037 11.500000000000002 7.5000000000000009 3.5000000000000004 7.5000000000000009 15.500000000000002 6.5000000000000009 -0.98296291314453399 9.5000000000000018 2.5000000000000004 5.5000000000000009 2.5000000000000004 9.5000000000000018 9.5000000000000018 3.5000000000000004 6.104166666666667 4.0208333333333348 1.5000000000000002 11.500000000000002 4.5625000000000009
decision_type=2 2 8 10 1 8 8 8 2 1 2 2 2 10 10 10 8 2 10 10 2 10 10 10 2 10 10 2 10 10
left_child=15 2 3 4 5 -2 9 8 -8 10 -4 -11 -5 -6 -9 17 -17 18 19 20 -1 -21 28 25 -25 -24 -20 -28 -19 -30
right_child=1 -3 6 12 13 -7 7 14 -10 11 -12 -13 -14 -15 -16 16 -18 22 26 21 -22 -23 23 24 -26 -27 27 -29 29 -31
leaf_value=0.016444764519674759 0.00025257602970898849 -0.002978055603017931 0.02797948641725248 -0.030726797203533354 0.00063538890066634681 0.036682819562225508 0.0027489448457619354 0.0012330889845379219 -0.025076572650454151 0.0014195404813978605 -0.018571527500947316 0.050287276080676492 -0.096986224241554744 -0.019307380878512772 -0.0013289172473829854 -0.0076411703093485399 0.038197086299910692 0.00023622745234255836 -0.00061750172171741728 -0.024208803626990648 -0.04109342290088535 -0.0019575564285012827 0.0044122106288227115 0.040227171033620834 0.00098395696754946765 -0.026651258088855281 -0.015649388301307739 -0.054054844667834626 0.0081246993494000341 -0.016309463220504982
leaf_weight=165 427 3614 205 20 179 58 199 11443 207 603 45 21 20 242 7216 22 33 37792 20 109 20 523 700 89 81 72 23 31 89 172
leaf_count=165 427 3614 205 20 179 58 199 11443 207 603 45 21 20 242 7216 22 33 37792 20 109 20 523 700 89 81 72 23 31 89 172
internal_value=-4.31068e-08 -0.000365366 8.67413e-05 -0.00515588 -0.00256424 0.00451607 0.000335476 -6.45372e-06 -0.011438 0.00779416 0.0188464 0.0030158 -0.0638565 -0.0105769 0.000242284 0.000224039 0.0198618 0.000196959 -0.00428623 -0.00216774 0.0102244 -0.00579519 0.000299396 0.00512694 0.0215289 0.0015151 -0.0276755 -0.037697 0.000179891 -0.00797751
internal_weight=64440 24499 20885 946 906 485 19939 19065 406 874 250 624 40 421 18659 39941 55 39886 891 817 185 632 38995 942 170 772 74 54 38053 261
internal_count=64440 24499 20885 946 906 485 19939 19065 406 874 250 624 40 421 18659 39941 55 39886 891 817 185 632 38995 942 170 772 74 54 38053 261
cat_boundaries=0 1 2
cat_threshold=22 1
is_linear=0
shrinkage=0.05


Tree=283
num_leaves=31
num_cat=0
split_feature=4 9 0 9 8 2 0 9 9 6 7 1 8 8 9 6 0 1 8 8 9 0 7 0 8 6 6 4 4 2
split_gain=2.10354 8.23326 31.156 28.3992 47.2479 30.9074 29.7868 28.3773 21.6963 19.6553 11.3939 28.932 39.129 21.8904 13.727 32.6589 16.0621 4.51665 16.4074 18.3281 48.7535 32.5763 12.5454 11.7024 19.5963 19.5551 8.28506 19.208 30.4518 57.4779
threshold=-0.78656609248549303 8.0208333333333339 6.5000000000000009 8.3125000000000018 4.5000000000000009 3.5000000000000004 11.500000000000002 9.2291666666666696 7.9375000000000009 12.500000000000002 12.500000000000002 16.500000000000004 6.5000000000000009 2.5000000000000004 6.104166666666667 10.500000000000002 13.500000000000002 12.500000000000002 17.500000000000004 13.500000000000002 7.5208333333333348 10.500000000000002 11.500000000000002 5.5000000000000009 10.500000000000002 13.500000000000002 5.5000000000000009 0.98296291314453421 0.91597561503675362 4.5000000000000009
decision_type=2 10 2 10 10 2 2 10 10 10 10 2 8 10 8 10 2 2 10 10 10 2 10 2 10 10 10 2 2 2
left_child=1 8 -3 5 7 6 -4 -5 10 -6 14 12 -12 -13 16 -16 -1 26 19 23 21 -21 -22 25 -25 -19 -2 28 -28 -30
right_child=17 2 3 4 9 -7 -8 -9 -10 -11 11 13 -14 -15 15 -17 -18 18 -20 20 22 -23 -24 24 -26 -27 27 -29 29 -31
leaf_value=0.00038186275205597485 -0.00019581281977689097 0.053417812068672743 0.048004988711327315 -0.093703912191336891 0.020530662987683274 0.074093040390181594 -0.038289330620318654 -0.010484868809580803 -0.037384940546594171 -0.0074679753125464132 -0.08107611213264794 0.049318047703709456 -0.0077987896848698062 -0.0044408811244844157 0.013375124479987045 -0.0042149767895850046 -0.021826911551264549 4.8719611586329835e-06 0.030750557425341048 -0.013796382152743765 -0.087637365220681496 0.046193392321999587 -0.034824104065244853 -0.0019065769547205618 -0.01406887216311244 0.033031540560639568 0.0014390028197155372 -0.038134252093732363 0.046778474720575072 -0.018257132426907238
leaf_weight=11366 28395 34 20 21 111 27 20 20 38 144 29 20 49 356 638 450 82 11198 41 118 23 28 22 4276 359 45 6330 30 98 52
leaf_count=11366 28395 34 20 21 111 27 20 20 38 144 29 20 49 356 638 450 82 11198 41 118 23 28 22 4276 359 45 6330 30 98 52
internal_value=-4.09596e-08 0.000556837 0.00765004 0.00336325 -0.00329042 0.0327586 0.00485783 -0.0531093 0.000340687 0.00471967 0.000451047 -0.00733027 -0.0350429 -0.00158136 0.000732852 0.00609981 0.000222785 -0.000146588 -0.000839097 -0.000919698 -0.016316 -0.00229149 -0.0618175 -0.000734493 -0.0028486 0.000137061 0.000173032 0.00178184 0.00196664 0.0242328
internal_weight=64440 13425 397 363 296 67 40 41 13028 255 12990 454 78 376 12536 1088 11448 51015 16110 16069 191 146 45 15878 4635 11243 34905 6510 6480 150
internal_count=64440 13425 397 363 296 67 40 41 13028 255 12990 454 78 376 12536 1088 11448 51015 16110 16069 191 146 45 15878 4635 11243 34905 6510 6480 150
is_linear=0
shrinkage=0.05


Tree=284
num_leaves=31
num_cat=2
split_feature=2 6 7 5 5 9 5 0 0 1 6 8 9 0 6 7 0 6 10 0 7 7 8 5 8 5 10 5 2 8
split_gain=2.06263 11.926 17.7646 40.463 66.8035 47.069 35.7478 49.4799 50.1163 28.1339 28.886 24.8744 33.9715 31.1691 23.4056 19.7662 16.706 44.2599 37.4412 62.052 43.6175 30.4306 32.0592 20.4864 20.4688 18.0924 14.4762 32.454 13.2169 11.9024
threshold=4.5000000000000009 7.5000000000000009 10.500000000000002 -0.9159756150367534 -0.70710678118654757 6.104166666666667 -0.9159756150367534 17.500000000000004 14.500000000000002 12.500000000000002 13.500000000000002 4.5000000000000009 3.1041666666666674 12.500000000000002 8.5000000000000018 14.500000000000002 7.5000000000000009 6.5000000000000009 0 13.500000000000002 12.500000000000002 3.5000000000000004 7.5000000000000009 -0.98296291314453399 10.500000000000002 -0.60355339059327384 1 -0.12940952255126037 5.5000000000000009 7.5000000000000009
decision_type=2 10 10 2 2 10 2 2 2 2 10 8 10 2 10 10 2 10 1 2 10 10 10 2 8 2 1 2 2 8
left_child=-1 16 6 9 5 -5 11 8 -8 10 -4 12 -3 -13 -6 -11 23 18 19 -18 -20 25 -23 24 28 -19 27 -25 -2 -28
right_child=1 2 3 4 14 -7 7 -9 -10 15 -12 13 -14 -15 -16 -17 17 21 20 -21 -22 22 -24 26 -26 -27 29 -29 -30 -31
leaf_value=-0.00017941469455096701 -0.019209177076321592 -0.034548984759527709 -0.037790435887873175 -0.0087270987661261304 0.028125517173060055 0.055126219622955733 -0.0080964536580722789 -0.070260101454632892 0.036570809323054093 0.039564143881403113 0.0058167555465780466 -0.0048393501127961293 0.030710037973088522 0.029785002121015598 -0.0072391135092778518 -0.02213123508729041 -0.0070346784191441872 0.022629961858249524 0.0039298013615957908 -0.093880992924625234 0.045835729044820389 0.044941570511012267 0.010002172013776282 0.013056339208212552 -0.052505160405832745 -0.036657650059750004 0.0005405794535616222 0.00044345132627960103 0.0012555740763094615 -0.0051772667973635188
leaf_weight=45960 143 23 110 38 58 120 1853 31 65 37 58 449 150 76 242 20 316 22 848 22 67 148 118 736 28 31 9831 1661 176 1003
leaf_count=45960 143 23 110 38 58 120 1853 31 65 37 58 449 150 76 242 20 316 22 848 22 67 148 118 736 28 31 9831 1661 176 1003
internal_value=-3.89112e-08 0.000446071 -0.00226319 0.00492621 0.0134562 0.0397691 -0.00411825 -0.00759553 -0.0065827 -0.012437 -0.0227356 0.00559122 0.022034 0.000172937 -0.000401952 0.0179166 0.00104157 0.00592125 0.00168805 -0.0123228 0.00692267 0.0225488 0.0294421 0.000476624 -0.0115161 -0.0120477 0.000791148 0.00429831 -0.00791828 1.12171e-05
internal_weight=64440 18480 3330 683 458 158 2647 1949 1918 225 168 698 173 525 300 57 15150 1572 1253 338 915 319 266 13578 347 53 13231 2397 319 10834
internal_count=64440 18480 3330 683 458 158 2647 1949 1918 225 168 698 173 525 300 57 15150 1572 1253 338 915 319 266 13578 347 53 13231 2397 319 10834
cat_boundaries=0 1 2
cat_threshold=16 16
is_linear=0
shrinkage=0.05


Tree=285
num_leaves=26
num_cat=0
split_feature=0 4 9 0 7 7 9 6 6 1 6 9 8 9 9 9 9 0 6 0 0 6 7 0 0
split_gain=2.12201 2.12407 8.87469 20.4192 38.0938 35.7243 31.0916 20.4 43.6279 28.8598 14.0985 27.3044 69.6805 36.9137 18.0605 40.4377 14.7306 6.01325 6.10445 13.9189 46.823 26.0029 7.9065 19.852 18.5999
threshold=23.500000000000004 -0.70710678118654735 8.0208333333333339 11.500000000000002 11.500000000000002 8.5000000000000018 8.3958333333333339 15.500000000000002 13.500000000000002 18.500000000000004 8.5000000000000018 7.8125000000000009 11.500000000000002 7.7708333333333348 6.854166666666667 7.0625000000000009 6.7708333333333348 21.500000000000004 8.5000000000000018 3.5000000000000004 4.5000000000000009 13.500000000000002 7.5000000000000009 11.500000000000002 13.500000000000002
decision_type=2 2 10 2 10 10 10 10 10 2 10 10 8 8 10 10 10 2 10 2 2 10 10 2 2
left_child=1 2 10 4 5 -4 -6 8 -5 -9 14 13 -13 -12 16 -16 -1 18 22 21 -21 -20 24 -24 -3
right_child=-2 17 3 7 6 -7 -8 9 -10 -11 11 12 -14 -15 15 -17 -18 -19 19 20 -22 -23 23 -25 -26
leaf_value=0.00077908289546201829 0.016283961459994317 -0.00017486481135838103 0.023978436728897837 0.0015424389998539728 0.098099358486277724 -0.023925915604238124 0.027095564059784701 0.048352722116769886 -0.057961337231099613 -0.016877420072754223 -0.0027086605809553033 -0.0673338772058487 0.032345204386446218 0.063855540291184482 0.043058274422840381 0.00034935326582332803 -0.036191786867049006 -0.025192223054667312 -0.011341408855180479 0.021172082643191474 0.00089976196749510834 0.047367740408517427 -0.0014337222761783566 -0.014654911352840604 0.019790631680725479
leaf_weight=12703 20 39158 91 134 21 68 58 39 40 30 2542 50 27 21 82 171 27 24 331 307 3945 20 4109 305 117
leaf_count=12703 20 39158 91 134 21 68 58 39 40 30 2542 50 27 21 82 171 27 24 331 307 3945 20 4109 305 117
internal_value=-3.69548e-08 -5.09253e-06 0.000492212 0.00718165 0.0175912 0.00349104 0.04597 -0.00301372 -0.0121366 0.0199918 0.000286258 -0.00304463 -0.0323815 -0.00216327 0.00096357 0.0141918 0.000700669 -0.000170847 -0.000158412 0.00157348 0.00236345 -0.00799616 -0.000340881 -0.00234728 -0.000115388
internal_weight=64440 64420 16104 481 238 159 79 243 174 69 15623 2640 77 2563 12983 253 12730 48316 48292 4603 4252 351 43689 4414 39275
internal_count=64440 64420 16104 481 238 159 79 243 174 69 15623 2640 77 2563 12983 253 12730 48316 48292 4603 4252 351 43689 4414 39275
is_linear=0
shrinkage=0.05


Tree=286
num_leaves=25
num_cat=0
split_feature=1 1 7 8 9 6 8 9 9 9 9 9 6 7 9 6 9 9 9 9 9 9 6 0
split_gain=2.08746 4.39733 6.32464 6.18391 4.92673 4.49587 4.59784 4.05422 6.84429 5.74316 6.85715 10.5531 4.86413 4.0163 3.73194 3.68029 3.56388 3.83397 3.26953 5.13963 4.20182 6.26436 2.46162 1.71749
threshold=1.0000000180025095e-35 2.5000000000000004 4.5000000000000009 4.5000000000000009 6.3125000000000009 1.5000000000000002 1.0000000180025095e-35 8.8541666666666696 8.3125000000000018 7.979166666666667 7.5625000000000009 7.729166666666667 5.5000000000000009 4.5000000000000009 7.729166666666667 1.5000000000000002 5.104166666666667 6.854166666666667 12.895833333333334 12.083333333333334 11.812500000000002 11.145833333333334 1.5000000000000002 2.5000000000000004
decision_type=2 2 10 10 10 10 10 8 10 10 10 10 8 10 10 10 10 10 10 10 10 10 10 2
left_child=7 2 3 5 15 14 -7 8 9 10 13 -12 -9 -1 -2 -4 22 -18 19 20 21 -3 -5 -6
right_child=1 18 4 16 23 6 -8 12 -10 -11 11 -13 -14 -15 -16 -17 17 -19 -20 -21 -22 -23 -24 -25
leaf_value=0.0016641654952414269 -0.0020075572786745527 6.2377777010083393e-05 -0.018338194172829388 0.0093661544378846884 -0.017409942707707803 -0.0025980703890617503 0.0022524580387881521 7.0176513470483553e-05 0.027172155449023617 -0.02529961345717311 0.045862955684688962 -6.0559744978773184e-05 -0.030281705298693853 -0.0079393545721183744 -0.01492773808391863 0.010190933348181157 -0.034379970431327823 -0.0061179203540086755 -0.019200722466815603 0.024240740896625954 -0.021778112251988866 0.018521325644510596 -0.015144089103809426 -0.036203361563384537
leaf_weight=2419 2871 56273 20 20 31 716 1538 33 26 20 22 29 22 114 57 26 30 20 22 22 22 46 21 20
leaf_count=2419 2871 56273 20 20 31 716 1538 33 26 20 22 29 22 114 57 26 30 20 22 22 22 46 21 20
internal_value=-3.51176e-08 -5.93737e-05 -0.00142655 -0.00119381 -0.0140781 -0.000966908 0.000711651 0.00136475 0.00164572 0.00139085 0.00159743 0.0197496 -0.0120706 0.00123195 -0.00225908 -0.00221304 -0.0141149 -0.0230752 7.08332e-05 7.83554e-05 6.89205e-05 7.74546e-05 -0.00318787 -0.0247799
internal_weight=64440 61755 5370 5273 97 5182 2254 2685 2630 2604 2584 51 55 2533 2928 46 91 50 56385 56363 56341 56319 41 51
internal_count=64440 61755 5370 5273 97 5182 2254 2685 2630 2604 2584 51 55 2533 2928 46 91 50 56385 56363 56341 56319 41 51
is_linear=0
shrinkage=0.05


Tree=287
num_leaves=23
num_cat=1
split_feature=7 7 1 8 8 6 6 8 5 2 6 9 7 10 8 7 9 9 6 0 6 9
split_gain=2.12871 1.96796 27.0628 30.0659 33.0371 32.5891 21.6154 19.5312 16.7864 30.3727 21.3853 14.6321 33.3359 26.4903 7.88226 35.7346 44.0055 36.854 13.6407 40.9735 12.8668 7.00541
threshold=22.500000000000004 11.500000000000002 10.500000000000002 23.500000000000004 11.500000000000002 4.5000000000000009 6.5000000000000009 22.500000000000004 -0.98296291314453399 1.0000000180025095e-35 4.5000000000000009 5.1458333333333348 12.500000000000002 0 13.500000000000002 9.5000000000000018 6.5208333333333348 7.3958333333333348 13.500000000000002 12.500000000000002 12.500000000000002 6.5208333333333348
decision_type=10 10 2 8 10 10 10 10 2 2 10 10 10 1 10 10 10 10 8 2 10 10
left_child=1 7 3 4 5 -3 -6 14 9 21 -11 13 -13 -10 18 17 -17 -16 20 -20 -1 -4
right_child=-2 2 8 -5 6 -7 -8 -9 11 10 -12 12 -14 -15 15 16 -18 -19 19 -21 -22 -23
leaf_value=-7.3739406810688062e-05 -0.011989576792394794 -0.0062661206977510896 0.0055025634169578556 0.07050611454993487 0.014833738386631013 0.022640938330123313 -0.025298054777451007 -0.047153416580774571 -0.017646058822439355 0.025810202389307646 -0.024962575944698907 0.014846043641193974 -0.0023084281061845268 0.010697996426403287 0.0034790602503773807 0.0034321735771197198 0.053097188087216543 -0.033601206118861832 0.00032203103011077061 -0.024521364521627367 0.0089127609691178507 0.046850508699814483
leaf_weight=59577 37 135 20 20 50 351 102 22 244 23 211 397 988 116 629 106 77 75 610 228 401 21
leaf_count=59577 37 135 20 20 50 351 102 22 244 23 211 397 988 116 629 106 77 75 610 228 401 21
internal_value=-3.33664e-08 6.85472e-06 0.00133379 0.0101405 0.00824816 0.0146112 -0.0120968 -5.07158e-05 -0.00153493 -0.0130166 -0.0199721 0.000274499 0.00260877 -0.00870598 -3.39215e-05 0.00464547 0.0243295 -0.000471252 -0.00010217 -0.00643727 -1.36576e-05 0.0266808
internal_weight=64440 64403 2678 658 638 486 152 61725 2020 275 234 1745 1385 360 61703 887 183 704 60816 838 59978 41
internal_count=64440 64403 2678 658 638 486 152 61725 2020 275 234 1745 1385 360 61703 887 183 704 60816 838 59978 41
cat_boundaries=0 1
cat_threshold=21
is_linear=0
shrinkage=0.05


Tree=288
num_leaves=17
num_cat=0
split_feature=8 8 9 9 6 7 6 7 6 7 9 6 6 8 0 7
split_gain=2.19509 2.60614 14.339 51.7083 38.995 44.7247 28.2483 53.0903 27.9191 31.5357 27.7322 11.7682 4.7915 4.49811 27.6128 10.4179
threshold=23.500000000000004 14.500000000000002 7.9375000000000009 8.3541666666666696 13.500000000000002 9.5000000000000018 10.500000000000002 7.5000000000000009 14.500000000000002 13.500000000000002 6.4375000000000009 23.500000000000004 21.500000000000004 13.500000000000002 12.500000000000002 21.500000000000004
decision_type=10 10 10 10 10 10 10 10 10 10 10 8 10 10 2 10
left_child=1 11 4 -4 6 -6 10 -8 9 -5 -3 12 13 15 -15 -1
right_child=-2 2 3 8 5 -7 7 -9 -10 -11 -12 -13 -14 14 -16 -17
leaf_value=-2.2426982485689479e-05 0.016561943124979734 -0.0055170420607455178 -0.067077006301597547 0.073762643275161591 -0.00014693086700780052 0.084634528202669965 0.027630775365414043 -0.04734319811125836 -0.029846774747497157 -0.0061261720210313807 0.0209662037089299 0.038378824703395369 -0.020660174179023931 0.01024018478876583 -0.026892249915620378 0.025827628526932156
leaf_weight=63085 20 385 38 21 35 28 33 83 38 30 133 20 28 366 58 39
leaf_count=63085 20 385 38 21 35 28 33 83 38 30 133 20 28 366 58 39
internal_value=-8.56012e-08 -5.22749e-06 -0.00279912 -0.018251 1.63533e-05 0.0375337 -0.00371171 -0.0260144 0.0025961 0.0267692 0.00128271 3.09724e-05 1.89088e-05 2.80202e-05 0.00516075 -6.456e-06
internal_weight=64440 64420 824 127 697 63 634 116 89 51 518 63596 63576 63548 424 63124
internal_count=64440 64420 824 127 697 63 634 116 89 51 518 63596 63576 63548 424 63124
is_linear=0
shrinkage=0.05


Tree=289
num_leaves=17
num_cat=0
split_feature=7 9 7 9 8 0 2 9 5 6 0 6 7 9 9 0
split_gain=2.17654 2.01458 13.7021 10.8471 14.0843 14.4605 10.0325 5.32915 27.4619 23.3625 28.6975 23.2787 12.7455 7.73913 10.8212 3.09679
threshold=22.500000000000004 10.312500000000002 16.500000000000004 12.270833333333334 10.500000000000002 10.500000000000002 5.5000000000000009 9.5625000000000018 -0.9159756150367534 11.500000000000002 12.500000000000002 7.5000000000000009 20.500000000000004 9.4791666666666696 9.4375000000000018 8.5000000000000018
decision_type=10 10 10 10 10 2 2 10 2 10 2 10 10 10 10 2
left_child=1 7 3 4 5 -3 -5 12 -9 11 -11 -10 13 14 -1 -15
right_child=-2 2 -4 6 -6 -7 -8 8 9 10 -12 -13 -14 15 -16 -17
leaf_value=4.2971659517579852e-06 -0.012123571255722561 0.017918818392834785 -0.024616075960719692 0.011259661632634345 0.045758557617664342 -0.017049577750447322 -0.037055982615460052 0.046125781701200387 -0.014030038475175389 -0.006107515077057638 -0.069338097949238384 0.027896593209910905 0.035711742341518408 0.0080779560282826426 -0.030032222419977189 0.035902353301644326
leaf_weight=63800 37 106 35 21 30 41 22 22 112 38 34 47 25 20 30 20
leaf_count=63800 37 106 35 21 30 41 22 22 112 38 34 47 25 20 30 20
internal_value=-8.13253e-08 6.88371e-06 0.00444226 0.00906518 0.0145374 0.00816573 -0.01346 -1.07477e-05 -0.00725312 -0.0123368 -0.0359664 -0.00163663 1.79293e-05 3.95802e-06 -9.81995e-06 0.0219902
internal_weight=64440 64403 255 220 177 147 43 64148 253 231 72 159 63895 63870 63830 40
internal_count=64440 64403 255 220 177 147 43 64148 253 231 72 159 63895 63870 63830 40
is_linear=0
shrinkage=0.05


Tree=290
num_leaves=26
num_cat=1
split_feature=0 0 1 10 6 9 9 9 8 7 9 5 2 2 6 9 7 8 5 7 8 8 9 9 7
split_gain=2.06672 2.14287 10.7136 23.2326 32.3927 46.1539 31.0758 13.6047 11.3526 11.1526 38.3816 19.9636 18.7188 13.8554 23.8929 16.1022 7.69925 9.64815 6.28936 15.8233 13.2632 7.86481 20.3228 7.13138 6.42478
threshold=23.500000000000004 4.5000000000000009 6.5000000000000009 0 3.5000000000000004 8.7708333333333339 8.9791666666666696 6.729166666666667 3.5000000000000004 2.5000000000000004 2.8958333333333335 -0.78656609248549325 4.5000000000000009 5.5000000000000009 3.5000000000000004 2.3541666666666674 15.500000000000002 6.5000000000000009 -0.98296291314453399 9.5000000000000018 2.5000000000000004 9.5000000000000018 7.1458333333333348 4.0208333333333348 11.500000000000002
decision_type=2 2 2 1 8 10 8 10 10 10 8 2 2 2 10 10 10 8 2 10 10 10 10 10 10
left_child=1 16 3 7 5 -5 -6 8 -3 10 11 -4 -12 15 -15 -11 18 -18 19 20 -1 24 -23 -21 -20
right_child=-2 2 9 4 6 -7 -8 -9 -10 13 12 -13 -14 14 -16 -17 17 -19 21 23 -22 22 -24 -25 -26
leaf_value=0.0098214425432898503 0.016070405840873721 -0.018782278299331667 0.0036989392061523678 0.019921997400423039 -0.037037358552838372 -0.049433519855934992 0.033107756236568094 -0.054966838463124904 0.0077245670313737837 -0.0095688397149621685 0.0033972543606636896 -0.010832364902576538 0.013806842617209157 -0.013086331199801422 -0.0016408419236540795 0.00016036535929737076 -0.0067329850386489525 0.036013965082891057 0.0002320898875326202 -0.00059369847178459168 -0.0054001528306925365 0.0031580326222262266 0.037591812213261924 -0.035544795453272486 -0.0076396985907710635
leaf_weight=185 20 230 379 215 75 27 20 22 49 436 1418 628 621 557 2514 17288 22 33 37792 20 632 897 45 54 261
leaf_count=185 20 230 379 215 75 27 20 22 49 436 1418 628 621 557 2514 17288 22 33 37792 20 632 897 45 54 261
internal_value=-7.72499e-08 -5.06653e-06 -0.000373425 -0.00676773 0.00240022 0.012184 -0.02227 -0.0165617 -0.014127 -0.000202309 0.00262329 -0.00536328 0.00656761 -0.000616195 -0.00371676 -7.89674e-05 0.000220692 0.0189152 0.000194914 -0.00395872 -0.0019534 0.000289821 0.00480296 -0.0260986 0.000178098
internal_weight=64440 64420 24479 638 337 242 95 301 279 23841 3046 1007 2039 20795 3071 17724 39941 55 39886 891 817 38995 942 74 38053
internal_count=64440 64420 24479 638 337 242 95 301 279 23841 3046 1007 2039 20795 3071 17724 39941 55 39886 891 817 38995 942 74 38053
cat_boundaries=0 1
cat_threshold=25
is_linear=0
shrinkage=0.05


Tree=291
num_leaves=19
num_cat=1
split_feature=8 8 0 6 10 6 2 0 7 9 1 9 0 6 6 8 0 7
split_gain=2.01444 2.44979 14.2107 24.2013 28.8214 28.891 22.9152 21.0326 50.0534 63.3606 26.9758 52.7011 30.7916 10.3638 4.31406 3.98478 25.0047 9.42438
threshold=23.500000000000004 14.500000000000002 9.5000000000000018 13.500000000000002 0 8.5000000000000018 5.5000000000000009 10.500000000000002 10.500000000000002 6.1458333333333348 10.500000000000002 6.729166666666667 11.500000000000002 23.500000000000004 21.500000000000004 13.500000000000002 12.500000000000002 21.500000000000004
decision_type=10 10 2 10 1 10 2 2 10 10 2 10 2 8 10 10 2 10
left_child=1 13 3 4 6 -6 -3 8 9 -4 11 -9 -12 14 15 17 -17 -1
right_child=-2 2 7 -5 5 -7 -8 10 -10 -11 12 -13 -14 -15 -16 16 -18 -19
leaf_value=-2.0217077376053908e-05 0.015865815319120884 -0.0016978095355618718 -0.0096342694662187416 0.053186979889869694 0.034601913842848164 -0.030265482231265024 -0.038591256961226464 0.066779947344745905 0.011439095799707706 -0.12832330272279002 0.024974596414937301 -0.019383654319163827 -0.021843466997660443 0.036017167419195174 -0.019603005503969536 0.0096920120954778199 -0.025643334274405034 0.024566370860124247
leaf_weight=63085 20 266 23 23 94 21 50 35 36 22 44 36 174 20 28 366 58 39
leaf_count=63085 20 266 23 23 94 21 50 35 36 22 44 36 174 20 28 366 58 39
internal_value=-7.34019e-08 -4.99917e-06 -0.00271379 0.00321393 0.000547157 0.020936 -0.00730423 -0.00998726 -0.0325049 -0.06766 -0.00367611 0.0230914 -0.0123939 3.00981e-05 1.87771e-05 2.74227e-05 0.0048584 -5.02671e-06
internal_weight=64440 64420 824 454 431 115 316 370 81 45 289 71 218 63596 63576 63548 424 63124
internal_count=64440 64420 824 454 431 115 316 370 81 45 289 71 218 63596 63576 63548 424 63124
cat_boundaries=0 1
cat_threshold=12
is_linear=0
shrinkage=0.05


Tree=292
num_leaves=25
num_cat=3
split_feature=7 2 7 7 8 8 6 9 9 5 9 8 10 0 6 10 7 5 8 10 8 6 8 0
split_gain=2.20705 2.11902 11.4761 11.934 57.258 21.0955 10.7333 19.4736 33.1693 27.9399 19.7425 31.6505 23.3346 15.0352 39.5676 33.8071 27.9877 17.9899 18.4342 12.8973 12.1375 7.05579 55.076 18.9726
threshold=22.500000000000004 4.5000000000000009 20.500000000000004 17.500000000000004 6.5000000000000009 13.500000000000002 7.5000000000000009 9.0625000000000018 9.4375000000000018 0.1294095225512602 4.354166666666667 12.500000000000002 0 7.5000000000000009 6.5000000000000009 1 3.5000000000000004 -0.98296291314453399 10.500000000000002 2 8.5000000000000018 14.500000000000002 12.500000000000002 17.500000000000004
decision_type=10 2 10 10 10 10 10 10 10 2 10 10 1 2 10 1 10 2 8 1 10 8 8 2
left_child=1 2 3 21 -5 -6 13 10 20 -10 12 -12 -8 17 15 -15 -16 18 -3 -19 -9 23 -23 -1
right_child=-2 6 -4 4 5 -7 7 8 9 -11 11 -13 -14 14 16 -17 -18 19 -20 -21 -22 22 -24 -25
leaf_value=-0.00013373676811230645 -0.012208233713298232 -0.0073366733990481194 0.035134797122167508 0.055505755550058739 -0.048812653319063509 0.007723082720556042 0.015757080966946026 0.080788357406854638 0.019111036357687825 -0.025256914776145369 -0.0075666937098421141 0.0099243125895579418 -0.0023861307563327354 -0.011664550323521011 -0.011804901677587966 0.0066234024536160358 0.027984779453801369 0.0040923525285877591 -0.049649570785861998 4.5652195379041399e-05 0.026969627516651103 0.0020918352718476254 -0.039079157535982609 0.022234271443203876
leaf_weight=45197 37 319 23 22 66 22 259 20 94 57 2049 296 517 338 53 915 266 2397 28 10832 22 415 101 95
leaf_count=45197 37 319 23 22 66 22 259 20 94 57 2049 296 517 338 53 915 266 2397 28 10832 22 415 101 95
internal_value=-6.97366e-08 6.94394e-06 -0.000174868 -0.000192555 -0.0166418 -0.0346787 0.000459367 -0.00211814 0.0132948 0.00236287 -0.00307126 -0.00535887 0.00384171 0.00102326 0.00565247 0.00164995 0.021374 0.000487232 -0.010751 0.000782013 0.0525976 -0.000153055 -0.00596683 -8.68199e-05
internal_weight=64440 64403 45941 45918 110 88 18462 3314 193 151 3121 2345 776 15148 1572 1253 319 13576 347 13229 42 45808 516 45292
internal_count=64440 64403 45941 45918 110 88 18462 3314 193 151 3121 2345 776 15148 1572 1253 319 13576 347 13229 42 45808 516 45292
cat_boundaries=0 1 2 3
cat_threshold=5 16 16
is_linear=0
shrinkage=0.05


Tree=293
num_leaves=23
num_cat=0
split_feature=7 4 9 0 9 8 9 7 9 0 1 8 8 9 9 8 9 7 7 0 0 9
split_gain=1.99189 1.97015 9.22007 23.073 19.4435 16.0427 25.142 12.1549 41.4965 23.3971 4.84742 14.7839 15.7386 29.7445 13.6124 8.1945 22.5235 19.6615 19.7387 13.3857 12.3906 0.786413
threshold=22.500000000000004 -0.78656609248549303 8.8125000000000018 9.5000000000000018 8.6875000000000018 4.5000000000000009 9.3958333333333339 16.500000000000004 8.5625000000000018 9.5000000000000018 12.500000000000002 17.500000000000004 10.500000000000002 5.1875000000000009 5.4375000000000009 6.5000000000000009 1.9375000000000002 16.500000000000004 13.500000000000002 2.5000000000000004 2.5000000000000004 6.8125000000000009
decision_type=10 2 10 2 10 10 10 10 10 2 2 10 10 10 8 8 8 10 10 2 2 10
left_child=1 2 4 -4 7 -5 -7 8 -1 -9 15 12 14 -14 -12 17 20 18 -3 -18 -17 -13
right_child=-2 10 3 5 -6 6 -8 9 -10 -11 11 21 13 -15 -16 16 19 -19 -20 -21 -22 -23
leaf_value=0.00048057958251569396 -0.011597822123282664 -0.00012232467001977617 0.056301889210939406 -0.032140358746051791 -0.044572401652112605 0.044136111074831431 -0.0027863848914808417 -0.0011725124262738974 0.070822441498083741 -0.05903623522818089 -0.0013023133257159831 0.03622899767942727 0.0052691748057653136 -0.015669914318072516 0.002516267801359297 0.00058000517522238876 -0.0050137002055098264 0.043294315670545286 -0.020969517921146597 0.0023288712681360031 0.046714730456817982 0.022375393960447538
leaf_weight=13104 37 28376 25 25 24 41 94 58 21 25 12455 20 266 468 2872 22 698 26 114 5605 43 21
leaf_count=13104 37 28376 25 25 24 41 94 58 21 25 12455 20 266 468 2872 22 698 26 114 5605 43 21
internal_value=3.04957e-08 6.69355e-06 0.000545788 0.0116308 0.000390805 0.00465095 0.0114642 0.000472507 0.000593127 -0.0186013 -0.000135169 -0.000852754 -0.000929301 -0.00808163 -0.000586781 0.000196058 0.00181772 -0.000166081 -0.000205743 0.00151575 0.0310999 0.0291332
internal_weight=64440 64403 13417 185 13232 160 135 13208 13125 83 50986 16102 16061 734 15327 34884 6368 28516 28490 6303 65 41
internal_count=64440 64403 13417 185 13232 160 135 13208 13125 83 50986 16102 16061 734 15327 34884 6368 28516 28490 6303 65 41
is_linear=0
shrinkage=0.05


Tree=294
num_leaves=31
num_cat=0
split_feature=0 5 9 6 7 7 9 6 2 1 2 1 9 0 0 9 9 7 9 6 6 7 8 5 7 6 9 8 8 7
split_gain=2.04653 9.9896 9.99786 27.6397 22.1354 20.3075 23.3567 22.2131 70.9752 35.2409 19.9909 24.6853 17.8664 15.5803 13.1823 7.26796 12.0718 20.4184 16.1851 11.2955 11.8614 7.1081 8.76243 5.35901 14.2018 12.5576 9.931 9.23012 6.82771 19.64
threshold=4.5000000000000009 0.25881904510252057 3.4791666666666674 8.5000000000000018 5.5000000000000009 1.0000000180025095e-35 4.479166666666667 3.5000000000000004 5.5000000000000009 6.5000000000000009 5.5000000000000009 13.500000000000002 2.8125000000000004 6.5000000000000009 6.5000000000000009 10.60416666666667 9.2708333333333339 7.5000000000000009 9.6458333333333339 15.500000000000002 13.500000000000002 15.500000000000002 6.5000000000000009 -0.98296291314453399 9.5000000000000018 2.5000000000000004 4.6458333333333348 2.5000000000000004 9.5000000000000018 9.5000000000000018
decision_type=2 2 8 10 10 8 10 10 2 2 2 2 10 2 2 10 10 10 10 10 8 10 8 2 10 10 10 10 10 10
left_child=21 2 3 4 12 6 13 8 -7 -9 11 -5 -2 -4 -6 16 19 18 -18 20 -3 23 -23 24 25 27 -27 -1 -25 -30
right_child=1 15 5 10 14 7 -8 9 -10 -11 -12 -13 -14 -15 -16 -17 17 -19 -20 -21 -22 22 -24 28 -26 26 -28 -29 29 -31
leaf_value=0.0034383068159222607 -0.0027076724904693842 -0.00249745353532233 0.075579886945585414 -0.0031470978492870931 -0.0032164487438069121 -0.00011760085454897036 -0.01711513414978981 -0.043366107175296008 -0.024272999437884069 0.00145360938264949 -0.062594102323055276 -0.039889113839308266 0.0042255235492626615 0.0179911180358866 -0.015070196410284981 0.016960777443550203 -0.033262255902473746 -0.055703518770892052 0.020230764252764565 0.028490285292781633 -0.027527196720863387 -0.0062593613497235571 0.034478215760353842 0.00017945225626579561 -0.024613015711106162 0.0031822612764394265 -0.018831138292859709 -0.022507903012318895 0.0011007058164563242 0.019873658094472967
leaf_weight=50 1872 3405 24 160 629 1848 20 44 364 13595 23 64 1845 23 374 46 26 29 31 29 48 22 33 38053 74 602 56 109 772 170
leaf_count=50 1872 3405 24 160 629 1848 20 44 364 13595 23 64 1845 23 374 46 26 29 31 29 48 22 33 38053 74 602 56 109 772 170
internal_value=2.89767e-08 -0.000359751 6.02465e-05 -0.00189816 -0.00104493 0.000671342 0.0281405 0.000555234 -0.00409254 0.00130902 -0.0182028 -0.0136448 0.000733744 0.0473981 -0.00763649 -0.00278688 -0.00304148 -0.0215473 -0.00416956 -0.00258441 -0.00284539 0.000220711 0.0181832 0.000195942 -0.00363819 -0.00173839 0.00130878 -0.0143487 0.000283548 0.00448861
internal_weight=64440 24499 20885 4967 4720 15918 67 15851 2212 13639 247 224 3717 47 1003 3614 3568 86 57 3482 3453 39941 55 39886 891 817 658 159 38995 942
internal_count=64440 24499 20885 4967 4720 15918 67 15851 2212 13639 247 224 3717 47 1003 3614 3568 86 57 3482 3453 39941 55 39886 891 817 658 159 38995 942
is_linear=0
shrinkage=0.05


Tree=295
num_leaves=29
num_cat=1
split_feature=2 8 0 8 6 8 7 8 6 5 10 9 7 0 5 9 1 6 8 9 8 8 0 0 0 0 7 9
split_gain=1.98757 12.1789 48.6433 9.46235 17.348 93.0417 41.542 32.7194 21.8373 40.1517 22.5734 13.4207 13.421 93.9885 14.3125 8.31131 23.143 56.4129 26.2474 20.7418 19.6464 13.9083 13.8673 13.53 10.3306 12.8286 44.841 10.1901
threshold=4.5000000000000009 19.500000000000004 10.500000000000002 4.5000000000000009 15.500000000000002 9.5000000000000018 8.5000000000000018 8.5000000000000018 9.5000000000000018 -0.98296291314453399 0 10.60416666666667 11.500000000000002 8.5000000000000018 -0.12940952255126037 9.5625000000000018 17.500000000000004 12.500000000000002 9.5000000000000018 9.4791666666666696 8.5000000000000018 11.500000000000002 9.5000000000000018 3.5000000000000004 20.500000000000004 17.500000000000004 7.5000000000000009 9.2291666666666696
decision_type=2 10 2 8 10 10 10 10 10 2 1 10 10 2 2 10 2 10 10 10 10 8 2 2 2 2 8 10
left_child=15 3 -3 11 8 7 -7 -6 10 -10 -5 12 14 -14 -2 19 17 21 -19 24 22 23 -18 -17 25 27 -27 -1
right_child=1 2 -4 4 5 6 -8 -9 9 -11 -12 -13 13 -15 -16 16 20 18 -20 -21 -22 -23 -24 -25 -26 26 -28 -29
leaf_value=-0.00012817798783644371 0.0043620449152339067 0.017761476312218041 -0.08215980409156709 -0.0057348264286814299 -0.0059827790927441645 0.00088652951971573003 0.067946129035489231 -0.075519668213313532 -0.035418305758804343 -0.0044579872517284879 0.0015785024955883476 0.033275395661820022 0.011705157894751815 -0.078852715131361051 0.0003681289123605111 0.0025117170317646336 0.020122127665672451 -0.025061814738437535 -0.10261840058180194 0.048414748195897452 0.052814061411966887 0.028342508285173346 -0.034389957543462517 -0.02881134494111456 -0.02730006532477481 0.08077453491701321 -0.0014978000004567317 -0.016520922076153129
leaf_weight=45432 3176 29 21 1351 87 34 72 21 116 1077 4685 33 101 40 7637 85 28 20 24 22 24 28 20 58 35 22 67 95
leaf_count=45432 3176 29 21 1351 87 34 72 21 116 1077 4685 33 101 40 7637 85 28 20 24 22 24 28 20 58 35 22 67 95
internal_value=2.75176e-08 0.000437945 -0.0242055 0.000504802 -0.000871686 0.0131582 0.0464364 -0.0195038 -0.00128701 -0.00746838 -6.52799e-05 0.00143729 0.00134137 -0.013985 0.00154122 -0.000176054 -0.00865816 -0.0168746 -0.0673654 -0.000122754 0.0158772 -0.00388288 -0.00259124 -0.0101927 -0.000146145 -0.000125311 0.0188392 -0.000162384
internal_weight=64440 18480 50 18430 7443 214 106 108 7229 1193 6036 10987 10954 141 10813 45960 287 215 44 45673 72 171 48 143 45651 45616 89 45527
internal_count=64440 18480 50 18430 7443 214 106 108 7229 1193 6036 10987 10954 141 10813 45960 287 215 44 45673 72 171 48 143 45651 45616 89 45527
cat_boundaries=0 1
cat_threshold=8
is_linear=0
shrinkage=0.05


Tree=296
num_leaves=14
num_cat=0
split_feature=0 0 9 9 6 6 0 2 7 0 0 6 6
split_gain=2.00939 3.76969 2.99172 15.2507 14.4493 31.4458 38.2251 24.1022 13.9978 14.8123 5.51585 37.5949 8.75691
threshold=22.500000000000004 20.500000000000004 9.4375000000000018 9.3958333333333339 12.500000000000002 15.500000000000002 10.500000000000002 3.5000000000000004 18.500000000000004 15.500000000000002 15.500000000000002 17.500000000000004 22.500000000000004
decision_type=2 2 10 10 10 10 2 2 10 2 2 10 8
left_child=1 2 3 10 8 6 -6 -7 9 -4 12 -12 -1
right_child=-2 -3 4 -5 5 7 -8 -9 -10 -11 11 -13 -14
leaf_value=-1.5128659577542353e-05 -0.011648687196744455 0.016181899834838181 0.001535019870034865 0.033508116653298635 0.009108538716100156 -0.028248357646987732 -0.069028547248906558 0.02020382663009293 0.035760015036378594 -0.041688546112605501 0.0016650863386328436 0.060642044708646585 -0.032308077670279003
leaf_weight=63308 37 36 353 34 24 42 45 66 28 21 396 29 21
leaf_count=63308 37 36 353 34 24 42 45 66 28 21 396 29 21
internal_value=-6.10777e-09 6.68615e-06 -2.36053e-06 3.01159e-05 -0.00358027 -0.0154839 -0.0418504 0.00136131 0.0016609 -0.000891972 1.22621e-05 0.0056894 -2.58371e-05
internal_weight=64440 64403 64367 63788 579 177 69 108 402 374 63754 425 63329
internal_count=64440 64403 64367 63788 579 177 69 108 402 374 63754 425 63329
is_linear=0
shrinkage=0.05


Tree=297
num_leaves=20
num_cat=0
split_feature=8 8 7 9 7 9 8 8 0 8 2 2 6 7 6 6 0 9 7
split_gain=1.94879 2.6109 13.5746 73.8631 58.2838 38.2998 36.8472 34.4415 60.6073 29.4439 29.3647 23.9937 16.5862 13.5805 9.55795 3.87129 4.12546 37.0759 5.3231
threshold=23.500000000000004 14.500000000000002 9.5000000000000018 7.3958333333333348 10.500000000000002 6.5625000000000009 16.500000000000004 15.500000000000002 6.5000000000000009 16.500000000000004 4.5000000000000009 3.5000000000000004 8.5000000000000018 8.5000000000000018 23.500000000000004 21.500000000000004 18.500000000000004 7.979166666666667 11.500000000000002
decision_type=10 10 10 10 10 10 10 10 2 10 2 2 10 10 8 10 2 10 10
left_child=1 14 3 5 9 13 -5 10 -9 12 -6 -7 -4 -3 15 16 18 -18 -1
right_child=-2 2 4 6 7 11 -8 8 -10 -11 -12 -13 -14 -15 -16 -17 17 -19 -20
leaf_value=-4.3645091952132391e-05 0.015605235851835458 -0.0047036914552901748 0.051327943021342873 -0.027501762961899795 -0.013161470471271154 0.073665777842203781 -0.11467379859902643 0.06606045962475679 -0.0065717429738189727 0.081680049113929287 -0.077108749374747279 0.0098075889443096365 -0.0084163135060897256 -0.036833092842150382 0.034591003730893133 -0.018567072653344698 -0.034192794974407428 0.018642863346030936 0.0023584240546167747
leaf_weight=61018 20 296 21 27 58 24 22 34 185 30 26 38 26 37 20 28 69 64 2397
leaf_count=61018 20 296 21 27 58 24 22 34 185 30 26 38 26 37 20 28 69 64 2397
internal_value=-5.79297e-09 -4.85064e-06 -0.00280129 -0.00873834 0.00413567 -0.00155557 -0.0666402 -0.00573568 0.00470449 0.0429801 -0.0329547 0.0345269 0.0182779 -0.00827362 3.13823e-05 2.05104e-05 2.87003e-05 -0.00876812 4.71498e-05
internal_weight=64440 64420 824 444 380 395 49 303 219 77 84 62 47 333 63596 63576 63548 133 63415
internal_count=64440 64420 824 444 380 395 49 303 219 77 84 62 47 333 63596 63576 63548 133 63415
is_linear=0
shrinkage=0.05


Tree=298
num_leaves=27
num_cat=0
split_feature=7 1 1 8 9 0 0 1 9 9 8 8 4 1 9 7 0 9 9 9 2 9 6 9 0 9
split_gain=1.93344 1.88952 4.03753 7.79385 9.44347 7.06458 6.09804 5.86829 10.2886 32.3262 19.6123 5.08696 22.2063 6.2439 3.96106 5.07337 4.25922 3.89496 5.72213 10.1075 14.3657 4.23252 10.7465 3.84599 4.44994 3.5073
threshold=22.500000000000004 1.0000000180025095e-35 4.5000000000000009 3.5000000000000004 4.1875000000000009 1.5000000000000002 3.5000000000000004 5.5000000000000009 5.4375000000000009 5.2708333333333348 5.5000000000000009 1.5000000000000002 -0.5 13.500000000000002 3.0625000000000004 1.0000000180025095e-35 3.5000000000000004 8.6041666666666696 7.5625000000000009 7.729166666666667 3.5000000000000004 9.0625000000000018 5.5000000000000009 2.1875000000000004 1.0000000180025095e-35 2.0208333333333335
decision_type=10 2 2 8 10 2 2 2 8 10 10 8 2 2 10 10 2 8 10 10 2 8 8 10 2 10
left_child=1 17 3 14 5 -5 -6 8 9 -4 -10 12 -9 -13 16 -16 -3 18 23 -20 -21 -19 -23 25 -25 -1
right_child=-2 2 7 4 6 -7 -8 11 10 -11 -12 13 -14 -15 15 -17 -18 21 19 20 -22 22 -24 24 -26 -27
leaf_value=0.0032675875648429855 -0.011426427477114909 -0.0018669878966852034 0.0029408350458749351 -0.004422500262421275 -0.0098733581817730311 0.01666488172978179 -0.034645374422823942 0.0026041178631637791 -0.0017440934395638909 0.039585091588237593 -0.050982622110417909 0.00087510319608383408 -0.0037172058827695041 -0.00034569252872910589 0.0020011699916187334 -0.0008814821755522644 -0.017031193542432915 -0.029198598484730439 0.043547404438934546 0.024196175828173357 -0.024301012089619271 0.019087923160539227 -0.029662728141993285 -0.0039472169954911547 0.0016004555845136514 0.015660281944422958
leaf_weight=213 37 3133 2055 126 311 58 27 2215 547 62 21 18980 3727 23371 2238 4800 47 21 22 37 26 26 20 453 1789 78
leaf_count=213 37 3133 2055 126 311 58 27 2215 547 62 21 18980 3727 23371 2238 4800 47 21 22 37 26 26 20 453 1789 78
internal_value=-5.48898e-09 6.55907e-06 -4.99293e-05 -0.000931001 -0.00689025 0.00222461 -0.0118522 0.000135694 0.00241081 0.00401403 -0.00356453 9.20161e-06 -0.00136081 0.000201419 -0.000626564 3.51668e-05 -0.00209111 0.00130501 0.00160966 0.0143703 0.00418146 -0.0105991 -0.00210801 0.00118145 0.000479539 0.00658934
internal_weight=64440 64403 61718 10740 522 184 338 50978 2685 2117 568 48293 5942 42351 10218 7038 3180 2685 2618 85 63 67 46 2533 2242 291
internal_count=64440 64403 61718 10740 522 184 338 50978 2685 2117 568 48293 5942 42351 10218 7038 3180 2685 2618 85 63 67 46 2533 2242 291
is_linear=0
shrinkage=0.05


Tree=299
num_leaves=24
num_cat=1
split_feature=0 4 9 9 8 0 8 8 6 9 8 9 9 10 8 0 6 0 0 6 7 0 0
split_gain=1.91811 1.93107 8.38634 16.7683 41.288 36.4679 35.7094 33.3229 12.0097 24.3308 62.9515 33.8007 16.3786 23.9065 14.4614 5.64774 5.84115 12.5481 41.8947 23.5124 7.69846 18.3601 16.193
threshold=23.500000000000004 -0.70710678118654735 8.0208333333333339 8.3541666666666696 5.5000000000000009 6.5000000000000009 12.500000000000002 4.5000000000000009 8.5000000000000018 7.8125000000000009 11.500000000000002 7.7708333333333348 4.354166666666667 0 7.5000000000000009 21.500000000000004 8.5000000000000018 3.5000000000000004 4.5000000000000009 13.500000000000002 7.5000000000000009 11.500000000000002 13.500000000000002
decision_type=2 2 10 10 10 2 10 10 10 10 8 8 10 1 10 2 10 2 2 10 10 2 2
left_child=1 2 8 4 -4 -5 -6 -7 12 11 -11 -10 14 -14 -1 16 20 19 -19 -18 22 -22 -3
right_child=-2 15 3 5 6 7 -8 -9 9 10 -12 -13 13 -15 -16 -17 17 18 -20 -21 21 -23 -24
leaf_value=0.00052380311687957653 0.015481901913881303 -0.00016228451267395684 0.071783916838467118 0.048578940513166219 -0.011489697955076353 -0.040488859823045252 0.064388485699892042 0.0032086120469914923 -0.0024950044632879864 -0.063720341004431247 0.031023583830230766 0.061200622362749917 0.0076946512226965542 -0.00041678057100896782 -0.0054633617932280613 -0.024411853660906979 -0.010723856272558566 0.020084665375359734 0.00090886603778668441 0.045102943219244483 -0.0014305636960139667 -0.014145236555792272 0.018466650571228347
leaf_weight=8201 20 39158 32 37 69 52 20 271 2542 50 27 21 1854 1778 1150 24 331 307 3945 20 4109 305 117
leaf_count=8201 20 39158 32 37 69 52 20 271 2542 50 27 21 1854 1778 1150 24 331 307 3945 20 4109 305 117
internal_value=-5.22389e-09 -4.81178e-06 0.000469362 0.00697214 0.0230749 0.00155982 0.00556158 -0.00382628 0.000269155 -0.0028051 -0.0304984 -0.00197311 0.000894282 0.00374384 -0.000212507 -0.000162857 -0.000150805 0.00154333 0.00229338 -0.00754284 -0.000329296 -0.00230913 -0.000106789
internal_weight=64440 64420 16104 481 121 360 89 323 15623 2640 77 2563 12983 3632 9351 48316 48292 4603 4252 351 43689 4414 39275
internal_count=64440 64420 16104 481 121 360 89 323 15623 2640 77 2563 12983 3632 9351 48316 48292 4603 4252 351 43689 4414 39275
cat_boundaries=0 1
cat_threshold=24
is_linear=0
shrinkage=0.05


end of trees

feature_importances:
ed_arrivals_roll_mean_24h=1823
ed_arrivals=1055
ed_arrivals_lag_1h=947
ed_arrivals_lag_168h=888
ed_arrivals_lag_24h=818
hour=610
hour_cos=562
day_of_week=439
hour_sin=437
hospital_id=338

parameters:
[boosting: gbdt]
[objective: regression]
[metric: l2]
[tree_learner: serial]
[device_type: cpu]
[data_sample_strategy: bagging]
[data: ]
[valid: ]
[num_iterations: 300]
[learning_rate: 0.05]
[num_leaves: 31]
[num_threads: 4]
[seed: 42]
[deterministic: 0]
[force_col_wise: 0]
[force_row_wise: 0]
[histogram_pool_size: -1]
[max_depth: 6]
[min_data_in_leaf: 20]
[min_sum_hessian_in_leaf: 0.001]
[bagging_fraction: 1]
[pos_bagging_fraction: 1]
[neg_bagging_fraction: 1]
[bagging_freq: 0]
[bagging_seed: 400]
[bagging_by_query: 0]
[feature_fraction: 1]
[feature_fraction_bynode: 1]
[feature_fraction_seed: 30056]
[extra_trees: 0]
[extra_seed: 12879]
[early_stopping_round: 0]
[early_stopping_min_delta: 0]
[first_metric_only: 0]
[max_delta_step: 0]
[lambda_l1: 0]
[lambda_l2: 0]
[linear_lambda: 0]
[min_gain_to_split: 0]
[drop_rate: 0.1]
[max_drop: 50]
[skip_drop: 0.5]
[xgboost_dart_mode: 0]
[uniform_drop: 0]
[drop_seed: 17869]
[top_rate: 0.2]
[other_rate: 0.1]
[min_data_per_group: 100]
[max_cat_threshold: 32]
[cat_l2: 10]
[cat_smooth: 10]
[max_cat_to_onehot: 4]
[top_k: 20]
[monotone_constraints: ]
[monotone_constraints_method: basic]
[monotone_penalty: 0]
[feature_contri: ]
[forcedsplits_filename: ]
[refit_decay_rate: 0.9]
[cegb_tradeoff: 1]
[cegb_penalty_split: 0]
[cegb_penalty_feature_lazy: ]
[cegb_penalty_feature_coupled: ]
[path_smooth: 0]
[interaction_constraints: ]
[verbosity: -1]
[saved_feature_importance_type: 0]
[use_quantized_grad: 0]
[num_grad_quant_bins: 4]
[quant_train_renew_leaf: 0]
[stochastic_rounding: 1]
[linear_tree: 0]
[max_bin: 255]
[max_bin_by_feature: ]
[min_data_in_bin: 3]
[bin_construct_sample_cnt: 200000]
[data_random_seed: 175]
[is_enable_sparse: 1]
[enable_bundle: 1]
[use_missing: 1]
[zero_as_missing: 0]
[feature_pre_filter: 1]
[pre_partition: 0]
[two_round: 0]
[header: 0]
[label_column: ]
[weight_column: ]
[group_column: ]
[ignore_column: ]
[categorical_feature: 10]
[forcedbins_filename: ]
[precise_float_parser: 0]
[parser_config_file: ]
[objective_seed: 16083]
[num_class: 1]
[is_unbalance: 0]
[scale_pos_weight: 1]
[sigmoid: 1]
[boost_from_average: 1]
[reg_sqrt: 0]
[alpha: 0.9]
[fair_c: 1]
[poisson_max_delta_step: 0.7]
[tweedie_variance_power: 1.5]
[lambdarank_truncation_level: 30]
[lambdarank_norm: 1]
[label_gain: ]
[lambdarank_position_bias_regularization: 0]
[eval_at: ]
[multi_error_top_k: 1]
[auc_mu_weights: ]
[num_machines: 1]
[local_listen_port: 12400]
[time_out: 120]
[machine_list_filename: ]
[machines: ]
[gpu_platform_id: -1]
[gpu_device_id: -1]
[gpu_use_dp: 0]
[num_gpu: 1]

end of parameters

pandas_categorical:[["HHN-BIR-01", "HHN-EDI-01", "HHN-LON-01", "HHN-LON-02", "HHN-MAN-01"]]
