tree
version=v4
num_class=1
num_tree_per_iteration=1
label_index=0
max_feature_idx=51
objective=regression
feature_names=occupied_beds staffed_beds total_beds closed_beds hours_ge_85pct hours_ge_90pct occupancy_rate available_bed_ratio closed_bed_ratio staffed_bed_ratio day_of_week is_weekend month day_of_year week_of_year dow_sin dow_cos month_sin month_cos is_holiday occupied_lag_1 occupied_lag_7 occupied_lag_14 occupied_lag_28 occupied_roll_mean_7 occupied_roll_std_7 occupied_roll_mean_14 occupied_roll_std_14 occupied_roll_mean_30 occupied_roll_std_30 bottleneck_roll7_ge90pct n_admissions n_emergency_admissions n_elective_admissions n_admissions_lag1 n_admissions_roll7 n_emergency_admissions_roll7 median_los_roll30 ed_arrivals ed_admitted ed_high_acuity_arrivals ed_arrivals_lag1 ed_arrivals_roll7 ed_high_acuity_arrivals_roll7 n_scheduled surgeries_scheduled_next_7d safe_staffing_rate safe_staffing_rate_lag1 safe_staffing_rate_roll7_lag1 hospital_id ward bed_type
feature_infos=[0:42.583333333333336] [2.6666666666666665:58] [3:58] [0:8] [0:1] [0:1] [0:1] [0:1] [0:0.33333333333333331] [0.88888888888888884:1] [0:6] [0:1] [1:12] [1:366] [1:52] [-0.97492791218182362:0.97492791218182362] [-0.90096886790241903:1] [-1:1] [-1:1] [0:1] [0:43.333333333333336] [0:43.333333333333336] [0:43.333333333333336] [0:43.333333333333336] [0.065476190476190535:39.363095238095241] [0.020331251519280748:10.980344090656066] [0.11011904761904763:37.645833333333329] [0.02638848724072158:8.7140379294572359] [0.13333333333333333:36.677777777777777] [0.038531471935446135:7.960723849109943] [0:1] [0:28] [0:28] [0:12] [0:28] [0.14285714285714285:16.142857142857142] [0:15.857142857142858] [4.5499999999999998:141.40000000000001] [19:329] [4:102] [1:60] [19:329] [37.428571428571431:235.14285714285714] [4.1428571428571432:39.857142857142854] [0:15] [0:52] [0.25:1] [0.25:1] [0.5:1] -1:0:1:2:3:4 -1:0:1:2:3:4:5:6:7 -1:2:0:1
tree_sizes=2728 2822 2787 2768 2772 2811 2769 2824 2751 2753 2793 2793 2773 2814 2830 2821 2795 2802 2779 2814 2824 2840 2821 2842 2843 2838 2844 2815 2839 2834 2860 2801 2813 2805 2853 2843 2818 2866 2841 2851 2853 2874 2807 2852 2839 2840 2795 2833 2787 2856 2833 2848 2860 2845 2854 2787 2867 2875 2857 2895 2853 2859 2851 2822 2851 2842 2894 2885 2883 2869 2874 2880 2857 2854 2859 2900 2895 2874 2856 2877 2875 2885 2867 2871 2856 2878 2820 2833 2865 2894 2906 2851 2788 2835 2824 2867 2878 2648 2900 2895 2852 2848 2857 2829 2830 2884 2695 2834 2891 2873 2893 2862 2821 2882 2840 2898 2886 2574 2829 2615 2845 2847 2851 2883 2578 2845 2824 2788 2849 2406 2210 2763 2845 2684 2841 2899 2887 2869 2891 2626 2840 2893 2856 2321 2337 1861 1194 2863 2833 2863 1546 2608 2084 1907 2836 2833 2881 2851 2883 2877 2830 2491 2063 2334 2854 2813 1634 2580 2331 2860 2831 2872 2862 2717 1825 2820 2087 2871 2486 2820 1743 2854 1778 2825 2907 2900 2815 2852 2817 2861 2864 2356 2594 2907 2817 1317 2866 2683 2872 2297 2854 1710 2780 2766 1786 2850 2559 2178 2828 1849 2808 2876 1703 2836 2792 2134 2136 2889 1974 2822 2417 1876 2042 2886 2739 1717 2866 2834 2834 1758 2902 2912 2125 2377 1198 2846 2437 1755 2870 2871 2850 1786 2851 2042 2910 2857 2879 2639 2791 2849 2856 1458 1899 2219 2889 2862 2892 2055 2264 2863 2887 2887 1547 2870 2812 2858 2450 2864 2411 2900 2878 2841 1808 1961 2131 2369 2594 2871 2531 1114 2754 2245 2845 2724 2862 2134 2847 1116 2318 2663 2820 2792 2892 2889 2765 2851 2802 2904 2861 2867

Tree=0
num_leaves=31
num_cat=1
split_feature=28 1 28 1 28 28 29 0 1 0 13 49 28 45 42 18 26 16 16 45 13 35 42 18 28 18 42 17 22 1
split_gain=866014 196366 141033 28208.2 24902.1 18742.7 9806.02 7897.01 6359.87 6068.04 3515.44 3358.62 3145.24 2446.35 2329.72 1802.24 1729.76 1363.68 1236.76 1146.59 1084.01 1015.7 1014.56 993.776 992.109 905.273 903.181 842.263 782.436 722.888
threshold=14.847222222222225 8.3541666666666696 23.470138888888894 20.166666666666668 29.695833333333336 11.543750000000003 0.71480869369740763 21.020833333333339 10.35416666666667 28.020833333333339 65.500000000000014 0 12.879861111111113 15.500000000000002 92.928571428571445 -0.24999999999999994 25.809523809523814 1.0000000180025095e-35 1.0000000180025095e-35 18.500000000000004 69.500000000000014 5.5000000000000009 140.21428571428575 0.25000000000000017 9.5076388888888914 -0.5 93.928571428571445 0.93301270189221952 23.854166666666668 9.3541666666666696
decision_type=2 2 2 2 2 2 2 2 2 2 2 1 2 2 2 2 2 2 2 2 2 2 2 2 2 2 2 2 2 2
left_child=1 6 3 11 9 8 -1 13 29 16 22 26 -7 14 -5 18 20 -15 -9 21 -4 -12 -6 28 -10 -13 -2 -18 -11 -3
right_child=2 5 4 7 10 12 -8 15 24 23 19 25 -14 17 -16 -17 27 -19 -20 -21 -22 -23 -24 -25 -26 -27 -28 -29 -30 -31
leaf_value=13.452292496526738 14.231331147817233 13.790405454485137 14.680383733164447 14.274725134873629 14.76908793276036 14.017754173567946 13.694761776279842 14.535988439947612 13.898970075694185 14.644994789802112 14.638767417249998 13.992666988750143 14.128973055978568 14.538453864716772 14.402995638388299 14.605962922940467 14.712703246709367 14.406761698861537 14.388262641106005 15.051669964952771 14.544429971638012 14.903931685872504 15.136098822598562 14.921153152950492 13.967947876961185 14.171457002276572 14.302919431886123 14.52855388250036 14.826356447437188 13.859413470568846
leaf_weight=2537 701 506 191 529 20 1199 499 449 647 85 39 78 1353 368 1070 670 495 422 207 127 631 488 322 184 2683 767 1186 71 198 1518
leaf_count=2537 701 506 191 529 20 1199 499 449 647 85 39 78 1353 368 1070 670 495 422 207 127 631 488 322 184 2683 767 1186 71 198 1518
internal_value=14.1354 13.834 14.4902 14.3607 14.7831 13.9652 13.4921 14.4504 13.9121 14.6748 14.9847 14.2388 14.0767 14.3961 14.3606 14.5483 14.6223 14.4681 14.4894 14.9168 14.576 14.8843 15.1146 14.8307 13.9545 14.1547 14.2756 14.6896 14.7719 13.8422
internal_weight=20240 10942 9298 6447 2851 7906 3036 3715 5354 1855 996 2732 2552 2389 1599 1326 1388 790 656 654 822 527 342 467 3330 845 1887 566 283 2024
internal_count=20240 10942 9298 6447 2851 7906 3036 3715 5354 1855 996 2732 2552 2389 1599 1326 1388 790 656 654 822 527 342 467 3330 845 1887 566 283 2024
cat_boundaries=0 1
cat_threshold=24
is_linear=0
shrinkage=1


Tree=1
num_leaves=31
num_cat=1
split_feature=28 1 28 1 28 28 29 0 0 28 1 13 49 45 42 13 26 16 45 13 42 14 22 0 16 42 17 28 42 0
split_gain=781578 177220 127283 25457.9 22474.1 16987.7 8849.93 7127.05 5476.41 4512.77 4246.65 3172.68 3031.15 2207.83 2102.6 1631.7 1561.11 1230.72 1034.8 978.319 915.64 896.209 958.182 884.155 881.14 823.702 760.142 749.154 727.552 702.882
threshold=14.847222222222225 8.3541666666666696 23.470138888888894 20.166666666666668 29.695833333333336 11.049305555555557 0.71480869369740763 21.020833333333339 28.020833333333339 12.702083333333336 10.35416666666667 65.500000000000014 0 15.500000000000002 93.357142857142875 70.500000000000014 25.809523809523814 1.0000000180025095e-35 18.500000000000004 69.500000000000014 140.21428571428575 36.500000000000007 23.854166666666668 18.729166666666668 1.0000000180025095e-35 136.50000000000003 0.93301270189221952 8.7409722222222239 93.928571428571445 14.937500000000002
decision_type=2 2 2 2 2 2 2 2 2 2 2 2 1 2 2 2 2 2 2 2 2 2 2 2 2 2 2 2 2 2
left_child=1 6 3 12 8 10 -1 13 16 -7 -3 20 23 14 -5 -9 19 -15 25 -4 -6 22 -10 28 -17 -13 -18 -12 -2 -11
right_child=2 5 4 7 11 9 -8 15 21 29 27 18 -14 17 -16 24 26 -19 -20 -21 -22 -23 -24 -25 -26 -27 -28 -29 -30 -31
leaf_value=-0.64899338345194968 0.077648160609565267 -0.27861787292208129 0.51769329612557802 0.13368002089487593 0.6019622576236725 -0.12642982280585416 -0.4186475782451744 0.52458402093010725 0.47673796651127581 -0.040926073771887228 -0.25463227274606209 0.56030577931117698 0.018317608423340435 0.38285990836928885 0.25486006294614821 0.40102245742700876 0.54839681018181519 0.25775235356736526 0.87041518369058923 0.38853722384500966 0.95062259294971918 0.7642280819515388 0.66817699050338109 0.21448244350548418 0.30805090703357463 0.73727944909201737 0.37345493202373176 -0.17130011927317579 0.14661429696880265 0.029450896114324318
leaf_weight=2537 633 2024 191 541 20 1922 499 198 91 787 307 77 845 368 1058 739 495 422 127 631 322 144 232 288 389 450 71 2220 966 646
leaf_count=2537 633 2024 191 541 20 1922 499 198 91 787 307 77 845 368 1058 739 495 422 127 631 322 144 232 288 389 450 71 2220 966 646
internal_value=-1.00411e-09 -0.286416 0.337058 0.214037 0.615247 -0.161721 -0.611134 0.299241 0.512381 -0.0763582 -0.22465 0.806829 0.0981747 0.247646 0.21386 0.392198 0.462549 0.31603 0.742297 0.418548 0.930233 0.66049 0.614242 0.133132 0.36896 0.711422 0.526452 -0.181424 0.119313 -0.00919996
internal_weight=20240 10942 9298 6447 2851 7906 3036 3715 1855 3355 4551 996 2732 2389 1599 1326 1388 790 654 822 342 467 323 1887 1128 527 566 2527 1599 1433
internal_count=20240 10942 9298 6447 2851 7906 3036 3715 1855 3355 4551 996 2732 2389 1599 1326 1388 790 654 822 342 467 323 1887 1128 527 566 2527 1599 1433
cat_boundaries=0 1
cat_threshold=24
is_linear=0
shrinkage=0.05


Tree=2
num_leaves=31
num_cat=1
split_feature=28 1 28 1 28 28 1 28 45 28 42 16 13 49 28 17 42 1 13 6 13 13 35 22 1 13 42 18 42 27
split_gain=705376 159941 114872 22974.9 20282.9 15355.9 7962.61 5818.96 5106.55 3888.97 3320.34 3141.43 2863.34 2735.06 2092.93 1908.68 1553.84 1416.51 1377.69 1106.77 1053.96 998.73 1090.63 989.227 949.545 869.378 826.365 817.009 735.335 599.226
threshold=14.847222222222225 8.3541666666666696 23.470138888888894 20.166666666666668 29.695833333333336 10.421527777777779 5.854166666666667 12.702083333333336 15.500000000000002 26.268750000000001 92.071428571428584 1.0000000180025095e-35 65.500000000000014 0 8.7409722222222239 -0.5 118.21428571428574 34.770833333333336 55.500000000000007 0.47961233985980184 81.500000000000014 295.50000000000006 6.0714285714285721 32.145833333333336 11.35416666666667 109.50000000000001 140.21428571428575 -0.5 93.928571428571445 4.5889887682900694
decision_type=2 2 2 2 2 2 2 2 2 2 2 2 2 1 2 2 2 2 2 2 2 2 2 2 2 2 2 2 2 2
left_child=1 6 3 13 9 14 -1 -7 10 18 -5 20 26 28 -3 -11 -13 -12 29 -17 -10 25 -23 -20 -16 -14 -6 -15 -2 -4
right_child=2 5 4 8 12 7 -8 -9 11 15 17 16 21 27 24 19 -18 -19 23 -21 -22 22 -24 -25 -26 -27 -28 -29 -30 -31
leaf_value=-0.61678962430463957 0.086547249392971676 -0.27877731759625807 0.56660470673532204 0.13472557872748125 0.57186416476964952 -0.13141096415081557 -0.39951291348152013 -0.0087399625382694867 0.57328254300704662 0.74169833201126467 0.25078605006803506 0.22106143807331657 0.71600777580096475 -0.13655349913662157 -0.22317738558240602 0.37555987817113817 0.38242516780280633 0.37636026559677321 0.38544194659068087 0.56307393532599026 0.39618908018203436 0.45248626947402953 0.84282827755984135 0.6646569981719509 -0.1509839805072429 0.57263842393284203 0.90309146502003168 0.033297016452682224 0.15114201997991017 0.33340840096352625
leaf_weight=2530 701 1413 198 604 20 2971 506 1433 94 137 1266 468 301 78 1418 92 219 273 819 544 791 20 170 33 671 163 322 767 1186 32
leaf_count=2530 701 1413 198 604 20 2971 506 1433 94 137 1266 468 301 78 1418 92 219 273 819 544 791 20 170 33 671 163 322 767 1186 32
internal_value=4.53271e-07 -0.272095 0.320206 0.203336 0.584485 -0.153635 -0.580577 -0.0914955 0.284279 0.486762 0.234072 0.352724 0.766488 0.0932693 -0.231778 0.572414 0.272501 0.273061 0.425571 0.535949 0.414999 0.705182 0.80174 0.396257 -0.199988 0.665643 0.883721 0.0174124 0.126476 0.53416
internal_weight=20240 10942 9298 6447 2851 7906 3036 4404 3715 1855 2143 1572 996 2732 3502 773 687 1539 1082 636 885 654 190 852 2089 464 342 845 1887 230
internal_count=20240 10942 9298 6447 2851 7906 3036 4404 3715 1855 2143 1572 996 2732 3502 773 687 1539 1082 636 885 654 190 852 2089 464 342 845 1887 230
cat_boundaries=0 1
cat_threshold=24
is_linear=0
shrinkage=0.05


Tree=3
num_leaves=31
num_cat=2
split_feature=28 1 0 28 1 28 29 26 1 49 12 0 18 18 17 24 13 36 45 1 45 45 28 0 51 0 13 28 13 42
split_gain=636602 144347 104165 28598 14012.7 13985.1 7215.79 5274.59 4708.62 4589.41 2492.74 2304.06 2263.43 1772.36 1646.95 1563.24 1464.49 1346.82 1132.42 1140.54 985.313 926.049 807.142 741.351 854.029 670.327 652.798 599.738 573.336 535.208
threshold=14.847222222222225 8.3541666666666696 21.187500000000004 26.268750000000001 18.645833333333339 11.543750000000003 0.71480869369740763 31.657738095238098 10.35416666666667 0 2.5000000000000004 13.22916666666667 -0.5 -0.5 -0.5 16.312500000000004 66.500000000000014 6.3571428571428585 37.500000000000007 33.041666666666679 34.500000000000007 37.500000000000007 25.771527777777781 11.60416666666667 1 6.979166666666667 349.50000000000006 12.879861111111113 295.50000000000006 143.92857142857147
decision_type=2 2 2 2 2 2 2 2 2 1 2 2 2 2 2 2 2 2 2 2 2 2 2 2 1 2 2 2 2 2
left_child=1 6 4 10 15 8 -1 14 25 13 -4 27 21 22 -5 -2 29 -16 19 -12 -14 -11 -6 24 -10 -3 -15 -7 -18 -9
right_child=2 5 3 7 9 11 -8 16 23 12 18 -13 20 26 17 -17 28 -19 -20 -21 -22 -23 -24 -25 -26 -27 -28 -29 -30 -31
leaf_value=-0.58573420616318317 0.025216711578546561 -0.30567079207538506 0.49941123479991473 0.74374659005922594 0.26443773010884808 -0.11349529329280683 -0.3777395486831665 0.59713113099336634 -0.15624726413741941 0.13286040825231479 0.3175114944468711 0.0052149604272158645 0.22827440739170723 0.46937769580083766 0.50258984887476355 0.10927709069318042 0.64692422858814691 0.6303663125411425 0.56917584259663856 0.40358595904842842 0.41535252862282707 0.36970741388409639 0.45727137613200375 -0.12012901126757798 -0.23358719059649635 -0.23657952674472607 0.21097907721996309 -0.045503680704800258 0.7832978107452393 0.86384297926214682
leaf_weight=2537 1023 452 393 151 435 971 499 20 1855 1026 977 1094 1440 258 428 1204 201 398 62 635 74 43 62 1033 442 1572 27 487 125 316
leaf_count=2537 1023 452 393 151 435 971 499 20 1855 1026 977 1094 1440 258 428 1204 201 398 62 635 74 43 62 1033 442 1572 27 487 125 316
internal_value=4.30361e-07 -0.25849 0.304196 0.509769 0.167955 -0.145953 -0.551548 0.665748 -0.191865 0.232345 0.386088 -0.0496313 0.197325 0.341133 0.591914 0.0706629 0.774715 0.564158 0.359483 0.351418 0.237418 0.142387 0.288493 -0.155309 -0.171129 -0.252009 0.444898 -0.0907848 0.699215 0.847967
internal_weight=20240 10942 9298 3706 5592 7906 3036 1639 5354 3365 2067 2552 2583 782 977 2227 662 826 1674 1612 1514 1069 497 3330 2297 2024 285 1458 326 336
internal_count=20240 10942 9298 3706 5592 7906 3036 1639 5354 3365 2067 2552 2583 782 977 2227 662 826 1674 1612 1514 1069 497 3330 2297 2024 285 1458 326 336
cat_boundaries=0 1 2
cat_threshold=12 4
is_linear=0
shrinkage=0.05


Tree=4
num_leaves=31
num_cat=1
split_feature=28 1 28 1 28 28 29 18 1 1 42 13 0 1 1 16 45 42 0 18 0 45 17 51 35 42 45 13 42 1
split_gain=574594 136115 88606.9 24279.7 15682.1 8063.25 6512.25 5873.39 5302.11 3467.15 2384.86 2310.45 1999.16 1994.71 1689.08 1518.68 1808.49 1166.36 1090.72 1082.77 962.248 936.713 898.08 809.51 808.219 683.155 652.132 650.431 619.442 608.665
threshold=15.229861111111113 8.3541666666666696 25.469444444444449 22.166666666666668 11.94652777777778 29.695833333333336 0.71480869369740763 -0.5 10.35416666666667 18.645833333333339 117.78571428571429 65.500000000000014 28.854166666666668 34.770833333333336 49.208333333333336 1.0000000180025095e-35 18.500000000000004 76.357142857142875 16.020833333333339 -0.5 11.395833333333334 18.500000000000004 -0.5 0 5.5000000000000009 140.21428571428575 23.500000000000004 283.50000000000006 89.214285714285737 9.3541666666666696
decision_type=2 2 2 2 2 2 2 2 2 2 2 2 2 2 2 2 2 2 2 2 2 2 2 1 2 2 2 2 2 2
left_child=1 6 3 9 8 12 -1 15 29 18 14 25 22 -12 -9 16 -5 -6 -2 -11 23 24 -4 -10 -13 -7 27 -14 -17 -3
right_child=2 4 5 7 17 11 -8 10 20 19 13 21 26 -15 -16 28 -18 -19 -20 -21 -22 -23 -24 -25 -26 -27 -28 -29 -30 -31
leaf_value=-0.55644750833793288 0.028458334566956203 -0.28689990349909061 0.6028681360758269 0.2065742193862958 -0.05309603312121617 0.51435980200767517 -0.35885257195375253 0.27475795841191575 -0.14687854228228764 0.11923461421948363 0.38387470012225333 0.38912420500165379 0.50690290956338357 0.57383036095163098 0.50293290713331207 0.11256672844438897 0.34811799083111084 0.020541155473235088 0.10534878730501418 0.20855393162340419 -0.11092757654768658 0.75942668820929349 0.42256836262261299 -0.22232348212568853 0.62566048479257308 0.81552149390581974 0.73056746202966449 0.68443854782316427 0.2130853054060213 -0.22357810376818157
leaf_weight=2537 748 506 78 460 1074 20 499 746 1967 523 976 39 182 161 91 242 443 1077 1203 966 1651 127 603 434 488 322 69 72 418 1518
leaf_count=2537 748 506 78 460 1074 20 499 746 1967 523 976 39 182 161 91 242 443 1077 1203 966 1651 127 603 434 488 322 69 72 418 1518
internal_value=4.06712e-07 -0.237839 0.298406 0.214301 -0.132248 0.591804 -0.523971 0.306287 -0.173322 0.119722 0.363619 0.692601 0.49181 0.410773 0.299566 0.233878 0.276014 -0.0162261 0.0758695 0.177181 -0.140311 0.637531 0.443219 -0.160516 0.608156 0.79791 0.594257 0.557228 0.176228 -0.239409
internal_weight=20240 11263 8977 6977 8227 2000 3036 3537 6076 3440 1974 996 1004 1137 837 1563 903 2151 1951 1489 4052 654 681 2401 527 342 323 254 660 2024
internal_count=20240 11263 8977 6977 8227 2000 3036 3537 6076 3440 1974 996 1004 1137 837 1563 903 2151 1951 1489 4052 654 681 2401 527 342 323 254 660 2024
cat_boundaries=0 1
cat_threshold=4
is_linear=0
shrinkage=0.05


Tree=5
num_leaves=31
num_cat=1
split_feature=28 1 28 1 28 28 29 45 28 20 42 16 49 28 14 22 42 37 1 45 22 45 6 18 35 1 14 43 18 45
split_gain=518676 117540 85006.3 16904.5 14910.6 11468.6 5877.3 4037.35 3924.37 3008.94 2654.42 2636.81 2148.32 1950.22 1893.37 1481.04 1199.21 1105.63 1042.05 932.733 921.511 846.993 771.165 731.061 710.664 705.034 599.282 599.177 590.188 620.85
threshold=14.847222222222225 8.3541666666666696 23.470138888888894 20.166666666666668 29.695833333333336 10.652083333333335 0.71480869369740763 15.500000000000002 12.702083333333336 28.270833333333339 92.071428571428584 1.0000000180025095e-35 0 8.8659722222222239 10.500000000000002 24.020833333333339 118.21428571428574 79.375000000000014 33.041666666666679 16.500000000000004 27.020833333333339 37.500000000000007 0.57619333600249134 -0.5 5.2142857142857153 11.35416666666667 41.500000000000007 16.500000000000004 -0.24999999999999994 8.5000000000000018
decision_type=2 2 2 2 2 2 2 2 2 2 2 2 1 2 2 2 2 2 2 2 2 2 2 2 2 2 2 2 2 2
left_child=1 6 3 12 9 13 -1 10 -7 15 -5 21 28 -3 22 -4 -13 -12 -17 24 26 -9 -6 -14 -16 -15 -11 -21 29 -2
right_child=2 5 4 7 14 8 -8 11 -10 20 17 16 23 25 19 18 -18 -19 -20 27 -22 -23 -24 -25 -26 -27 -28 -29 -30 -31
leaf_value=-0.52862512321983401 0.047501585423687494 -0.23666044842867834 0.30976971473307052 0.11000397750710381 0.44292414736002689 -0.10955050008951289 -0.34090993327941588 0.34672109963268549 -0.0068506662158681567 0.42889482363779097 0.2452184404911206 0.18564506606994852 -0.13320797636018444 -0.18553141440483745 0.27206895250827073 0.36403034457620276 0.32740440073776056 0.077870966884184559 0.46954482239709538 0.4890592393690143 0.60801674623731883 0.52452532820505648 0.76183893598472452 0.027460358554626071 0.57731791265072052 -0.12747933926168645 0.64089988350868232 0.73668263281545343 0.13527635594221152 0.13605123828951415
leaf_weight=2537 554 1576 470 604 20 2651 499 812 1433 200 1433 468 78 1417 20 453 219 106 484 29 208 73 363 767 409 829 40 155 1025 308
leaf_count=2537 554 1576 470 604 20 2651 499 812 1433 200 1433 468 78 1417 20 453 219 106 484 29 208 73 363 767 409 829 40 155 1025 308
internal_value=3.88022e-07 -0.233324 0.274579 0.174043 0.501922 -0.131772 -0.497772 0.243474 -0.073515 0.418135 0.198831 0.304333 0.0796302 -0.194023 0.657971 0.382201 0.230835 0.233692 0.418533 0.603479 0.530988 0.361387 0.745185 0.0124817 0.563087 -0.164104 0.464229 0.697655 0.109055 0.0791411
internal_weight=20240 10942 9298 6447 2851 7906 3036 3715 4084 1855 2143 1572 2732 3822 996 1407 687 1539 937 613 448 885 383 845 429 2246 240 184 1887 862
internal_count=20240 10942 9298 6447 2851 7906 3036 3715 4084 1855 2143 1572 2732 3822 996 1407 687 1539 937 613 448 885 383 845 429 2246 240 184 1887 862
cat_boundaries=0 1
cat_threshold=24
is_linear=0
shrinkage=0.05


Tree=6
num_leaves=31
num_cat=2
split_feature=28 1 0 28 28 1 29 28 26 49 12 18 18 17 36 13 22 49 42 0 45 1 45 1 18 13 18 28 13 6
split_gain=468117 110845 72652.3 20832.7 12817.9 8286.93 5304.26 4392.3 3887.3 3491.77 2097.09 1747.28 1360.5 1331.69 1093.99 1085.41 1033.54 1028.76 999.412 910.061 803.869 779.655 744.812 674.065 636.047 594.463 587.174 556.051 507.125 471.319
threshold=15.229861111111113 8.3541666666666696 21.187500000000004 26.268750000000001 11.94652777777778 18.645833333333339 0.71480869369740763 9.5076388888888914 31.657738095238098 0 2.5000000000000004 -0.5 -0.5 -0.5 6.3571428571428585 66.500000000000014 32.145833333333336 1 134.6428571428572 16.020833333333339 34.500000000000007 11.35416666666667 37.500000000000007 9.3541666666666696 -0.68301270189221952 349.50000000000006 0.25000000000000017 25.771527777777781 295.50000000000006 0.54950373427672961
decision_type=2 2 2 2 2 2 2 2 2 1 2 2 2 2 2 2 2 1 2 2 2 2 2 2 2 2 2 2 2 2
left_child=1 6 5 10 7 19 -1 23 13 12 -4 22 27 29 -15 -10 18 26 -12 -2 -13 -9 -11 -3 -19 -14 -6 -7 -17 -5
right_child=2 4 3 8 17 9 -8 21 15 11 16 20 25 14 -16 28 -18 24 -20 -21 -22 -23 -24 -25 -26 -27 -28 -29 -30 -31
leaf_value=-0.50219386191550419 0.025027019759661262 -0.26072187944363229 0.43734585642767243 0.48448455946786062 -0.1063601497973542 0.2270951565142538 -0.32386445368459088 -0.15802219367378545 0.72876675134702096 0.10923667448644024 0.27966774967829594 0.19407815872460854 0.40842281456186075 0.42832503038454173 0.54348557722478652 0.55152689919098108 0.61021001211234505 -0.033995876841557519 0.36668588360873433 0.095261495681526032 0.363075686482763 -0.10761093770472437 0.32178376052788527 -0.19568288348341939 0.037085699909424681 0.16165597626456507 -0.019432174476503434 0.38714867061184299 0.67978460226058957 0.69382483876984702
leaf_weight=2537 748 506 393 35 370 435 499 1086 336 994 1187 1433 254 428 398 201 28 489 457 1203 74 2611 43 1873 883 27 409 62 125 116
leaf_count=2537 748 506 393 35 370 435 499 1086 336 994 1187 1433 254 428 398 201 28 489 457 1203 74 2611 43 1873 883 27 409 62 125 116
internal_value=3.69122e-07 -0.214674 0.269342 0.439058 -0.119388 0.150126 -0.472883 -0.156521 0.572158 0.198162 0.333416 0.167345 0.293012 0.508773 0.483814 0.665703 0.308987 -0.0144948 0.303857 0.0683341 0.202377 -0.122419 0.11805 -0.209516 0.0116662 0.384712 -0.0599506 0.247062 0.600705 0.645302
internal_weight=20240 11263 8977 3704 8227 5273 3036 6076 1639 3322 2065 2544 778 977 826 662 1672 2151 1644 1951 1507 3697 1037 2379 1372 281 779 497 326 151
internal_count=20240 11263 8977 3704 8227 5273 3036 6076 1639 3322 2065 2544 778 977 826 662 1672 2151 1644 1951 1507 3697 1037 2379 1372 281 779 497 326 151
cat_boundaries=0 1 2
cat_threshold=12 2
is_linear=0
shrinkage=0.05


Tree=7
num_leaves=31
num_cat=1
split_feature=28 1 28 1 28 28 29 45 20 28 1 16 42 49 13 21 1 43 31 1 45 29 18 18 35 42 5 45 18 45
split_gain=422571 95715.5 69320.3 13807.7 12226.3 9413.42 4787.1 3442.57 2530.68 2492.91 2387.82 2363.23 2245.71 1810.23 1705.49 1161.51 1035.18 1018.59 973.806 869.488 780.834 689.237 685.319 654.848 630.185 559.651 514.799 513.008 504.224 670.163
threshold=14.847222222222225 8.3541666666666696 23.470138888888894 20.166666666666668 29.695833333333336 11.049305555555557 0.71480869369740763 15.500000000000002 28.270833333333339 12.879861111111113 10.35416666666667 1.0000000180025095e-35 92.071428571428584 0 65.500000000000014 29.354166666666668 34.770833333333336 18.928571428571434 7.5000000000000009 37.437500000000007 18.500000000000004 6.0592846960489153 0.25000000000000017 -0.5 5.5000000000000009 140.21428571428575 0.14583333333333334 11.500000000000002 1.0000000180025095e-35 7.5000000000000009
decision_type=2 2 2 2 2 2 2 2 2 2 2 2 2 1 2 2 2 2 2 2 2 2 2 2 2 2 2 2 2 2
left_child=1 6 3 13 8 10 -1 12 15 -7 26 19 -5 28 25 18 -14 -13 -4 -9 24 -17 -10 -15 -16 -6 -3 -11 29 -2
right_child=2 5 4 7 14 9 -8 11 22 27 -12 17 16 23 20 21 -18 -19 -20 -21 -22 -23 -24 -25 -26 -27 -28 -29 -30 -31
leaf_value=-0.47708417626878252 0.040042889294122225 -0.24535247444104749 0.29266945555755597 0.096874599966578295 0.42827797094359998 -0.0908490563916102 -0.30767123144948649 0.30202395937304205 0.43240298429544244 -0.010604640489179348 -0.13339227874835916 0.17218828036260733 0.19160007656740222 -0.12778603807091712 0.32690041653620894 0.41422279839087084 0.29894931933846014 0.31470680523494432 0.38910732188445452 0.41776977356993295 0.65842119633682139 0.67174635529518134 0.55984377478550684 0.024276939670541939 0.53576613153163044 0.70086107270688014 -0.19000222637905284 0.12148805039051253 0.12552969365095687 0.12553694869187665
leaf_weight=2537 580 595 792 604 20 2002 499 671 278 1275 2527 522 1266 78 39 194 273 165 391 214 127 30 170 767 488 322 1429 78 928 379
leaf_count=2537 580 595 792 604 20 2002 499 671 278 1275 2527 522 1266 78 39 194 273 165 391 214 127 30 170 767 488 322 1429 78 928 379
internal_value=3.49807e-07 -0.210601 0.247839 0.157051 0.453137 -0.118961 -0.449239 0.219801 0.377266 -0.0554172 -0.165805 0.275999 0.178577 0.0717233 0.594443 0.344312 0.210643 0.206418 0.324544 0.330012 0.547129 0.448713 0.480762 0.0101206 0.520309 0.684921 -0.206274 -0.00298954 0.0987322 0.0738304
internal_weight=20240 10942 9298 6447 2851 7906 3036 3715 1855 3355 4551 1572 2143 2732 996 1407 1539 687 1183 885 654 224 448 845 527 342 2024 1353 1887 959
internal_count=20240 10942 9298 6447 2851 7906 3036 3715 1855 3355 4551 1572 2143 2732 996 1407 1539 687 1183 885 654 224 448 845 527 342 2024 1353 1887 959
cat_boundaries=0 1
cat_threshold=24
is_linear=0
shrinkage=0.05


Tree=8
num_leaves=31
num_cat=3
split_feature=28 1 0 28 1 1 29 42 49 28 42 12 45 18 1 13 16 18 49 45 49 36 45 0 45 0 18 45 45 13
split_gain=381370 86383.2 64368 16983 8578.33 8120.76 4320.36 3306.09 2951.14 2940.28 2511.07 1846.1 1545.27 1532.56 1468.5 1573.66 1281.42 1168.43 1054.47 962.566 1037.53 816.575 697.498 671.844 646.097 601.261 591 582.982 541.838 522.409
threshold=14.847222222222225 8.3541666666666696 21.187500000000004 26.268750000000001 12.97916666666667 18.645833333333339 0.71480869369740763 136.50000000000003 0 9.7340277777777793 62.642857142857146 2.5000000000000004 16.500000000000004 -0.5 33.041666666666679 66.500000000000014 1.0000000180025095e-35 -0.5 1 37.500000000000007 2 6.3571428571428585 34.500000000000007 12.645833333333334 37.500000000000007 6.979166666666667 -0.5 6.5000000000000009 16.500000000000004 349.50000000000006
decision_type=2 2 2 2 2 2 2 2 1 2 2 2 2 2 2 2 2 2 1 2 1 2 2 2 2 2 2 2 2 2
left_child=1 6 5 11 9 18 -1 12 17 25 -6 -4 21 24 -9 -16 -14 28 -2 20 -13 -5 -15 -12 -10 -3 -20 -11 -7 -19
right_child=2 4 3 7 10 8 -8 14 13 27 23 19 16 22 15 -17 -18 29 26 -21 -22 -23 -24 -25 -26 -27 -28 -29 -30 -31
leaf_value=-0.45322996829502404 0.080940156993600035 -0.23783367048042492 0.39925877522326458 0.19696800942006321 -0.10408981545360552 0.17372316747106531 -0.29228765821170238 0.32231342490152298 0.096232209944828437 -0.15597222917875256 -0.050785895564209017 0.30747176903945606 0.5577406814446052 0.17469349860994651 0.6688676791456788 0.53782050126048075 0.35751903960986658 0.37028898346389449 -0.1213967346228086 0.4721677260052774 0.2050987632934799 0.39841489767706073 0.33209445998324338 0.013087913192187748 0.29406572334295095 -0.17884764294613978 0.023063091861115673 -0.1013888557624259 0.27856725845238672 0.13913243813095269
leaf_weight=2537 1382 563 393 92 1125 271 499 58 1026 661 630 994 210 1440 341 698 129 258 78 62 618 111 74 1188 43 1857 767 1882 226 27
leaf_count=2537 1382 563 393 92 1125 271 499 58 1026 661 630 994 210 1440 341 698 129 258 78 62 618 111 74 1188 43 1857 767 1882 226 27
internal_value=3.32331e-07 -0.200071 0.235447 0.397046 -0.113013 0.128349 -0.426777 0.517247 0.177367 -0.153119 -0.0453781 0.301735 0.416219 0.149446 0.567162 0.58083 0.48155 0.264301 0.0542834 0.27884 0.271404 0.307119 0.182387 -0.00904657 0.10419 -0.19257 0.00961456 -0.115577 0.221399 0.34839
internal_weight=20240 10942 9298 3706 7906 5592 3036 1639 3365 4963 2943 2067 542 2583 1097 1039 339 782 2227 1674 1612 203 1514 1818 1069 2420 845 2543 497 285
internal_count=20240 10942 9298 3706 7906 5592 3036 1639 3365 4963 2943 2067 542 2583 1097 1039 339 782 2227 1674 1612 203 1514 1818 1069 2420 845 2543 497 285
cat_boundaries=0 1 2 3
cat_threshold=12 8 12
is_linear=0
shrinkage=0.05


Tree=9
num_leaves=31
num_cat=2
split_feature=1 1 0 22 1 24 1 0 49 42 1 0 35 42 18 42 1 18 17 16 0 51 45 18 45 45 23 45 24 13
split_gain=342288 74885.7 62488.7 14065 9010.34 6709.92 3900.75 3237.56 2651.05 2016.14 1896.6 1796.64 1748.63 1507.49 1387.83 1326.2 1101.71 1054.51 1012.08 885.955 734.431 701.09 627.615 625.414 586.585 581.941 515.305 489.009 474.462 471.474
threshold=17.187500000000004 8.3541666666666696 21.187500000000004 28.729166666666668 18.645833333333339 11.014880952380954 5.854166666666667 28.854166666666668 0 164.78571428571431 10.35416666666667 14.937500000000002 3.5000000000000004 134.6428571428572 -0.5 139.07142857142858 34.687500000000007 -0.5 -0.5 1.0000000180025095e-35 27.354166666666668 1 34.500000000000007 -0.5 12.500000000000002 37.500000000000007 25.770833333333339 16.500000000000004 16.312500000000004 349.50000000000006
decision_type=2 2 2 2 2 2 2 2 1 2 2 2 2 2 2 2 2 2 2 2 2 1 2 2 2 2 2 2 2 2
left_child=1 6 4 7 12 10 -1 13 17 18 -3 -7 23 19 25 26 -15 27 -5 -4 -20 -12 -16 24 -2 -10 -9 -6 -14 -19
right_child=2 5 3 9 8 11 -8 15 14 -11 21 -13 28 16 22 -17 -18 29 20 -21 -22 -23 -24 -25 -26 -27 -28 -29 -30 -31
leaf_value=-0.4307844073593381 -0.096570741360508069 -0.18648389299867654 0.28345663856632075 0.58367493410264293 0.16503700886292871 -0.078796596197476892 -0.27870876301418651 0.29036240948641556 0.091611530403682542 0.6047000559077258 -0.10989392823844744 0.0059091799003950542 0.034598596155940652 0.31124503979942975 0.16620462848785611 0.52805121961035262 0.4733349091831654 0.35177453519097823 0.36825966144089212 0.19875176779774797 0.48186194957079931 -0.18371164163084408 0.31548973313592554 0.020973480467837827 0.107553188521415 0.27936244067887583 0.42506737640791842 0.26463889462659052 0.088709550124399683 0.13217581735440978
leaf_weight=2530 293 2024 764 155 271 2219 506 141 1027 429 2095 872 615 624 1449 193 126 258 223 518 393 380 74 395 40 43 143 226 1187 27
leaf_count=2530 293 2024 764 155 271 2219 506 141 1027 429 2095 872 615 624 1449 193 126 258 223 518 393 380 74 395 40 43 143 226 1187 27
internal_value=1.49772e-05 -0.195567 0.216184 0.377026 0.115157 -0.111618 -0.405438 0.30969 0.168632 0.517816 -0.150585 -0.0549003 0.0438213 0.282171 0.142249 0.426917 0.338476 0.251086 0.469472 0.249231 0.440736 -0.121228 0.173458 -0.0215777 -0.0720514 0.0991567 0.358189 0.210329 0.0702422 0.33097
internal_weight=20240 10626 9614 3709 5905 7590 3036 2509 3375 1200 4499 3091 2530 2032 2593 477 750 782 771 1282 616 2475 1523 728 333 1070 284 497 1802 285
internal_count=20240 10626 9614 3709 5905 7590 3036 2509 3375 1200 4499 3091 2530 2032 2593 477 750 782 771 1282 616 2475 1523 728 333 1070 284 497 1802 285
cat_boundaries=0 1 2
cat_threshold=12 4
is_linear=0
shrinkage=0.05


Tree=10
num_leaves=31
num_cat=1
split_feature=28 28 0 28 28 1 28 42 49 18 0 29 18 1 13 16 1 18 16 37 1 0 37 0 17 13 28 13 13 42
split_gain=310934 73490.6 48688.5 14025.9 9674.15 5380.52 3255.94 2683.93 2368.06 1671.44 1589.77 1273.05 1239.1 1211.09 1323.84 1168.4 1070.03 967.266 953.753 862.956 845.689 661.796 612.217 523.034 488.436 485.728 459.656 452.821 432.734 397.922
threshold=15.229861111111113 5.2055555555555566 21.187500000000004 26.268750000000001 11.543750000000003 18.645833333333339 8.7409722222222239 136.50000000000003 0 -0.24999999999999994 13.062500000000002 1.1214894850746815 -0.5 33.041666666666679 66.500000000000014 1.0000000180025095e-35 34.520833333333336 -0.5 1.0000000180025095e-35 76.862500000000026 11.35416666666667 15.85416666666667 91.762500000000017 6.479166666666667 -0.5 209.50000000000003 25.469444444444449 80.500000000000014 349.50000000000006 76.357142857142875
decision_type=2 2 2 2 2 2 2 2 1 2 2 2 2 2 2 2 2 2 2 2 2 2 2 2 2 2 2 2 2 2
left_child=1 11 5 9 6 21 23 15 17 18 -6 -1 -10 -9 -15 24 27 26 22 -18 -8 -2 -4 -3 -5 -20 -7 -11 -19 -12
right_child=2 4 3 7 10 8 20 13 12 16 29 -13 -14 14 -16 -17 19 28 25 -21 -22 -23 -24 -25 -26 -27 -28 -29 -30 -31
leaf_value=-0.40881941669402733 0.013760002228397294 -0.24116051610024922 0.23030805099971202 0.56703350749509096 -0.06308498889478259 0.18002081498591338 -0.13974017527014179 0.29029217126040624 0.093773555031011258 0.31797956166499597 -0.021019222407888977 -0.28212306452351948 0.16478630053229298 0.60580875588651972 0.48561244711488688 0.28469978030903431 0.33051099921555799 0.33610725408588632 0.17025785668022572 0.50112855958643265 -0.093356217493716059 0.076090574310168579 0.35062509203220116 -0.18025791201287428 0.40726443139406349 -0.035804471885785463 0.31663752959704855 0.24362127928409946 0.12556702667088421 0.033724646098974194
leaf_weight=2548 628 502 475 58 1499 425 1870 58 1037 412 561 215 1507 341 698 211 223 254 269 111 2071 1323 136 1184 273 32 72 407 27 813
leaf_count=2548 628 502 475 58 1499 425 1870 58 1037 412 561 215 1507 341 698 211 223 254 269 111 2071 1323 136 1184 273 32 72 407 27 813
internal_value=1.42288e-05 -0.174945 0.219527 0.358462 -0.102127 0.121933 -0.140242 0.467674 0.16064 0.27178 -0.0274758 -0.398961 0.135308 0.512648 0.525061 0.376647 0.311787 0.238665 0.221201 0.387213 -0.115365 0.0560272 0.257089 -0.198391 0.43526 0.148351 0.199812 0.281027 0.315877 0.0113729
internal_weight=20240 11263 8977 3704 8500 5273 5627 1639 3322 2065 2873 2763 2544 1097 1039 542 1153 778 912 334 3941 1951 611 1686 331 301 497 819 281 1374
internal_count=20240 11263 8977 3704 8500 5273 5627 1639 3322 2065 2873 2763 2544 1097 1039 542 1153 778 912 334 3941 1951 611 1686 331 301 497 819 281 1374
cat_boundaries=0 1
cat_threshold=12
is_linear=0
shrinkage=0.05


Tree=11
num_leaves=31
num_cat=2
split_feature=28 28 0 28 28 1 28 42 49 18 45 1 1 18 16 1 18 1 49 16 45 18 37 1 37 45 45 45 13 13
split_gain=280694 62225.4 48922.5 12664.5 7198.24 6506.52 2597.44 2422.25 2158.16 1503.13 1378.25 1202.62 1150.56 1126.59 1110.29 1093.01 1218.79 967.7 943.381 863 908.615 861.147 778.818 722.663 681.609 565.754 539.058 524.445 473.121 453.278
threshold=14.684722222222225 5.2055555555555566 21.187500000000004 26.268750000000001 9.8631944444444475 18.645833333333339 12.879861111111113 136.50000000000003 0 -0.24999999999999994 17.500000000000004 9.3541666666666696 5.854166666666667 -0.5 1.0000000180025095e-35 33.041666666666679 0.25000000000000017 34.520833333333336 1 1.0000000180025095e-35 19.500000000000004 -0.5 76.862500000000026 17.187500000000004 66.862500000000011 34.500000000000007 24.500000000000004 37.500000000000007 239.50000000000003 239.50000000000003
decision_type=2 2 2 2 2 2 2 2 1 2 2 2 2 2 2 2 2 2 1 2 2 2 2 2 2 2 2 2 2 2
left_child=1 12 5 9 11 18 23 10 21 19 24 -3 -1 27 -12 -9 -17 26 -2 20 -4 29 -19 -6 -5 -15 -11 -10 -13 -7
right_child=2 4 3 7 6 8 -8 15 13 17 14 28 -14 25 -16 16 -18 22 -20 -21 -22 -23 -24 -25 -26 -27 -28 -29 -30 -31
leaf_value=-0.38880420774339219 0.07045802691508174 -0.2171456231543766 0.17929639579028941 0.33114141984979678 -0.093262089869687065 0.17930337680731645 -0.0024297256446783083 0.27577756392801633 0.082470932402811267 0.2305798021053056 0.49823355379191292 -0.15968047921896222 -0.27269210377987879 0.14972204395261909 0.30753064990267159 0.44181763311398448 0.55026604820575031 0.31398545184544385 0.0063219092894169207 0.14093335502319956 0.30140433849244053 0.29884303929251538 0.47607212619738537 -0.0097790194528975666 0.15065067300929086 0.29147593080997469 0.31215204488741211 0.26070563577462075 -0.10826029261831589 0.40659174410545307
leaf_weight=2530 1401 796 286 136 3494 474 1193 58 1027 455 196 1641 233 1442 125 493 546 223 983 301 326 285 111 280 85 74 365 43 615 23
leaf_count=2530 1401 796 286 136 3494 474 1193 58 1027 455 196 1641 233 1442 125 493 546 223 983 301 326 285 111 280 85 74 365 43 615 23
internal_value=1.35178e-05 -0.17438 0.19882 0.340492 -0.103873 0.107542 -0.0667394 0.44429 0.152283 0.258186 0.357815 -0.164307 -0.379013 0.128419 0.423972 0.487016 0.498808 0.296111 0.0443347 0.210249 0.244341 0.226656 0.367853 -0.0870683 0.261722 0.156641 0.266889 0.0896336 -0.145663 0.189822
internal_weight=20240 10782 9458 3706 8019 5752 4967 1639 3368 2067 542 3052 2763 2586 321 1097 1039 1154 2384 913 612 782 334 3774 221 1516 820 1070 2256 497
internal_count=20240 10782 9458 3706 8019 5752 4967 1639 3368 2067 542 3052 2763 2586 321 1097 1039 1154 2384 913 612 782 334 3774 221 1516 820 1070 2256 497
cat_boundaries=0 1 2
cat_threshold=12 8
is_linear=0
shrinkage=0.05


Tree=12
num_leaves=31
num_cat=4
split_feature=28 1 0 28 28 1 1 1 26 49 12 18 17 0 45 49 13 14 36 49 18 13 18 45 45 45 51 18 0 22
split_gain=253344 60007.5 39634.5 11424.2 7137.53 4399.18 2798.33 2445.93 2221.88 1601.57 1417.41 1027.77 945.079 917.813 845.701 1030.37 813.592 727.445 726.433 724.091 658.933 636.212 587.761 470.239 452.755 446.998 420.744 411.962 405.051 381.54
threshold=15.229861111111113 8.3541666666666696 21.187500000000004 26.268750000000001 11.94652777777778 20.166666666666668 5.854166666666667 10.35416666666667 31.657738095238098 0 2.5000000000000004 -0.5 -0.5 17.270833333333339 37.500000000000007 1 139.50000000000003 34.500000000000007 6.3571428571428585 2 0.25000000000000017 66.500000000000014 -0.24999999999999994 37.500000000000007 17.500000000000004 34.500000000000007 3 -0.68301270189221952 6.979166666666667 22.687500000000004
decision_type=2 2 2 2 2 2 2 2 2 1 2 2 2 2 2 1 2 2 2 1 2 2 2 2 2 2 1 2 2 2
left_child=1 6 5 10 7 13 -1 28 12 16 -4 23 29 -2 15 -12 -7 -18 -14 27 -21 -10 26 -11 -23 -13 -9 -6 -3 -5
right_child=2 4 3 8 19 9 -8 22 21 11 14 25 18 -15 -16 -17 17 -19 -20 20 -22 24 -24 -25 -26 -27 -28 -29 -30 -31
leaf_value=-0.36936399727470792 0.026344315041619298 -0.20211324335727016 0.3307247827872255 0.29142284975165417 -0.022940929076725208 0.30689981724183585 -0.24055835903868844 -0.1008422009320545 0.54108019324374346 0.078099792257243283 0.25221865548823214 0.14998830535799487 0.30791288553432472 0.088141427952878465 0.40640577170397008 0.15671869553960327 0.15295741392956408 0.27580080363789905 0.40175426096173389 -0.083601636456154094 -0.0019132204920937696 0.40748491098628881 -0.071491737277243075 0.24767036048132321 0.54069957278411962 0.27690213750713549 -0.16092281961384564 0.039360936875520107 -0.14840575525627184 0.52111541585280352
leaf_weight=2530 1077 452 393 21 410 194 506 1937 336 831 994 1111 428 1359 62 616 414 170 398 475 514 239 1772 43 87 74 343 752 1572 130
leaf_count=2530 1077 452 393 21 410 194 506 1937 336 831 994 1111 428 1359 62 616 414 170 398 475 514 239 1772 43 87 74 343 752 1572 130
internal_value=1.47386e-05 -0.157913 0.198159 0.323512 -0.0878037 0.110105 -0.347896 -0.115514 0.422076 0.152424 0.245281 0.126959 0.374155 0.0608198 0.225198 0.21822 0.215418 0.188717 0.353129 -0.0095307 -0.0407349 0.492799 -0.0930926 0.0864425 0.443036 0.157914 -0.109881 0.0172301 -0.1604 0.489171
internal_weight=20240 11263 8977 3704 8227 5273 3036 6076 1639 2837 2065 2059 977 2436 1672 1610 778 584 826 2151 989 662 4052 874 326 1185 2280 1162 2024 151
internal_count=20240 11263 8977 3704 8227 5273 3036 6076 1639 2837 2065 2059 977 2436 1672 1610 778 584 826 2151 989 662 4052 874 326 1185 2280 1162 2024 151
cat_boundaries=0 1 2 3 4
cat_threshold=12 12 25 4
is_linear=0
shrinkage=0.05


Tree=13
num_leaves=31
num_cat=2
split_feature=28 28 0 28 28 1 28 42 49 18 45 1 16 1 13 18 29 1 13 13 24 13 42 37 14 1 6 45 45 50
split_gain=228717 50731.8 39856 10302 5895.71 5363.82 2133.76 2062.11 1745.44 1312.16 1244.69 995.819 992.041 930.788 1026.68 924.136 921.901 864.507 845.939 911.351 808.051 733.585 724.635 664.075 651.433 646.421 605.59 482.298 457.521 443.444
threshold=14.684722222222225 5.2055555555555566 21.187500000000004 26.268750000000001 9.8631944444444475 18.645833333333339 12.879861111111113 136.50000000000003 0 -0.24999999999999994 17.500000000000004 9.3541666666666696 1.0000000180025095e-35 33.041666666666679 66.500000000000014 -0.5 1.1214894850746815 34.520833333333336 207.50000000000003 219.50000000000003 16.583333333333339 139.50000000000003 124.71428571428574 91.762500000000017 34.500000000000007 17.187500000000004 0.73016747080623745 24.500000000000004 34.500000000000007 1
decision_type=2 2 2 2 2 2 2 2 1 2 2 2 2 2 2 2 2 2 2 2 2 2 2 2 2 2 2 2 2 1
left_child=1 16 5 9 11 20 25 10 21 18 26 -3 -12 -9 -15 -10 -1 27 23 -20 -2 -7 -19 -4 -23 -6 -5 -11 -17 -13
right_child=2 4 3 7 6 8 -8 13 15 17 12 29 -14 14 -16 28 -18 22 19 -21 -22 24 -24 -25 -26 -27 -28 -29 -30 -31
leaf_value=-0.35055654467181474 0.011557431611559027 -0.19650881784645158 0.18191066976602113 0.14747110151660603 -0.084410641342441486 0.29155482555326728 -0.0018397695056068316 0.24546047172284335 0.081114872808156921 0.20659103785211652 0.45424920379241213 -0.034901804190079037 0.27398716739416124 0.52238534614662269 0.41653543753685557 0.13558156721273903 -0.24274041522380918 0.27302827416763953 -0.10236395770797924 0.18827407219757639 0.069809435811192908 0.14530954311988745 0.42200145219308394 0.29158023741454059 0.26060674286436764 -0.00545406942538518 0.3130090712874451 0.28374934999105877 0.26305703165865429 -0.13699004060556375
leaf_weight=2548 1232 796 627 111 3494 194 1193 58 1070 455 196 139 125 341 698 1442 215 192 49 60 1152 414 142 177 174 280 110 365 74 2117
leaf_count=2548 1232 796 627 111 3494 194 1193 58 1070 455 196 139 125 341 698 1442 215 192 49 60 1152 414 142 177 174 280 110 365 74 2117
internal_value=2.41034e-05 -0.157397 0.179483 0.307354 -0.0937339 0.0970953 -0.0601274 0.400972 0.137718 0.233121 0.321184 -0.148427 0.384054 0.440394 0.451275 0.116243 -0.342167 0.268556 0.188333 0.0576203 0.0397061 0.204628 0.336364 0.206054 0.179428 -0.0785527 0.229866 0.240936 0.141804 -0.131462
internal_weight=20240 10782 9458 3706 8019 5752 4967 1639 3368 2067 542 3052 321 1097 1039 2586 2763 1154 913 109 2384 782 334 804 588 3774 221 820 1516 2256
internal_count=20240 10782 9458 3706 8019 5752 4967 1639 3368 2067 542 3052 321 1097 1039 2586 2763 1154 913 109 2384 782 334 804 588 3774 221 820 1516 2256
cat_boundaries=0 1 2
cat_threshold=12 41
is_linear=0
shrinkage=0.05


Tree=14
num_leaves=31
num_cat=1
split_feature=28 28 28 0 0 28 29 21 1 45 30 42 42 45 22 29 45 45 13 42 36 45 42 42 22 50 0 23 13 16
split_gain=206460 48938.2 32361.8 6420.38 6142.61 5552.35 2924 1789.56 1785.83 1741.17 1560.93 1214.62 1088.5 1083.97 980.336 843.699 779.79 686.849 703.024 680.241 679.851 640.788 614.582 565.817 546.843 500.293 490.856 466.703 464.977 461.26
threshold=15.229861111111113 6.6104166666666666 23.470138888888894 28.270833333333339 18.562500000000004 11.94652777777778 1.0015438393255534 31.854166666666668 10.35416666666667 13.500000000000002 0.029761904761904791 163.07142857142858 122.78571428571429 15.500000000000002 24.020833333333339 4.8437969857271197 36.500000000000007 12.500000000000002 301.50000000000006 91.500000000000014 6.0714285714285721 9.5000000000000018 117.78571428571429 74.500000000000014 22.520833333333339 0 11.60416666666667 18.770833333333339 47.500000000000007 1.0000000180025095e-35
decision_type=2 2 2 2 2 2 2 2 2 2 2 2 2 2 2 2 2 2 2 2 2 2 2 2 2 1 2 2 2 2
left_child=1 6 4 7 9 8 -1 14 -3 19 12 17 29 15 28 -9 22 18 -5 -2 -16 23 -12 -7 -19 -21 -10 -11 -4 -6
right_child=2 5 3 11 10 21 -8 13 26 27 16 -13 -14 -15 20 -17 -18 24 -20 25 -22 -23 -24 -25 -26 -27 -28 -29 -30 -31
leaf_value=-0.33302230285268458 0.020598116777470806 -0.14194776063432565 0.31487529879579179 0.2665845469433375 0.22215979538099628 -0.048362473106458123 -0.2116219753272493 0.3758456231916652 -0.097294443577140524 0.096573254140338155 0.10687378171358902 0.46698684000444635 0.32763752645470318 0.50524751788699163 0.23854010282032967 0.099694007089952144 0.3526451454086359 0.25439316287498781 0.47888106541272174 0.085738004745094798 0.33736453747903467 0.073729170715007841 0.16631394100595809 0.0061187179943832954 0.42429827185831481 0.018074607778841869 -0.061470594330942853 0.18278422297417432 0.15629090668964918 0.13936523881423035
leaf_weight=2546 1061 1924 52 229 506 845 616 85 2463 286 855 486 193 102 725 41 43 54 47 1328 229 213 885 1093 385 369 1563 348 416 252
leaf_count=2546 1061 1924 52 229 506 845 616 85 2463 286 855 486 193 102 725 41 43 54 47 1328 229 213 885 1093 385 369 1563 348 416 252
internal_value=1.86519e-05 -0.142549 0.178891 0.31805 0.114128 -0.0774344 -0.309372 0.254035 -0.102323 0.0691778 0.169896 0.405997 0.221627 0.384077 0.233185 0.285987 0.142304 0.364542 0.302736 0.0520023 0.262262 -0.00858866 0.137106 -0.017636 0.403399 0.0716368 -0.0833867 0.143894 0.173911 0.194634
internal_weight=20240 11263 8977 2851 6126 8101 3162 1650 5950 3392 2734 1201 951 228 1422 126 1783 715 276 2758 954 2151 1740 1938 439 1697 4026 634 468 758
internal_count=20240 11263 8977 2851 6126 8101 3162 1650 5950 3392 2734 1201 951 228 1422 126 1783 715 276 2758 954 2151 1740 1938 439 1697 4026 634 468 758
cat_boundaries=0 1
cat_threshold=13
is_linear=0
shrinkage=0.05


Tree=15
num_leaves=31
num_cat=1
split_feature=1 28 0 28 28 1 42 28 49 12 28 7 18 16 1 18 29 22 42 13 14 25 43 18 42 29 0 1 39 29
split_gain=186376 40457.6 33704 8530.7 4706.92 4629.49 1771.92 1632.88 1465.55 1179.64 1160.38 1095.36 808.084 797.725 778.549 900.804 736.396 735.658 678.937 636.6 550.418 405.12 356.744 354.184 351.607 439.357 341.902 299.157 291.883 264.942
threshold=17.187500000000004 5.2055555555555566 21.020833333333339 26.268750000000001 10.421527777777779 18.645833333333339 136.50000000000003 12.879861111111113 0 2.5000000000000004 8.4979166666666703 0.16944367375934097 -0.5 1.0000000180025095e-35 33.041666666666679 0.25000000000000017 1.1214894850746815 32.145833333333336 136.50000000000003 139.50000000000003 34.500000000000007 3.8164147117211882 10.214285714285717 0.6830127018922193 164.78571428571431 4.7017353024896851 6.6458333333333348 11.35416666666667 34.500000000000007 4.1611337720111461
decision_type=2 2 2 2 2 2 2 2 1 2 2 2 2 2 2 2 2 2 2 2 2 2 2 2 2 2 2 2 2 2
left_child=1 16 5 9 10 11 13 -6 19 24 26 -2 -10 21 -8 -16 -1 18 -11 -7 -21 -5 23 -9 29 -26 -3 -12 -15 -4
right_child=2 4 3 6 7 8 14 22 12 17 27 -13 -14 28 15 -17 -18 -19 -20 20 -22 -23 -24 -25 25 -27 -28 -29 -30 -31
leaf_value=-0.31638236781772305 0.057086380428056617 -0.19626709129585912 0.29006000337053517 0.27700426289206975 -0.071680936797367034 0.26827691869342074 0.22005719454509431 -0.076617392573583257 0.070730589230584409 0.16919216119255789 -0.11681746114217317 -0.012387790393661079 0.12770785020935616 0.15903575942402001 0.35926880846536791 0.45246213203605939 -0.22002229574114779 0.44177579373635095 0.24164977479237668 0.12992646954822376 0.23781292146914421 0.38761497077911927 0.010180425316307248 0.044057329621496083 0.31623519724146243 0.57193125247955323 -0.14484284710592246 -0.077112280375796816 0.27656598878429106 0.18448441465469925
leaf_weight=2548 1671 494 183 154 2784 187 58 264 1060 1259 1625 859 1507 116 493 547 215 29 435 399 168 179 1012 79 105 20 935 670 97 88
leaf_count=2548 1671 494 183 154 2784 187 58 264 1060 1259 1625 859 1507 116 493 547 215 29 435 399 168 179 1012 79 105 20 935 670 97 88
internal_value=2.0284e-05 -0.1443 0.159532 0.276268 -0.0864659 0.0844542 0.361737 -0.0497713 0.123273 0.209958 -0.12725 0.0334981 0.103776 0.288126 0.398342 0.408285 -0.308884 0.192073 0.187798 0.185813 0.161893 0.336462 -0.00475563 -0.0488235 0.287775 0.357147 -0.16262 -0.105226 0.212559 0.255777
internal_weight=20240 10626 9614 3763 7863 5851 1644 4139 3321 2119 3724 2530 2567 546 1098 1040 2763 1723 1694 754 567 333 1355 343 396 125 1429 2295 213 271
internal_count=20240 10626 9614 3763 7863 5851 1644 4139 3321 2119 3724 2530 2567 546 1098 1040 2763 1723 1694 754 567 333 1355 343 396 125 1429 2295 213 271
cat_boundaries=0 1
cat_threshold=12
is_linear=0
shrinkage=0.05


Tree=16
num_leaves=31
num_cat=2
split_feature=28 1 0 28 1 1 1 42 0 49 42 45 18 37 16 45 1 21 18 49 36 27 45 37 18 30 18 45 16 45
split_gain=168287 37359.7 29489.7 7563.37 3943.41 3696.68 1800.2 1573.08 1472.16 1315.11 1251.97 1087.63 1075.99 1028.33 756.929 768.034 737.99 706.181 697.054 674.819 625.402 609.908 588.44 798.567 574.979 514.587 463.928 450.092 430.805 419.31
threshold=14.684722222222225 8.3541666666666696 21.187500000000004 26.268750000000001 18.645833333333339 12.97916666666667 5.854166666666667 136.50000000000003 10.520833333333334 0 62.642857142857146 16.500000000000004 -0.24999999999999994 67.062500000000014 1.0000000180025095e-35 19.500000000000004 34.520833333333336 29.020833333333339 -0.5 1 6.3571428571428585 6.1341084082564459 15.500000000000002 78.062500000000014 0.25000000000000017 0.2916666666666668 -0.5 9.5000000000000018 -0.22252093395631442 24.500000000000004
decision_type=2 2 2 2 2 2 2 2 2 1 2 2 2 2 2 2 2 2 2 1 2 2 2 2 2 2 2 2 2 2
left_child=1 6 4 12 19 8 -1 11 26 22 -7 20 14 -13 15 -4 29 25 -11 -2 -5 -18 23 -6 -19 -9 -3 -12 -24 -14
right_child=2 5 3 7 9 10 -8 17 -10 18 27 13 16 -15 -16 -17 21 24 -20 -21 -22 -23 28 -25 -26 -27 -28 -29 -30 -31
leaf_value=-0.30089773922569668 0.055971109358061502 -0.14797237679102854 0.13191126423620889 0.086546278145650163 0.18611632183530691 -0.07163633997261841 -0.19758693458063331 0.38527298718690872 -0.069129758633171001 0.068791949144144604 -0.010844964553869 0.55776410504829055 0.17488740331987124 0.29609315272194897 0.09486825395920051 0.24417617839541103 0.27670613541432515 0.35414798326877645 0.12149989291725159 0.001808023845639984 0.26284221447333023 0.54353400183760603 0.29786429152686578 0.031244366784812884 0.44214891122308525 0.26092970450074304 -0.10803224395596839 0.085037437890817358 0.18609994482510361 0.24683105797596175
leaf_weight=2530 1401 1251 286 92 238 1115 506 154 1976 1070 1535 43 455 296 301 326 311 320 1516 983 111 23 122 128 442 181 1736 133 294 365
leaf_count=2530 1401 1251 286 92 238 1115 506 154 1976 1070 1535 43 455 296 301 326 311 320 1516 983 111 23 122 128 442 181 1736 133 294 365
internal_value=1.92699e-05 -0.135014 0.153955 0.263948 0.0830876 -0.0767453 -0.283679 0.344163 -0.102611 0.117918 -0.0306186 0.274474 0.200342 0.329284 0.159785 0.191713 0.23243 0.378594 0.0993071 0.0338803 0.182945 0.295081 0.175944 0.131953 0.405193 0.31809 -0.12476 -0.00319967 0.218877 0.206911
internal_weight=20240 10782 9458 3706 5752 7746 3036 1639 4963 3368 2783 542 2067 339 913 612 1154 1097 2586 2384 203 334 782 366 762 335 2987 1668 416 820
internal_count=20240 10782 9458 3706 5752 7746 3036 1639 4963 3368 2783 542 2067 339 913 612 1154 1097 2586 2384 203 334 782 366 762 335 2987 1668 416 820
cat_boundaries=0 1 2
cat_threshold=12 8
is_linear=0
shrinkage=0.05


Tree=17
num_leaves=31
num_cat=0
split_feature=28 28 28 0 45 28 29 0 28 21 1 45 42 45 45 42 42 37 42 42 27 30 42 37 18 0 13 0 45 45
split_gain=151931 36458.7 23560.6 4875.24 4443.04 4287.05 2102.2 2098.98 1493.64 1466.17 914.405 1070.53 993.158 801.999 793.685 834.743 787.081 728.469 720.51 647.749 689.479 573.152 556.717 550.005 528.551 450.974 412.585 385.737 378.825 357.422
threshold=15.299305555555557 6.6104166666666666 23.470138888888894 28.854166666666668 15.500000000000002 12.554861111111112 0.80773481582638718 18.562500000000004 9.5076388888888914 30.937500000000004 37.437500000000007 25.500000000000004 117.78571428571429 33.500000000000007 15.500000000000002 126.92857142857144 164.78571428571431 67.062500000000014 101.28571428571429 134.6428571428572 5.3672073560612255 0.017857142857142839 91.500000000000014 102.72500000000001 -0.5 11.47916666666667 355.50000000000006 11.395833333333334 24.500000000000004 9.5000000000000018
decision_type=2 2 2 2 2 2 2 2 2 2 2 2 2 2 2 2 2 2 2 2 2 2 2 2 2 2 2 2 2 2
left_child=1 6 4 9 7 8 -1 22 -3 19 12 18 13 -6 15 -11 23 21 -12 20 -4 -9 -2 28 -14 -7 -21 -10 -5 -27
right_child=2 5 3 16 10 25 -8 17 27 14 11 -13 24 -15 -16 -17 -18 -19 -20 26 -22 -23 -24 -25 -26 29 -28 -29 -30 -31
leaf_value=-0.28562606378487015 0.017348805748342949 -0.11815322444859365 0.14241191608241449 0.29010563768211439 0.080985562465384964 -0.048658479206539512 -0.18294163816157849 0.20447536041901915 -0.081061379515053766 0.082857228693636986 0.16063604727728156 0.42595519793648573 0.11454845734202027 0.18876932370172733 0.40145228320380322 0.31871326941428552 0.40447792339246169 0.063511723159553696 0.34668525238380288 0.24207645925252061 0.26323679846261638 0.12001851348004951 0.063615815234635026 0.46401701390743261 0.23886546931864028 0.0038734978953653167 0.026457995565041255 -0.049850057995436417 0.40551693659366639 0.083285144725932347
leaf_weight=2542 1037 2253 600 535 543 382 620 256 2243 55 246 63 114 253 148 118 456 450 66 627 147 933 1743 60 342 1373 23 1772 82 158
leaf_count=2542 1037 2253 600 535 543 382 620 256 2243 55 246 63 114 253 148 118 456 450 66 627 147 933 1743 60 342 1373 23 1772 82 158
internal_value=1.97338e-05 -0.121304 0.154698 0.273187 0.0988246 -0.0655744 -0.265492 0.0728165 -0.0855702 0.220089 0.169464 0.237954 0.148949 0.115243 0.316449 0.24373 0.3537 0.117696 0.199993 0.197948 0.166189 0.138203 0.0463572 0.319498 0.207786 -5.7592e-05 0.234447 -0.0672864 0.305444 0.0120688
internal_weight=20240 11343 8897 2851 6046 8181 3162 4419 6268 1718 1627 375 1252 796 321 173 1133 1639 312 1397 747 1189 2780 677 456 1913 650 4015 617 1531
internal_count=20240 11343 8897 2851 6046 8181 3162 4419 6268 1718 1627 375 1252 796 321 173 1133 1639 312 1397 747 1189 2780 677 456 1913 650 4015 617 1531
is_linear=0
shrinkage=0.05


Tree=18
num_leaves=31
num_cat=3
split_feature=1 0 0 28 1 28 42 28 49 12 45 48 35 37 1 45 49 1 45 18 18 45 18 13 45 45 45 42 18 51
split_gain=137346 29778.6 24819.4 6332.39 3373.86 3266.41 1327.98 1195.03 1098.81 973.703 968.814 951.796 877.547 850.283 827.166 670.086 826.279 621.955 739.285 621.935 570.721 523.827 590.952 522.459 493.254 385.64 373.943 328.944 326.383 322.704
threshold=17.187500000000004 4.604166666666667 21.020833333333339 26.268750000000001 18.645833333333339 10.421527777777779 136.50000000000003 13.270138888888892 0 2.5000000000000004 17.500000000000004 0.98214285714285732 3.3571428571428572 67.337500000000006 9.3541666666666696 37.500000000000007 1 33.041666666666679 12.500000000000002 -0.5 -0.9330127018922193 11.500000000000002 -0.5 139.50000000000003 25.500000000000004 37.500000000000007 34.500000000000007 74.500000000000014 -0.5 2
decision_type=2 2 2 2 2 2 2 2 1 2 2 2 2 2 2 2 1 2 2 2 2 2 2 2 2 2 2 2 2 1
left_child=1 11 4 9 12 14 10 29 23 -4 20 -1 21 -12 -3 16 -11 -8 -19 25 -5 22 -2 -6 -25 -10 -21 -9 -16 -7
right_child=2 5 3 6 8 7 17 27 19 15 13 -13 -14 -15 28 -17 -18 18 -20 26 -22 -23 -24 24 -26 -27 -28 -29 -30 -31
leaf_value=-0.16491610068907131 -0.091916124622445652 -0.15304094698770143 0.25069412984244405 -0.015200061226884524 0.23437293662520295 -0.056673490514731119 0.18310362809530364 -0.035961751793409984 0.05359920714107308 0.18687556336373345 0.5247101509257367 -0.26992632507495851 0.046751136160039383 0.27286786921650275 -0.11373216938312976 0.32250075459014627 0.10683085278188596 0.31988126964846481 0.40783067648549398 0.10420718537971299 0.20210795987873001 0.093105754617266778 0.0090480497139043322 0.11681069750021747 0.24065104995172512 0.20646815535634067 0.22097881525082308 0.016958007473336076 -0.079673214798128222 -0.13532194550851034
leaf_weight=235 267 783 396 36 187 2718 58 460 1017 1016 38 2639 1857 284 1279 64 643 668 372 1435 188 89 317 470 97 43 72 812 1563 137
leaf_count=235 267 783 396 36 187 2718 58 460 1017 1016 38 2639 1857 284 1279 64 643 668 372 1435 188 89 317 470 97 43 72 812 1563 137
internal_value=1.87469e-05 -0.123872 0.136951 0.237126 0.072524 -0.0729068 0.310764 -0.0424885 0.105663 0.179995 0.247038 -0.26134 0.0290237 0.302588 -0.107538 0.163746 0.157622 0.342453 0.35134 0.0887995 0.167183 -0.0198915 -0.0371119 0.15978 0.137997 0.0598005 0.109786 -0.00217964 -0.0950009 -0.0604475
internal_weight=20240 10626 9614 3763 5851 7752 1644 4127 3321 2119 546 2874 2530 322 3625 1723 1659 1098 1040 2567 224 673 584 754 567 1060 1507 1272 2842 2855
internal_count=20240 10626 9614 3763 5851 7752 1644 4127 3321 2119 546 2874 2530 322 3625 1723 1659 1098 1040 2567 224 673 584 754 567 1060 1507 1272 2842 2855
cat_boundaries=0 1 2 3
cat_threshold=12 12 4
is_linear=0
shrinkage=0.05


Tree=19
num_leaves=31
num_cat=1
split_feature=1 28 0 22 28 1 42 1 0 49 16 45 28 7 18 1 45 18 37 13 13 29 14 45 13 32 18 29 45 45
split_gain=123970 26908.5 22410.7 5866.88 3136.21 3044.91 1514.3 1472.7 1097.74 991.68 925.466 1042.33 855.906 818.068 810.375 575.311 917.406 561.296 484.621 855.531 471.519 457.278 456.068 449.271 440.73 403.108 364.8 432.632 363.868 348.04
threshold=17.187500000000004 5.2055555555555566 21.020833333333339 28.729166666666668 10.484027777777779 18.645833333333339 134.6428571428572 34.687500000000007 15.145833333333334 0 1.0000000180025095e-35 17.500000000000004 8.4979166666666703 0.16944367375934097 0.25000000000000017 34.520833333333336 23.500000000000004 -0.5 82.162500000000009 343.50000000000006 139.50000000000003 1.1214894850746815 34.500000000000007 12.500000000000002 82.500000000000014 6.5000000000000009 0.25000000000000017 1.369897180690681 11.500000000000002 37.500000000000007
decision_type=2 2 2 2 2 2 2 2 2 1 2 2 2 2 2 2 2 2 2 2 2 2 2 2 2 2 2 2 2 2
left_child=1 21 5 6 12 13 10 -8 26 20 11 -4 -3 -2 15 24 -17 29 -16 -20 -7 -1 -22 -9 -5 -12 -6 -28 -15 -11
right_child=2 4 3 14 8 9 7 23 -10 17 25 -13 -14 28 18 16 -18 -19 19 -21 22 -23 -24 -25 -26 -27 27 -29 -30 -31
leaf_value=-0.25781226051471301 0.047957583485436772 -0.13372502978760789 0.12539418057930482 0.26466767723788509 -0.065706068461831871 0.22265428909533883 0.19156254882235596 0.27000828822547535 0.011131611346005056 0.05091924699721171 0.081339817129302883 0.22919856849220699 -0.084740562179961371 -0.022220767110688461 0.39290584518280341 0.26855381739153356 0.46471403505819953 0.10429687810802644 0.33437485849575665 0.008746086773665054 0.10199906858242114 -0.18187909197495428 0.20020441953425427 0.39559018779979199 -0.063294287292020662 0.1791561467216953 -0.064378979870548039 -0.002783229804181578 0.092370303475150947 0.1961447526549184
leaf_weight=2548 1671 1429 442 20 2076 187 687 159 835 1017 467 534 2372 783 374 540 67 1507 164 23 399 215 168 129 21 136 520 631 76 43
leaf_count=2548 1671 1429 442 20 2076 187 687 159 835 1017 467 534 2372 783 374 540 67 1507 164 23 399 215 168 129 21 136 520 631 76 43
internal_value=2.50652e-05 -0.117678 0.130118 0.225309 -0.0705128 0.0688978 0.182354 0.23135 -0.0399666 0.10038 0.152101 0.182189 -0.103156 0.0275725 0.31605 0.277962 0.290206 0.0843595 0.360045 0.294324 0.151791 -0.251904 0.131097 0.326259 0.0966872 0.103401 -0.0531884 -0.030611 -0.0120823 0.0568105
internal_weight=20240 10626 9614 3763 7863 5851 2554 975 4062 3321 1579 976 3801 2530 1209 648 607 2567 561 187 754 2763 567 288 41 603 3227 1151 859 1060
internal_count=20240 10626 9614 3763 7863 5851 2554 975 4062 3321 1579 976 3801 2530 1209 648 607 2567 561 187 754 2763 567 288 41 603 3227 1151 859 1060
cat_boundaries=0 1
cat_threshold=12
is_linear=0
shrinkage=0.05


Tree=20
num_leaves=31
num_cat=2
split_feature=26 0 28 22 1 1 0 49 49 42 18 16 18 1 14 1 45 45 1 28 1 1 42 35 45 0 45 13 45 0
split_gain=111963 23750.4 21302.4 5278.75 3752.06 1915.58 1388.76 914.168 815.773 770.848 731.364 667.458 589.881 553.092 529.989 519.219 827.959 512.182 553.133 496.647 496.436 474.26 472.129 438.243 551.042 431.731 420.515 418.873 426.202 415.018
threshold=13.069940476190478 21.020833333333339 5.2055555555555566 28.729166666666668 18.645833333333339 10.35416666666667 29.187500000000004 0 1 134.6428571428572 0.25000000000000017 1.0000000180025095e-35 -0.24999999999999994 14.250000000000002 11.500000000000002 34.520833333333336 23.500000000000004 7.5000000000000009 15.72916666666667 22.550694444444449 34.687500000000007 12.85416666666667 121.92857142857144 5.9285714285714297 17.500000000000004 6.979166666666667 17.500000000000004 139.50000000000003 25.500000000000004 1.5625000000000002
decision_type=2 2 2 2 2 2 2 1 1 2 2 2 2 2 2 2 2 2 2 2 2 2 2 2 2 2 2 2 2 2
left_child=2 4 29 6 8 25 9 27 -2 11 15 -3 17 -14 -9 -5 -17 18 -7 -16 -11 -19 26 24 -12 -4 -8 -6 -29 -1
right_child=1 3 5 10 7 12 22 14 -10 20 23 -13 13 -15 19 16 -18 21 -20 -21 -22 -23 -24 -25 -26 -27 -28 28 -30 -31
leaf_value=-0.24533947774842413 0.04821107865501803 0.16242301706031631 -0.1485675697363581 0.091852801820126978 0.2115215749684024 -0.13283765424280197 0.065322095259594232 0.13071082989707386 -0.0011529966616124596 0.17774430024393398 0.015219510204735257 0.090326866810642836 -0.052193263286895247 0.007080454704362811 0.076266852636205362 0.25512612642616861 0.44147833327748887 -0.062342639879750542 -0.069920188375891978 -0.02181269246949882 0.2836952707660732 0.022956977673866188 0.28875185051016977 0.36071769177704316 0.31038941149263338 -0.099661800798383493 0.24154668829029369 0.10563831600588408 0.22340101256318717 -0.1770451464122505
leaf_weight=2519 1473 796 617 41 187 526 52 431 1929 632 21 538 1572 525 1995 540 67 843 1040 138 134 202 303 476 64 1680 97 466 92 244
leaf_count=2519 1473 796 617 41 187 526 52 431 1929 632 21 538 1572 525 1995 540 67 843 1040 138 134 202 303 476 64 1680 97 466 92 244
internal_value=2.38121e-05 0.113601 -0.121739 0.214186 0.0572306 -0.0753656 0.173414 0.0951386 0.020359 0.156302 0.300248 0.133347 -0.0571023 -0.0373536 0.0798285 0.264063 0.275695 -0.0729633 -0.0910534 0.0699213 0.196279 -0.0458541 0.252917 0.342043 0.237465 -0.112798 0.180045 0.144814 0.125054 -0.239308
internal_weight=20240 10472 9768 3761 6711 7005 2552 3309 3402 2100 1209 1334 4708 2097 2564 648 607 2611 1566 2133 766 1045 452 561 85 2297 149 745 558 2763
internal_count=20240 10472 9768 3761 6711 7005 2552 3309 3402 2100 1209 1334 4708 2097 2564 648 607 2611 1566 2133 766 1045 452 561 85 2297 149 745 558 2763
cat_boundaries=0 1 2
cat_threshold=12 8
is_linear=0
shrinkage=0.05


Tree=21
num_leaves=31
num_cat=2
split_feature=1 0 0 22 1 1 0 49 45 16 42 36 48 43 1 45 1 18 45 16 45 1 18 36 37 1 13 21 43 51
split_gain=101065 22001.3 18243.2 4749.47 2536.02 2447.21 1378.42 1026.3 927.468 989.517 737.638 712.692 688.125 666.697 666.385 745.006 850.536 651.001 746.507 592.254 577.054 552.683 491.173 487.866 483.935 482.774 460.688 391.584 387.122 369.049
threshold=17.187500000000004 4.604166666666667 21.187500000000004 29.062500000000004 18.645833333333339 11.35416666666667 29.187500000000004 0 15.500000000000002 1.0000000180025095e-35 134.6428571428572 3.2142857142857149 0.98214285714285732 11.642857142857144 33.041666666666679 24.500000000000004 41.604166666666679 0.25000000000000017 6.5000000000000009 1.0000000180025095e-35 5.5000000000000009 9.3541666666666696 0.25000000000000017 4.6428571428571432 70.33750000000002 34.687500000000007 85.500000000000014 23.354166666666668 20.500000000000004 1
decision_type=2 2 2 2 2 2 2 1 2 2 2 2 2 2 2 2 2 2 2 2 2 2 2 2 2 2 2 2 2 1
left_child=1 12 4 6 11 21 10 -7 13 23 19 20 -1 -6 26 16 -16 18 -9 -4 -2 -3 27 -10 -15 -12 -5 -8 -11 -19
right_child=2 5 3 14 8 7 22 17 9 28 25 -13 -14 24 15 -17 -18 29 -20 -21 -22 -23 -24 -25 -26 -27 -28 -29 -30 -31
leaf_value=-0.14242498405198467 -0.057678868889432779 -0.13216366910234112 0.15355966940317722 0.24036073791129248 -0.013937706234726574 0.0058915208965114371 0.10741786979138852 -0.090045283889899075 0.16735860090967783 0.069989248771129414 0.16900633075272675 0.043001101662592335 -0.23171307764546514 0.097206885597308293 0.29880262625182996 0.44201159753181324 0.14029862600308593 -0.010124160655167767 -0.032008244545665906 0.085062210541701766 0.02758913720322681 -0.083929535315946602 0.30446690141809052 0.38192429074219297 0.044177893286767772 0.27229126329142334 -0.06944033597551641 0.2387848808979377 0.19204513406431356 -0.090519305923112095
leaf_weight=235 389 783 780 28 202 1012 80 1393 492 532 628 1736 2639 1432 941 81 93 1019 920 530 405 2459 194 28 615 138 21 195 74 166
leaf_count=235 389 783 780 28 202 1012 80 1393 492 532 628 1736 2639 1432 941 81 93 1019 920 530 405 2459 194 28 615 138 21 195 74 166
internal_value=2.37833e-05 -0.106252 0.117486 0.204392 0.0628993 -0.0624444 0.166128 -0.0386258 0.0912694 0.128313 0.148638 0.0250539 -0.224412 0.0727231 0.288055 0.295986 0.284546 -0.051375 -0.0669609 0.125847 -0.0141857 -0.0955789 0.243546 0.178912 0.0812749 0.187614 0.107589 0.200569 0.0848938 -0.0213863
internal_weight=20240 10626 9614 3709 5905 7752 2545 4510 3375 1126 2076 2530 2874 2249 1164 1115 1034 3498 2313 1310 794 3242 469 520 2047 766 49 275 606 1185
internal_count=20240 10626 9614 3709 5905 7752 2545 4510 3375 1126 2076 2530 2874 2249 1164 1115 1034 3498 2313 1310 794 3242 469 520 2047 766 49 275 606 1185
cat_boundaries=0 1 2
cat_threshold=1 4
is_linear=0
shrinkage=0.05


Tree=22
num_leaves=31
num_cat=1
split_feature=26 0 26 28 1 1 18 37 13 18 49 13 37 24 30 27 18 18 27 37 23 25 13 45 1 29 1 45 45 42
split_gain=91337 19317.3 17386.2 4342.69 3030.62 1502.76 1056.36 820.163 914.956 805.194 804.402 772.582 741.85 714.721 539.085 756.655 515.33 497.965 492.588 479.872 474.028 551.777 455.98 444.409 474.991 443.758 404.207 366.379 362.999 474.189
threshold=13.069940476190478 21.020833333333339 5.1651785714285721 26.268750000000001 18.645833333333339 10.35416666666667 0.25000000000000017 81.612500000000011 341.50000000000006 -0.24999999999999994 0 207.50000000000003 68.862500000000011 15.66369047619048 0.11904761904761907 6.1341084082564459 -0.24999999999999994 -0.5 1.8257549105275956 91.762500000000017 33.479166666666679 5.1508089939629746 36.500000000000007 7.5000000000000009 15.72916666666667 1.523684860418006 12.85416666666667 16.500000000000004 25.500000000000004 104.64285714285715
decision_type=2 2 2 2 2 2 2 2 2 2 1 2 2 2 2 2 2 2 2 2 2 2 2 2 2 2 2 2 2 2
left_child=2 4 25 9 13 -4 20 27 -9 11 28 19 -13 -2 15 -11 23 -12 -18 -3 21 -5 -16 24 -7 -1 -25 -8 -6 -30
right_child=1 3 5 6 10 16 7 8 -10 14 17 12 -14 -15 22 -17 18 -19 -20 -21 -22 -23 -24 26 -26 -27 -28 -29 29 -31
leaf_value=-0.22104041400832819 -0.0054484482444523297 0.10863635586945491 -0.10118187097439016 0.16945992716477024 0.11731393465464397 -0.12197633278361404 0.32481653476846811 0.26581545262702899 -0.0076203257590532307 0.20036418824939028 0.045502579561952333 0.12998130353024373 -0.12517424538908969 0.040442935984936507 0.23494922536072035 0.50708433332897374 -0.049799493296665498 0.090267132441609041 0.0020899399608589201 0.20124818592572985 0.263325937987887 0.31368443959138614 0.12604946047246104 -0.056375230028882874 -0.063672224328032698 -0.14751923740027065 0.022372984075181113 0.46957289540037817 0.33819929516833763 0.14228464542551245
leaf_weight=2577 1617 653 2260 478 605 526 405 243 35 473 1057 52 63 1785 116 21 1423 1507 674 178 357 77 561 843 1040 223 202 49 46 94
leaf_count=2577 1617 653 2260 478 605 526 405 243 35 473 1057 52 63 1785 116 21 1423 1507 674 178 357 77 561 843 1040 223 202 49 46 94
internal_value=2.27402e-05 0.102606 -0.109954 0.193319 0.0517682 -0.067668 0.254288 0.299025 0.23139 0.145972 0.0858373 0.111665 -0.00979956 0.0186304 0.173688 0.213403 -0.0515802 0.0715341 -0.0331216 0.128474 0.21838 0.189469 0.144709 -0.0664051 -0.0832559 -0.215185 -0.0411531 0.34044 0.132327 0.206657
internal_weight=20240 10472 9768 3761 6711 6968 1644 732 278 2117 3309 946 115 3402 1171 494 4708 2564 2097 831 912 555 677 2611 1566 2800 1045 454 745 140
internal_count=20240 10472 9768 3761 6711 6968 1644 732 278 2117 3309 946 115 3402 1171 494 4708 2564 2097 831 912 555 677 2611 1566 2800 1045 454 745 140
cat_boundaries=0 1
cat_threshold=12
is_linear=0
shrinkage=0.05


Tree=23
num_leaves=31
num_cat=1
split_feature=1 1 1 42 45 28 0 45 0 45 16 1 18 37 23 28 16 45 45 42 13 28 28 49 45 37 37 16 26 40
split_gain=82478.3 17990.6 15134.9 4009.61 3656.03 3306.14 1839.45 1273.3 1092.36 917.929 949.418 927.818 910.737 921.407 884.373 805.996 774.57 743.318 684.293 788.781 618.178 612.185 599.391 495.355 571.634 415.382 427.45 370.134 341.684 324.854
threshold=17.187500000000004 8.3541666666666696 33.041666666666679 126.92857142857144 24.500000000000004 20.319444444444446 11.60416666666667 12.500000000000002 17.270833333333339 17.500000000000004 1.0000000180025095e-35 41.312500000000007 0.25000000000000017 94.137500000000017 17.479166666666668 4.2597222222222229 1.0000000180025095e-35 34.500000000000007 37.500000000000007 100.64285714285715 149.50000000000003 13.270138888888892 8.4979166666666703 0 11.500000000000002 84.225000000000009 67.062500000000014 1.0000000180025095e-35 21.578869047619055 26.500000000000004
decision_type=2 2 2 2 2 2 2 2 2 2 2 2 2 2 2 2 2 2 2 2 2 2 2 1 2 2 2 2 2 2
left_child=1 15 5 4 9 8 22 12 23 11 -11 -4 20 -14 28 -1 -6 -10 19 -16 -5 -8 -3 -2 -25 26 -9 -27 -7 -30
right_child=2 6 3 7 16 14 21 25 17 10 -12 -13 13 -15 18 -17 -18 -19 -20 -21 -22 -23 -24 24 -26 27 -28 -29 29 -31
leaf_value=-0.20940239752700124 0.033073716457431061 -0.10522087792876478 0.12970786984762858 0.19847801609754184 0.40999762020464847 0.14277715392055965 -0.04123120032075922 0.3353843379462057 0.056836713381581153 0.2340190451595735 0.088970272126725786 0.02901142671439921 0.2928451974876225 -0.0087071932024425924 0.015562634684051139 -0.13594130999237777 0.22247354835271838 0.2023477722041227 0.27342463966864999 0.13284260601735404 0.038488216037755291 0.0066908926256316198 -0.063768189139655193 -0.034299364574227102 0.084187159765934383 0.33196520878462099 0.50024864280223846 0.22070759344548124 -0.046476611025855513 0.16965524956583977
leaf_weight=2600 1216 1148 524 374 131 42 1730 184 2469 264 197 406 410 27 158 436 95 91 78 1548 72 1084 3628 704 119 166 50 136 133 20
leaf_count=2600 1216 1148 524 374 131 42 1730 184 2469 264 197 406 410 27 158 436 95 91 78 1548 72 1084 3628 704 119 166 50 136 133 20
internal_value=2.16032e-05 -0.0959852 0.106134 0.198477 0.14465 0.0635145 -0.0548382 0.259816 0.0402617 0.114345 0.172035 0.0857479 0.222914 0.274214 0.117552 -0.198853 0.331171 0.0620092 0.128602 0.121981 0.17265 -0.0227708 -0.0737321 0.0129573 -0.016961 0.320607 0.370612 0.281862 0.0164531 -0.0182241
internal_weight=20240 10626 9614 3036 1617 6578 7590 1419 4599 1391 461 930 883 437 1979 3036 226 2560 1784 1706 446 2814 4776 2039 823 536 234 302 195 153
internal_count=20240 10626 9614 3036 1617 6578 7590 1419 4599 1391 461 930 883 437 1979 3036 226 2560 1784 1706 446 2814 4776 2039 823 536 234 302 195 153
cat_boundaries=0 1
cat_threshold=24
is_linear=0
shrinkage=0.05


Tree=24
num_leaves=31
num_cat=1
split_feature=26 22 0 0 0 42 1 1 42 42 45 45 1 45 14 49 27 45 24 1 23 45 13 45 1 36 16 1 13 28
split_gain=74443.5 15767.6 14217.9 3769.33 2775.66 1317.9 1201.37 830.114 671.231 595.774 591.952 582.763 647.772 620.531 536.532 590.792 518.767 503.288 468.583 464.545 381.267 369.732 359.209 475.755 457.741 415.731 296.647 286.307 278.536 406.764
threshold=13.069940476190478 21.020833333333339 4.604166666666667 28.270833333333339 18.562500000000004 120.64285714285715 10.35416666666667 37.479166666666679 91.500000000000014 163.07142857142858 17.500000000000004 35.500000000000007 34.687500000000007 25.500000000000004 11.500000000000002 0 1.5825333553392575 15.500000000000002 21.169642857142858 31.979166666666668 25.229166666666668 9.5000000000000018 237.50000000000003 7.5000000000000009 15.687500000000002 1.9285714285714288 -0.22252093395631442 12.85416666666667 47.500000000000007 30.954166666666669
decision_type=2 2 2 2 2 2 2 2 2 2 2 2 2 2 2 1 2 2 2 2 2 2 2 2 2 2 2 2 2 2
left_child=2 4 16 5 8 14 -4 18 21 10 20 12 -6 -14 -3 -16 -1 -9 -7 -12 -5 -2 23 25 -24 -8 -13 -25 -11 -30
right_child=1 3 6 9 11 7 22 17 -10 28 19 26 13 -15 15 -17 -18 -19 -20 -21 -22 -23 24 27 -26 -27 -28 -29 29 -31
leaf_value=-0.19850889229033808 -0.0036045809546887599 0.20276896041348455 -0.090391637528155114 0.078818956557661302 0.072631662145983197 0.22831247088289697 -0.11164072038993367 0.17412179476995437 0.044381151494628235 0.33950534179298719 0.11478539427573031 0.31689042521686095 0.12189813624517608 0.32364485526368736 0.12601070415545654 0.050442549712405554 -0.11540911592045192 0.32945100574664055 0.14250739802311274 0.28894454290616817 0.20101124248482122 0.046430413323156373 -0.045361508934882631 -0.043286796462893296 0.019162737379949064 -0.057384381992990112 0.13625333010419913 0.013774314068899857 0.11988200613043526 0.28422258567543152
leaf_weight=2673 1940 121 2240 80 1546 191 471 90 2154 176 44 41 412 42 601 534 202 124 953 295 316 456 765 1314 429 1410 51 264 44 261
leaf_count=2673 1940 121 2240 80 1546 191 471 90 2154 176 44 41 412 42 601 534 202 124 953 295 316 456 765 1314 429 1410 51 264 44 261
internal_value=2.13402e-05 0.0926331 -0.0992652 0.173429 0.0460436 0.139598 -0.0603069 0.173741 0.0241267 0.246155 0.217843 0.0937118 0.0880518 0.140562 0.102682 0.0920117 -0.19267 0.264126 0.156833 0.26634 0.176326 0.00591794 -0.0458238 -0.0539859 -0.0221782 -0.0709701 0.216755 -0.0337405 0.289418 0.260514
internal_weight=20240 10472 9768 3830 6642 2614 6893 1358 4550 1216 735 2092 2000 454 1256 1135 2875 214 1144 339 396 2396 4653 3459 1194 1881 92 1578 481 305
internal_count=20240 10472 9768 3830 6642 2614 6893 1358 4550 1216 735 2092 2000 454 1256 1135 2875 214 1144 339 396 2396 4653 3459 1194 1881 92 1578 481 305
cat_boundaries=0 1
cat_threshold=12
is_linear=0
shrinkage=0.05


Tree=25
num_leaves=31
num_cat=1
split_feature=1 28 1 42 45 28 28 45 0 16 27 23 32 18 42 45 28 45 42 45 14 49 45 37 37 16 36 14 26 16
split_gain=67326.1 14704.2 12420.1 3328.55 3188.98 2672.43 1425.37 1074.12 909.995 861.365 847.971 786.527 776.011 712.264 645.193 632.197 597.748 593.081 676.099 566.036 500.602 435.1 503.233 385.384 487.905 357.012 336.684 320.283 324.56 302.519
threshold=17.187500000000004 6.6104166666666666 33.041666666666679 126.92857142857144 23.500000000000004 20.319444444444446 12.879861111111113 12.500000000000002 17.270833333333339 1.0000000180025095e-35 0.84345104962998019 17.479166666666668 5.5000000000000009 0.25000000000000017 94.357142857142875 34.500000000000007 8.8659722222222239 37.500000000000007 100.64285714285715 17.500000000000004 50.500000000000007 0 9.5000000000000018 81.612500000000011 67.062500000000014 1.0000000180025095e-35 10.071428571428573 7.5000000000000009 21.578869047619055 1.0000000180025095e-35
decision_type=2 2 2 2 2 2 2 2 2 2 2 2 2 2 2 2 2 2 2 2 2 1 2 2 2 2 2 2 2 2
left_child=1 10 5 4 14 8 16 12 21 -6 -1 27 26 -14 19 -10 -3 18 -13 -4 -16 -2 -23 24 -9 -25 -5 -7 -29 -19
right_child=2 6 3 7 9 11 -8 23 15 -11 -12 17 13 -15 20 -17 -18 29 -20 -21 -22 22 -24 25 -26 -27 -28 28 -30 -31
leaf_value=-0.18940730410735676 0.030317457877758504 -0.086989451711637661 0.01436503506993627 0.070690498541074773 0.36389878078714594 0.19498113074472972 -0.0020393612066230554 0.30582518337026199 0.051460679820678382 0.1860388960257997 -0.12268152119749712 0.011603360794060215 0.17236070590093733 0.27166572414218743 0.13324131288306079 0.18565526796238763 -0.050069697994815192 0.32480449795722965 0.12018354931423317 0.12075015806099948 -0.10339230003402285 -0.038336958502465046 0.054109226664816872 0.3034469063083331 0.49469320178031922 0.19555553345934307 0.27044867060519756 0.11966907100097553 -0.047221190271640782 0.11953270653528827
leaf_weight=2578 1216 1432 323 135 154 21 1355 184 2469 122 584 158 350 373 791 91 4677 50 1548 204 23 631 192 171 42 139 25 37 137 28
leaf_count=2578 1216 1432 323 135 154 21 1355 184 2469 122 584 158 350 373 791 91 4677 50 1548 204 23 631 192 171 42 139 25 37 137 28
internal_value=2.46322e-05 -0.0867162 0.0958961 0.179548 0.130505 0.0572874 -0.0484336 0.235435 0.0363815 0.28528 -0.177084 0.10587 0.201542 0.223593 0.0986494 0.0562309 -0.058724 0.116292 0.110127 0.0555464 0.126555 0.0114603 -0.0165686 0.29127 0.340925 0.25507 0.101903 0.0105285 -0.011733 0.251117
internal_weight=20240 10626 9614 3036 1617 6578 7464 1419 4599 276 3162 1979 883 723 1341 2560 6109 1784 1706 527 814 2039 823 536 226 310 160 195 174 78
internal_count=20240 10626 9614 3036 1617 6578 7464 1419 4599 276 3162 1979 883 723 1341 2560 6109 1784 1706 527 814 2039 823 536 226 310 160 195 174 78
cat_boundaries=0 1
cat_threshold=24
is_linear=0
shrinkage=0.05


Tree=26
num_leaves=31
num_cat=0
split_feature=0 1 1 21 42 45 1 45 42 45 45 18 37 28 16 16 45 45 1 1 13 42 42 27 18 37 37 22 45 16
split_gain=60788.8 12607.7 12420.8 2825.83 2714.91 2725.32 1004.78 965.516 902.593 889.832 721.816 694.949 764.433 641.868 639.048 629.099 786.705 599.516 574.055 549.462 536.246 475.817 454.531 451.519 418.703 347.809 440.335 344.16 331.948 322.203
threshold=13.22916666666667 33.041666666666679 8.8541666666666696 18.020833333333339 126.92857142857144 24.500000000000004 11.35416666666667 12.500000000000002 139.78571428571431 37.500000000000007 6.5000000000000009 0.25000000000000017 66.512500000000017 4.2597222222222229 1.0000000180025095e-35 -0.56174490092936669 16.500000000000004 7.5000000000000009 14.250000000000002 41.312500000000007 149.50000000000003 91.500000000000014 82.500000000000014 5.1379845452418804 0.25000000000000017 81.612500000000011 67.062500000000014 20.854166666666668 32.500000000000007 1.0000000180025095e-35
decision_type=2 2 2 2 2 2 2 2 2 2 2 2 2 2 2 2 2 2 2 2 2 2 2 2 2 2 2 2 2 2
left_child=2 3 13 10 5 15 -4 11 9 22 21 20 -13 -1 -7 16 -3 18 -8 -17 -6 -2 -5 27 -20 26 -9 -12 -19 -27
right_child=1 4 6 8 7 14 17 25 -10 -11 23 12 -14 -15 -16 19 -18 28 24 -21 -22 -23 -24 -25 -26 29 -28 -29 -30 -31
leaf_value=-0.1796985638931107 -0.0066281947702013918 0.096239684850626728 -0.071745439231903574 -0.023810676643983106 0.17175072260543045 0.36051193969395329 -0.081409231370026008 0.29053392329698674 0.13828293153223273 0.23084200918674469 0.054252980385915611 0.25908706843605284 0.043604038947302366 -0.11682336473616767 0.18912272389217089 0.11934639090822774 0.23952407756082292 -0.011775008138774546 -0.043768813683783346 0.042142556299293338 0.022707806175781622 0.033005427114606051 0.072805387184706055 -0.067189950545263652 0.017794572344106665 0.28827456069663604 0.46995854817685628 0.1331730197987849 0.16200553035097465 0.18577775565485249
leaf_weight=2600 1596 241 2991 130 373 131 867 184 713 86 973 391 46 481 93 432 159 1478 1401 494 72 1441 1914 68 344 171 42 161 28 139
leaf_count=2600 1596 241 2991 130 373 131 867 184 713 86 973 391 46 481 93 432 159 1478 1401 494 72 1441 1914 68 344 171 42 161 28 139
internal_value=2.41493e-05 0.0872772 -0.0860301 0.051023 0.173784 0.128045 -0.0496889 0.223781 0.0895893 0.0732895 0.0251574 0.191618 0.236405 -0.169883 0.289355 0.100795 0.153195 -0.0336687 -0.0481549 0.0781599 0.147636 0.0121772 0.0666605 0.0579535 -0.0316325 0.276706 0.323878 0.0654577 -0.00854403 0.242316
internal_weight=20240 10050 10190 7082 2968 1550 7109 1418 2843 2130 4239 882 437 3081 224 1326 400 4118 2612 926 445 3037 2044 1202 1745 536 226 1134 1506 310
internal_count=20240 10050 10190 7082 2968 1550 7109 1418 2843 2130 4239 882 437 3081 224 1326 400 4118 2612 926 445 3037 2044 1202 1745 536 226 1134 1506 310
is_linear=0
shrinkage=0.05


Tree=27
num_leaves=31
num_cat=2
split_feature=1 0 1 42 28 1 16 0 18 49 26 13 13 13 42 37 13 43 18 50 18 42 43 35 13 27 48 27 23 7
split_gain=54957.6 12024.5 10106.1 2705.36 2185.85 1367.08 1016.89 756.795 708.73 664.186 599.987 621.097 572.355 548.993 590.244 526.555 557.83 520.107 469.99 424.718 443.302 404.818 378.227 420.139 389.222 370.925 365.863 312.527 299.027 280.693
threshold=17.187500000000004 4.604166666666667 33.041666666666679 126.92857142857144 20.319444444444446 11.35416666666667 1.0000000180025095e-35 17.270833333333339 -0.5 0 21.069940476190482 207.50000000000003 67.500000000000014 347.50000000000006 70.071428571428584 57.162500000000009 303.50000000000006 21.785714285714288 0.25000000000000017 1 -0.24999999999999994 68.214285714285737 20.500000000000004 5.5000000000000009 301.50000000000006 5.3672073560612255 0.98214285714285732 2.2201599910925816 25.229166666666668 0.4354354354354355
decision_type=2 2 2 2 2 2 2 2 2 1 2 2 2 2 2 2 2 2 2 1 2 2 2 2 2 2 2 2 2 2
left_child=1 26 4 6 7 21 13 19 10 -7 28 -12 29 14 -4 16 -14 -17 -11 -2 -21 -3 24 -24 -10 27 -1 -8 -6 -5
right_child=2 5 3 12 8 9 25 -9 22 18 11 -13 15 -15 -16 17 -18 -19 -20 20 -22 -23 23 -25 -26 -27 -28 -29 -30 -31
leaf_value=-0.10591804474037379 0.032912288572162211 -0.093973081341877762 0.035827872111565538 0.27549059657569236 0.17695785283576698 0.0076052142094379695 0.229842989895648 0.051009360189361821 0.067984616165518069 -0.051644660991094521 0.019918905697778752 -0.22161272952953978 0.081909856013953689 -0.10739635705947877 0.17067694012885631 0.25281263089391726 0.3404119968414307 0.17284481118347755 -0.012920926282583159 -0.040774856863946128 0.025839388686883333 -0.057297654991576887 0.21683408519558944 0.11925505669587905 0.1496801533797239 0.14672717027733048 -0.17102375650480561 0.045342928142474523 0.032201081567133465 0.13768014209004256
leaf_weight=235 1015 1187 90 374 88 1012 24 2560 616 2313 236 30 160 20 825 373 24 447 1185 592 432 2055 134 624 191 132 2639 526 60 41
leaf_count=235 1015 1187 90 374 88 1012 24 2560 616 2313 236 30 160 20 825 373 24 447 1185 592 432 2055 134 624 191 132 2639 526 60 41
internal_value=2.29421e-05 -0.0783463 0.0866416 0.1621 0.0518149 -0.0459605 0.117885 0.0329078 0.095753 -0.0281581 0.0375769 -0.0073215 0.212484 0.151749 0.157413 0.192068 0.115628 0.20922 -0.0384166 0.010181 -0.0125494 -0.0707257 0.111143 0.136505 0.0873202 0.0714584 -0.1657 0.0533938 0.118273 0.261876
internal_weight=20240 10626 9614 3036 6578 7752 1617 4599 1979 4510 414 266 1419 935 915 1004 184 820 3498 2039 1024 3242 1565 758 807 682 2874 550 148 415
internal_count=20240 10626 9614 3036 6578 7752 1617 4599 1979 4510 414 266 1419 935 915 1004 184 820 3498 2039 1024 3242 1565 758 807 682 2874 550 148 415
cat_boundaries=0 1 2
cat_threshold=1 141
is_linear=0
shrinkage=0.05


Tree=28
num_leaves=31
num_cat=1
split_feature=0 22 28 0 45 42 38 16 1 28 45 45 1 36 1 35 22 42 45 1 13 16 30 18 45 17 13 0 37 50
split_gain=49658.3 10277.2 10156 2301.62 1630.4 920.01 863.675 828.161 722.856 685.347 531.684 480.578 924.361 766.573 466.394 426.44 421.741 408.339 509.397 395.742 385.111 350.134 331.437 286.435 283.347 260.089 248.968 237.732 210.602 202.939
threshold=13.22916666666667 21.020833333333339 6.8812500000000005 28.270833333333339 13.500000000000002 76.214285714285737 144.50000000000003 1.0000000180025095e-35 11.85416666666667 4.2597222222222229 7.5000000000000009 18.500000000000004 37.270833333333336 5.0714285714285721 14.250000000000002 6.5000000000000009 29.479166666666668 163.07142857142858 17.500000000000004 31.854166666666668 315.50000000000006 -0.56174490092936669 0.01190476190476201 0.6830127018922193 32.500000000000007 -0.5 345.50000000000006 9.3958333333333339 66.662500000000009 0
decision_type=2 2 2 2 2 2 2 2 2 2 2 2 2 2 2 2 2 2 2 2 2 2 2 2 2 2 2 2 2 1
left_child=2 4 9 6 5 -2 11 19 27 -1 14 13 -13 -3 -10 -7 26 18 28 -6 -16 -20 -17 29 -12 -18 -8 -4 -5 -9
right_child=1 3 8 17 7 15 16 23 10 -11 24 12 -14 -15 20 22 25 -19 21 -21 -22 -23 -24 -25 -26 -27 -28 -29 -30 -31
leaf_value=-0.16225329722335136 -0.020048970876103991 0.020578095576990293 -0.078475055899509372 0.15942996116910158 0.098273520056381236 0.023578734019057954 0.15561554233705932 0.010194697370328078 -0.075945900629679347 -0.10456635286042182 -0.0083098279007714857 0.086885253605616622 0.19275647678092445 0.11279347642338872 -0.035126805419630869 0.13800583002359973 0.38520471453666688 0.23685575173219006 0.27861563106572707 0.1798353618452985 0.062779734948667412 0.17650170902075668 0.050126925896405876 0.13232796522689627 0.15233226365276747 0.20951633212232107 0.04088987717763163 -0.050050842899285741 0.073729916283504129 0.071645077940891963
leaf_weight=2600 855 391 1276 302 353 2474 522 319 765 642 1397 570 323 532 1638 115 26 481 153 257 107 186 1601 94 28 111 52 1737 94 239
leaf_count=2600 855 391 1276 302 353 2474 522 319 765 642 1397 570 323 532 1638 115 26 481 153 257 107 186 1601 94 28 111 52 1737 94 239
internal_value=2.27956e-05 0.0788842 -0.0777552 0.144518 0.0399329 0.0272182 0.117319 0.0907613 -0.0436579 -0.15083 -0.0295457 0.0990292 0.125179 0.0737293 -0.043394 0.0368634 0.164035 0.201039 0.1776 0.132636 -0.0291234 0.222589 0.0560162 0.0515836 -0.00515335 0.242859 0.145222 -0.0620884 0.139087 0.0379815
internal_weight=20240 10050 10190 3743 6307 5045 2527 1262 6948 3242 3935 1816 893 923 2510 4190 711 1216 735 610 1745 339 1716 652 1425 137 574 3013 396 558
internal_count=20240 10050 10190 3743 6307 5045 2527 1262 6948 3242 3935 1816 893 923 2510 4190 711 1216 735 610 1745 339 1716 652 1425 137 574 3013 396 558
cat_boundaries=0 1
cat_threshold=192
is_linear=0
shrinkage=0.05


Tree=29
num_leaves=31
num_cat=1
split_feature=1 0 22 45 21 16 0 36 45 28 28 1 49 14 24 1 45 36 14 13 38 1 45 13 1 23 1 6 15 13
split_gain=44886.9 9806.23 8386.04 2071.91 1667.05 1199.58 1133.9 1029.95 626.043 482.987 470.687 468.711 466.912 471.578 571.055 453.856 435.899 740.401 443.934 434.683 420.359 411.835 427.996 393.109 392.068 383.205 373.41 344.535 325.937 318.072
threshold=17.187500000000004 4.604166666666667 23.645833333333339 15.500000000000002 29.020833333333339 1.0000000180025095e-35 10.520833333333334 3.2142857142857149 7.5000000000000009 13.270138888888892 18.021527777777781 31.854166666666668 0 12.500000000000002 21.622023809523814 37.687500000000007 15.500000000000002 6.6428571428571432 49.500000000000007 88.500000000000014 144.50000000000003 35.937500000000007 24.500000000000004 112.50000000000001 41.312500000000007 19.770833333333339 12.937500000000002 0.49764129951045849 0.6078576107927941 178.50000000000003
decision_type=2 2 2 2 2 2 2 2 2 2 2 2 1 2 2 2 2 2 2 2 2 2 2 2 2 2 2 2 2 2
left_child=1 -1 3 7 12 11 26 8 25 -8 -9 -5 15 14 -14 23 17 -6 -19 -15 28 -18 -23 -4 -12 -2 -3 -10 -7 -17
right_child=2 6 4 5 16 20 9 10 27 -11 24 -13 13 19 -16 29 21 18 -20 -21 -22 22 -24 -25 -26 -27 -28 -29 -30 -31
leaf_value=-0.1496881225938172 -0.035337596063649619 -0.06843111388231099 0.16770534758546912 0.10546808445916929 0.05100440072073114 0.01480578926120755 -0.033964410811429591 0.029764737506419545 -0.069796564320235385 0.0045722042629454734 0.073129867320030781 0.18293442489534972 0.30503486527433232 -0.1572540686182354 0.10595779062022229 0.24055032604236223 0.066337267309427267 0.18306782568241087 0.35187306943393892 0.065708589376966206 0.12870943191198586 0.22829305100944139 0.36773472481699132 0.098330663039879251 -0.020267075385715143 -0.21322109801694752 -0.028311839373814936 0.038256039433185132 0.089758074319248565 0.12658391635526034
leaf_weight=2874 562 3109 328 431 105 474 2781 2205 84 1149 1423 357 43 23 222 169 32 536 42 441 156 308 67 541 122 32 713 606 209 96
leaf_count=2874 562 3109 328 431 105 474 2781 2205 84 1149 1423 357 43 23 222 169 32 536 42 441 156 308 67 541 122 32 713 606 209 96
internal_value=2.36776e-05 -0.0708022 0.0783049 0.0472122 0.14844 0.0962633 -0.0415558 0.0313587 -0.00729171 -0.0226976 0.0445927 0.140564 0.119704 0.0838969 0.138261 0.140742 0.197554 0.173146 0.195334 0.0546566 0.0546556 0.238514 0.253207 0.124516 0.0657548 -0.0449205 -0.0609468 0.0251018 0.0377414 0.199264
internal_weight=20240 10626 9614 6661 2953 1627 7752 5034 1284 3930 3750 788 1863 729 265 1134 1090 683 578 464 839 407 375 869 1545 594 3822 690 683 265
internal_count=20240 10626 9614 6661 2953 1627 7752 5034 1284 3930 3750 788 1863 729 265 1134 1090 683 578 464 839 407 375 869 1545 594 3822 690 683 265
cat_boundaries=0 1
cat_threshold=4
is_linear=0
shrinkage=0.05


Tree=30
num_leaves=31
num_cat=3
split_feature=0 1 28 21 42 45 27 45 42 22 45 1 27 35 45 18 16 27 45 50 28 18 18 49 13 29 17 37 49 29
split_gain=40565.1 8565.61 8324.49 1927.42 1906.94 2280.8 715.213 708.436 749.784 691.874 634.247 577.658 561.794 534.816 527.375 521.805 506.22 440.072 427.709 426.07 384.98 371.406 366.85 349.227 327.836 319.584 297.033 286.911 286.431 267.78
threshold=13.22916666666667 33.041666666666679 6.8812500000000005 18.020833333333339 136.50000000000003 24.500000000000004 2.1071181184623082 37.500000000000007 139.07142857142858 24.937500000000004 12.500000000000002 10.97916666666667 0.81357640203044101 5.2142857142857153 6.5000000000000009 0.25000000000000017 1.0000000180025095e-35 5.1379845452418804 7.5000000000000009 0 24.039583333333336 1.0000000180025095e-35 -0.24999999999999994 1 315.50000000000006 4.1988584807440903 -0.6830127018922193 81.612500000000011 2 1.9425178604924309
decision_type=2 2 2 2 2 2 2 2 2 2 2 2 2 2 2 2 2 2 2 1 2 2 2 1 2 2 2 2 1 2
left_child=2 3 12 14 5 6 -3 8 20 -8 13 -4 -1 -6 21 -15 -7 -16 19 24 -5 23 -21 -2 -13 -10 -12 -28 -23 -20
right_child=1 4 11 7 10 16 9 -9 25 -11 26 18 -14 15 17 -17 -18 -19 29 22 -22 28 -24 -25 -26 -27 27 -29 -30 -31
leaf_value=-0.14698616283179808 -0.077259209646898155 0.29432811987836188 -0.057793036849787705 0.059525654168340027 -0.067613839171826839 0.31691791277079689 0.054097257782054577 0.2067807594081387 0.12436671916359046 0.12251194577644886 0.39022260712039092 -0.027658392810031948 -0.095382272519085556 0.1266200437380432 0.055495723829944693 0.21185444237264861 0.16979565476158673 -0.075459603005198439 -0.021381745799406399 -0.091362934634514947 -0.019309231352347595 0.051343491213601523 -0.035413416959553731 -0.00073346405865074059 0.081797364012648671 0.022230416519203405 0.27635006306462745 0.19043496382405339 0.0083377782089263924 0.022265609495812105
leaf_weight=2579 160 41 2645 1851 24 137 884 96 640 635 31 1372 663 335 1134 387 102 68 1188 591 169 625 581 1225 72 87 178 214 1027 499
leaf_count=2579 160 41 2645 1851 24 137 884 96 640 635 31 1372 663 335 1134 387 102 68 1188 591 169 625 581 1225 72 87 178 214 1027 499
internal_value=2.24941e-05 0.0712988 -0.0702746 0.0414161 0.142603 0.110295 0.0882593 0.0732671 0.0686012 0.0826972 0.192321 -0.0394045 -0.136433 0.164588 0.0200544 0.172307 0.254129 0.0480873 -0.0281012 -0.0407602 0.0529301 0.00895933 -0.0630886 -0.0101371 -0.0220481 0.112144 0.24123 0.229447 0.0249694 -0.00847124
internal_weight=20240 10050 10190 7082 2968 1799 1560 2843 2747 1519 1169 6948 3242 746 4239 722 239 1202 4303 2616 2020 3037 1172 1385 1444 727 423 392 1652 1687
internal_count=20240 10050 10190 7082 2968 1799 1560 2843 2747 1519 1169 6948 3242 746 4239 722 239 1202 4303 2616 2020 3037 1172 1385 1444 727 423 392 1652 1687
cat_boundaries=0 1 2 3
cat_threshold=13 2 24
is_linear=0
shrinkage=0.05


Tree=31
num_leaves=31
num_cat=3
split_feature=1 1 22 45 21 16 32 29 18 42 1 50 45 30 13 18 49 28 1 45 18 35 36 38 26 50 1 13 23 13
split_gain=36644.6 8098.69 6889.56 1745.11 1368.96 1064.88 906.502 758.434 713.619 546.569 513.806 483.689 548.199 482 510.774 479.322 454.574 436.75 405.78 385.331 669.946 689.26 373.054 369.34 324.759 306.097 266.202 264.711 262.418 259.807
threshold=17.187500000000004 9.3541666666666696 23.645833333333339 15.500000000000002 29.020833333333339 1.0000000180025095e-35 4.5000000000000009 0.57745222046254818 -0.5 120.64285714285715 12.85416666666667 0 21.500000000000004 0.011904761904761895 349.50000000000006 -0.5 1 18.021527777777781 31.854166666666668 15.500000000000002 -0.9330127018922193 6.0714285714285721 5.7857142857142865 144.50000000000003 33.126488095238102 2 37.687500000000007 217.50000000000003 24.270833333333339 315.50000000000006
decision_type=2 2 2 2 2 2 2 2 2 2 2 1 2 2 2 2 1 2 2 2 2 2 2 2 2 1 2 2 2 2
left_child=1 7 3 6 9 18 15 -1 -3 11 -10 12 -4 14 -11 16 -2 -8 -5 20 -6 -22 -21 25 -24 -7 -15 -19 -20 -12
right_child=2 8 4 5 19 23 17 -9 10 13 29 -13 -14 26 -16 -17 -18 27 28 22 21 -23 24 -25 -26 -27 -28 -29 -30 -31
leaf_value=-0.14023617092278004 0.0097477799520400074 -0.054100296803020156 0.07388688423327848 0.096669673490966834 -0.11555846878750758 0.074069902738365848 0.030847382783049271 -0.088866997288843008 -0.035453127931701724 0.22503602043892712 -0.0092641867697531421 0.020115548970514083 0.19051569025940429 0.10367464736677795 -0.0070033915340900425 0.026927713239402479 -0.053422403076701631 0.056003215369089247 0.13162340177953535 0.19019914676447389 -0.038990303759391498 0.17769766493658895 0.38962774487102736 0.11779781840741635 0.20842595571399822 0.0052818061143357293 0.18658129237833443 0.10848323960899045 0.21824782082165772 0.041604023091276275
leaf_weight=2540 678 2576 353 431 22 259 1410 1002 2618 195 1592 278 141 758 27 1364 480 748 204 308 39 622 51 156 48 424 111 354 153 298
leaf_count=2540 678 2576 353 431 22 259 1410 1002 2618 195 1592 278 141 758 27 1364 480 748 204 308 39 622 51 156 48 424 111 354 153 298
internal_value=2.09168e-05 -0.0639727 0.0707507 0.0425685 0.134321 0.0875853 0.0280189 -0.125704 -0.0331069 0.108281 -0.0211107 0.0760856 0.105049 0.131062 0.196815 0.00684334 -0.0168139 0.0492788 0.129325 0.178827 0.155879 0.164913 0.217339 0.0483833 0.301772 0.0325287 0.114265 0.0728616 0.168748 -0.0012437
internal_weight=20240 10626 9614 6661 2953 1627 5034 3542 7084 1863 4508 772 494 1091 222 2522 1158 2512 788 1090 683 661 407 839 99 683 869 1102 357 1890
internal_count=20240 10626 9614 6661 2953 1627 5034 3542 7084 1863 4508 772 494 1091 222 2522 1158 2512 788 1090 683 661 407 839 99 683 869 1102 357 1890
cat_boundaries=0 1 2 3
cat_threshold=37 24 33
is_linear=0
shrinkage=0.05


Tree=32
num_leaves=31
num_cat=0
split_feature=0 1 28 42 42 16 22 42 0 18 43 27 37 36 27 27 48 37 28 25 30 22 23 28 44 28 29 17 42 22
split_gain=33169.9 7013.31 6780.19 1638.77 1603.54 749.327 657.124 601.581 494.011 453.545 808.727 449.585 400.685 426.942 382.241 451.695 347.476 335.266 355.646 328.063 306.557 281.422 262.954 301.962 225.046 221.846 220.581 214.198 210.947 205.17
threshold=13.22916666666667 33.041666666666679 6.8812500000000005 117.78571428571429 126.92857142857144 -0.56174490092936669 19.895833333333339 79.071428571428584 9.9791666666666696 -0.5 21.500000000000004 0.81357640203044101 63.812500000000007 4.9285714285714297 2.1235158749970182 5.3672073560612255 0.94642857142857151 55.562500000000007 29.695833333333336 4.2273018591030871 0.011904761904761895 16.645833333333339 23.020833333333339 23.174305555555559 3.5000000000000004 18.999305555555559 4.7965190695747433 -0.6830127018922193 58.214285714285722 30.104166666666668
decision_type=2 2 2 2 2 2 2 2 2 2 2 2 2 2 2 2 2 2 2 2 2 2 2 2 2 2 2 2 2 2
left_child=2 3 11 7 5 12 -5 25 -4 10 16 -1 20 -14 -7 -16 -6 18 -11 -12 -3 -10 23 -9 29 28 -24 -26 -2 -8
right_child=1 4 8 6 9 14 24 22 21 17 19 -13 13 -15 15 -17 -18 -19 -20 -21 -22 -23 26 -25 27 -27 -28 -29 -30 -31
leaf_value=-0.1326937665120663 -0.062861220126999365 0.11641231120230436 -0.049854229699498188 0.040389278462707422 0.34189256778359417 0.24412966168695882 0.082910853142508553 0.027857761866989163 -0.027679680610799718 -0.01727579873764799 0.04859884951094335 -0.086530156037405881 0.15242419918831132 0.30441090344336996 0.049714778926796641 0.13180875229386338 0.13143216305831959 0.18740879086545795 0.15989405676165874 -0.17033314076917513 -0.060408992140243457 0.018917463179729612 0.041445843384171704 -0.13419909713275988 0.0045940817230277591 -0.16476908450865227 0.12799830830522949 0.13143703326373837 0.00067852557072038808 -0.079078490138053903
leaf_weight=2579 151 134 3263 974 25 31 863 3265 3326 42 44 663 244 57 845 209 91 1101 87 28 30 359 193 29 36 23 119 441 968 20
leaf_count=2579 151 134 3263 974 25 31 863 3265 3326 42 44 663 244 57 845 209 91 1101 87 28 30 359 193 29 36 23 119 441 968 20
internal_value=2.12492e-05 0.0644739 -0.0635459 0.0374341 0.128994 0.0938419 0.071739 0.0205707 -0.0356859 0.167418 0.0950886 -0.123253 0.146946 0.181206 0.071083 0.0659934 0.17679 0.178473 0.102211 -0.0365414 0.084067 -0.0231401 0.0305864 0.026431 0.0941909 -0.0110551 0.0744578 0.121864 -0.00789565 0.0792418
internal_weight=20240 10050 10190 7082 2968 1550 2334 4748 6948 1418 188 3242 465 301 1085 1054 116 1230 129 72 164 3685 3606 3294 1360 1142 312 477 1119 883
internal_count=20240 10050 10190 7082 2968 1550 2334 4748 6948 1418 188 3242 465 301 1085 1054 116 1230 129 72 164 3685 3606 3294 1360 1142 312 477 1119 883
is_linear=0
shrinkage=0.05


Tree=33
num_leaves=31
num_cat=1
split_feature=1 1 1 42 45 45 50 43 45 45 18 6 32 1 45 45 18 1 24 20 18 0 18 10 34 45 18 37 23 36
split_gain=29937.1 6620.47 5640.72 1591.5 2060.09 1311.54 740.329 675.731 785.743 667.471 616.762 613.873 519.442 489.283 577.244 490.861 470.285 455.4 445.37 445.066 434.923 425.506 412.366 378.675 329.212 327.33 317.425 265.965 343.457 258.667
threshold=17.187500000000004 9.3541666666666696 33.041666666666679 126.92857142857144 23.500000000000004 15.500000000000002 0 20.500000000000004 33.500000000000007 12.500000000000002 -0.5 0.62591836106687604 5.5000000000000009 41.479166666666679 10.500000000000002 18.500000000000004 -0.5 31.604166666666668 20.43154761904762 20.020833333333339 1.0000000180025095e-35 12.145833333333334 0.25000000000000017 1.0000000180025095e-35 2.5000000000000004 10.500000000000002 -0.5 84.225000000000009 25.020833333333339 10.071428571428573
decision_type=2 2 2 2 2 2 1 2 2 2 2 2 2 2 2 2 2 2 2 2 2 2 2 2 2 2 2 2 2 2
left_child=1 11 5 4 13 6 20 8 17 12 -3 -1 29 15 -15 -4 19 -7 -9 -8 25 -12 -14 -10 -6 -2 -20 28 -11 -5
right_child=2 10 3 9 24 7 16 18 23 27 21 -13 22 14 -16 -17 -18 -19 26 -21 -22 -23 -24 -25 -26 -27 -28 -29 -30 -31
leaf_value=-0.12405747218890509 0.013968957587873178 -0.04943060202474852 0.075466374791222535 0.02337235622038996 0.10608442702993624 0.064295367362073572 -0.02904414577158573 0.24557246759533885 -0.0048655899617677696 0.37066272396897509 -0.028783767971226573 -0.072062946903801356 0.11130955559131378 -0.087075548734929842 0.048944326925198907 0.20822220517770398 0.016889409092121763 -0.0045467163683827394 -0.023617124504855147 -0.23318416231444905 0.059010444401898225 0.0047831463202160206 0.18686958808381982 0.14214075662211598 0.23928505716768142 0.092668207818321122 0.11356756381760445 0.17197962107741283 0.21425325768117195 0.1984632336497307
leaf_weight=2832 1488 2576 587 135 59 476 575 60 52 43 3162 710 350 90 585 79 1049 485 46 28 1390 1346 373 278 217 145 506 302 191 25
leaf_count=2832 1488 2576 587 135 59 476 575 60 52 43 3162 710 350 90 585 79 1049 485 46 28 1390 1346 373 278 217 145 506 302 191 25
internal_value=2.01867e-05 -0.0578209 0.0639498 0.120324 0.0864117 0.0379309 0.0236866 0.0729242 0.0524102 0.158968 -0.0299138 -0.113635 0.132251 0.0608083 0.0308083 0.0912137 -0.00331682 0.029552 0.116198 -0.0385233 0.0383275 -0.0187613 0.150291 0.118976 0.210811 0.0209569 0.102136 0.202983 0.242995 0.0507303
internal_weight=20240 10626 9614 3036 1617 6578 4675 1903 1291 1419 7084 3542 883 1341 675 666 1652 961 612 603 3023 4508 723 330 276 1633 552 536 234 160
internal_count=20240 10626 9614 3036 1617 6578 4675 1903 1291 1419 7084 3542 883 1341 675 666 1652 961 612 603 3023 4508 723 330 276 1633 552 536 234 160
cat_boundaries=0 1
cat_threshold=13
is_linear=0
shrinkage=0.05


Tree=34
num_leaves=31
num_cat=0
split_feature=0 22 0 0 45 38 36 16 0 16 45 21 42 16 18 45 21 13 27 29 48 18 24 42 9 24 22 45 36 29
split_gain=27105.2 5697.52 5525.03 1272.29 982.281 618.877 558.61 531.705 517.831 372.434 472.73 345.601 319.049 290.446 336.596 296.972 281.276 327.865 276.863 275.097 330.879 263.868 245.554 306.864 229.403 226.361 225.863 223.662 309.675 205.287
threshold=13.22916666666667 21.020833333333339 4.9375000000000009 28.270833333333339 11.500000000000002 144.50000000000003 5.2142857142857153 1.0000000180025095e-35 9.9791666666666696 1.0000000180025095e-35 18.500000000000004 18.854166666666668 78.785714285714292 -0.56174490092936669 0.25000000000000017 15.500000000000002 31.854166666666668 345.50000000000006 1.5432266747583256 5.1612233359612976 0.98214285714285732 1.0000000180025095e-35 19.830357142857149 76.357142857142875 0.99225603070175461 34.687500000000007 16.645833333333339 9.5000000000000018 2.3571428571428572 4.3800444907821889
decision_type=2 2 2 2 2 2 2 2 2 2 2 2 2 2 2 2 2 2 2 2 2 2 2 2 2 2 2 2 2 2
left_child=2 4 18 5 6 9 22 19 27 10 -3 21 -11 15 24 25 17 -7 -1 20 -6 -8 23 -2 -15 -5 -10 28 -4 -24
right_child=1 3 8 13 7 16 11 -9 26 12 -12 -13 -14 14 -16 -17 -18 -19 -20 -21 -22 -23 29 -25 -26 -27 -28 -29 -30 -31
leaf_value=-0.11973064326233805 -0.023082368428337163 0.056512872790958603 -0.066057286976318949 0.11792807722125541 0.10882267555393221 0.12708192917993549 -0.0021662458183608884 0.034914822631717822 -0.02484977754486185 -0.10085064538225935 0.12076803469431141 0.062039036573358367 0.050197266496399162 0.036032702418688299 0.16355997110249021 0.22445003283210099 0.22089440029435858 0.00043146501162222452 -0.065130290749398481 0.16003011577862195 0.033669040937537045 0.037070501656604131 -0.12186728351237908 0.01705316346114728 0.1218531384608233 0.26063022026509952 0.016894491191195911 -0.022771914511782537 -0.031337115354559089 0.044737210869789129
leaf_weight=2702 725 570 1835 176 386 584 694 761 3327 37 575 770 634 107 402 212 71 56 254 131 236 1120 71 1388 286 33 359 725 988 25
leaf_count=2702 725 570 1835 176 386 584 694 761 3327 37 575 770 634 107 402 212 71 56 254 131 236 1120 71 1388 286 33 359 725 988 25
internal_value=1.91772e-05 0.0582825 -0.0574437 0.107151 0.0292805 0.0869296 0.0181904 0.0643894 -0.0339088 0.0714469 0.0887807 0.0339728 0.0418682 0.149174 0.131392 0.182754 0.126475 0.116 -0.115039 0.0941771 0.0803078 0.0220593 -0.000271197 0.0032821 0.0984873 0.14046 -0.0207841 -0.0475439 -0.0539058 -0.0784807
internal_weight=20240 10050 10190 3743 6307 2527 4793 1514 7234 1816 1145 2584 671 1216 795 421 711 640 2956 753 622 1814 2209 2113 393 209 3686 3548 2823 96
internal_count=20240 10050 10190 3743 6307 2527 4793 1514 7234 1816 1145 2584 671 1216 795 421 711 640 2956 753 622 1814 2209 2113 393 209 3686 3548 2823 96
is_linear=0
shrinkage=0.05


Tree=35
num_leaves=31
num_cat=1
split_feature=24 1 22 21 45 16 1 29 18 16 42 37 45 42 31 27 45 18 36 35 23 18 32 1 45 45 42 26 49 45
split_gain=24462.8 6152.56 4117.33 883.684 883.374 779.664 674.424 504.643 450.547 415.49 415.238 388.403 453.863 387.748 356.029 334.645 333.15 572.196 502.276 456.579 331.956 539.378 332.113 327.326 321.203 305.588 293.042 264.7 258.251 290.379
threshold=15.360119047619049 9.3541666666666696 23.645833333333339 29.020833333333339 17.500000000000004 1.0000000180025095e-35 17.770833333333339 0.57745222046254818 -0.5 1.0000000180025095e-35 119.50000000000001 69.912500000000023 7.5000000000000009 78.785714285714292 6.5000000000000009 1.6134134736502992 16.500000000000004 -0.9330127018922193 5.9285714285714297 6.0714285714285721 24.687500000000004 -0.5 8.5000000000000018 31.854166666666668 12.500000000000002 20.500000000000004 87.928571428571445 22.772321428571434 0 35.500000000000007
decision_type=2 2 2 2 2 2 2 2 2 2 2 2 2 2 2 2 2 2 2 2 2 2 2 2 2 2 2 2 1 2
left_child=1 7 4 9 10 23 8 -1 -3 14 11 27 -13 -11 25 -10 17 -5 -18 -19 21 -12 -22 26 -8 -4 -6 -2 29 -7
right_child=2 6 3 16 5 28 24 -9 15 13 20 12 -14 -15 -16 -17 18 19 -20 -21 22 -23 -24 -25 -26 -27 -28 -29 -30 -31
leaf_value=-0.11452218585478978 0.030757285055074059 -0.046357787805470015 0.045270621289881616 -0.1070599753856659 -0.069307092259284761 -0.028623041546744162 -0.0023672569642783467 -0.072620085054831238 -0.030357814455290951 -0.14628184947862544 -0.13194597365245933 -0.081570577288197513 0.010909637972327279 0.067001714058876533 0.14029337959171559 -0.00060044724600466536 0.15803051025613093 -0.0077407430428281139 0.30807547416686476 0.14758688489869465 0.073994433235394647 0.050955455597305389 0.23487485457697643 0.15551672543465561 0.061744700372560052 0.11684817738977385 0.096723223424212953 -0.055562683471235566 0.063543498954141006 0.084068117262079176
leaf_weight=2540 2563 2564 280 25 29 214 1070 1002 2622 22 42 185 469 679 508 1477 291 51 69 654 106 1001 46 280 239 319 318 92 405 78
leaf_count=2540 2563 2564 280 25 29 214 1070 1002 2622 22 42 185 469 679 508 1477 291 51 69 654 106 1001 46 280 239 319 318 92 405 78
internal_value=1.82187e-05 -0.0478352 0.063161 0.111867 0.0389418 0.0748454 -0.0234725 -0.102668 -0.0299184 0.0904288 0.0283876 0.0192642 -0.0152507 0.0603081 0.109503 -0.0196353 0.147426 0.128014 0.186789 0.13635 0.0536505 0.0435903 0.122682 0.115299 0.00933844 0.0833896 0.0828475 0.0277662 0.0384541 0.0014304
internal_weight=20240 11514 8726 2898 5828 1324 7972 3542 6663 1808 4504 3309 654 701 1107 4099 1090 730 360 705 1195 1043 152 627 1309 599 347 2655 697 292
internal_count=20240 11514 8726 2898 5828 1324 7972 3542 6663 1808 4504 3309 654 701 1107 4099 1090 730 360 705 1195 1043 152 627 1309 599 347 2655 697 292
cat_boundaries=0 1
cat_threshold=16
is_linear=0
shrinkage=0.05


Tree=36
num_leaves=31
num_cat=0
split_feature=0 1 1 45 1 42 18 43 45 45 45 7 45 30 42 1 42 45 36 1 1 22 45 14 43 1 28 23 18 24
split_gain=22178.8 4884.7 4510.65 1337.38 1790.93 1117.33 995.511 733.275 672.056 625.644 484.522 461.532 362.968 331.771 333.589 327.457 316.959 315.601 403.699 327.772 306.102 322.343 294.946 293.619 267.302 265.888 245.243 235.456 230.437 212.563
threshold=13.22916666666667 33.041666666666679 9.3541666666666696 24.500000000000004 41.312500000000007 117.78571428571429 -0.5 21.214285714285719 27.500000000000004 10.500000000000002 33.500000000000007 0.37635163843008135 13.500000000000002 0.095238095238095302 147.6428571428572 41.604166666666679 79.071428571428584 9.5000000000000018 2.6428571428571437 12.35416666666667 31.604166666666668 19.354166666666668 28.500000000000004 11.500000000000002 13.071428571428573 31.562500000000004 18.999305555555559 21.395833333333339 -0.24999999999999994 20.93154761904762
decision_type=2 2 2 2 2 2 2 2 2 2 2 2 2 2 2 2 2 2 2 2 2 2 2 2 2 2 2 2 2 2
left_child=2 5 11 4 6 10 7 -3 20 -6 16 -1 -8 -10 -15 -5 26 18 28 -19 21 -7 27 -11 -12 -18 -2 -17 -4 -22
right_child=1 3 17 15 9 8 12 -9 13 23 24 -13 -14 14 -16 22 25 19 -20 -21 29 -23 -24 -25 -26 -27 -28 -29 -30 -31
leaf_value=-0.06155183839623482 -0.007082789204003315 0.090462483587985254 -0.062237923386607108 0.30571976758647657 -0.097654293637809364 0.025577970194361751 0.12868603776286139 -0.072502849585352802 0.18962574568206231 0.10969601483117286 -0.043226035147467083 -0.10658805143268589 0.18605949724223139 0.054483368539681234 0.17108252683825706 0.030972278583794834 0.024901857536853339 -0.021466725181622241 -0.018835623492234593 0.027930796989353329 0.08813012835604174 0.06850187668491739 0.25216736197471618 0.028072193079620663 0.10841783764120193 -0.021838311544073934 -0.17567498043856838 0.17864761115668948 -0.030713563018066554 -0.072909007646581703
leaf_weight=712 1105 600 1415 69 86 736 882 78 113 141 34 2830 401 208 87 40 3049 1856 1985 410 27 1078 84 504 200 338 22 83 982 85
leaf_count=712 1105 600 1415 69 86 736 882 78 113 141 34 2830 401 208 87 40 3049 1856 1985 410 27 1078 84 504 200 338 22 83 982 85
internal_value=1.88775e-05 0.0527222 -0.0519603 0.106568 0.0958211 0.0301559 0.120721 0.0717143 0.058482 0.029025 0.0162315 -0.097535 0.146618 0.116776 0.0888702 0.211389 0.0125948 -0.0276785 -0.0355126 -0.012529 0.0461333 0.0510862 0.179945 0.0459155 0.0863841 0.0202375 -0.0103739 0.130623 -0.0493231 -0.0340871
internal_weight=20240 10050 10190 2968 2692 7082 1961 678 2334 731 4748 3542 1283 408 295 276 4514 6648 4382 2266 1926 1814 207 645 234 3387 1127 123 2397 112
internal_count=20240 10050 10190 2968 2692 7082 1961 678 2334 731 4748 3542 1283 408 295 276 4514 6648 4382 2266 1926 1814 207 645 234 3387 1127 123 2397 112
is_linear=0
shrinkage=0.05


Tree=37
num_leaves=31
num_cat=1
split_feature=1 0 1 45 1 45 13 14 1 28 16 45 0 49 13 13 16 16 27 42 21 45 13 30 25 0 42 45 1 42
split_gain=20016.5 4403.38 3940.25 1284.68 1780.39 867.26 731.661 794.588 719.727 759.791 674.606 567.992 472.07 419.447 392.72 469.44 365.587 353.642 288.651 274.878 215.355 211.121 253.56 210.232 203.746 201.631 198.721 173.833 236.65 248.604
threshold=17.187500000000004 5.6458333333333348 33.041666666666679 24.500000000000004 41.312500000000007 27.500000000000004 67.500000000000014 36.500000000000007 31.437500000000004 20.319444444444446 -0.56174490092936669 10.500000000000002 11.60416666666667 0 110.50000000000001 327.50000000000006 -0.56174490092936669 1.0000000180025095e-35 1.5432266747583256 97.500000000000014 27.020833333333339 25.500000000000004 355.50000000000006 0.34821428571428586 2.3501906648689164 28.562500000000004 56.357142857142868 9.5000000000000018 12.97916666666667 68.785714285714292
decision_type=2 2 2 2 2 2 2 2 2 2 2 2 2 1 2 2 2 2 2 2 2 2 2 2 2 2 2 2 2 2
left_child=1 18 5 4 6 8 24 -8 9 13 19 -6 27 -2 25 -16 -13 -5 -1 -7 -19 22 -10 -11 -4 -12 -14 28 29 -3
right_child=2 12 3 17 11 10 7 -9 21 23 14 16 26 -15 15 -17 -18 20 -20 -21 -22 -23 -24 -25 -26 -27 -28 -29 -30 -31
leaf_value=-0.10221121156155227 0.026516885246601882 -0.074072044929222189 0.14695464027319829 0.25028431594604628 -0.086527759578311825 0.063514569042516608 0.077689084233604114 0.15649935103543189 -0.10044594858210165 0.094793485190187182 0.11924958062095521 0.098873779924634184 -0.047112173853899063 -0.0095769232600645612 0.0077881434983648277 0.19561630201577729 0.017614387621162499 0.097629873427363595 -0.055435678453675231 0.17145709585153845 0.25451946653554153 0.010917729939947921 0.087111791223287591 0.048750146984889664 0.22179327770322563 -0.043810745009354189 -0.0053721694987609843 -0.020406454877072398 -0.018640911484802899 -0.039618321099875446
leaf_weight=2792 3022 736 231 160 100 84 1164 441 182 350 195 195 322 1094 438 36 477 89 374 198 29 88 20 850 150 21 2492 1279 817 1814
leaf_count=2792 3022 736 231 160 100 84 1164 441 182 350 195 195 322 1094 438 36 477 89 374 198 29 88 20 850 150 21 2492 1279 817 1814
internal_value=1.79334e-05 -0.0472782 0.0522926 0.0994095 0.0890832 0.0305464 0.11413 0.0993435 0.0229867 0.0271711 0.0741469 0.0246498 -0.0263099 0.0169646 0.0475174 0.0220536 0.0411941 0.201855 -0.0966856 0.139304 0.136187 -0.0537178 -0.0818759 0.0621795 0.176419 0.103396 -0.0101484 -0.0360986 -0.0420595 -0.0495626
internal_weight=20240 10626 9614 3036 2758 6578 1986 1605 5606 5316 972 772 7460 4116 690 474 672 278 3166 282 118 290 202 1200 381 216 2814 4646 3367 2550
internal_count=20240 10626 9614 3036 2758 6578 1986 1605 5606 5316 972 772 7460 4116 690 474 672 278 3166 282 118 290 202 1200 381 216 2814 4646 3367 2550
cat_boundaries=0 1
cat_threshold=24
is_linear=0
shrinkage=0.05


Tree=38
num_leaves=31
num_cat=2
split_feature=24 1 22 49 45 16 1 45 36 45 23 37 29 50 23 42 23 18 30 18 42 30 15 1 28 45 1 32 45 45
split_gain=18068.3 4521.39 3080.62 693.073 682.4 675.579 577.827 653.724 561.455 531.41 524.227 488.747 381.245 357.875 356.134 330.403 307.995 305.275 396.669 288.893 288.38 511.748 283.856 279 276.684 271.415 269.243 266.022 258.065 255.408
threshold=15.360119047619049 9.3541666666666696 23.645833333333339 0 17.500000000000004 1.0000000180025095e-35 37.354166666666679 18.500000000000004 5.7857142857142865 27.500000000000004 13.10416666666667 67.062500000000014 0.57745222046254818 1 28.145833333333339 119.50000000000001 24.437500000000004 -0.5 0.035714285714285747 -0.24999999999999994 130.21428571428575 0.017857142857142894 0.6078576107927941 57.854166666666679 22.270833333333336 17.500000000000004 31.854166666666668 2.5000000000000004 9.5000000000000018 7.5000000000000009
decision_type=2 2 2 1 2 2 2 2 2 2 2 2 2 1 2 2 2 2 2 2 2 2 2 2 2 2 2 2 2 2
left_child=1 12 4 6 13 26 20 8 -8 11 19 25 -1 17 -13 24 -17 18 -2 29 21 -4 27 -11 -15 -5 -6 -7 -12 -3
right_child=2 10 3 9 5 22 7 -9 -10 23 28 14 -14 15 -16 16 -18 -19 -20 -21 -22 -23 -24 -25 -26 -27 -28 -29 -30 -31
leaf_value=-0.098417555626168274 -0.032243735946126673 -0.051222198542963164 0.12203546250011864 0.070178989193261751 0.073115298552143382 -0.036991092054681346 0.051059127791917749 0.20689588880336937 0.15557880216736408 0.10382878325309196 -0.0062019243551151518 -0.029620752697417013 -0.061997072835039947 0.021619570645697236 0.068774202922085192 0.040706519153276173 0.1248255976338367 0.020040776086971163 -0.28289346860514747 -0.016379272688174584 0.10441718477278 -0.015144250046547601 0.078630806701214709 0.28730465277381567 -0.047691735687792086 0.22242062824113029 0.13902241798683204 0.039288176634831223 0.042069530033393567 -0.022062054319873403
leaf_weight=2540 38 1718 123 179 347 187 217 284 315 209 1720 284 1002 3099 136 1007 122 60 27 2870 941 152 216 23 151 35 280 294 330 1334
leaf_count=2540 38 1718 123 179 347 187 217 284 315 209 1720 284 1002 3099 136 1007 122 60 27 2870 941 152 216 23 151 35 280 294 330 1334
internal_value=1.74554e-05 -0.0411087 0.0542836 0.0964136 0.0333342 0.0648904 0.112542 0.145644 0.112946 0.0566164 -0.0202237 0.0335769 -0.0881145 0.0240579 0.00224047 0.0264338 0.0497964 -0.0567477 -0.13636 -0.0277675 0.0912541 0.0462125 0.0310153 0.122018 0.0183993 0.0950783 0.102548 0.00963283 0.0015686 -0.0384766
internal_weight=20240 11514 8726 2898 5828 1324 2032 816 532 866 7972 634 3542 4504 420 4379 1129 125 65 5922 1216 275 697 232 3250 214 627 481 2050 3052
internal_count=20240 11514 8726 2898 5828 1324 2032 816 532 866 7972 634 3542 4504 420 4379 1129 125 65 5922 1216 275 697 232 3250 214 627 481 2050 3052
cat_boundaries=0 1 2
cat_threshold=4 192
is_linear=0
shrinkage=0.05


Tree=39
num_leaves=31
num_cat=1
split_feature=0 1 0 45 1 42 18 43 45 45 22 1 45 36 16 16 45 30 43 42 26 42 49 27 45 15 27 45 27 0
split_gain=16464.8 3629.63 3309.49 1056.51 1343.26 868.168 786.43 675.512 648.177 504.727 433.047 367.414 352.728 347.702 322.712 313.191 296.199 281.948 264.817 260.17 241.101 225.507 204.798 193.507 196.261 187.162 175.716 171.212 168.205 167.116
threshold=13.22916666666667 33.041666666666679 4.9375000000000009 24.500000000000004 41.312500000000007 100.64285714285715 -0.5 21.214285714285719 35.500000000000007 10.500000000000002 19.895833333333339 11.85416666666667 6.5000000000000009 1.9285714285714288 -0.56174490092936669 -0.56174490092936669 13.500000000000002 0.071428571428571466 20.500000000000004 67.642857142857153 24.864583333333339 58.214285714285722 0 6.1341084082564459 6.5000000000000009 0.6078576107927941 3.6072209225176048 32.500000000000007 1.5432266747583256 22.437500000000004
decision_type=2 2 2 2 2 2 2 2 2 2 2 2 2 2 2 2 2 2 2 2 2 2 1 2 2 2 2 2 2 2
left_child=2 5 28 4 6 21 7 -3 10 -6 20 19 13 -13 -5 -11 -8 25 -12 -4 -7 -2 -15 24 -23 -16 -10 -14 -1 -28
right_child=1 3 11 14 9 8 16 -9 26 15 18 12 27 22 17 -17 -18 -19 -20 -21 -22 23 -24 -25 -26 -27 29 -29 -30 -31
leaf_value=-0.093001885812155363 -0.052431627961175536 0.078291404802102393 -0.058404050136804921 0.27192469939783026 -0.089339869642673542 0.024798296953919177 0.11067274337350137 -0.078123607073361301 0.082328181050040514 0.092735083276386743 0.040116631221670834 -0.068904278411911934 -0.00014145878605727926 0.0052605697047197805 0.083432698957990895 0.016760982413354955 0.1625012853575355 0.29547313801173508 0.080181759357063578 -0.028811841310751388 -0.10239190400431031 0.0021445864344229099 -0.030244295011917662 -0.1257253535091877 0.028480490200112986 0.19026873743404515 0.11997788600727088 0.12460795382836037 -0.050443732133501867 0.26678626948878881
leaf_weight=2702 151 600 1119 77 86 1911 882 78 55 194 986 434 1553 591 101 451 401 29 709 2209 38 2047 1300 26 1081 69 36 28 254 42
leaf_count=2702 151 600 1119 77 86 1911 882 78 55 194 986 434 1553 591 101 451 401 29 709 2209 38 2047 1300 26 1081 69 36 28 254 42
internal_value=1.65824e-05 0.0454261 -0.0447691 0.0918418 0.0822898 0.0259738 0.103854 0.0602968 0.0423497 0.0244413 0.0383926 -0.0265542 -0.016153 -0.0285432 0.185008 0.0396121 0.126872 0.151377 0.0568754 -0.0387619 0.0223184 0.00725911 -0.01928 0.0101168 0.011246 0.126796 0.150769 0.00206789 -0.089345 0.199029
internal_weight=20240 10050 10190 2968 2692 7082 1961 678 3777 731 3644 7234 3906 2325 276 645 1283 199 1695 3328 1949 3305 1891 3154 3128 170 133 1581 2956 78
internal_count=20240 10050 10190 2968 2692 7082 1961 678 3777 731 3644 7234 3906 2325 276 645 1283 199 1695 3328 1949 3305 1891 3154 3128 170 133 1581 2956 78
cat_boundaries=0 1
cat_threshold=21
is_linear=0
shrinkage=0.05


Tree=40
num_leaves=31
num_cat=0
split_feature=0 1 1 45 1 45 18 43 16 45 45 38 37 42 25 29 42 16 16 13 18 45 1 32 13 42 45 48 42 1
split_gain=14859.9 3275.74 2999.74 953.501 1212.29 788.169 709.753 609.65 511.549 481.133 455.516 354.594 341.447 358.552 319.96 303.1 299.509 293.734 282.655 267.392 249.771 292.861 268.656 244.346 210.231 176.794 173.537 158.363 157.247 153.478
threshold=13.22916666666667 33.041666666666679 9.3541666666666696 24.500000000000004 41.312500000000007 7.5000000000000009 -0.5 21.214285714285719 1.0000000180025095e-35 37.500000000000007 10.500000000000002 144.50000000000003 70.33750000000002 107.35714285714288 5.5020396740111357 0.57745222046254818 130.21428571428575 1.0000000180025095e-35 -0.56174490092936669 48.500000000000007 0.25000000000000017 12.500000000000002 12.97916666666667 4.5000000000000009 239.50000000000003 57.642857142857146 32.500000000000007 0.91071428571428592 64.214285714285737 41.604166666666679
decision_type=2 2 2 2 2 2 2 2 2 2 2 2 2 2 2 2 2 2 2 2 2 2 2 2 2 2 2 2 2 2
left_child=2 5 15 4 6 12 7 -3 9 16 -6 14 13 25 -10 -1 -7 29 -12 -8 21 23 -22 24 -4 -2 -23 -11 -17 -5
right_child=1 3 20 17 10 8 19 -9 11 27 18 -13 -14 -15 -16 28 -18 -19 -20 -21 22 26 -24 -25 -26 -27 -28 -29 -30 -31
leaf_value=-0.08888449075179887 -0.058978989154386978 0.074376834280750093 -0.044521224176378306 0.30175969540363268 -0.084872875730831965 0.041650419605119914 0.17029396001199437 -0.074217427397767696 0.010296044017100457 0.066845912988419118 0.08809832938341905 0.067488809017546322 -0.02737618476071221 0.038169644635557533 -0.14820718715023815 -0.081275129836001186 0.08782334131021044 0.11517821768908923 0.015922933889082128 0.11005849371409432 -0.017431759882460741 -0.0079546726759997313 0.027752536991633242 -0.0030322615293712886 -0.0023631360087087976 0.0076770421039658353 0.11837755608638484 0.22080562622210043 -0.040631685357352454 0.19046168845399458
leaf_weight=2540 104 600 2923 42 86 1133 223 78 905 23 194 296 519 1211 33 389 509 116 451 1060 1505 932 421 510 329 2288 28 61 613 118
leaf_count=2540 104 600 2923 42 86 1133 223 78 905 23 194 296 519 1211 33 389 509 116 451 1060 1505 932 421 510 329 2288 28 61 613 118
internal_value=1.51363e-05 0.0431548 -0.0425318 0.0872497 0.0781753 0.0246751 0.0986612 0.0572819 0.0443589 0.0619343 0.0232192 0.0197762 0.0105401 0.0160019 0.0047197 -0.0796979 0.0559635 0.175757 0.0376315 0.120528 -0.0227301 -0.0289197 -0.00755503 -0.0352099 -0.0402562 0.00477895 -0.00426998 0.17865 -0.0564104 0.219677
internal_weight=20240 10050 10190 2968 2692 7082 1961 678 2960 1726 731 1234 4122 3603 938 3542 1642 276 645 1283 6648 4722 1926 3762 3252 2392 960 84 1002 160
internal_count=20240 10050 10190 2968 2692 7082 1961 678 2960 1726 731 1234 4122 3603 938 3542 1642 276 645 1283 6648 4722 1926 3762 3252 2392 960 84 1002 160
is_linear=0
shrinkage=0.05


Tree=41
num_leaves=31
num_cat=1
split_feature=0 1 1 45 1 45 18 13 18 16 45 45 36 29 29 27 16 14 45 18 30 25 45 37 18 50 23 45 36 26
split_gain=13411.1 2956.36 2707.27 860.534 1094.09 711.323 640.552 532.097 495.248 476.363 411.104 375.803 314.363 287.741 290.923 277.689 276.564 267.301 266.928 251.694 244.839 235.312 227.982 314.112 268.307 251.674 188.422 185.779 170.548 226.319
threshold=13.22916666666667 33.041666666666679 9.3541666666666696 24.500000000000004 41.312500000000007 7.5000000000000009 -0.5 170.50000000000003 0.6830127018922193 1.0000000180025095e-35 10.500000000000002 37.500000000000007 5.2142857142857153 5.3971496631864389 2.5574788041396013 0.53731698176309861 -0.56174490092936669 11.500000000000002 13.500000000000002 -0.9330127018922193 0.071428571428571466 4.8874019206878527 9.5000000000000018 66.137500000000017 -0.24999999999999994 0 17.729166666666668 32.500000000000007 2.3571428571428572 15.141369047619049
decision_type=2 2 2 2 2 2 2 2 2 2 2 2 2 2 2 2 2 2 2 2 2 2 2 2 2 1 2 2 2 2
left_child=2 5 15 4 6 12 7 -3 9 11 -6 -7 28 14 -10 -1 -5 -12 -8 -14 -18 -11 23 -4 26 27 -25 -24 29 -2
right_child=1 3 22 16 10 8 18 -9 13 21 17 -13 19 -15 -16 -17 20 -19 -20 -21 -22 -23 25 24 -26 -27 -28 -29 -30 -31
leaf_value=-0.084328850364722097 0.012569618595109598 0.094831192404522591 -0.010309557067939554 0.24743222261525016 -0.080629231389287084 0.045505546897899728 0.099123975185702762 0.0058692962272915167 0.027088765351910071 0.013229198329410514 0.096604922600090515 0.15972559630968852 -0.042942017793705295 -0.042100365935132292 0.12186123549397872 -0.052964592141460369 0.1129293249733746 0.018725017899882842 0.14832501869092457 0.026199550410745856 0.27011518622266839 -0.084382509191830962 -0.01726472141897268 -0.05092538882358541 -0.023166509768827958 0.03260424183280175 -0.16383574756450558 0.11245867938601546 -0.0007702346084495483 -0.10352883984805228
leaf_weight=2569 74 370 1567 77 86 1373 882 308 106 957 141 76 140 39 343 973 170 504 401 2200 29 66 1929 1336 1441 309 38 28 1611 97
leaf_count=2569 74 370 1567 77 86 1373 882 308 106 957 141 76 140 39 343 973 170 504 401 2200 29 66 1929 1336 1441 309 38 28 1611 97
internal_value=1.43795e-05 0.0409971 -0.0404053 0.0828872 0.0742665 0.0234413 0.0937282 0.0544178 0.042141 0.0330539 0.0220583 0.0514964 0.0100131 0.0881719 0.0994873 -0.075713 0.16697 0.0357499 0.114502 0.0220629 0.135836 0.00693167 -0.0215936 -0.028252 -0.0382398 -0.00871759 -0.0540481 -0.0153304 -0.00580976 -0.0532874
internal_weight=20240 10050 10190 2968 2692 7082 1961 678 2960 2472 731 1449 4122 488 449 3542 276 645 1283 2340 199 1023 6648 4382 2815 2266 1374 1957 1782 171
internal_count=20240 10050 10190 2968 2692 7082 1961 678 2960 2472 731 1449 4122 488 449 3542 276 645 1283 2340 199 1023 6648 4382 2815 2266 1374 1957 1782 171
cat_boundaries=0 1
cat_threshold=192
is_linear=0
shrinkage=0.05


Tree=42
num_leaves=31
num_cat=0
split_feature=1 0 1 45 1 18 18 45 1 16 28 42 26 14 28 37 13 42 45 17 18 21 26 1 29 27 35 36 45 0
split_gain=12148 2664.81 2382.97 871.722 1145.9 675.357 643.324 522.835 519.744 484.794 432.174 388.394 388.329 386.675 405.264 349.672 341.125 770.665 332.545 309.762 306.449 289.172 280.073 271.154 304.016 260.079 218.422 213.192 225.525 201.262
threshold=17.187500000000004 5.6458333333333348 33.041666666666679 20.500000000000004 41.312500000000007 -0.5 0.25000000000000017 25.500000000000004 31.604166666666668 1.0000000180025095e-35 24.207638888888891 107.35714285714288 22.772321428571434 8.5000000000000018 19.817361111111111 57.162500000000009 203.50000000000003 106.92857142857144 10.500000000000002 0.68301270189221941 -0.24999999999999994 18.395833333333339 20.700892857142861 41.812500000000007 5.1096455838367563 2.0470116633224111 4.2142857142857153 5.0714285714285721 28.500000000000004 25.604166666666668
decision_type=2 2 2 2 2 2 2 2 2 2 2 2 2 2 2 2 2 2 2 2 2 2 2 2 2 2 2 2 2 2
left_child=1 -1 5 4 6 10 15 8 18 23 16 26 -8 -6 -15 -4 21 -18 -7 -10 -3 -2 -13 29 -25 -22 -9 28 -11 -5
right_child=2 20 3 9 13 7 12 11 19 27 -12 22 -14 14 -16 -17 17 -19 -20 -21 25 -23 -24 24 -26 -27 -28 -29 -30 -31
leaf_value=-0.075266461843745025 0.0013612216880066362 -0.031344977531848395 0.019398091342787499 0.3164533776350511 0.1011866179634543 0.022812320817622765 0.28919590286472263 0.092094886942456169 0.023285677122961111 0.043779742340692908 -0.17705758848425113 0.1757923183337603 0.11531057579178956 0.059018624242204824 -0.041985656036363291 0.078995330149490894 -0.01048872033597832 -0.21487786307492676 0.060097979110372159 -0.14115441644590507 -0.017410696212572928 0.043581685731317668 0.079902805464144189 0.079487947947230228 0.20244729074454587 0.014607512827165514 -0.023236607001879468 0.21868580305576324 0.16967192791229072 0.18471846990287305
leaf_weight=3166 1218 3484 344 39 85 2563 34 60 48 206 33 92 577 137 361 865 482 51 780 71 3184 608 442 121 86 792 130 25 43 113
leaf_count=3166 1218 3484 344 39 85 2563 34 60 48 206 33 92 577 137 361 865 482 51 780 71 3184 608 442 121 86 792 130 25 43 113
internal_value=1.4466e-05 -0.036831 0.0407384 0.0773799 0.0636289 0.0238269 0.0831708 0.0359377 0.0278568 0.129581 0.00263311 0.0745785 0.124987 0.00262366 -0.0141993 0.062038 0.0051468 -0.0300457 0.0315119 -0.0748256 -0.0205191 0.0154193 0.0964231 0.167809 0.130573 -0.0110328 0.0131839 0.0794951 0.0655202 0.218519
internal_weight=20240 10626 9614 3036 2403 6578 1820 4186 3462 633 2392 724 611 583 498 1209 2359 533 3343 119 7460 1826 534 359 207 3976 190 274 249 152
internal_count=20240 10626 9614 3036 2403 6578 1820 4186 3462 633 2392 724 611 583 498 1209 2359 533 3343 119 7460 1826 534 359 207 3976 190 274 249 152
is_linear=0
shrinkage=0.05


Tree=43
num_leaves=31
num_cat=3
split_feature=0 23 28 0 13 43 10 10 1 42 30 45 50 18 13 1 35 29 43 29 49 50 13 36 45 45 37 45 28 29
split_gain=10999 2449.92 2232.65 579.666 536.327 388.785 368.541 509.744 427.643 333.643 267.142 245.763 296.612 278.852 242.38 237.938 240.383 283.042 235.71 231.745 230.915 211.129 207.21 206.646 200.706 186.397 228.091 182.452 174.863 161.011
threshold=13.22916666666667 21.812500000000004 6.8812500000000005 18.729166666666668 67.500000000000014 10.928571428571431 1.0000000180025095e-35 4.5000000000000009 37.520833333333336 176.78571428571431 0.017857142857142839 9.5000000000000018 0 -0.24999999999999994 315.50000000000006 34.854166666666679 5.3571428571428585 3.985737834075159 18.357142857142858 3.7299144134998716 1 2 291.50000000000006 1.5000000000000002 14.500000000000002 4.5000000000000009 90.045833333333363 19.500000000000004 14.038194444444446 1.6532699116008891
decision_type=2 2 2 2 2 2 2 2 2 2 2 2 1 2 2 2 2 2 2 2 1 1 2 2 2 2 2 2 2 2
left_child=2 3 29 23 15 24 18 8 -8 10 -7 12 14 28 20 16 -3 -18 -6 27 -4 -13 -9 -2 -5 26 -25 -17 -14 -1
right_child=1 4 11 5 6 9 7 22 -10 -11 -12 21 13 -15 -16 19 17 -19 -20 -21 -22 -23 -24 25 -26 -27 -28 -29 -30 -31
leaf_value=-0.075187238448779684 -0.052081177501763776 0.19187678008127718 -0.02886018744719154 -0.16122130515180866 -0.03998717008503562 0.070798237291466212 0.06035180117238375 0.018513312857621946 0.11156767340741103 0.18865412682867969 0.030402985272798024 -0.013099672851223477 -0.047975197767262265 -0.021874491646352696 0.081149013252514945 0.16060702848684538 0.091793955142371542 -0.010096938851125101 0.046438690588398973 0.098318892832724436 0.01256525221000012 0.030843677496987174 0.084384514184047785 0.0044920346209574745 -0.0047062434394050529 0.025862498736443668 -0.12773005790782696 0.31843657749039789 -0.1387933909893036 -0.042204808740592549
leaf_weight=2816 138 46 859 33 137 556 968 585 704 39 1551 1924 1459 1726 72 143 344 85 186 177 544 309 150 2808 54 1292 33 21 55 426
leaf_count=2816 138 46 859 33 137 556 968 585 704 39 1551 1924 1459 1726 72 143 344 85 186 177 544 309 150 2808 54 1292 33 21 55 426
internal_value=1.37426e-05 0.0371284 -0.036591 0.0189003 0.0705621 0.0395441 0.059931 0.0666606 0.0819164 0.0437448 0.0410626 -0.0206039 -0.0270754 -0.035503 -0.00826641 0.106129 0.0832531 0.0716058 0.00978128 0.137995 -0.012914 -0.00693938 0.0319564 0.00810716 -0.064074 0.0101168 0.00295619 0.180817 -0.0512744 -0.0708533
internal_weight=20240 10050 10190 6504 3546 2233 2730 2407 1672 2146 2107 6948 4715 3240 1475 816 475 429 323 341 1403 2233 735 4271 87 4133 2841 164 1514 3242
internal_count=20240 10050 10190 6504 3546 2233 2730 2407 1672 2146 2107 6948 4715 3240 1475 816 475 429 323 341 1403 2233 735 4271 87 4133 2841 164 1514 3242
cat_boundaries=0 1 2 3
cat_threshold=13 2 192
is_linear=0
shrinkage=0.05


Tree=44
num_leaves=31
num_cat=0
split_feature=0 23 26 16 37 0 45 18 45 45 29 43 36 43 26 42 27 45 45 37 37 48 42 18 45 45 21 27 26 39
split_gain=9926.6 2211.05 2023.23 525.727 596.065 523.148 499.555 668.666 473.624 391.072 388.345 350.878 329.758 323.203 313.65 310.361 262.168 272.275 236.97 231.985 210.392 206.089 195.699 190.806 181.137 172.514 171.582 149.433 209.029 146.784
threshold=13.22916666666667 21.812500000000004 7.4330357142857162 -0.56174490092936669 67.062500000000014 18.729166666666668 17.500000000000004 -0.9330127018922193 15.500000000000002 15.500000000000002 5.1096455838367563 10.928571428571431 4.7857142857142865 14.071428571428573 29.174107142857149 154.71428571428575 1.7367642234905663 7.5000000000000009 34.500000000000007 103.26250000000002 69.58750000000002 0.98214285714285732 91.500000000000014 0.25000000000000017 14.500000000000002 32.500000000000007 23.020833333333339 2.5482232800772722 22.251488095238098 19.500000000000004
decision_type=2 2 2 2 2 2 2 2 2 2 2 2 2 2 2 2 2 2 2 2 2 2 2 2 2 2 2 2 2 2
left_child=2 5 21 8 6 22 7 -5 12 20 14 24 -3 -12 -10 18 17 -4 -13 -11 -6 -1 -2 25 -7 -18 -14 -24 -29 -26
right_child=1 3 16 4 9 11 -8 -9 10 19 13 15 26 -15 -16 -17 23 -19 -20 -21 -22 -23 27 -25 29 -27 -28 28 -30 -31
leaf_value=-0.038680876676002229 -0.0026679371274256074 -0.0091513648048902937 -0.03922294434843579 -0.062228351818440969 0.055313431736602282 -0.15316023728386924 0.19531921228044669 0.083624158317316996 0.080701173444478108 0.040040876073829099 0.075071227881643512 0.032432819066032119 0.14287556935470183 0.23184721696755439 0.18769814961013342 0.11613208378544292 -0.014383839320622925 -0.01350719191942382 0.10545917108212993 0.15261319455069799 -0.04570345996962117 -0.0703891638166005 0.011429206945431246 0.02140878183884061 -0.090017917351080834 0.11288583902297196 0.064673141541653406 0.056459079436935122 -0.041364105264582333 0.074965552400265423
leaf_weight=619 2203 130 2007 86 68 33 88 911 371 983 45 1897 91 122 84 131 1925 2113 118 48 213 2977 1595 522 26 27 306 410 63 28
leaf_count=619 2203 130 2007 86 68 33 88 911 371 983 45 1897 91 122 84 131 1925 2113 118 48 213 2977 1595 522 26 27 306 410 63 28
internal_value=1.30913e-05 0.035272 -0.0347614 0.067034 0.0537047 0.0179553 0.0811226 0.0710431 0.094841 0.0310306 0.12439 0.0375669 0.0599658 0.189602 0.100454 0.0415576 -0.0183086 -0.0260343 0.0367093 0.0452819 -0.0212581 -0.064931 0.0077018 -0.00544284 -0.0608703 -0.0126234 0.0825986 0.0187485 0.0434298 -0.00447093
internal_weight=20240 10050 10190 3546 2397 6504 1085 997 1149 1312 622 2233 527 167 455 2146 6594 4120 2015 1031 281 3596 4271 2474 87 1952 397 2068 473 54
internal_count=20240 10050 10190 3546 2397 6504 1085 997 1149 1312 622 2233 527 167 455 2146 6594 4120 2015 1031 281 3596 4271 2474 87 1952 397 2068 473 54
is_linear=0
shrinkage=0.05


Tree=45
num_leaves=31
num_cat=1
split_feature=1 28 1 45 1 18 13 14 45 1 28 13 13 13 42 45 17 45 25 31 20 7 28 20 17 30 26 35 45 50
split_gain=8994.18 1993.99 1825.24 753.958 947.948 552.916 523.938 507.52 412.494 480.314 401.42 346.262 436.788 287.567 692.984 282.959 275.785 261.553 225.305 217.76 212.042 282.959 210.287 209.921 175.992 159.966 151.243 149.056 143.235 193.337
threshold=17.187500000000004 7.8909722222222234 33.041666666666679 24.500000000000004 41.479166666666679 -0.5 67.500000000000014 36.500000000000007 25.500000000000004 31.604166666666668 24.207638888888891 325.50000000000006 273.50000000000006 201.50000000000003 106.92857142857144 10.500000000000002 0.68301270189221941 10.500000000000002 2.498478362172706 4.5000000000000009 18.562500000000004 0.5040753652058434 19.817361111111111 4.2708333333333348 -0.6830127018922193 0.77083333333333359 23.566964285714292 4.9285714285714297 6.5000000000000009 0
decision_type=2 2 2 2 2 2 2 2 2 2 2 2 2 2 2 2 2 2 2 2 2 2 2 2 2 2 2 2 2 1
left_child=1 23 5 4 6 10 25 -8 9 17 13 12 -10 18 -15 27 -11 -7 -2 28 -5 -22 -17 -1 -23 -4 -13 -6 29 -3
right_child=2 19 3 20 15 8 7 -9 11 16 -12 26 -14 14 -16 22 -18 -19 -20 -21 21 24 -24 -25 -26 -27 -28 -29 -30 -31
leaf_value=-0.06828082589435984 -0.0005562510751769878 -0.022685550932450047 0.16190182994164171 0.27608509840709822 -0.00052991649363099075 0.019831713831278019 0.047121527020600469 0.10933057774157809 0.074633084377018058 0.017896968141819038 -0.17210301011800766 0.24860725530556271 -0.030011662382815708 -0.010187966575457414 -0.20352748661648992 0.077187171205198468 -0.137262711673975 0.052898844918564496 0.035929892932968763 -0.0014762926891447575 0.18008502317799463 0.20421955631602381 0.0073269535755065996 -0.041155100922411654 0.044119531098515435 0.09790395920506062 0.078877373252596181 -0.12857459379615738 -0.011831886316768762 -0.058526981318353558
leaf_weight=2750 1120 2324 189 28 41 2563 1180 454 546 48 33 35 122 508 51 137 71 780 680 1914 135 21 504 963 94 202 21 51 2218 457
leaf_count=2750 1120 2324 189 28 41 2563 1180 454 546 48 33 35 122 508 51 137 71 780 680 1914 135 21 504 963 94 202 21 51 2218 457
internal_value=1.24366e-05 -0.0316915 0.0350536 0.0671218 0.059211 0.0202529 0.0768472 0.064406 0.031211 0.0240333 0.00107631 0.065533 0.0555213 0.00349891 -0.0278272 0.0104889 -0.0746773 0.027547 0.0132274 -0.0158179 0.145603 0.130989 0.0222581 -0.0612455 0.0733552 0.128839 0.184959 -0.0715112 -0.0213089 -0.0288674
internal_weight=20240 10626 9614 3036 2758 6578 2025 1634 4186 3462 2392 724 668 2359 559 733 119 3343 1800 6913 278 250 641 3713 115 391 56 92 4999 2781
internal_count=20240 10626 9614 3036 2758 6578 2025 1634 4186 3462 2392 724 668 2359 559 733 119 3343 1800 6913 278 250 641 3713 115 391 56 92 4999 2781
cat_boundaries=0 1
cat_threshold=29
is_linear=0
shrinkage=0.05


Tree=46
num_leaves=31
num_cat=4
split_feature=24 2 49 2 18 45 13 28 16 45 37 50 23 45 29 13 37 0 37 13 38 50 25 42 37 13 21 45 50 27
split_gain=8157.74 2042.6 1422.39 681.917 643.594 618.131 502.96 605.943 492.098 377.859 418.698 367.05 714.244 444.612 462.466 354.342 335.933 324.848 297.949 257.906 255.209 330.771 230.793 220.554 220.056 194.541 192.458 192.298 184.258 180.925
threshold=15.437500000000002 9.5000000000000018 0 36.500000000000007 -0.5 35.500000000000007 205.50000000000003 19.583333333333339 1.0000000180025095e-35 17.500000000000004 94.387500000000017 1 24.687500000000004 21.500000000000004 3.0735088963564356 197.50000000000003 68.862500000000011 17.937500000000004 87.887500000000017 38.500000000000007 53.500000000000007 2 3.7524407230041805 102.35714285714288 65.71250000000002 233.50000000000003 19.437500000000004 22.500000000000004 3 0.53731698176309861
decision_type=2 2 1 2 2 2 2 2 2 2 2 1 2 2 2 2 2 2 2 2 2 1 2 2 2 2 2 2 1 2
left_child=1 29 3 4 6 11 15 -8 9 10 -5 12 22 16 -15 -2 -13 20 26 -10 -3 25 -4 -14 -11 -22 -7 -21 -6 -1
right_child=2 17 5 8 28 18 7 -9 19 24 -12 13 23 14 -16 -17 -18 -19 -20 27 21 -23 -24 -25 -26 -27 -28 -29 -30 -31
leaf_value=-0.065999388569620107 0.018018402850755785 -0.032640990111119747 -0.11573194843620577 0.1282798326579899 0.079574799846904798 -0.029333704729240552 0.026501245989153783 -0.19916045276795405 0.19908911685148878 0.28916615497421577 0.0028866918286779425 0.023609958467770184 -0.040153380359212565 0.29698105565737931 0.0527431519604043 0.18929501392121895 -0.0091828341825131443 0.055525308760150729 0.16791643236763776 0.032966778054951511 -0.0046732866639958145 -0.019349160697825399 -0.020882382318377496 0.1368458422295975 0.15621704935257763 0.026999181712136458 0.1038943144775024 0.13136485637775783 0.03781409218679533 -0.040682819197844534
leaf_weight=2569 536 1619 145 248 966 46 60 59 30 37 91 3301 24 20 627 32 1023 167 100 345 1708 3881 115 66 196 677 66 58 455 973
leaf_count=2569 536 1619 145 248 966 46 60 59 30 37 91 3301 24 20 627 32 1023 167 100 345 1708 3881 115 66 196 677 66 58 455 973
internal_value=9.80861e-06 -0.0274022 0.0367684 0.0637729 0.0478195 0.021421 0.00808575 -0.0853814 0.0978698 0.128311 0.0946197 0.018124 -0.0308735 0.0215925 0.060293 0.0276678 0.0158516 -0.0134829 0.105185 0.0576568 -0.0149444 -0.010372 -0.0737793 0.089646 0.177329 0.00429915 0.0491757 0.0471283 0.0670292 -0.0590448
internal_weight=20240 11594 8646 3113 2108 5533 687 119 1005 572 339 5321 350 4971 647 568 4324 8052 212 433 7885 6266 260 90 233 2385 112 403 1421 3542
internal_count=20240 11594 8646 3113 2108 5533 687 119 1005 572 339 5321 350 4971 647 568 4324 8052 212 433 7885 6266 260 90 233 2385 112 403 1421 3542
cat_boundaries=0 1 2 3 4
cat_threshold=4 128 45 140
is_linear=0
shrinkage=0.05


Tree=47
num_leaves=31
num_cat=1
split_feature=1 0 42 16 45 0 37 45 28 1 45 1 1 45 50 45 35 24 18 22 37 28 13 48 28 13 30 14 22 43
split_gain=7406.44 2237.71 951.46 525.361 778.148 489.456 441.987 437.122 434.676 358.467 350.708 310.889 273.691 269.835 245.178 228.959 219.757 216.229 211.369 194.066 187.961 422.216 346.501 189.489 184.342 314.891 284.799 369.548 244.541 182.976
threshold=18.645833333333339 6.479166666666667 133.6428571428572 -0.56174490092936669 15.500000000000002 15.47916666666667 67.062500000000014 17.500000000000004 24.039583333333336 37.354166666666679 29.500000000000004 37.770833333333336 37.520833333333336 33.500000000000007 0 22.500000000000004 6.9285714285714297 22.217261904761909 -0.24999999999999994 27.187500000000004 84.225000000000009 30.093750000000004 337.50000000000006 0.98214285714285732 30.954166666666669 92.500000000000014 0.3303571428571429 42.500000000000007 32.145833333333336 21.785714285714288
decision_type=2 2 2 2 2 2 2 2 2 2 2 2 2 2 1 2 2 2 2 2 2 2 2 2 2 2 2 2 2 2
left_child=1 -1 3 4 16 18 7 29 -9 24 14 -12 13 -6 -8 -14 17 -2 -3 -18 21 -11 -22 -23 26 -26 27 -4 -28 -5
right_child=2 5 9 6 12 -7 10 8 -10 20 11 -13 15 -15 -16 -17 19 -19 -20 -21 22 23 -24 -25 25 -27 28 -29 -30 -31
leaf_value=-0.056540889498662011 0.012383383839693389 -0.024592945067988786 0.056366218347785525 0.032837413276878842 0.040575863537472875 0.010176719213439874 -0.032564251483508597 0.072252613173820729 0.29241257343561416 0.27874952297657729 0.02487298096224071 0.15550260603720067 0.099449360786252883 0.14254100919219623 0.0088812693792699234 0.19604656424525443 0.039919492476231729 -0.099219560355413711 -0.0076289876861055225 0.15968793382868174 0.088324998259978527 0.14386037488018169 -0.10291826767273821 0.06099539773681989 0.071252987378113378 0.22186968147754671 0.037113919228096717 0.16073642675808381 -0.089273751266300688 -0.10939133421153478
leaf_weight=3484 453 3684 409 1344 247 2327 665 81 31 40 426 51 164 88 753 98 219 48 3661 40 266 147 26 130 262 40 886 107 40 23
leaf_count=3484 453 3684 409 1344 247 2327 665 81 31 40 426 51 164 88 753 98 219 48 3661 40 266 147 26 130 262 40 886 107 40 23
internal_value=1.17401e-05 -0.0221828 0.0412302 0.0283073 0.05458 -0.00980655 0.0177406 0.038225 0.13319 0.0672134 0.00175307 0.0388397 0.0973 0.0673607 -0.0107225 0.135581 0.0210224 0.00169089 -0.0161375 0.0584165 0.100239 0.126899 0.0712965 0.104971 0.055681 0.0912022 0.0482417 0.0780089 0.0316544 0.0304444
internal_weight=20240 13156 7084 4731 1357 9672 3374 1479 112 2353 1895 477 597 335 1418 262 760 501 7345 259 609 317 292 277 1744 302 1442 516 926 1367
internal_count=20240 13156 7084 4731 1357 9672 3374 1479 112 2353 1895 477 597 335 1418 262 760 501 7345 259 609 317 292 277 1744 302 1442 516 926 1367
cat_boundaries=0 1
cat_threshold=193
is_linear=0
shrinkage=0.05


Tree=48
num_leaves=31
num_cat=3
split_feature=2 2 49 18 43 45 50 32 50 23 37 22 14 45 18 13 30 13 23 13 37 37 42 14 18 27 25 22 27 26
split_gain=6683.94 2048.99 883.904 582.19 581.748 498.851 479.542 445.903 444.925 563.887 403.168 399.612 377.517 307.542 364.024 305.717 332.437 477.292 296.499 277.698 276.723 266.915 266.531 259.843 251.98 219.018 214.144 201.237 176.863 195.356
threshold=19.000000000000004 9.5000000000000018 0 -0.5 21.214285714285719 35.500000000000007 1 3.5000000000000004 2 25.229166666666668 88.46250000000002 27.354166666666668 23.500000000000004 21.500000000000004 -0.9330127018922193 48.500000000000007 0.28571428571428586 345.50000000000006 25.229166666666668 321.50000000000006 67.062500000000014 87.887500000000017 102.35714285714288 49.500000000000007 -0.5 1.6134134736502992 2.3883120380793579 14.520833333333334 3.6072209225176048 19.873511904761909
decision_type=2 2 1 2 2 2 1 2 1 2 2 2 2 2 2 2 2 2 2 2 2 2 2 2 2 2 2 2 2 2
left_child=1 -1 3 4 6 8 12 24 9 19 18 -8 -2 20 -15 26 17 -17 -6 -4 -10 28 -11 -18 -3 -26 -5 -23 29 -7
right_child=2 7 5 15 10 21 11 -9 13 22 -12 -13 -14 14 -16 16 23 -19 -20 -21 -22 27 -24 -25 25 -27 -28 -29 -30 -31
leaf_value=-0.053582867960960151 0.22131785272940763 -0.030120339376262791 -0.083775367875798396 0.09375644760504688 -0.26934689103529375 -0.10258739494020119 0.0076856152116069722 0.0043013264366958733 0.03000226634155817 -0.033021437102242521 0.045167962825960584 0.090412921513810654 0.065803525619208811 -0.035797131806612016 0.069627080175909406 0.10477171969895681 0.039491369661352582 -0.073342690141871572 -0.065203883701368523 0.068175880778033077 -0.0028815294252126479 0.011003009162165902 0.13515156931694478 0.13024117328793924 -0.018439299438571172 0.0079569121828816838 0.18164982016038414 0.17865867755220582 0.10703051745976239 0.072124832309782505
leaf_weight=3542 64 2415 260 231 29 32 630 3773 1705 38 45 190 100 95 593 630 845 40 46 34 1024 22 62 87 2205 1221 99 96 55 32
leaf_count=3542 64 2415 260 231 29 32 630 3773 1705 38 45 190 100 95 593 630 845 40 46 34 1024 22 62 87 2205 1221 99 96 55 32
internal_value=1.05681e-05 -0.0210737 0.0391671 0.0595542 0.0307855 0.0236711 0.0434605 -0.00909663 0.0193525 -0.0305422 -0.073149 0.0265306 0.119222 0.0251215 0.05507 0.0763016 0.0672744 0.094138 -0.144139 -0.0662028 0.0176633 0.0941147 0.0712458 0.0479626 -0.0177511 -0.00903189 0.120124 0.147401 0.0412763 -0.0152313
internal_weight=20240 13156 7084 3036 1104 4048 984 9614 3811 394 120 820 164 3417 688 1932 1602 670 75 294 2729 237 100 932 5841 3426 330 118 119 64
internal_count=20240 13156 7084 3036 1104 4048 984 9614 3811 394 120 820 164 3417 688 1932 1602 670 75 294 2729 237 100 932 5841 3426 330 118 119 64
cat_boundaries=0 1 2 3
cat_threshold=4 1 128
is_linear=0
shrinkage=0.05


Tree=49
num_leaves=31
num_cat=1
split_feature=1 28 22 45 16 37 42 50 45 29 18 1 18 23 37 45 24 15 24 16 15 41 38 18 1 29 22 45 0 25
split_gain=6074.77 1351.35 1240.18 434.493 477.518 473.765 394.056 357.627 411.326 485.074 321.601 287.397 275.196 254.04 228.821 232.734 227.889 218.143 201.473 191.637 187.428 181.078 176.631 173.64 183.899 171.833 166.489 162.31 160.136 156.711
threshold=17.187500000000004 7.8909722222222234 23.645833333333339 12.500000000000002 1.0000000180025095e-35 68.27500000000002 99.928571428571445 0 16.500000000000004 5.9402150625030243 -0.5 27.520833333333339 1.0000000180025095e-35 23.854166666666668 98.625000000000014 18.500000000000004 30.333333333333339 0.6078576107927941 23.104166666666671 1.0000000180025095e-35 0.6078576107927941 103.50000000000001 144.50000000000003 0.25000000000000017 12.35416666666667 2.3207241689741012 15.687500000000002 9.5000000000000018 17.854166666666668 3.1426945764319068
decision_type=2 2 2 2 2 2 2 1 2 2 2 2 2 2 2 2 2 2 2 2 2 2 2 2 2 2 2 2 2 2
left_child=1 -1 3 5 29 12 16 8 9 -8 11 -7 20 -14 18 -16 19 22 -9 27 -2 -10 -6 -3 -25 -12 -26 -4 -21 -5
right_child=2 23 6 4 17 10 7 14 21 -11 25 -13 13 -15 15 -17 -18 -19 -20 28 -22 -23 -24 24 26 -27 -28 -29 -30 -31
leaf_value=-0.050375182130575305 -0.0038336391171071267 -0.01888980087022377 -0.083170333132147792 0.045459525054230593 -0.014222994071105416 -0.031335773432348134 0.091339628622591873 0.074681174169898362 0.30573420953750613 -0.14933182437988846 -0.01957866532124632 -0.1326466837471508 0.030289749880651719 0.12865740326705619 0.041616077778987515 0.1412507202311912 0.17556280784308911 0.046787164056149778 0.035925006980003386 0.020951903400861699 0.030994075712605925 0.15265385883915075 0.05394899207167328 -0.013786477373701107 0.028010109287711082 0.02770941474270773 -0.015035390798671694 0.038072081413563524 -0.099140519364071755 0.08623294709087162
leaf_weight=3713 1370 4441 31 646 597 447 433 455 25 22 395 83 1346 69 103 136 20 312 1275 46 538 85 113 1452 686 374 334 252 70 371
leaf_count=3713 1370 4441 31 646 597 447 433 455 25 22 395 83 1346 69 103 136 20 312 1275 46 538 85 113 1452 686 374 334 252 70 371
internal_value=1.00397e-05 -0.0260453 0.0288081 0.0168511 0.0360775 0.00836934 0.0557791 0.0632062 0.0989282 0.0797028 -0.017234 -0.0472014 0.018378 0.0350865 0.0521884 0.0983119 0.0108618 0.01194 0.0461181 0.0026061 0.00598675 0.187445 -0.00337309 -0.0129776 -0.00235633 0.0034197 0.0139148 0.0247911 -0.0515177 0.0603336
internal_weight=20240 10626 9614 6661 2039 4622 2953 2534 565 455 1299 530 3323 1415 1969 239 419 1022 1730 399 1908 110 710 6913 2472 769 1020 283 116 1017
internal_count=20240 10626 9614 6661 2039 4622 2953 2534 565 455 1299 530 3323 1415 1969 239 419 1022 1730 399 1908 110 710 6913 2472 769 1020 283 116 1017
cat_boundaries=0 1
cat_threshold=1
is_linear=0
shrinkage=0.05


Tree=50
num_leaves=31
num_cat=0
split_feature=1 0 1 45 1 13 13 29 45 1 24 45 27 35 45 16 20 1 31 28 1 48 42 35 37 30 13 30 18 29
split_gain=5482.48 1238.96 1146.32 603.771 668.256 419.367 406.769 415.423 395.12 546.447 435.547 416.786 278.383 232.739 225.549 201.209 201.126 205.715 192.51 189.516 172.014 170.256 157.281 137.87 137.85 130.852 127.111 124.272 113.048 129.84
threshold=17.187500000000004 5.6458333333333348 33.041666666666679 24.500000000000004 41.479166666666679 81.500000000000014 67.500000000000014 3.5334654028272579 33.500000000000007 29.604166666666668 18.086309523809529 10.500000000000002 2.6239141319306039 6.2142857142857153 10.500000000000002 -0.56174490092936669 18.562500000000004 41.604166666666679 2.5000000000000004 19.817361111111111 57.854166666666679 0.94642857142857151 87.500000000000014 4.9285714285714297 91.50833333333334 0.77083333333333359 165.50000000000003 0.011904761904761895 0.25000000000000017 3.3439206148066627
decision_type=2 2 2 2 2 2 2 2 2 2 2 2 2 2 2 2 2 2 2 2 2 2 2 2 2 2 2 2 2 2
left_child=1 -1 5 4 6 12 25 -8 9 11 -11 -7 -2 27 23 22 -5 26 -3 -16 -19 -17 -10 -6 -15 -4 -18 -14 29 -20
right_child=2 18 3 16 14 8 7 -9 15 10 -12 -13 13 24 19 21 17 20 28 -21 -22 -23 -24 -25 -26 -27 -28 -29 -30 -31
leaf_value=-0.050950687882493406 0.024489676568395111 -0.023238764586169317 0.13622371261180552 0.25009107946285181 -0.00015023104028730858 0.001053976450449355 -0.0053019392405424205 0.061135525657954853 0.0042798360157757995 0.019678093160369569 -0.075871894245925553 0.036026112811170734 0.16712210281855533 0.042179965811931064 0.067447801940415039 -0.006962368226496974 0.24764599568314025 0.048315182948112489 -0.010867086075198535 0.0011275006908579685 0.15250088936039086 0.081823327117215072 0.16378689338179198 -0.12329664866933053 -0.093974600453484103 0.078341933068275305 0.10952285013852581 0.082836039605671943 0.0033106562055503007 -0.064275806918427228
leaf_weight=3166 1106 3065 189 28 41 2980 285 1349 20 182 346 1193 54 162 137 107 36 125 2602 504 58 109 68 51 21 202 31 230 1674 119
leaf_count=3166 1106 3065 189 28 41 2980 285 1349 20 182 346 1193 54 162 137 107 36 125 2602 504 58 109 68 51 21 202 31 230 1674 119
internal_value=9.53774e-06 -0.024743 0.0273677 0.0527813 0.0457021 0.0156383 0.0605097 0.0495476 0.00856076 0.00498825 -0.0429361 0.011052 0.0381578 0.070528 0.00479443 0.0638055 0.123012 0.10878 -0.0136206 0.015302 0.0813358 0.0378415 0.127535 -0.0684162 0.0265557 0.106321 0.183738 0.0988623 -0.00691307 -0.0132029
internal_weight=20240 10626 9614 3036 2758 6578 2025 1634 5005 4701 528 4173 1573 467 733 304 278 250 7460 641 183 216 88 92 183 391 67 284 4395 2721
internal_count=20240 10626 9614 3036 2758 6578 2025 1634 5005 4701 528 4173 1573 467 733 304 278 250 7460 641 183 216 88 92 183 391 67 284 4395 2721
is_linear=0
shrinkage=0.05


Tree=51
num_leaves=31
num_cat=0
split_feature=24 26 22 13 27 16 37 25 45 21 42 45 45 31 37 20 14 29 13 24 28 1 28 18 43 25 29 37 27 37
split_gain=4990.23 1262.59 907.373 408.872 293.665 281.799 348.045 318.875 303.06 274.421 225.296 220.999 217.499 217.106 197.607 195.685 192.677 243.716 190.261 187.251 169.653 159.859 266.42 197.958 153.824 152.113 169.1 179.308 135.816 174.627
threshold=15.437500000000002 7.4330357142857162 22.020833333333339 67.500000000000014 1.6442546327982808 1.0000000180025095e-35 67.062500000000014 3.879376475052394 17.500000000000004 21.187500000000004 79.071428571428584 35.500000000000007 7.5000000000000009 3.5000000000000004 55.712500000000013 18.729166666666668 34.500000000000007 4.660508174669407 79.500000000000014 20.163690476190478 21.47291666666667 34.770833333333336 19.952083333333338 1.0000000180025095e-35 10.071428571428573 5.5020396740111357 2.3770740017875114 86.312500000000014 3.639433783520289 88.46250000000002
decision_type=2 2 2 2 2 2 2 2 2 2 2 2 2 2 2 2 2 2 2 2 2 2 2 2 2 2 2 2 2 2
left_child=1 -1 11 25 12 7 14 9 -9 -5 -8 13 24 -2 -7 16 18 -18 -6 28 -21 23 -23 -15 -3 26 -4 -28 29 -13
right_child=2 4 3 5 15 6 10 8 -10 -11 -12 19 -14 21 -16 -17 17 -19 -20 20 -22 22 -24 -25 -26 -27 27 -29 -30 -31
leaf_value=-0.046028010300689357 -0.0050112588014532113 -0.054876223283960572 0.048880885735818835 0.083182612415249824 0.020751543635436291 -0.025252341403550396 -0.17364074554294351 0.04503573933705831 0.12046322633986509 0.022826069349492873 -0.0026406780882627916 -0.11414328144996294 -0.0078973488072598044 0.0022174530309881433 0.063726082434275202 0.096950500268562168 0.013874378968065605 0.19023538824170827 -0.014192841297227633 0.18794819129274248 0.044814782770904338 0.099714139833450205 0.021692543974955028 0.026633939495169519 -0.023237015501777029 -0.029138819918396976 0.12483933422708325 0.067249361399683308 0.11213281654442352 0.079299609400331983
leaf_weight=3598 1180 503 241 243 468 74 20 260 273 837 522 28 2051 1527 398 51 954 20 2323 47 37 157 361 1819 1626 31 303 244 24 20
leaf_count=3598 1180 503 241 243 468 74 20 260 273 837 522 28 2051 1527 398 51 954 20 2323 47 37 157 361 1819 1626 31 303 244 24 20
internal_value=9.06079e-06 -0.0214305 0.0287588 0.0486563 -0.0103622 0.0390398 0.0183857 0.0520239 0.0836693 0.0364063 -0.00895064 0.0155729 -0.0195176 0.0137601 0.0497761 -0.000333571 -0.00165136 0.0174958 -0.0083333 0.0741851 0.124901 0.0194926 0.04534 0.0154911 -0.0307121 0.079502 0.083776 0.0991502 0.0150162 -0.0335421
internal_weight=20240 11594 8646 3446 7996 2627 1014 1613 533 1080 542 5200 4180 5044 472 3816 3765 974 2791 156 84 3864 518 3346 2129 819 788 547 72 48
internal_count=20240 11594 8646 3446 7996 2627 1014 1613 533 1080 542 5200 4180 5044 472 3816 3765 974 2791 156 84 3864 518 3346 2129 819 788 547 72 48
is_linear=0
shrinkage=0.05


Tree=52
num_leaves=31
num_cat=2
split_feature=0 22 1 45 32 13 16 28 25 27 45 18 27 3 42 29 38 25 1 27 45 50 45 10 49 16 1 38 39 28
split_gain=4522.65 1113.89 861.597 497.402 604.325 336.683 334.412 288.567 275.195 265.752 263.706 254.595 259.257 248.773 236.825 231.867 224.342 223.26 205.843 263.045 194.559 187.506 270.797 181.603 168.331 148.476 143.583 142.482 138.222 130.442
threshold=15.145833333333334 5.6458333333333348 33.041666666666679 20.500000000000004 5.5000000000000009 79.500000000000014 -0.56174490092936669 19.952083333333338 6.3441714857175446 2.0470116633224111 37.500000000000007 0.25000000000000017 5.9506337651009504 2.6875000000000004 117.78571428571429 5.4745539574070348 53.500000000000007 2.472525952649208 57.270833333333336 4.160462981181694 6.5000000000000009 0 29.500000000000004 1.0000000180025095e-35 1 -0.56174490092936669 11.85416666666667 68.500000000000014 40.500000000000007 17.111805555555559
decision_type=2 2 2 2 2 2 2 2 2 2 2 2 2 2 2 2 2 2 2 2 2 1 2 2 1 2 2 2 2 2
left_child=1 -1 8 4 5 15 28 -7 10 20 13 12 -6 14 -2 -4 -11 -13 23 -20 27 24 -23 -8 -18 -12 -22 -3 -5 -28
right_child=2 9 3 6 11 7 18 -9 -10 16 25 17 -14 -15 -16 -17 21 -19 19 -21 26 22 -24 -25 -26 -27 29 -29 -30 -31
leaf_value=-0.046326829588486523 0.0081232668286456665 -0.041591941115660648 0.087260851058355307 0.12316284498485119 0.035052150192416524 0.06932087751952086 0.010437630662428482 -0.017985287963297316 -0.13518473728249469 -0.025080963865059348 0.16104429222989913 0.054917316115907326 0.15878431147999236 -0.11253873354902394 0.028999781724542036 -0.081717317648555929 0.0048438981229807741 0.12019178363735372 -0.053230108876726523 0.069051084882812572 -0.01817717203090282 0.014768941557034027 0.13794691256125985 0.11839576057305462 -0.055076180449079561 0.050427179253723434 0.0076032829642533623 -0.018161035043729085 0.22943545236037327 -0.093190966817465692
leaf_weight=3138 3690 1028 173 142 715 110 49 678 30 599 43 261 45 38 2150 23 325 263 67 128 1540 1486 46 190 174 103 1175 1759 39 33
leaf_count=3138 3690 1028 173 142 715 110 49 678 30 599 43 261 45 38 2150 23 325 263 67 128 1540 1486 46 190 174 103 1175 1759 39 33
internal_value=8.6078e-06 -0.0210079 0.0265891 0.0490861 0.0382713 0.00878852 0.0889689 -0.00579788 0.0158757 -0.0112772 0.016628 0.0608656 0.0423784 0.0149792 0.015809 0.0674318 0.0018089 0.0876791 0.0651584 0.0270365 -0.0174952 0.00973948 0.0183477 0.0962621 -0.0167216 0.0830062 -0.00805469 -0.0268037 0.146061 0.0048498
internal_weight=20240 11303 8937 2883 2268 984 615 788 6054 8165 6024 1284 760 5878 5840 196 2630 524 434 195 5535 2031 1532 239 499 146 2748 2787 181 1208
internal_count=20240 11303 8937 2883 2268 984 615 788 6054 8165 6024 1284 760 5878 5840 196 2630 524 434 195 5535 2031 1532 239 499 146 2748 2787 181 1208
cat_boundaries=0 1 2
cat_threshold=80 7
is_linear=0
shrinkage=0.05


Tree=53
num_leaves=31
num_cat=2
split_feature=0 1 22 45 6 28 22 45 16 26 36 1 45 45 22 30 14 42 13 49 25 20 1 45 26 38 50 48 45 28
split_gain=4095.44 1010.26 812.612 479.647 513.774 322.027 412.434 307.742 392.982 278.504 264.05 240.012 242.493 229.072 229.664 205.955 366.317 266.391 193.823 173.103 167.774 156.76 174.83 160.04 154.777 150.903 153.944 149.462 145.129 130.458
threshold=12.770833333333334 33.041666666666679 5.6458333333333348 24.500000000000004 0.72538588847232088 19.817361111111111 23.854166666666668 6.5000000000000009 1.0000000180025095e-35 18.340773809523814 2.3571428571428572 31.604166666666668 29.500000000000004 37.500000000000007 30.354166666666668 0.28571428571428586 49.500000000000007 117.78571428571429 55.500000000000007 0 4.8874019206878527 18.562500000000004 41.604166666666679 28.500000000000004 15.141369047619049 56.500000000000007 1 0.94642857142857151 11.500000000000002 10.824305555555558
decision_type=2 2 2 2 2 2 2 2 2 2 2 2 2 2 2 2 2 2 2 1 2 2 2 2 2 2 1 2 2 2
left_child=2 7 -1 4 5 9 -7 10 13 -3 24 18 -13 14 -9 17 -17 -6 -10 29 25 -5 -23 -24 -2 -4 28 -22 -27 -12
right_child=1 3 20 21 15 6 -8 8 11 -11 19 12 -14 -15 -16 16 -18 -19 -20 -21 27 22 23 -25 -26 26 -28 -29 -30 -31
leaf_value=-0.044261116929701159 -0.017684251932136782 0.022138269969215946 -0.027471260668795322 0.22606788730392091 0.01129959297908859 -0.027068995242826566 0.033136994170827112 0.036661431878242806 0.068664229582127645 0.1257731909584254 -0.073092326581319603 -0.077780739102304361 0.0042993996082348563 0.11847384182148657 -0.084449131488800053 0.037761438040814561 0.17277738137377635 0.10605844572860577 0.0064385919650608208 0.01009682808581109 -0.0079147137328982355 0.16617178667837115 0.032803691400180537 0.1278790440907081 -0.11100706585248313 0.002828581810321835 -0.013936732445113068 0.18538660228252413 0.076662964570439529 -0.0091233537899852793
leaf_weight=3118 109 141 1579 26 91 483 692 1830 146 120 94 161 204 84 40 721 54 401 876 3305 20 67 108 75 75 880 4124 20 72 524
leaf_count=3118 109 141 1579 26 91 483 692 1830 146 120 94 161 204 84 40 721 54 401 876 3305 20 67 108 75 75 880 4124 20 72 524
internal_value=6.93652e-06 0.021826 -0.0231774 0.0464349 0.0400238 0.0195479 0.00838849 0.0119831 0.0232517 0.0697865 0.0028163 0.00289803 -0.0319058 0.0376992 0.0340708 0.063231 0.047169 0.0885319 0.015328 0.00556199 -0.0133582 0.109221 0.0970689 0.071769 -0.0557234 -0.0139719 -0.00977257 0.0887359 0.00832524 -0.0185531
internal_weight=20240 10427 9813 2979 2703 1436 1175 7448 3341 261 4107 1387 365 1954 1870 1267 775 492 1022 3923 6695 276 250 183 184 6655 5076 40 952 618
internal_count=20240 10427 9813 2979 2703 1436 1175 7448 3341 261 4107 1387 365 1954 1870 1267 775 492 1022 3923 6695 276 250 183 184 6655 5076 40 952 618
cat_boundaries=0 1 2
cat_threshold=2 44
is_linear=0
shrinkage=0.05


Tree=54
num_leaves=31
num_cat=2
split_feature=1 0 42 16 45 37 45 28 13 28 30 29 13 13 42 32 43 45 50 26 28 50 13 28 1 1 29 22 35 26
split_gain=3707.9 1156.55 568.321 392.189 538.477 355.126 331.322 328.174 292.386 292.361 270.697 361.012 546.049 475.298 357.168 267.883 260.785 224.846 247.532 217.476 214.767 213.647 253.681 198.126 196.591 188.813 185.287 184.985 163.783 253.918
threshold=18.645833333333339 6.479166666666667 133.6428571428572 -0.56174490092936669 15.500000000000002 67.062500000000014 17.500000000000004 24.039583333333336 58.500000000000007 16.735416666666669 0.3303571428571429 4.5772375432928021 345.50000000000006 18.500000000000004 163.07142857142858 3.5000000000000004 20.500000000000004 6.5000000000000009 0 24.864583333333339 21.309722222222227 1 50.500000000000007 24.78680555555556 37.520833333333336 11.85416666666667 4.8437969857271197 26.062500000000004 6.6428571428571432 22.251488095238098
decision_type=2 2 2 2 2 2 2 2 2 2 2 2 2 2 2 2 2 2 1 2 2 1 2 2 2 2 2 2 2 2
left_child=1 -1 3 4 28 6 26 -8 -7 -10 11 16 13 -13 19 17 20 18 -3 -12 -4 -16 -23 -21 27 -19 -5 -6 29 -2
right_child=2 15 10 5 24 8 7 -9 9 -11 14 12 -14 -15 21 -17 -18 25 -20 23 -22 22 -24 -25 -26 -27 -28 -29 -30 -31
leaf_value=-0.040398004131532855 0.0091747175479326305 -0.01560739273170629 0.13582009461063604 0.030668046992530326 0.075593907095172358 0.080743171061233937 0.058144076112197879 0.24944089958744664 0.064633175534831874 -0.014345858297995659 0.038910022017593124 -0.030196875837795872 -0.11203098910956887 0.17158664792088918 0.0961777790185738 0.0035665757731295879 0.074229363585269548 -0.016212901155789213 -0.051536968130810601 -0.090518537339042221 -0.018791241968671483 0.085069212881582132 0.0074399898604800303 0.0034597685988410377 0.10986443174725669 0.010431786242475956 -0.015897315161759563 -0.0065784252015873793 0.04263053826579323 -0.10358981851553709
leaf_weight=3484 402 2635 26 1102 239 96 81 31 126 1673 420 34 23 206 283 3790 369 1313 587 68 165 175 264 320 262 1347 265 96 301 57
leaf_count=3484 402 2635 26 1102 239 96 81 31 126 1673 420 34 23 206 283 3790 369 1313 587 68 165 175 264 320 262 1347 265 96 301 57
internal_value=6.49476e-06 -0.0156974 0.0291708 0.0191832 0.0418831 0.0100534 0.028415 0.111092 -0.00427731 -0.00881425 0.0492521 0.0723753 0.120698 0.143001 0.036814 -0.00679981 0.0496811 -0.0134793 -0.0223616 0.0139778 0.00225533 0.0623703 0.0375307 -0.0130107 0.0774203 -0.00272027 0.0216411 0.052046 0.0139676 -0.00482872
internal_weight=20240 13156 7084 4731 1357 3374 1479 112 1895 1799 2353 823 263 240 1530 9672 560 5882 3222 808 191 722 439 388 597 2660 1367 335 760 459
internal_count=20240 13156 7084 4731 1357 3374 1479 112 1895 1799 2353 823 263 240 1530 9672 560 5882 3222 808 191 722 439 388 597 2660 1367 335 760 459
cat_boundaries=0 1 2
cat_threshold=29 9
is_linear=0
shrinkage=0.05


Tree=55
num_leaves=31
num_cat=4
split_feature=24 0 49 18 43 50 28 22 45 37 23 50 23 45 18 50 27 36 37 37 26 20 31 22 35 25 13 43 21 45
split_gain=3370.76 864.884 680.534 403.317 536.776 407.427 398.815 361.457 349.1 340.476 334.389 298.143 530.725 249.61 411.516 248.368 267.795 224.393 219.133 217.638 214.678 196.445 188.159 169.868 162.568 154.745 350.53 165.919 138.748 156.968
threshold=15.437500000000002 4.9375000000000009 0 -0.5 21.214285714285719 1 31.427083333333339 27.354166666666668 35.500000000000007 88.037500000000009 25.229166666666668 2 24.687500000000004 29.500000000000004 -0.9330127018922193 3 6.1341084082564459 2.5000000000000004 68.862500000000011 87.887500000000017 17.936011904761909 18.729166666666668 2.5000000000000004 16.395833333333339 5.3571428571428585 2.1759188737494788 105.50000000000001 19.642857142857149 19.437500000000004 38.500000000000007
decision_type=2 2 1 2 2 1 2 2 2 2 2 1 2 2 2 1 2 2 2 2 2 2 2 2 2 2 2 2 2 2
left_child=1 -1 3 4 5 6 -2 -7 11 10 -6 12 20 18 -15 16 17 -5 -13 28 -4 22 -3 -21 -14 26 -17 -27 -10 -30
right_child=2 21 8 15 9 7 -8 -9 19 -11 -12 13 24 14 -16 25 -18 -19 -20 23 -22 -23 -24 -25 -26 27 -28 -29 29 -31
leaf_value=-0.040958272809319601 0.13820684614906209 -0.018940234059808755 0.039132538138839768 0.19138540370123727 -0.29697922021150591 -0.004644054757791157 -0.078713392734527599 0.077101898740444874 -0.038556336554820131 0.015818915635347368 -0.068819489279052334 0.018264931926586705 0.1316611102953249 -0.11990468393151577 0.092324367747920758 0.046677242163805512 0.25095014154911038 0.062993198887721064 -0.0052878243226662488 0.032364597868534829 -0.089479645620192505 0.088215786735435911 -0.0039341013775460168 0.1732674973814384 -0.0032722572364458228 -0.013172817612687746 -0.052311831706255266 0.069403318590802718 -0.00736853426863109 0.14713287169379849
leaf_weight=2956 139 3589 38 35 26 595 25 175 46 50 42 3358 49 26 188 236 20 1229 1399 31 222 51 4998 69 41 75 144 322 31 35
leaf_count=2956 139 3589 38 35 26 595 25 175 46 50 42 3358 49 26 188 236 20 1229 1399 31 222 51 4998 69 41 75 144 322 31 35
internal_value=6.88725e-06 -0.0176137 0.0236355 0.0423089 0.0172544 0.0299492 0.0990972 0.0137559 0.0130293 -0.0832282 -0.156057 0.010546 -0.0335006 0.0136871 0.0665395 0.0553027 0.0688842 0.0665484 0.0113382 0.0759736 -0.0706825 -0.00962493 -0.010206 0.129588 0.0701915 0.0315665 0.00916559 0.0538033 0.0281039 0.074564
internal_weight=20240 11594 8646 3113 1052 934 164 770 5533 118 68 5321 350 4971 214 2061 1284 1264 4757 212 260 8638 8587 100 90 777 380 397 112 66
internal_count=20240 11594 8646 3113 1052 934 164 770 5533 118 68 5321 350 4971 214 2061 1284 1264 4757 212 260 8638 8587 100 90 777 380 397 112 66
cat_boundaries=0 1 2 3 4
cat_threshold=4 1 128 169
is_linear=0
shrinkage=0.05


Tree=56
num_leaves=31
num_cat=0
split_feature=0 23 22 16 37 45 45 14 28 45 27 23 45 16 37 48 22 36 30 27 37 1 36 44 45 37 13 23 1 28
split_gain=3061.96 776.297 609.726 367.986 342.016 327.886 312.445 273.507 261.004 255.12 241.97 234.283 213.425 344.695 277.415 199.016 232.075 191.294 249.155 181.985 180.84 169.1 150.655 150.49 146.484 242.062 158.147 142.721 185.159 135.45
threshold=12.770833333333334 21.812500000000004 5.6458333333333348 -0.56174490092936669 67.062500000000014 17.500000000000004 15.500000000000002 31.500000000000004 24.78680555555556 18.500000000000004 4.8878627288419434 17.562500000000004 6.5000000000000009 1.0000000180025095e-35 84.825000000000017 0.98214285714285732 24.937500000000004 4.7857142857142865 1.0000000180025095e-35 3.6072209225176048 98.316666666666677 31.604166666666668 6.2142857142857153 6.5000000000000009 7.5000000000000009 74.237500000000011 46.500000000000007 23.937500000000004 12.35416666666667 26.268750000000001
decision_type=2 2 2 2 2 2 2 2 2 2 2 2 2 2 2 2 2 2 2 2 2 2 2 2 2 2 2 2 2 2
left_child=2 8 -1 6 5 7 17 -5 10 22 12 -12 14 -14 -2 16 -10 -3 -19 23 -11 -13 -6 -8 25 -4 -27 28 -26 -17
right_child=1 3 24 4 9 -7 19 -9 15 20 11 21 13 -15 -16 29 -18 18 -20 -21 -22 -23 -24 -25 27 26 -28 -29 -30 -31
leaf_value=-0.038303248884241553 0.0057360510307310339 -0.019851975959654041 -0.0067473960088740466 0.026096008267430894 -0.031436336331475433 0.14000470421319319 0.072761482277383965 0.090986678896782303 -0.096242178976535808 0.015762691262537262 -0.098257362220472502 0.076887932536192249 0.039305146324673509 0.00045337671558870327 -0.051242319008117071 0.23261697143316271 0.070742119095621656 0.14299302156709257 0.033151705432378331 0.10743661165942212 0.080630145639181139 -0.034699217181909707 0.071632258517619896 -0.020781293375925585 -0.0070509852437898139 0.0083420017686978241 -0.037604565775413844 -0.095425226484856962 0.028454216036928492 0.083714857897056016
leaf_weight=3118 3901 130 2177 796 390 88 197 204 28 765 103 48 1254 1048 226 24 81 61 336 370 125 116 39 55 2327 214 1500 41 436 42
leaf_count=3118 3901 130 2177 796 390 88 197 204 28 765 103 48 1254 1048 226 24 81 61 336 370 125 116 39 55 2327 214 1500 41 436 42
internal_value=6.54293e-06 0.0188728 -0.0200402 0.037837 0.0267241 0.0474762 0.061117 0.0393337 0.00905815 0.0096063 0.00748273 -0.0391573 0.00941972 0.0216176 0.00261584 0.0693381 0.0278471 0.0327909 0.0500291 0.0851167 0.0248733 -0.00203956 -0.0220665 0.0523454 -0.0115347 -0.0178131 -0.0318679 -0.00282241 -0.00144828 0.137861
internal_weight=20240 10427 9813 3556 2407 1088 1149 1000 6871 1319 6696 267 6429 2302 4127 175 109 527 397 622 890 164 429 252 6695 3891 1714 2804 2763 66
internal_count=20240 10427 9813 3556 2407 1088 1149 1000 6871 1319 6696 267 6429 2302 4127 175 109 527 397 622 890 164 429 252 6695 3891 1714 2804 2763 66
is_linear=0
shrinkage=0.05


Tree=57
num_leaves=31
num_cat=2
split_feature=1 1 38 16 45 37 37 43 29 18 13 28 50 13 43 9 43 27 28 30 13 13 43 13 28 43 13 49 18 37
split_gain=2782.63 854.856 476.625 428.16 534.769 481.806 302.596 289.802 266.079 259.775 234.539 233.372 227.649 216.287 383.241 192.521 191.729 177.142 167.918 147.741 205.315 395.516 194.015 181.839 189.578 153.615 141.819 127.082 171.719 130.375
threshold=18.645833333333339 9.3541666666666696 141.50000000000003 1.0000000180025095e-35 17.500000000000004 66.862500000000011 68.862500000000011 16.642857142857149 5.1096455838367563 -0.24999999999999994 239.50000000000003 16.323611111111116 0 203.50000000000003 11.071428571428573 0.9864788587848935 10.785714285714286 2.2652047797873238 23.600694444444446 0.33630952380952384 345.50000000000006 301.50000000000006 19.785714285714288 51.500000000000007 30.954166666666669 22.071428571428573 333.50000000000006 1 0.25000000000000017 67.987500000000011
decision_type=2 2 2 2 2 2 2 2 2 2 2 2 1 2 2 2 2 2 2 2 2 2 2 2 2 2 2 1 2 2
left_child=1 -1 3 4 12 7 -5 -6 -7 10 13 -8 18 -3 -15 -13 -14 27 -2 20 21 22 -4 -21 25 -25 -26 28 -11 -29
right_child=2 9 19 6 5 8 11 -9 -10 17 -12 15 16 14 -16 -17 -18 -19 -20 23 -22 -23 -24 24 26 -27 -28 29 -30 -31
leaf_value=-0.034596091411486667 -0.10219773082314312 -0.01140976900581416 0.031780658889437714 0.019795184541069578 0.10390492846676405 0.030693000428704306 0.093603256079885705 0.28794621421444799 0.086846114316462344 -0.045724517931574324 0.063375032534332659 0.042683700002802943 -0.051467051278450526 -0.019213374642701821 -0.1036129059776178 -0.029551470794831405 0.02123987956109059 0.022012131084473089 0.032040253237766381 0.064280013059541383 -0.032741717126150177 0.16626751401522399 0.085727171088258433 0.027666224856450636 0.037142968353330405 -0.027420908121888566 0.12837570072766744 0.015286115755260258 -0.0035167062345158348 -0.0059689593090239542
leaf_weight=3542 74 3857 375 1019 69 767 45 31 291 352 95 102 96 500 184 964 1634 910 34 355 53 92 300 286 217 227 53 1255 764 1697
leaf_count=3542 74 3857 375 1019 69 767 45 31 291 352 95 102 96 500 184 964 1634 910 34 355 53 92 300 286 217 227 53 1255 764 1697
internal_value=6.21576e-06 -0.0135979 0.025271 0.0172554 0.0294397 0.0560531 0.000117164 0.160958 0.0461378 -0.00586169 -0.0143784 -0.0179314 0.0126724 -0.0160051 -0.0419173 -0.0226397 0.0171064 0.00206991 -0.0548582 0.0462556 0.0624356 0.0690124 0.0557569 0.034597 0.0211391 0.00329044 0.0550516 -0.00239111 -0.0166801 0.00305697
internal_weight=20240 13156 7084 5126 2996 1158 2130 100 1058 9614 4636 1111 1838 4541 684 1066 1730 4978 108 1958 820 767 675 1138 783 513 270 4068 1116 2952
internal_count=20240 13156 7084 5126 2996 1158 2130 100 1058 9614 4636 1111 1838 4541 684 1066 1730 4978 108 1958 820 767 675 1138 783 513 270 4068 1116 2952
cat_boundaries=0 1 2
cat_threshold=192 2
is_linear=0
shrinkage=0.05


Tree=58
num_leaves=31
num_cat=0
split_feature=23 22 0 42 27 45 37 37 18 35 26 13 23 13 42 24 45 45 1 35 21 42 13 43 45 13 1 5 27 13
split_gain=2527.82 695.155 559.382 357.199 272.531 220.825 560.198 496.9 537.399 421.658 274.247 207.179 368.743 322.562 251.595 188.769 175.755 220.877 201.813 173.377 167.258 162.265 150.149 147.573 147.569 141.616 324.092 197.561 129.447 122.638
threshold=13.687500000000002 19.895833333333339 5.6458333333333348 98.500000000000014 6.4379454835806023 15.500000000000002 80.425000000000026 78.062500000000014 -0.9330127018922193 4.6428571428571432 21.739583333333336 237.50000000000003 23.187500000000004 203.50000000000003 111.50000000000001 30.333333333333339 6.5000000000000009 1.0000000180025095e-35 11.85416666666667 9.9285714285714306 20.187500000000004 70.071428571428584 243.50000000000003 13.071428571428573 4.5000000000000009 189.50000000000003 34.729166666666679 0.89583333333333337 5.0542260428078469 235.50000000000003
decision_type=2 2 2 2 2 2 2 2 2 2 2 2 2 2 2 2 2 2 2 2 2 2 2 2 2 2 2 2 2 2
left_child=2 11 -1 4 15 7 19 8 -5 -8 -9 13 22 25 -15 21 17 29 -18 -7 -16 -3 -13 -6 -19 27 -27 -2 -20 -4
right_child=1 3 16 5 23 6 9 10 -10 -11 -12 12 -14 14 20 -17 18 24 28 -21 -22 -23 -24 -25 -26 26 -28 -29 -30 -31
leaf_value=-0.03483435439069326 -0.0072240679505123882 -0.072942517995834358 -0.017065666004533044 -0.067111474971630072 -0.015416624299857929 0.16169688146123118 0.11069066137587898 0.044357616571481268 0.044999616277714392 0.03059423821084566 -0.059263267002451707 0.10217904097322997 0.11824713629719459 -0.02856978076659808 -0.069631343105664628 0.16162637934088708 -0.013290612437563371 -0.059473954556734737 0.013071178751276325 0.069294455081201453 -0.26195851594209668 0.012636024395621351 0.011794186755884874 -0.18634537809661456 -0.017965414950236427 0.017429205405688476 0.20549078953585456 0.016853478341653804 -0.1118786252680279 0.005056773181120194
leaf_weight=3167 2080 60 2088 114 23 136 189 89 1714 1258 226 48 95 336 26 20 1675 439 1601 81 20 721 1075 28 418 126 28 1443 21 895
leaf_count=3167 2080 60 2088 114 23 136 189 89 1714 1258 226 48 95 336 26 20 1675 439 1601 81 20 721 1075 28 418 126 28 1443 21 895
internal_value=5.90499e-06 0.0180002 -0.0173457 0.0320753 0.00281021 0.0386248 0.0522907 0.0280135 0.038008 0.041056 -0.0299863 0.00557345 0.0236591 0.000146415 -0.0435839 0.00994576 -0.00958528 -0.0168557 -0.00111746 0.127206 -0.153252 0.00606149 0.0156575 -0.10926 -0.0392282 0.00468951 0.0516222 0.00263795 0.0114535 -0.0104282
internal_weight=20240 9936 10304 4659 852 3807 1664 2143 1828 1447 315 5277 1218 4059 382 801 7137 3840 3297 217 46 781 1123 51 857 3677 154 3523 1622 2983
internal_count=20240 9936 10304 4659 852 3807 1664 2143 1828 1447 315 5277 1218 4059 382 801 7137 3840 3297 217 46 781 1123 51 857 3677 154 3523 1622 2983
is_linear=0
shrinkage=0.05


Tree=59
num_leaves=31
num_cat=1
split_feature=23 22 0 13 29 14 37 45 14 29 17 23 13 23 13 28 23 42 29 25 45 45 50 24 12 45 28 45 29 13
split_gain=2281.36 627.377 504.842 330.805 236.788 226.346 281.819 456.043 273.713 292.331 235.155 219.697 186.979 334.507 291.112 244.323 292.163 227.064 222.363 177.064 158.619 199.341 192.662 157.347 140.815 135.403 130.863 160.133 125.832 110.681
threshold=13.687500000000002 19.895833333333339 5.6458333333333348 67.500000000000014 1.6094662271881115 42.500000000000007 59.01250000000001 7.5000000000000009 22.500000000000004 4.5772375432928021 -0.93301270189221908 25.520833333333339 237.50000000000003 22.687500000000004 203.50000000000003 23.174305555555559 26.395833333333339 111.50000000000001 4.1611337720111461 5.7165824815765598 6.5000000000000009 1.0000000180025095e-35 0 20.163690476190478 8.5000000000000018 3.5000000000000004 20.813194444444445 32.500000000000007 2.3207241689741012 235.50000000000003
decision_type=2 2 2 2 2 2 2 2 2 2 2 2 2 2 2 2 2 2 2 2 2 2 1 2 2 2 2 2 2 2
left_child=2 12 -1 4 -3 8 11 -8 9 -5 -10 -7 14 24 15 23 -17 -16 -19 -6 21 29 28 -2 -14 -23 27 -24 -22 -4
right_child=1 3 20 5 19 6 7 -9 10 -11 -12 -13 13 -15 17 16 -18 18 -20 -21 22 25 26 -25 -26 -27 -28 -29 -30 -31
leaf_value=-0.0330926364718842 0.0036779471101057171 0.012301429786136842 -0.01621238266471382 0.014820586301043449 0.072593002100870566 0.063365781383500214 -0.033653537189117171 0.06264039950818806 0.058322022756827734 0.05836443078146674 -0.010922596129997358 0.18529485087645681 0.096171051703393462 0.10522489766548347 -0.027141291332372933 -0.13560930249183925 0.0019700209231494547 -0.27093055054545401 -0.049172884397781814 -0.04394214994767133 0.00070117013846439401 -0.067299717389068564 -0.0070834617660738208 0.03905049322712046 0.010300345625089573 -0.024114853943598101 -0.10915982057490657 0.11531417990724246 0.045073409261411984 0.0048039344068767512
leaf_weight=3167 3170 251 2088 1157 789 105 182 379 140 578 987 57 50 111 336 67 91 20 26 34 308 261 2599 349 1057 596 31 27 332 895
leaf_count=3167 3170 251 2088 1157 789 105 182 379 140 578 987 57 50 111 336 67 91 20 26 34 308 261 2599 349 1057 596 31 27 332 895
internal_value=5.60976e-06 0.0171002 -0.0164785 0.0304716 0.0548133 0.0231792 0.0481756 0.0314007 0.0168646 0.0293268 -0.00232078 0.106267 0.00529478 0.0224762 0.000139094 0.00445503 -0.0563706 -0.0414047 -0.145589 0.0677787 -0.00910602 -0.0160129 -0.00106159 0.00718605 0.0141789 -0.0372668 -0.00700427 -0.00582499 0.0233544 -0.00990678
internal_weight=20240 9936 10304 4659 1074 3585 723 561 2862 1735 1127 162 5277 1218 4059 3677 158 382 46 823 7137 3840 3297 3519 1107 857 2657 2626 640 2983
internal_count=20240 9936 10304 4659 1074 3585 723 561 2862 1735 1127 162 5277 1218 4059 3677 158 382 46 823 7137 3840 3297 3519 1107 857 2657 2626 640 2983
cat_boundaries=0 1
cat_threshold=33
is_linear=0
shrinkage=0.05


Tree=60
num_leaves=31
num_cat=2
split_feature=1 1 49 13 45 50 13 21 8 30 18 29 18 14 13 43 45 18 29 27 29 25 27 26 48 25 45 18 43 43
split_gain=2056.78 641.962 388.55 307.629 294.396 345.301 296.301 293.867 282.797 238.924 306.449 243.112 218.1 219.378 196.712 320.087 186.697 299.64 212.324 176.463 193.768 157.346 155.266 134.1 126.094 124.115 117.336 105.391 103.994 103.128
threshold=18.645833333333339 9.3541666666666696 0 48.500000000000007 35.500000000000007 1 321.50000000000006 26.812500000000004 0.098611111111111135 1.0000000180025095e-35 -0.5 6.0592846960489153 -0.24999999999999994 34.500000000000007 203.50000000000003 11.071428571428573 28.500000000000004 -0.9330127018922193 3.5078884182618073 3.639433783520289 4.0714114104069283 2.3883120380793579 2.2652047797873238 21.421130952380956 0.94642857142857151 2.2547715422300203 12.500000000000002 0.25000000000000017 11.500000000000002 27.071428571428573
decision_type=2 2 1 2 2 1 2 2 2 2 2 2 2 2 2 2 2 2 2 2 2 2 2 2 2 2 2 2 2 2
left_child=1 -1 3 21 5 6 7 -4 9 11 -11 -5 13 14 26 -16 18 -18 -7 20 27 -2 28 -8 -22 -24 -3 -6 -14 -30
right_child=2 12 4 8 19 16 23 -9 -10 10 -12 -13 22 -15 15 -17 17 -19 -20 -21 24 -23 25 -25 -26 -27 -28 -29 29 -31
leaf_value=-0.029887233123693086 0.058317451352390637 -0.014102359801067353 -0.073610581385069776 0.072102569830566718 -0.098747611833470209 0.019924139182203194 0.18333781237248334 0.042068856817615387 -0.11797221165616066 -0.0040174328624845148 0.036866665302329259 -0.032110839106497313 -0.015607332643243311 0.055712358547341939 -0.018338440416774116 -0.096143043555375604 -0.073240646738104709 0.072758873963228818 -0.0069289891636848599 0.10818577153782827 0.01345369745977223 0.13365833018765305 0.039498127327931773 0.0024321337540944418 0.15613844280752043 0.0025666911917671367 0.0092379414162294827 0.045133523419499402 0.003670398713274234 -0.091071986111587497
leaf_weight=3542 231 3210 285 501 35 1946 20 68 32 673 1437 63 1032 114 483 182 41 246 1184 120 32 99 453 21 30 457 647 20 3007 29
leaf_count=3542 231 3210 285 501 35 1946 20 68 32 673 1437 63 1032 114 483 182 41 246 1184 120 32 99 453 21 30 457 647 20 3007 29
internal_value=5.32929e-06 -0.0116906 0.0217264 0.0352273 0.0114853 0.00815108 -0.0356448 -0.0513267 0.0297853 0.0315535 0.0238264 0.0604617 -0.00498661 -0.0127903 -0.0145173 -0.0396323 0.0132665 0.0519018 0.00976628 0.0655843 0.0218904 0.0809197 0.00228097 0.0906788 0.0824947 0.0209512 -0.0101871 -0.0464272 -0.00189552 0.00276542
internal_weight=20240 13156 7084 3036 4048 3811 394 353 2706 2674 2110 564 9614 4636 4522 665 3417 287 3130 237 117 330 4978 41 62 910 3857 55 4068 3036
internal_count=20240 13156 7084 3036 4048 3811 394 353 2706 2674 2110 564 9614 4636 4522 665 3417 287 3130 237 117 330 4978 41 62 910 3857 55 4068 3036
cat_boundaries=0 1 2
cat_threshold=4 128
is_linear=0
shrinkage=0.05


Tree=61
num_leaves=31
num_cat=2
split_feature=0 1 45 28 1 45 32 16 18 29 50 29 26 3 45 1 29 45 15 38 27 38 20 25 1 1 25 50 1 45
split_gain=1880.69 532.011 394.05 386.206 382.332 356.741 341.784 204.832 199.999 301.872 254.652 244.081 257.224 213.636 193.582 193.374 166.051 222.326 157.437 159.868 153.433 151.002 147.583 145.943 136.603 143.721 135.293 116.002 136.745 118.532
threshold=12.770833333333334 34.729166666666679 24.500000000000004 4.2597222222222229 57.395833333333336 18.500000000000004 5.5000000000000009 1.0000000180025095e-35 0.6830127018922193 2.6300400496657166 0 4.1611337720111461 20.700892857142861 3.0833333333333335 4.5000000000000009 23.770833333333339 4.9935732012093332 20.500000000000004 1.0000000180025095e-35 163.50000000000003 6.4379454835806023 56.500000000000007 18.562500000000004 3.9488399104620719 41.604166666666679 57.854166666666679 4.8874019206878527 1 27.937500000000004 13.500000000000002
decision_type=2 2 2 2 2 2 2 2 2 2 1 2 2 2 2 2 2 2 2 2 2 2 2 2 2 2 2 1 2 2
left_child=3 8 4 -1 5 6 -3 -7 13 10 -10 15 -13 18 -12 -11 23 -18 20 -20 -2 -5 -4 -6 -24 -26 27 29 -29 -23
right_child=1 2 22 21 16 7 -8 -9 9 11 14 12 -14 -15 -16 -17 17 -19 19 -21 -22 26 24 -25 25 -27 -28 28 -30 -31
leaf_value=-0.032227397858971156 -0.0012849155615623643 -0.0016319286551636954 0.20402059775705519 -0.022370724298261729 -0.099197161350060598 0.10700168405718945 0.043662549214536467 0.035667135816236789 0.019244035710355933 0.037710356164178178 -0.10511199045742368 0.11059147266914016 -0.023201991493313961 -0.12274486398832365 -0.0036439902298817679 0.10439832905844391 -0.043233074728682964 0.09522828686982393 0.010850528502608987 0.062394036960904488 -0.12320360750533069 0.0064088699037135599 0.13993716997775571 0.0070412689975152421 0.026307772456854586 0.12154069935967182 0.089680941171340053 -0.0085248653458362481 -0.075743804903483244 0.10904685748291428
leaf_weight=2600 3456 720 26 1784 99 235 988 176 736 213 81 46 164 33 112 222 69 50 2517 160 26 937 67 48 125 58 37 4349 77 29
leaf_count=2600 3456 720 26 1784 99 235 988 176 736 213 81 46 164 33 112 222 69 50 2517 160 26 937 67 48 125 58 37 4349 77 29
internal_value=5.06284e-06 0.0147909 0.0340851 -0.0157059 0.0275397 0.0346326 0.0245689 0.0764545 0.00817975 0.0240945 0.00584914 0.0503734 0.00610515 0.00413425 -0.0439517 0.0717442 -0.0289632 0.014944 0.00481407 0.0139312 -0.00219528 -0.00975054 0.0906455 -0.0645071 0.0788545 0.0564909 -0.00560347 -0.00625731 -0.00967243 0.0093929
internal_weight=20240 10427 2661 9813 2385 2119 1708 411 7766 1574 929 645 210 6192 193 435 266 119 6159 2677 3482 7213 276 147 250 183 5429 5392 4426 966
internal_count=20240 10427 2661 9813 2385 2119 1708 411 7766 1574 929 645 210 6192 193 435 266 119 6159 2677 3482 7213 276 147 250 183 5429 5392 4426 966
cat_boundaries=0 1 2
cat_threshold=13 44
is_linear=0
shrinkage=0.05


Tree=62
num_leaves=31
num_cat=2
split_feature=23 22 22 13 25 23 27 27 6 30 13 23 50 13 45 23 45 25 13 13 13 45 37 18 50 13 36 43 20 35
split_gain=1719.59 467.59 364.579 289.838 216.482 233.749 242.064 216.128 211.571 228.929 179.965 280.176 266.133 274.705 201.203 179.783 164.835 163.663 162.874 147.827 145.572 140.938 217.034 140.731 137.813 128.728 100.153 98.7775 95.4642 168.527
threshold=13.10416666666667 19.895833333333339 5.6458333333333348 67.500000000000014 3.9488399104620719 17.270833333333339 6.9749007820073157 1.3648056985065331 0.55346174329842013 0.0059523809523809408 237.50000000000003 23.187500000000004 0 225.50000000000003 36.500000000000007 23.354166666666668 32.500000000000007 5.7165824815765598 89.500000000000014 243.50000000000003 171.50000000000003 6.5000000000000009 74.237500000000011 -0.5 1 259.50000000000006 10.500000000000002 5.5000000000000009 27.354166666666668 4.5000000000000009
decision_type=2 2 2 2 2 2 2 2 2 2 2 2 1 2 2 2 2 2 2 2 2 2 2 2 1 2 2 2 2 2
left_child=2 10 -1 7 8 25 -7 26 18 -10 12 19 13 15 20 -2 21 -9 -5 -12 -14 22 27 -24 -23 -6 -3 -4 29 -13
right_child=1 3 16 4 5 6 -8 17 9 -11 11 28 14 -15 -16 -17 -18 -19 -20 -21 -22 24 23 -25 -26 -27 -28 -29 -30 -31
leaf_value=-0.028878687928696658 -0.0013618124980065557 -0.0035811542993870933 -0.10220703702563277 -0.12260454647775208 -0.082951376155803086 0.052077165580938202 -0.090146030149152206 0.068435631193726268 0.051144030586373616 0.010312780288019102 0.092929751236449212 0.18569669948647852 0.0062775354897807766 -0.22582329284577143 0.11287671025933288 -0.096711737084656191 0.10492129945196212 -0.043817564384902224 -0.010420610557721546 0.010422025468917183 -0.017819378605404966 0.020880198347606693 -0.050683068326735553 -0.018744489465466294 -0.0060097951124794928 0.04113772774086983 0.05733826314099133 -0.0041585573833871998 0.18976266440004111 0.021089179626869736
leaf_weight=3131 135 227 26 35 57 857 31 722 427 1751 57 23 3190 21 41 78 32 34 428 1141 780 573 534 974 2599 33 96 2135 24 48
leaf_count=3131 135 227 26 35 57 857 31 722 427 1751 57 23 3190 21 41 78 32 34 428 1141 780 573 534 974 2599 33 96 2135 24 48
internal_value=5.28503e-06 0.0144131 -0.0147367 0.0260158 0.0192346 0.0393302 0.0471122 0.0487602 0.0117929 0.0183178 0.00457036 0.0209019 -0.000404118 -0.0511051 0.0026745 -0.0362787 -0.0082943 0.0633872 -0.018901 0.0143477 0.00154313 -0.00882388 -0.0154968 -0.0300543 -0.00110542 -0.037452 0.0145249 -0.00533822 0.103554 0.0744127
internal_weight=20240 10236 10004 4698 3619 978 888 1079 2641 2178 5538 1293 4245 234 4011 213 6873 756 463 1198 3970 6841 3669 1508 3172 90 323 2161 95 71
internal_count=20240 10236 10004 4698 3619 978 888 1079 2641 2178 5538 1293 4245 234 4011 213 6873 756 463 1198 3970 6841 3669 1508 3172 90 323 2161 95 71
cat_boundaries=0 1 2
cat_threshold=64 33
is_linear=0
shrinkage=0.05


Tree=63
num_leaves=31
num_cat=2
split_feature=23 22 22 42 50 27 6 17 13 13 29 28 21 18 27 34 6 42 22 43 13 30 13 42 34 28 28 50 13 13
split_gain=1553.4 434.215 344.296 258.98 263.977 230.92 187.895 188.928 174.458 445.694 350.354 166.816 203.788 191.748 247.223 209.417 162.2 197.326 137.58 134.689 125.633 208.375 153.55 206.5 121.345 115.088 114.174 115.14 110.036 106.233
threshold=13.687500000000002 19.895833333333339 5.6458333333333348 98.500000000000014 0 6.4379454835806023 0.68155617717441641 -0.5 79.500000000000014 89.500000000000014 4.9001211263694486 22.270833333333336 21.937500000000004 0.6830127018922193 6.4379454835806023 9.5000000000000018 0.27226426831164802 70.071428571428584 29.062500000000004 13.071428571428573 235.50000000000003 0.26488095238095255 203.50000000000003 86.071428571428584 10.500000000000002 20.961805555555561 10.097916666666668 1 247.50000000000003 211.50000000000003
decision_type=2 2 2 2 1 2 2 2 2 2 2 2 2 2 2 2 2 2 2 2 2 2 2 2 2 2 2 1 2 2
left_child=2 11 -1 5 6 16 7 -5 10 -10 -6 12 26 14 15 -13 -3 -18 -8 -7 22 28 -4 29 25 -14 -2 -28 -22 -24
right_child=1 3 20 4 8 19 18 -9 9 -11 -12 13 24 -15 -16 -17 17 -19 -20 -21 21 -23 23 -25 -26 -27 27 -29 -30 -31
leaf_value=-0.027427441690666934 -0.098443719648100725 0.14077118062837557 -0.0089061848211992017 0.20432396287490664 0.031955222855445775 -0.01319054715011431 0.024434196277234258 0.075302069700722188 -0.059618370436752832 0.022829998925630656 0.1373853743704426 -0.088260980898866789 0.065480766399148987 0.049243178318158304 0.11159378212122691 0.052161447848043135 -0.090989580062719497 0.0098338967772390318 0.071984050595915339 -0.17648736898388184 0.065330279202891042 -0.007371675222324639 -0.075882306569044225 -0.1295875702459704 0.15427570867538454 -0.0068161587707105693 -0.018794057777415867 0.0072581554904072865 0.015517542869195409 -0.014409161666354812
leaf_weight=3132 27 22 4648 38 941 23 342 112 180 1834 86 185 147 58 21 31 52 727 274 28 147 1434 88 55 25 88 462 4233 451 349
leaf_count=3132 27 22 4648 38 941 23 342 112 180 1834 86 185 147 58 21 31 52 727 274 28 147 1434 88 55 25 88 462 4233 451 349
internal_value=5.38812e-06 0.0141114 -0.0135968 0.0252354 0.0308122 0.000316575 0.0570596 0.107988 0.0239344 0.0154612 0.0407838 0.00429005 0.0064533 -0.0322431 -0.0521848 -0.0681078 0.00688483 0.0031037 0.0455846 -0.102844 -0.00755699 0.002968 -0.0117178 -0.03828 0.049549 0.0384079 0.00408039 0.00466998 0.0277625 -0.0267882
internal_weight=20240 9936 10304 4659 3807 852 766 150 3041 2014 1027 5277 4982 295 237 216 801 779 616 51 7172 2032 5140 492 260 235 4722 4695 598 437
internal_count=20240 9936 10304 4659 3807 852 766 150 3041 2014 1027 5277 4982 295 237 216 801 779 616 51 7172 2032 5140 492 260 235 4722 4695 598 437
cat_boundaries=0 1 2
cat_threshold=1 80
is_linear=0
shrinkage=0.05


Tree=64
num_leaves=31
num_cat=0
split_feature=1 1 45 32 20 20 14 13 10 9 45 18 13 13 27 48 20 18 14 29 16 27 43 29 22 17 22 48 27 20
split_gain=1412.59 344.778 404.985 403.388 339.15 312.715 298.319 237.399 227.527 243.328 213.727 210.409 266.847 309.023 173.554 158.133 148.723 135.191 132.832 117.598 108.392 98.0571 135.331 122.869 146.663 106.99 100.948 96.9361 124.572 96.2756
threshold=17.770833333333339 34.729166666666679 20.500000000000004 5.5000000000000009 4.604166666666667 16.145833333333339 11.500000000000002 351.50000000000006 1.0000000180025095e-35 0.99774610136452246 37.500000000000007 -0.24999999999999994 239.50000000000003 203.50000000000003 6.4379454835806023 0.91071428571428592 15.47916666666667 -0.24999999999999994 49.500000000000007 5.3454465379263052 -0.22252093395631442 1.5825333553392575 10.928571428571431 3.647841263254461 16.020833333333339 0.68301270189221941 10.020833333333334 0.87500000000000011 4.2588928668237651 19.604166666666668
decision_type=2 2 2 2 2 2 2 2 2 2 2 2 2 2 2 2 2 2 2 2 2 2 2 2 2 2 2 2 2 2
left_child=4 10 3 6 -1 -4 19 -8 -7 -10 11 12 13 -2 18 -12 -14 -6 -5 -3 -17 22 25 24 -23 -19 -25 28 -13 -22
right_child=1 2 5 14 17 8 7 -9 9 -11 15 27 16 -15 -16 20 -18 21 -20 -21 29 23 -24 26 -26 -27 -28 -29 -30 -31
leaf_value=-0.027001332394199246 0.0019123931067026347 0.072050682832668356 0.23076124147132593 0.033591684789910245 -0.01388301510177466 -0.015106107823310361 -0.010658039451861867 -0.14365083394306047 0.044901254211817149 0.11733954492219761 -0.023421426771734005 0.028966034479123312 -0.00051058229804038999 -0.042313231937907037 0.1863872954249382 0.14706770453172235 0.15351838167934193 -0.011635107112935833 0.11715108056366444 -0.030691760405898095 0.110817417264722 0.017697962193721738 -0.00048175285991239103 -0.11504827544093132 -0.044082213794955839 -0.055362033814243566 0.012324579645480428 0.011655169339829822 0.13382445151607197 -0.0040342781944452113
leaf_weight=2872 2592 154 27 975 3752 93 813 35 336 177 39 507 25 466 20 52 42 397 50 34 36 1259 2203 35 104 216 28 2834 30 37
leaf_count=2872 2592 154 27 975 3752 93 813 35 336 177 39 507 25 466 20 52 42 397 50 34 36 1259 2203 35 104 216 28 2834 30 37
internal_value=4.83375e-06 0.0142263 0.0292477 0.0185952 -0.0122639 0.0642679 -0.00351398 -0.0161471 0.0568499 0.0698946 0.00810503 0.00668184 -0.00266433 -0.00482703 0.0405141 0.0644771 0.0960449 -0.00696924 0.0376678 0.0534696 0.0919014 -0.000854091 -0.00626372 0.0098286 0.012984 -0.027043 -0.0584381 0.015346 0.034824 0.0526049
internal_weight=20240 9374 2714 2081 10866 633 1036 848 606 513 6660 6496 3125 3058 1045 164 67 7994 1025 188 125 4242 2816 1426 1363 613 63 3371 537 73
internal_count=20240 9374 2714 2081 10866 633 1036 848 606 513 6660 6496 3125 3058 1045 164 67 7994 1025 188 125 4242 2816 1426 1363 613 63 3371 537 73
is_linear=0
shrinkage=0.05


Tree=65
num_leaves=31
num_cat=2
split_feature=23 22 0 42 50 45 29 45 26 27 40 23 24 6 50 45 48 18 26 13 6 37 32 42 27 29 42 45 29 27
split_gain=1277.88 362.274 287.576 231.332 227.441 393.87 351.745 237.251 234.162 205.82 186.526 165.575 159.273 136.562 135.97 222.226 223.987 184.251 250.406 226.373 151.085 146.048 127.157 118.317 160.42 119.596 117.083 111.384 107.655 103.93
threshold=13.687500000000002 19.895833333333339 8.6458333333333339 98.071428571428584 0 16.500000000000004 5.9402150625030243 24.500000000000004 22.912202380952383 6.4379454835806023 23.500000000000004 34.187500000000007 30.333333333333339 0.27226426831164802 1 35.500000000000007 0.94642857142857151 -0.24999999999999994 10.904761904761907 225.50000000000003 0.64647009966777425 91.50833333333334 1.5000000000000002 60.071428571428577 0.77730613052079323 1.1214894850746815 82.500000000000014 10.500000000000002 3.4033775890694851 5.0542260428078469
decision_type=2 2 2 2 1 2 2 2 2 2 2 2 2 2 1 2 2 2 2 2 2 2 2 2 2 2 2 2 2 2
left_child=2 14 -1 9 5 6 -5 11 -9 12 -7 -6 13 -3 17 22 -17 18 -2 -20 -19 -22 27 24 -4 -25 -11 -16 -26 -27
right_child=1 3 23 4 7 10 -8 8 -10 26 -12 -13 -14 -15 15 16 -18 20 19 -21 21 -23 -24 25 28 29 -28 -29 -30 -31
leaf_value=-0.02154686894181131 0.1254357036110014 0.12744897401758604 -0.085655905362004528 0.044895623436760408 0.0085478484367272727 0.16608301766705935 -0.13333682929133547 0.088863763862744985 0.027289580647688251 -0.0055629159510135655 0.030342840973068688 0.04514574614694454 0.14464834973216056 -0.0018472699157114211 -0.033720595143024598 -0.018920567899942398 0.17186193305067721 0.080800184486433876 -0.043857133714880571 -0.20130286693572996 0.0046047925977752762 -0.13417215106033145 0.0085511574496902019 -0.012490404754400152 -0.0095552237559171083 0.00509220692382217 -0.16174304592112701 0.010847902560793876 -0.080125252375025949 -0.095297577432714983
leaf_weight=4648 20 21 87 609 1986 99 29 229 474 20 34 366 20 742 359 25 40 60 263 25 195 21 4039 1631 792 3062 30 230 58 26
leaf_count=4648 20 21 87 609 1986 99 29 229 474 20 34 366 20 742 359 25 40 60 263 25 195 21 4039 1631 792 3062 30 230 58 26
internal_value=4.59206e-06 0.0127986 -0.0123325 0.0229595 0.0281581 0.0524309 0.0367941 0.0217894 0.0473472 -0.000918161 0.131383 0.0142429 0.00536235 0.00171134 0.00382774 0.00666147 0.098484 -0.0187373 -0.0456438 -0.0575243 0.0106099 -0.00888741 0.00538622 -0.00476031 -0.0209894 -0.00153788 -0.099271 -0.0163169 -0.0143706 0.00424696
internal_weight=20240 9936 10304 4659 3826 771 638 3055 703 833 133 2352 783 763 5277 4693 65 584 308 288 276 216 4628 5656 937 4719 50 589 850 3088
internal_count=20240 9936 10304 4659 3826 771 638 3055 703 833 133 2352 783 763 5277 4693 65 584 308 288 276 216 4628 5656 937 4719 50 589 850 3088
cat_boundaries=0 1 2
cat_threshold=1 80
is_linear=0
shrinkage=0.05


Tree=66
num_leaves=31
num_cat=1
split_feature=23 22 0 13 16 25 4 21 13 13 45 28 21 18 27 34 30 35 48 45 45 45 50 28 45 34 45 25 15 29
split_gain=1153.29 326.952 264.78 215.948 181.239 231.758 179.043 168.261 165.035 183.06 161.119 155.434 175.663 173.57 217.08 187.634 151.346 121.601 157.753 120.825 168.917 141.855 135.067 121.931 118.963 107.899 115.341 103.386 102.697 98.3845
threshold=13.687500000000002 19.895833333333339 6.479166666666667 67.500000000000014 -0.56174490092936669 3.879376475052394 0.72916666666666685 23.937500000000004 295.50000000000006 277.50000000000006 16.500000000000004 22.270833333333336 21.937500000000004 0.6830127018922193 6.4379454835806023 9.5000000000000018 0.63392857142857173 9.7857142857142865 0.91071428571428592 6.5000000000000009 1.0000000180025095e-35 4.5000000000000009 0 20.813194444444445 32.500000000000007 10.500000000000002 25.500000000000004 5.5020396740111357 0.6078576107927941 2.3207241689741012
decision_type=2 2 2 2 2 2 2 2 2 2 2 2 2 2 2 2 2 2 2 2 2 2 1 2 2 2 2 2 2 2
left_child=2 11 -1 6 5 7 27 -5 9 -6 -7 12 28 14 15 -13 -10 18 -8 20 -4 -22 29 24 -24 26 -14 -3 -2 -21
right_child=1 3 19 4 8 10 17 -9 16 -11 -12 13 25 -15 -16 -17 -18 -19 -20 22 21 -23 23 -25 -26 -27 -28 -29 -30 -31
leaf_value=-0.023000819646112877 -0.0012266123047241998 0.072803081241261683 -0.0063544713380844836 0.038749090667608455 0.0054453567645435979 0.028020525370186695 0.042020916984289551 -0.0071100351244600098 0.053882097992932469 -0.059863481731161683 0.098912731198272569 -0.084598342196361448 0.0058622833793523961 0.04589924026152184 0.10286861995146389 0.048320449389997994 -0.0027737103215337774 0.051140534350027647 -0.022157200885093993 0.0014836844155702313 -0.052034488274001617 -0.010956187180046487 -0.0039862892153524733 -0.10263197325891066 0.10152683241499796 0.14449011081457139 0.077011448473455965 -0.034040353555853171 0.014972865854920228 0.040962867155409095
leaf_weight=3455 3338 400 2797 444 1825 142 176 364 328 114 184 185 138 58 21 31 184 264 210 305 429 412 2521 31 27 25 97 24 1384 327
leaf_count=3455 3338 400 2797 444 1825 142 176 364 328 114 184 185 138 58 21 31 184 264 210 305 429 412 2521 31 27 25 97 24 1384 327
internal_value=4.36248e-06 0.0121587 -0.0117159 0.0218115 0.0159196 0.0324474 0.0414786 0.0180898 0.00827267 0.00160564 0.0680333 0.00363635 0.00572448 -0.0316283 -0.0506013 -0.065522 0.0335214 0.0249904 0.00710536 -0.00602316 -0.0122623 -0.0319105 0.00104565 -0.00405168 -0.00286821 0.045736 0.0352302 0.0667553 0.00352139 0.0215691
internal_weight=20240 9936 10304 4659 3585 1134 1074 808 2451 1939 326 5277 4982 295 237 216 512 650 386 6849 3638 841 3211 2579 2548 260 235 424 4722 632
internal_count=20240 9936 10304 4659 3585 1134 1074 808 2451 1939 326 5277 4982 295 237 216 512 650 386 6849 3638 841 3211 2579 2548 260 235 424 4722 632
cat_boundaries=0 1
cat_threshold=33
is_linear=0
shrinkage=0.05


Tree=67
num_leaves=31
num_cat=1
split_feature=1 45 16 32 50 15 9 42 45 6 45 36 14 28 28 30 42 14 28 36 42 35 44 24 1 1 45 1 46 6
split_gain=1049.9 420.621 707.55 390.895 277.583 265.275 247.291 247.082 233.507 193.305 183.424 205.203 178.979 196.829 296.425 178.756 202.749 199.672 177.889 238.681 200.628 170.777 160.695 144.88 141.994 133.792 106.64 129.149 97.3045 92.1532
threshold=12.97916666666667 10.500000000000002 1.0000000180025095e-35 4.5000000000000009 0 0.6078576107927941 0.98789290935672525 86.071428571428584 33.500000000000007 0.94228245507773079 17.500000000000004 4.9285714285714297 45.500000000000007 30.954166666666669 29.695833333333336 1.0000000180025095e-35 124.71428571428574 18.500000000000004 19.415972222222226 3.9285714285714293 99.928571428571445 4.6428571428571432 9.5000000000000018 6.8898809523809534 37.979166666666679 27.937500000000004 7.5000000000000009 10.97916666666667 0.87500000000000011 0.826471956406167
decision_type=2 2 2 2 1 2 2 2 2 2 2 2 2 2 2 2 2 2 2 2 2 2 2 2 2 2 2 2 2 2
left_child=9 3 4 18 10 6 29 21 -9 26 24 -12 15 14 -14 16 -5 -17 23 -20 -21 -6 28 -2 -3 -8 -1 -28 -7 -4
right_child=1 2 5 12 7 22 25 8 -10 -11 11 -13 13 -15 -16 17 -18 -19 19 20 -22 -23 -24 -25 -26 -27 27 -29 -30 -31
leaf_value=-0.026865721256001479 0.094410172738652265 0.052986913926110157 0.067764414199627934 0.029615862641541403 -0.0099578943487037639 0.091143223936440518 0.0038134208904168666 0.016440319428606562 0.079577773457832554 -0.0039986267804560799 0.064173401636306679 0.15048074184451254 0.037336221232016617 0.12667754325887254 -0.15926909059286121 0.015508121168676095 0.15450539648429387 -0.0095541844154186234 -0.10126067961733626 -0.095816108887431348 0.00037222017376670538 -0.1500313263386488 -0.093375606338183093 -0.0064556663790703217 0.0068776474883192945 -0.03498454347607563 -0.01727063155981929 0.015333225038019333 0.024358174550907635 -0.0022637020470006619
leaf_weight=2686 36 554 110 334 68 61 313 826 178 2981 495 80 463 58 20 1914 36 1359 114 67 284 32 27 3210 239 766 1973 359 515 82
leaf_count=2686 36 554 110 334 68 61 313 826 178 2981 495 80 463 58 20 1914 36 1359 114 67 284 32 27 3210 239 766 1973 359 515 82
internal_value=4.14436e-06 0.00920966 0.0217018 0.00233303 0.0392675 -0.00146907 -0.0144265 0.0199878 0.027634 -0.0140832 0.0542836 0.0761814 0.0128109 0.0396462 0.0291952 0.00882578 0.0417673 0.00510187 -0.00948036 -0.0384036 -0.0179885 -0.0547814 0.0258425 -0.00533701 0.0390902 -0.0237299 -0.0200741 -0.0122514 0.0314309 0.0378566
internal_weight=20240 12241 4346 7895 2472 1874 1271 1104 1004 7999 1368 575 4184 541 483 3643 370 3273 3711 465 351 100 603 3246 793 1079 5018 2332 576 192
internal_count=20240 12241 4346 7895 2472 1874 1271 1104 1004 7999 1368 575 4184 541 483 3643 370 3273 3711 465 351 100 603 3246 793 1079 5018 2332 576 192
cat_boundaries=0 1
cat_threshold=33
is_linear=0
shrinkage=0.05


Tree=68
num_leaves=31
num_cat=1
split_feature=24 27 49 8 37 28 24 13 30 12 26 13 29 35 43 22 42 42 28 36 29 13 14 29 42 13 29 20 27 13
split_gain=951.516 305.49 297.941 246.465 260.189 249.353 336.16 238.936 259.973 214.107 196.163 432.638 394.29 352.821 264.634 259.773 282.699 249.978 191.539 168.797 165.303 161.195 199.596 252.056 149.41 114.888 114.641 113.443 106.957 101
threshold=15.520833333333334 1.0837757090901261 0 0.098611111111111135 57.162500000000009 30.093750000000004 24.633928571428577 36.500000000000007 0.0059523809523809408 3.5000000000000004 22.627976190476193 78.500000000000014 4.3800444907821889 7.5000000000000009 16.214285714285719 21.187500000000004 98.071428571428584 128.21428571428575 22.550694444444449 1.5000000000000002 4.2829232393001426 57.500000000000007 34.500000000000007 4.660508174669407 90.357142857142875 317.50000000000006 2.610934690940264 18.562500000000004 4.2017683437988742 178.50000000000003
decision_type=2 2 1 2 2 2 2 2 2 2 2 2 2 2 2 2 2 2 2 2 2 2 2 2 2 2 2 2 2 2
left_child=1 26 3 4 5 6 -2 -6 -9 -7 15 17 13 -13 -14 19 18 24 -17 -4 -19 -3 27 28 -12 -21 -1 29 -24 -23
right_child=2 21 10 -5 7 9 -8 8 -10 -11 11 12 14 -15 -16 16 -18 20 -20 25 -22 22 23 -25 -26 -27 -28 -29 -30 -31
leaf_value=-0.017558622875345476 0.0052529132407044578 0.024699667941113668 -0.065029290972686393 -0.11294696155819112 0.088619461084721296 0.015475435155751442 -0.10396136796017262 0.065442639600300417 0.021283435553442916 0.17048313139405635 -0.041029344222536596 -0.14233647175405148 0.012253798027282299 0.037611011886859641 -0.074524030782139081 0.029489756793175878 0.083906503023098267 0.0070123876651955984 -0.081382397364596945 0.0043432775892511127 -0.098630959199120613 -0.0056832174121412378 0.010280514962277283 0.16524291004125891 0.073604872667389673 0.031158118287773096 -0.12487956511974335 0.077210882940405123 -0.076910675524009597 -0.022759543806791876
leaf_weight=5336 196 525 82 32 177 109 110 398 2050 28 33 137 271 34 130 190 236 162 49 3436 48 2931 1530 26 205 452 25 37 36 1229
leaf_count=5336 196 525 82 32 177 109 110 398 2050 28 33 137 271 34 130 190 236 162 49 3436 48 2931 1530 26 205 452 25 37 36 1229
internal_value=3.93715e-06 -0.00928162 0.0126611 0.025017 0.0265375 -0.00890706 -0.0340071 0.0325192 0.0284629 0.0471558 0.00559633 -0.0141685 -0.0429872 -0.106557 -0.0158787 0.0101444 0.0450889 0.0226267 0.00675865 0.00596337 -0.0171347 -0.00182897 -0.00423484 0.0108396 0.0577102 0.00746064 -0.0180591 -0.00995287 0.00827612 -0.0107281
internal_weight=20240 11675 8565 3100 3068 443 306 2625 2448 137 5465 1020 572 171 401 4445 475 448 239 3970 210 6314 5789 1592 238 3888 5361 4197 1566 4160
internal_count=20240 11675 8565 3100 3068 443 306 2625 2448 137 5465 1020 572 171 401 4445 475 448 239 3970 210 6314 5789 1592 238 3888 5361 4197 1566 4160
cat_boundaries=0 1
cat_threshold=4
is_linear=0
shrinkage=0.05


Tree=69
num_leaves=31
num_cat=2
split_feature=1 22 38 10 45 10 37 37 24 1 37 7 7 9 37 27 39 31 45 50 26 16 23 7 29 36 45 1 40 49
split_gain=872.557 259.486 228.142 242.62 332.221 412.714 268.53 258.276 293.34 228.403 225.686 206.092 188.647 175.153 156.786 145.68 132.972 132.758 111.283 146.62 118.984 117.856 109.786 99.6666 93.8047 95.7397 93.0166 92.8482 79.4333 74.0201
threshold=17.937500000000004 5.6458333333333348 192.50000000000003 1.0000000180025095e-35 10.500000000000002 4.5000000000000009 66.662500000000009 79.375000000000014 19.830357142857149 41.145833333333336 65.862500000000026 0.22425270731345495 0.44297753923688965 0.9855244252873564 90.045833333333363 4.8268713389874032 45.500000000000007 4.5000000000000009 6.5000000000000009 0 15.483630952380956 1.0000000180025095e-35 23.520833333333339 0.39224528593850172 2.7599771199359227 5.5000000000000009 23.500000000000004 11.895833333333334 13.500000000000002 1
decision_type=2 2 2 2 2 2 2 2 2 2 2 2 2 2 2 2 2 2 2 1 2 2 2 2 2 2 2 2 2 1
left_child=1 -1 3 10 7 6 -6 9 -9 -5 12 15 23 -7 -13 24 22 18 19 29 -21 27 -12 -2 25 -4 -18 -20 -14 -3
right_child=2 17 11 4 5 13 -8 8 -10 -11 16 14 28 -15 -16 -17 26 -19 21 20 -22 -23 -24 -25 -26 -27 -28 -29 -30 -31
leaf_value=-0.020753163950585227 0.021846983419045021 -0.00097302658179124083 -0.05708469733959292 0.010705594855086528 0.07540357176900947 0.051264949653139213 0.029674543793008396 -0.010302085048356059 -0.10675143694244574 -0.088788923189454416 -0.028412387317927307 0.147038176715374 0.0058917529881000524 -0.0079776080918290936 0.021261112140239898 -0.067407861833150187 -0.026561390909742799 0.0049760562703020095 -0.0013308671127488026 -0.031149787336565732 -0.12060983572620898 -0.012590404281896431 -0.082473743580386893 0.12491181102395058 0.060533038045668119 0.033382703845649411 0.07291412302788268 0.024358643541625397 -0.095392202061353903 -0.016190642872148036
leaf_weight=3148 380 1469 41 2583 388 144 1860 336 103 59 387 75 32 934 37 36 47 2793 848 525 40 1064 124 25 199 102 47 601 49 1764
leaf_count=3148 380 1469 41 2583 388 144 1860 336 103 59 387 75 32 934 37 36 47 2793 848 525 40 1064 124 25 199 102 47 601 49 1764
internal_value=3.74027e-06 -0.00837883 0.0128609 0.0107008 0.0144123 0.0253705 0.0375673 0.00258264 -0.0329314 0.00848373 -0.0110951 0.0459153 0.0142777 -6.39455e-05 0.105487 0.0282644 -0.0314773 -0.0041 -0.00811671 -0.0135175 -0.0368314 4.56742e-05 -0.041531 0.028209 0.0383352 0.0074445 0.0231764 0.00932434 -0.0553788 -0.00930043
internal_weight=20240 12252 7988 7498 6407 3326 2248 3081 439 2642 1091 490 486 1078 112 378 605 9104 6311 3798 565 2513 511 405 342 143 94 1449 81 3233
internal_count=20240 12252 7988 7498 6407 3326 2248 3081 439 2642 1091 490 486 1078 112 378 605 9104 6311 3798 565 2513 511 405 342 143 94 1449 81 3233
cat_boundaries=0 1 2
cat_threshold=29 21
is_linear=0
shrinkage=0.05


Tree=70
num_leaves=31
num_cat=1
split_feature=1 1 16 13 50 30 13 22 27 20 24 32 37 21 29 27 42 6 48 25 43 20 24 25 21 43 37 29 13 43
split_gain=789.134 324.62 227.965 197.228 246.965 217.685 210.468 257.911 232.035 200.325 200.204 195.592 175.604 171.317 219.528 161.599 161.595 159.089 152.676 144.595 142.185 145.462 136.674 135.961 127.878 116.331 112.405 82.2984 60.2184 59.2164
threshold=12.97916666666667 34.520833333333336 1.0000000180025095e-35 317.50000000000006 0 0.20238095238095247 77.500000000000014 30.104166666666668 2.6239141319306039 26.229166666666668 8.4077380952380967 5.5000000000000009 57.162500000000009 27.354166666666668 4.9935732012093332 2.9441227364849776 89.500000000000014 0.94228245507773079 0.98214285714285732 1.7922433496142183 12.928571428571431 26.229166666666668 26.377976190476193 3.7524407230041805 17.145833333333339 9.7857142857142865 57.162500000000009 2.1790524324785463 337.50000000000006 10.928571428571431
decision_type=2 2 2 2 1 2 2 2 2 2 2 2 2 2 2 2 2 2 2 2 2 2 2 2 2 2 2 2 2 2
left_child=17 3 12 6 5 -5 8 10 25 -10 -8 18 15 14 -6 27 23 -1 19 -4 -13 -22 -18 -14 -17 -2 -20 -3 -7 -19
right_child=1 2 11 4 13 28 7 -9 9 -11 -12 20 16 -15 -16 24 22 29 26 -21 21 -23 -24 -25 -26 -27 -28 -29 -30 -31
leaf_value=-0.017644964405568338 -0.08497263494879008 -0.027171687934209002 0.046413840491462639 0.11480580856291096 -0.021589099584057428 0.052410064378450506 0.050613203526022492 -0.13340041588403678 0.061845809686208897 -0.0092615140468946516 -0.0042407224159342503 -0.069178505433457244 -0.01599441743123212 -0.14410399130235116 0.1302120958213453 0.072996746525168424 0.074366126792870912 -0.014482350489708149 -0.090620986761694611 -0.041156439778879485 0.068050923225873625 0.014006746940384186 0.037500114429027787 0.049951335627299087 -0.049385903248952527 0.0072230168555054014 0.027209253694582367 0.086677616207223196 0.018337294641586441 0.0012868486500767157
leaf_weight=5018 35 22 54 89 202 203 171 38 388 133 6104 35 196 24 27 25 386 822 22 371 203 322 721 130 146 1525 253 57 359 2159
leaf_count=5018 35 22 54 89 202 203 171 38 388 133 6104 35 196 24 27 25 386 822 22 371 203 322 721 130 146 1525 253 57 359 2159
internal_value=3.12929e-06 0.00798398 0.0224567 0.0034031 0.0255932 0.0415129 0.00101331 -0.00353235 0.0148032 0.0436937 -0.0027459 0.00637369 0.0344974 -0.0163641 -0.00369114 -0.0041703 0.0412433 -0.0122101 -0.0112463 -0.0300299 0.0283987 0.0349038 0.0503549 0.010303 -0.0314937 0.00515452 0.0177828 0.0549727 0.0306447 -0.00306145
internal_weight=20240 12241 2943 9298 904 651 8394 6313 2081 521 6275 1260 1683 253 229 250 1433 7999 700 425 560 525 1107 326 171 1560 275 79 562 2981
internal_count=20240 12241 2943 9298 904 651 8394 6313 2081 521 6275 1260 1683 253 229 250 1433 7999 700 425 560 525 1107 326 171 1560 275 79 562 2981
cat_boundaries=0 1
cat_threshold=141
is_linear=0
shrinkage=0.05


Tree=71
num_leaves=31
num_cat=2
split_feature=29 18 6 15 38 16 45 23 36 37 30 27 14 50 34 43 37 50 14 45 26 45 29 14 24 45 42 23 28 45
split_gain=727.222 376.83 335.891 258.938 221.153 193.996 390.198 188.939 176.001 191.803 183.229 177.967 185.794 169.209 154.291 153.437 150.142 148.621 163.219 150.134 135.236 293.675 151.095 124.58 132.398 123.359 96.9845 102.143 93.8018 112.863
threshold=1.8747043489528601 0.25000000000000017 0.9980099482784569 1.0000000180025095e-35 87.500000000000014 -0.56174490092936669 4.5000000000000009 33.479166666666679 6.3571428571428585 103.72500000000001 0.017857142857142839 1.3648056985065331 49.500000000000007 0 9.5000000000000018 17.500000000000004 56.362500000000004 1 34.500000000000007 28.500000000000004 22.251488095238098 19.500000000000004 3.9014947682245289 49.500000000000007 27.529761904761909 20.500000000000004 78.500000000000014 16.270833333333339 10.175694444444447 10.500000000000002
decision_type=2 2 2 2 2 2 2 2 2 2 2 2 2 1 2 2 2 1 2 2 2 2 2 2 2 2 2 2 2 2
left_child=2 3 13 5 20 6 14 16 9 11 -10 -3 -13 26 -2 -9 -6 19 -19 -7 22 -22 -5 -12 -25 -8 27 -1 -15 -30
right_child=1 8 -4 4 7 17 25 15 10 -11 23 12 -14 28 -16 -17 -18 18 -20 -21 21 -23 -24 24 -26 -27 -28 -29 29 -31
leaf_value=-0.013077797077312457 -0.012858012009220893 -0.031890598848918116 0.0025847467894371161 0.000184523972136009 -0.024176279427542999 -0.0026919236966897846 0.023749758507814502 -0.015827817198905077 0.18081207647919656 0.086567865862069951 0.032404394723884886 0.023740421384448474 -0.021522379099290327 -0.018747963174293534 -0.13376366250616098 0.10559147547294455 0.027904852487995981 -0.028122383153794818 0.017919193277544775 0.10343886085731142 -0.10258576333212355 0.02996735175331243 0.046188339065624084 0.018699926094097249 0.14465482119056913 0.071390039852509898 0.0067158137408136961 -0.10164118071689326 -0.042498665983451686 0.021237117161141024
leaf_weight=767 458 193 3351 1380 157 1672 385 33 24 95 618 1870 258 3447 28 123 1167 1407 223 34 90 78 205 34 54 210 962 34 807 76
leaf_count=767 458 193 3351 1380 157 1672 385 33 24 95 618 1870 258 3447 28 123 1167 1407 223 34 90 78 205 34 54 210 962 34 807 76
internal_value=2.97281e-06 0.00886728 -0.0101303 0.00287683 0.013629 -0.0049932 0.0134146 0.0278613 0.023434 0.0169333 0.0449487 0.0140831 0.0182527 -0.0171233 -0.0198238 0.0799066 0.0217291 -0.0109581 -0.0216904 -0.000573412 0.00161323 -0.0410432 0.00613454 0.0403301 0.0959904 0.040564 -0.00396269 -0.016837 -0.0224209 -0.0370129
internal_weight=20240 10796 9444 7650 3233 4417 1081 1480 3146 2416 730 2321 2128 6093 486 156 1324 3336 1630 1706 1753 168 1585 706 88 595 1763 801 4330 883
internal_count=20240 10796 9444 7650 3233 4417 1081 1480 3146 2416 730 2321 2128 6093 486 156 1324 3336 1630 1706 1753 168 1585 706 88 595 1763 801 4330 883
cat_boundaries=0 1 2
cat_threshold=201 44
is_linear=0
shrinkage=0.05


Tree=72
num_leaves=31
num_cat=4
split_feature=2 31 13 15 16 45 23 42 22 43 9 37 29 50 49 29 29 45 20 36 21 45 0 45 50 26 9 38 29 49
split_gain=662.674 248.691 222.283 205.704 218.389 289.639 160.532 218.079 225.467 159.37 158.903 151.647 150.017 140.304 136.58 142.666 141.95 127.594 127.509 120.101 116.253 115.278 114.158 100.01 85.3679 149.529 79.5029 79.4676 94.4542 75.6706
threshold=19.000000000000004 1.5000000000000002 47.500000000000007 1.0000000180025095e-35 -0.56174490092936669 16.500000000000004 23.020833333333339 70.071428571428584 18.729166666666668 14.642857142857144 0.98569568452380973 52.737500000000004 5.1096455838367563 0 1 4.2829232393001426 1.6214483720333186 18.500000000000004 22.104166666666668 7.3571428571428585 23.937500000000004 29.500000000000004 26.229166666666668 17.500000000000004 2 8.4508928571428594 0.99283661740558304 56.500000000000007 1.3282789098138461 3
decision_type=2 2 2 2 2 2 2 2 2 2 2 2 2 1 1 2 2 2 2 2 2 2 2 2 1 2 2 2 2 1
left_child=1 -1 14 4 5 26 7 8 -5 17 23 19 -7 -12 16 21 -2 -8 -17 -3 -9 -16 -11 -6 25 -13 -4 -26 -29 -27
right_child=2 11 3 6 10 12 9 20 -10 22 13 24 -14 -15 15 18 -18 -19 -20 -21 -22 -23 -24 -25 27 29 -28 28 -30 -31
leaf_value=-0.018139419748060725 -0.039811744415783328 -0.014374874115365322 -0.037231266039327297 0.02268759798957035 0.0068294113730920153 0.037288354798643425 0.03185344718488204 0.018797486138035415 -0.20462145681182542 0.0051390164040583265 0.0024821714590363467 0.13856554302302274 0.10868525530266411 -0.02140407831107586 0.016605179893264498 0.039623000337318942 0.070354739096081628 0.10464639122928343 -0.1123809009287003 -0.13760003298521042 -0.017960780151048326 0.10311380626426803 0.03876240029497522 0.067327807193468189 -0.016104910289545339 0.014931166914278036 0.0096037183922000127 -0.0081024883416665194 0.0060136051473393178 -0.0042572088694453414
leaf_weight=3462 32 1748 116 20 183 264 117 1124 24 447 1219 22 102 1233 267 22 339 124 37 20 266 45 580 109 936 1321 414 2112 2700 835
leaf_count=3462 32 1748 116 20 183 264 117 1124 24 447 1219 22 102 1233 267 22 339 124 37 20 266 45 580 109 936 1321 414 2112 2700 835
internal_value=2.82417e-06 -0.00663601 0.0123321 0.00930258 0.00154422 0.0229767 0.0197542 0.00829403 -0.101299 0.0327148 -0.00545414 -0.00252782 0.0571859 -0.00960631 0.0382259 0.0151898 0.0592553 0.0693071 -0.0557015 -0.0157688 0.0117632 0.0290824 0.0241279 0.0294127 0.000425759 0.00883203 -0.000646957 -0.00277004 -0.000181987 0.00754918
internal_weight=20240 13156 7084 6342 3640 896 2702 1434 44 1268 2744 9694 366 2452 742 371 371 241 59 1768 1390 312 1027 292 7926 2178 530 5748 4812 2156
internal_count=20240 13156 7084 6342 3640 896 2702 1434 44 1268 2744 9694 366 2452 742 371 371 241 59 1768 1390 312 1027 292 7926 2178 530 5748 4812 2156
cat_boundaries=0 1 2 3 4
cat_threshold=44 5 9 9
is_linear=0
shrinkage=0.05


Tree=73
num_leaves=31
num_cat=2
split_feature=29 18 6 50 45 36 18 24 1 45 29 38 36 37 30 27 14 28 50 14 24 24 21 26 28 13 14 29 43 29
split_gain=606.941 327.474 291.21 242.185 433.559 289.352 326.712 230.067 204.638 203.898 172.993 168.854 152.645 173.128 166.9 158.542 162.449 149.63 145.992 115.181 118.474 112.102 103.246 146.234 90.256 105.723 117.417 90.0303 89.2927 87.7372
threshold=1.8747043489528601 0.25000000000000017 0.9980099482784569 0 22.500000000000004 4.3571428571428585 -0.9330127018922193 19.1875 41.770833333333336 37.500000000000007 4.8437969857271197 144.50000000000003 6.3571428571428585 103.72500000000001 0.017857142857142839 1.3648056985065331 49.500000000000007 19.817361111111111 1 49.500000000000007 27.529761904761909 24.211309523809529 21.020833333333339 17.108630952380956 10.175694444444447 131.50000000000003 44.500000000000007 1.6370994398897849 11.357142857142859 3.8646108481761563
decision_type=2 2 2 1 2 2 2 2 2 2 2 2 2 2 2 2 2 2 1 2 2 2 2 2 2 2 2 2 2 2
left_child=2 3 18 4 5 8 -7 -6 -2 11 -9 17 13 15 -14 -3 -17 -5 -1 -16 -21 -13 23 -11 -20 -26 -27 28 -4 -15
right_child=1 12 27 9 7 6 -8 10 -10 22 -12 21 14 29 19 16 -18 -19 24 20 -22 -23 -24 -25 25 26 -28 -29 -30 -31
leaf_value=-0.0035437009133916196 0.0011065675839205542 -0.030474173740020573 -0.020795658055534919 -0.0066335402719390774 0.21527654194831847 -0.024435355449296373 0.036001830231404457 0.015321611996574053 -0.04412769209919172 0.1017035161295245 0.096740085424178029 0.038619635862291751 0.17138469233856693 0.034236097427007436 0.029687434695374739 0.021984838766785447 -0.02033884982766165 -0.031774939576654185 -0.017080983298455792 0.017714274937615678 0.13686204569207297 -0.016448262212186184 0.10844430039232632 -0.0387974972796181 -0.021857787985604126 -0.0800426436730763 -0.016959875050866813 0.026659204634394897 0.0034046650420757711 0.13034291893560837
leaf_weight=1763 1988 193 448 2324 25 278 1143 129 286 31 132 284 24 48 618 1870 258 794 3447 34 54 137 53 46 560 209 114 348 2555 47
leaf_count=1763 1988 193 448 2324 25 278 1143 129 286 31 132 284 24 48 618 1870 258 794 3447 34 54 137 53 46 560 209 114 348 2555 47
internal_value=2.4792e-06 0.00810061 -0.00925497 0.00251622 0.011041 0.00647805 0.0241781 0.0703779 -0.00458253 -0.00674515 0.0564988 -0.00902263 0.0216799 0.0156259 0.0417163 0.012918 0.0168535 -0.0130358 -0.0157663 0.0373083 0.0908277 0.0206997 0.0547359 0.0177678 -0.0206868 -0.0349974 -0.0577781 0.00258426 -0.00020564 0.0817837
internal_weight=20240 10796 9444 7650 3981 3695 1421 286 2274 3669 261 3539 3146 2416 730 2321 2128 3118 6093 706 88 421 130 77 4330 883 323 3351 3003 95
internal_count=20240 10796 9444 7650 3981 3695 1421 286 2274 3669 261 3539 3146 2416 730 2321 2128 3118 6093 706 88 421 130 77 4330 883 323 3351 3003 95
cat_boundaries=0 1 2
cat_threshold=37 201
is_linear=0
shrinkage=0.05


Tree=74
num_leaves=31
num_cat=2
split_feature=31 45 41 50 10 36 6 50 23 27 6 25 37 29 22 45 23 27 40 25 25 29 39 25 35 27 45 6 45 28
split_gain=555.548 321.289 206.219 200.161 211.872 200.525 198.913 171.484 271.902 150.238 136.673 135.839 129.809 123.809 123.235 122.865 121.127 135.006 165.152 127.062 152.293 122.174 122.009 121.048 124.717 140.212 122.766 120.43 111.471 98.8107
threshold=5.5000000000000009 13.500000000000002 194.50000000000003 0 5.5000000000000009 5.0714285714285721 0.88910292297719373 1 20.020833333333339 2.7283329234201736 0.99619046236902453 5.9444174996093997 100.36250000000001 4.6268550377975393 29.770833333333339 28.500000000000004 20.562500000000004 5.9506337651009504 16.500000000000004 4.0954933024629447 2.8810753333972232 5.4745539574070348 67.500000000000014 3.0733092629649827 3.3571428571428572 2.5482232800772722 8.5000000000000018 0.65323403644378242 34.500000000000007 23.336111111111112
decision_type=2 2 2 1 2 2 2 1 2 2 2 2 2 2 2 2 2 2 2 2 2 2 2 2 2 2 2 2 2 2
left_child=1 7 16 4 5 15 13 23 9 10 -9 14 -6 -4 28 -3 -2 19 -19 20 -18 -20 -21 24 25 -1 -26 -7 -5 -10
right_child=2 3 6 11 12 27 -8 8 29 -11 -12 -13 -14 -15 -16 -17 17 18 21 22 -22 -23 -24 -25 26 -27 -28 -29 -30 -31
leaf_value=0.061460002706921174 0.0039985418076004305 0.029202269570017415 0.076655992671226469 0.00067691505214698914 -0.032551786294489196 0.2084275521337986 0.026058636836059215 -0.017473583818068513 -0.12286712455534143 0.022709466790175225 -0.0015754792765684607 -0.090335891125723725 0.077484998037107289 0.2051391867399216 -0.096217916569402151 0.11812015912894691 0.019479637063345594 0.012939777138437761 0.22816139877374686 0.044533604350552973 -0.011114189383488805 0.075612115232007851 -0.078753528610936235 -0.022819391191293746 -0.0027328918552073198 -0.0038500882984993804 0.042338442758378218 0.061780708110226061 0.04334915779519849 -0.044902047167283181
leaf_weight=188 3503 518 75 1831 165 28 266 5504 68 297 1792 40 32 25 31 42 1330 59 21 452 586 35 21 485 2242 146 162 28 167 101
leaf_count=188 3503 518 75 1831 165 28 266 5504 68 297 1792 40 32 25 31 42 1330 59 21 452 586 35 21 485 2242 146 162 28 167 101
internal_value=2.26769e-06 -0.00561346 0.0122215 0.0092452 0.0300876 0.0448923 0.0486592 -0.00951175 -0.0135285 -0.0121498 -0.0135688 0.000905507 -0.0146778 0.108777 0.00270872 0.0358711 0.0100014 0.0183992 0.0713153 0.015852 0.0101227 0.132818 0.03906 0.000203108 0.00428198 0.0329113 0.000304361 0.135104 0.00424361 -0.0762726
internal_weight=20240 13867 6373 2882 813 616 366 10985 7762 7593 7296 2069 197 100 2029 560 6007 2504 115 2389 1916 56 473 3223 2738 334 2404 56 1998 169
internal_count=20240 13867 6373 2882 813 616 366 10985 7762 7593 7296 2069 197 100 2029 560 6007 2504 115 2389 1916 56 473 3223 2738 334 2404 56 1998 169
cat_boundaries=0 1 2
cat_threshold=33 13
is_linear=0
shrinkage=0.05


Tree=75
num_leaves=31
num_cat=1
split_feature=1 31 38 6 10 45 10 37 37 24 1 37 7 0 37 27 9 23 48 37 6 18 27 50 42 35 25 25 45 26
split_gain=504.268 179.269 176.93 188.583 187.983 251.783 299.009 222.828 200.057 253.83 203.788 194.129 165.898 161.263 136.478 127.532 114.5 111.791 104.633 98.6731 98.308 97.0847 80.8177 80.5278 91.6713 174.833 79.115 79.0914 78.1657 110.992
threshold=17.937500000000004 1.5000000000000002 192.50000000000003 0.77548658352229793 1.0000000180025095e-35 10.500000000000002 4.5000000000000009 66.662500000000009 79.375000000000014 19.830357142857149 41.145833333333336 65.862500000000026 0.44297753923688965 21.937500000000004 90.045833333333363 4.7499547787569325 0.98733974358974375 23.520833333333339 0.98214285714285732 61.537500000000009 0.61254722367318204 0.6830127018922193 2.7283329234201736 0 69.642857142857153 3.6428571428571437 3.2351295181775015 3.171538388626038 5.5000000000000009 15.638392857142859
decision_type=2 2 2 2 2 2 2 2 2 2 2 2 2 2 2 2 2 2 2 2 2 2 2 1 2 2 2 2 2 2
left_child=1 26 4 14 11 8 7 -7 10 -10 -6 12 20 -8 -4 22 -13 -18 19 -3 -2 -17 -5 24 25 -20 -1 -25 29 -21
right_child=2 18 3 15 5 6 13 -9 9 -11 -12 16 -14 -15 -16 21 17 -19 23 28 -22 -23 -24 27 -26 -27 -28 -29 -30 -31
leaf_value=-0.015410398563554559 0.11933753616534747 0.012574448853586388 0.13463726356377204 0.0090273330806646662 0.0081348511481645937 0.065528868927293912 0.017804652584448188 0.023872554660837358 -0.0093632525527417403 -0.099082486614476425 -0.085845543071627617 0.052649899553029969 -0.053100985178241022 -0.020889845082846189 0.017288416644205919 -0.13262473785911094 -0.022278628202377301 -0.072109018097962108 -0.018497121479404861 -0.0065086759238624087 0.018833014115170237 0.019585418291389944 0.058141611348203143 -0.0006705218144731199 -0.010371894223693941 -0.094649609312415131 -0.088930702471249817 -0.06031370446363693 0.0042375069399970674 -0.050914218129133285
leaf_weight=3317 26 1589 75 177 2583 388 555 1860 336 103 59 39 81 523 37 22 411 155 306 1224 379 20 159 2237 1449 100 37 57 1777 159
leaf_count=3317 26 1589 75 177 2583 388 555 1860 336 103 59 39 81 523 37 22 411 155 306 1224 379 20 159 2237 1449 100 37 57 1777 159
internal_value=2.15431e-06 -0.00637036 0.00977632 0.0388853 0.00787403 0.011141 0.0206808 0.0310623 0.000842546 -0.0304136 0.00603612 -0.0113114 0.0122208 -0.000968281 0.0958702 0.0220008 -0.030215 -0.0359248 -0.00265711 0.0024108 0.0252852 -0.0601437 0.0322689 -0.00845789 -0.0161683 -0.0372539 -0.0162214 -0.00214316 -0.00269998 -0.0116139
internal_weight=20240 12252 7988 490 7498 6407 3326 2248 3081 439 2642 1091 486 1078 112 378 605 566 8898 4749 405 42 336 4149 1855 406 3354 2294 3160 1383
internal_count=20240 12252 7988 490 7498 6407 3326 2248 3081 439 2642 1091 486 1078 112 378 605 566 8898 4749 405 42 336 4149 1855 406 3354 2294 3160 1383
cat_boundaries=0 1
cat_threshold=6
is_linear=0
shrinkage=0.05


Tree=76
num_leaves=31
num_cat=1
split_feature=31 45 16 41 15 7 36 25 41 42 24 42 37 37 37 1 34 38 30 48 7 18 13 1 23 48 25 23 49 25
split_gain=461.635 276.24 188.249 183.41 183.201 179.374 155.332 145.142 131.153 177.435 131.113 257.753 141.553 130.63 127.809 121.241 129.795 113.244 185.79 195.212 131.983 124.744 226.365 114.611 113.135 116.767 106.619 102.041 109.572 101.353
threshold=5.5000000000000009 12.500000000000002 1.0000000180025095e-35 194.50000000000003 0.6078576107927941 0.11410618083008618 2.785714285714286 2.5237791039809863 55.500000000000007 86.500000000000014 24.833333333333339 148.71428571428575 64.612500000000011 57.162500000000009 96.925000000000026 31.604166666666668 7.5000000000000009 90.500000000000014 0.011904761904761913 0.87500000000000011 0.52209446176789598 -0.68301270189221952 201.50000000000003 31.854166666666668 19.854166666666668 0.94642857142857151 5.1508089939629746 28.729166666666668 0 2.9105945847330488
decision_type=2 2 2 2 2 2 2 2 2 2 2 2 2 2 2 2 2 2 2 2 2 2 2 2 2 2 2 2 1 2
left_child=1 6 7 17 15 -5 24 14 -9 -10 27 13 -13 -12 -3 -4 -17 -2 19 23 -21 22 -20 -19 25 -1 -23 28 -8 -27
right_child=3 2 4 5 -6 -7 10 8 9 -11 11 12 -14 -15 -16 16 -18 18 21 20 -22 26 -24 -25 -26 29 -28 -29 -30 -31
leaf_value=-0.00085824848634180313 -0.002146240372326164 0.0020270586902569874 -0.0035626220912987512 0.024042356758346938 0.024383439133808915 0.10259302255511285 -0.013184437963164167 0.13388061819202973 -0.021176907791220768 0.044977804398838063 -0.19513201517639336 0.10996090016640916 -0.036720615056784527 -0.062351767377833191 0.054300550300315137 -0.031136687809050764 -0.15104806832969189 0.06211854419112206 -0.0041979382210258955 0.054361805220873194 0.0025544504270864988 0.010801014265563298 -0.12996407706094415 -0.061295963549300253 -0.069518031142652037 -0.015837022648020796 0.061439630641015597 -0.091423119359339278 0.0060896197993456722 -0.070912426344173801
leaf_weight=1501 1642 1089 670 266 366 100 982 33 127 502 27 29 38 59 131 378 24 25 612 580 156 2770 38 76 90 4842 108 30 2864 85
leaf_count=1501 1642 1089 670 266 366 100 982 33 127 502 27 29 38 59 131 378 24 25 612 580 156 2770 38 76 90 4842 108 30 2864 85
internal_value=2.04657e-06 -0.00511707 0.0074611 0.0111407 -0.00615955 0.0455043 -0.00907644 0.0178684 0.0367182 0.0316207 -0.00135863 -0.0467571 0.0267684 -0.104039 0.00764003 -0.0165875 -0.0382956 0.00904698 0.0132576 0.0344359 0.0433809 0.00823314 -0.0115504 -0.0307478 -0.0138471 -0.0130676 0.0127013 0.000433414 0.00114992 -0.0167872
internal_weight=20240 13867 3320 6373 1438 366 10547 1882 662 629 4029 153 67 86 1220 1072 402 6007 4365 837 736 3528 650 101 6518 6428 2878 3876 3846 4927
internal_count=20240 13867 3320 6373 1438 366 10547 1882 662 629 4029 153 67 86 1220 1072 402 6007 4365 837 736 3528 650 101 6518 6428 2878 3876 3846 4927
cat_boundaries=0 1
cat_threshold=2
is_linear=0
shrinkage=0.05


Tree=77
num_leaves=31
num_cat=1
split_feature=50 45 3 36 45 1 13 45 16 13 13 18 43 42 27 1 30 35 24 25 48 45 37 23 25 35 20 42 13 45
split_gain=446.553 457.723 358.083 289.887 253.947 301.473 244.629 237.703 228.426 218.419 183.674 177.633 419.633 282.41 278.968 212.081 246.232 294.723 194.743 175.387 173.534 170.417 169.955 159.585 154.708 165.172 152.857 126.16 121.725 157.613
threshold=0 17.500000000000004 2.6875000000000004 5.0714285714285721 27.500000000000004 31.437500000000004 325.50000000000006 28.500000000000004 1.0000000180025095e-35 135.50000000000003 165.50000000000003 -0.68301270189221952 21.214285714285719 128.78571428571431 3.7915660325602634 41.312500000000007 0.25892857142857156 5.2142857142857153 23.55654761904762 4.3902559025345118 0.98214285714285732 12.500000000000002 103.26250000000002 27.812500000000004 5.7165824815765598 7.0714285714285721 25.354166666666668 156.07142857142858 349.50000000000006 24.500000000000004
decision_type=1 2 2 2 2 2 2 2 2 2 2 2 2 2 2 2 2 2 2 2 2 2 2 2 2 2 2 2 2 2
left_child=1 11 4 7 5 21 9 8 26 20 -5 12 13 18 -15 16 17 -13 -1 -14 -6 -2 -10 -11 25 -17 -3 -18 29 -7
right_child=2 3 -4 10 6 28 -8 -9 22 23 -12 15 19 14 -16 24 27 -19 -20 -21 -22 -23 -24 -25 -26 -27 -28 -29 -30 -31
leaf_value=-0.0028125260933527536 -0.011987573940794558 0.077171238450606541 -0.19274634076998787 0.15229732870014714 0.063746714276707361 -0.10373537466787781 0.1229377989585583 0.1028519421311806 -0.023281834356869195 -0.0033448501472254574 0.028263320857861447 0.012053530149402102 -0.059288051684160493 0.22172123072323979 0.013716866932809352 -0.041434973111257045 0.0014594664681422836 0.057449400898048411 -0.058985308436959087 -0.22351387030091782 -0.0067849571957732703 0.0038582487751381046 0.093107697596507416 -0.13041754995401089 -0.13017391724245889 0.043907517809783678 0.018016045038752697 0.02747206661826402 0.032288725674152377 -0.024302305520143151
leaf_weight=2378 6550 191 26 85 257 152 52 97 302 497 46 1062 37 27 40 215 3977 539 165 29 132 2290 35 26 35 77 255 528 32 106
leaf_count=2378 6550 191 26 85 257 152 52 97 302 497 46 1062 37 27 40 215 3977 539 165 29 132 2290 35 26 35 77 255 528 32 106
internal_value=1.76896e-06 0.0074249 -0.00742136 0.0393506 -0.00695136 -0.00952835 0.0174552 0.0290206 0.0198741 0.0114408 0.108743 0.00388964 -0.00693616 -0.00378759 0.0975395 0.00839296 0.0104939 0.0273367 -0.00645724 -0.131448 0.0398131 -0.00788272 -0.0111939 -0.00966204 -0.0308371 -0.0189303 0.0433493 0.00450822 -0.0596917 -0.0711001
internal_weight=20240 10120 10120 1011 10094 9130 964 880 783 912 131 9109 2676 2610 67 6433 6106 1601 2543 66 389 8840 337 523 327 292 446 4505 290 258
internal_count=20240 10120 10120 1011 10094 9130 964 880 783 912 131 9109 2676 2610 67 6433 6106 1601 2543 66 389 8840 337 523 327 292 446 4505 290 258
cat_boundaries=0 1
cat_threshold=45
is_linear=0
shrinkage=0.05


Tree=78
num_leaves=31
num_cat=2
split_feature=29 13 13 6 14 13 43 13 6 20 49 29 27 28 28 39 50 43 22 13 14 22 13 28 43 25 29 7 6 36
split_gain=433.611 271.057 280.929 433.597 217.627 387.784 321.808 280.618 215.898 206.017 200.442 190.41 138.705 128.639 238.043 126 109.315 108.204 100.891 101.328 113.318 100.289 125.224 109.249 99.0467 85.3643 82.0685 79.2566 94.344 77.3541
threshold=1.8747043489528601 79.500000000000014 87.500000000000014 0.75317160175946796 34.500000000000007 170.50000000000003 19.071428571428573 243.50000000000003 0.9980099482784569 22.812500000000004 0 4.7017353024896851 1.9254283925314728 24.964583333333337 28.202083333333338 45.500000000000007 1 18.642857142857149 10.270833333333334 131.50000000000003 36.500000000000007 20.062500000000004 52.500000000000007 13.72638888888889 27.500000000000004 3.3587695117682776 1.6370994398897849 0.20704743510151538 0.87908712252690047 10.500000000000002
decision_type=2 2 2 2 2 2 2 2 2 2 1 2 2 2 2 2 1 2 2 2 2 2 2 2 2 2 2 2 2 2
left_child=8 12 3 9 5 10 -7 11 16 -3 -4 -6 29 21 15 -15 -1 -16 -18 -20 -21 23 -23 -14 -9 -11 -10 28 -5 -2
right_child=1 2 4 27 7 6 -8 24 26 25 -12 -13 13 14 17 -17 18 -19 19 20 -22 22 -24 -25 -26 -27 -28 -29 -30 -31
leaf_value=-0.0028559541629003711 -0.0080347128662670367 -0.071677438630205065 0.026680415958296833 -0.057313435074308375 0.060004621220286936 -0.013902860624739312 -0.12363512940650834 0.013670022990796582 -0.00029272100371398563 -0.28624559421092272 0.0013094788177963647 0.22244465124039425 0.065714795502070461 -0.042962235914867211 0.15475753107596013 0.028702778612142023 -0.01397808490960707 0.037052677853850371 -0.020190044885043411 -0.092115871853457071 -0.030359999276434554 0.046058277736272135 0.11588998121650596 0.015646250146366544 -0.06112481904526551 -0.14015977006405592 0.025356742965215392 0.094678254780315219 0.022369035780429841 0.047702547404569001
leaf_weight=1763 392 72 1130 61 128 2109 69 2701 3003 20 2472 21 161 184 21 92 3488 278 537 128 177 198 95 337 45 20 348 21 95 74
leaf_count=1763 392 72 1130 61 128 2109 69 2701 3003 20 2472 21 161 184 21 92 3488 278 537 128 177 198 95 337 45 20 348 21 95 74
internal_value=1.68052e-06 0.00684649 0.00326486 -0.0452308 0.00488045 -0.000724249 -0.0173792 0.0160705 -0.00782303 -0.122222 0.00934642 0.0828989 0.0243714 0.0324071 0.0144107 -0.0190739 -0.0134295 0.0453196 -0.0176871 -0.033262 -0.0562772 0.0454892 0.0687 0.0318331 0.0124443 -0.213203 0.00237097 0.00348691 -0.00878885 0.000816268
internal_weight=20240 10796 8964 289 8675 5780 2178 2895 9444 112 3602 149 1832 1366 575 276 6093 299 4330 842 305 791 293 498 2746 40 3351 177 156 466
internal_count=20240 10796 8964 289 8675 5780 2178 2895 9444 112 3602 149 1832 1366 575 276 6093 299 4330 842 305 791 293 498 2746 40 3351 177 156 466
cat_boundaries=0 1 2
cat_threshold=4 201
is_linear=0
shrinkage=0.05


Tree=79
num_leaves=31
num_cat=1
split_feature=29 13 13 6 14 14 43 23 13 6 28 42 27 27 29 35 23 29 29 50 28 45 0 29 43 42 23 7 6 37
split_gain=391.415 244.591 253.555 391.322 215.324 331.704 455.298 301.75 253.258 194.854 186.899 179.935 125.182 127.312 122.632 114.056 219.114 170.106 108.919 98.6452 90.9594 100.583 85.7874 74.0669 73.6472 73.1794 98.0077 71.5291 85.1455 70.8795
threshold=1.8747043489528601 79.500000000000014 87.500000000000014 0.75317160175946796 16.500000000000004 34.500000000000007 21.214285714285719 34.187500000000007 243.50000000000003 0.9980099482784569 22.713194444444451 137.50000000000003 1.9254283925314728 2.1729632105648649 3.985737834075159 5.5000000000000009 25.520833333333339 5.4745539574070348 4.0714114104069283 0 10.175694444444447 8.5000000000000018 12.562500000000002 1.6370994398897849 11.071428571428573 78.500000000000014 16.270833333333339 0.20704743510151538 0.87908712252690047 89.012500000000017
decision_type=2 2 2 2 2 2 2 2 2 2 2 2 2 2 2 2 2 2 2 1 2 2 2 2 2 2 2 2 2 2
left_child=9 12 3 10 7 6 -6 14 -7 19 -3 -12 -2 -14 -4 16 -15 -17 -9 25 -21 22 -22 24 -11 26 29 28 -5 -1
right_child=1 2 4 27 5 8 -8 18 -10 23 11 -13 13 15 -16 17 -18 -19 -20 20 21 -23 -24 -25 -26 -27 -28 -29 -30 -31
leaf_value=0.0028228301392015857 0.00077545497998147571 -0.044186810243874788 0.030726688275483905 -0.054447763672739763 -0.0029877446996020292 0.078753911355047834 -0.080978257375267843 0.04269604050907596 0.011822108297933705 -0.020281511025601315 -0.24650261931949191 -0.073884761286899456 0.083146909513362802 0.026907248264743819 -0.01055331249552432 0.019659592500791676 0.10623565658605534 -0.08885084178886915 0.16405797919221954 -0.013173750983697718 -0.060592234553268523 0.0062949280560816697 -0.025377687617604224 0.024088905773583223 0.0027869561668268129 0.0065660210766562352 -0.096962675408405419 0.08994434163683937 0.021250583443202471 -0.02793638894936213
leaf_weight=442 466 50 611 61 4639 149 195 29 2746 399 36 26 107 379 255 729 113 38 51 3447 279 149 455 348 2604 962 34 21 95 325
leaf_count=442 466 50 611 61 4639 149 195 29 2746 399 36 26 107 379 255 729 113 38 51 3447 279 149 455 348 2604 962 34 21 95 325
internal_value=2.21742e-06 0.00650546 0.00310318 -0.0429693 0.00463804 0.00188212 -0.00613382 0.0271544 0.015267 -0.00743203 -0.116111 -0.174114 0.0231529 0.0307868 0.0185715 0.0263368 0.045127 0.0142836 0.120064 -0.0127582 -0.0168028 -0.0311598 -0.0387631 0.00225242 -0.000278085 -0.00271396 -0.0138931 0.00331256 -0.00834941 -0.0102107
internal_weight=20240 10796 8964 289 8675 7729 4834 946 2895 9444 112 62 1832 1366 866 1259 492 767 80 6093 4330 883 734 3351 3003 1763 801 177 156 767
internal_count=20240 10796 8964 289 8675 7729 4834 946 2895 9444 112 62 1832 1366 866 1259 492 767 80 6093 4330 883 734 3351 3003 1763 801 177 156 767
cat_boundaries=0 1
cat_threshold=201
is_linear=0
shrinkage=0.05


Tree=80
num_leaves=31
num_cat=1
split_feature=50 45 3 36 45 1 29 35 45 1 14 16 14 1 45 37 14 16 28 29 25 45 45 26 14 28 18 29 26 28
split_gain=370.453 397.726 323.615 256.314 214.361 217.676 283.878 208.137 206.07 277.213 219.167 193.231 155.839 150.375 184.218 289.224 233.257 215.869 164.965 201.558 177.835 144.367 141.096 140.965 138.787 133.21 161.184 131.012 129.461 128.772
threshold=0 17.500000000000004 2.6875000000000004 5.0714285714285721 28.500000000000004 57.395833333333336 4.9935732012093332 4.7857142857142865 27.500000000000004 31.437500000000004 46.500000000000007 -0.56174490092936669 39.500000000000007 41.312500000000007 6.5000000000000009 80.02500000000002 45.500000000000007 1.0000000180025095e-35 19.697222222222226 3.7904492844293762 5.7165824815765598 4.5000000000000009 12.500000000000002 25.809523809523814 24.500000000000004 19.343750000000004 1.0000000180025095e-35 6.2148863899079885 18.605654761904766 27.527083333333341
decision_type=1 2 2 2 2 2 2 2 2 2 2 2 2 2 2 2 2 2 2 2 2 2 2 2 2 2 2 2 2 2
left_child=1 13 8 4 5 7 -7 -3 9 22 11 -10 -13 14 15 16 -1 27 28 -20 -21 -17 -2 -6 -5 -11 -27 -16 -15 -19
right_child=2 3 -4 24 23 6 -8 -9 10 25 -12 12 -14 18 17 21 -18 29 19 20 -22 -23 -24 -25 -26 26 -28 -29 -30 -31
leaf_value=-8.5355697119853161e-05 -0.010790321247085649 0.10236038268730044 -0.18293855952528806 0.13774890676564114 0.17367872279640792 -0.061772219134364162 0.039668491048117482 0.021771357551438934 0.046329216141310803 0.018417743715096493 0.11551630261998912 0.004169281256470694 -0.072902455384138268 -0.012065701727919719 0.031585685328061712 -0.070698749943815101 0.03309190293883902 0.0071676402661064861 -0.14906562903850545 -0.012485007702803223 -0.13247843773375886 -0.012159083402612144 0.0036280313069518423 0.049589028529201946 0.028150262978187832 -0.12315091619545476 -0.039317640761027534 -0.097331577986478804 0.097963782094227958 -0.040740917388818222
leaf_weight=5269 6550 100 26 88 37 157 123 403 261 49 52 577 74 85 1347 198 589 876 41 217 36 225 2290 60 43 94 147 20 39 167
leaf_count=5269 6550 100 26 88 37 157 123 403 261 49 52 577 74 85 1347 198 589 876 41 217 36 225 2290 60 43 94 147 20 39 167
internal_value=2.10652e-06 0.0067632 -0.00675899 0.0365229 0.0268095 0.0181237 -0.0172108 0.037793 -0.00631188 -0.00863328 0.0156739 0.00998116 -0.00459156 0.00346761 0.0048765 0.000367337 0.00325049 0.0166284 -0.0258257 -0.046225 -0.0295592 -0.0395606 -0.00705525 0.0969222 0.101774 -0.0567359 -0.0720161 0.0296996 0.0225403 -0.000503241
internal_weight=20240 10120 10120 1011 880 783 280 503 10094 9130 964 912 651 9109 8691 6281 5858 2410 418 294 253 423 8840 97 131 290 241 1367 124 1043
internal_count=20240 10120 10120 1011 880 783 280 503 10094 9130 964 912 651 9109 8691 6281 5858 2410 418 294 253 423 8840 97 131 290 241 1367 124 1043
cat_boundaries=0 1
cat_threshold=45
is_linear=0
shrinkage=0.05


Tree=81
num_leaves=31
num_cat=0
split_feature=29 18 15 7 38 16 45 20 43 40 34 37 37 13 45 5 28 25 27 25 26 38 45 37 37 45 45 37 18 0
split_gain=334.741 220.719 193.173 169.095 139.973 139.285 294.865 156.92 208.116 141.805 141.235 123.186 164.594 215.675 169.312 150.587 139.605 122.215 121.375 119.151 159.389 109.666 90.0738 102.084 88.8199 88.0128 82.3669 77.4168 147.467 101.429
threshold=1.8747043489528601 0.25000000000000017 1.0000000180025095e-35 0.0020060200722730741 91.500000000000014 -0.56174490092936669 4.5000000000000009 26.229166666666668 17.500000000000004 11.500000000000002 9.5000000000000018 103.72500000000001 65.437500000000014 36.500000000000007 7.5000000000000009 1.0000000180025095e-35 21.629166666666666 1.1410524076794888 4.5889887682900694 5.1508089939629746 21.233630952380956 100.50000000000001 7.5000000000000009 60.787500000000009 79.71250000000002 11.500000000000002 20.500000000000004 88.662500000000009 0.25000000000000017 12.937500000000002
decision_type=2 2 2 2 2 2 2 2 2 2 2 2 2 2 2 2 2 2 2 2 2 2 2 2 2 2 2 2 2 2
left_child=3 2 5 -1 22 6 10 8 -7 -9 -2 12 14 17 18 -16 -15 -14 -3 21 -21 -6 24 -24 -4 27 -8 -5 -29 -30
right_child=1 11 4 25 19 7 26 9 -10 -11 -12 -13 13 16 15 -17 -18 -19 -20 20 -22 -23 23 -25 -26 -27 -28 28 29 -31
leaf_value=0.0021361400596363899 -0.011998130435603936 0.016024768564177776 -0.00083663928667391521 -0.012234644294375253 0.049547678029297722 -0.011376661530006466 0.020092964476675957 0.035200747611622014 0.027683623120978929 -0.046925067558845089 -0.12767535550519823 0.073234441254876159 -0.024940363829166201 0.012826332151426742 0.11345685739815235 0.031706941646141136 -0.019704621541881708 0.054266373147540403 0.080603473147269913 -0.048512752428650857 0.11012751797189642 0.011617026618615117 0.11862139290441638 0.011785392475037246 -0.039184900809907254 0.00027895638370875213 0.059021219320683965 -0.047967288491795067 0.012918731489014132 -0.069373752590682777
leaf_weight=3357 458 1083 937 4178 238 2456 385 60 396 424 28 95 59 626 100 129 697 279 78 20 76 956 23 803 180 1202 210 439 223 45
leaf_count=3357 458 1083 937 4178 238 2456 385 60 396 424 28 95 59 626 100 129 697 279 78 20 76 956 23 803 180 1202 210 439 223 45
internal_value=2.0012e-06 0.00601603 0.00143138 -0.006873 0.0107183 -0.00536617 0.0102314 -0.0104204 -0.00595314 -0.0367442 -0.0186627 0.0171644 0.0154185 0.0047947 0.0281135 0.0674056 -0.00431205 0.0404403 0.0203634 0.0234866 0.0770775 0.0191777 0.00224125 0.0147602 -0.00701631 -0.0118416 0.0338323 -0.0148239 -0.0301253 -0.000899036
internal_weight=20240 10796 7650 9444 3233 4417 1081 3336 2852 484 486 3146 3051 1661 1390 229 1323 338 1161 1290 96 1194 1943 826 1117 6087 595 4885 707 268
internal_count=20240 10796 7650 9444 3233 4417 1081 3336 2852 484 486 3146 3051 1661 1390 229 1323 338 1161 1290 96 1194 1943 826 1117 6087 595 4885 707 268
is_linear=0
shrinkage=0.05


Tree=82
num_leaves=31
num_cat=1
split_feature=50 45 3 36 45 16 45 13 37 1 45 29 30 37 23 14 28 29 25 18 22 48 20 28 45 45 1 26 40 13
split_gain=320.384 345.674 292.925 225.722 194.324 201.874 187.95 151.25 145.297 141.787 164.016 215.828 331.271 149.736 282.993 198.66 145.467 182.36 159.313 139.537 165.959 138.951 133.918 127.237 126.905 140.528 114.942 113.848 113.289 101.051
threshold=0 17.500000000000004 2.6875000000000004 5.0714285714285721 28.500000000000004 1.0000000180025095e-35 37.500000000000007 165.50000000000003 103.26250000000002 41.312500000000007 10.500000000000002 6.0592846960489153 0.029761904761904791 69.912500000000023 19.854166666666668 45.500000000000007 19.697222222222226 3.7904492844293762 5.7165824815765598 -0.24999999999999994 28.145833333333339 0.91071428571428592 23.979166666666668 25.771527777777781 25.500000000000004 31.500000000000004 31.437500000000004 18.605654761904766 17.500000000000004 157.50000000000003
decision_type=1 2 2 2 2 2 2 2 2 2 2 2 2 2 2 2 2 2 2 2 2 2 2 2 2 2 2 2 2 2
left_child=1 9 6 4 5 22 19 28 -7 10 13 12 -12 15 -15 -1 27 -18 -19 20 29 -8 -3 -6 26 -26 -21 -11 -5 -2
right_child=2 3 -4 7 23 8 21 -9 -10 16 11 -13 -14 14 -16 -17 17 18 -20 24 -22 -23 -24 -25 25 -27 -28 -29 -30 -31
leaf_value=0.00212632205057032 -0.0054318367508473832 0.07447179587275693 -0.17390302153160941 0.19319691116300722 0.1572047763371042 -0.023734977665597831 -0.034921205253937306 0.022234953340628874 0.083880672513374277 -0.012261741956805482 0.08381635856360492 -0.10361445365530071 0.013048084627684507 -0.0070220370097462048 -0.097523985546763226 0.031426427422105802 -0.14220362937747977 -0.012370365718567384 -0.12594325768036976 -0.0024924200708387207 -0.13013304230446618 0.07328476025159622 0.017722320860729047 0.041631640073927972 0.038609659652569461 -0.019986568583532219 -0.057222049994802827 0.090919521775765302 0.07774123826692271 -0.020086370946480841
leaf_weight=5612 2562 165 26 42 42 302 39 46 35 85 203 33 892 1213 93 645 41 217 36 4552 30 124 281 55 373 141 98 39 43 2175
leaf_count=5612 2562 165 26 42 42 302 39 46 35 85 203 33 892 1213 93 645 41 217 36 4552 30 124 281 55 373 141 98 39 43 2175
internal_value=1.9011e-06 0.00628951 -0.00628571 0.0340336 0.0249182 0.0166484 -0.00586019 0.0952668 -0.0125583 0.00321712 0.00458518 0.0223709 0.0261677 0.0019325 -0.0134667 0.00514671 -0.0252274 -0.0443832 -0.0285309 -0.00673428 -0.0129029 0.047395 0.0387171 0.0916736 -0.00103988 0.0225356 -0.00364586 0.0201904 0.13479 -0.0121605
internal_weight=20240 10120 10120 1011 880 783 10094 131 337 9109 8691 1128 1095 7563 1306 6257 418 294 253 9931 4767 163 446 97 5164 514 4650 124 85 4737
internal_count=20240 10120 10120 1011 880 783 10094 131 337 9109 8691 1128 1095 7563 1306 6257 418 294 253 9931 4767 163 446 97 5164 514 4650 124 85 4737
cat_boundaries=0 1
cat_threshold=45
is_linear=0
shrinkage=0.05


Tree=83
num_leaves=31
num_cat=1
split_feature=50 45 3 26 37 29 1 45 45 16 1 27 32 43 35 34 18 1 28 25 48 21 27 33 36 38 18 29 36 37
split_gain=289.147 317.181 264.365 175.347 216.393 212.757 175.079 169.625 160.853 203.914 147.706 282.04 145.541 138.223 134.683 132.521 125.932 151.044 334.984 195.408 125.403 122.466 119.358 115.659 101.472 100.756 100.244 90.2517 108.062 83.8646
threshold=0 20.500000000000004 2.6875000000000004 25.049107142857146 98.625000000000014 5.5512514978644871 57.729166666666679 37.500000000000007 10.500000000000002 1.0000000180025095e-35 41.979166666666679 3.7088098160605476 4.5000000000000009 14.642857142857144 4.7857142857142865 7.5000000000000009 -0.24999999999999994 29.604166666666668 19.583333333333339 2.472525952649208 0.91071428571428592 23.187500000000004 0.71594834421315767 4.5000000000000009 4.7857142857142865 117.50000000000001 -0.9330127018922193 3.5613009379598837 2.6428571428571437 59.26250000000001
decision_type=1 2 2 2 2 2 2 2 2 2 2 2 2 2 2 2 2 2 2 2 2 2 2 2 2 2 2 2 2 2
left_child=1 6 7 4 5 15 8 16 12 29 14 -12 21 -13 -5 -3 17 19 -19 -2 -9 -1 -18 -11 -24 -7 -14 -22 -29 -10
right_child=2 3 -4 10 -6 25 -8 20 9 23 11 13 26 -15 -16 -17 22 18 -20 -21 27 -23 24 -25 -26 -27 -28 28 -30 -31
leaf_value=-0.0039694018367727388 -0.012787492452359434 0.036281544779247922 -0.16520787039413476 0.15047292118442471 -0.051816843771215142 0.24149128253261251 -0.065715173459999887 -0.033175145815580322 0.11527325481176376 0.0053492784815514331 -0.15101693066457908 0.056093924319213062 -0.017247747928414443 -0.033324423464946455 0.034228047847453147 0.14579689763486386 -0.0088166046922709441 0.002859450836225054 -0.087779014565205038 0.024920686318519267 -0.024849902669943514 -0.046392978123238303 0.0098317432781606599 -0.057202349073556535 -0.021362195539831763 0.09660884171724321 0.01022584908922222 0.17480514010897391 0.058355973369907589 0.030381214978561406
leaf_weight=3427 3983 109 26 29 29 30 90 39 30 674 30 94 365 80 177 37 2506 209 199 376 21 179 2365 83 293 20 3675 27 76 962
leaf_count=3427 3983 109 26 29 29 30 90 39 30 674 30 94 365 80 177 37 2506 209 199 376 21 179 2365 83 293 20 3675 27 76 962
internal_value=1.80608e-06 0.00597504 -0.00597143 0.0401919 0.0756596 0.0945209 0.00369059 -0.00556718 0.00435547 0.0180346 0.0207279 -0.00942957 0.0012264 0.014982 0.0505926 0.0640354 -0.00639757 -0.0122578 -0.041349 -0.00953485 0.0450252 -0.00607529 -0.00098789 -0.00150909 0.00639313 0.183538 0.0077437 0.0696205 0.0888815 0.0329485
internal_weight=20240 10120 10120 635 225 196 9485 10094 9395 1749 410 204 7646 174 206 146 9931 4767 408 4359 163 3606 5164 757 2658 50 4040 124 103 992
internal_count=20240 10120 10120 635 225 196 9485 10094 9395 1749 410 204 7646 174 206 146 9931 4767 408 4359 163 3606 5164 757 2658 50 4040 124 103 992
cat_boundaries=0 1
cat_threshold=45
is_linear=0
shrinkage=0.05


Tree=84
num_leaves=31
num_cat=2
split_feature=29 13 14 36 13 50 28 45 17 23 30 13 37 38 42 29 25 29 6 27 28 22 42 26 29 13 45 50 18 48
split_gain=268.202 195.255 272.523 348.57 229.584 191.348 305.405 197.686 184.386 257.605 198.538 216.827 337.267 190.145 174.731 160.068 159.35 262.823 147.966 144.272 125.644 102.679 96.4422 240.706 114.413 86.4758 86.4505 86.6331 137.386 90.8923
threshold=1.8514398886533294 115.50000000000001 34.500000000000007 8.7857142857142865 243.50000000000003 0 24.207638888888891 28.500000000000004 0.93301270189221952 34.187500000000007 0.029761904761904764 80.500000000000014 83.037500000000023 114.50000000000001 156.07142857142858 4.7017353024896851 2.472525952649208 4.7017353024896851 0.9980099482784569 5.2495316171844673 13.601388888888891 18.854166666666668 121.92857142857144 23.825892857142865 3.5613009379598837 97.500000000000014 11.500000000000002 1 -0.9330127018922193 0.94642857142857151
decision_type=2 2 2 2 2 1 2 2 2 2 2 2 2 2 2 2 2 2 2 2 2 2 2 2 2 2 2 1 2 2
left_child=18 8 3 5 15 7 -7 -3 9 -2 11 13 -13 -10 25 21 -5 -18 26 20 -12 -4 24 -24 -6 -11 27 28 -1 -29
right_child=1 2 4 16 22 6 -8 -9 10 14 19 12 -14 -15 -16 -17 17 -19 -20 -21 -22 -23 23 -25 -26 -27 -28 29 -30 -31
leaf_value=-0.15673432335967111 0.018610744516446908 0.00056179929701265393 0.074049860008884791 -0.0092745101418467649 0.011709553224421194 -0.01587580584755242 -0.14685438059513337 0.10974071747845127 -0.036321524860932652 0.20379194328561426 0.053484036464554567 -0.020612660103463843 -0.19591026555584826 0.09211073885331067 0.046170194908336272 0.201473628623145 -0.30144964754581455 -0.063626537729914376 0.0022377000959770293 0.1221709898539952 -0.0023245020218313631 -0.040684387460350996 0.054691490897579499 0.00073954806773231609 -0.0148546703648594 0.085444978701657265 0.0011770546839978968 0.0039381117037968873 -0.02681469911618567 -0.014729598540503923
leaf_weight=21 1994 3230 104 23 1325 1370 46 42 97 33 120 68 46 41 128 21 21 26 3341 28 632 24 362 482 584 29 1192 810 656 3344
leaf_count=21 1994 3230 104 23 1325 1370 46 42 97 33 120 68 46 41 128 21 21 26 3341 28 632 24 362 482 584 29 1192 810 656 3344
internal_value=1.71579e-06 0.00534234 0.00100144 -0.00636391 0.0130774 -0.0047102 -0.0199896 0.00195726 0.0156817 0.0239115 -0.00173488 -0.0403182 -0.0913468 0.00183589 0.0795412 0.0735282 -0.117115 -0.169888 -0.00620126 0.0107305 0.00658112 0.0525372 0.0098056 0.0238801 0.00358304 0.148436 -0.0108824 -0.013858 -0.0303957 -0.0110629
internal_weight=20240 10876 7660 4758 2902 4688 1416 3272 3216 2184 1032 252 114 138 190 149 70 47 9364 780 752 128 2753 844 1909 62 6023 4831 677 4154
internal_count=20240 10876 7660 4758 2902 4688 1416 3272 3216 2184 1032 252 114 138 190 149 70 47 9364 780 752 128 2753 844 1909 62 6023 4831 677 4154
cat_boundaries=0 1 2
cat_threshold=45 36
is_linear=0
shrinkage=0.05


Tree=85
num_leaves=31
num_cat=2
split_feature=31 45 16 50 20 41 6 50 24 28 45 20 22 20 23 37 29 41 43 32 37 4 44 48 23 4 25 20 18 42
split_gain=252.4 176.165 191.577 180.648 135.12 132.349 162.868 126.651 230.981 144.068 128.061 121.349 115.243 110.177 148.024 211.091 105.306 98.3791 92.8476 91.066 108.483 130.28 105.014 96.9412 90.5305 88.4308 86.97 80.4561 78.3694 100.163
threshold=5.5000000000000009 9.5000000000000018 1.0000000180025095e-35 0 31.479166666666668 194.50000000000003 0.88910292297719373 1 19.830357142857149 23.470138888888894 4.5000000000000009 11.895833333333334 29.770833333333339 33.687500000000007 26.812500000000004 57.737500000000004 4.6268550377975393 190.50000000000003 5.5000000000000009 2.5000000000000004 55.562500000000007 0.43750000000000006 6.5000000000000009 0.94642857142857151 34.187500000000007 0.27083333333333343 3.2006194571615181 18.729166666666668 -0.68301270189221952 128.78571428571431
decision_type=2 2 2 1 2 2 2 1 2 2 2 2 2 2 2 2 2 2 2 2 2 2 2 2 2 2 2 2 2 2
left_child=1 7 3 -3 28 17 16 13 10 -10 11 -9 26 14 18 -16 -7 19 -1 22 24 -22 -2 -24 -21 -6 -5 -12 29 -4
right_child=5 2 4 12 25 6 -8 8 9 -11 27 -13 -14 -15 15 -17 -18 -19 -20 20 21 -23 23 -25 -26 -27 -28 -29 -30 -31
leaf_value=-0.091947180729616315 0.0071560233562791599 0.031794631588536119 -0.013461908682496812 0.0020353152742982636 -0.019147999212145807 0.062203929294521614 0.016978066591756012 -0.022789134088657126 -0.20067267155647281 -0.053169287159582794 -0.0097284404662539951 -0.076529656967520718 -0.090024930750951179 0.11385558442678304 -0.14616127256737199 0.020554425426320556 0.1806975874900818 -0.071692803837358959 -0.0022380572226835078 -0.013709658043214435 0.021909866277304062 0.0049561085212083593 -0.080978871818462569 -0.010712423097753379 0.057302052698408573 -0.14489131914130574 0.035672652317470938 0.045010742777283647 0.0020992581869046334 -0.089451701993770574
leaf_weight=29 244 821 757 1809 27 75 266 658 25 49 2474 125 32 20 43 34 25 40 5321 691 1843 2942 88 111 48 29 215 69 1284 46
leaf_count=29 244 821 757 1809 27 75 266 658 25 49 2474 125 32 20 43 34 25 40 5321 691 1843 2942 88 111 48 29 215 69 1284 46
internal_value=1.63001e-06 -0.00378358 0.00369785 0.0121279 -0.00761962 0.00823787 0.0374287 -0.00802873 -0.0155853 -0.103002 -0.0136873 -0.0313684 0.00410005 -0.00327728 -0.00371499 -0.0725465 0.0918273 0.0064593 -0.00272433 0.0069832 0.00873242 0.0114861 -0.0148288 -0.041785 -0.00909726 -0.0842651 0.00560845 -0.00824319 -0.00556301 -0.017815
internal_weight=20240 13867 5020 2877 2143 6373 366 8847 3400 74 3326 783 2056 5447 5427 77 100 6007 5350 5967 5524 4785 443 199 739 56 2024 2543 2087 803
internal_count=20240 13867 5020 2877 2143 6373 366 8847 3400 74 3326 783 2056 5447 5427 77 100 6007 5350 5967 5524 4785 443 199 739 56 2024 2543 2087 803
cat_boundaries=0 1 2
cat_threshold=33 29
is_linear=0
shrinkage=0.05


Tree=86
num_leaves=31
num_cat=0
split_feature=45 16 32 30 29 42 1 42 30 9 36 14 13 37 20 29 33 28 29 21 18 24 27 27 18 27 29 21 45 26
split_gain=238.131 364.919 280.489 149.503 148.078 153.595 139.071 167.494 299.751 268.283 222.358 134.43 138.969 131.468 132.832 130.033 125.88 229.328 282.293 159.538 113.07 256.677 160.844 112.155 110.495 137.429 104.653 102.914 95.7726 103.06
threshold=15.500000000000002 -0.56174490092936669 4.5000000000000009 1.0000000180025095e-35 5.1096455838367563 99.214285714285737 27.520833333333339 137.07142857142858 0.0059523809523810717 0.99225603070175461 5.6428571428571432 46.500000000000007 313.50000000000006 103.26250000000002 22.104166666666668 2.8032117447511311 2.5000000000000004 22.550694444444449 5.841332857399518 24.020833333333339 -0.9330127018922193 23.425595238095241 6.1341084082564459 5.0542260428078469 -0.5 4.9714603295577371 4.6268550377975393 27.520833333333339 33.500000000000007 29.174107142857149
decision_type=2 2 2 2 2 2 2 2 2 2 2 2 2 2 2 2 2 2 2 2 2 2 2 2 2 2 2 2 2 2
left_child=2 4 6 16 28 24 -1 8 10 -9 -8 12 13 14 -3 -13 17 19 -19 -4 21 -5 -22 -10 25 -6 -14 -7 29 -2
right_child=1 11 3 20 5 27 7 9 23 -11 -12 15 26 -15 -16 -17 -18 18 -20 -21 22 -23 -24 -25 -26 -27 -28 -29 -30 -31
leaf_value=-0.0056687425311927799 0.014838148501987711 0.0085870065638254927 0.028184807670872603 -0.0060277665107461966 0.050702794302593585 0.1475624884514504 -0.038489044267240848 -0.082331187087804722 -0.14358238446416663 0.062049921211220473 0.068370739049438786 -0.045897392017973798 -0.030310960502233794 0.055975765065928641 -0.014675282138984565 0.077628970402523437 -0.042419704940973552 0.13282441671223388 -0.068317382924613507 -0.1138829690892072 0.0057713614322332518 -0.13044398503455643 0.1355868112295866 -0.038286534034543573 0.076720611174959097 -0.12812007172033191 -0.1687527184188366 0.059837985201738775 0.077446488421185913 0.073392513631621289
leaf_weight=10678 713 1430 335 304 22 70 303 47 85 102 58 27 43 104 1075 101 51 103 21 21 4124 48 24 36 43 21 20 64 83 84
leaf_count=10678 713 1430 335 304 22 70 303 47 85 102 58 27 43 104 1075 101 51 103 21 21 4124 48 24 36 43 21 20 64 83 84
internal_value=2.33396e-06 0.0111034 -0.00264726 0.00717445 0.0355051 0.0721951 -0.00701661 -0.0298256 -0.0441483 0.0165069 -0.0213204 0.00151709 -0.000880784 0.000891135 -0.00139581 0.0515726 0.0322659 0.0402013 0.0987601 0.0198044 0.00421365 -0.0229936 0.00652246 -0.112255 0.0200457 -0.0366293 -0.0742607 0.105664 0.0263325 0.0210095
internal_weight=20240 3900 16340 5031 1100 220 11309 631 482 149 361 2800 2672 2609 2505 128 531 480 124 356 4500 352 4148 121 86 43 63 134 880 797
internal_count=20240 3900 16340 5031 1100 220 11309 631 482 149 361 2800 2672 2609 2505 128 531 480 124 356 4500 352 4148 121 86 43 63 134 880 797
is_linear=0
shrinkage=0.05


Tree=87
num_leaves=31
num_cat=2
split_feature=50 45 3 49 24 45 7 27 29 30 20 45 25 24 3 27 27 13 10 1 32 23 21 37 25 45 22 20 22 9
split_gain=226.683 267.167 232.714 175.699 169.78 168.121 174.967 157.578 156.538 187.401 154.217 141.308 135.657 182.621 120.429 119.195 118.299 106.122 101.458 152.82 121.657 93.7876 87.5612 104.006 112.684 85.9834 60.9306 96.2032 65.2573 60.1195
threshold=0 25.500000000000004 2.6875000000000004 1 8.3065476190476222 18.500000000000004 0.32970396123050999 4.7499547787569325 6.2148863899079885 1.0000000180025095e-35 18.562500000000004 37.500000000000007 2.2726665453141313 24.434523809523814 0.93750000000000011 6.9749007820073157 2.5482232800772722 179.50000000000003 4.5000000000000009 31.687500000000004 3.5000000000000004 24.437500000000004 22.312500000000004 85.487500000000011 3.0023207439404311 1.5000000000000002 23.354166666666668 28.562500000000004 30.687500000000004 0.99465460526315796
decision_type=1 2 2 1 2 2 2 2 2 2 2 2 2 2 2 2 2 2 2 2 2 2 2 2 2 2 2 2 2 2
left_child=1 3 11 5 16 8 7 -7 9 -1 -3 15 13 -6 -14 18 25 -8 20 -20 -2 -10 23 -13 -25 -5 -12 28 -28 -18
right_child=2 10 -4 4 12 6 17 -9 21 -11 26 22 14 -15 -16 -17 29 -19 19 -21 -22 -23 -24 24 -26 -27 27 -29 -30 -31
leaf_value=0.043412111679238474 -0.0055504005660349173 0.17360316751381527 -0.15468695063430529 0.15303514944655555 0.0032687467451023157 0.053220143320004631 0.15998450307611456 -0.036471813140170915 0.012501855761460637 0.0066438775266941339 0.080168920262037105 -0.05622652352732771 -0.015534865179198117 -0.13230340778827668 0.10216066286983816 -0.10868138160024371 -0.042878026371313771 0.037021392211318019 -0.010461252031407069 -0.05976617126586195 0.010555646010062886 -0.11364510773522099 0.096361593827605257 -0.0035441968734893532 0.11706179292215145 0.043712862290920237 -0.04546369829890775 0.072647156938910482 0.061101097613573074 0.042200827152867409
leaf_weight=388 5585 26 26 35 3880 163 47 70 23 3244 74 34 1802 25 22 28 33 28 2667 167 1484 41 50 45 34 37 51 55 20 56
leaf_count=388 5585 26 26 35 3880 163 47 70 23 3244 74 34 1802 25 22 28 33 28 2667 167 1484 41 50 45 34 37 51 55 20 56
internal_value=2.21726e-06 0.00529105 -0.00528662 0.00406845 -0.00143208 0.0121331 0.047655 0.0262741 0.00920583 0.0105718 0.0590493 -0.00490703 -0.00285759 0.00240081 -0.0141153 -0.00566495 0.0492042 0.114078 -0.00537368 -0.0133667 -0.00216925 -0.068311 0.0412699 0.016893 0.0483622 0.0968556 0.0441573 0.0230077 -0.0154454 0.0106547
internal_weight=20240 10120 10120 9894 5890 4004 308 233 3696 3632 226 10094 5729 3905 1824 9931 161 75 9903 2834 7069 64 163 113 79 72 200 126 71 89
internal_count=20240 10120 10120 9894 5890 4004 308 233 3696 3632 226 10094 5729 3905 1824 9931 161 75 9903 2834 7069 64 163 113 79 72 200 126 71 89
cat_boundaries=0 1 2
cat_threshold=45 20
is_linear=0
shrinkage=0.05


Tree=88
num_leaves=31
num_cat=0
split_feature=45 16 32 30 1 42 30 9 36 14 15 9 13 21 20 42 23 30 31 44 27 25 38 37 18 24 27 48 45 1
split_gain=209.915 323.69 239.118 127.42 127.32 148.299 267.099 241.438 195.99 121.714 126.83 125.484 127.144 118.706 190.487 200.551 141.193 109.352 108.554 106.026 104.17 103.525 107.145 103.2 101.496 232.21 146.221 93.811 113.279 121.797
threshold=15.500000000000002 -0.56174490092936669 4.5000000000000009 1.0000000180025095e-35 27.520833333333339 137.07142857142858 0.0059523809523810717 0.99225603070175461 5.6428571428571432 46.500000000000007 0.6078576107927941 0.98592836257309957 313.50000000000006 25.604166666666668 19.479166666666668 124.71428571428574 28.729166666666668 0.55654761904761918 1.5000000000000002 9.5000000000000018 3.8670294462557018 3.9488399104620719 91.500000000000014 84.425000000000026 -0.9330127018922193 23.425595238095241 6.1341084082564459 0.94642857142857151 6.5000000000000009 11.85416666666667
decision_type=2 2 2 2 2 2 2 2 2 2 2 2 2 2 2 2 2 2 2 2 2 2 2 2 2 2 2 2 2 2
left_child=2 21 4 13 27 6 8 -7 -6 10 11 18 -13 14 -4 -16 -15 -11 -3 23 -8 -2 -23 -12 25 -5 -26 -1 -29 -30
right_child=1 9 3 24 5 7 20 -9 -10 17 19 12 -14 16 15 -17 -18 -19 -20 -21 -22 22 -24 -25 26 -27 -28 28 29 -31
leaf_value=0.0024359073067402948 0.024937345111142727 -0.051059053436313812 0.01231333237346947 -0.0057906578638051692 -0.036390732578539808 -0.078510063902494764 -0.16748261290221392 0.058457364905260358 0.063933307250383598 0.079055019081570213 0.038548250768585791 -0.012827025220580207 -0.11214776972986081 -0.13850951685824178 0.053989282111601478 0.19515060804784301 0.036853976982335251 -0.022097133805877286 0.041988346682518059 -0.060805209805356697 -0.071041386561202152 0.013166405663359909 0.082891702160928504 0.0046603435924304519 0.0053208331367549759 -0.12412867864380435 0.12909474552919467 -0.013806788136563075 -0.0078188072755251397 0.011872073222171767
leaf_weight=2905 843 38 299 304 303 47 44 102 58 90 338 1367 33 22 156 30 24 38 179 47 77 80 177 670 4124 48 24 4101 2534 1138
leaf_count=2905 843 38 299 304 303 47 44 102 58 90 338 1367 33 22 156 30 24 38 179 47 77 80 177 670 4124 48 24 4101 2534 1138
internal_value=2.10638e-06 0.0104248 -0.00248556 0.00658292 -0.00651983 -0.0283439 -0.0418209 0.0152529 -0.0202722 0.00139622 -0.000885425 -0.00968445 -0.0151682 0.0297473 0.0370279 0.0767572 -0.0470155 0.0490255 0.0256943 0.0126008 -0.106111 0.0334067 0.0611873 0.0160236 0.00384952 -0.0219277 0.00603698 -0.00523017 -0.00809521 -0.00171635
internal_weight=20240 3900 16340 5031 11309 631 482 149 361 2800 2672 1617 1400 531 485 186 46 128 217 1055 121 1100 257 1008 4500 352 4148 10678 7773 3672
internal_count=20240 3900 16340 5031 11309 631 482 149 361 2800 2672 1617 1400 531 485 186 46 128 217 1055 121 1100 257 1008 4500 352 4148 10678 7773 3672
is_linear=0
shrinkage=0.05


Tree=89
num_leaves=31
num_cat=1
split_feature=29 15 41 38 16 45 44 44 45 43 38 20 18 45 21 41 32 14 50 30 46 27 14 6 32 37 36 24 36 36
split_gain=203.454 200.837 155.311 152.098 149.229 311.167 119.091 117.396 142.207 132.597 102.372 131.022 88.276 87.8691 83.9389 80.1137 76.5876 75.2011 73.7783 148.393 68.0581 66.1139 65.503 60.5406 60.4689 58.7264 58.1392 136.341 106.186 52.524
threshold=1.3282789098138461 1.0000000180025095e-35 212.50000000000003 90.500000000000014 -0.56174490092936669 4.5000000000000009 9.5000000000000018 6.5000000000000009 6.5000000000000009 13.071428571428573 53.500000000000007 26.229166666666668 -0.9330127018922193 29.500000000000004 31.562500000000004 254.00000000000003 3.5000000000000004 12.500000000000002 0 0.85714285714285732 0.37500000000000006 4.352647053893107 38.500000000000007 0.97888253000854741 7.5000000000000009 99.71250000000002 7.2142857142857153 17.907738095238098 3.2142857142857149 2.3571428571428572
decision_type=2 2 2 2 2 2 2 2 2 2 2 2 2 2 2 2 2 2 1 2 2 2 2 2 2 2 2 2 2 2
left_child=17 2 4 7 5 22 18 8 12 -9 23 -12 -3 -11 -10 -4 -8 29 19 -5 -20 -7 -2 -6 -17 26 27 -19 -29 -1
right_child=1 3 15 6 10 21 16 9 14 13 11 -13 -14 -15 -16 24 -18 25 20 -21 -22 -23 -24 -25 -26 -27 -28 28 -30 -31
leaf_value=-0.0090205169093308234 -0.018661260100639582 -0.03045905556444773 0.0637889291773161 0.054062820624785568 -0.032091784667422033 0.022420687196350722 -0.12227901356915634 -0.13506511638561886 0.020614834212798683 -0.060670015347811079 -0.0010900297791513883 -0.023596337764019815 0.00092392881762893328 0.030393120761101063 -0.068559671276145512 -0.075125988892146528 0.010202436670660973 -0.011681295011452316 -0.044504923881454904 -0.03049967841657459 0.018318197087473873 0.055297277271796869 0.014761961309704931 0.014263536328058921 0.038000730004299571 0.016335634535185974 0.019207414696124241 -0.14310191679978743 -0.037792170043838655 0.0058979216560718882
leaf_weight=982 721 263 134 347 540 801 24 30 1166 54 4241 763 1514 52 27 21 20 3887 44 61 2132 189 184 81 27 188 142 32 95 1478
leaf_count=982 721 263 134 347 540 801 24 30 1166 54 4241 763 1514 52 27 21 20 3887 44 61 2132 189 184 81 27 188 142 32 95 1478
internal_value=2.00106e-06 0.00356934 -0.00170519 0.0106542 -0.00280977 0.00932538 0.0195072 0.00316362 0.00524373 -0.0422624 -0.00689796 -0.00452175 -0.00372082 -0.0159975 0.0185966 0.0439346 -0.0620602 -0.0070425 0.0208961 0.040429 0.0169699 0.0286971 -0.0118658 -0.0260454 -0.0114922 -0.0109982 -0.0122347 -0.013347 -0.0643269 -5.7325e-05
internal_weight=20240 13436 7702 5734 7520 1895 2628 3106 2970 136 5625 5004 1777 106 1193 182 44 6804 2584 408 2176 990 905 621 48 4344 4156 4014 127 2460
internal_count=20240 13436 7702 5734 7520 1895 2628 3106 2970 136 5625 5004 1777 106 1193 182 44 6804 2584 408 2176 990 905 621 48 4344 4156 4014 127 2460
cat_boundaries=0 1
cat_threshold=1
is_linear=0
shrinkage=0.05


Tree=90
num_leaves=31
num_cat=1
split_feature=32 29 15 38 0 13 22 13 28 44 45 25 25 45 45 16 23 15 25 25 36 32 50 44 37 23 27 27 13 23
split_gain=185.936 130.265 138.119 110.428 163.152 108.789 141.193 119.618 102.871 98.7301 98.1018 91.4262 123.041 86.3242 73.3367 83.2261 76.4505 73.9168 109.443 71.1056 82.7862 67.0009 63.7092 63.9129 62.8638 79.1836 62.4278 59.397 58.039 53.2822
threshold=1.5000000000000002 1.3282789098138461 1.0000000180025095e-35 79.500000000000014 16.645833333333339 66.500000000000014 37.270833333333336 319.50000000000006 24.414583333333336 9.5000000000000018 37.500000000000007 4.3192497383699004 3.3587695117682776 6.5000000000000009 7.5000000000000009 -0.56174490092936669 10.895833333333334 0.6078576107927941 2.1001897431623955 3.2006194571615181 3.2142857142857149 3.5000000000000004 0 6.5000000000000009 88.287500000000023 4.3958333333333348 6.9749007820073157 2.0170901498149894 81.500000000000014 32.770833333333336
decision_type=2 2 2 2 2 2 2 2 2 2 2 2 2 2 2 2 2 2 2 2 2 2 1 2 2 2 2 2 2 2
left_child=10 28 5 4 13 11 7 -7 -6 26 14 12 -3 -4 16 22 24 18 -17 20 -18 -11 -16 -24 25 -1 -5 -26 -2 -8
right_child=1 2 3 9 8 6 29 -9 -10 21 -12 -13 -14 -15 15 17 19 -19 -20 -21 -22 -23 23 -25 27 -27 -28 -29 -30 -31
leaf_value=-0.01511631760924826 0.0024515946929406546 0.014515150002060965 0.0029548054659589585 0.020432918528739505 -0.017878192810481731 -0.0035469506741961244 -0.032219831235706813 0.021489262057548673 -0.10370726563896125 -0.12351759902201594 0.074875616437445086 -0.040922280368469066 0.073877667017149359 0.034290281136498381 0.030265814343624284 -0.0077254260109058254 -0.038909033480677993 0.0033200094258055098 -0.042709864566050887 -0.10124540880788119 -0.0016273033738946818 0.0016135989323906278 0.0055642788473745678 -0.05747867317458745 -0.019371050564416997 0.0057773372335711316 -0.062281704985577127 -0.07464485173595363 -0.0098829183916664849 -0.1438075821036878
leaf_weight=976 1650 738 822 2783 333 4548 20 533 39 20 36 63 99 300 263 999 395 869 288 32 239 23 618 43 300 847 23 58 2260 23
leaf_count=976 1650 738 822 2783 333 4548 20 533 39 20 36 63 99 300 263 999 395 869 288 32 239 23 618 43 300 847 23 58 2260 23
internal_value=1.90095e-06 0.00309904 0.00603214 0.0128292 0.00181922 0.00113185 -0.00168418 -0.000920637 -0.0268764 0.0186027 -0.00741347 0.0171644 0.0215365 0.0113333 -0.00791328 -0.00256602 -0.0136982 -0.00794669 -0.0155541 -0.0285253 -0.0248549 -0.056587 0.00998886 0.00144134 -0.00917049 -0.00540873 0.0197549 -0.028326 -0.00467782 -0.0919063
internal_weight=20240 14277 10367 4343 1494 6024 5124 5081 372 2849 5963 900 837 1122 5927 3080 2847 2156 1287 666 634 43 924 661 2181 1823 2806 358 3910 43
internal_count=20240 14277 10367 4343 1494 6024 5124 5081 372 2849 5963 900 837 1122 5927 3080 2847 2156 1287 666 634 43 924 661 2181 1823 2806 358 3910 43
cat_boundaries=0 1
cat_threshold=33
is_linear=0
shrinkage=0.05


Tree=91
num_leaves=31
num_cat=2
split_feature=50 45 3 49 24 45 6 48 29 30 20 26 14 45 27 45 1 42 29 16 13 27 13 42 17 45 26 27 21 20
split_gain=180.076 237.353 210.536 140.604 155.928 146.737 155.298 161.254 143.889 155.451 138.203 131.645 184.924 121.118 117.853 128.649 202.995 174.831 189.695 136.233 113.81 107.536 93.6343 88.6817 86.0462 78.1076 71.3822 101.944 90.5324 55.4818
threshold=0 25.500000000000004 2.6875000000000004 1 8.3065476190476222 18.500000000000004 0.70599456317960263 0.94642857142857151 6.2148863899079885 1.0000000180025095e-35 18.562500000000004 21.421130952380956 11.500000000000002 5.5000000000000009 6.9749007820073157 27.500000000000004 31.604166666666668 87.500000000000014 3.985737834075159 -0.56174490092936669 349.50000000000006 2.5482232800772722 179.50000000000003 64.214285714285737 -0.6830127018922193 1.5000000000000002 25.809523809523814 3.4997015472643969 29.729166666666668 28.270833333333339
decision_type=1 2 2 1 2 2 2 2 2 2 2 2 2 2 2 2 2 2 2 2 2 2 2 2 2 2 2 2 2 2
left_child=1 3 14 5 21 8 22 -8 9 -1 -3 13 -13 -6 15 16 23 18 -17 -19 -18 25 -7 -2 -10 -5 27 -12 29 -28
right_child=2 10 -4 4 11 6 7 -9 24 -11 26 12 -14 -15 -16 17 20 19 -20 -21 -22 -23 -24 -25 -26 -27 28 -29 -30 -31
leaf_value=0.039261764454020465 -0.015355319841622304 0.16382937034627854 -0.14681382402777673 0.14614699112517493 -0.0053942462326107502 0.13895790265440675 -0.018436797462024933 0.06786343151330948 0.0085690464358776815 0.005774231248472917 0.0098438964422905093 0.018200412997975948 -0.048263309500180186 0.011181252054784591 -0.10500040195625404 -0.086819319881317095 -0.061110081673993191 0.054513684971757827 0.035989982254949274 0.0092452645412870321 0.042381883089741078 0.010416088650903006 0.033767695752355983 -0.0022730429407145062 -0.11118499439908192 0.04195172569739658 -0.051872609957224793 0.12400452596678709 0.073582233065231289 0.035910090692341329
leaf_weight=388 1576 26 26 35 3665 56 118 100 24 3244 33 152 336 1576 29 82 232 232 51 586 30 89 34 7276 40 37 45 48 44 30
leaf_count=388 1576 26 26 35 3665 56 118 100 24 3244 33 152 336 1576 29 82 232 232 51 586 30 89 34 7276 40 37 45 48 44 30
internal_value=2.55361e-06 0.00471642 -0.00471132 0.00356379 -0.00135659 0.0107783 0.0439628 0.0211505 0.00804205 0.00935164 0.0553862 -0.00272269 -0.0275615 -0.000409895 -0.00434996 -0.00405996 -0.00588597 0.0134398 -0.039727 0.0220842 -0.0492599 0.0471701 0.0992194 -0.0046022 -0.0662772 0.0926022 0.0412886 0.0774946 0.0166441 -0.0167595
internal_weight=20240 10120 10120 9894 5890 4004 308 218 3696 3632 226 5729 488 5241 10094 10065 9114 951 133 818 262 161 90 8852 64 72 200 81 119 75
internal_count=20240 10120 10120 9894 5890 4004 308 218 3696 3632 226 5729 488 5241 10094 10065 9114 951 133 818 262 161 90 8852 64 72 200 81 119 75
cat_boundaries=0 1 2
cat_threshold=45 20
is_linear=0
shrinkage=0.05


Tree=92
num_leaves=30
num_cat=1
split_feature=42 27 43 8 24 28 24 25 28 13 27 25 37 37 30 14 43 28 28 1 27 43 37 36 6 42 24 50 21
split_gain=164.976 140.265 157.239 136.429 116.576 148.36 246.094 192.725 126.064 170.481 117.431 114.772 113.119 121.875 321.219 128.619 105.913 105.287 291.891 93.4589 88.1385 74.0727 66.717 71.9014 60.3317 48.9291 96.0288 46.8028 36.9423
threshold=100.64285714285715 5.9506337651009504 16.214285714285719 0.16904761904761909 29.958333333333339 22.035416666666674 24.002976190476193 2.5457373696064849 25.220833333333335 82.500000000000014 1.0837757090901261 4.6598855917491546 55.562500000000007 68.58750000000002 0.01190476190476201 49.500000000000007 5.3571428571428585 20.407638888888894 25.220833333333335 20.604166666666668 6.9749007820073157 14.928571428571431 63.937500000000007 4.0714285714285721 0.65618172074040493 69.357142857142875 9.5505952380952408 0 21.020833333333339
decision_type=2 2 2 2 2 2 2 2 2 2 2 2 2 2 2 2 2 2 2 2 2 2 2 2 2 2 2 1 2
left_child=4 3 28 12 5 10 8 -8 9 -7 25 24 17 14 -14 -15 -12 19 -19 -2 -18 -9 -13 -24 -4 26 -1 -27 -3
right_child=1 2 11 -5 -6 6 7 21 -10 -11 16 22 13 15 -16 -17 20 18 -20 -21 -22 -23 23 -25 -26 27 -28 -29 -30
leaf_value=-0.0094869119228846374 -0.0062944688348604951 -0.076738217622041707 0.063172661513090131 -0.11471616649068893 0.098038160401795596 0.071471333533525472 -0.091611219901177626 0.051937243460863827 -0.16240420850186513 -0.066941256965003401 -0.083618299401289717 -0.042353853844106198 0.062319105629447029 0.0041827351455311183 0.0094075318023199642 -0.033258946501573891 0.0015031613752548038 -0.11122798751389912 0.005188408427380233 0.034895859358759669 -0.096531258932436304 -0.051699316073209045 0.01255135512245553 0.13334202387116173 0.16721622592303903 0.016556964081352366 -0.042369024865288353 -0.008269751118183493 0.0084470588820321213
leaf_weight=764 1302 20 22 24 28 25 36 125 29 202 37 20 324 3595 2501 245 7229 86 144 154 23 20 28 22 38 196 313 2653 35
leaf_count=764 1302 20 22 24 28 25 36 125 29 202 37 20 324 3595 2501 245 7229 86 144 154 23 20 28 22 38 196 313 2653 35
internal_value=2.42598e-06 0.00527544 0.0483394 0.00432418 -0.00386205 -0.00410691 -0.0326886 0.0119346 -0.0642386 -0.0516976 -0.00299321 0.0783223 0.00466629 0.00759312 0.015476 0.00179388 0.000761731 -0.00690386 -0.0383412 -0.0019378 0.00119224 0.0376425 0.0348269 0.0656992 0.129067 -0.00996463 -0.0190432 -0.00653268 -0.0225294
internal_weight=20240 8560 185 8375 11680 11652 437 181 256 227 11215 130 8351 6665 2825 3840 7289 1686 230 1456 7252 145 70 50 60 3926 1077 2849 55
internal_count=20240 8560 185 8375 11680 11652 437 181 256 227 11215 130 8351 6665 2825 3840 7289 1686 230 1456 7252 145 70 50 60 3926 1077 2849 55
cat_boundaries=0 1
cat_threshold=8
is_linear=0
shrinkage=0.05


Tree=93
num_leaves=31
num_cat=0
split_feature=45 16 32 33 30 28 17 21 1 42 30 9 23 14 13 13 13 30 36 38 1 20 1 43 45 18 24 27 45 13
split_gain=170.303 257.327 174.179 130.51 143.273 146.785 227.518 160.1 125.605 130.184 237.977 213.364 183.865 106.817 113.553 117.82 130.102 99.6079 95.9658 93.5999 89.2682 97.6203 139.143 111.253 119.165 89.1325 206.03 113.91 85.8711 80.1166
threshold=15.500000000000002 -0.56174490092936669 4.5000000000000009 4.5000000000000009 1.0000000180025095e-35 22.550694444444449 -0.6830127018922193 24.479166666666668 27.520833333333339 137.07142857142858 0.0059523809523810717 0.99225603070175461 32.770833333333336 46.500000000000007 313.50000000000006 295.50000000000006 273.50000000000006 0.55654761904761918 3.3571428571428572 85.500000000000014 37.354166666666679 23.979166666666668 41.812500000000007 16.928571428571434 22.500000000000004 -0.9330127018922193 23.425595238095241 6.1341084082564459 20.500000000000004 141.50000000000003
decision_type=2 2 2 2 2 2 2 2 2 2 2 2 2 2 2 2 2 2 2 2 2 2 2 2 2 2 2 2 2 2
left_child=2 20 8 4 5 7 -7 -4 -1 10 12 -11 -10 14 15 16 -3 -15 -17 -12 -2 22 -22 24 -23 26 -6 -27 -16 -5
right_child=1 13 3 29 25 6 -8 -9 9 11 19 -13 -14 17 28 18 -18 -19 -20 -21 21 23 -24 -25 -26 27 -28 -29 -30 -31
leaf_value=-0.0044003999547700635 0.020028619962351359 0.0015879750542460071 0.023128550135235744 -0.013754150574095549 -0.0054273413340545727 0.20907886928090683 0.044473144918393964 -0.1222458241507411 -0.011003156602819645 -0.074653649464883703 -0.034408760654765211 0.054104529623416997 -0.16698756039142609 0.074620264002846354 -0.021335573990542728 0.012856275995727629 -0.044879403045713348 -0.021920054503961617 0.1087795045565475 -0.12985524071070056 0.15850089605770668 -0.04677851462002957 0.043712136321736393 0.064468864168801154 0.056147117832941677 0.0049653537171167068 -0.11692020609819641 0.11904429549520666 -0.14154152124344063 -0.12956597078591586
leaf_weight=10678 744 2340 357 32 303 26 109 20 341 47 37 102 20 90 39 64 161 38 44 84 44 66 66 131 49 4086 48 22 24 28
leaf_count=10678 744 2340 357 32 303 26 109 20 341 47 37 102 20 90 39 64 161 38 44 84 44 66 66 131 49 4086 48 22 24 28
internal_value=2.50937e-06 0.00939045 -0.00223819 0.00550157 0.00638631 0.0314367 0.076175 0.0154164 -0.00568134 -0.0273579 -0.039985 0.0134895 -0.019645 0.00134041 -0.000797046 0.000804668 -0.00140333 0.0459599 0.0519361 -0.100669 0.0298814 0.0504727 0.0896276 0.0329644 -0.00292325 0.00350992 -0.0206742 0.00557629 -0.0671283 -0.0677997
internal_weight=20240 3900 16340 5031 4971 512 135 377 11309 631 482 149 361 2800 2672 2609 2501 128 108 121 1100 356 110 246 115 4459 351 4108 63 60
internal_count=20240 3900 16340 5031 4971 512 135 377 11309 631 482 149 361 2800 2672 2609 2501 128 108 121 1100 356 110 246 115 4459 351 4108 63 60
is_linear=0
shrinkage=0.05


Tree=94
num_leaves=31
num_cat=0
split_feature=45 16 32 33 30 28 29 21 29 42 1 42 30 9 36 37 20 38 6 37 29 26 23 18 0 36 35 0 21 15
split_gain=153.699 232.238 157.197 117.785 129.304 132.473 232.905 144.491 116.107 127.342 113.358 117.491 214.774 192.561 170.445 99.0047 120.434 140.145 185.869 128.685 97.3411 186.381 112.715 96.2756 120.164 94.5052 94.798 91.38 91.2671 80.0295
threshold=15.500000000000002 -0.56174490092936669 4.5000000000000009 4.5000000000000009 1.0000000180025095e-35 22.550694444444449 5.841332857399518 24.479166666666668 5.1096455838367563 99.214285714285737 27.520833333333339 137.07142857142858 0.0059523809523810717 0.99225603070175461 5.6428571428571432 103.26250000000002 22.104166666666668 176.50000000000003 0.96336240709857013 66.662500000000009 4.7017353024896851 29.602678571428573 27.895833333333339 -0.5 22.104166666666668 4.3571428571428585 5.7857142857142865 16.645833333333339 27.520833333333339 0.6078576107927941
decision_type=2 2 2 2 2 2 2 2 2 2 2 2 2 2 2 2 2 2 2 2 2 2 2 2 2 2 2 2 2 2
left_child=2 8 10 4 5 7 -7 -4 -2 23 -1 12 14 -13 -12 16 25 19 -19 -18 22 -22 -6 24 -10 26 -3 -14 -11 -15
right_child=1 15 3 -5 20 6 -8 -9 9 28 11 13 27 29 -16 -17 17 18 -20 -21 21 -23 -24 -25 -26 -27 -28 -29 -30 -31
leaf_value=-0.0041803799065769547 0.02026517694999215 0.0091866235146251269 0.02197212259316457 -0.064409683733247222 0.0022431475467906579 0.1029039717402345 -0.068870770186185842 -0.11613353397697211 0.038431639515835309 0.13080721015243657 -0.033694169253553501 -0.070920966950027239 -0.0034615012055093592 0.017272410629084335 0.059863744509117356 0.048671914777665776 0.02995909471232612 0.06495840811009003 -0.028484437144116356 -0.027264946757418196 0.0085576119268786794 -0.072737648532170213 0.027484370374896566 0.066294874646159449 -0.12914452962577344 0.057865806300517013 -0.04062173507217029 -0.11611881976702598 0.048195712099186494 0.10887617135518475
leaf_weight=10678 880 1317 357 60 3664 111 24 20 23 70 303 47 22 64 58 106 111 121 95 855 173 119 503 43 20 92 103 99 64 38
leaf_count=10678 880 1317 357 60 3664 111 24 20 23 70 303 47 22 64 58 106 111 121 95 855 173 119 503 43 20 92 103 99 64 38
internal_value=2.38393e-06 0.00892092 -0.00212628 0.00522649 0.006067 0.0298649 0.0723662 0.0146456 0.0283874 0.0608761 -0.00539728 -0.02599 -0.0379858 0.0128151 -0.0186627 0.00127339 -0.000591583 -0.0125483 0.0238609 -0.0206895 0.00333443 -0.024573 0.00529002 0.0133921 -0.0395108 0.00875555 0.00557376 -0.0956357 0.091351 0.0513993
internal_weight=20240 3900 16340 5031 4971 512 135 377 1100 220 11309 631 482 149 361 2800 2694 1182 216 966 4459 292 4167 86 43 1512 1420 121 134 102
internal_count=20240 3900 16340 5031 4971 512 135 377 1100 220 11309 631 482 149 361 2800 2694 1182 216 966 4459 292 4167 86 43 1512 1420 121 134 102
is_linear=0
shrinkage=0.05


Tree=95
num_leaves=31
num_cat=1
split_feature=15 50 45 1 23 45 48 37 18 4 45 38 21 34 30 29 1 37 48 20 24 43 27 22 26 7 25 45 35 27
split_gain=149.269 184.034 218.374 157.024 118.422 111.681 122.533 117.878 112.178 105.803 103.82 98.1379 93.0932 90.0004 131.962 141.131 110.968 87.79 86.1585 135.16 197.806 191.989 125.665 121.543 119.952 85.1245 84.3243 78.5517 76.6727 75.8753
threshold=1.0000000180025095e-35 0 19.500000000000004 41.812500000000007 22.687500000000004 36.500000000000007 0.94642857142857151 85.812500000000014 0.25000000000000017 0.52083333333333337 38.500000000000007 80.500000000000014 16.270833333333339 6.5000000000000009 0.6517857142857143 4.2829232393001426 34.687500000000007 64.112500000000011 0.98214285714285732 26.229166666666668 33.178571428571438 17.642857142857149 5.6618609004608631 34.812500000000007 21.739583333333336 0.13538244634253174 2.7939238009117249 22.500000000000004 5.7857142857142865 4.5889887682900694
decision_type=2 1 2 2 2 2 2 2 2 2 2 2 2 2 2 2 2 2 2 2 2 2 2 2 2 2 2 2 2 2
left_child=5 2 3 9 -5 8 7 -7 18 26 -8 12 -3 29 16 -16 -15 -4 19 21 -21 -1 23 -20 -24 -11 -2 -13 -6 -10
right_child=1 11 17 4 28 6 10 -9 13 25 -12 27 -14 14 15 -17 -18 -19 22 20 -22 -23 24 -25 -26 -27 -28 -29 -30 -31
leaf_value=-0.0036895917180777612 0.066583882925082369 -0.00089428895474337434 0.040848125681281093 -0.11394557155970786 0.079724543225020178 -0.094561767795433613 0.16799289544399543 0.04319372584365986 -0.0002001248605594337 0.014183605446126492 0.039652067106217152 0.0041646204584400159 -0.024811363239617398 0.014920407948545641 0.0077988993730112536 -0.085089030861854556 0.068511170813301853 0.16087549310655169 -0.013887171534003612 -0.04131576917877719 0.088448709296062591 0.032954501019691156 -0.034713662415742877 -0.11029012234825078 0.080593802239189841 -0.088496070816403344 0.020292228374532179 0.022631665044320577 -0.052830486496289575 -0.043340814338540132
leaf_weight=3225 204 2670 25 37 20 24 26 44 2649 520 40 3729 480 222 579 44 171 39 3545 357 32 402 34 33 67 21 190 681 24 106
leaf_count=3225 204 2670 25 37 20 24 26 44 2649 520 40 3729 480 222 579 44 171 39 3545 357 32 402 34 33 67 21 190 681 24 106
internal_value=2.26472e-06 0.0049776 0.024185 0.018766 -0.0480176 -0.0037035 0.0416787 -0.00542586 -0.00423387 0.0245515 0.0902106 0.00219879 -0.0045388 0.00283085 0.0155506 0.0012386 0.0382385 0.11399 -0.00769599 -0.00263212 -0.0306411 0.000371871 -0.0132237 -0.0147763 0.0417774 0.0101979 0.0442605 0.00701633 0.0074218 -0.00185998
internal_weight=20240 8640 1080 1016 81 11600 134 68 11466 935 66 7560 3150 3771 1016 623 393 64 7695 4016 389 3627 3679 3578 101 541 394 4410 44 2755
internal_count=20240 8640 1080 1016 81 11600 134 68 11466 935 66 7560 3150 3771 1016 623 393 64 7695 4016 389 3627 3679 3578 101 541 394 4410 44 2755
cat_boundaries=0 1
cat_threshold=1
is_linear=0
shrinkage=0.05


Tree=96
num_leaves=31
num_cat=2
split_feature=38 29 15 44 41 40 16 45 28 50 45 22 20 41 45 50 27 42 26 13 32 29 45 37 29 13 26 24 1 37
split_gain=143.381 155.314 126.181 117.722 114.855 112.627 108.977 196.271 119.636 82.2101 73.8189 83.323 83.1932 72.0091 68.0277 62.7731 60.4449 115.832 107.484 57.0493 53.3892 52.9767 48.1311 100.804 46.3968 45.297 45.0155 57.0563 48.9357 43.096
threshold=56.500000000000007 1.3282789098138461 1.0000000180025095e-35 9.5000000000000018 212.50000000000003 36.500000000000007 -0.56174490092936669 3.5000000000000004 21.309722222222227 0 29.500000000000004 20.354166666666668 18.020833333333339 254.00000000000003 26.500000000000004 1 2.5482232800772722 65.928571428571445 10.066964285714288 197.50000000000003 7.5000000000000009 2.512922374771013 6.5000000000000009 89.612500000000011 2.6441384440675644 81.500000000000014 20.825892857142861 20.43154761904762 17.979166666666668 54.112500000000004
decision_type=2 2 2 2 2 2 2 2 2 1 2 2 2 2 2 1 2 2 2 2 2 2 2 2 2 2 2 2 2 2
left_child=10 25 4 5 6 9 7 -3 -8 -4 11 15 -13 -6 -5 16 18 -18 -1 -14 -15 -7 23 -17 -24 29 27 28 -27 -2
right_child=1 2 3 14 13 21 8 -9 -10 -11 -12 12 19 20 -16 22 17 -19 -20 -21 -22 -23 24 -25 -26 26 -28 -29 -30 -31
leaf_value=0.066527001767318295 -0.010094336531213515 -0.0087491786755831049 0.026505809387913512 -0.11618289794358944 0.058766406596596571 0.013210113790542398 0.001230596698451634 0.026601552754663055 -0.015672304919551332 0.0083963823807209938 0.073643850984696599 0.00016404088284518268 -0.05830919721296856 -0.072398070494333902 -0.011802240803435043 -0.013664916310529549 -0.038687437696502229 0.034204166205599906 0.0030252206590289758 -0.16416811795905234 0.033900139329058158 0.10788446820030612 -0.0019615589039932405 -0.052013241098477297 -0.041294731317860323 -0.007120776515367494 -0.070135721198186798 0.034716910054572885 -0.032612812295836867 0.0053356220102054588
leaf_weight=83 634 702 753 27 134 22 3358 891 1521 3765 26 37 35 21 37 973 171 80 338 20 27 45 875 208 82 3488 29 78 199 1581
leaf_count=83 634 702 753 27 134 22 3358 891 1521 3765 26 37 35 21 37 973 171 80 338 20 27 45 875 208 82 3488 29 78 199 1581
internal_value=2.15148e-06 0.00173285 0.00518593 0.0115061 0.000770134 0.0124462 -0.000331454 0.0110233 -0.00403879 0.0114919 -0.0102307 -0.0109822 -0.0578056 0.0399431 -0.0558378 -0.00944918 0.00390769 -0.0154551 0.0155446 -0.0968034 -0.0126053 0.0767974 -0.0136021 -0.0204189 -0.0053318 -0.00476243 -0.0080794 -0.00760141 -0.00849667 0.000919101
internal_weight=20240 17312 11303 4649 6654 4585 6472 1593 4879 4518 2928 2902 92 182 64 2810 672 251 421 55 48 67 2138 1181 957 6009 3794 3765 3687 2215
internal_count=20240 17312 11303 4649 6654 4585 6472 1593 4879 4518 2928 2902 92 182 64 2810 672 251 421 55 48 67 2138 1181 957 6009 3794 3765 3687 2215
cat_boundaries=0 1 2
cat_threshold=1 9
is_linear=0
shrinkage=0.05


Tree=97
num_leaves=29
num_cat=2
split_feature=50 45 3 20 24 49 45 28 13 36 27 45 27 22 37 16 42 45 26 42 24 24 20 20 13 37 9 28
split_gain=132.4 203.401 183.034 119.668 113.909 132.334 203.393 151.029 144.883 131.781 100.289 100.669 94.6989 90.172 120.475 74.2012 69.6479 68.5799 64.3413 93.7756 84.4889 73.8317 57.9615 119.956 72.7307 56.2094 51.7957 37.0066
threshold=0 25.500000000000004 2.6875000000000004 18.562500000000004 8.3065476190476222 1 4.5000000000000009 10.761805555555558 315.50000000000006 1.5000000000000002 6.9749007820073157 37.500000000000007 2.5482232800772722 30.104166666666668 90.562500000000014 1.0000000180025095e-35 64.214285714285737 1.5000000000000002 25.809523809523814 89.500000000000014 24.434523809523814 30.333333333333339 19.604166666666668 22.812500000000004 179.50000000000003 92.52500000000002 0.99465460526315796 9.7340277777777793
decision_type=1 2 2 2 2 1 2 2 2 2 2 2 2 2 2 2 2 2 2 2 2 2 2 2 2 2 2 2
left_child=1 4 10 -3 12 6 8 -7 -6 -9 11 13 17 16 -15 -8 -2 -1 19 20 -5 25 24 -24 -13 -20 -14 -28
right_child=2 3 -4 18 5 7 15 9 -10 -11 -12 22 26 14 -16 -17 -18 -19 21 -21 -22 -23 23 -25 -26 -27 27 -29
leaf_value=0.13749778385806297 -0.013318446246899969 0.15186028737001694 -0.13653530994286905 -0.050891052708029752 -0.027069843712567394 0.12318831146867187 0.029425332020104361 -0.026953323132521103 0.026030552656999953 0.0060571836161436802 -0.096550079576414205 0.13481447095120397 -0.039488762786442588 -0.11314461362337516 0.02921478651140047 -0.0061436585192545775 -0.0018486208361395134 0.039864089050506424 -0.081455239440713617 0.13709010933384752 0.083662926512105135 0.07670610306017539 -0.052510972680257895 0.060155772383290312 0.028059832942791477 0.012817097734659911 0.088167521843443744 0.0055479786104776644
leaf_weight=35 1576 26 26 20 1126 27 345 315 145 7520 29 27 33 42 23 255 8262 37 21 33 28 34 42 54 39 64 23 33
leaf_count=35 1576 26 26 20 1126 27 345 315 145 7520 29 27 33 42 23 255 8262 37 21 33 28 34 42 54 39 64 23 33
internal_value=2.90613e-06 0.00404489 -0.00403908 0.0509505 0.00297755 0.00228755 -0.00963376 0.00513031 -0.021012 0.00473002 -0.0037018 -0.00343428 0.0446907 -0.00407385 -0.0627713 0.0143085 -0.00368603 0.0873249 0.0378323 0.0722064 0.0275988 0.0144348 0.0356622 0.0108641 0.0717322 -0.0104737 0.0102001 0.039481
internal_weight=20240 10120 10120 226 9894 9733 1871 7862 1271 7835 10094 10065 161 9903 65 600 9838 72 200 81 48 119 162 96 66 85 89 56
internal_count=20240 10120 10120 226 9894 9733 1871 7862 1271 7835 10094 10065 161 9903 65 600 9838 72 200 81 48 119 162 96 66 85 89 56
cat_boundaries=0 1 2
cat_threshold=45 2
is_linear=0
shrinkage=0.05


Tree=98
num_leaves=31
num_cat=1
split_feature=45 16 50 26 22 39 32 15 1 37 1 23 20 48 45 22 29 24 48 1 4 45 29 0 37 9 19 18 44 46
split_gain=129.313 258.426 172.405 118.273 131.307 163.708 104.897 101.555 104.623 113.306 109.661 93.1226 112.353 92.0736 86.1345 113.752 119.463 80.0744 78.9621 78.516 209.927 108.82 130.907 94.3955 79.7102 78.2554 67.0167 72.042 65.8567 66.4889
threshold=10.500000000000002 1.0000000180025095e-35 0 33.949404761904766 34.812500000000007 42.500000000000007 4.5000000000000009 0.6078576107927941 31.604166666666668 103.26250000000002 31.437500000000004 18.187500000000004 26.812500000000004 0.94642857142857151 37.500000000000007 30.687500000000004 5.841332857399518 25.782738095238098 0.91071428571428592 41.479166666666679 0.43750000000000006 22.500000000000004 5.1612233359612976 20.645833333333339 89.187500000000014 0.99606274801587313 1.0000000180025095e-35 -0.68301270189221952 9.5000000000000018 0.87500000000000011
decision_type=2 2 1 2 2 2 2 2 2 2 2 2 2 2 2 2 2 2 2 2 2 2 2 2 2 2 2 2 2 2
left_child=3 2 19 4 6 -6 11 8 10 25 17 13 -13 -1 15 16 -4 -3 -16 20 24 23 -23 -21 -2 -10 27 -8 29 -9
right_child=1 7 14 -5 5 -7 26 28 9 -11 -12 12 -14 -15 18 -17 -18 -19 -20 21 -22 22 -24 -25 -26 -27 -28 -29 -30 -31
leaf_value=0.0039837769461079564 0.083004930164468915 -0.0014506497008302532 0.0075116948788293732 0.043037206091308344 -0.15706626717602054 -0.010820992439985275 -0.0090366072244050556 0.051721937314275358 -0.016006833876785937 0.065494139713700869 0.11315675072371961 -0.030246481769207918 0.055379199452425656 -0.0078378057394672823 -0.024016646554936533 -0.092401679487278066 -0.059255232697055828 -0.053543850647497782 0.084225011983561138 0.036192256494511653 0.014942966411231239 0.0072491972260953236 0.097537756867814754 -0.022893449314974348 0.038963355884182566 -0.048956659761613903 0.04239589815821361 0.0062519665557846799 -0.066402060525684523 0.0057985692397578923
leaf_weight=2264 228 1114 2307 139 31 50 1021 87 406 32 20 584 41 6045 23 30 69 79 63 97 495 96 69 223 187 324 108 3141 29 838
leaf_count=2264 228 1114 2307 139 31 50 1021 87 406 32 20 584 41 6045 23 30 69 79 63 97 495 96 69 223 187 324 108 3141 29 838
internal_value=2.76083e-06 0.00561145 0.0140628 -0.00284504 -0.0033251 -0.0667914 -0.00293577 -0.0056041 -0.0120748 -0.0265944 -0.00295371 -0.00601675 -0.0246294 -0.00461671 0.00608418 0.00435113 0.00557276 -0.00490024 0.0552767 0.0280708 0.0369319 0.0120236 0.0450062 -0.00498309 0.0631597 -0.0306311 0.00351049 0.00250145 0.00779177 0.0101178
internal_weight=20240 6816 3887 13424 13285 81 13204 2929 1975 762 1213 8934 625 8309 2492 2406 2376 1193 86 1395 910 485 165 320 415 730 4270 4162 954 925
internal_count=20240 6816 3887 13424 13285 81 13204 2929 1975 762 1213 8934 625 8309 2492 2406 2376 1193 86 1395 910 485 165 320 415 730 4270 4162 954 925
cat_boundaries=0 1
cat_threshold=33
is_linear=0
shrinkage=0.05


Tree=99
num_leaves=31
num_cat=0
split_feature=29 13 13 28 13 29 43 35 16 45 22 13 42 14 43 43 29 39 27 21 37 27 13 22 37 13 27 37 35 1
split_gain=123.493 135.041 260.058 161.488 134.448 152.328 130.109 126.432 116.922 130.483 176.252 113.682 342.687 305.728 111.038 115.807 109.426 156.473 131.974 85.3086 74.9772 50.4272 43.8601 55.2751 48.2836 43.4577 40.9988 38.319 143.598 30.697
threshold=1.3282789098138461 138.50000000000003 237.50000000000003 30.463888888888892 243.50000000000003 4.6268550377975393 7.3571428571428585 3.2142857142857149 1.0000000180025095e-35 3.5000000000000004 34.687500000000007 205.50000000000003 111.50000000000001 28.500000000000004 27.214285714285719 18.357142857142858 3.3117260699530182 48.500000000000007 2.8160581532968956 26.062500000000004 59.662500000000009 1.7367642234905663 81.500000000000014 20.979166666666668 100.72500000000001 325.50000000000006 1.6442546327982808 54.112500000000004 7.5000000000000009 15.85416666666667
decision_type=2 2 2 2 2 2 2 2 2 2 2 2 2 2 2 2 2 2 2 2 2 2 2 2 2 2 2 2 2 2
left_child=21 6 3 11 5 7 29 -4 9 10 -8 13 -13 -3 15 -6 18 -18 -10 -16 -11 22 26 24 25 -24 27 28 -1 -2
right_child=1 2 4 -5 14 -7 8 -9 16 20 -12 12 -14 -15 19 -17 17 -19 -20 -21 -22 -23 23 -25 -26 -27 -28 -29 -30 -31
leaf_value=-0.0051849295783189158 -0.027993469788426803 -0.008770547742172138 -0.0029838027537993669 -0.11644957738263267 0.0022024620548849795 0.15250380218029025 0.0074329177647216001 0.086904655455521521 0.003092825010721798 0.085607567726045247 -0.090215038492654775 -0.013453426259230853 -0.10857885476024379 0.044808366990684891 -0.11994746081531048 0.023799973725991727 -0.026651777395048832 0.028063345392278973 0.046731871219080449 -0.0071579914049882641 0.022906788715682851 0.061476226204207965 -0.011487589529816166 -0.07218341949936824 0.018022599599748498 0.0021150654294119289 -0.069754770362661006 0.0045452707998610556 -0.12973625380545856 -0.10078691001981498
leaf_weight=647 28 3019 106 35 2470 30 1240 62 1339 49 48 963 105 292 30 829 588 168 199 38 1768 28 3538 34 169 704 21 1639 24 30
leaf_count=647 28 3019 106 35 2470 30 1240 62 1339 49 48 963 105 292 30 829 588 168 199 38 1768 28 3538 34 169 704 21 1639 24 30
internal_value=2.62275e-06 0.00278191 -0.00136354 -0.00947585 0.00868072 0.0487218 0.00884321 0.0301893 0.00964342 0.0159679 0.00379386 -0.00862084 -0.0228056 -0.00404538 0.00632606 0.00762966 0.00108297 -0.0144929 0.00873923 -0.0569181 0.0245977 -0.00548569 -0.00576239 -0.00867548 -0.00818596 -0.0092301 -0.000207409 0.00042484 -0.00963982 -0.0656452
internal_weight=20240 13436 7979 4414 3565 198 5457 168 5399 3105 1288 4379 1068 3311 3367 3299 2294 756 1538 68 1817 6804 6776 4445 4411 4242 2331 2310 671 58
internal_count=20240 13436 7979 4414 3565 198 5457 168 5399 3105 1288 4379 1068 3311 3367 3299 2294 756 1538 68 1817 6804 6776 4445 4411 4242 2331 2310 671 58
is_linear=0
shrinkage=0.05


Tree=100
num_leaves=31
num_cat=2
split_feature=15 50 45 1 23 4 45 21 36 48 13 13 50 36 35 28 1 45 27 25 13 39 7 38 21 42 27 29 25 43
split_gain=119.257 139.291 193.639 140.661 108.612 100.304 90.7377 112.811 104.507 155.069 94.0027 108.783 162.671 137.628 131.086 130.796 103.876 98.2494 117.879 95.4229 87.3957 82.1576 74.5986 74.1903 87.3972 72.1465 69.9031 81.5003 72.2166 65.189
threshold=1.0000000180025095e-35 0 20.500000000000004 41.812500000000007 22.687500000000004 0.52083333333333337 35.500000000000007 15.85416666666667 2.785714285714286 0.94642857142857151 79.500000000000014 319.50000000000006 1 4.6428571428571432 10.642857142857144 30.954166666666669 37.270833333333336 32.500000000000007 2.6458567644827999 4.2273018591030871 87.500000000000014 32.500000000000007 0.13538244634253174 80.500000000000014 16.270833333333339 78.071428571428584 3.1356625142054413 3.3439206148066627 3.3177711969292472 11.071428571428573
decision_type=2 1 2 2 2 2 2 2 2 2 2 2 1 2 2 2 2 2 2 2 2 2 2 2 2 2 2 2 2 2
left_child=6 2 3 5 -5 21 10 -8 9 -9 17 14 15 -14 20 -13 -16 18 -1 -20 -12 -2 -7 24 26 -6 28 -28 -3 -26
right_child=1 23 -4 4 25 22 7 8 -10 -11 11 12 13 -15 16 -17 -18 -19 19 -21 -22 -23 -24 -25 29 -27 27 -29 -30 -31
leaf_value=5.4566825786387308e-05 0.028921594709278117 -0.0013474668505406742 0.11645516451521248 -0.10343941272031972 0.073795078762552965 0.01192299232565916 -0.051561602733788951 0.011894946613095024 0.018861243906843513 0.18928408711882574 -0.032168882765685851 0.020193569272606248 -0.0062010585621465001 -0.13978784888982773 -0.011194553051609546 0.10654147548290592 -0.15295163861425995 -0.10590023744851351 0.036961437977068794 -0.019012878458666546 -0.0066964816706878679 0.082955278558554238 -0.084195409076554442 0.0062206195538550462 -0.066629013308399432 -0.052855899806498831 0.075681185841676782 -0.0023850036116449965 -0.090350133698919546 -0.015602163968750006
leaf_weight=2081 310 2513 51 41 22 521 31 22 79 28 353 508 536 20 24 48 28 20 420 93 7309 91 21 4410 74 23 64 70 23 406
leaf_count=2081 310 2513 51 41 22 521 31 22 79 28 353 508 536 20 24 48 28 20 420 93 7309 91 21 4410 74 23 64 70 23 406
internal_value=2.4916e-06 0.00444962 0.02116 0.0166426 -0.0445722 0.0222252 -0.00330985 0.0340829 0.0546642 0.111233 -0.00383283 -0.00629942 0.00832086 -0.0108119 -0.00840699 0.0271596 -0.0875253 0.00449547 0.00534663 0.026814 -0.00787003 0.0411836 0.00819885 0.00203175 -0.00382623 0.00906236 -0.000294978 0.0349003 -0.00215467 -0.0234688
internal_weight=20240 8640 1080 1029 86 943 11600 160 129 50 11440 8826 1112 556 7714 556 52 2614 2594 513 7662 401 542 7560 3150 45 2670 134 2536 480
internal_count=20240 8640 1080 1029 86 943 11600 160 129 50 11440 8826 1112 556 7714 556 52 2614 2594 513 7662 401 542 7560 3150 45 2670 134 2536 480
cat_boundaries=0 1 2
cat_threshold=1 141
is_linear=0
shrinkage=0.05


Tree=101
num_leaves=31
num_cat=3
split_feature=38 29 15 44 40 41 16 20 50 41 50 39 29 48 42 20 22 13 6 31 13 43 42 27 34 27 50 6 21 25
split_gain=112.61 121.369 97.7323 101.298 97.6031 96.5388 89.4977 115.49 114.404 64.7443 60.1595 48.0246 47.6498 46.4445 74.4394 132.883 70.8455 125.391 71.7109 46.4086 42.2202 69.6768 80.9522 50.5926 62.6427 47.003 40.4822 39.5453 56.9819 44.4762
threshold=56.500000000000007 1.3282789098138461 1.0000000180025095e-35 9.5000000000000018 36.500000000000007 212.50000000000003 -0.56174490092936669 26.229166666666668 0 254.00000000000003 1 33.500000000000007 2.512922374771013 0.91071428571428592 54.357142857142868 8.6041666666666696 20.854166666666668 197.50000000000003 0.50993384454256951 8.5000000000000018 141.50000000000003 7.3571428571428585 64.785714285714292 2.8637384281844049 2.5000000000000004 3.3193509680181057 2 0.43409931602456731 19.770833333333339 2.6147601944498331
decision_type=2 2 2 2 2 2 2 2 1 2 1 2 2 2 2 2 2 2 2 2 2 2 2 2 2 2 1 2 2 2
left_child=13 -2 5 4 10 6 8 -8 -3 -7 -4 -5 -6 14 15 -1 20 18 -18 -11 23 25 -23 26 -25 -22 -15 -16 29 -29
right_child=1 2 3 11 12 9 7 -9 -10 19 -12 -13 -14 16 27 -17 17 -19 -20 -21 21 22 -24 24 -26 -27 -28 28 -30 -31
leaf_value=-0.0031404936707324603 -0.004205614143472881 0.021236816760178107 0.02298184100457322 -0.081520130112767222 0.010622894361784513 0.054464898044382461 -0.00035515244691784238 -0.021534268995734768 -0.0058324834867586606 -0.071382693946361542 0.007484169477967712 0.011923634484410287 0.10041135772234865 -0.015047758897493151 -0.048913998784203279 0.15148470195320746 0.061239746073260909 -0.13793356637159984 -0.069427858789761862 0.028340375395782758 0.0014820816936087433 -0.029033924581838767 -0.0051043400285209744 -0.11767434649169446 -0.0026500934156878241 0.077028886567462582 0.0097844136306472762 0.0086285107750257457 0.082481186582960872 -0.073119066506624225
leaf_weight=33 6009 925 753 44 22 134 4116 763 668 20 3765 20 45 220 38 24 21 30 21 28 321 822 620 20 29 22 566 99 22 20
leaf_count=33 6009 925 753 44 22 134 4116 763 668 20 3765 20 45 220 38 24 21 30 21 28 321 822 620 20 29 22 566 99 22 20
internal_value=2.36702e-06 0.00153615 0.00458864 0.0101509 0.0110229 0.000702392 -0.000307549 -0.00366724 0.00998242 0.0366163 0.0101345 -0.052319 0.0709286 -0.00906624 0.0122021 0.0619649 -0.0109308 -0.0598605 -0.00409406 -0.0132109 -0.00958614 -0.0139273 -0.0187452 -0.00030599 -0.0495988 0.00632765 0.00276697 -0.00364416 0.00855622 -0.00511058
internal_weight=20240 17312 11303 4649 4585 6654 6472 4879 1593 182 4518 64 67 2928 236 57 2692 72 42 48 2620 1785 1442 835 49 343 786 179 141 119
internal_count=20240 17312 11303 4649 4585 6654 6472 4879 1593 182 4518 64 67 2928 236 57 2692 72 42 48 2620 1785 1442 835 49 343 786 179 141 119
cat_boundaries=0 1 2 3
cat_threshold=225 1 6
is_linear=0
shrinkage=0.05


Tree=102
num_leaves=31
num_cat=2
split_feature=45 16 50 23 13 42 28 24 49 35 13 36 27 13 27 29 25 14 30 25 13 1 29 36 37 35 28 28 30 37
split_gain=108.331 167.334 114.007 198.381 119.405 153.47 149.486 300.855 135.985 197.364 175.405 129.884 164.204 152.093 106.965 98.8399 90.5173 85.9336 113.483 142.911 109.375 124.616 90.9834 110.154 86.611 103.665 85.3502 118.019 88.3388 79.0391
threshold=12.500000000000002 -0.56174490092936669 0 19.854166666666668 317.50000000000006 67.214285714285737 30.954166666666669 31.696428571428573 1 4.2142857142857153 147.50000000000003 3.0714285714285716 2.4496727668710849 72.500000000000014 2.7283329234201736 3.373687276310998 3.9488399104620719 46.500000000000007 0.55654761904761918 1.6145369264488285 313.50000000000006 31.729166666666668 4.9935732012093332 3.2142857142857149 99.71250000000002 5.5000000000000009 23.336111111111112 26.006944444444446 0.011904761904761927 89.612500000000011
decision_type=2 2 1 2 2 2 2 2 1 2 2 2 2 2 2 2 2 2 2 2 2 2 2 2 2 2 2 2 2 2
left_child=2 16 4 14 8 -6 7 -7 11 15 -11 12 -1 -13 -4 -10 -2 20 22 -20 24 -22 23 -19 25 -3 -5 -28 -29 -18
right_child=1 17 3 26 5 6 -8 -9 9 10 -12 13 -14 -15 -16 -17 29 18 19 -21 21 -23 -24 -25 -26 -27 27 28 -30 -31
leaf_value=0.043796100104666509 0.014021113898861556 0.0048478116384122845 -0.0059883004055271685 -0.078175181085537157 0.11263649734583768 0.015205099763811009 0.088004629397048395 -0.17331766919656233 0.0512348833335034 0.0098608931579249621 -0.01031131737446643 0.0069365957347913114 -0.019114044828479906 -0.036779462506737449 0.024418828390161407 -0.027493484642194668 0.067341581210244583 -0.038666708592791116 0.042172431903226039 -0.11624020899956425 -0.0093588483472496781 -0.12740198257896637 0.13027348493891103 0.079238383901806986 0.026464458667062998 -0.013377317384718593 0.026635708192835995 -0.11705321234006148 -0.010631961203538456 0.015528863202780486
leaf_weight=191 1252 2068 7392 127 44 556 65 22 299 2593 1844 283 227 670 301 46 168 32 35 24 59 36 35 52 290 1253 67 39 39 131
leaf_count=191 1252 2068 7392 127 44 556 65 22 299 2593 1844 283 227 670 301 46 168 32 35 24 59 36 35 52 290 1253 67 39 39 131
internal_value=3.25184e-06 0.00604058 -0.00221309 -0.00627446 0.00252177 0.022296 0.0161141 0.00802949 0.000318014 0.00430087 0.0014774 -0.0135069 0.00963198 -0.0237977 -0.00479858 0.0407378 0.019924 0.000496511 0.034432 -0.0222666 -0.00113342 -0.054091 0.0625431 0.0343222 0.000259814 -0.00202846 -0.0482477 -0.0220354 -0.0638426 0.044641
internal_weight=20240 5435 14805 7965 6840 687 643 578 6153 4782 4437 1371 418 953 7693 345 1551 3884 178 59 3706 95 119 84 3611 3321 272 145 78 299
internal_count=20240 5435 14805 7965 6840 687 643 578 6153 4782 4437 1371 418 953 7693 345 1551 3884 178 59 3706 95 119 84 3611 3321 272 145 78 299
cat_boundaries=0 1 2
cat_threshold=13 2
is_linear=0
shrinkage=0.05


Tree=103
num_leaves=31
num_cat=0
split_feature=27 13 13 5 13 23 43 13 28 1 37 13 22 28 29 28 29 22 13 27 43 37 36 1 21 27 28 43 27 43
split_gain=102.954 188.514 221.428 264.566 164.453 261.01 188.478 427.065 227.013 154.247 149.685 105.797 101.345 87.0662 136.446 138.255 138.752 105.433 107.516 101.662 93.0947 85.7369 81.4088 110.147 68.9507 82.5577 63.4015 106.697 100.458 49.4869
threshold=1.4782344917062775 79.500000000000014 89.500000000000014 1.0000000180025095e-35 113.50000000000001 34.187500000000007 21.214285714285719 132.50000000000003 31.826388888888893 57.187500000000007 56.51250000000001 98.500000000000014 15.062500000000002 24.964583333333337 1.6894282060381465 28.202083333333338 3.9014947682245289 20.062500000000004 52.500000000000007 2.2537404446262586 18.642857142857149 85.812500000000014 9.5000000000000018 27.937500000000004 29.354166666666668 2.0470116633224111 13.827777777777781 13.071428571428573 2.6848419345157071 10.928571428571431
decision_type=2 2 2 2 2 2 2 2 2 2 2 2 2 2 2 2 2 2 2 2 2 2 2 2 2 2 2 2 2 2
left_child=22 13 3 9 5 10 8 -8 -6 12 -4 -7 -3 17 -15 16 -16 26 19 -19 -17 -20 23 29 25 -5 28 -28 -2 -1
right_child=1 2 4 24 6 11 7 -9 -10 -11 -12 -13 -14 14 15 20 -18 18 21 -21 -22 -23 -24 -25 -26 -27 27 -29 -30 -31
leaf_value=-0.01100969664026932 0.020026008550441565 0.010470760475311961 -0.039992590942824993 -0.03630457619825999 0.0021166496624317149 0.15908339980575775 -0.14018862326755316 -0.011716659422529 -0.12737829177914298 -0.2120101946592331 0.020733410740249088 0.035294084201034692 -0.085788250166177749 -0.1228694723475547 0.011688870442144219 0.13089744221596492 -0.057565014495507008 0.082955539016984409 0.065818488207168693 0.0084587568816329763 0.022081986211804547 0.17159001755714418 0.027842644070826317 -0.11647857088934294 -0.067475083007894718 0.040658121931959286 -0.030573889792004288 0.019136439798000671 0.085902401302009823 -0.00228237952226777
leaf_weight=2164 334 35 115 51 7387 45 74 514 34 20 863 28 125 21 168 21 127 64 82 161 307 25 196 22 29 110 150 385 70 6513
leaf_count=2164 334 35 115 51 7387 45 74 514 34 20 863 28 125 21 168 21 127 64 82 161 307 25 196 22 29 110 150 385 70 6513
internal_value=3.0892e-06 0.00316069 0.000256215 -0.0376572 0.00180456 0.0204004 -0.000635721 -0.0278849 0.00152336 -0.0810959 0.0135928 0.111603 -0.0647316 0.0174631 0.00248561 0.00671106 -0.0181255 0.0250521 0.0492707 0.029649 0.0290488 0.0905315 -0.00402423 -0.00474223 0.00349517 0.0162786 0.0164891 0.00519896 0.0314402 -0.00445893
internal_weight=20240 11345 9430 370 9060 1051 8009 588 7421 180 978 73 160 1915 644 623 295 1271 332 225 328 107 8895 8699 190 161 939 535 404 8677
internal_count=20240 11345 9430 370 9060 1051 8009 588 7421 180 978 73 160 1915 644 623 295 1271 332 225 328 107 8895 8699 190 161 939 535 404 8677
is_linear=0
shrinkage=0.05


Tree=104
num_leaves=31
num_cat=2
split_feature=15 50 45 1 23 4 45 36 28 30 37 25 13 13 50 36 28 13 28 22 35 45 27 24 37 23 27 26 6 27
split_gain=99.1582 113.636 173.134 123.319 96.0185 85.4852 79.4708 81.9101 119.452 90.3799 78.7169 77.86 76.8785 87.5581 134.177 121.891 110.087 86.4338 130.737 69.7999 68.2462 68.0838 104.949 92.6171 91.7149 77.6578 75.1237 72.3118 65.188 61.7183
threshold=1.0000000180025095e-35 0 19.500000000000004 41.812500000000007 22.687500000000004 0.52083333333333337 36.500000000000007 2.5000000000000004 18.454861111111118 0.047619047619047609 64.112500000000011 2.7939238009117249 55.500000000000007 319.50000000000006 1 4.6428571428571432 30.954166666666669 311.50000000000006 12.265972222222222 37.270833333333336 5.7857142857142865 29.500000000000004 3.3518693874237635 15.437500000000002 90.562500000000014 15.97916666666667 6.9749007820073157 19.531250000000004 0.86612525944717167 0.46024928306786145
decision_type=2 1 2 2 2 2 2 2 2 2 2 2 2 2 1 2 2 2 2 2 2 2 2 2 2 2 2 2 2 2
left_child=6 2 3 5 -5 11 12 8 -8 -9 -4 -2 29 17 16 -16 -15 19 -19 -14 -6 26 24 -24 27 -25 -3 -23 -7 -1
right_child=1 21 10 4 20 28 7 9 -10 -11 -12 -13 13 14 15 -17 -18 18 -20 -21 -22 22 23 25 -26 -27 -28 -29 -30 -31
leaf_value=-0.0068439163007076188 0.058597761307906948 0.001119796382250309 0.029833483859896662 -0.10424432033622587 0.073255221731960779 -0.079837620187373393 0.012191485924025377 -0.041416844456335124 0.1734893953258341 0.060031231989463175 0.14348930157721043 0.014115859887709742 -0.0058031178915715319 0.018809027398853199 -0.004933561992899166 -0.130646691005677 0.098019978652397796 0.0074019411424647132 -0.08356949517515154 -0.072006468856707223 -0.051803773703674477 -0.088048311757544684 -0.060639055594801906 0.13662865969041985 0.066160306162559065 0.041259442712783506 -0.089388481462779265 0.0031744704395532605 0.010017153820864714 0.013864572384524949
leaf_weight=549 204 7187 25 37 20 21 24 46 22 42 39 190 8559 509 537 20 48 71 89 40 24 42 20 24 26 193 23 45 520 1044
leaf_count=549 204 7187 25 37 20 21 24 46 22 42 39 190 8559 509 537 20 48 71 89 40 24 42 20 24 26 193 23 45 520 1044
internal_value=2.93475e-06 0.00405803 0.0191514 0.0143042 -0.0448793 0.0194313 -0.00301741 0.0352649 0.089334 0.00700156 0.0990925 0.0371471 -0.00346481 -0.00510937 0.0080938 -0.00928088 0.025183 -0.00678859 -0.0432009 -0.00611108 0.00504122 0.00187403 0.0234125 0.0423181 -0.016239 0.0518072 0.000831074 -0.0408641 0.00652926 0.00672775
internal_weight=20240 8640 1080 1016 81 935 11600 134 46 88 64 394 11466 9873 1114 557 557 8759 160 8599 44 7560 350 237 113 217 7210 87 541 1593
internal_count=20240 8640 1080 1016 81 935 11600 134 46 88 64 394 11466 9873 1114 557 557 8759 160 8599 44 7560 350 237 113 217 7210 87 541 1593
cat_boundaries=0 1 2
cat_threshold=1 141
is_linear=0
shrinkage=0.05


Tree=105
num_leaves=31
num_cat=2
split_feature=45 16 50 1 35 48 50 23 30 24 18 24 27 22 0 28 27 6 37 37 9 21 22 36 25 29 1 4 29 27
split_gain=97.4093 203.147 140.093 101.951 157.165 101.852 108.886 271.759 144.325 162.069 100.008 98.3204 248.841 155.305 86.6978 107.888 85.5731 149.065 81.9473 108.627 206.985 108.752 74.3572 107.504 77.4074 84.7305 71.4791 185.526 94.6016 126.522
threshold=10.500000000000002 1.0000000180025095e-35 0 41.145833333333336 4.9285714285714297 0.94642857142857151 1 19.854166666666668 0.27678571428571441 20.30654761904762 1.0000000180025095e-35 25.092261904761909 2.7046898842696265 26.395833333333339 26.062500000000004 30.463888888888892 2.6062921726831605 0.54950373427672961 103.72500000000001 79.375000000000014 0.99726113505747149 27.895833333333339 30.354166666666668 3.785714285714286 4.0267684567904753 5.841332857399518 41.479166666666679 0.52083333333333337 3.5838080523663769 3.639433783520289
decision_type=2 2 1 2 2 2 1 2 2 2 2 2 2 2 2 2 2 2 2 2 2 2 2 2 2 2 2 2 2 2
left_child=3 2 26 5 -5 6 8 -8 9 -1 11 13 -13 -7 15 -3 -12 -18 19 20 -16 -21 24 -24 25 -4 27 -2 -28 -30
right_child=1 14 22 4 -6 10 7 -9 -10 -11 16 12 -14 -15 18 -17 17 -19 -20 21 -22 -23 23 -25 -26 -27 28 -29 29 -31
leaf_value=0.020563126532970603 0.057337093971765202 -0.0026835598329738581 0.0051735364015635648 0.023928690892530653 -0.10224801559121377 -0.0093806685397747405 -0.0014645618917055849 -0.10574552435141343 0.0040474194220183769 0.089418926321006578 -0.0021524857445783538 0.098083080130594746 -0.064695836067484289 0.064100596731630696 0.044992753338495582 0.083341251877514094 -0.084608906665534694 0.024817334040409887 0.056098268402676135 -0.03191371516678887 -0.097045395544597082 -0.10652783979932148 -0.14454602301120759 0.01742937108058305 0.03496801988568244 -0.055057541883240149 0.077077674088960005 0.012110698222533148 -0.039388662685450986 0.019699987958095248
leaf_weight=527 429 2440 2176 41 62 4804 1609 65 1873 102 3481 27 180 73 96 37 33 547 29 230 35 62 20 21 215 60 47 481 128 310
leaf_count=527 429 2440 2176 41 62 4804 1609 65 1873 102 3481 27 180 73 96 37 33 547 29 230 35 62 20 21 215 60 47 481 128 310
internal_value=2.78805e-06 0.00487068 0.0123638 -0.00246887 -0.0520223 -0.00208572 0.00438419 -0.00548096 0.0109627 0.0317289 -0.00504015 -0.0097133 -0.0434638 -0.00828078 -0.00507326 -0.00139857 0.000810191 0.0185914 -0.0252109 -0.0307853 0.00704363 -0.0477564 0.00517481 -0.061583 0.00631264 0.00355732 0.0249899 0.0334317 0.00966577 0.00243207
internal_weight=20240 6816 3887 13424 103 13321 4176 1674 2502 629 9145 5084 207 4877 2929 2477 4061 580 452 423 131 292 2492 41 2451 2236 1395 910 485 438
internal_count=20240 6816 3887 13424 103 13321 4176 1674 2502 629 9145 5084 207 4877 2929 2477 4061 580 452 423 131 292 2492 41 2451 2236 1395 910 485 438
cat_boundaries=0 1 2
cat_threshold=33 141
is_linear=0
shrinkage=0.05


Tree=106
num_leaves=29
num_cat=2
split_feature=38 29 43 7 38 6 39 45 22 20 1 50 38 28 28 23 35 37 50 29 37 22 13 24 28 42 35 28
split_gain=91.6232 96.7968 87.2121 91.7469 81.4688 156.433 86.7421 63.0314 75.2416 70.0507 52.3192 48.5585 56.5214 57.6383 41.4439 80.302 45.9385 32.5814 58.2122 64.046 58.9573 41.0489 31.5175 46.4331 31.4602 28.1028 15.8439 16.3067
threshold=56.500000000000007 1.3282789098138461 5.3571428571428585 0.76240128586785749 193.50000000000003 0.78063793305015405 69.500000000000014 29.500000000000004 20.354166666666668 18.020833333333339 41.854166666666679 0 53.500000000000007 9.6562500000000018 12.104166666666668 10.520833333333334 4.7857142857142865 100.06250000000001 1 1.266114597038696 92.312500000000014 8.1458333333333339 93.500000000000014 20.43154761904762 17.770138888888891 54.357142857142868 2.0714285714285716 18.999305555555559
decision_type=2 2 2 2 2 2 2 2 2 2 2 1 2 2 2 2 2 2 1 2 2 2 2 2 2 2 2 2
left_child=7 17 -3 4 6 -6 -4 8 11 -10 -11 12 13 -1 16 -16 -13 18 19 20 -2 -19 24 -24 -20 -14 -23 -28
right_child=1 2 3 -5 5 -7 -8 -9 9 10 -12 14 25 -15 15 -17 -18 21 22 -21 -22 26 23 -25 -26 -27 27 -29
leaf_value=0.068235056368368005 -0.093630167416163868 -0.079637109920863189 0.0034037909499265682 0.091665046090881039 0.070059041211854176 0.0069159816110842542 -0.091758553567342471 0.069326737215026066 -0.00017258335609693788 -0.12747729313285913 -0.027100629678794314 -0.009328535662841992 0.088834598592736513 -0.0053288329004191727 -0.10639178330699604 -0.019781562802569583 0.060297697332377234 -0.055064851082861424 0.0028352739677927922 -0.11573029231900972 0.0046080951113253834 0.053488769096632797 -0.0080700741575212582 0.028963556731569359 -0.01313421788415743 0.024937577173113824 0.0037279822657881089 0.032804792282449736
leaf_weight=28 21 31 10718 30 134 366 24 26 37 34 21 1836 22 543 30 248 24 20 2083 24 56 30 3120 87 362 79 129 77
leaf_count=28 21 31 10718 30 134 366 24 26 37 34 21 1836 22 543 30 248 24 20 2083 24 56 30 3120 87 362 79 129 77
internal_value=2.64862e-06 0.00138615 0.00411218 0.00434251 0.00410948 0.0238383 0.00319118 -0.00817739 -0.00887178 -0.0533666 -0.0891517 -0.00741501 0.00431298 -0.0017215 -0.0110697 -0.029128 -0.00843013 -0.00374155 -0.0045182 -0.0404118 -0.0221842 0.0137119 -0.00379857 -0.00706542 0.000470875 0.0388557 0.0195404 0.0145965
internal_weight=20240 17312 11303 11272 11242 500 10742 2928 2902 92 55 2810 672 571 2138 278 1860 6009 5753 101 77 256 5652 3207 2445 101 236 206
internal_count=20240 17312 11303 11272 11242 500 10742 2928 2902 92 55 2810 672 571 2138 278 1860 6009 5753 101 77 256 5652 3207 2445 101 236 206
cat_boundaries=0 1 2
cat_threshold=9 32
is_linear=0
shrinkage=0.05


Tree=107
num_leaves=31
num_cat=1
split_feature=15 50 45 1 21 22 23 29 41 29 25 45 48 36 42 41 26 22 43 24 45 44 40 42 27 24 20 48 13 22
split_gain=89.489 97.488 154.743 109.739 90.4049 150.606 86.6995 71.828 71.8177 73.4825 77.8559 68.7179 94.0078 139.7 62.9232 61.7561 64.9347 100.481 58.8442 58.7513 58.7253 94.4023 121.343 140.315 94.1551 82.4941 74.7544 72.223 114.759 58.1731
threshold=1.0000000180025095e-35 0 20.500000000000004 41.812500000000007 36.770833333333336 23.937500000000004 22.687500000000004 4.660508174669407 212.50000000000003 2.3207241689741012 1.1410524076794888 36.500000000000007 0.94642857142857151 2.785714285714286 78.071428571428584 210.50000000000003 33.949404761904766 33.020833333333336 28.000000000000004 19.758928571428577 29.500000000000004 7.5000000000000009 17.500000000000004 121.35714285714288 3.3518693874237635 15.437500000000002 16.645833333333339 0.98214285714285732 156.50000000000003 21.187500000000004
decision_type=2 1 2 2 2 2 2 2 2 2 2 2 2 2 2 2 2 2 2 2 2 2 2 2 2 2 2 2 2 2
left_child=8 2 3 4 5 -2 29 -6 11 -10 -11 15 19 -14 -8 16 17 -1 -18 -13 21 -3 23 -23 27 -26 -27 28 -22 -5
right_child=1 20 -4 6 7 -7 14 -9 9 10 -12 12 13 -15 -16 -17 18 -19 -20 -21 24 22 -24 -25 25 26 -28 -29 -30 -31
leaf_value=-0.0033954106141948002 0.012877433230620492 0.001650478363353665 0.10301319635381885 -0.03475482386448199 -0.00083789222408086066 0.065858829746192157 0.068090856769545516 -0.11503162440799533 -0.014398700883007282 -0.034487111508846285 0.062368411144821861 -0.057783042907249185 0.14753948943971684 -0.00027631511611323205 -0.050187849544960521 -0.083959791778276366 0.052094750090649261 -0.036934889789278572 -0.021524943136855178 0.035329205873939729 0.11071990769017825 -0.0398656185617614 0.024022247043854379 -0.18825426342941465 -0.057425502911210062 0.10950052876298021 0.034533554790885483 -0.064859821961985697 -0.028124399977209776 -0.15390600055456161
leaf_weight=10859 717 7076 51 21 40 165 22 21 77 25 122 32 33 31 23 24 95 228 38 36 22 66 47 21 20 41 176 45 46 20
leaf_count=10859 717 7076 51 21 40 165 22 21 77 25 122 32 33 31 23 24 95 228 38 36 22 66 47 21 20 41 176 45 46 20
internal_value=2.51617e-06 0.00385483 0.0178349 0.0137865 0.0187175 0.0227889 -0.0402825 -0.0401505 -0.00286679 0.0251699 0.0458964 -0.00341885 0.0324472 0.0759412 0.0076373 -0.00383991 -0.00366853 -0.00408514 0.0310606 -0.00848832 0.00183166 0.000863157 -0.0407121 -0.0756836 0.0218353 0.0397423 0.0486978 -0.0157219 0.0167958 -0.0928773
internal_weight=20240 8640 1080 1029 943 882 86 61 11600 224 147 11376 132 64 45 11244 11220 11087 133 68 7560 7210 134 87 350 237 217 113 68 41
internal_count=20240 8640 1080 1029 943 882 86 61 11600 224 147 11376 132 64 45 11244 11220 11087 133 68 7560 7210 134 87 350 237 217 113 68 41
cat_boundaries=0 1
cat_threshold=1
is_linear=0
shrinkage=0.05


Tree=108
num_leaves=31
num_cat=3
split_feature=45 16 50 1 35 48 50 23 30 24 18 25 20 22 48 38 0 29 28 35 13 27 50 29 7 48 28 26 23 29
split_gain=83.2603 183.44 123.355 92.9093 139.469 89.6017 96.7202 244.62 129.233 144.639 88.9542 90.8971 229.415 108.268 84.1895 138.105 209.686 143.866 116.894 113.527 95.4794 76.0728 91.5512 71.6725 70.1778 68.6073 109.557 120.612 103.173 98.9913
threshold=10.500000000000002 1.0000000180025095e-35 0 41.145833333333336 4.9285714285714297 0.94642857142857151 1 19.854166666666668 0.27678571428571441 20.30654761904762 1.0000000180025095e-35 3.3177711969292472 23.687500000000004 29.062500000000004 0.94642857142857151 141.50000000000003 20.312500000000004 3.4712697442458205 24.207638888888891 5.6428571428571432 55.500000000000007 2.0470116633224111 2 2.9674203431387762 0.40637774407793437 0.98214285714285732 24.592361111111114 25.235119047619055 22.854166666666668 5.4745539574070348
decision_type=2 2 1 2 2 2 1 2 2 2 2 2 2 2 2 2 2 2 2 2 2 2 1 2 2 2 2 2 2 2
left_child=3 2 -2 5 -5 6 8 -8 9 -1 11 13 -13 -7 15 16 18 -18 -3 24 -21 -12 -23 -10 -17 29 28 -28 -27 -4
right_child=1 14 25 4 -6 10 7 -9 23 -11 21 12 -14 -15 -16 19 17 -19 -20 20 -22 22 -24 -25 -26 26 27 -29 -30 -31
leaf_value=0.01945360025622488 0.02347119763582196 0.000350438146378403 0.016725568975414395 0.021959529330999386 -0.096901492197667402 -0.0079878332858912583 -0.0013355468009408121 -0.10027264723410974 0.0073758707413969921 0.084501297392097177 -0.002931308195735222 -0.0092989823301551765 -0.093810899986313034 0.058528177377076884 0.0016275613988302098 0.078992522779050514 0.01469540958377448 -0.074466441368647648 -0.089718108547803696 0.038564606584259309 -0.038117195659963132 -0.0019015738668529962 0.029206531070609155 -0.023002705746330322 -0.017125119626522065 -0.00513491133728897 -0.1493931581445325 -0.015180994538550683 0.042498664819868283 -0.039126668638166266
leaf_weight=527 1395 472 1190 41 62 4608 1609 65 1653 102 3119 305 109 62 1829 79 55 255 39 64 111 491 451 220 25 1016 26 47 128 85
leaf_count=527 1395 472 1190 41 62 4608 1609 65 1653 102 3119 305 109 62 1829 79 55 255 39 64 111 491 451 220 25 1016 26 47 128 85
internal_value=2.3904e-06 0.00450288 0.0116233 -0.00228272 -0.0495879 -0.00191695 0.00415141 -0.00514645 0.0103515 0.0300019 -0.00468803 -0.00909535 -0.0315497 -0.00710475 -0.00494642 -0.0158772 -0.026205 -0.0586474 -0.00652368 0.014514 -0.0100736 0.000829542 0.0132819 0.00380764 0.0558873 0.00487717 -0.00359488 -0.0629826 0.00019472 0.0130021
internal_weight=20240 6816 3887 13424 103 13321 4176 1674 2502 629 9145 5084 414 4670 2929 1100 821 310 511 279 175 4061 942 1873 104 2492 1217 73 1144 1275
internal_count=20240 6816 3887 13424 103 13321 4176 1674 2502 629 9145 5084 414 4670 2929 1100 821 310 511 279 175 4061 942 1873 104 2492 1217 73 1144 1275
cat_boundaries=0 1 2 3
cat_threshold=33 141 100
is_linear=0
shrinkage=0.05


Tree=109
num_leaves=31
num_cat=0
split_feature=38 37 25 22 13 12 37 45 28 18 36 27 16 45 22 0 22 38 3 32 45 22 20 28 28 29 18 23 42 25
split_gain=80.9174 86.6787 128.697 156.194 199.584 139.867 110.351 146.114 152.813 140.184 397.11 135.198 103.436 151.682 132.138 114.293 102.752 101.635 82.0953 79.7272 55.8865 67.5083 62.7048 55.1904 293.858 172.078 163.671 145.166 75.9076 66.0618
threshold=56.500000000000007 55.562500000000007 3.1426945764319068 31.562500000000004 128.50000000000003 7.5000000000000009 66.662500000000009 17.500000000000004 20.961805555555561 -0.9330127018922193 6.6428571428571432 2.0944028047781207 1.0000000180025095e-35 4.5000000000000009 17.479166666666668 26.062500000000004 33.395833333333336 187.50000000000003 2.4375000000000004 6.5000000000000009 29.500000000000004 20.354166666666668 18.020833333333339 20.407638888888894 25.220833333333335 2.9007710321953555 -0.9330127018922193 23.645833333333339 139.07142857142858 2.943161969579156
decision_type=2 2 2 2 2 2 2 2 2 2 2 2 2 2 2 2 2 2 2 2 2 2 2 2 2 2 2 2 2 2
left_child=20 2 23 4 -4 -6 7 9 -9 10 -3 -11 13 14 -8 17 -17 -14 -15 -10 21 -1 -23 25 27 29 -27 -25 -26 -2
right_child=1 6 3 -5 5 -7 12 8 19 11 -12 -13 15 18 -16 16 -18 -19 -20 -21 -22 22 -24 24 28 26 -28 -29 -30 -31
leaf_value=-0.0069577455172121876 -0.0048317069243070093 -0.00018679412658692467 0.048763230927288535 -0.16013690105080605 -0.12056951108470298 -0.019094323517665976 -0.0062614621088550541 -0.039257431463758825 0.10972494344474584 0.0022783790855789572 -0.13484025105717592 0.01957611657268573 -0.0053387306715562185 0.0097553445746674031 -0.065898940878390683 -0.023580985959181844 -0.10661480396631218 0.043741358744852042 -0.091815735846757895 0.035273743191183635 0.065295580351868499 -0.00015618760843534728 -0.084340693222528157 -0.057464564972838694 0.10689082657513412 0.18732450250536203 0.030767375066655108 -0.21308855731850085 5.6205710861831904e-05 0.08416861366657985
leaf_weight=2810 2920 379 60 25 57 84 1039 36 79 2594 64 2001 3267 3747 102 330 42 109 20 66 26 37 55 43 23 20 101 23 60 21
leaf_count=2810 2920 379 60 25 57 84 1039 36 79 2594 64 2001 3267 3747 102 330 42 109 20 66 26 37 55 43 23 20 101 23 60 21
internal_value=3.52524e-06 0.00130369 -0.00580483 -0.0422744 -0.0276149 -0.0601162 0.00306455 0.00880713 0.0529451 0.00722139 -0.0196401 0.00981108 -0.000397847 0.00437849 -0.0115928 -0.00665245 -0.0329558 -0.0037541 0.00921608 0.0758368 -0.00768378 -0.00833762 -0.0504839 -0.00323799 -0.032954 -0.00179198 0.0566446 -0.111697 0.029661 -0.00419621
internal_weight=20240 17312 3437 226 201 141 13875 5219 181 5038 443 4595 8656 4908 1141 3748 372 3376 3767 145 2928 2902 92 3211 149 3062 121 66 83 2941
internal_count=20240 17312 3437 226 201 141 13875 5219 181 5038 443 4595 8656 4908 1141 3748 372 3376 3767 145 2928 2902 92 3211 149 3062 121 66 83 2941
is_linear=0
shrinkage=0.05


Tree=110
num_leaves=31
num_cat=2
split_feature=10 45 10 1 29 39 28 50 27 29 29 23 48 27 9 22 23 24 18 40 26 26 50 36 23 45 28 28 25 9
split_gain=79.5393 75.6983 119.197 115.507 98.0101 96.6139 127.525 90.7267 137.569 130.773 88.8778 148.685 144.114 89.6677 79.9928 71.9266 70.7419 85.7347 69.6482 64.9312 112.051 101.578 68.5593 106.981 128.991 88.9121 69.0574 66.0085 64.6844 63.8372
threshold=4.5000000000000009 13.500000000000002 1.0000000180025095e-35 37.895833333333336 3.8295094785806407 45.500000000000007 20.813194444444445 0 5.5249561025763496 5.6194567016410604 5.0534938663273001 18.937500000000004 0.94642857142857151 5.7741237810269013 0.99726113505747149 34.812500000000007 18.937500000000004 29.958333333333339 -0.24999999999999994 9.5000000000000018 24.864583333333339 14.206845238095239 1 4.5000000000000009 23.354166666666668 35.500000000000007 24.78680555555556 23.902083333333334 5.1508089939629746 0.98032765737874106
decision_type=2 2 2 2 2 2 2 1 2 2 2 2 2 2 2 2 2 2 2 2 2 2 1 2 2 2 2 2 2 2
left_child=1 3 5 7 -5 6 -3 8 9 -1 13 18 -13 -4 -8 28 -6 -18 -12 20 21 -2 23 26 -25 29 27 -21 -9 -24
right_child=19 2 10 4 16 -7 14 15 -10 -11 11 12 -14 -15 -16 -17 17 -19 -20 22 -22 -23 25 24 -26 -27 -28 -29 -30 -31
leaf_value=0.0079274453132325822 -0.010223209357925797 0.0022013128214263809 0.0099778414790246076 -0.089607061044770786 -0.079892600555386814 0.029232037137620726 -0.020288326577444019 -0.0021063735299741075 0.10404568080966536 -0.11729859629912037 -0.061263969178415013 0.017832766528838553 0.077009931354934641 -0.078515344036036536 -0.07654433287347534 -0.06981767151409235 0.015998522646526118 -0.0720927035276379 0.021977542245641669 -0.0089397988786096873 0.08394459280950417 -0.046633393644602811 0.030297547600596969 0.00092523095734191665 -0.13339019145530004 0.075522233527153732 0.078814092684875839 -0.10066136866807938 0.056117816921323539 -0.0010601633845693892
leaf_weight=2883 999 329 2218 59 36 130 145 7673 37 21 54 223 191 29 112 39 131 35 47 1020 28 237 171 33 39 40 22 20 48 3191
leaf_count=2883 999 329 2218 59 36 130 145 7673 37 21 54 223 191 29 112 39 131 35 47 1020 28 237 171 33 39 40 22 20 48 3191
internal_value=3.34898e-06 0.00198984 0.00841686 -4.93142e-05 -0.0329134 -0.00976309 -0.0184139 0.000752248 0.00821459 0.00702189 0.0131297 0.0318646 0.0451343 0.00883574 -0.0448046 -0.00208384 -0.0163543 -0.00257493 -0.0225278 -0.00494232 -0.0149641 -0.0172048 -0.00214965 -0.0127357 -0.071829 0.00141231 -0.00884926 -0.0107037 -0.0017444 0.000534771
internal_weight=20240 14440 3478 10962 261 716 586 10701 2941 2904 2762 515 414 2247 257 7760 202 166 101 5800 1264 1236 4536 1134 72 3402 1062 1040 7721 3362
internal_count=20240 14440 3478 10962 261 716 586 10701 2941 2904 2762 515 414 2247 257 7760 202 166 101 5800 1264 1236 4536 1134 72 3402 1062 1040 7721 3362
cat_boundaries=0 1 2
cat_threshold=9 66
is_linear=0
shrinkage=0.05


Tree=111
num_leaves=31
num_cat=1
split_feature=42 27 43 8 28 24 25 42 29 28 45 50 0 26 37 26 29 29 30 48 37 41 25 27 6 25 45 25 23 38
split_gain=73.6944 120.569 126.996 101.927 101.753 305.208 129.579 102.644 164.409 105.13 95.9753 130.214 151.952 222.66 118.328 118.305 116.154 105.86 95.3711 90.946 102.24 88.7557 154.156 91.6016 206.726 90.0997 88.5055 87.4299 80.2927 77.1517
threshold=100.64285714285715 5.9506337651009504 16.214285714285719 0.16904761904761909 22.035416666666674 24.833333333333339 2.498478362172706 89.500000000000014 4.0714114104069283 24.207638888888891 6.5000000000000009 0 22.104166666666668 20.584821428571434 58.88750000000001 21.578869047619055 4.7422364860616719 5.7470842361365433 0.0059523809523809408 0.94642857142857151 78.725000000000009 64.500000000000014 1.9352105008343956 5.1379845452418804 0.5143043154761906 5.3471809925062139 16.500000000000004 4.6598855917491546 20.979166666666668 90.500000000000014
decision_type=2 2 2 2 2 2 2 2 2 2 2 1 2 2 2 2 2 2 2 2 2 2 2 2 2 2 2 2 2 2
left_child=4 3 -3 21 10 7 -7 8 -6 -10 15 14 13 -13 -12 19 -14 -16 26 28 -21 22 -2 25 -25 -23 -9 -4 -1 -24
right_child=1 2 27 -5 5 6 -8 18 9 -11 11 12 16 -15 17 -17 -18 -19 -20 20 -22 23 29 24 -26 -27 -28 -29 -30 -31
leaf_value=0.0053323050445540799 0.00067483898695735707 -0.020236106650395828 0.11468890964364012 -0.1002477113235121 -0.16764568162445981 -0.067007274733021344 0.049408322954653111 0.085772763550281531 -0.026222280059197939 -0.12314442530847514 0.11188853611388515 -0.0019416059210819636 -0.028482250410776871 0.10655361508640152 0.011466452225769875 -0.12717134058475496 -0.15029524894697327 0.10476662382603652 -0.098410672463219745 -0.0057296132401861788 -0.025788653160210135 0.0026607670158821429 0.17715399641144491 0.063803539690324818 -0.038229513254698026 0.045287262567038106 -0.025167765602236616 0.032436795825404784 -0.093017314134963933 0.061491762498474649
leaf_weight=1761 105 55 60 24 41 29 136 25 99 39 31 3193 65 48 1577 20 28 31 29 3675 768 7681 21 59 313 126 64 70 21 46
leaf_count=1761 105 55 60 24 41 29 136 25 99 39 31 3193 65 48 1577 20 28 31 29 3675 768 7681 21 59 313 126 64 70 21 46
internal_value=3.18155e-06 0.00352743 0.0434536 0.00264548 -0.00257966 -0.025576 0.0289474 -0.0558668 -0.0797325 -0.0536133 -0.00163258 0.00355003 -0.00213654 -0.000334765 0.0150388 -0.00575959 -0.0651571 0.0132651 -0.0196638 -0.00536951 -0.00919694 0.00294118 0.0384867 0.00219368 -0.0220469 0.00334873 0.0059953 0.0703993 0.0041733 0.0977441
internal_weight=20240 8560 185 8375 11680 462 165 297 179 138 11218 4973 3334 3241 1639 6245 93 1608 118 6225 4443 8351 172 8179 372 7807 89 130 1782 67
internal_count=20240 8560 185 8375 11680 462 165 297 179 138 11218 4973 3334 3241 1639 6245 93 1608 118 6225 4443 8351 172 8179 372 7807 89 130 1782 67
cat_boundaries=0 1
cat_threshold=33
is_linear=0
shrinkage=0.05


Tree=112
num_leaves=31
num_cat=3
split_feature=15 50 21 49 44 27 35 29 28 18 43 25 29 28 49 13 29 37 18 29 22 6 36 13 28 36 36 35 29 26
split_gain=72.1311 76.4339 75.8465 101.029 78.2457 149.904 104.075 66.2057 111.833 64.4405 102.945 108.658 106.011 97.2447 91.2049 119.958 71.2773 68.9919 72.5589 124.748 119.382 73.0379 84.3787 71.694 210.594 170.852 74.9819 146.755 129.503 65.3564
threshold=1.0000000180025095e-35 0 36.770833333333336 1 3.5000000000000004 4.5889887682900694 8.2142857142857171 4.660508174669407 35.146527777777784 0.6830127018922193 27.500000000000004 1.3317823320250743 2.8264661038455614 29.172222222222224 2 319.50000000000006 3.7904492844293762 99.71250000000002 -0.5 4.8437969857271197 17.270833333333339 0.92535198652274675 3.2142857142857149 168.50000000000003 28.531944444444452 5.6428571428571432 5.0714285714285721 4.9285714285714297 5.7470842361365433 24.864583333333339
decision_type=2 1 2 1 2 2 2 2 2 2 2 2 2 2 1 2 2 2 2 2 2 2 2 2 2 2 2 2 2 2
left_child=9 2 3 4 6 -6 -2 8 -4 17 12 -12 29 -13 16 -16 -14 23 19 20 -19 22 -20 26 25 -25 27 -1 -28 -11
right_child=1 -3 7 -5 5 -7 -8 -9 -10 10 11 13 14 -15 15 -17 -18 18 21 -21 -22 -23 -24 24 -26 -27 28 -29 -30 -31
leaf_value=-0.00090389109838462888 0.16594058948435955 0.0016700377326666284 0.084912986941635613 0.01197743223602723 0.090081408288743767 -0.07983161544799805 0.053373164285046903 -0.10722281065854161 -0.080291448267442847 0.0021169029099764535 0.038158796699001241 -0.037177116861566904 0.090811498274531555 -0.1680523600090634 -0.024399362722101314 0.035414521373122149 0.031333973679503947 0.011032781446058501 0.033919347412252832 0.10306405790827491 -0.067256893653641722 0.0070107838277941315 0.12661466343748956 -0.0057714686187442217 -0.12130480548150319 -0.04258580315372789 0.0091593924160344106 -0.024552007787176134 -0.11038075977045557 -0.071258215510076092
leaf_weight=3347 28 7560 20 860 27 25 77 22 21 1443 26 40 79 22 150 190 139 114 118 22 85 201 31 2808 43 355 1517 816 23 31
leaf_count=3347 28 7560 20 860 27 25 77 22 21 1443 26 40 79 22 150 190 139 114 118 22 85 201 31 2808 43 355 1517 816 23 31
internal_value=3.02246e-06 0.0034616 0.0158404 0.019285 0.0550448 0.00839245 0.0833911 -0.0372502 0.000296081 -0.00257303 0.00530753 -0.0476376 0.00760043 -0.0836167 0.026162 0.00876816 0.0505681 -0.00433534 0.0125132 -0.00991715 -0.0224075 0.0266763 0.053205 -0.00541521 -0.0113975 -0.00990333 -0.0020522 -0.00553922 0.00737405 0.000573736
internal_weight=20240 8640 1080 1017 157 52 105 63 41 11600 2120 88 2032 62 558 340 218 9480 571 221 199 350 149 8909 3206 3163 5703 4163 1540 1474
internal_count=20240 8640 1080 1017 157 52 105 63 41 11600 2120 88 2032 62 558 340 218 9480 571 221 199 350 149 8909 3206 3163 5703 4163 1540 1474
cat_boundaries=0 1 2 3
cat_threshold=1 4 4
is_linear=0
shrinkage=0.05


Tree=113
num_leaves=31
num_cat=3
split_feature=29 13 13 13 28 29 43 36 43 37 43 37 28 50 48 13 30 23 34 22 50 37 37 44 28 42 21 51 18 27
split_gain=70.643 107.098 197.057 137.156 134.195 123.973 115.738 108.599 104.947 182.888 135.289 99.579 111.603 100.133 92.095 228.84 104.918 72.0011 151.852 132.703 32.0831 83.5265 61.8785 41.6053 31.9843 78.7053 31.7935 77.5655 59.4639 34.6906
threshold=1.1543271743872061 139.50000000000003 237.50000000000003 243.50000000000003 30.463888888888892 4.7017353024896851 7.3571428571428585 2.3571428571428572 24.500000000000004 59.01250000000001 19.214285714285719 106.21250000000002 14.847222222222225 0 0.7678571428571429 73.500000000000014 0.20238095238095247 34.187500000000007 7.5000000000000009 32.562500000000007 1 52.737500000000004 58.412500000000009 1.0000000180025095e-35 9.2270833333333346 60.071428571428577 10.020833333333334 2 -0.24999999999999994 0.68291287595746464
decision_type=2 2 2 2 2 2 2 2 2 2 2 2 2 1 2 2 2 2 2 2 1 2 2 2 2 2 2 1 2 2
left_child=20 6 4 5 11 7 -2 -4 10 -10 -5 13 -13 -3 15 16 -8 19 -19 -16 21 -1 -23 26 -24 -26 29 28 -28 -22
right_child=1 2 3 8 -6 -7 14 -9 9 -11 -12 12 -14 -15 17 -17 -18 18 -20 -21 23 22 24 -25 25 -27 27 -29 -30 -31
leaf_value=-0.085629796471308792 -0.061585887790978205 -0.019927632944242282 -0.0046961862555084137 0.0015059216565800511 -0.10641258192913874 0.14630072094776012 -0.058389552466330985 0.073916417070560986 0.084871249932509218 -0.060584767283467046 0.027482456614495044 -0.010892997737284062 -0.16260257390412419 -0.0027938325862879054 0.00862034927154476 -0.15828997867888417 0.06631089069855374 0.069113752144590229 0.0053982789861038334 -0.028805696759222739 -0.010722011323889913 0.023546220017628332 0.036960819188286274 -0.0012894551301638364 -0.10182547628879549 -0.0017973614519045868 -0.044244258860720601 -0.080894977356098144 -0.0074304819656832322 0.0081288683079993648
leaf_weight=27 61 1152 96 2790 35 27 31 81 26 128 611 27 22 3246 5268 29 37 148 254 248 1461 298 51 1914 20 1175 141 49 494 293
leaf_count=27 61 1152 96 2790 35 27 31 81 26 128 611 27 22 3246 5268 29 37 148 254 248 1461 298 51 1914 20 1175 141 49 494 293
internal_value=3.20846e-06 0.00190317 -0.00181007 0.00663251 -0.00889077 0.0465025 0.00693951 0.0312791 0.00434461 -0.0360273 0.00617269 -0.00812323 -0.0790075 -0.00733348 0.00763445 -0.0406905 0.00946216 0.00842653 0.0288557 0.00693767 -0.00458935 0.00154419 0.0030786 -0.0067914 -0.00181654 -0.00347147 -0.0111387 -0.0202821 -0.0156049 -0.00757303
internal_weight=20240 14317 8241 3759 4482 204 6076 177 3555 154 3401 4447 49 4398 6015 97 68 5918 402 5516 5923 1571 1544 4352 1246 1195 2438 684 635 1754
internal_count=20240 14317 8241 3759 4482 204 6076 177 3555 154 3401 4447 49 4398 6015 97 68 5918 402 5516 5923 1571 1544 4352 1246 1195 2438 684 635 1754
cat_boundaries=0 1 2 3
cat_threshold=80 73 4
is_linear=0
shrinkage=0.05


Tree=114
num_leaves=31
num_cat=1
split_feature=45 14 29 13 49 45 28 28 1 27 24 18 13 29 27 24 7 1 29 43 28 10 23 21 43 22 26 22 39 30
split_gain=66.8354 137.744 169.118 155.273 128.545 111.92 127.857 121.9 119.929 147.458 100.999 186.251 186.652 144.731 136.588 119.844 94.3881 75.508 143.089 122.532 151.342 97.8812 91.7083 82.2308 113.889 82.7778 81.5101 103.678 133.15 104.852
threshold=15.500000000000002 46.500000000000007 2.5757725966032323 343.50000000000006 0 28.500000000000004 20.813194444444445 21.629166666666666 57.395833333333336 3.5753608870807239 17.651785714285719 -0.9330127018922193 157.50000000000003 3.7904492844293762 5.1379845452418804 14.020833333333334 0.18193664978322313 37.895833333333336 3.8646108481761563 26.071428571428573 19.817361111111111 1.0000000180025095e-35 23.770833333333339 31.854166666666668 10.928571428571431 29.770833333333339 33.949404761904766 34.812500000000007 42.500000000000007 0.34821428571428586
decision_type=2 2 2 2 1 2 2 2 2 2 2 2 2 2 2 2 2 2 2 2 2 2 2 2 2 2 2 2 2 2
left_child=17 4 -3 -4 10 8 -7 -8 16 -10 14 12 -12 -13 15 -2 -6 26 19 20 -19 22 -20 24 -23 -25 27 -1 29 -29
right_child=1 2 3 -5 5 6 7 -9 9 -11 11 13 -14 -15 -16 -17 -18 18 21 -21 -22 23 -24 25 -26 -27 -28 28 -30 -31
leaf_value=-0.00087963449031470899 -0.030428358273079187 -0.05650417029617294 0.093934095689080288 -0.053262237282026385 -0.001003456360731834 0.10498582214630883 -0.072031654144326857 0.035813248035138599 -0.085911255263506556 -0.0035665805584930337 0.033099618367850782 0.030636459999773283 -0.13678325253431914 -0.02539185290071861 -0.063170478514141662 0.058378138435436482 0.019790843133300408 0.010972171276807786 -0.006461247188910362 0.043686761420685803 -0.13002826242222332 -0.043239766518555343 -0.13250624330507385 -0.13281071482226253 0.034142528195847198 0.0049206212162971504 0.033325927950054235 -0.041712220069020992 0.0014496605209213622 -0.2036164078116417
leaf_weight=15595 52 31 122 21 1046 58 30 207 73 213 22 151 61 487 44 141 1141 26 31 20 71 62 27 20 204 24 173 20 47 20
leaf_count=15595 52 31 122 21 1046 58 30 207 73 213 22 151 61 487 44 141 1141 26 31 20 71 62 27 20 204 24 173 20 47 20
internal_value=2.48672e-06 0.00588363 0.0493668 0.0723179 0.00385301 0.00930241 0.038446 0.022162 0.00586354 -0.0245846 -0.0118655 -0.0212972 -0.0917541 -0.0121312 0.0163272 0.034451 0.00984533 -0.00140121 -0.0208348 -0.069 -0.0922343 -0.0055214 -0.0651374 0.00563255 0.0161061 -0.0576845 -0.000806746 -0.00118329 -0.0556142 -0.122664
internal_weight=20240 3900 174 143 3726 2768 295 237 2473 286 958 721 83 638 237 193 2187 16340 485 117 97 368 58 310 266 44 15855 15682 87 40
internal_count=20240 3900 174 143 3726 2768 295 237 2473 286 958 721 83 638 237 193 2187 16340 485 117 97 368 58 310 266 44 15855 15682 87 40
cat_boundaries=0 1
cat_threshold=16
is_linear=0
shrinkage=0.05


Tree=115
num_leaves=31
num_cat=1
split_feature=10 40 45 10 9 23 29 23 27 39 18 24 37 25 28 25 40 26 26 48 50 23 21 45 18 20 18 41 23 27
split_gain=67.4032 67.906 56.6746 165.124 90.0819 145.958 84.922 146.771 83.0345 74.7392 72.5433 216.867 114.955 99.4889 132.647 98.3038 54.5968 98.9898 90.798 61.6121 80.2303 118.651 124.204 82.6665 65.002 63.4126 198.678 166.48 109.385 103.406
threshold=4.5000000000000009 36.500000000000007 10.500000000000002 1.0000000180025095e-35 0.99726113505747149 23.937500000000004 5.0534938663273001 22.354166666666668 5.1379845452418804 46.500000000000007 -0.9330127018922193 23.82440476190477 94.58750000000002 5.1508089939629746 23.031250000000004 3.171538388626038 9.5000000000000018 24.864583333333339 14.206845238095239 0.98214285714285732 0 19.562500000000004 24.729166666666668 31.500000000000004 0.6830127018922193 27.520833333333339 -0.68301270189221952 116.50000000000001 17.645833333333339 4.352647053893107
decision_type=2 2 2 2 2 2 2 2 2 2 2 2 2 2 2 2 2 2 2 2 1 2 2 2 2 2 2 2 2 2
left_child=1 2 10 4 9 -6 8 -8 -5 -4 11 12 -1 15 -15 -12 17 18 -2 25 21 -21 -23 24 -22 29 27 -27 -28 -18
right_child=16 -3 3 6 5 -7 7 -9 -10 -11 13 -13 -14 14 -16 -17 19 -19 -20 20 23 22 -24 -25 -26 26 28 -29 -30 -31
leaf_value=-0.0044784906693823385 -0.0092454305586316069 0.035074349865010991 -0.0083068011927025509 0.0088710481606117143 -0.014096564769253245 -0.087964232763003442 -0.010457672793529042 0.045443398741384353 -0.039063493146370816 0.040417482123099348 0.0015842373361016203 -0.12630367654307587 -0.081721897043433855 -0.043322949383407833 0.093107723030111486 -0.020239561503462872 0.0033429953291609082 0.079225386506212622 -0.043669352528564478 -0.011705254419305323 -0.0066606555811458221 -0.10106938119932284 -0.0059401952677359017 0.086016500927507886 0.027546472974396483 -0.03251506894206007 -0.10196848861717929 -0.21606994573182114 0.010028034777325744 0.046756959555759314
leaf_weight=867 999 152 512 3164 269 89 168 390 93 93 7912 41 51 25 62 552 2049 28 237 842 850 82 59 28 166 30 24 21 238 147
leaf_count=867 999 152 512 3164 269 89 168 390 93 93 7912 41 51 25 62 552 2049 28 237 842 850 82 59 28 166 30 24 21 238 147
internal_value=2.36244e-06 0.00183103 0.00147738 0.00592007 -0.0125805 -0.0324603 0.0105901 0.028613 0.00750233 -0.000816953 -0.000754707 -0.0137947 -0.00876979 0.000707736 0.0539035 0.000160946 -0.0045504 -0.0137401 -0.0158461 -0.00198959 -0.0084728 -0.0186244 -0.0612636 0.00125201 -0.0010717 0.00324814 -0.0178067 -0.108096 -0.000231189 0.00624912
internal_weight=20240 14440 14288 4778 963 358 3815 558 3257 605 9510 959 918 8551 87 8464 5800 1264 1236 4536 2027 983 141 1044 1016 2509 313 51 262 2196
internal_count=20240 14440 14288 4778 963 358 3815 558 3257 605 9510 959 918 8551 87 8464 5800 1264 1236 4536 2027 983 141 1044 1016 2509 313 51 262 2196
cat_boundaries=0 1
cat_threshold=74
is_linear=0
shrinkage=0.05


Tree=116
num_leaves=31
num_cat=3
split_feature=29 14 14 14 28 27 29 43 50 28 45 48 42 25 46 30 15 36 43 28 50 37 37 44 21 51 18 37 6 28
split_gain=63.8912 94.8624 169.757 125.704 121.03 110.68 112.451 103.801 92.3634 117.698 114.397 91.558 184.436 117.154 86.363 74.7135 69.7126 69.6648 75.5495 68.7033 29.0344 75.2838 55.659 34.9895 29.6937 70.0715 52.8201 32.1265 34.7908 28.9582
threshold=1.1543271743872061 20.500000000000004 34.500000000000007 35.500000000000007 30.463888888888892 3.639433783520289 4.429435768254681 7.3571428571428585 0 22.713194444444451 30.500000000000004 0.7678571428571429 141.64285714285717 3.1087474159829491 0.62500000000000011 0.011904761904761913 1.0000000180025095e-35 0.92857142857142871 9.9285714285714306 13.07291666666667 1 52.737500000000004 58.562500000000007 1.0000000180025095e-35 10.020833333333334 2 -0.24999999999999994 104.01250000000002 0.77284272958772526 9.2270833333333346
decision_type=2 2 2 2 2 2 2 2 1 2 2 2 2 2 2 2 2 2 2 2 1 2 2 2 2 1 2 2 2 2
left_child=20 7 4 5 8 6 -4 -2 9 -3 -10 12 13 -9 19 -16 -7 -13 -19 -5 21 -1 -23 24 27 26 -26 28 -22 -24
right_child=1 2 3 14 -6 16 -8 11 10 -11 -12 17 -14 -15 15 -17 -18 18 -20 -21 23 22 29 -25 25 -27 -28 -29 -30 -31
leaf_value=-0.081291407379494224 -0.05837860601328191 -0.017382401923833321 0.044332850199631034 0.047443353546702344 -0.10081832708524807 -0.082237232934970123 0.16446711847727949 -0.18099519199132919 -0.0050465438949324161 -0.12926552575081587 0.043161244194470788 0.049350038969423624 0.03633181331679225 -0.035519347832568236 0.019575250363810276 0.0015071013133930115 0.04192880127578974 -0.0089366660845514676 0.0092526599659296816 -0.046095543677237498 -0.010565527904686114 0.02209918596751155 0.03511936975022157 -0.0014151051296178907 -0.041830258079348731 -0.076894149001763792 -0.0071339298526074003 -0.058298813402652742 0.005211360708663855 -0.003356672620627547
leaf_weight=27 61 1142 170 23 35 26 22 25 3189 24 128 100 44 31 738 2546 20 641 5218 134 1237 304 51 1914 141 49 494 30 487 1189
leaf_count=27 61 1142 170 23 35 26 22 25 3189 24 128 100 44 31 738 2546 20 641 5218 134 1237 304 51 1914 141 49 494 30 487 1189
internal_value=2.24428e-06 0.00180913 -0.0017076 0.00626618 -0.00820064 0.0414087 0.0580982 0.00651936 -0.00747755 -0.0195179 -0.00317667 0.00717273 -0.0402738 -0.100464 0.00383552 0.00556748 -0.028252 0.00796895 0.00726267 -0.0323924 -0.00436533 0.00146951 0.00292627 -0.00646014 -0.0104473 -0.0192837 -0.0148382 -0.00700148 -0.00610883 -0.00177419
internal_weight=20240 14317 8197 3679 4518 238 192 6120 4483 1166 3317 6059 100 56 3441 3284 46 5959 5859 157 5923 1571 1544 4352 2438 684 635 1754 1724 1240
internal_count=20240 14317 8197 3679 4518 238 192 6120 4483 1166 3317 6059 100 56 3441 3284 46 5959 5859 157 5923 1571 1544 4352 2438 684 635 1754 1724 1240
cat_boundaries=0 1 2 3
cat_threshold=80 73 4
is_linear=0
shrinkage=0.05


Tree=117
num_leaves=28
num_cat=2
split_feature=50 3 45 24 49 45 27 28 36 20 27 27 26 37 29 29 23 16 45 22 48 20 42 37 9 28 29
split_gain=60.2562 154.265 141.311 107.639 95.3393 167.35 138.15 127.969 109.138 89.6617 85.0496 81.3977 68.0419 104.899 66.867 152.914 131.314 59.9766 57.7506 54.2309 70.8211 120.771 50.3387 46.5552 44.3613 35.1309 33.4026
threshold=0 2.6875000000000004 25.500000000000004 8.3065476190476222 1 4.5000000000000009 1.0837757090901261 10.761805555555558 1.5000000000000002 18.562500000000004 2.5482232800772722 6.9749007820073157 27.290178571428573 87.362500000000011 5.1096455838367563 4.2829232393001426 17.812500000000004 1.0000000180025095e-35 1.5000000000000002 23.354166666666668 0.94642857142857151 28.562500000000004 85.642857142857153 97.575000000000017 0.99465460526315796 9.7340277777777793 4.5772375432928021
decision_type=1 2 2 2 1 2 2 2 2 2 2 2 2 2 2 2 2 2 2 2 2 2 2 2 2 2 2
left_child=2 11 3 10 5 6 -5 -6 -9 -4 18 12 14 -14 15 -2 -16 -7 -1 22 21 -21 -11 -22 -12 -26 -24
right_child=1 -3 9 4 7 17 -8 8 -10 19 24 -13 13 -15 16 -17 -18 -19 -20 20 23 -23 26 -25 25 -27 -28
leaf_value=0.1288326976128987 -0.0014702308341496264 -0.1243623981682154 0.12917157023822745 -0.07567959931492807 0.11225251610632297 0.026359006247307727 -0.014453025511129198 -0.025620859348569031 0.0044200086039060116 0.010034449931441083 -0.036283534336270705 -0.086061416001155466 0.0094463784247636809 -0.14170726026323707 -0.029978544422362037 -0.034595516293878199 0.035862758075753294 -0.0056194157807119925 0.039238553121685983 -0.086873892963760427 0.094260779228703739 0.054545392425587549 0.14467540204524995 0.0085942429091249196 0.084236066561678188 0.0037375689597066611 0.059421908234556522
leaf_weight=35 9268 26 26 100 27 345 1171 315 7520 27 33 29 24 22 103 362 286 255 37 36 29 26 20 35 23 33 27
leaf_count=35 9268 26 26 100 27 345 1171 315 7520 27 33 29 24 22 103 362 286 255 37 36 29 26 20 35 23 33 27
internal_value=2.13206e-06 -0.00272466 0.00272892 0.00183864 0.0011679 -0.00894819 -0.0192702 0.00358215 0.00321224 0.0418247 0.0423875 -0.00241404 -0.00217303 -0.0628445 -0.00189447 -0.00271544 0.0184292 0.0127682 0.0827913 0.0304696 0.0105165 -0.027569 0.0644436 0.0474119 0.00970127 0.0367995 0.0957
internal_weight=20240 10120 10120 9894 9733 1871 1271 7862 7835 226 161 10094 10065 46 10019 9630 389 600 72 200 126 62 74 64 89 56 47
internal_count=20240 10120 10120 9894 9733 1871 1271 7862 7835 226 161 10094 10065 46 10019 9630 389 600 72 200 126 62 74 64 89 56 47
cat_boundaries=0 1 2
cat_threshold=45 2
is_linear=0
shrinkage=0.05


Tree=118
num_leaves=31
num_cat=0
split_feature=32 37 28 24 26 18 13 10 21 0 24 9 21 0 21 43 41 27 23 42 38 45 26 10 29 36 25 23 40 20
split_gain=58.9156 64.5558 63.9403 101.557 80.8764 79.0796 73.1788 62.3815 61.4891 115.287 63.1022 101.284 58.9887 58.9364 191.126 121.855 92.0886 110.032 64.3562 57.1201 56.1016 51.4509 55.4005 152.781 90.6128 119.139 72.3039 113.962 71.9968 70.9362
threshold=1.5000000000000002 99.71250000000002 24.78680555555556 27.059523809523814 19.778273809523814 0.25000000000000017 179.50000000000003 4.5000000000000009 37.479166666666679 36.812500000000007 34.687500000000007 0.9955748746867169 34.145833333333336 26.229166666666668 29.354166666666668 17.642857142857149 212.50000000000003 5.9506337651009504 29.479166666666668 192.92857142857147 146.50000000000003 37.500000000000007 14.671130952380954 1.0000000180025095e-35 4.660508174669407 1.5000000000000002 3.2351295181775015 12.312500000000002 14.500000000000002 19.604166666666668
decision_type=2 2 2 2 2 2 2 2 2 2 2 2 2 2 2 2 2 2 2 2 2 2 2 2 2 2 2 2 2 2
left_child=21 7 4 -4 -3 -5 -6 8 10 20 12 -12 -2 14 18 -16 17 -15 -9 -18 -10 22 26 28 25 -25 -1 -28 29 -24
right_child=1 2 3 5 6 -7 -8 13 9 -11 11 -13 -14 16 15 -17 19 -19 -20 -21 -22 -23 23 24 -26 -27 27 -29 -30 -31
leaf_value=-0.0015441929183615526 0.0037192828508401405 0.01507342270666503 0.12288875988487043 -0.0069027081401528498 0.0098420669635136925 0.077943953395236368 -0.10552533271922065 -0.0028307827136421198 -0.049860020188821685 -0.14507058737799525 0.10025982882740886 -0.0095786534863092562 -0.022894844684985954 -0.039148207113013735 -0.0025448902613586853 0.13360279844630332 0.061670691081477949 0.06942985218763352 -0.056404743330520507 -0.018172958679497243 0.059104899955647328 0.055421599844056701 -0.12442217272307193 -0.081446814460177278 0.020829658769913929 -0.0094861881377625613 0.0098729139374148459 -0.12802151712621082 -0.020302823304183901 -0.032005992170536159
leaf_weight=4770 9242 487 33 76 27 43 28 3385 27 20 43 41 213 350 27 42 48 25 57 42 21 36 56 63 221 661 31 29 63 33
leaf_count=4770 9242 487 33 76 27 43 28 3385 27 20 43 41 213 350 27 42 48 25 57 42 21 36 56 63 221 661 31 29 63 33
internal_value=2.02544e-06 0.00174541 0.0166197 0.0452784 0.00858263 0.0237562 -0.0488904 0.000985435 0.0031653 -0.0442122 0.00350304 0.0466482 0.00311973 -0.00428166 -0.00206627 0.0803276 -0.021009 -0.0319097 -0.00371797 0.0244103 -0.00218787 -0.00417211 -0.00453407 -0.0146774 -0.00719383 -0.015748 -0.0022303 -0.0567761 -0.0612034 -0.0901555
internal_weight=20240 14277 694 152 542 119 55 13583 9607 68 9539 84 9455 3976 3511 69 465 375 3442 90 48 5963 5927 1097 945 724 4830 60 152 89
internal_count=20240 14277 694 152 542 119 55 13583 9607 68 9539 84 9455 3976 3511 69 465 375 3442 90 48 5963 5927 1097 945 724 4830 60 152 89
is_linear=0
shrinkage=0.05


Tree=119
num_leaves=28
num_cat=2
split_feature=29 43 14 14 13 28 29 37 48 13 30 23 22 29 48 27 25 29 37 21 50 6 37 37 27 50 37
split_gain=58.8448 81.3273 68.2834 144.095 123.607 110.086 102.054 96.2525 80.6978 186.936 88.1257 84.8063 120.963 108.328 65.5572 39.833 32.9115 146.811 100.986 30.0096 29.3903 43.6907 50.4767 21.4596 36.4138 31.1126 18.8251
threshold=1.3282789098138461 5.3571428571428585 20.500000000000004 34.500000000000007 243.50000000000003 30.463888888888892 4.7017353024896851 78.725000000000009 0.7678571428571429 73.500000000000014 0.20238095238095247 34.187500000000007 32.562500000000007 4.5772375432928021 0.7678571428571429 1.7367642234905663 1.3487145697750396 1.2993483655355884 55.32500000000001 18.729166666666668 0 0.94022415569411455 53.362500000000004 100.72500000000001 0.23663122837836784 1 56.51250000000001
decision_type=2 2 2 2 2 2 2 2 2 2 2 2 2 2 2 2 2 2 2 2 1 2 2 2 2 1 2
left_child=15 -2 8 5 6 7 -5 -4 9 10 -3 12 -10 -13 -6 16 20 18 -18 -20 21 26 -23 25 -25 -22 -1
right_child=1 2 3 4 14 -7 -8 -9 11 -11 -12 13 -14 -15 -16 -17 17 -19 19 -21 23 22 -24 24 -26 -27 -28
leaf_value=0.072270283825469739 -0.072106273200463603 -0.053428960645631442 0.00044008873297608797 0.033918911009095609 0.094850164516828955 -0.095256860889494421 0.15190664260160358 -0.014574858404482589 0.0072188472450720916 -0.13779408177360894 0.060857299103628137 0.013571241796343473 -0.028386055795472133 0.072775444616827209 0.0040523530756255101 0.055727061895387509 -0.11960037358105183 -0.13252829892130999 1.381045259850126e-06 -0.047908305563032633 -0.015955509853255879 -0.07316124017039935 0.0062319511292059423 -0.029396271235157697 0.020133023996337821 -0.0035061967976291923 0.020958621193392157
leaf_weight=33 37 31 2405 144 20 35 21 1919 4808 32 37 285 251 106 3305 28 20 26 355 36 551 21 429 46 192 5028 39
leaf_count=33 37 31 2405 144 20 35 21 1919 4808 32 37 285 251 106 3305 28 20 26 355 36 551 21 429 46 192 5028 39
internal_value=1.92416e-06 0.00192044 0.00212486 -0.000876588 0.00669467 -0.00693846 0.0489355 -0.00622358 0.00636961 -0.0381399 0.00875621 0.0071863 0.00545233 0.0296215 0.00459851 -0.00378661 -0.00403254 -0.0173042 -0.0100151 -0.00440974 -0.00311761 0.00815682 0.00252694 -0.00413625 0.0105601 -0.00477061 0.0444765
internal_weight=20240 13436 13399 7849 3490 4359 165 4324 5550 100 68 5450 5059 391 3325 6804 6776 437 411 391 6339 522 450 5817 238 5579 72
internal_count=20240 13436 13399 7849 3490 4359 165 4324 5550 100 68 5450 5059 391 3325 6804 6776 437 411 391 6339 522 450 5817 238 5579 72
cat_boundaries=0 1 2
cat_threshold=8 36
is_linear=0
shrinkage=0.05


Tree=120
num_leaves=31
num_cat=1
split_feature=49 41 26 13 13 1 27 29 24 45 8 42 24 29 37 25 22 37 14 27 35 22 40 21 32 28 26 21 27 43
split_gain=57.0772 183.891 173.186 196.502 221.094 201.684 194.91 196.775 195.926 152.33 142.863 125.447 117.397 108.228 108.01 154.271 128.727 127.163 176.951 153.889 88.4523 79.1633 154.549 115.562 110.537 92.7704 104.061 85.686 73.0131 70.3269
threshold=0 66.500000000000014 22.627976190476193 78.500000000000014 87.500000000000014 57.645833333333336 5.2495316171844673 4.2829232393001426 25.967261904761909 24.500000000000004 0.16079260651629076 127.35714285714288 22.752976190476193 4.6268550377975393 57.162500000000009 1.7922433496142183 15.812500000000002 58.88750000000001 35.500000000000007 5.9506337651009504 8.5000000000000018 23.354166666666668 23.500000000000004 23.187500000000004 3.5000000000000004 22.270833333333336 20.700892857142861 24.270833333333339 3.8670294462557018 16.642857142857149
decision_type=1 2 2 2 2 2 2 2 2 2 2 2 2 2 2 2 2 2 2 2 2 2 2 2 2 2 2 2 2 2
left_child=1 -1 21 6 9 12 7 11 -8 -5 14 -4 -6 -9 15 20 -17 18 -16 -19 -3 25 23 24 -23 27 -27 -2 -25 -7
right_child=2 10 3 4 5 29 8 13 -10 -11 -12 -13 -14 -15 17 16 -18 19 -20 -21 -22 22 -24 28 -26 26 -28 -29 -30 -31
leaf_value=0.12470273788785563 -0.00040748653377175621 -0.00081317742624990299 0.065498083286488359 -0.18393124801417193 -0.10512840088456871 0.026086614591174374 0.20381229221820832 -0.11095169897953219 0.0052232934231007545 -0.016275422219187024 -0.12269885024394503 -0.0076262194397967572 -0.035833109420289118 -0.020292306192383945 0.013206186217480693 -0.11193476032250205 -0.023456934715689319 0.0045609526191378496 0.10621485929889014 0.067131432755758946 0.057859790141451851 0.0016527057042439207 0.12355475932359697 -0.10306819343939425 0.073018291842694691 0.026643364655004966 -0.0734636035009191 0.059466269128024579 0.0012770057900955804 -0.073689205031841995
leaf_weight=32 14657 535 89 42 80 151 23 55 27 20 22 172 259 82 145 47 328 2685 79 102 73 139 35 30 89 37 87 60 38 20
leaf_count=32 14657 535 89 42 80 151 23 55 27 20 22 172 259 82 145 47 328 2685 79 102 73 139 35 30 89 37 87 60 38 20
internal_value=1.3472e-06 0.0053042 -0.00132682 -0.0212709 -0.040693 -0.0298544 0.00352683 -0.00816254 0.0965742 -0.129849 0.00436603 0.0173089 -0.052186 -0.0566884 0.00506593 -0.00932461 -0.0345462 0.00976401 0.0460084 0.00685094 0.00623144 1.31273e-05 0.0241971 0.0124488 0.0295103 -0.00052625 -0.043593 -0.000163386 -0.0447576 0.0144169
internal_weight=20240 4048 16192 1020 572 510 448 398 50 62 4016 261 339 137 3994 983 375 3011 224 2787 608 15172 331 296 228 14841 124 14717 68 171
internal_count=20240 4048 16192 1020 572 510 448 398 50 62 4016 261 339 137 3994 983 375 3011 224 2787 608 15172 331 296 228 14841 124 14717 68 171
cat_boundaries=0 1
cat_threshold=4
is_linear=0
shrinkage=0.05


Tree=121
num_leaves=31
num_cat=0
split_feature=38 37 25 43 13 12 22 29 48 37 45 28 18 36 30 36 22 20 43 45 28 27 32 37 22 45 22 15 13 0
split_gain=56.1348 60.267 121.725 130.633 117.246 257.815 109.424 93.9019 108.073 86.5733 122.842 141.271 106.977 334.095 124.469 102.31 178.224 140.167 123.732 129.368 113.558 105.118 84.0318 67.1017 64.3263 48.9408 85.185 76.7047 57.7896 42.503
threshold=56.500000000000007 55.562500000000007 1.9033026972398599 9.7857142857142865 175.50000000000003 7.5000000000000009 32.562500000000007 2.8760223847109905 0.98214285714285732 66.662500000000009 17.500000000000004 21.309722222222227 -0.9330127018922193 6.6428571428571432 0.017857142857142894 4.7857142857142865 14.395833333333334 21.937500000000004 20.642857142857149 20.500000000000004 21.309722222222227 2.1889712477840049 6.5000000000000009 63.587500000000013 10.895833333333334 18.500000000000004 20.687500000000004 0.6078576107927941 197.50000000000003 20.895833333333339
decision_type=2 2 2 2 2 2 2 2 2 2 2 2 2 2 2 2 2 2 2 2 2 2 2 2 2 2 2 2 2 2
left_child=25 2 7 24 6 -6 -5 -2 -9 10 12 23 13 -3 -14 18 21 -18 20 -20 -11 -17 -13 -12 -4 26 -1 29 -28 -27
right_child=1 9 3 4 5 -7 -8 8 -10 15 11 22 14 -15 -16 16 17 -19 19 -21 -22 -23 -24 -25 -26 27 28 -29 -30 -31
leaf_value=-0.006289582997574485 -0.0021276080074935691 0.00056281600430537761 -0.030194889434746339 -0.0024264140679644279 -0.14740108879253505 -0.027105044695934721 -0.094326620861082469 0.0065209253770398337 0.12798953319589298 0.0016979600732114526 -0.083293717131018644 0.11003054626898406 0.027957576189556424 -0.12294576270796825 0.00497619093459569 -0.037280725310979916 0.030291159133597909 -0.025579421325243618 0.0037452939839476328 0.040908038526813621 -0.014841879616537035 -0.19015662093525348 0.03121180959962427 0.039579724837094543 0.076565575461054969 -0.030656540151252305 -0.017954768659546972 0.096605774760246288 -0.11374239189730538 0.051327651143074041
leaf_weight=2768 2784 379 21 260 63 152 37 47 30 5715 25 73 694 64 3901 22 147 475 635 371 1268 23 63 20 43 43 32 29 31 25
leaf_count=2768 2784 379 21 260 63 152 37 47 30 5715 25 73 694 64 3901 22 147 475 635 371 1268 23 63 20 43 43 32 29 31 25
internal_value=1.27989e-06 0.00108419 -0.00484319 -0.0258142 -0.0342328 -0.0623546 -0.0138753 -0.000621143 0.0538464 0.00255247 0.00763887 0.0481095 0.00618489 -0.0172804 0.00844716 -0.000514293 -0.0193271 -0.0123753 0.00105639 0.0174504 -0.00130541 -0.115417 0.0735189 -0.0286833 0.0415348 -0.0064015 -0.00759807 0.0285209 -0.0650884 -0.000515293
internal_weight=20240 17312 3437 576 512 215 297 2861 77 13875 5219 181 5038 443 4595 8656 667 622 7989 1006 6983 45 136 45 64 2928 2831 97 63 68
internal_count=20240 17312 3437 576 512 215 297 2861 77 13875 5219 181 5038 443 4595 8656 667 622 7989 1006 6983 45 136 45 64 2928 2831 97 63 68
is_linear=0
shrinkage=0.05


Tree=122
num_leaves=31
num_cat=0
split_feature=45 16 25 27 9 37 41 1 35 48 38 0 29 35 27 13 43 37 23 28 42 41 37 22 1 1 21 28 26 23
split_gain=55.2867 130.96 89.233 85.2431 112.041 138.051 107.372 77.8863 113.816 76.5244 104.298 175.104 117.728 97.4136 94.6091 81.5949 71.7223 70.8642 180.325 120.578 96.1033 69.5334 84.6858 64.5358 133.665 123.761 96.7542 134.834 90.637 86.9226
threshold=10.500000000000002 1.0000000180025095e-35 3.7524407230041805 5.1379845452418804 0.9955748746867169 89.612500000000011 63.500000000000007 41.145833333333336 4.9285714285714297 0.94642857142857151 141.50000000000003 20.312500000000004 3.4712697442458205 5.6428571428571432 4.5167791925345488 55.500000000000007 5.3571428571428585 88.037500000000009 20.187500000000004 23.470138888888894 78.785714285714292 149.50000000000003 62.787500000000009 25.354166666666668 31.979166666666668 27.895833333333339 20.645833333333339 20.721527777777784 23.072916666666671 27.020833333333339
decision_type=2 2 2 2 2 2 2 2 2 2 2 2 2 2 2 2 2 2 2 2 2 2 2 2 2 2 2 2 2 2
left_child=7 2 -2 4 6 -6 -4 16 -9 10 11 14 -13 -12 -3 -15 -1 -18 20 -20 -19 22 -5 26 25 -25 28 -28 -11 -26
right_child=1 9 3 21 5 -7 -8 8 -10 23 13 12 -14 15 -16 -17 17 18 19 -21 -22 -23 -24 24 29 -27 27 -29 -30 -31
leaf_value=-0.072004706528969106 0.006100395129157758 -0.014649691706877885 0.1225748968621095 -0.1071903627179563 0.094670254833670003 0.016947201723993131 0.0045097449975056124 0.019460379968329177 -0.087914408286733026 0.002198325626816849 0.049998897803016008 0.012987872064113618 -0.067668659154362251 0.033861063905351332 0.046146022571250798 -0.037026351012356649 0.00024061667664467936 -0.016884032790905706 -0.19362021282315256 -0.046564604601134429 0.0050724837822209729 0.080481650183598208 0.0012922879102946828 -0.0042538975365459921 0.043088828541926652 -0.13126571506939153 0.11055523341006422 0.016616865465709684 -0.092088827877663648 -0.02740278373861197
leaf_weight=36 3176 436 21 20 137 98 232 41 62 1295 104 55 255 64 75 111 11200 1123 20 46 896 24 179 34 76 44 47 204 26 103
leaf_count=36 3176 436 21 20 137 98 232 41 62 1295 104 55 255 64 75 111 11200 1123 20 46 896 24 179 34 76 44 47 204 26 103
internal_value=1.2159e-06 0.00366856 0.00968482 0.0256963 0.0373996 0.0622581 0.0143096 -0.00186087 -0.045173 -0.00431547 -0.0147367 -0.0237119 -0.0533586 0.0116741 -0.00572664 -0.0111018 -0.00152597 -0.00133499 -0.00979866 -0.0911269 -0.00714008 8.55242e-05 -0.00961049 0.0019521 -0.0212765 -0.0759016 0.00574966 0.0342069 0.00034256 0.00252662
internal_weight=20240 6816 3887 711 488 235 253 13424 103 2929 1100 821 310 279 511 175 13321 13285 2085 66 2019 223 199 1829 257 78 1572 251 1321 179
internal_count=20240 6816 3887 711 488 235 253 13424 103 2929 1100 821 310 279 511 175 13321 13285 2085 66 2019 223 199 1829 257 78 1572 251 1321 179
is_linear=0
shrinkage=0.05


Tree=123
num_leaves=31
num_cat=1
split_feature=29 14 14 14 27 27 28 43 50 35 45 46 48 42 25 32 36 43 28 15 20 14 35 37 23 1 37 36 5 37
split_gain=53.5875 77.4824 129.945 101.812 99.4676 97.7758 96.3839 90.8995 81.7457 108.348 101.061 76.5329 72.2321 145.111 99.4153 65.357 64.2282 66.6501 61.2174 61.0794 27.0132 25.5965 25.2462 27.1981 58.273 47.8595 111.952 47.7269 39.7496 32.8118
threshold=1.1543271743872061 20.500000000000004 34.500000000000007 35.500000000000007 3.639433783520289 2.5903175692240894 30.463888888888892 7.3571428571428585 0 4.3571428571428585 30.500000000000004 0.62500000000000011 0.7678571428571429 141.64285714285717 3.1087474159829491 15.500000000000002 0.92857142857142871 9.9285714285714306 13.07291666666667 1.0000000180025095e-35 4.9375000000000009 3.5000000000000004 8.7857142857142865 96.71250000000002 8.1458333333333339 17.979166666666668 54.112500000000004 3.5000000000000004 0.10416666666666667 93.277083333333351
decision_type=2 2 2 2 2 2 2 2 1 2 2 2 2 2 2 2 2 2 2 2 2 2 2 2 2 2 2 2 2 2
left_child=22 7 6 4 5 -4 8 -2 9 -3 -10 18 13 14 -9 -13 20 -18 -5 -6 -14 -15 23 25 -25 29 -27 -28 -26 -1
right_child=1 2 3 11 19 -7 -8 12 10 -11 -12 15 16 21 -16 -17 17 -19 -20 -21 -22 -23 -24 24 28 26 27 -29 -30 -31
leaf_value=-0.003546048652137446 -0.05481815155534471 -0.011248861780082775 0.033447667912932466 0.044523598253726961 -0.079489059316424235 0.11834209302694283 -0.089854489777769372 -0.16319188226945699 -0.0042712598798045976 -0.052259372625442058 0.041039517839089969 0.0043310700042638933 0.0099364458837292412 -0.0058045786551453853 -0.02918109082046055 0.092822174231211349 -0.0086619985447876895 0.0084224552883526409 -0.043772413603850265 0.036734665408730507 0.065203124315325003 0.070467260683124713 0.012944030490668737 -0.055247949989456126 0.067375279237103319 -0.11997390498540231 -0.089599175117909921 -0.0094663167740698228 0.0089037181356369476 -0.024115814478367126
leaf_weight=4817 61 973 148 23 26 44 35 25 3189 193 128 3263 33 22 31 21 641 5218 134 20 67 22 212 33 32 28 20 262 317 202
leaf_count=4817 61 973 148 23 26 44 35 25 3189 193 128 3263 33 22 31 21 641 5218 134 20 67 22 212 33 32 28 20 262 317 202
internal_value=1.15502e-06 0.00165594 -0.00152235 0.00545403 0.037081 0.0529026 -0.00720321 0.00591288 -0.00655793 -0.0178837 -0.00251518 0.00326652 0.0065243 -0.0356183 -0.0890073 0.00489694 0.00723151 0.00655334 -0.0308373 -0.028957 0.0469651 0.0323313 -0.00399877 -0.00462771 0.00825996 -0.00555154 -0.0246175 -0.0151495 0.014265 -0.00437392
internal_weight=20240 14317 8197 3679 238 192 4518 6120 4483 1166 3317 3441 6059 100 56 3284 5959 5859 157 46 100 44 5923 5711 382 5329 310 282 349 5019
internal_count=20240 14317 8197 3679 238 192 4518 6120 4483 1166 3317 3441 6059 100 56 3284 5959 5859 157 46 100 44 5923 5711 382 5329 310 282 349 5019
cat_boundaries=0 1
cat_threshold=80
is_linear=0
shrinkage=0.05


Tree=124
num_leaves=28
num_cat=0
split_feature=10 41 29 41 27 27 43 25 21 3 29 27 40 24 0 25 27 18 26 29 28 20 42 34 25 37 22
split_gain=52.1396 55.9231 115.116 57.8292 54.556 101.976 118.523 54.7593 54.5824 51.5813 48.5294 46.6818 45.1613 88.8964 65.276 144.564 161.156 107.8 99.7902 68.4605 67.7931 65.147 74.2333 39.8313 31.7424 24.4912 40.4448
threshold=4.5000000000000009 193.50000000000003 4.7965190695747433 190.50000000000003 6.9749007820073157 5.9506337651009504 16.214285714285719 5.1508089939629746 20.312500000000004 0.93750000000000011 2.0743979838541153 4.7499547787569325 10.500000000000002 25.967261904761909 26.229166666666668 3.7524407230041805 5.7741237810269013 0.25000000000000017 24.474702380952383 2.999213095993825 30.093750000000004 22.104166666666668 101.28571428571429 7.5000000000000009 2.1001897431623955 96.312500000000014 27.187500000000004
decision_type=2 2 2 2 2 2 2 2 2 2 2 2 2 2 2 2 2 2 2 2 2 2 2 2 2 2 2
left_child=1 3 11 4 5 7 -7 -1 -6 12 -11 25 13 21 15 20 -17 19 -19 -16 -14 23 -23 -2 -5 26 -3
right_child=9 2 -4 24 8 6 -8 -9 -10 10 -12 -13 14 -15 17 16 -18 18 -20 -21 -22 22 -24 -25 -26 -27 -28
leaf_value=0.000560797160809369 -0.013452032263915044 0.027809085121493465 0.10165151225832791 -0.014408352747559548 -0.10697109157260021 -0.0010916106678821424 0.085261929880541112 0.023726611853075716 -0.0078166313682283672 -0.001448805223648938 0.079055553399181619 -0.05201068826847606 -0.0028274482613729109 0.070782339462311938 0.017924897869428 0.052592228960499844 -0.064373502661200135 0.086303071415221144 -0.007226810114280809 -0.051663345636407357 0.075298065905060094 -0.1109482696313145 0.0079621286619277233 0.021405536315307536 -0.1034903176315129 0.069987649694085122 -0.0087087321116996463
leaf_weight=13523 1413 186 39 20 23 81 78 260 35 39 36 27 3347 32 42 220 34 33 210 223 28 35 21 87 20 20 128
leaf_count=13523 1413 186 39 20 23 81 78 260 35 39 36 27 3347 32 42 220 34 33 210 223 28 35 21 87 20 20 128
internal_value=1.0973e-06 0.00160944 0.0200441 0.00108424 0.00125576 0.00145708 0.0412705 0.000997793 -0.0471365 -0.00400313 0.0371933 0.0112278 -0.00454282 -0.0117106 -0.00179145 0.000558409 0.0369354 -0.0185782 0.00547478 -0.0406343 -0.0021793 -0.0134071 -0.0663569 -0.0114303 -0.0589493 0.0163399 0.0129228
internal_weight=20240 14440 400 14040 14000 13942 159 13783 58 5800 75 361 5725 1588 4137 3629 254 508 243 265 3375 1556 56 1500 40 334 314
internal_count=20240 14440 400 14040 14000 13942 159 13783 58 5800 75 361 5725 1588 4137 3629 254 508 243 265 3375 1556 56 1500 40 334 314
is_linear=0
shrinkage=0.05


Tree=125
num_leaves=31
num_cat=2
split_feature=45 16 50 26 18 0 27 13 27 50 30 35 28 28 25 23 18 22 36 21 15 22 42 30 10 23 22 26 37 6
split_gain=49.2978 152.062 118.615 150.031 138.934 102.325 94.3291 151.032 136.277 89.3935 89.2056 85.6876 79.1696 90.458 76.1271 255.445 96.0351 65.9386 106.43 65.3605 64.3879 63.7961 118.672 63.4783 66.1427 82.1599 81.9878 62.0715 60.6701 60.5895
threshold=7.5000000000000009 1.0000000180025095e-35 0 14.852678571428575 -0.5 26.062500000000004 4.5167791925345488 153.50000000000003 5.2495316171844673 1 0.86607142857142871 6.0714285714285721 30.463888888888892 29.172222222222224 5.3471809925062139 26.020833333333339 0.25000000000000017 30.354166666666668 3.785714285714286 28.687500000000004 0.6078576107927941 22.187500000000004 121.92857142857144 0.94345238095238115 2.5000000000000004 34.812500000000007 34.687500000000007 27.663690476190478 59.26250000000001 0.78372554448135856
decision_type=2 2 1 2 2 2 2 2 2 1 2 2 2 2 2 2 2 2 2 2 2 2 2 2 2 2 2 2 2 2
left_child=2 9 3 -1 29 12 10 19 -9 28 11 -7 13 20 23 16 -16 -11 -19 -8 -3 22 -6 24 25 -4 -26 -12 -2 -5
right_child=1 5 14 4 21 6 7 8 -10 17 27 -13 -14 -15 15 -17 -18 18 -20 -21 -22 -23 -24 -25 26 -27 -28 -29 -30 -31
leaf_value=-0.0072502872604402182 0.07482143267142502 -0.0066072717166413067 0.0015043715150764201 -0.17537859794166355 -0.049282678692303239 -0.043387874600310357 -0.11704657953710129 -0.085820400041456413 0.062736515406715251 0.0040352699289776467 -0.0079123080030760982 0.018711581111552647 0.069133848410386306 -0.10853315798565746 -0.086243980925840638 0.14014819140546025 0.045046029547945815 -0.13896588257380896 0.016722053305610367 -0.0157304954121355 0.0080284571981926074 -0.089497548838456481 0.042794050002154319 0.0077648046294104588 -0.0061203412577697774 0.079603592561119624 -0.072490607588452868 -0.1192880885868237 0.015438875051677931 -0.072134857326745988
leaf_weight=685 44 2331 3522 27 103 78 78 26 38 3273 22 193 39 20 30 40 26 21 23 20 1109 39 53 1680 4663 34 47 29 1917 30
leaf_count=685 44 2331 3522 27 103 78 78 26 38 3273 22 193 39 20 30 40 26 21 23 20 1109 39 53 1680 4663 34 47 29 1917 30
internal_value=1.04245e-06 0.00268782 -0.0022653 -0.0191807 -0.0523718 -0.00468751 -0.0262354 -0.0573555 0.00238527 0.00825355 -0.0105787 0.000837937 -0.0017069 -0.00250539 -0.000667192 0.0436438 -0.0252879 0.00320822 -0.0575836 -0.0963698 -0.00188895 -0.0322997 -0.0180002 -0.00109556 -0.00289636 0.0022511 -0.00678263 -0.0712436 0.0166862 -0.12104
internal_weight=20240 9261 10979 937 252 3983 484 162 64 5278 322 271 3499 3460 10042 96 56 3317 44 98 3440 195 156 9946 8266 3556 4710 51 1961 57
internal_count=20240 9261 10979 937 252 3983 484 162 64 5278 322 271 3499 3460 10042 96 56 3317 44 98 3440 195 156 9946 8266 3556 4710 51 1961 57
cat_boundaries=0 1 2
cat_threshold=96 33
is_linear=0
shrinkage=0.05


Tree=126
num_leaves=31
num_cat=0
split_feature=27 13 13 6 38 13 23 43 13 28 36 13 22 28 22 14 28 26 23 13 22 27 30 25 21 36 1 28 22 45
split_gain=49.5844 109.611 200.638 220.651 121.367 114.091 186.624 177.427 332.39 180.649 102 95.9708 77.0883 71.2865 132.888 90.167 158.296 79.6776 108.494 110.233 87.8454 64.5851 54.5453 53.7873 61.136 51.5074 61.2682 50.6074 43.0128 37.7384
threshold=1.4782344917062775 79.500000000000014 89.500000000000014 0.74048217219055001 100.50000000000001 113.50000000000001 34.187500000000007 21.214285714285719 132.50000000000003 32.295138888888893 4.3571428571428585 98.500000000000014 32.562500000000007 24.78680555555556 19.895833333333339 10.500000000000002 33.488194444444453 24.047619047619055 22.020833333333339 42.500000000000007 25.854166666666668 4.6326193095419592 0.092261904761904753 4.3902559025345118 29.354166666666668 10.500000000000002 27.937500000000004 13.827777777777781 15.062500000000002 4.5000000000000009
decision_type=2 2 2 2 2 2 2 2 2 2 2 2 2 2 2 2 2 2 2 2 2 2 2 2 2 2 2 2 2 2
left_child=25 13 3 4 28 6 12 9 -9 -7 -6 -8 -4 17 -15 21 -17 20 22 -20 27 -16 -19 24 -5 26 29 -2 -3 -1
right_child=1 2 5 23 10 7 11 8 -10 -11 -12 -13 -14 14 15 16 -18 18 19 -21 -22 -23 -24 -25 -26 -27 -28 -29 -30 -31
leaf_value=-0.0069106073757761489 0.027286412393429899 0.0051155236066767473 0.01354929410495687 -0.0035433929188402147 -0.18934974913534366 0.0019580722797675996 0.13928114144338502 -0.12609595377501603 -0.012755501329000128 -0.13544158376753332 -0.049848563540726899 0.021380627155303956 -0.072127173264959349 -0.11562745831906796 0.021838275434110252 -0.0033115561329106862 -0.1332726227740447 0.068417122514566053 0.03588765243960855 0.18316061953427618 0.098658502909294787 -0.026646437136763026 -0.011328011411516105 0.068048705281266428 -0.082905546629003124 0.028088250023810043 -0.069284041140760699 0.0049123379177827805 -0.072418769083495413 -0.00023490012194522051
leaf_weight=3612 404 27 951 182 38 7397 45 74 514 24 20 28 27 24 423 107 30 37 24 27 31 82 51 22 28 133 35 675 53 5115
leaf_count=3612 404 27 951 182 38 7397 45 74 514 24 20 28 27 24 423 107 30 37 24 27 31 82 51 22 28 133 35 675 53 5115
internal_value=9.90297e-07 0.00219232 -2.2421e-05 -0.0361122 -0.0861764 0.00145144 0.0169403 -0.000581117 -0.0270194 0.00151371 -0.141246 0.094059 0.011184 0.0130983 -0.0001126 0.00420571 -0.0317702 0.0201428 0.0558298 0.113856 0.0156738 0.0139655 0.0222012 -0.00633268 -0.014125 -0.00279391 -0.00326268 0.0132897 -0.0462509 -0.00299789
internal_weight=20240 11345 9430 370 138 9060 1051 8009 588 7421 58 73 978 1915 666 642 137 1249 139 51 1110 505 88 232 210 8895 8762 1079 80 8727
internal_count=20240 11345 9430 370 138 9060 1051 8009 588 7421 58 73 978 1915 666 642 137 1249 139 51 1110 505 88 232 210 8895 8762 1079 80 8727
is_linear=0
shrinkage=0.05


Tree=127
num_leaves=30
num_cat=1
split_feature=49 41 26 14 25 27 29 14 45 35 8 42 29 28 43 29 37 28 28 30 26 0 43 23 22 42 28 27 22
split_gain=48.8394 162.925 156.708 157.496 182.011 173.42 160.043 131.038 127.91 160.198 127.17 106.536 98.2209 95.7755 135.173 94.9588 145.916 129.79 115.382 107.459 115.676 72.6668 72.5447 71.5342 73.6783 156.848 83.5579 68.3806 49.1798
threshold=0 66.500000000000014 22.627976190476193 11.500000000000002 4.0267684567904753 5.2495316171844673 4.2829232393001426 9.5000000000000018 25.500000000000004 4.3571428571428585 0.16079260651629076 127.35714285714288 4.6268550377975393 23.031250000000004 13.357142857142859 2.7798938296048834 55.562500000000007 19.583333333333339 28.882638888888895 0.85416666666666685 10.694940476190478 31.479166666666668 16.500000000000004 31.562500000000004 21.187500000000004 98.071428571428584 22.270833333333336 0.42305654272056742 21.604166666666668
decision_type=1 2 2 2 2 2 2 2 2 2 2 2 2 2 2 2 2 2 2 2 2 2 2 2 2 2 2 2 2
left_child=1 -1 21 5 8 6 11 -7 9 -5 15 -4 -8 28 -15 19 17 -17 -18 20 -3 23 -10 24 26 -26 -2 -21 -6
right_child=2 10 3 4 13 7 12 -9 22 -11 -12 -13 -14 14 -16 16 18 -19 -20 27 -22 -23 -24 -25 25 -27 -28 -29 -30
leaf_value=0.11729230051278138 -0.00029526778337165502 0.0037550105339391633 0.058964212488211779 0.039525595339743987 -0.0054191234345371663 0.021373650373826769 -0.10495523104613479 0.18537408555192608 0.010760649047895438 -0.10023058891054933 -0.11586038493974643 -0.0091338057701955359 -0.01621383489109576 0.073362240236666473 -0.017617139365957601 0.047531508392421533 0.021649734824988762 -0.043979177748626891 -0.0014255522980586989 -0.022933170212465423 -0.028812831878518061 0.095290756395552317 -0.07616887771421009 -0.073614110910531258 -0.0071147438333315416 0.048308668517464751 -0.052184719741583258 0.0401224915566189 -0.081140578300783459
leaf_weight=32 14528 535 87 23 37 29 55 21 72 189 22 169 72 63 116 48 1604 201 818 57 556 20 36 33 274 239 78 175 51
leaf_count=32 14528 535 87 23 37 29 55 21 72 189 22 169 72 63 116 48 1604 201 818 57 556 20 36 33 274 239 78 175 51
internal_value=9.40793e-07 0.00490622 -0.00122765 -0.0201992 -0.0370737 0.00267675 -0.00875629 0.0902538 -0.0625056 -0.0850684 0.00402293 0.0140089 -0.0546451 -0.00659342 0.0144035 0.00468328 0.0101092 -0.0263386 0.0138563 -0.00627117 -0.0128424 4.69828e-05 -0.0182159 -7.8735e-05 8.17695e-05 0.0187063 -0.000572372 0.0246304 -0.0493031
internal_weight=20240 4048 16192 1020 587 433 383 50 320 212 4016 256 127 267 179 3994 2671 249 2422 1323 1091 15172 108 15152 15119 513 14606 232 88
internal_count=20240 4048 16192 1020 587 433 383 50 320 212 4016 256 127 267 179 3994 2671 249 2422 1323 1091 15172 108 15152 15119 513 14606 232 88
cat_boundaries=0 1
cat_threshold=4
is_linear=0
shrinkage=0.05


Tree=128
num_leaves=31
num_cat=2
split_feature=50 45 24 49 45 43 37 27 8 27 20 36 22 30 43 28 26 29 28 14 12 27 21 37 37 1 26 13 26 45
split_gain=47.8508 121.444 98.2811 82.7477 152.238 140.385 177.269 122.913 98.9619 77.3134 76.0415 74.748 123.996 137.134 94.9766 147.055 178.922 164.045 119.707 148.494 210.11 118.911 142.69 115.063 111.141 88.5477 82.7839 168.511 79.5101 75.924
threshold=0 25.500000000000004 8.3065476190476222 1 4.5000000000000009 8.071428571428573 66.862500000000011 1.0837757090901261 0.0070436507936507938 2.5482232800772722 18.562500000000004 4.7857142857142865 19.354166666666668 0.80059523809523825 20.642857142857149 16.939583333333335 22.912202380952383 3.7904492844293762 22.550694444444449 18.500000000000004 10.500000000000002 5.1379845452418804 24.270833333333339 86.062500000000014 86.312500000000014 27.854166666666668 23.825892857142865 54.500000000000007 24.864583333333339 28.500000000000004
decision_type=1 2 2 1 2 2 2 2 2 2 2 2 2 2 2 2 2 2 2 2 2 2 2 2 2 2 2 2 2 2
left_child=1 2 9 4 7 6 -5 -4 -7 -1 -3 14 13 25 18 -16 29 -18 21 24 -21 22 -2 -23 -20 -13 -14 -28 -29 -17
right_child=11 10 3 5 -6 8 -8 -9 -10 -11 -12 12 26 -15 15 16 17 -19 19 20 -22 23 -24 -25 -26 -27 27 28 -30 -31
leaf_value=0.078874038617747527 -0.002093054136793102 0.11911376355072628 -0.071511904316022987 0.11594061856158078 0.012253498609371794 0.0016965870403544186 -0.02440378477589952 -0.013760341711019834 0.04339433663171427 0.0091874702111556291 0.028217088519595562 -0.070099380510774523 0.035077650054031378 -0.006902539070163455 -0.00076815311217383461 0.061015691179171452 0.042258795498193599 -0.046244097212772999 -0.044913224064718898 -0.11413585792085337 0.029586039387754032 0.019495271130775413 0.054243748008453274 -0.073283519209785902 0.024769760687964236 -0.21363906661669413 0.027040798549094927 0.0024845135708649953 -0.084525612966378338 0.14754537625703962
leaf_weight=72 7987 26 100 60 600 7621 36 1171 145 89 200 22 77 35 746 122 139 84 107 93 35 48 114 110 123 21 92 36 97 32
leaf_count=72 7987 26 100 60 600 7621 36 1171 145 89 200 22 77 35 746 122 139 84 107 93 35 48 114 110 123 21 92 36 97 32
internal_value=8.93711e-07 0.00243083 0.00160541 0.000964484 -0.00845957 0.00321389 0.0633115 -0.0183041 0.00247513 0.0403516 0.0386742 -0.00242904 -0.0241869 -0.0803871 -0.00158267 0.0120942 0.037546 0.00892138 -0.00336509 -0.0316708 -0.0748369 -0.00213813 -0.00130026 -0.0450976 -0.00764798 -0.1402 -0.00967155 -0.0249857 -0.060974 0.0789959
internal_weight=20240 10120 9894 9733 1871 7862 96 1271 7766 161 226 10120 380 78 9740 1123 377 223 8617 358 128 8259 8101 158 230 43 302 225 133 154
internal_count=20240 10120 9894 9733 1871 7862 96 1271 7766 161 226 10120 380 78 9740 1123 377 223 8617 358 128 8259 8101 158 230 43 302 225 133 154
cat_boundaries=0 1 2
cat_threshold=45 2
is_linear=0
shrinkage=0.05


Tree=129
num_leaves=26
num_cat=1
split_feature=45 48 20 22 21 25 50 3 1 45 18 18 45 28 13 25 42 1 45 25 25 25 15 28 30
split_gain=47.1234 86.4328 71.5251 99.8345 50.8779 50.3431 49.8725 123.25 108.362 123.036 206.168 113.884 96.3778 92.8963 83.6152 80.8966 77.5119 75.4749 74.9733 89.4505 70.001 64.9771 60.3845 57.7632 55.6106
threshold=37.500000000000007 0.87500000000000011 19.604166666666668 16.520833333333339 20.645833333333339 2.7624402954898395 0 2.6875000000000004 29.604166666666668 25.500000000000004 -0.9330127018922193 0.6830127018922193 25.500000000000004 9.1486111111111139 183.50000000000003 1.9727391452015881 41.500000000000007 57.520833333333336 27.500000000000004 2.2113728671422552 3.411272600096543 5.5020396740111357 0.6078576107927941 23.174305555555559 0.023809523809523839
decision_type=2 2 2 2 2 2 1 2 2 2 2 2 2 2 2 2 2 2 2 2 2 2 2 2 2
left_child=6 -2 4 -4 -3 -5 12 8 18 11 -11 -10 13 14 -1 -14 -15 -18 21 -20 22 -8 -17 -22 -16
right_child=1 2 3 5 -6 -7 7 -9 9 10 -12 -13 15 16 24 20 17 -19 19 -21 23 -23 -24 -25 -26
leaf_value=-0.0055887227525582188 -0.059646763885393743 0.049766646933534914 -0.061101617862780892 -0.0089724540202455096 0.14922980759292842 0.086538668359453619 -0.0013837777440581368 -0.11361298872530462 -0.075348741540342185 -0.072574018508103619 0.0036034909110128827 0.0080611991970467242 0.13086394272744656 -0.082010933810046746 0.13223128903544309 -0.039269735022181916 0.002026497034109434 -0.025227321004646676 -0.0099034075340142056 0.052289053876983363 0.12486992506753831 -0.089439487989459721 0.055523646404617467 0.03357239925688265 0.026570233441889288
leaf_weight=37 25 36 30 22 20 37 8809 25 152 106 548 56 20 28 33 56 9515 261 98 141 21 21 24 99 20
leaf_count=37 25 36 30 22 20 37 8809 25 152 106 548 56 20 28 33 56 9515 261 98 141 21 21 24 99 20
internal_value=8.4904e-07 0.0262148 0.0410185 0.0131628 0.0852892 0.0509244 -0.000221192 -0.00273186 -0.00245548 -0.0193964 -0.00874332 -0.0528922 0.00225073 0.00152514 0.0520917 0.0349849 0.00106094 0.00129887 -0.000845265 0.0267875 0.025397 -0.0015932 -0.0108317 0.0495495 0.0923592
internal_weight=20240 170 145 89 56 59 20070 9956 9931 862 654 208 10114 9894 90 220 9804 9776 9069 239 200 8830 80 120 53
internal_count=20240 170 145 89 56 59 20070 9956 9931 862 654 208 10114 9894 90 220 9804 9776 9069 239 200 8830 80 120 53
cat_boundaries=0 1
cat_threshold=45
is_linear=0
shrinkage=0.05


Tree=130
num_leaves=24
num_cat=0
split_feature=43 40 40 48 30 41 41 31 27 32 15 27 27 43 22 28 26 0 27 25 36 9 26
split_gain=44.7546 43.9212 55.8075 55.8052 55.4812 55.0269 85.4323 91.9454 49.6239 49.1112 45.6199 44.2407 67.7033 135.841 65.3452 59.0703 51.8944 43.305 59.5082 36.5207 30.5981 29.0254 10.2649
threshold=5.3571428571428585 32.500000000000007 34.500000000000007 0.94642857142857151 0.32440476190476197 137.50000000000003 110.50000000000001 10.500000000000002 1.0837757090901261 15.500000000000002 -0.8783796973249266 6.9749007820073157 5.9506337651009504 16.214285714285719 17.145833333333339 23.470138888888894 22.627976190476193 27.354166666666668 1.8257549105275956 2.7939238009117249 1.5000000000000002 0.99070083014048549 32.218750000000007
decision_type=2 2 2 2 2 2 2 2 2 2 2 2 2 2 2 2 2 2 2 2 2 2 2
left_child=20 9 3 4 -3 6 -4 -8 21 11 -10 12 16 -14 -13 -16 -2 18 -5 22 -1 -7 -11
right_child=1 2 5 17 -6 8 7 -9 10 19 -12 14 13 -15 15 -17 -18 -19 -20 -21 -22 -23 -24
leaf_value=-0.0083014568643799674 0.00052170249219356474 0.13814746374264361 0.059708772902376951 -0.006144612269209964 0.038235427303747703 0.0074619276426552278 -0.0061618834699469589 -0.1111257873242721 -0.016085302064547669 -0.0068806158101540954 0.047005539564929144 0.024938282646514751 -0.010983860969417177 0.065546787204220899 -0.12833272935822607 -0.020524443548034739 -0.0068013044847924746 -0.042534915001496032 0.1067790360376239 0.09994790330529213 -0.088142537139356145 -0.068670617185887836 0.043170522553846243
leaf_weight=24 16531 24 24 28 33 31 54 34 37 21 127 27 118 114 24 27 2834 23 20 20 24 21 20
leaf_count=24 16531 24 24 28 33 31 54 34 37 21 127 27 118 114 24 27 2834 23 20 20 24 21 20
internal_value=8.0662e-07 0.000115441 0.0154568 0.0434573 0.0803037 0.00452981 -0.0239108 -0.0467161 0.0192768 -0.000239022 0.0327716 -0.000377901 -0.00022832 0.0266217 -0.0379591 -0.0712578 -0.000549994 0.0138765 0.0409069 0.0445553 -0.048222 -0.0232839 0.0175346
internal_weight=20240 20192 456 128 57 328 112 88 216 19736 164 19675 19597 232 78 51 19365 71 48 61 48 52 41
internal_count=20240 20192 456 128 57 328 112 88 216 19736 164 19675 19597 232 78 51 19365 71 48 61 48 52 41
is_linear=0
shrinkage=0.05


Tree=131
num_leaves=30
num_cat=0
split_feature=37 45 16 37 18 42 42 28 30 14 30 30 13 2 46 2 43 23 25 36 35 37 2 25 23 44 35 45 43
split_gain=46.9637 47.7516 95.5578 69.2725 114.782 138.664 83.693 74.118 107.043 65.5776 86.0904 150.467 81.1747 93.0798 67.1165 64.2643 62.6336 58.9354 58.5085 57.1231 79.8376 56.3807 53.5615 74.7861 66.7461 49.1332 78.4731 42.9642 26.3708
threshold=127.40000000000002 12.500000000000002 -0.56174490092936669 88.037500000000009 -0.5 106.92857142857144 81.071428571428584 28.531944444444452 0.011904761904761927 46.500000000000007 0.63392857142857173 0.77083333333333359 313.50000000000006 30.000000000000004 0.37500000000000006 8.5000000000000018 5.3571428571428585 15.770833333333334 3.9488399104620719 4.0714285714285721 5.3571428571428585 62.912500000000016 40.000000000000007 5.3471809925062139 17.645833333333339 6.5000000000000009 4.7857142857142865 28.500000000000004 11.928571428571431
decision_type=2 2 2 2 2 2 2 2 2 2 2 2 2 2 2 2 2 2 2 2 2 2 2 2 2 2 2 2 2
left_child=1 3 18 16 5 6 -5 15 -9 12 17 -12 14 -14 -4 -6 -1 -11 25 20 -20 -21 23 -18 -24 27 -27 -3 -2
right_child=28 2 9 4 7 -7 -8 8 -10 10 11 -13 13 -15 -16 -17 22 -19 19 21 -22 -23 24 -25 -26 26 -28 -29 -30
leaf_value=-0.064953535563639697 0.090593513440002105 0.0096142807213005204 -0.047971130967497416 -0.026355145638954126 -0.086061269723411118 -0.12060318022966386 0.013025338011934902 -0.13177167346987587 0.0091180859931877679 -0.021404928422492486 -0.1202604458383892 0.053771712627537827 -0.0069280887414750305 -0.10795344489773638 0.00046372831538290632 0.0019816816327428966 0.00017332757770176376 0.066964970870564383 0.049404516246480248 0.00013954803347587588 -0.010449103723602512 0.098171960874037317 -0.091506242883556035 0.041042792267965533 -0.010995351354468545 -0.075222793560741213 0.00542767664852686 0.039820521481251765 0.011264860406517982
leaf_weight=37 22 969 73 740 21 35 165 26 28 23 23 27 57 38 3538 1590 11868 105 120 20 104 55 34 113 106 42 107 134 20
leaf_count=37 22 969 73 740 21 35 165 26 28 23 23 27 57 38 3538 1590 11868 105 120 20 104 55 34 113 106 42 107 134 20
internal_value=7.66299e-07 -0.000109063 0.00389773 -0.00158416 -0.00898346 -0.0229518 -0.0191753 -0.0010974 -0.0587177 -0.000291838 0.0293531 -0.0262831 -0.00171569 -0.0473382 -0.000515431 0.000834008 1.22445e-06 0.051086 0.0143892 0.0342612 0.0216153 0.07203 0.000199502 0.000558792 -0.030548 0.00964344 -0.017306 0.0132839 0.052818
internal_weight=20240 20198 5435 14763 2605 940 905 1665 54 3884 178 50 3706 95 3611 1611 12158 128 1551 299 224 75 12121 11981 140 1252 149 1103 42
internal_count=20240 20198 5435 14763 2605 940 905 1665 54 3884 178 50 3706 95 3611 1611 12158 128 1551 299 224 75 12121 11981 140 1252 149 1103 42
is_linear=0
shrinkage=0.05


Tree=132
num_leaves=31
num_cat=1
split_feature=29 49 22 27 43 36 14 29 13 25 13 39 35 13 1 38 43 38 43 29 48 25 27 30 23 25 29 25 29 6
split_gain=45.1604 63.0761 172.742 131.528 121.418 113.409 104.439 86.5945 84.5025 71.8816 64.9011 105.557 131.762 76.8045 124.261 74.0163 68.3061 59.654 58.765 107.641 43.1424 36.0902 34.1065 33.6398 33.0029 28.6618 131.154 32.4686 50.8578 31.6409
threshold=1.3282789098138461 0 14.85416666666667 4.0814949101490479 8.071428571428573 1.7857142857142858 45.500000000000007 2.4981804089746902 167.50000000000003 2.8810753333972232 36.500000000000007 85.000000000000014 8.3571428571428594 18.500000000000004 41.812500000000007 193.50000000000003 26.642857142857149 55.500000000000007 8.9285714285714306 2.7599771199359227 0.98214285714285732 1.7750591498742831 1.7367642234905663 0.27083333333333348 14.60416666666667 1.3487145697750396 1.2993483655355884 1.4121075097341704 1.0015438393255534 0.97544251253132841
decision_type=2 1 2 2 2 2 2 2 2 2 2 2 2 2 2 2 2 2 2 2 2 2 2 2 2 2 2 2 2 2
left_child=22 2 3 6 5 20 8 -8 -2 18 13 15 -13 16 -15 -12 -6 -7 21 -20 -3 -4 25 -11 -19 -1 27 28 -27 -29
right_child=1 4 9 -5 10 17 7 -9 -10 23 11 12 -14 14 -16 -17 -18 24 19 -21 -22 -23 -24 -25 -26 26 -28 29 -30 -31
leaf_value=-0.0026919320906810093 0.0067985605495334486 0.030028971670954314 -0.035611744947731498 -0.12475144785074961 0.0070605739206477131 0.16192035874617952 0.012749356550447059 0.093962827069984864 -0.01235139782124715 -0.051391133267817829 0.001309678210145726 -0.16572766752492282 0.013594126999378203 0.043777593034025647 -0.079318494146520452 0.024990344803769424 -0.084311606294729502 0.094632020417381738 -0.023973019589535502 -0.11179960253426718 -0.049416430935263635 0.039023676256487227 0.051751709077507257 -0.12894611893980593 0.017082376765978079 -0.092074130382388833 -0.12483745905069205 -0.015791545550546373 0.0032240441601191251 0.014609338715025741
leaf_weight=6339 1312 54 25 21 291 21 89 52 1027 29 9384 21 20 301 22 342 22 34 206 42 25 46 28 27 23 28 26 211 28 144
leaf_count=6339 1312 54 25 21 291 21 89 52 1027 29 9384 21 20 301 22 342 22 34 206 42 25 46 28 27 23 28 26 211 28 144
internal_value=7.27994e-07 0.00168143 -0.00487364 -0.00014562 0.00346802 0.0471138 0.00090951 0.0427004 -0.00160974 -0.0365363 0.00281266 0.00180489 -0.0782536 0.018289 0.0353933 0.00214237 0.000638248 0.0898809 -0.0273644 -0.0388469 0.00488802 0.0127436 -0.00331819 -0.0887837 0.0633401 -0.00354575 -0.015931 -0.00904154 -0.044425 -0.00345992
internal_weight=20240 13436 2876 2501 10560 157 2480 141 2339 375 10403 9767 41 636 323 9726 313 78 319 248 79 71 6804 56 57 6776 437 411 56 355
internal_count=20240 13436 2876 2501 10560 157 2480 141 2339 375 10403 9767 41 636 323 9726 313 78 319 248 79 71 6804 56 57 6776 437 411 56 355
cat_boundaries=0 1
cat_threshold=2
is_linear=0
shrinkage=0.05


Tree=133
num_leaves=29
num_cat=2
split_feature=37 15 50 45 21 29 27 13 36 37 1 4 46 28 13 45 50 35 28 13 28 42 26 43 20 29 43 37
split_gain=42.2742 42.4498 54.3991 122.607 82.4879 89.1497 103.816 76.3221 112.49 76.2011 75.8453 96.2936 71.2237 63.594 49.0104 95.096 107.042 103.821 83.1686 81.5766 107.649 103.69 61.142 83.1555 53.2439 35.8089 23.7997 8.61311
threshold=127.40000000000002 1.0000000180025095e-35 0 20.500000000000004 27.895833333333339 5.0534938663273001 6.9749007820073157 127.50000000000001 4.2142857142857153 56.837500000000013 41.812500000000007 0.52083333333333337 0.37500000000000006 19.952083333333338 319.50000000000006 28.500000000000004 1 6.2142857142857153 30.954166666666669 311.50000000000006 12.265972222222222 102.92857142857144 33.949404761904766 27.357142857142858 25.604166666666668 4.7965190695747433 11.928571428571431 56.662500000000016
decision_type=2 2 1 2 2 2 2 2 2 2 2 2 2 2 2 2 1 2 2 2 2 2 2 2 2 2 2 2
left_child=1 14 3 10 5 12 -7 9 -9 -6 11 -3 -4 -12 19 16 18 -18 -16 22 27 -22 24 -24 -1 -5 -2 -21
right_child=26 2 4 25 7 6 -8 8 -10 -11 13 -13 -14 -15 15 -17 17 -19 -20 20 21 -23 23 -25 -26 -27 -28 -29
leaf_value=-0.0018266842728702983 0.085998353537764749 0.022283900794997449 -0.06528850063318159 0.12402094574645162 -0.088483681448775789 0.037854840226893158 -0.070743518648669124 -0.023138564449905513 -0.11385739637745751 0.0073801895776497472 0.011083412955741626 0.00020414427409208704 0.00084832242655947631 -0.07575832609923519 0.015121667614420726 0.092812332743778828 -0.0054914551375008676 -0.10606527138087485 0.084048381606893 -0.015567421494051815 -0.17232077263650442 -0.045213784326744437 0.063917071565608427 -0.015321028533211926 -0.013824020392397546 0.03982183154186477 0.010636133402585984 0.020580733654399715
leaf_weight=9131 22 856 41 28 23 265 24 142 45 210 37 1167 5712 49 496 32 517 27 48 26 21 68 79 57 1029 23 20 45
leaf_count=9131 22 856 41 28 23 265 24 142 45 210 37 1167 5712 49 496 32 517 27 48 26 21 68 79 57 1029 23 20 45
internal_value=6.91564e-07 -0.00010351 0.00255249 0.00940077 0.000248445 0.00173825 0.0288363 -0.0211775 -0.0449693 -0.00208277 0.00759184 0.00954684 0.000376984 -0.0383962 -0.00208175 0.00785877 0.00536013 -0.0102939 0.0208207 -0.00314653 -0.0385743 -0.0752053 -0.00259598 0.030707 -0.00304177 0.0860488 0.0501116 0.00734338
internal_weight=20240 20198 8622 2160 6462 6042 289 420 187 233 2109 2023 5753 86 11576 1120 1088 544 544 10456 160 89 10296 136 10160 51 42 71
internal_count=20240 20198 8622 2160 6462 6042 289 420 187 233 2109 2023 5753 86 11576 1120 1088 544 544 10456 160 89 10296 136 10160 51 42 71
cat_boundaries=0 1 2
cat_threshold=9 141
is_linear=0
shrinkage=0.05


Tree=134
num_leaves=31
num_cat=0
split_feature=38 37 28 26 35 30 25 26 27 23 37 35 6 27 48 27 22 48 17 18 2 26 22 48 42 20 22 13 6 13
split_gain=41.4616 51.6173 67.9255 158.812 114.672 113.094 86.8234 87.8849 72.8963 72.3574 66.0223 115.333 139.706 91.284 101.895 77.0267 75.2186 66.9529 64.1155 56.9659 46.5856 45.0954 39.4022 35.0236 58.0214 103.823 53.4999 94.0046 42.0342 33.0203
threshold=56.500000000000007 98.625000000000014 24.592361111111114 19.873511904761909 6.9285714285714297 0.46130952380952384 1.3645890046687528 26.517857142857149 3.1986535403596168 16.770833333333339 93.277083333333351 6.2142857142857153 0.92810897925726288 5.0542260428078469 0.98214285714285732 6.9749007820073157 37.770833333333336 0.98214285714285732 -0.6830127018922193 -0.68301270189221952 36.500000000000007 26.016369047619055 27.020833333333339 0.91071428571428592 54.357142857142868 8.6041666666666696 20.854166666666668 197.50000000000003 0.50993384454256951 141.50000000000003
decision_type=2 2 2 2 2 2 2 2 2 2 2 2 2 2 2 2 2 2 2 2 2 2 2 2 2 2 2 2 2 2
left_child=23 10 3 5 6 9 -4 -8 -5 -3 15 13 22 19 -15 16 17 -2 -7 -12 -17 -14 -13 24 25 -1 29 28 -28 -25
right_child=1 2 4 8 -6 18 7 -9 -10 -11 11 12 21 14 -16 20 -18 -19 -20 -21 -22 -23 -24 26 -26 -27 27 -29 -30 -31
leaf_value=-0.00064704044524467358 0.0042368393453956757 0.023274755834693642 0.14320324593223632 -0.13818967412833288 -0.060159948087918261 0.042728573046624668 0.087986926914289082 0.016968330970566187 -0.032734894147959721 0.087658179246835291 -0.030655574577671527 -0.13561545936834246 0.061947269205536164 0.0033992753946222366 0.11156371649016034 -0.10683192137915354 0.064475709231609987 -0.0025329619973939715 -0.0049285625820848881 -0.0038192324463916082 -0.013061647420680082 -0.041672234645202047 -0.053014664148742507 0.002254333695226689 -0.0010229674188742758 0.13602889875570934 0.04866440147161484 -0.11724053377906481 -0.051376320634569442 -0.0097918337108782588
leaf_weight=33 7936 142 20 23 30 80 58 175 57 63 263 42 21 64 33 26 47 6766 599 797 27 21 22 835 179 24 21 30 21 1785
leaf_count=33 7936 142 20 23 30 80 58 175 57 63 263 42 21 64 33 26 47 6766 599 797 27 21 22 835 179 24 21 30 21 1785
internal_value=6.56974e-07 0.000931336 0.0107308 0.00440799 0.0322684 0.0105131 0.0432283 0.0346468 -0.0630531 0.0430609 0.000170683 -0.0108025 -0.0607207 -0.0062292 0.0401975 0.00110699 0.0013232 0.00112131 0.000686417 -0.0104777 -0.0590622 0.0101375 -0.107221 -0.00550205 0.0129671 0.0569007 -0.00712118 -0.0496412 -0.00135596 -0.00595269
internal_weight=20240 17312 1247 964 283 884 253 233 80 205 16065 1263 106 1157 97 14802 14749 14702 679 1060 53 42 64 2928 236 57 2692 72 42 2620
internal_count=20240 17312 1247 964 283 884 253 233 80 205 16065 1263 106 1157 97 14802 14749 14702 679 1060 53 42 64 2928 236 57 2692 72 42 2620
is_linear=0
shrinkage=0.05


Tree=135
num_leaves=31
num_cat=1
split_feature=45 16 45 16 50 22 25 23 0 27 27 35 21 13 13 29 28 28 23 30 18 20 35 45 42 29 36 29 25 29
split_gain=42.0955 156.985 136.994 122.059 109.219 98.0888 86.3911 200.594 77.9118 86.87 129.943 122.892 83.1502 73.6553 130.945 72.761 70.2326 79.3065 71.8774 67.7089 70.6084 93.4504 80.9173 72.658 87.6081 63.0886 60.5223 59.8434 170.758 93.6407
threshold=5.5000000000000009 1.0000000180025095e-35 1.0000000180025095e-35 -0.22252093395631442 0 34.812500000000007 5.3471809925062139 25.020833333333339 26.062500000000004 4.5167791925345488 6.1341084082564459 6.0714285714285721 37.479166666666679 269.50000000000006 169.50000000000003 4.7422364860616719 30.463888888888892 29.172222222222224 31.562500000000004 0.18154761904761915 -0.68301270189221952 13.895833333333334 5.7857142857142865 3.5000000000000004 121.92857142857144 2.3894966369881154 3.6428571428571437 4.7422364860616719 4.3902559025345118 3.5838080523663769
decision_type=2 2 2 2 1 2 2 2 2 2 2 2 2 2 2 2 2 2 2 2 2 2 2 2 2 2 2 2 2 2
left_child=2 4 3 5 -2 13 27 -8 16 12 11 -11 25 14 -1 -15 17 18 -3 -4 21 -21 -23 24 -22 -10 -25 29 -29 -5
right_child=1 8 19 6 -6 -7 7 -9 9 10 -12 -13 -14 15 -16 -17 -18 -19 -20 20 23 22 -24 26 -26 -27 -28 28 -30 -31
leaf_value=-0.0027404182916120944 0.015904536983698161 -0.0022260447306353555 -0.0053022974898446519 0.0042055158042198946 0.0021281692594953719 -0.098325824095257405 -0.032891794169942541 0.16756528911825558 -0.079299393172065413 0.019017171320216408 0.05142944020032883 -0.096796483899372718 -0.09640698751807214 0.012908758297919633 -0.027836754815135568 -0.066841861257950469 0.063376169539988036 -0.10252204889431596 -0.092846408384767445 -0.020252648700328394 -0.046539752211461845 -0.14578789006441067 -0.037563137391642215 -0.021897140915622476 0.039815800507186042 0.005193674045601498 0.014952860768939475 -0.0042610115602670249 -0.1580061326424281 0.032393121470034501
leaf_weight=1869 2329 4069 958 3858 3767 29 24 26 24 29 25 109 25 613 720 30 40 20 22 87 267 39 31 247 33 278 203 129 21 319
leaf_count=1869 2329 4069 958 3858 3767 29 24 26 24 29 25 109 25 613 720 30 40 20 22 87 267 39 31 247 33 278 203 129 21 319
internal_value=6.24133e-07 0.00214584 -0.00242316 0.000543315 0.00742106 -0.0067795 0.00599904 0.0713459 -0.00478321 -0.023639 -0.0534576 -0.0724588 -0.00877529 -0.00595807 -0.0097197 0.00918789 -0.00255741 -0.00319894 -0.00271337 -0.0145722 -0.0243633 -0.0548546 -0.0978598 -0.0179805 -0.0370406 -0.00152101 -0.0052737 0.00524393 -0.0257853 0.00635822
internal_weight=20240 10737 9503 7638 6096 3261 4377 50 4641 490 163 138 327 3232 2589 643 4151 4111 4091 1865 907 157 70 750 300 302 450 4327 150 4177
internal_count=20240 10737 9503 7638 6096 3261 4377 50 4641 490 163 138 327 3232 2589 643 4151 4111 4091 1865 907 157 70 750 300 302 450 4327 150 4177
cat_boundaries=0 1
cat_threshold=33
is_linear=0
shrinkage=0.05


Tree=136
num_leaves=31
num_cat=1
split_feature=45 27 37 1 26 0 6 26 49 29 41 6 18 26 24 25 43 35 8 30 29 45 29 45 37 37 42 23 17 27
split_gain=40.5786 87.5666 73.8063 72.3086 100.718 47.6196 85.4607 51.7268 44.6684 179.388 146.255 109.391 142.112 170.928 151.096 134.256 161.044 129.133 103.886 82.4828 194.382 96.1623 81.2945 85.762 131.331 70.8852 35.3222 151.038 48.3402 20.8962
threshold=35.500000000000007 3.6072209225176048 90.21250000000002 31.729166666666668 19.873511904761909 22.979166666666668 0.61916174883464614 17.575892857142861 0 3.4712697442458205 66.500000000000014 0.53394797772261748 1.0000000180025095e-35 22.251488095238098 19.901785714285719 3.4593013215092285 7.6428571428571432 6.6428571428571432 0.16079260651629076 0.011904761904761913 3.647841263254461 18.500000000000004 1.8514398886533294 7.5000000000000009 69.225000000000009 61.712500000000006 76.642857142857153 16.520833333333339 -0.24999999999999994 4.2017683437988742
decision_type=2 2 2 2 2 2 2 2 1 2 2 2 2 2 2 2 2 2 2 2 2 2 2 2 2 2 2 2 2 2
left_child=8 2 3 -2 -5 6 7 -3 10 22 -1 15 13 -13 -14 16 -11 -17 19 20 -12 -21 26 25 -25 -24 27 -10 -28 -7
right_child=1 5 -4 4 -6 29 -8 -9 9 11 18 12 14 -15 -16 17 -18 -19 -20 21 -22 -23 23 24 -26 -27 28 -29 -30 -31
leaf_value=0.11092525760177524 -0.11573124604210967 0.12534418581497103 0.050220397652851217 -0.070514125544577838 0.04860119682012333 0.11268226655906644 -0.036298864141904884 0.023028444238007068 -0.0055194014583887178 0.10148887938031784 -0.011201464762193704 -0.028802101256688431 0.039736039364444364 -0.095401170539881008 -0.021294974124733038 0.007440289067194461 -0.026345258481760926 0.086717264866456395 -0.1047478393397548 -0.0063369109111170337 0.033643116822525389 0.012943058104859424 0.0080794344549217564 0.045893151057667954 0.0082831375991872236 -0.0056827368253840414 -0.0096440191294156798 -0.097884547842873482 0.0019689534242844677 0.049610150504546868
leaf_weight=32 21 21 36 35 36 29 35 30 2691 26 392 506 133 119 427 357 470 60 22 1982 630 960 1999 293 1117 1759 1099 45 4854 24
leaf_count=32 21 21 36 35 36 29 35 30 2691 26 392 506 133 119 427 357 470 60 22 1982 630 960 1999 293 1117 1759 1099 45 4854 24
internal_value=1.03845e-06 0.0193643 -0.0104748 -0.0342251 -0.0101176 0.0468421 0.0238677 0.0651585 -0.000257811 -0.00144467 0.0044476 -0.015071 -0.0250925 -0.0414826 -0.00680011 -0.0020639 -0.0196443 0.018847 0.00360394 0.00420529 0.0164425 -4.56906e-05 0.000617365 0.00558317 0.0160986 0.0016378 -0.00233617 -0.00703857 -0.00017495 0.0841213
internal_weight=20240 267 128 92 71 139 86 51 19973 15955 4018 2098 1185 625 560 913 496 417 3986 3964 1022 2942 13857 5168 1410 3758 8689 2736 5953 53
internal_count=20240 267 128 92 71 139 86 51 19973 15955 4018 2098 1185 625 560 913 496 417 3986 3964 1022 2942 13857 5168 1410 3758 8689 2736 5953 53
cat_boundaries=0 1
cat_threshold=4
is_linear=0
shrinkage=0.05


Tree=137
num_leaves=31
num_cat=1
split_feature=45 16 1 35 14 0 49 28 36 27 24 35 26 22 40 45 24 25 0 27 21 28 37 33 25 41 35 31 45 45
split_gain=38.9475 94.5142 58.5865 96.7237 58.3075 80.5327 118.892 159.309 90.9825 118.709 89.8474 76.9794 56.1136 78.7112 135.349 54.9084 57.6479 54.1499 65.4002 53.4361 51.411 95.1488 52.0933 51.361 46.6914 75.6709 45.9159 34.8342 30.9558 27.9439
threshold=10.500000000000002 -0.56174490092936669 41.145833333333336 4.9285714285714297 46.500000000000007 22.104166666666668 0 20.721527777777784 4.3571428571428585 2.7467521929529086 31.696428571428573 5.5000000000000009 33.949404761904766 34.812500000000007 21.500000000000004 34.500000000000007 35.559523809523817 3.9488399104620719 20.437500000000004 5.1379845452418804 34.812500000000007 31.427083333333339 88.037500000000009 3.5000000000000004 3.2351295181775015 96.500000000000014 9.7857142857142865 7.5000000000000009 28.500000000000004 22.500000000000004
decision_type=2 2 2 2 2 2 1 2 2 2 2 2 2 2 2 2 2 2 2 2 2 2 2 2 2 2 2 2 2 2
left_child=2 15 12 -4 5 8 7 -7 11 -10 -8 -3 13 20 -15 16 17 18 -2 -19 22 -22 -1 24 25 -17 -16 -5 29 -6
right_child=1 4 3 27 28 6 10 -9 9 -11 -12 -13 -14 14 26 23 -18 19 -20 -21 21 -23 -24 -25 -26 -27 -28 -29 -30 -31
leaf_value=0.00025817834768762215 0.013018254588106357 0.0024960130164039611 0.020456498534214208 -0.10632247252389788 0.027333555991986187 0.10292630304271977 -0.034988276970100367 -0.0045840417253130358 -0.0066499234071739442 0.064892212704580746 0.060262981315071767 -0.026685096862218611 0.03033088088662049 -0.1306518798461184 0.053205685123153358 -0.067101058770309793 0.078167638386930194 0.043743672464228243 -0.0088156604903533355 0.00026692609311243807 -0.11771317300601647 0.023571238353509796 -0.0083718518503085836 0.11518632789020954 0.08551423253628182 0.067278397532645626 -0.04670288775359159 -0.027992624924941496 0.069920743419788781 -0.018158320329067383
leaf_weight=10976 1000 2780 41 40 145 36 518 804 106 128 26 246 139 32 23 22 31 201 522 109 26 22 2080 23 23 20 23 22 32 44
leaf_count=10976 1000 2780 41 40 145 36 518 804 106 128 26 246 139 32 23 22 31 201 522 109 26 22 2080 23 23 20 23 22 32 44
internal_value=9.86489e-07 0.00307907 -0.0015619 -0.0391264 -0.000649487 -0.00184359 -0.0119489 2.32675e-05 0.00244653 0.0324842 -0.0298864 0.000123722 -0.00127145 -0.00160468 -0.0516833 0.0123766 0.0105535 0.00940942 0.00552988 0.0284567 -0.0013066 -0.0529578 -0.0011167 0.0509711 0.0282488 -0.00311084 0.0032514 -0.078528 0.0244428 0.0167429
internal_weight=20240 6816 13424 103 4865 4644 1384 840 3260 234 544 3026 13321 13182 78 1951 1863 1832 1522 310 13104 48 13056 88 65 42 46 62 221 189
internal_count=20240 6816 13424 103 4865 4644 1384 840 3260 234 544 3026 13321 13182 78 1951 1863 1832 1522 310 13104 48 13056 88 65 42 46 62 221 189
cat_boundaries=0 1
cat_threshold=4
is_linear=0
shrinkage=0.05


Tree=138
num_leaves=31
num_cat=2
split_feature=29 13 13 42 13 50 28 42 45 43 29 23 43 26 13 43 48 13 30 40 13 23 50 43 37 28 17 37 18 13
split_gain=38.3793 64.6004 105.522 97.3211 206.458 173.332 148.714 124.193 96.4611 94.2847 161.207 120.04 79.7052 164.608 87.2063 78.7757 59.401 137.846 69.801 62.5628 191.297 156.594 24.7005 64.9774 60.5697 47.6799 53.9204 73.7531 31.3133 52.4225
threshold=1.1543271743872061 139.50000000000003 235.50000000000003 113.07142857142858 170.50000000000003 0 21.121527777777782 112.78571428571429 7.5000000000000009 24.500000000000004 5.0534938663273001 30.937500000000004 19.214285714285719 24.245535714285719 247.50000000000003 7.3571428571428585 0.7678571428571429 73.500000000000014 0.20238095238095247 23.500000000000004 126.50000000000001 37.395833333333336 1 10.928571428571431 93.277083333333351 11.753472222222223 0.93301270189221952 54.112500000000004 0.6830127018922193 283.50000000000006
decision_type=2 2 2 2 2 1 2 2 2 2 2 2 2 2 2 2 2 2 2 2 2 2 1 2 2 2 2 2 2 2
left_child=22 15 3 7 5 -5 -6 8 -3 12 11 -11 14 -14 -4 -2 17 18 -17 21 -21 -18 23 24 -1 -25 27 -27 29 -24
right_child=1 2 9 4 6 -7 -8 -9 -10 10 -12 -13 13 -15 -16 16 19 -19 -20 20 -22 -23 28 25 -26 26 -28 -29 -30 -31
leaf_value=-0.0220433490433018 -0.051221205593376867 -0.011424147100308426 0.02443149983637519 0.046935451252401367 -0.016310612563424375 -0.032165493161911952 -0.099952352607262235 0.11711065008171968 0.0045069753779528234 -0.044291823661248939 -0.16614959813654423 0.059889788658191001 0.048345996229325401 -0.0035619616373950948 -0.00039788947797562166 -0.049343152921045984 0.0079476660389929329 -0.12419628957607623 0.052369169619035073 0.00011569373519096716 -0.10114682310697985 0.096020986606348668 -0.0026576611808117202 0.0063471119357072312 -0.095998767126155529 -0.092079509432251405 0.017288573369621595 -0.017734250288105029 0.0058687387840798038 -0.030368796488603151
leaf_weight=102 61 2288 408 111 93 152 124 21 1625 95 20 39 309 302 2654 31 4850 29 37 968 49 51 3666 438 38 37 94 339 1030 179
leaf_count=102 61 2288 408 111 93 152 124 21 1625 95 20 39 309 302 2654 31 4850 29 37 968 49 51 3666 438 38 37 94 339 1030 179
internal_value=9.37188e-07 0.00140136 -0.00148254 -0.00675077 -0.0280054 0.00178091 -0.0641059 -0.00415742 -0.00480823 0.00459374 -0.0337339 -0.0139703 0.00620072 0.0226894 0.00291053 0.00531285 0.00588618 -0.0329244 0.00600032 0.00652231 -0.00476323 0.00886416 -0.00338414 -0.010312 -0.042117 -0.00552169 -0.0165824 -0.0250501 -0.00186985 -0.00394772
internal_weight=20240 14317 8241 4414 480 263 217 3934 3913 3827 154 134 3673 611 3062 6076 6015 97 68 5918 1017 4901 5923 1048 140 908 470 376 4875 3845
internal_count=20240 14317 8241 4414 480 263 217 3934 3913 3827 154 134 3673 611 3062 6076 6015 97 68 5918 1017 4901 5923 1048 140 908 470 376 4875 3845
cat_boundaries=0 1 2
cat_threshold=56 132
is_linear=0
shrinkage=0.05


Tree=139
num_leaves=28
num_cat=1
split_feature=37 49 29 43 45 27 42 30 45 48 29 7 18 28 28 26 0 44 43 29 15 36 1 24 27 10 30
split_gain=37.7128 37.1709 161.761 157.807 116.591 99.5533 119.646 170.747 97.2155 119.629 134.707 101.373 139.094 94.0053 105.475 92.5425 88.7013 71.0386 100.367 88.8393 58.1277 51.1558 42.8321 163.242 38.1462 23.0299 22.0928
threshold=127.40000000000002 0 3.4712697442458205 9.3571428571428594 28.500000000000004 1.4955130951743376 99.214285714285737 0.011904761904761895 36.500000000000007 0.91071428571428592 3.9383424623012906 0.30418915685075387 1.0000000180025095e-35 20.813194444444445 21.629166666666666 21.421130952380956 20.937500000000004 7.5000000000000009 17.357142857142858 2.8032117447511311 1.0000000180025095e-35 2.5000000000000004 16.770833333333339 18.264880952380956 0.64535312356319741 3.5000000000000004 0.71726190476190499
decision_type=2 1 2 2 2 2 2 2 2 2 2 2 2 2 2 2 2 2 2 2 2 2 2 2 2 2 2
left_child=1 3 5 21 17 22 16 -8 11 -10 -11 12 -4 20 -15 -13 -7 19 -19 -5 -6 25 24 -24 -3 -1 -2
right_child=26 2 8 4 13 6 7 -9 9 10 -12 15 -14 14 -16 -17 -18 18 -20 -21 -22 -23 23 -25 -26 -27 -28
leaf_value=0.009577687115718922 0.085365122333168994 -0.0057994893171149156 -0.062063714003433357 -0.0031214999234316686 0.12584285289049149 0.003707948145159188 0.10932960609482095 0.017650495452731202 -0.064440135135044971 -0.068470926263502666 0.071462806743618698 0.0006029898733915846 -0.011820272944528948 -0.069086200247208282 0.030994086361728436 -0.031063749488356076 -0.043528625080544579 0.0046741249863112315 -0.08414791571134228 0.0079183986792240833 0.020533019825816155 0.1290520570107869 -0.055819194406975775 -0.0031243917560269991 0.0032663400009138471 0.082225381918251517 0.012755508026616139
leaf_weight=24 20 2819 276 4556 38 3874 55 663 31 21 95 666 275 30 215 353 102 69 59 3037 20 28 185 715 1972 20 22
leaf_count=24 20 2819 276 4556 38 3874 55 663 31 21 95 666 275 30 215 353 102 69 59 3037 20 28 185 715 1972 20 22
internal_value=1.2552e-06 -9.7164e-05 -0.00185094 0.00252357 0.00186543 0.000498031 0.00588838 0.0246733 -0.0160691 0.0228125 0.04613 -0.0197096 -0.0369876 0.0322899 0.0187394 -0.0103669 0.00249614 0.000671469 -0.0362673 0.00129417 0.0895291 0.0762199 -0.00394799 -0.0139561 -0.00206795 0.0425994 0.0473315
internal_weight=20240 20198 12102 8096 8024 10385 4694 718 1717 147 116 1570 551 303 245 1019 3976 7721 128 7593 58 72 5691 900 4791 44 42
internal_count=20240 20198 12102 8096 8024 10385 4694 718 1717 147 116 1570 551 303 245 1019 3976 7721 128 7593 58 72 5691 900 4791 44 42
cat_boundaries=0 1
cat_threshold=12
is_linear=0
shrinkage=0.05


Tree=140
num_leaves=31
num_cat=1
split_feature=10 40 29 27 27 43 6 28 25 27 25 37 22 27 27 20 20 26 29 49 27 1 20 27 34 14 27 27 39 18
split_gain=37.1323 42.9538 42.1825 40.4477 75.6857 84.7754 99.0948 66.4282 39.373 126.189 67.8958 38.7505 47.6864 97.7427 47.8722 98.9373 113.637 94.4158 67.1493 99.4828 50.5335 46.808 37.3243 41.8661 35.2524 34.1924 46.9234 33.6507 27.7635 26.3042
threshold=4.5000000000000009 36.500000000000007 3.9383424623012906 6.9749007820073157 5.9506337651009504 16.214285714285719 0.61668714168714178 25.771527777777781 5.1508089939629746 5.1379845452418804 4.6598855917491546 99.71250000000002 36.812500000000007 3.5753608870807239 4.2588928668237651 26.812500000000004 28.020833333333339 26.517857142857149 3.4712697442458205 0 2.5903175692240894 37.937500000000007 27.729166666666668 2.7467521929529086 6.5000000000000009 10.500000000000002 1.464690486888901 2.1413220686238499 68.500000000000014 -0.9330127018922193
decision_type=2 2 2 2 2 2 2 2 2 2 2 2 2 2 2 2 2 2 2 1 2 2 2 2 2 2 2 2 2 2
left_child=1 3 25 4 8 6 -6 -7 10 -10 -1 12 14 -14 18 17 -17 -16 20 -20 -2 22 23 29 -5 26 -3 -27 -4 -13
right_child=11 2 28 24 5 7 -8 -9 9 -11 -12 21 13 -15 15 16 -18 -19 19 -21 -22 -23 -24 -25 -26 27 -28 -29 -30 -31
leaf_value=0.00091787832794996646 -0.0052760320854362032 -0.018839132751303694 0.11352894637733697 -0.012312800476425573 0.030508241368854633 0.1107722183527506 -0.09774197645485401 0.02008982832129631 0.046783283224028208 -0.0227680315672655 -0.027731372110900428 -0.045036400809884074 0.013432918877705284 -0.13770295511931183 0.017138115192069807 -0.085775411360793641 0.0037473663630805394 0.094555631422616082 0.0022209839854546664 -0.036213508759152573 0.010914304583828461 0.065900589404879403 -0.054873632655843441 0.05812593640350714 -0.094323747195303453 0.02211800072600454 0.064891751524886451 -0.068504082447006592 0.030216988930478694 0.0090135025560023445
leaf_weight=13583 3662 27 20 38 61 46 20 36 167 107 210 25 23 20 243 45 167 47 298 388 555 37 23 41 20 20 44 21 20 226
leaf_count=13583 3662 27 20 38 61 46 20 36 167 107 210 25 23 20 243 45 167 47 298 388 555 37 23 41 20 20 44 21 20 226
internal_value=1.19239e-06 0.00135848 0.0277979 0.00107721 0.00124705 0.0351222 -0.00115848 0.0709604 0.000854524 0.0196227 0.00048169 -0.00337798 -0.00441682 -0.0568628 -0.00399958 0.0107064 -0.0152551 0.0296851 -0.00550526 -0.020013 -0.00314522 0.0127004 0.00645146 0.0112819 -0.0405924 0.0120567 0.0330504 -0.0242982 0.071873 0.00363005
internal_weight=20240 14440 152 14288 14230 163 81 82 14067 274 13793 5800 5448 43 5405 502 212 290 4903 686 4217 352 315 292 58 112 71 41 40 251
internal_count=20240 14440 152 14288 14230 163 81 82 14067 274 13793 5800 5448 43 5405 502 212 290 4903 686 4217 352 315 292 58 112 71 41 40 251
cat_boundaries=0 1
cat_threshold=4
is_linear=0
shrinkage=0.05


Tree=141
num_leaves=31
num_cat=1
split_feature=45 16 45 16 50 22 25 23 0 27 27 35 21 14 42 14 24 37 37 45 28 27 28 36 27 20 45 40 29 30
split_gain=35.4621 137.546 115.82 109.962 94.1693 84.8191 75.1743 179.478 70.9717 74.9367 116.23 110.456 75.0543 67.0325 87.8461 67.5014 63.3393 123.668 84.6803 62.3597 116.259 63.9477 104.226 59.6809 57.0405 56.5653 80.6861 55.9318 103.018 84.0581
threshold=5.5000000000000009 1.0000000180025095e-35 1.0000000180025095e-35 -0.22252093395631442 0 34.812500000000007 5.3471809925062139 26.604166666666668 26.062500000000004 4.5167791925345488 6.1341084082564459 6.0714285714285721 37.479166666666679 45.500000000000007 70.071428571428584 21.500000000000004 27.294642857142858 89.812500000000014 97.575000000000017 3.5000000000000004 9.3034722222222239 1.3290840575774352 10.227083333333335 2.5000000000000004 0.38693117610946731 16.770833333333339 18.500000000000004 19.500000000000004 4.7017353024896851 0.011904761904761927
decision_type=2 2 2 2 1 2 2 2 2 2 2 2 2 2 2 2 2 2 2 2 2 2 2 2 2 2 2 2 2 2
left_child=2 4 3 5 25 13 27 -8 16 12 11 -11 23 15 -15 -1 -3 -18 -19 20 -4 24 -23 -10 -22 26 -2 28 -5 -29
right_child=1 8 19 6 -6 -7 7 -9 9 10 -12 -13 -14 14 -16 -17 17 18 -20 -21 21 22 -24 -25 -26 -27 -28 29 -30 -31
leaf_value=-0.0012167157137736194 0.023467496781048772 -0.003529001191505034 -0.0030339454309354108 0.0036363828525078166 0.001992242016429128 -0.091576344918074287 -0.028091950833797452 0.1613695062994957 -0.083122792023988007 0.01854528042262998 0.048990631595253943 -0.091251943185241949 -0.091964298248291027 0.10783524909056724 0.008472002048112796 -0.016541530141588306 0.087297660478374423 -0.054330243948433138 0.050220985896885395 -0.0060709120751128052 -0.026713588639417276 -0.13662327639758587 -0.017495443820689616 0.0042604770103728011 -0.090986494234565535 0.0099789016745331239 0.10741451285779476 0.061891850748409832 -0.04554740331156857 0.010969264047845047
leaf_weight=1599 624 4015 333 3313 3767 29 25 25 21 29 25 109 25 24 304 1305 57 45 34 1136 53 20 224 281 99 1675 30 90 110 814
leaf_count=1599 624 4015 333 3313 3767 29 25 25 21 29 25 109 25 24 304 1305 57 45 34 1136 53 20 224 281 99 1675 30 90 110 814
internal_value=2.93082e-07 0.00196925 -0.00222434 0.000503261 0.00690707 -0.00644723 0.00568159 0.0666388 -0.00451663 -0.022513 -0.0502079 -0.0681786 -0.00870793 -0.00568338 0.0157425 -0.00810338 -0.00239227 0.0311663 -0.00933351 -0.0133951 -0.0248083 -0.0431185 -0.02726 -0.00181584 -0.0685755 0.0147844 0.0273183 0.00497721 0.00205583 0.016039
internal_weight=20240 10737 9503 7638 6096 3261 4377 50 4641 490 163 138 327 3232 328 2904 4151 136 79 1865 729 396 244 302 152 2329 654 4327 3423 904
internal_count=20240 10737 9503 7638 6096 3261 4377 50 4641 490 163 138 327 3232 328 2904 4151 136 79 1865 729 396 244 302 152 2329 654 4327 3423 904
cat_boundaries=0 1
cat_threshold=33
is_linear=0
shrinkage=0.05


Tree=142
num_leaves=31
num_cat=2
split_feature=13 50 36 30 29 45 1 4 28 13 36 37 13 30 29 28 1 29 23 26 36 49 42 23 29 13 41 27 10 22
split_gain=33.627 115.138 112.905 101.471 263 84.9974 81.4103 114.784 74.5442 64.8688 180.582 244.701 246.038 213.069 187.62 106.623 177.755 179 144.046 189.816 118.417 116.763 79.3297 158.5 124.018 97.6444 67.0903 174.671 166.552 64.6636
threshold=317.50000000000006 0 5.0714285714285721 0.63988095238095266 4.0714114104069283 28.500000000000004 41.312500000000007 0.39583333333333343 24.039583333333336 170.50000000000003 5.5000000000000009 68.58750000000002 219.50000000000003 1.0000000180025095e-35 4.0258825868576045 21.47291666666667 35.937500000000007 3.2776548872797862 22.020833333333339 19.873511904761909 4.7857142857142865 1 76.357142857142875 16.270833333333339 1.5712097589147807 44.500000000000007 71.500000000000014 3.6072209225176048 5.5000000000000009 16.020833333333339
decision_type=2 1 2 2 2 2 2 2 2 2 2 2 2 2 2 2 2 2 2 2 2 1 2 2 2 2 2 2 2 2
left_child=9 3 5 6 8 -3 7 -2 -5 22 15 12 13 -12 -14 18 17 -17 21 -20 -18 -11 23 29 -25 -26 27 -24 -29 -1
right_child=1 2 -4 4 -6 -7 -8 -9 -10 10 11 -13 14 -15 -16 16 20 -19 19 -21 -22 -23 26 24 25 -27 -28 28 -30 -31
leaf_value=-0.00077020670669614632 0.078334046982986572 -0.0057262193685339736 -0.11308383819026252 0.0072257122813198299 -0.13874094915886723 0.087697455585002915 -0.023127705595911818 0.019760059327792442 0.068482220518318093 0.006139960950017836 0.033187519451386704 -0.1621579626807943 -0.025609112269251468 -0.091106666432393874 0.033799096053849426 0.037892907596842357 -0.010533836487972272 -0.092401497511776121 0.012281868836103842 0.12137217985381457 0.10947590026665817 -0.0094820673395565481 0.0074456477996793953 -0.16118785128706981 -0.13619480544612522 -0.02263538865906109 0.0021394895424160045 0.041806596535302346 0.18308562910556794 -0.044148271764874507
leaf_weight=2477 157 931 24 512 30 25 47 179 55 2599 43 32 365 174 209 33 313 131 145 55 22 2199 985 21 21 192 8024 126 25 89
leaf_count=2477 157 931 24 512 30 25 47 179 55 2599 43 32 365 174 209 33 313 131 145 55 22 2199 985 21 21 192 8024 126 25 89
internal_value=3.27635e-07 0.00622432 -0.0059118 0.0182347 0.0055341 -0.00328313 0.0385078 0.0471295 0.0131677 -0.000667015 -0.0047644 -0.0266074 -0.0211237 -0.0664769 -0.0039779 -0.00149411 -0.0235326 -0.0661837 0.000706205 0.0422817 -0.0026526 -0.00102683 0.00149816 -0.00586715 -0.0452608 -0.0338314 0.00374956 0.0151221 0.0651972 -0.00227475
internal_weight=20240 1960 980 980 597 956 383 336 567 18280 6320 823 791 217 574 5497 499 164 4998 200 335 4798 11960 2800 234 213 9160 1136 151 2566
internal_count=20240 1960 980 980 597 956 383 336 567 18280 6320 823 791 217 574 5497 499 164 4998 200 335 4798 11960 2800 234 213 9160 1136 151 2566
cat_boundaries=0 1 2
cat_threshold=141 13
is_linear=0
shrinkage=0.05


Tree=143
num_leaves=25
num_cat=1
split_feature=37 15 21 50 45 35 20 45 21 6 48 45 26 1 38 45 20 23 1 1 37 29 20 30
split_gain=33.5943 33.9466 52.1742 64.9183 90.3365 87.0442 61.9925 39.1173 84.7501 70.0827 59.5933 52.0827 143.245 119.279 100.687 51.6512 66.8388 54.4078 37.8221 76.6389 66.7903 33.6522 27.5255 20.1105
threshold=127.40000000000002 1.0000000180025095e-35 37.479166666666679 0 20.500000000000004 11.214285714285717 30.520833333333339 35.500000000000007 15.85416666666667 0.634721475313752 0.94642857142857151 32.500000000000007 20.456845238095241 29.604166666666668 115.50000000000001 28.500000000000004 28.270833333333339 24.020833333333339 57.854166666666679 57.395833333333336 96.125000000000014 4.7965190695747433 24.937500000000004 0.71726190476190499
decision_type=2 2 2 1 2 2 2 2 2 2 2 2 2 2 2 2 2 2 2 2 2 2 2 2
left_child=1 7 3 4 5 -3 -4 11 -9 10 -10 15 13 -13 -14 17 -17 -1 19 -5 -20 -6 -11 -2
right_child=23 2 6 18 21 -7 -8 8 9 22 -12 12 14 -15 -16 16 -18 -19 20 -21 -22 -23 -24 -25
leaf_value=-0.0011044707318013734 0.080958520104177312 0.0084600718715058722 0.014409679934382439 0.0011998323458613277 0.1160798289413963 0.096380594372749331 -0.089972532472827216 -0.05154303538222467 0.030385752907022834 -0.028761639585718514 0.1276566627645685 0.11379760881377893 -0.025467191450297834 -0.039481298178434376 -0.15296894879390799 0.0088091458979880025 0.075739628724245875 -0.011844416043384983 0.073323661075361687 -0.041423853805993699 -0.014158084895461798 0.034455675858518352 0.035847717304440106 0.01168308269909837
leaf_weight=9670 20 962 25 7327 28 29 33 31 32 32 31 22 32 30 30 245 44 1343 48 107 40 23 34 22
leaf_count=9670 20 962 25 7327 28 29 33 31 32 32 31 22 32 30 30 245 44 1343 48 107 40 23 34 22
internal_value=2.28674e-07 -9.26611e-05 0.00228248 0.00260257 0.0142361 0.0110329 -0.0449802 -0.0018617 0.0226895 0.0405283 0.0782492 -0.0022058 -0.0358325 0.0253675 -0.0871616 -0.00186662 0.0189993 -0.00241417 0.000970795 0.000586336 0.0335592 0.0792689 0.00452197 0.0446714
internal_weight=20240 20198 8622 8564 1042 991 58 11576 160 129 63 11416 114 52 62 11302 289 11013 7522 7434 88 51 66 42
internal_count=20240 20198 8622 8564 1042 991 58 11576 160 129 63 11416 114 52 62 11302 289 11013 7522 7434 88 51 66 42
cat_boundaries=0 1
cat_threshold=1
is_linear=0
shrinkage=0.05


Tree=144
num_leaves=25
num_cat=0
split_feature=43 29 29 29 36 1 17 48 33 40 45 1 25 28 45 10 36 0 35 1 37 13 20 37
split_gain=32.8066 34.2826 44.2261 163.231 146.593 105.507 99.4598 86.7832 102.648 86.3384 84.0668 83.3443 137.405 80.1642 59.6432 46.1862 26.6477 21.889 35.8255 29.6923 129.284 23.3176 11.5579 1.83312
threshold=5.3571428571428585 1.3282789098138461 3.4712697442458205 3.5334654028272579 7.6428571428571432 33.041666666666679 -0.6830127018922193 0.91071428571428592 3.5000000000000004 15.500000000000002 36.500000000000007 37.854166666666679 2.6872192816378719 10.875000000000002 7.5000000000000009 2.5000000000000004 1.5000000000000002 32.895833333333336 9.6428571428571441 17.979166666666668 54.112500000000004 97.500000000000014 20.979166666666668 58.88750000000001
decision_type=2 2 2 2 2 2 2 2 2 2 2 2 2 2 2 2 2 2 2 2 2 2 2 2
left_child=16 17 7 4 9 10 -7 8 13 -4 -5 14 -13 -3 -9 -10 -1 18 19 21 -21 -2 23 -20
right_child=1 2 3 5 -6 6 -8 11 15 -11 -12 12 -14 -15 -16 -17 -18 -19 22 20 -22 -23 -24 -25
leaf_value=-0.004032348468899727 0.0018159514090256544 0.035577775675273975 -0.064857321733585258 -0.012977191326342686 -0.16351582303643228 0.027353597796643921 0.001331222519728163 -0.00082300539970939885 0.045432004984468227 0.017175450672705969 0.025279751621708747 -0.080127711531708515 0.042557010246497218 0.0057654914101427004 0.0088069181201264023 0.14146868477442437 -0.078541469240250683 -0.042234253782246794 0.027490222651292296 -0.10988908093987089 -0.008023503904801433 -0.0045033878063637537 0.062389928996562961 0.011189124161111457
leaf_weight=24 2434 292 79 1682 25 451 1976 5208 31 54 157 74 33 990 2326 21 24 35 34 33 555 3647 20 35
leaf_count=24 2434 292 79 1682 25 451 1976 5208 31 54 157 74 33 990 2326 21 24 35 34 33 555 3647 20 35
internal_value=2.1722e-07 9.83641e-05 0.0015653 -0.0025262 -0.0524313 -0.000677859 0.00616686 0.0035821 0.0153492 -0.0315508 -0.0097111 0.00152776 -0.0422904 0.0125558 0.00215008 0.084216 -0.0412869 -0.00279513 -0.00259087 -0.00301143 -0.0137404 -0.00197399 0.0289223 0.0192215
internal_weight=20240 20192 13399 4424 158 4266 2427 8975 1334 133 1839 7641 107 1282 7534 52 48 6793 6758 6669 588 6081 89 69
internal_count=20240 20192 13399 4424 158 4266 2427 8975 1334 133 1839 7641 107 1282 7534 52 48 6793 6758 6669 588 6081 89 69
is_linear=0
shrinkage=0.05


Tree=145
num_leaves=20
num_cat=0
split_feature=27 22 27 43 6 29 0 40 40 28 3 27 29 25 23 28 38 43 40
split_gain=33.5746 59.1533 54.11 115.138 119.505 86.5277 77.2281 53.3744 49.1332 45.2569 41.1862 44.5518 70.8547 66.7426 100.121 47.437 40.8602 20.015 19.3311
threshold=6.9749007820073157 17.145833333333339 5.9506337651009504 16.214285714285719 0.41441276803118915 5.0534938663273001 22.104166666666668 20.500000000000004 16.500000000000004 23.470138888888894 4.0833333333333348 5.7741237810269013 5.2341159736979153 5.1508089939629746 19.104166666666668 25.771527777777781 193.50000000000003 17.642857142857149 24.500000000000004
decision_type=2 2 2 2 2 2 2 2 2 2 2 2 2 2 2 2 2 2 2
left_child=2 -2 10 4 -4 -6 -7 8 17 -3 11 13 -13 16 -15 -14 -1 -5 -9
right_child=1 9 3 7 5 6 -8 18 -10 -11 -12 12 15 14 -16 -17 -18 -19 -20
leaf_value=-0.00073677557931648796 0.025859879170145306 -0.11454802028213938 0.073175219963154486 0.018832220509648324 -0.12194497703264158 0.045865588791428075 -0.064866169285960493 -0.022335898382589221 0.13925087325848068 -0.020183257510264715 -0.068529402430761943 -0.099744771928767323 0.055603848681563428 -0.027638947807689676 0.034983474940721258 -0.044593818540926339 0.012636516419720027 0.082076669362341537 0.045583919571204619
leaf_weight=18866 28 24 31 22 24 31 32 20 26 27 22 29 21 82 288 27 589 29 22
leaf_count=18866 28 24 31 22 24 31 32 20 26 27 22 29 21 82 288 27 589 29 22
internal_value=2.06386e-07 -0.0325319 0.000127682 0.0238779 -0.0111198 -0.0411559 -0.0103791 0.0585814 0.0833124 -0.0645902 -0.000154831 -7.92485e-05 -0.0380383 6.8184e-05 0.021105 -0.000757339 -0.000331899 0.0547948 0.0132411
internal_weight=20240 79 20161 237 118 87 63 119 77 51 19924 19902 77 19825 370 48 19455 51 42
internal_count=20240 79 20161 237 118 87 63 119 77 51 19924 19902 77 19825 370 48 19455 51 42
is_linear=0
shrinkage=0.05


Tree=146
num_leaves=12
num_cat=0
split_feature=32 37 43 34 39 31 46 9 43 39 25
split_gain=31.4637 48.2914 38.0179 33.431 32.9252 34.3572 33.008 72.3745 33.6176 30.2801 30.0603
threshold=15.500000000000002 56.837500000000013 20.642857142857149 18.500000000000004 87.500000000000014 16.500000000000004 0.37500000000000006 0.99249188311688319 35.285714285714292 67.500000000000014 1.3487145697750396
decision_type=2 2 2 2 2 2 2 2 2 2 2
left_child=3 9 -3 4 5 6 7 -1 -8 -2 -4
right_child=1 2 10 -5 -6 -7 8 -9 -10 -11 -12
leaf_value=0.020749656718446696 0.032463470958173278 -0.0017712408588046119 0.041476439529409014 0.04610160042842229 -0.054417602079255251 -0.059948290605098015 2.477856138629128e-05 -0.04402598020474404 0.050532476730983371 -0.050077555805444721 0.12339032391707104
leaf_weight=67 20 21 24 39 28 24 19817 121 33 25 21
leaf_count=67 20 21 24 39 28 24 19817 121 33 25 21
internal_value=1.96061e-07 0.0265474 0.0537793 -0.000146197 -0.000235976 -0.000160356 -8.87468e-05 -0.020941 0.000108746 -0.0133927 0.0797029
internal_weight=20240 111 66 20129 20090 20062 20038 188 19850 45 45
internal_count=20240 111 66 20129 20090 20062 20038 188 19850 45 45
is_linear=0
shrinkage=0.05


Tree=147
num_leaves=31
num_cat=2
split_feature=10 21 6 3 29 40 22 45 10 36 23 50 21 21 48 9 20 18 27 21 50 29 29 23 17 21 27 21 29 14
split_gain=30.9397 46.8295 86.1509 46.3562 43.1347 42.5168 41.3952 37.8978 115.477 82.1714 66.9869 47.5737 72.1186 47.8491 37.8553 60.1096 59.0322 114.538 68.588 47.9344 47.8699 111.652 109.774 91.4323 146.83 108.401 55.8437 46.9108 35.3301 32.3845
threshold=4.5000000000000009 37.479166666666679 0.92312309539200299 0.93750000000000011 2.0743979838541153 36.500000000000007 30.937500000000004 6.5000000000000009 1.0000000180025095e-35 8.7857142857142865 23.937500000000004 0 9.8125000000000018 34.812500000000007 0.98214285714285732 0.98474880382775132 27.520833333333339 -0.5 4.352647053893107 29.020833333333339 1 5.1612233359612976 4.9489529751918138 23.854166666666668 0.68301270189221941 25.145833333333339 4.6326193095419592 25.604166666666668 3.9383424623012906 10.500000000000002
decision_type=2 2 2 2 2 2 2 2 2 2 2 1 2 2 2 2 2 2 2 2 1 2 2 2 2 2 2 2 2 2
left_child=1 5 6 14 -5 7 -3 11 10 -10 -9 12 -1 -13 15 19 18 -18 -17 27 21 22 -16 25 -25 -22 -23 -2 29 -7
right_child=3 2 -4 4 -6 28 -8 8 9 -11 -12 13 -14 -15 20 16 17 -19 -20 -21 23 26 -24 24 -26 -27 -28 -29 -30 -31
leaf_value=0.019261055289257673 0.015876162558916451 -0.057489948622558434 -0.1093667466659099 -0.00046127382427071912 0.075436707566647485 0.034489457808633557 0.025613446382069312 -0.004471850035193947 0.006529512684884272 0.080305338082344913 -0.035413777625745199 9.3679942710713835e-05 -0.027923910957524334 -0.046735387488522316 -0.002067445842336875 -0.002581877890695806 -0.091760635168219987 -0.0090278928699058913 0.032131509075713292 0.07353511105346329 -0.01199792121078861 0.10158242951398969 -0.11763564619191347 -0.007446957927668231 -0.10592540383144325 0.074754708803988795 0.019070545292418938 -0.054596352875232707 0.069011238649583015 -0.022208302533254027
leaf_weight=105 426 23 27 39 36 68 43 1227 5573 38 204 6644 354 55 954 2229 52 214 152 34 1344 37 21 87 67 37 46 25 39 40
leaf_count=105 426 23 27 39 36 68 43 1227 5573 38 204 6644 354 55 954 2229 52 214 152 34 1344 37 21 87 67 37 46 25 39 40
internal_value=1.86253e-07 0.00123914 -0.0341268 -0.00308437 0.0359698 0.00146838 -0.00334683 0.00119144 0.00379568 0.00702915 -0.00888286 -0.00137059 -0.0167647 -0.000290362 -0.003596 0.000103446 -0.00286156 -0.0252012 -0.00036582 0.0162856 -0.00806443 0.000180808 -0.00455661 -0.0136597 -0.0502915 -0.00967363 0.055853 0.0119697 0.0282203 0.0134903
internal_weight=20240 14440 93 5800 75 14347 66 14200 7042 5611 1431 7158 459 6699 5725 3132 2647 266 2381 485 2593 1058 975 1535 154 1381 83 451 147 108
internal_count=20240 14440 93 5800 75 14347 66 14200 7042 5611 1431 7158 459 6699 5725 3132 2647 266 2381 485 2593 1058 975 1535 154 1381 83 451 147 108
cat_boundaries=0 1 2
cat_threshold=160 180
is_linear=0
shrinkage=0.05


Tree=148
num_leaves=31
num_cat=0
split_feature=38 37 37 35 6 29 48 18 28 26 17 30 26 18 26 25 23 20 17 1 26 22 22 0 45 22 20 0 0 29
split_gain=30.907 42.7677 62.283 100.221 114.81 70.0525 222.708 62.0529 59.3584 139.989 103.062 95.6753 94.6416 72.5062 107.859 69.1225 60.4708 59.5373 58.5906 55.7947 132.786 54.0821 49.234 48.7937 42.1563 51.1202 48.1303 42.1012 37.3192 28.7108
threshold=56.500000000000007 98.625000000000014 93.277083333333351 6.2142857142857153 0.92810897925726288 5.1096455838367563 0.98214285714285732 -0.68301270189221952 24.592361111111114 19.873511904761909 0.93301270189221952 0.46130952380952384 33.126488095238102 -0.68301270189221952 26.980654761904766 4.1617381555335022 16.770833333333339 23.687500000000004 -0.6830127018922193 57.812500000000007 25.235119047619055 37.770833333333336 34.687500000000007 31.479166666666668 29.500000000000004 20.354166666666668 18.020833333333339 28.270833333333339 20.812500000000004 4.0714114104069283
decision_type=2 2 2 2 2 2 2 2 2 2 2 2 2 2 2 2 2 2 2 2 2 2 2 2 2 2 2 2 2 2
left_child=24 2 19 5 27 7 -7 -4 9 11 13 16 -12 14 -10 -15 -3 29 -13 21 -21 22 -2 -6 25 -1 -27 -5 -28 -11
right_child=1 8 3 4 23 6 -8 -9 10 17 12 18 -14 15 -16 -17 -18 -19 -20 20 -22 -23 -24 -25 -26 26 28 -29 -30 -31
leaf_value=-0.0041178894092341696 0.0010081066396675879 0.021393394009800448 -0.032688197188655892 -0.057392681269876428 0.06367822080850602 -0.012150068822292946 0.11873679917719629 -0.0039759067565323051 0.082987429822484651 -0.13945273680781775 -0.083227028730599326 0.040696590764564465 0.043497475867088027 0.083557071285482898 -0.036492329324577376 -0.0066432815116758527 0.080251352993091427 -0.013024225432073345 -0.0048609821458591249 0.10984219724900629 -0.022338974662125113 0.053786933111647763 -0.02137204868718982 -0.044228931943970651 0.058632923906239177 0.0020983655018278874 -0.12406294374238878 -0.13853911983244346 -0.039287864022395196 -0.05771820829028175
leaf_weight=2810 14428 142 252 31 20 117 45 743 30 22 34 80 26 116 51 26 63 37 599 38 38 48 250 22 26 37 21 33 34 21
leaf_count=2810 14428 142 252 31 20 117 45 743 30 22 34 80 26 116 51 26 63 37 599 38 38 48 250 22 26 37 21 33 34 21
internal_value=1.76966e-07 0.000803712 0.000111328 -0.0105466 -0.0570796 -0.00628343 0.0242074 -0.0112478 0.00972364 0.00381303 0.0298573 0.00954491 -0.0283131 0.0455086 0.00775943 0.0670415 0.0394814 -0.0595242 0.000506626 0.00102073 0.0437516 0.000800199 0.000626921 0.00715543 -0.00475078 -0.00531866 -0.0419942 -0.0992338 -0.0716565 -0.0995359
internal_weight=20240 17312 16065 1263 106 1157 162 995 1247 964 283 884 60 223 81 142 205 80 679 14802 76 14726 14678 42 2928 2902 92 64 55 43
internal_count=20240 17312 16065 1263 106 1157 162 995 1247 964 283 884 60 223 81 142 205 80 679 14802 76 14726 14678 42 2928 2902 92 64 55 43
is_linear=0
shrinkage=0.05


Tree=149
num_leaves=31
num_cat=2
split_feature=13 50 36 30 29 1 1 7 45 1 45 13 29 0 45 36 43 48 49 29 27 43 7 27 43 36 25 25 45 41
split_gain=30.7582 101.939 100.524 91.0898 206.388 125.082 83.2198 131.166 74.2557 73.6498 59.8997 59.1958 111.933 55.6741 111.653 51.0604 123.354 48.7976 48.5663 110.852 105.453 147.444 102.872 170.122 101.016 113.034 94.3326 94.3152 84.6569 90.2245
threshold=317.50000000000006 0 5.0714285714285721 0.52678571428571452 4.0714114104069283 34.895833333333336 41.312500000000007 0.16944367375934097 28.500000000000004 23.937500000000004 13.500000000000002 311.50000000000006 5.0534938663273001 10.72916666666667 1.5000000000000002 3.3571428571428572 13.928571428571431 0.94642857142857151 1 3.4712697442458205 3.3850448856987021 14.357142857142859 0.31006545742049962 3.6072209225176048 8.071428571428573 1.7857142857142858 3.0733092629649827 5.1508089939629746 28.500000000000004 85.500000000000014
decision_type=2 1 2 2 2 2 2 2 2 2 2 2 2 2 2 2 2 2 1 2 2 2 2 2 2 2 2 2 2 2
left_child=11 3 8 6 9 -6 7 -2 13 -5 -8 18 15 17 -15 -13 -17 -3 24 20 26 -22 23 -21 25 -1 -20 -24 -26 -30
right_child=1 2 -4 4 5 -7 10 -9 -10 -11 -12 12 -14 14 -16 16 -18 -19 19 22 21 -23 27 -25 28 -27 -28 -29 29 -31
leaf_value=0.0049817353017158339 0.016010279247814358 0.038207056006773356 -0.10659206243775164 0.0077225290572228425 -0.17869558496319729 -0.00772415516898036 -0.085205353867439992 0.084845221102824095 0.082051011204719554 0.060918127690014007 0.028331008123663754 0.0084419368539491429 -0.13279433702542023 -0.068592933635489003 -0.0053222878993726026 -0.1366787514537573 -0.0090502730618493687 -0.001594712520827115 -0.00088722968659947314 -0.066674244588469725 0.0024384900520475496 0.085078197872887062 -0.0097131512105437402 -0.0085458346596153402 0.00040686693068078643 0.082663794743747993 -0.033218002832950427 0.064863425315074302 0.090297501254826787 0.015381574294122638
leaf_weight=111 142 94 24 539 23 20 21 135 25 74 26 115 22 89 322 25 78 426 5650 228 151 84 541 281 10337 81 235 46 48 247
leaf_count=111 142 94 24 539 23 20 21 135 25 74 26 115 22 89 322 25 78 426 5650 228 151 84 541 281 10337 81 235 46 48 247
internal_value=1.68099e-07 0.00595275 -0.00546805 0.0172533 0.00671632 -0.099174 0.0391199 0.049558 -0.00298657 0.0141442 -0.022398 -0.000638074 -0.0253064 -0.00527007 -0.0190232 -0.014459 -0.0400281 0.00560022 -0.000309892 -0.00348443 -0.000866715 0.0319778 -0.0181334 -0.0345837 0.00180802 0.0377539 -0.00217826 -0.00386899 0.00116058 0.0275713
internal_weight=20240 1960 980 980 656 43 324 277 956 613 47 18280 240 931 411 218 103 520 18040 7216 6120 235 1096 509 10824 192 5885 587 10632 295
internal_count=20240 1960 980 980 656 43 324 277 956 613 47 18280 240 931 411 218 103 520 18040 7216 6120 235 1096 509 10824 192 5885 587 10632 295
cat_boundaries=0 1 2
cat_threshold=141 13
is_linear=0
shrinkage=0.05


Tree=150
num_leaves=16
num_cat=0
split_feature=27 37 27 37 26 37 17 3 27 29 24 45 29 13 29
split_gain=31.8008 59.3874 46.4903 120.279 125.292 112.462 121.964 39.0169 39.811 61.8541 45.6073 38.3448 97.6834 79.4127 36.1942
threshold=6.9749007820073157 89.925000000000026 5.9506337651009504 59.26250000000001 19.778273809523814 95.512500000000017 -0.6830127018922193 4.0833333333333348 5.7741237810269013 5.2341159736979153 27.294642857142858 15.500000000000002 5.4745539574070348 323.50000000000006 6.0592846960489153
decision_type=2 2 2 2 2 2 2 2 2 2 2 2 2 2 2
left_child=2 14 7 -4 -5 6 -6 8 11 -10 -11 12 -1 -13 -2
right_child=1 -3 3 4 5 -7 -8 -9 9 10 -12 13 -14 -15 -16
leaf_value=-0.00049140165060025339 -0.017975727130066267 0.02374301878269762 -0.079333149574589562 -0.063857896812260159 0.15853827431284151 -0.044503340952926213 0.044894065834053865 -0.066687159130180432 -0.093600864541427853 0.040077021997421983 -0.058781392648816114 0.0031247344528552712 -0.032695498347387622 0.039044765253429828 -0.10437188206447497
leaf_weight=15950 22 30 26 28 29 27 127 22 29 28 20 3475 239 161 27
leaf_count=15950 22 30 26 28 29 27 127 22 29 28 20 3475 239 161 27
internal_value=1.59686e-07 -0.031661 0.000124222 0.0221387 0.0346424 0.0497135 0.0660202 -0.000137645 -6.40799e-05 -0.0359467 -0.00111398 7.52877e-05 -0.000966834 0.00471525 -0.0655818
internal_weight=20240 79 20161 237 211 183 156 19924 19902 77 48 19825 16189 3636 49
internal_count=20240 79 20161 237 211 183 156 19924 19902 77 48 19825 16189 3636 49
is_linear=0
shrinkage=0.05


Tree=151
num_leaves=28
num_cat=2
split_feature=50 3 28 45 20 44 26 0 13 1 45 18 24 27 28 27 22 25 27 13 49 28 25 30 30 29 13
split_gain=30.3861 87.1532 86.173 76.9086 120.001 87.1134 81.5037 118.696 72.4767 55.3672 145.962 139.204 204.912 142.707 123.479 107.325 81.9418 70.1396 118.82 130.97 54.4372 257.544 125.983 52.9527 48.9615 39.5773 19.0116
threshold=0 2.6875000000000004 9.1486111111111139 21.500000000000004 16.145833333333339 7.5000000000000009 25.569940476190482 26.604166666666668 183.50000000000003 31.604166666666668 30.500000000000004 1.0000000180025095e-35 17.651785714285719 3.1356625142054413 24.207638888888891 5.1379845452418804 26.229166666666668 5.5020396740111357 4.3019365669452281 152.50000000000003 1 12.879861111111113 2.2726665453141313 0.092261904761904753 0.023809523809523839 3.7599645044281438 164.50000000000003
decision_type=1 2 2 2 2 2 2 2 2 2 2 2 2 2 2 2 2 2 2 2 1 2 2 2 2 2 2
left_child=2 9 8 5 -5 20 7 -6 -1 17 11 12 -11 -13 15 -12 -16 18 25 -20 21 -4 -22 -8 -10 -2 -7
right_child=1 -3 3 4 6 26 23 -9 24 10 14 13 -14 -15 16 -17 -18 -19 19 -21 22 -23 -24 -25 -26 -27 -28
leaf_value=-0.0030555437847569183 -0.00048269837690495358 -0.093363414962704366 0.14538153554312885 0.13693793738438262 0.016607533360287648 -0.039325325487350876 -0.014618530365053154 0.10255415968596936 0.12554795746550415 8.8865150298391067e-05 0.025753023205037241 -0.08714647486975248 -0.098692294772315239 0.013037345525305215 -0.12906227260828018 -0.046534875544408959 -0.0046989966390861412 -0.080997717297739469 0.092738420907801516 0.0057822768031074124 0.0023592077570445498 0.0031246271322228261 -0.017005807631393532 0.028742248942860617 0.026404690407216547 -0.018896018882245073 -0.10668150670826436
leaf_weight=37 8661 26 32 21 149 22 218 55 33 84 356 44 140 185 26 60 27 27 71 111 2648 5531 1230 104 20 302 20
leaf_count=37 8661 26 32 21 149 22 218 55 33 84 356 44 140 185 26 60 27 27 71 111 2648 5531 1230 104 20 302 20
internal_value=1.51731e-07 -0.00193622 0.00193652 0.00150138 0.0197314 0.000449834 0.015052 0.0397794 0.0506458 -0.00170264 -0.0133823 -0.0336247 -0.0616494 -0.00621195 0.00616949 0.0153269 -0.0657074 -0.000528557 -0.000290977 0.0397047 0.000769469 0.00393586 -0.00377314 -0.000613807 0.0881354 -0.00110312 -0.0713997
internal_weight=20240 10120 10120 10030 547 9483 526 204 90 10094 922 453 224 229 469 416 53 9172 9145 182 9441 5563 3878 322 53 8963 42
internal_count=20240 10120 10120 10030 547 9483 526 204 90 10094 922 453 224 229 469 416 53 9172 9145 182 9441 5563 3878 322 53 8963 42
cat_boundaries=0 1 2
cat_threshold=45 28
is_linear=0
shrinkage=0.05


Tree=152
num_leaves=22
num_cat=0
split_feature=37 32 39 25 23 29 30 30 28 30 36 13 28 13 13 29 22 1 26 43 25
split_gain=30.011 29.243 51.7024 47.9385 53.6956 59.5657 70.1719 40.6133 42.7794 35.3486 112.384 160.717 109.021 58.4086 108.716 96.1692 31.5214 27.6911 85.2109 21.5018 14.2684
threshold=127.40000000000002 1.0000000180025095e-35 7.5000000000000009 4.7519097569350643 14.60416666666667 4.6268550377975393 0.0059523809523809867 0.44940476190476197 10.175694444444447 0.017857142857142839 6.0714285714285721 267.50000000000006 26.888194444444448 98.500000000000014 90.500000000000014 3.7006237386048659 26.062500000000004 17.979166666666668 14.671130952380954 11.928571428571431 2.3501906648689164
decision_type=2 2 2 2 2 2 2 2 2 2 2 2 2 2 2 2 2 2 2 2 2
left_child=1 3 7 4 17 6 -6 8 -3 10 12 -12 -4 14 -11 -15 -7 18 -1 -2 -19
right_child=19 2 9 -5 5 16 -8 -9 -10 13 11 -13 -14 15 -16 -17 -18 20 -20 -21 -22
leaf_value=-0.0029833136562052278 0.076332085444168613 0.018717258994001895 0.004729325749765677 0.055611724674236029 -0.068913291010297459 0.064573405548930166 -0.014966142575405997 -0.011587460308025281 0.11046275866252404 0.0012318463344170214 0.020065764172080284 0.13073460545979049 -0.026513199946841554 -0.0010581944027606893 0.027156056195180113 -0.015932191433340168 -0.017488214119591498 0.066301600180477621 -0.10668635219335557 0.0047003780305385594 0.0072916816361248502
leaf_weight=2069 22 24 3559 32 96 25 162 24 27 4337 240 38 303 7461 446 1272 22 21 20 20 20
leaf_count=2069 22 24 3559 32 96 25 162 24 27 4337 240 38 303 7461 446 1272 22 21 20 20 20
internal_value=1.44158e-07 -8.7652e-05 0.000621999 -0.00518811 -0.00598712 -0.0256085 -0.0350395 0.0420481 0.0672884 0.000446027 0.00448837 0.0351932 0.00227814 -0.000792159 0.0036492 -0.00322466 0.0261616 -0.00317748 -0.00397616 0.0422217 0.0375163
internal_weight=20240 20198 17731 2467 2435 305 258 75 51 17656 4140 278 3862 13516 4783 8733 47 2130 2089 42 41
internal_count=20240 20198 17731 2467 2435 305 258 75 51 17656 4140 278 3862 13516 4783 8733 47 2130 2089 42 41
is_linear=0
shrinkage=0.05


Tree=153
num_leaves=20
num_cat=1
split_feature=43 29 36 39 37 13 40 29 26 29 27 25 29 37 13 36 50 18 27
split_gain=29.1494 31.2701 39.7278 56.9169 49.0307 62.1117 48.8803 84.6116 47.7193 42.0715 28.5478 27.0557 108.461 81.772 25.1463 23.9512 19.2223 38.1777 25.1853
threshold=5.3571428571428585 1.3282789098138461 11.357142857142859 87.500000000000014 59.01250000000001 50.500000000000007 32.500000000000007 4.9001211263694486 22.627976190476193 4.3286478471926673 1.7367642234905663 1.3487145697750396 1.2993483655355884 55.32500000000001 54.500000000000007 1.5000000000000002 0 -0.5 0.66184870915614946
decision_type=2 2 2 2 2 2 2 2 2 2 2 2 2 2 2 2 1 2 2
left_child=15 10 3 6 9 -6 8 -8 -3 14 11 16 13 -13 -4 -1 17 -2 -18
right_child=1 2 4 -5 5 -7 7 -9 -10 -11 -12 12 -14 -15 -16 -17 18 -19 -20
leaf_value=-0.0035983273293823006 -0.048608479762481435 0.0024868525627331395 0.041289494107248359 -0.071326918403307599 0.044810078186648235 -0.07293637287802994 0.010997730513953001 0.090159369470814293 -0.0048835205528474255 -0.013807336643338204 0.047711743909998668 -0.1072575841471553 -0.1139495342396773 -0.0036027005211452545 0.09784366505798596 -0.07423707403164978 -0.0029233004110506265 -0.0064472200639524085 0.0049907319012930931
leaf_weight=24 59 10117 61 27 21 24 251 39 2805 25 28 20 26 391 29 24 4366 597 1306
leaf_count=24 59 10117 61 27 21 24 251 39 2805 25 28 20 26 391 29 24 4366 597 1306
internal_value=1.36917e-07 9.26516e-05 0.00149366 0.00119435 0.0262593 -0.017988 0.00134256 0.0216436 0.000886953 0.0435734 -0.00267079 -0.00287932 -0.0149119 -0.00864673 0.0595125 -0.0389177 -0.00204838 -0.0100854 -0.00109913
internal_weight=20240 20192 13399 13239 160 45 13212 290 12922 115 6793 6765 437 411 90 48 6328 656 5672
internal_count=20240 20192 13399 13239 160 45 13212 290 12922 115 6793 6765 437 411 90 48 6328 656 5672
cat_boundaries=0 1
cat_threshold=36
is_linear=0
shrinkage=0.05


Tree=154
num_leaves=31
num_cat=2
split_feature=45 49 26 27 45 50 30 13 27 27 24 0 32 44 40 36 28 0 28 27 28 13 43 23 6 37 18 42 5 26
split_gain=28.4401 60.4046 86.5263 166.073 123.169 116.901 223.282 88.0484 83.4492 98.4035 164.511 77.5933 77.5025 76.6656 72.6295 156.218 105.944 103.976 80.1709 68.5252 68.4175 67.1673 100.226 57.3067 53.5843 46.5573 100.067 115.488 74.0837 73.4511
threshold=12.500000000000002 0 22.627976190476193 3.6072209225176048 27.500000000000004 1 0.14880952380952389 77.500000000000014 5.7741237810269013 4.4623090862005137 15.116071428571431 26.062500000000004 2.5000000000000004 7.5000000000000009 23.500000000000004 6.2142857142857153 31.427083333333339 36.812500000000007 27.527083333333341 4.7499547787569325 21.918750000000003 119.50000000000001 17.357142857142858 37.104166666666679 0.65003276539973809 88.037500000000009 -0.5 106.92857142857144 0.89583333333333337 14.46279761904762
decision_type=2 1 2 2 2 1 2 2 2 2 2 2 2 2 2 2 2 2 2 2 2 2 2 2 2 2 2 2 2 2
left_child=25 13 8 4 12 7 -7 -5 9 20 -11 -6 -4 14 15 18 -17 19 -2 -16 -3 -15 -23 -19 -10 -1 27 28 29 -27
right_child=1 2 3 5 11 6 -8 -9 24 10 -12 -13 -14 21 17 16 -18 23 -20 -21 -22 22 -24 -25 -26 26 -28 -29 -30 -31
leaf_value=0.00017282383695479975 0.013222905203281333 0.0048475735893397593 -0.06054801528190016 0.043811482870951296 0.05810935358703137 -0.13721117871287078 0.0010366691718809308 -0.0068889226954442807 -0.022797017093747856 -0.075270357050678957 0.075750290706753737 -0.070641355912878442 -0.15500604642125279 0.036233588814735415 0.0075011464726548035 0.0886757306519661 0.010127404858358205 -0.027611973764080752 -0.01927924137342862 -0.046247453795773774 -0.03454181867839471 -0.0051936757818954746 -0.12039056667259762 -0.12508425571769477 -0.11963324408978225 -0.018468581859036635 0.00012318043898532449 -0.10928281161401954 0.0031831657064891753 -0.062870309627412455
leaf_weight=12158 1806 1498 49 120 25 46 80 299 50 22 100 22 39 25 516 111 70 38 212 67 119 41 35 25 20 490 1698 35 309 115
leaf_count=12158 1806 1498 49 120 25 46 80 299 50 22 100 22 39 25 516 111 70 38 212 67 119 41 35 25 20 490 1698 35 309 115
internal_value=1.3008e-07 0.00309352 -0.00264382 -0.0178598 -0.0675071 -0.00556182 -0.0457999 0.00745359 0.00306122 0.0052158 0.0485171 -0.00215694 -0.10241 0.00792293 0.00946958 0.0137996 0.0582979 -0.00526989 0.00980841 0.00132421 0.00194879 -0.0348591 -0.0582449 -0.0662915 -0.0504645 -0.00113547 -0.00714463 -0.0201486 -0.0167353 -0.0269086
internal_weight=20240 5435 2489 680 135 545 126 419 1809 1739 122 47 88 2946 2845 2199 181 646 2018 583 1617 101 76 63 70 14805 2647 949 914 605
internal_count=20240 5435 2489 680 135 545 126 419 1809 1739 122 47 88 2946 2845 2199 181 646 2018 583 1617 101 76 63 70 14805 2647 949 914 605
cat_boundaries=0 1 2
cat_threshold=7 96
is_linear=0
shrinkage=0.05


Tree=155
num_leaves=31
num_cat=0
split_feature=37 28 26 17 26 29 27 24 35 37 24 29 48 18 1 43 27 1 18 27 48 28 28 26 42 18 1 27 37 27
split_gain=29.185 71.9779 129.062 93.6643 84.5985 81.9845 65.9232 65.8663 107.339 51.4414 78.0366 80.8498 228.743 82.9844 108.207 74.1161 71.5655 60.9697 100.187 63.9887 56.8314 89.7339 70.9954 51.0109 50.7601 48.2653 80.9705 59.2241 47.8997 47.4717
threshold=98.625000000000014 24.592361111111114 19.873511904761909 0.93301270189221952 33.126488095238102 2.2665475039002794 3.1986535403596168 27.059523809523814 5.5000000000000009 92.125000000000014 32.232142857142861 5.1096455838367563 0.98214285714285732 -0.68301270189221952 57.562500000000007 6.5000000000000009 3.4243059026757563 57.812500000000007 1.0000000180025095e-35 6.9749007820073157 0.98214285714285732 35.146527777777784 32.813194444444449 24.474702380952383 154.71428571428575 -0.9330127018922193 12.895833333333334 0.26512906641090567 89.46250000000002 4.7499547787569325
decision_type=2 2 2 2 2 2 2 2 2 2 2 2 2 2 2 2 2 2 2 2 2 2 2 2 2 2 2 2 2 2
left_child=9 2 5 7 -5 25 -4 29 -9 17 11 13 16 15 -15 -11 -13 19 28 20 22 -22 -1 -14 -12 26 -2 -27 -19 -3
right_child=1 3 6 4 -6 -7 -8 8 -10 10 24 12 23 14 -16 -17 -18 18 -20 -21 21 -23 -24 -25 -26 27 -28 -29 -30 -31
leaf_value=0.0023345900639210179 0.020729942158574152 0.10646258841861378 -0.12797783327599366 -0.078001694282626405 0.041810458411390972 0.026293482085109871 -0.030380735369098768 -0.040534478781575511 0.0524949896264644 0.042935373102698259 -0.1282893323085525 0.063864161074161527 0.038215330251577223 0.00083234653317779811 -0.064297098236377623 -0.033667354229375147 -0.029263522000825506 0.043169468260214977 -0.037536511287093163 -0.0594185710284445 -0.0024739150305626116 -0.085097725762788096 0.032610431382658359 0.13182324447430846 -0.01822933593764901 -0.040469116435269827 -0.11127371782293688 0.005221681250110269 0.14030232815579935 0.016508333339443199
leaf_weight=8778 21 55 24 34 26 342 62 44 105 34 22 25 22 1026 68 443 118 30 25 45 7824 33 198 43 20 80 26 625 22 20
leaf_count=8778 21 55 24 34 26 342 62 44 105 34 22 25 22 1026 68 443 118 30 25 45 7824 33 198 43 20 80 26 625 22 20
internal_value=1.23592e-07 0.0067996 0.00136062 0.0293982 -0.0260831 0.0059969 -0.0576171 0.0442592 0.0250232 -0.000530044 -0.00851585 -0.00692547 0.0223685 -0.010804 -0.00321592 -0.0282072 -0.0129825 0.000327647 0.0447185 0.000125129 0.000284308 -0.00282094 0.00300244 0.100141 -0.0758798 -0.00323373 -0.0522934 3.69099e-05 0.0842641 0.0824748
internal_weight=20240 1464 1180 284 60 1094 86 224 149 18776 1821 1779 208 1571 1094 477 143 16955 77 16878 16833 7857 8976 65 42 752 47 705 52 75
internal_count=20240 1464 1180 284 60 1094 86 224 149 18776 1821 1779 208 1571 1094 477 143 16955 77 16878 16833 7857 8976 65 42 752 47 705 52 75
is_linear=0
shrinkage=0.05


Tree=156
num_leaves=31
num_cat=3
split_feature=45 16 50 50 21 45 0 27 30 17 27 37 16 49 22 43 13 29 36 13 24 48 37 28 9 13 24 28 13 12
split_gain=28.4274 114.732 97.6926 77.5922 76.3637 67.0531 60.3117 67.0939 86.9962 89.5304 67.0576 87.8574 58.2371 103.988 92.1765 79.3441 90.5243 89.3553 67.2113 57.3737 57.0691 108.225 97.0976 55.3845 97.8263 87.0662 64.9356 67.8463 53.435 92.9288
threshold=5.5000000000000009 1.0000000180025095e-35 0 1 10.645833333333334 4.5000000000000009 26.062500000000004 3.4556442976870434 0.9017857142857143 0.93301270189221952 6.1341084082564459 90.21250000000002 -0.22252093395631442 2 14.770833333333334 10.785714285714286 170.50000000000003 2.3034398034305439 5.3571428571428585 24.500000000000004 27.294642857142858 0.91071428571428592 89.812500000000014 24.592361111111114 0.99097842261904778 116.50000000000001 27.529761904761909 23.600694444444446 269.50000000000006 8.5000000000000018
decision_type=2 2 1 1 2 2 2 2 2 2 2 2 2 1 2 2 2 2 2 2 2 2 2 2 2 2 2 2 2 2
left_child=2 3 4 -2 -1 -6 20 8 9 -8 11 -9 28 14 18 17 -17 -15 -14 -16 -3 -22 -23 26 -25 -26 27 -5 29 -4
right_child=1 6 12 23 5 -7 7 10 -10 -11 -12 -13 13 15 19 16 -18 -19 -20 -21 21 22 -24 24 25 -27 -28 -29 -30 -31
leaf_value=0.0066175279835308035 0.01342325379431987 -0.0032812930883791961 -0.0064922267486379071 0.0024443026597890699 -0.054301818184202072 -0.0055182904164705962 0.036911382128298281 -0.068085102597251534 -0.064581385823456863 -0.070430006669915252 0.043226656459271907 -0.01177739501290489 -0.0057088102961879092 0.0088211661339641558 -0.1207279834523797 0.010627352098669458 -0.0060123413853593235 0.055280648774781532 0.078896533790005691 -0.031628350823442827 -0.043307388241629344 0.11116305069790947 0.011716713407939231 0.030908754621181755 -0.026825100703359542 -0.12680568467252529 -0.076964552180841569 0.036921486710885777 0.0061856924609574471 -0.04696926848725385
leaf_weight=135 2329 4015 2934 3371 214 105 125 151 38 23 25 128 1071 267 20 2113 1333 169 24 187 37 45 54 62 134 26 25 149 782 149
leaf_count=135 2329 4015 2934 3371 214 105 125 151 38 23 25 128 1071 267 20 2113 1333 169 24 187 37 45 54 62 134 26 25 149 782 149
internal_value=1.17423e-07 0.001763 -0.00199168 0.00627276 -0.0243678 -0.0382445 -0.00416063 -0.0207505 0.0029029 0.02023 -0.0352227 -0.0422522 -0.000841181 0.00262136 -0.00956531 0.00671604 0.0041907 0.0268295 -0.00385445 -0.040237 -0.00220229 0.029652 0.0569196 0.00181143 -0.0224107 -0.0430719 0.00333341 0.00390371 -0.00548756 -0.00844846
internal_weight=20240 10737 9503 6096 454 319 4641 490 186 148 304 279 9049 5184 1302 3882 3446 436 1095 207 4151 136 99 3767 222 160 3545 3520 3865 3083
internal_count=20240 10737 9503 6096 454 319 4641 490 186 148 304 279 9049 5184 1302 3882 3446 436 1095 207 4151 136 99 3767 222 160 3545 3520 3865 3083
cat_boundaries=0 1 2 3
cat_threshold=160 33 2
is_linear=0
shrinkage=0.05


Tree=157
num_leaves=31
num_cat=2
split_feature=13 50 36 30 29 2 6 39 45 28 45 13 36 37 13 30 29 24 28 13 23 49 41 43 21 40 28 27 28 13
split_gain=28.8282 88.737 88.9877 80.9569 210.615 69.0967 107.612 63.3638 60.8107 57.1934 54.9752 54.4564 164.95 215.071 215.235 189.899 157.425 92.7973 153.706 185.88 125.57 66.4548 216.744 160.641 159.773 108.278 90.5032 161.671 114.263 67.0289
threshold=317.50000000000006 0 5.0714285714285721 0.63988095238095266 4.0714114104069283 40.000000000000007 0.74300927132591144 34.500000000000007 28.500000000000004 24.039583333333336 13.500000000000002 170.50000000000003 5.5000000000000009 68.58750000000002 219.50000000000003 1.0000000180025095e-35 4.0258825868576045 31.696428571428573 21.47291666666667 273.50000000000006 22.020833333333339 1 72.500000000000014 14.357142857142859 21.937500000000004 23.500000000000004 24.414583333333336 3.3518693874237635 28.531944444444452 74.500000000000014
decision_type=2 1 2 2 2 2 2 2 2 2 2 2 2 2 2 2 2 2 2 2 2 1 2 2 2 2 2 2 2 2
left_child=11 3 8 5 9 6 7 -2 -3 -5 -7 21 17 14 15 -14 -16 18 20 -20 -13 22 24 -24 -1 -25 -23 29 -29 -28
right_child=1 2 -4 4 -6 10 -8 -9 -10 -11 -12 12 13 -15 16 -17 -18 -19 19 -21 -22 26 23 25 -26 -27 27 28 -30 -31
leaf_value=0.024321149196475746 0.050615412780954952 -0.0046247817821016444 -0.10003787854172214 0.0065879740334708007 -0.12414790530999503 -0.079703784666278144 0.022929078783217687 0.12806653833907586 0.074396480143070223 0.060243945338509297 0.026773810041723429 -0.00082855025865030826 0.031563552789563354 -0.15232693119905891 -0.023884465384922209 -0.085778154651152683 0.030533696510093779 0.079909186461674331 -0.0068806532099782748 -0.073977273279620767 0.039607293288689109 0.00047923878124318559 0.13557126683493456 0.014327688506102783 0.22417902670800688 -0.0076961469497197456 -0.053818091685357311 -0.02262107651319583 0.072947257661393705 -0.17589460584250363
leaf_weight=20 62 931 24 512 30 22 226 46 25 55 27 4798 43 32 365 174 209 35 309 155 200 9194 24 1400 20 928 23 294 35 22
leaf_count=20 62 931 24 512 30 22 226 46 25 55 27 4798 43 32 365 174 209 35 309 155 200 9194 24 1400 20 928 23 294 35 22
internal_value=4.43078e-07 0.00576324 -0.00489563 0.0163057 0.00496151 0.0344141 0.0425485 0.0836039 -0.00255833 0.0117927 -0.0210325 -0.00061745 -0.00437162 -0.0252478 -0.0201068 -0.0625261 -0.00407019 -0.00124608 -0.00176612 -0.0292944 0.000789531 0.00136636 0.00880119 0.00687519 0.12425 0.00554843 -0.000501025 -0.0246121 -0.0124542 -0.1135
internal_weight=20240 1960 980 980 597 383 334 108 956 567 49 18280 6320 823 791 217 574 5497 5462 464 4998 11960 2392 2352 40 2328 9568 374 329 45
internal_count=20240 1960 980 980 597 383 334 108 956 567 49 18280 6320 823 791 217 574 5497 5462 464 4998 11960 2392 2352 40 2328 9568 374 329 45
cat_boundaries=0 1 2
cat_threshold=141 4
is_linear=0
shrinkage=0.05


Tree=158
num_leaves=31
num_cat=2
split_feature=29 14 13 42 13 50 42 45 43 43 13 42 38 37 36 48 46 6 24 26 37 23 5 50 43 24 24 37 12 29
split_gain=26.8871 50.5168 87.9422 81.9279 157.309 189.897 109.471 79.9006 71.2031 67.3389 60.184 110.824 146.055 73.9224 57.6185 54.7715 52.999 52.7994 45.4489 45.4352 24.5437 48.8657 39.2471 34.7528 48.7564 44.8074 52.4972 40.3176 59.5088 32.3743
threshold=1.1543271743872061 20.500000000000004 235.50000000000003 113.07142857142858 171.50000000000003 0 112.78571428571429 8.5000000000000018 21.214285714285719 7.3571428571428585 247.50000000000003 87.928571428571445 50.500000000000007 60.162500000000009 0.92857142857142871 0.69642857142857151 0.62500000000000011 0.53394797772261748 24.434523809523814 24.245535714285719 96.71250000000002 8.1458333333333339 0.10416666666666667 1 11.214285714285717 17.883928571428577 20.684523809523814 93.277083333333351 5.5000000000000009 1.0015438393255534
decision_type=2 2 2 2 2 1 2 2 2 2 2 2 2 2 2 2 2 2 2 2 2 2 2 1 2 2 2 2 2 2
left_child=20 9 3 6 5 -5 7 -3 -6 -2 11 12 -4 -13 -11 -16 18 -17 -12 -18 23 -22 -23 24 27 -26 -27 29 -29 -1
right_child=1 2 10 4 8 -7 -8 -9 -10 14 16 13 -14 -15 15 17 19 -19 -20 -21 21 22 -24 -25 25 26 -28 28 -30 -31
leaf_value=-0.0066545004250579756 -0.04766141776697802 -0.010086427147461396 -0.029381611043520807 0.047314425260752191 -0.045097642534811584 -0.035474560418407679 0.1100275156576009 0.0045780990871170588 -0.12322011662381037 0.042775012828409675 -0.042566654454592782 0.051544051851545064 0.061826987252593626 -0.031529888815222014 -0.067907663735632715 0.018910255319638223 0.0060492938260874483 0.0032426086168783896 0.018746395191041435 -0.0098851677781279651 -0.048730736180688398 0.067697932780720296 0.0095971836239152394 -0.0017301796459653883 -0.0023164126987569034 -0.06036530403086008 0.0018439163205524287 -0.12049845097393826 -0.011446038781749933 -0.067830656199449932
leaf_weight=95 61 2411 56 111 175 152 21 1511 35 100 115 35 203 114 26 598 2680 5335 41 537 33 32 317 4479 750 78 60 29 22 28
leaf_count=95 61 2411 56 111 175 152 21 1511 35 100 115 35 203 114 26 598 2680 5335 41 537 33 32 317 4479 750 78 60 29 22 28
internal_value=4.20961e-07 0.00117257 -0.00139375 -0.0061859 -0.0258491 -8.30165e-05 -0.00382711 -0.00443673 -0.0581181 0.00460984 0.00420321 0.022341 0.0421062 -0.0120159 0.00513609 0.00450446 0.00200925 0.00482178 -0.0264523 0.00338942 -0.00283288 0.00942546 0.0149245 -0.00367797 -0.0117657 -0.0071342 -0.0333178 -0.0360788 -0.0734562 -0.0205808
internal_weight=20240 14317 8197 4416 473 263 3943 3922 210 6120 3781 408 259 149 6059 5959 3373 5933 156 3217 5923 382 349 5541 1062 888 138 174 51 123
internal_count=20240 14317 8197 4416 473 263 3943 3922 210 6120 3781 408 259 149 6059 5959 3373 5933 156 3217 5923 382 349 5541 1062 888 138 174 51 123
cat_boundaries=0 1 2
cat_threshold=56 164
is_linear=0
shrinkage=0.05


Tree=159
num_leaves=31
num_cat=2
split_feature=49 43 22 45 20 14 37 27 28 50 28 2 42 36 30 30 40 25 27 35 22 13 29 25 27 24 29 43 42 25
split_gain=27.4071 137.437 74.3483 86.4392 117.907 77.2694 70.2008 122.383 84.1514 59.81 196.414 129.681 106.718 102.829 91.8326 86.5969 56.1475 54.0263 53.1171 50.1773 161.395 58.9338 49.2969 48.4428 72.7838 77.1201 68.972 57.638 75.5976 54.6754
threshold=0 9.3571428571428594 15.97916666666667 4.5000000000000009 16.395833333333339 8.5000000000000018 63.437500000000007 2.6848419345157071 25.220833333333335 1 16.654861111111114 19.000000000000004 71.500000000000014 1.9285714285714288 0.50892857142857173 0.76488095238095244 17.500000000000004 2.854438203388225 0.64535312356319741 5.5000000000000009 13.937500000000002 77.500000000000014 2.6300400496657166 2.2113728671422552 2.2033299085116647 17.342261904761909 2.5757725966032323 8.2142857142857171 75.785714285714292 3.0377569800082296
decision_type=1 2 2 2 2 2 2 2 2 1 2 2 2 2 2 2 2 2 2 2 2 2 2 2 2 2 2 2 2 2
left_child=1 -1 18 4 17 16 7 -7 -8 10 11 -3 -12 -13 -14 19 -5 22 -2 21 -21 -11 -4 24 26 -26 -20 29 -29 -25
right_child=2 9 3 5 -6 6 8 -9 -10 15 12 13 14 -15 -16 -17 -18 -19 23 20 -22 -23 -24 27 25 -27 -28 28 -30 -31
leaf_value=0.070379127975967196 -0.007412831260494507 0.020544575927438989 -0.03058595740280691 0.063363089718885962 -0.10777134745238492 0.04969704957759899 0.0031178647865527783 -0.082143767608950535 -0.087011523012604036 0.01212126005837625 -0.10534099528323049 0.0073111236095428469 0.0099528357716219609 0.10847152097339041 -0.0051638125368360819 0.0071160915132900716 -0.02417440603558834 -0.08944291280651534 0.0032790218276736076 -0.078515186262401671 -0.0086516986058665108 -0.0046234211067734052 0.026889584043594778 0.028359156576672168 0.021157447488281557 -0.066425441921903541 -0.024590553252891518 -0.023842195009531428 0.011474649201416257 -0.017272621905883252
leaf_weight=72 2075 356 126 62 52 23 345 75 28 621 23 35 2085 89 1939 2056 26 27 3121 88 1364 3416 53 181 755 26 239 573 206 103
leaf_count=72 2075 356 126 62 52 23 345 75 28 621 23 35 2085 89 1939 2056 26 27 3121 88 1364 3416 53 181 755 26 239 573 206 103
internal_value=6.49681e-07 0.0015025 -0.00225119 -0.0165559 -0.0404952 -0.00550704 -0.0135423 -0.0512015 -0.00364788 0.00109295 0.00562925 0.0358828 0.0020549 0.0799182 0.00266875 -0.00163413 0.0374997 -0.0235128 -0.000648716 -0.00491466 -0.0128858 -0.00204764 -0.0135681 0.00204835 0.00449251 0.0182418 0.00129663 -0.00747307 -0.014503 0.0118096
internal_weight=20240 12144 8096 817 258 559 471 98 373 12072 4527 480 4047 124 4024 7545 88 206 7279 5489 1452 4037 179 5204 4141 781 3360 1063 779 284
internal_count=20240 12144 8096 817 258 559 471 98 373 12072 4527 480 4047 124 4024 7545 88 206 7279 5489 1452 4037 179 5204 4141 781 3360 1063 779 284
cat_boundaries=0 1 2
cat_threshold=28 37
is_linear=0
shrinkage=0.05


Tree=160
num_leaves=31
num_cat=2
split_feature=13 50 30 29 1 42 29 13 45 1 7 1 45 13 29 21 28 42 45 22 49 28 13 29 43 45 13 28 30 1
split_gain=27.2413 81.2092 74.2487 164.899 94.7582 72.7866 68.9813 156.657 88.486 68.2927 108.2 66.8885 54.3179 49.449 93.3147 46.4717 45.5947 135.39 45.1182 43.2704 38.6092 113.968 165.364 113.758 92.3327 69.1878 68.9915 145.432 83.8663 65.1804
threshold=317.50000000000006 0 0.52678571428571452 3.9014947682245289 34.895833333333336 181.35714285714289 4.9935732012093332 345.50000000000006 22.500000000000004 41.312500000000007 0.16944367375934097 23.937500000000004 24.500000000000004 311.50000000000006 5.0534938663273001 30.937500000000004 12.265972222222222 98.500000000000014 13.500000000000002 19.895833333333339 1 13.827777777777781 73.500000000000014 2.5414218872376249 8.071428571428573 1.0000000180025095e-35 167.50000000000003 12.104166666666668 0.98511904761904789 16.812500000000004
decision_type=2 1 2 2 2 2 2 2 2 2 2 2 2 2 2 2 2 2 2 2 1 2 2 2 2 2 2 2 2 2
left_child=13 2 9 11 -5 6 8 -8 -3 10 -2 -4 -10 20 16 -12 -15 -18 -11 -19 21 26 23 -23 25 -22 28 -28 -1 -24
right_child=1 5 3 4 -6 -7 7 -9 12 18 15 -13 -14 14 -16 -17 17 19 -20 -21 24 22 29 -25 -26 -27 27 -29 -30 -31
leaf_value=0.0062514283143397355 0.01441677755128566 -0.0022134338638993326 0.0070502697357757568 -0.15382009384532769 -0.010158591582016513 -0.084097622334957128 0.11284360144483417 -0.044673413175365162 -0.13252144651043982 -0.074807368467251459 0.064701987323553672 0.058678472566772513 -0.024404419593226451 0.010262760820464706 -0.12128855089911006 0.14728051780257376 -0.13070468641152341 -0.03558876769656831 0.023729457075779253 0.03669737710340603 0.074048849146088794 0.00087556558447008477 -0.041109780079152974 -0.10718833808121937 0.00039358705070932621 0.0120507300827497 -0.0086094615786214638 -0.11056794912243884 -0.031552272722265629 -0.13869622924619102
leaf_weight=1898 142 840 539 24 22 28 38 27 21 21 115 71 26 106 22 20 28 47 26 37 72 187 28 28 14240 120 1228 36 159 44
leaf_count=1898 142 840 539 24 22 28 38 27 21 21 115 71 26 106 22 20 28 47 26 37 72 187 28 28 14240 120 1228 36 159 44
internal_value=6.17202e-07 0.00560256 0.0156875 0.00617545 -0.0851124 -0.00459556 -0.00230554 0.0474135 -0.00594899 0.0354307 0.0448864 0.0130595 -0.072712 -0.000600029 -0.0231462 0.0769358 -0.013242 -0.0354875 -0.0202976 -0.00374844 -0.000300079 -0.00491866 -0.0351612 -0.0131979 0.00085738 0.0353 -0.00231992 -0.0115133 0.00332931 -0.100746
internal_weight=20240 1960 980 656 46 980 952 65 887 324 277 610 47 18280 240 135 218 112 47 84 18040 3608 287 215 14432 192 3321 1264 2057 72
internal_count=20240 1960 980 656 46 980 952 65 887 324 277 610 47 18280 240 135 218 112 47 84 18040 3608 287 215 14432 192 3321 1264 2057 72
cat_boundaries=0 1 2
cat_threshold=141 2
is_linear=0
shrinkage=0.05


Tree=161
num_leaves=27
num_cat=0
split_feature=10 21 4 24 9 42 12 3 22 29 24 12 20 26 27 0 22 24 28 20 0 30 6 35 13 41
split_gain=26.2443 42.7399 71.8417 51.5779 74.6109 55.8338 52.3878 42.0349 39.5883 39.4946 34.833 40.502 36.5234 79.5399 56.5146 32.9417 115.708 75.4378 126.431 69.181 65.9998 58.1519 123.811 101.573 56.6694 53.5896
threshold=4.5000000000000009 37.479166666666679 0.81250000000000011 34.687500000000007 0.9955748746867169 162.07142857142858 2.5000000000000004 0.93750000000000011 30.937500000000004 2.0743979838541153 34.401785714285722 2.5000000000000004 30.229166666666668 29.174107142857149 2.9749956357791887 21.937500000000004 23.354166666666668 26.145833333333336 24.207638888888891 21.020833333333339 14.937500000000002 0.095238095238095302 0.7109466054778556 8.9285714285714306 160.50000000000003 133.50000000000003
decision_type=2 2 2 2 2 2 2 2 2 2 2 2 2 2 2 2 2 2 2 2 2 2 2 2 2 2
left_child=1 3 8 10 6 -6 -5 15 -3 -9 12 -12 13 -1 -14 16 17 18 -2 -17 24 23 -23 -21 -18 -22
right_child=7 2 -4 4 5 -7 -8 9 -10 -11 11 -13 14 -15 -16 19 20 -19 -20 21 25 22 -24 -25 -26 -27
leaf_value=0.0012683613198498801 -0.0031280948232373022 -0.053431233695962213 -0.091901215572248812 0.034853831474338813 -0.069587283758890062 0.036004422388730514 0.13444874790983033 -0.0005109714965025584 0.030849041164114362 0.072114019809911653 -0.0043562310116906323 -0.095619752330239866 0.039640466983176095 -0.02736527767656409 0.0036792815976251073 -0.090843087931474054 0.14937288335391455 0.085121938151617851 -0.11370035198946984 -0.018835487694463186 0.0043628786852167659 0.079342287646399612 -0.0069804138623833379 -0.12594055705315743 0.031771759726107122 0.071120427893474711
leaf_weight=13413 4552 22 33 31 21 31 23 39 38 36 31 20 154 247 376 27 21 24 26 285 121 45 540 24 20 40
leaf_count=13413 4552 22 33 31 21 31 23 39 38 36 31 20 154 247 376 27 21 24 26 285 121 45 540 24 20 40
internal_value=5.86327e-07 0.00114166 -0.0326448 0.00136067 0.0361094 -0.00663838 0.0772739 -0.00284029 -5.37263e-05 0.034349 0.00110202 -0.0401458 0.00125027 0.000750608 0.0141284 -0.00332748 -0.00166681 -0.00329256 -0.00375607 -0.0119897 0.0353712 -0.00960817 -0.000340206 -0.0271543 0.0920065 0.0209486
internal_weight=20240 14440 93 14347 106 52 54 5800 60 75 14241 51 14190 13660 530 5725 4804 4602 4578 921 202 894 585 309 41 161
internal_count=20240 14440 93 14347 106 52 54 5800 60 75 14241 51 14190 13660 530 5725 4804 4602 4578 921 202 894 585 309 41 161
is_linear=0
shrinkage=0.05


Tree=162
num_leaves=22
num_cat=1
split_feature=46 9 9 7 13 25 29 39 38 7 50 27 43 38 12 40 1 25 25 29 0
split_gain=25.4159 61.1985 53.1647 72.6888 57.7182 49.2347 61.106 31.9026 40.9968 74.7831 96.0015 78.1586 54.8879 53.4796 70.6949 37.628 63.7665 31.9503 31.2938 30.7976 14.2549
threshold=0.37500000000000006 0.99249188311688319 0.99914477285166947 0.39904335203959185 151.50000000000003 2.7360531964000834 2.6992812178854209 87.500000000000014 193.50000000000003 0.054176929392446622 0 4.6326193095419592 21.928571428571434 190.50000000000003 10.500000000000002 32.500000000000007 34.770833333333336 3.9488399104620719 3.1087474159829491 3.0735088963564356 18.187500000000004
decision_type=2 2 2 2 2 2 2 2 2 2 1 2 2 2 2 2 2 2 2 2 2
left_child=1 5 3 4 -3 6 -1 8 13 11 12 19 -11 15 -15 17 -17 -2 -12 -10 -4
right_child=7 2 20 -5 -6 -7 -8 -9 9 10 18 -13 -14 14 -16 16 -18 -19 -20 -21 -22
leaf_value=-0.015228921068566187 -0.00074908766704542709 -0.06762438718109362 0.038056500367820267 -0.12103529366431759 0.041322721764445305 -0.04545764878857881 0.099445008113980299 -0.045596791828345314 -0.010764042844306933 0.11141888655874195 0.017697353907177509 -0.091425709059461957 0.038006005777081235 -0.099237203910466171 0.015066149415603528 0.0082361976363105136 0.092081045487831387 0.0069740497266143871 -0.031098642433062196 0.030393351443027235 -0.021640540808439256
leaf_weight=21 17813 31 20 32 20 20 26 38 146 49 184 25 53 31 24 104 29 1448 40 66 20
leaf_count=21 17813 31 20 32 20 20 26 38 146 49 184 25 53 31 24 104 29 1448 40 66 20
internal_value=5.57013e-07 -0.0182005 -0.039144 -0.0619642 -0.0249 0.0202479 0.0482077 0.000173036 0.000259947 0.0135612 0.0290988 -0.0078111 0.0667307 -0.000125093 -0.0493594 1.45323e-05 0.0265182 -0.000168479 0.00859986 0.00204911 0.00820798
internal_weight=20240 190 123 83 51 67 47 20050 20012 563 326 237 102 19449 55 19394 133 19261 224 212 40
internal_count=20240 190 123 83 51 67 47 20050 20012 563 326 237 102 19449 55 19394 133 19261 224 212 40
cat_boundaries=0 1
cat_threshold=69
is_linear=0
shrinkage=0.05


Tree=163
num_leaves=25
num_cat=2
split_feature=37 49 43 22 30 37 28 6 18 45 50 28 1 42 30 30 24 37 6 25 25 29 23 43
split_gain=25.3239 25.619 124.021 75.9093 125.356 92.7505 128.442 64.2926 60.6777 73.4982 54.3833 177.978 134.354 95.9425 77.9673 48.3978 46.6347 51.4341 46.3459 44.0193 62.7535 59.1054 49.8288 19.7458
threshold=127.40000000000002 0 9.3571428571428594 16.020833333333339 0.19940476190476197 63.437500000000007 25.220833333333335 0.64043513957307074 -0.5 3.5000000000000004 1 16.654861111111114 19.937500000000004 71.500000000000014 0.76488095238095244 0.74107142857142871 10.360119047619049 75.52500000000002 0.76156199977921302 4.4663183117119916 3.2351295181775015 3.373687276310998 9.9791666666666696 11.928571428571431
decision_type=2 1 2 2 2 2 2 2 2 2 1 2 2 2 2 2 2 2 2 2 2 2 2 2
left_child=1 2 16 19 5 7 -7 -5 -6 -10 11 12 -4 -13 15 -12 -1 -18 -16 20 21 -3 -22 -2
right_child=23 3 10 4 8 6 -8 -9 9 -11 14 13 -14 -15 18 -17 17 -19 -20 -21 22 -23 -24 -25
leaf_value=0.017798717427549179 0.071473021161827174 0.00061319665279886497 0.022901754321001874 -0.049735209277827791 -0.12396709345854247 0.018519535255297249 -0.09917003256082535 0.020572221429929847 -0.069280826680672675 -0.00010682985885068774 -0.0040929762483800742 -0.099925843107959503 0.096565995248009087 0.0024857581651963889 0.042183612414043059 -0.03919849728420377 0.15327158895405857 0.043873711001305354 0.0050956115968698382 0.052923361702184923 0.016755110873099496 -0.025209488030360383 -0.040587934263295933 0.0028285107389092448
leaf_weight=29 22 6855 407 144 26 319 25 42 96 64 5389 23 73 4024 88 100 22 21 1968 38 49 229 167 20
leaf_count=29 22 6855 407 144 26 319 25 42 96 64 5389 23 73 4024 88 100 22 21 1968 38 49 229 167 20
internal_value=5.29147e-07 -8.01201e-05 0.00136972 -0.00226512 -0.0178077 -0.00541388 0.00996651 -0.0338593 -0.0531233 -0.0416112 0.000980629 0.00530631 0.0341049 0.00190373 -0.00161967 -0.00473254 0.0667984 0.0998447 0.00668304 -0.00075165 -0.00103105 -0.000221557 -0.0275796 0.0387852
internal_weight=20240 20198 12144 8054 716 530 344 186 186 160 12072 4527 480 4047 7545 5489 72 43 2056 7338 7300 7084 216 42
internal_count=20240 20198 12144 8054 716 530 344 186 186 160 12072 4527 480 4047 7545 5489 72 43 2056 7338 7300 7084 216 42
cat_boundaries=0 1 2
cat_threshold=28 37
is_linear=0
shrinkage=0.05


Tree=164
num_leaves=31
num_cat=0
split_feature=45 13 30 30 35 24 7 37 37 43 13 13 26 25 6 6 26 26 27 41 23 35 21 22 14 13 25 25 25 21
split_gain=25.3879 85.5674 98.5213 149.359 66.6004 99.3929 100.282 78.7122 111.119 106.987 96.4665 183.452 109.697 78.2592 74.9071 67.2041 57.5902 238.181 157.398 146.46 130.192 89.3729 85.9986 71.4087 68.0407 101.012 81.705 66.97 62.0919 89.0321
threshold=15.500000000000002 325.50000000000006 0.55654761904761918 0.80059523809523825 4.2142857142857153 14.020833333333334 0.51702536136719501 67.062500000000014 63.812500000000007 16.642857142857149 138.50000000000003 145.50000000000003 20.700892857142861 2.6365878642237894 0.37026851004010891 0.50246915085597244 27.962797619047624 27.663690476190478 3.2839149519949093 195.50000000000003 35.145833333333336 8.6428571428571441 31.562500000000004 29.479166666666668 45.500000000000007 106.50000000000001 2.854438203388225 2.498478362172706 5.9444174996093997 30.062500000000004
decision_type=2 2 2 2 2 2 2 2 2 2 2 2 2 2 2 2 2 2 2 2 2 2 2 2 2 2 2 2 2 2
left_child=16 4 -3 -4 5 13 15 8 -6 -10 12 -12 -9 -2 -8 -7 17 20 21 24 28 27 -23 -24 25 -20 -26 -18 29 -1
right_child=1 2 3 -5 7 6 14 10 9 -11 11 -13 -14 -15 -16 -17 18 -19 19 -21 -22 22 23 -25 26 -27 -28 -29 -30 -31
leaf_value=-0.00028678591108803516 0.0051276450378911634 0.067260875615273732 -0.094865865233753413 0.077094551653641721 -0.0040713909661406252 0.14513307937553951 0.042380624902745093 0.037556241429036484 0.025963511891864445 0.11886030892614102 -0.095004786200065541 -0.010818205356384752 -0.0023935041766349431 -0.092889085057235907 -0.026761659561860853 0.049857277287027019 -0.12769793551415207 0.12653755940295555 -0.02431417796455446 0.037737659200773405 -0.10631474289874515 0.056342690670862797 -0.089416947513818748 0.0084976903262927572 -0.074270552290337424 -0.084633550436021943 0.032408091992139815 -0.0012800251726399769 -0.05481923927481358 0.073491972812065265
leaf_weight=15333 673 106 28 23 209 21 75 206 111 43 69 1041 1036 21 82 156 20 37 122 59 29 96 20 270 28 161 50 22 52 41
leaf_count=15333 673 106 28 23 209 21 75 206 111 43 69 1041 1036 21 82 156 20 37 122 59 29 96 20 270 28 161 50 22 52 41
internal_value=5.02692e-07 0.0036252 0.0397872 -0.0173151 0.00210839 0.0129473 0.0353581 -0.00199563 0.019675 0.0519022 -0.00534021 -0.0160514 0.00423262 0.00216172 0.00626809 0.0611612 -0.000864634 -0.000170149 -0.0135521 -0.0352976 -0.000473494 0.00778695 0.0153237 0.00174496 -0.0472341 -0.0586301 -0.00588681 -0.061479 -0.000274518 -9.00298e-05
internal_weight=20240 3900 157 51 3743 1028 334 2715 363 154 2352 1110 1242 694 157 177 16340 15492 848 420 15455 428 386 290 361 283 78 42 15426 15374
internal_count=20240 3900 157 51 3743 1028 334 2715 363 154 2352 1110 1242 694 157 177 16340 15492 848 420 15455 428 386 290 361 283 78 42 15426 15374
is_linear=0
shrinkage=0.05


Tree=165
num_leaves=31
num_cat=0
split_feature=45 6 42 29 29 37 37 6 30 16 48 28 23 1 29 28 13 13 20 29 26 37 27 1 45 35 29 28 35 29
split_gain=24.7776 115.63 91.7979 112.87 76.6309 119.075 108.265 170.078 99.8632 89.8735 57.1612 44.5682 46.4108 39.6146 100.259 115.082 110.098 98.28 76.8239 88.6903 75.399 69.935 50.8905 33.9308 98.2852 92.254 89.6623 119.416 88.6758 83.3069
threshold=28.500000000000004 0.35357059049101708 85.642857142857153 3.985737834075159 3.7299144134998716 83.812500000000014 90.362500000000011 0.61916174883464614 0.13988095238095247 -0.56174490092936669 0.94642857142857151 16.939583333333335 18.770833333333339 57.395833333333336 4.660508174669407 22.856250000000003 76.500000000000014 317.50000000000006 29.187500000000004 4.3286478471926673 25.809523809523814 92.812500000000014 3.5358036893346614 34.770833333333336 18.500000000000004 4.7857142857142865 3.4712697442458205 25.771527777777781 9.3571428571428594 6.2148863899079885
decision_type=2 2 2 2 2 2 2 2 2 2 2 2 2 2 2 2 2 2 2 2 2 2 2 2 2 2 2 2 2 2
left_child=13 -2 3 11 5 -4 7 -6 -8 -7 -5 -3 -13 23 15 21 -16 20 19 -17 -18 -15 -23 26 29 -26 -1 -28 -29 -25
right_child=1 2 4 10 6 9 8 -9 -10 -11 -12 12 -14 14 16 18 17 -19 -20 -21 -22 22 -24 24 25 -27 27 28 -30 -31
leaf_value=0.00031295897561750812 0.10129078971222044 -0.024812085855574834 0.14151607016101481 -0.044265968449737715 0.031237043301328361 0.078681751660322055 0.05982818202817905 -0.037906976092533406 -0.0096005875772486142 0.00099015945785515419 0.059767422650850589 -0.16862142927944662 -0.060905554406344889 0.067524127080105245 0.11438879435660231 -0.17663633638730972 0.0067595162956499838 0.081664129684644718 -0.021057309003339877 -0.042415547873824837 -0.063932169678192291 -0.098012053482234476 0.0056625562238282173 0.0020708219968462774 0.078377913637751984 0.016541313330873577 -0.017218636323331281 0.069056796537686704 -0.0054820835929025313 -0.058905539546033441
leaf_weight=15200 32 21 24 23 136 52 122 257 90 131 31 20 20 24 21 32 94 27 27 20 63 20 29 1636 70 436 1363 73 88 58
leaf_count=15200 32 21 24 23 136 52 122 257 90 131 31 20 20 24 21 32 94 27 27 20 63 20 29 1636 70 436 1363 73 88 58
internal_value=4.77553e-07 0.0078447 0.00461894 -0.0371906 0.0105402 0.0367997 0.00155559 -0.0139793 0.0303537 0.0230665 0.0154569 -0.0837966 -0.114763 -0.000389679 -0.0168905 -0.0476623 0.00592568 -0.00645326 -0.0894838 -0.125013 -0.0216072 -0.0024034 -0.0366536 -7.83921e-05 0.005759 0.0250958 -0.000846287 -0.0124083 0.028315 -1.69165e-05
internal_weight=20240 959 927 115 812 207 605 393 212 183 54 61 40 19281 357 152 205 184 79 52 157 73 49 18924 2200 506 16724 1524 161 1694
internal_count=20240 959 927 115 812 207 605 393 212 183 54 61 40 19281 357 152 205 184 79 52 157 73 49 18924 2200 506 16724 1524 161 1694
is_linear=0
shrinkage=0.05


Tree=166
num_leaves=17
num_cat=0
split_feature=43 29 9 23 14 13 43 13 27 0 32 36 0 35 1 1
split_gain=25.0238 26.7423 37.0754 35.6907 37.3484 71.5165 52.7739 26.5639 25.0053 24.3731 29.9064 20.613 20.0106 30.8426 28.2412 10.7602
threshold=5.3571428571428585 1.3282789098138461 0.97637648809523825 2.7291666666666674 20.500000000000004 237.50000000000003 7.3571428571428585 221.50000000000003 1.7367642234905663 16.937500000000004 3.5000000000000004 1.5000000000000002 32.895833333333336 9.6428571428571441 17.979166666666668 20.979166666666668
decision_type=2 2 2 2 2 2 2 2 2 2 2 2 2 2 2 2
left_child=11 8 9 7 6 -6 -5 -4 12 10 -3 -1 13 14 -2 -15
right_child=1 2 3 4 5 -7 -8 -9 -10 -11 -12 -13 -14 15 -16 -17
leaf_value=-0.0032924826092009122 -0.001848789230495553 0.04952174847324689 0.0068785895383165737 -0.046470200071366985 -0.0055505538728116222 0.0041034902772836826 0.0046294075718859183 0.072877841666340828 0.044683691233928714 0.067484309239422571 -0.032182170911913825 -0.068824039989461502 -0.040373125329081501 0.017108974183279581 -0.013370826749684607 0.058054864397715955
leaf_weight=24 6058 24 31 51 4287 3472 5449 30 28 34 21 24 35 68 583 21
leaf_count=24 6058 24 31 51 4287 3472 5449 30 28 34 21 24 35 68 583 21
internal_value=4.53682e-07 8.61717e-05 0.00138178 0.00117923 0.00100368 -0.00123056 0.00415557 0.0393372 -0.00246938 0.0355337 0.0113933 -0.0360583 -0.00266455 -0.00246844 -0.00286029 0.0267704
internal_weight=20240 20192 13399 13320 13259 7759 5500 61 6793 79 45 48 6765 6730 6641 89
internal_count=20240 20192 13399 13320 13259 7759 5500 61 6793 79 45 48 6765 6730 6641 89
is_linear=0
shrinkage=0.05


Tree=167
num_leaves=28
num_cat=0
split_feature=37 6 35 29 17 10 21 6 24 1 30 42 3 29 30 36 29 48 9 0 24 22 25 22 26 35 27
split_gain=23.779 49.7719 34.9912 27.0113 38.089 26.1782 40.5028 64.132 40.5335 77.1441 40.546 39.5012 38.7223 34.8907 34.8586 100.695 60.4363 32.0194 53.8487 57.6745 50.4218 48.4924 61.9789 30.7983 20.9586 19.6197 17.5042
threshold=105.67500000000003 0.7135990271659326 5.6428571428571432 2.720582745038842 0.93301270189221952 4.5000000000000009 37.479166666666679 0.92312309539200299 34.687500000000007 37.812500000000007 0.84523809523809545 162.07142857142858 0.93750000000000011 2.0743979838541153 0.10714285714285719 4.3571428571428585 3.7599645044281438 0.98214285714285732 0.98474880382775132 29.604166666666668 29.619047619047624 34.812500000000007 3.2006194571615181 30.937500000000004 16.697916666666671 2.785714285714286 0.27958527352021334
decision_type=2 2 2 2 2 2 2 2 2 2 2 2 2 2 2 2 2 2 2 2 2 2 2 2 2 2 2
left_child=5 25 3 4 26 6 8 23 14 10 -10 -11 17 -14 15 -1 -16 18 20 -20 -7 22 -19 -8 -5 -2 -3
right_child=1 2 -4 24 -6 12 7 -9 9 11 -12 -13 13 -15 16 -17 -18 21 19 -21 -22 -23 -24 -25 -26 -27 -28
leaf_value=0.001365536388462831 -0.0010147420068581899 -0.024590020139630027 0.081271578336045869 -0.041501186788082123 0.0714549505800912 0.0109598993492598 -0.050593333982903027 -0.097030776794309978 0.12443643280050971 -0.0601555321055154 0.037812837394220492 0.032599475818940182 -0.00059063770367126728 0.068100014408507076 0.00026596143780583303 0.021427911327464244 -0.014007586262435014 -0.0098917785779058746 -0.0012033457509939823 -0.03454357173878455 0.075945349385438024 -0.070900452807545672 0.01390981900293786 0.022357930060332785 0.023003817405551671 -0.066571233153343207 0.018889826670801049
leaf_weight=4762 21 26 21 34 33 444 23 27 22 24 35 22 38 36 7669 720 821 2217 2439 137 32 30 312 39 20 25 211
leaf_count=4762 21 26 21 34 33 444 23 27 22 24 35 22 38 36 7669 720 821 2217 2439 137 32 30 312 39 20 25 211
internal_value=4.31005e-07 0.0122112 0.0187251 0.0146712 0.0211275 -0.000240105 0.000910279 -0.0327137 0.00112289 0.0323738 0.0712465 -0.0157944 -0.00310625 0.0328264 0.000892514 0.00400051 -0.00111432 -0.00358015 -0.000121554 -0.00297649 0.0153287 -0.00770505 -0.0069554 -0.00470464 -0.0176104 -0.0366433 0.0141199
internal_weight=20240 391 345 324 270 19849 14164 89 14075 103 57 46 5685 74 13972 5482 8490 5611 3052 2576 476 2559 2529 62 54 46 237
internal_count=20240 391 345 324 270 19849 14164 89 14075 103 57 46 5685 74 13972 5482 8490 5611 3052 2576 476 2559 2529 62 54 46 237
is_linear=0
shrinkage=0.05


Tree=168
num_leaves=25
num_cat=1
split_feature=41 23 41 38 29 40 13 22 50 10 47 3 29 39 25 31 37 27 27 34 27 1 45 45
split_gain=23.2414 37.7964 37.1642 59.66 60.1291 54.5378 52.8696 67.2221 53.6225 25.6292 39.3488 35.264 34.3381 31.2594 49.5688 41.6479 30.4015 28.9652 53.0177 26.8947 21.2059 15.9854 6.52622 7.89954
threshold=29.500000000000004 9.8125000000000018 42.500000000000007 77.500000000000014 2.8032117447511311 12.500000000000002 178.50000000000003 11.72916666666667 0 4.5000000000000009 0.37500000000000006 0.93750000000000011 2.0743979838541153 7.5000000000000009 1.807847293730233 1.5000000000000002 99.71250000000002 6.9749007820073157 5.9506337651009504 6.5000000000000009 1.5595897805939656 15.97916666666667 10.500000000000002 6.5000000000000009
decision_type=2 2 2 2 2 2 2 2 1 2 2 2 2 2 2 2 2 2 2 2 2 2 2 2
left_child=1 20 3 5 22 6 8 -8 -2 13 -11 16 -13 14 15 -4 -12 18 -15 -19 -1 -3 23 -5
right_child=2 21 9 4 -6 -7 7 -9 -10 10 11 12 -14 17 -16 -17 -18 19 -20 -21 -22 -23 -24 -25
leaf_value=-0.030017174792363113 0.023690918307724618 0.084988139642882751 -0.028136827119600933 0.00041503441266038199 0.092171568516641864 -0.080655221373308453 -0.016390231481998863 -0.075581765257649952 -0.015810596369620827 -0.072563533410429967 -0.0037159329764930981 -0.00028529882144469478 0.067934037941907138 0.0010690674335511114 0.090439797773957262 0.048520797577999902 0.011850695747848668 -0.009297562725106746 0.029844120695768792 -0.080930114788934596 0.032524731957718087 0.027279373188503087 -0.021724907550960779 0.03646350513611521
leaf_weight=33 129 24 37 55 24 32 201 63 215 20 5148 39 35 13484 25 34 334 38 162 20 23 24 20 21
leaf_count=33 129 24 37 55 24 32 201 63 215 20 5148 39 35 13484 25 34 334 38 162 20 23 24 20 21
internal_value=4.09439e-07 0.0235762 -0.000121357 -0.0109674 0.0213848 -0.0170334 -0.0136849 -0.0305155 -0.000768449 0.000304066 -0.00255671 -0.0023047 0.0319806 0.00145998 0.0298921 0.00857246 -0.00276751 0.00126081 0.00141067 -0.0339984 -0.00433032 0.0561338 0.00368815 0.0103758
internal_weight=20240 104 20136 760 120 640 608 264 344 19376 5576 5556 74 13800 96 71 5482 13704 13646 58 56 48 96 76
internal_count=20240 104 20136 760 120 640 608 264 344 19376 5576 5556 74 13800 96 71 5482 13704 13646 58 56 48 96 76
cat_boundaries=0 1
cat_threshold=133
is_linear=0
shrinkage=0.05


Tree=169
num_leaves=31
num_cat=1
split_feature=32 37 43 25 41 42 0 16 21 24 32 36 13 36 25 29 27 45 36 29 1 49 36 26 44 37 6 20 21 25
split_gain=23.2537 39.7888 30.3915 27.6329 77.9554 115.205 95.6162 93.5369 90.3857 115.197 96.2479 82.3159 193.534 100.408 66.0928 85.3482 164.528 102.603 103.723 84.6646 140.171 113.285 149.339 80.5115 77.8603 73.7501 72.2811 64.8665 61.4723 48.8826
threshold=15.500000000000002 56.837500000000013 20.642857142857149 3.879376475052394 71.500000000000014 82.500000000000014 18.854166666666668 1.0000000180025095e-35 28.687500000000004 19.830357142857149 5.5000000000000009 7.5000000000000009 303.50000000000006 5.3571428571428585 3.0377569800082296 4.7017353024896851 5.9506337651009504 11.500000000000002 6.3571428571428585 5.0534938663273001 57.520833333333336 0 8.6428571428571441 25.380952380952387 7.5000000000000009 65.71250000000002 0.64647009966777425 23.104166666666668 33.770833333333336 4.4663183117119916
decision_type=2 2 2 2 2 2 2 2 2 2 2 2 2 2 2 2 2 2 2 2 2 1 2 2 2 2 2 2 2 2
left_child=3 -2 -3 14 5 29 -7 11 9 -9 -10 13 -13 -6 19 17 24 25 -19 20 28 22 -21 -22 -17 -16 -23 -8 -1 -5
right_child=1 2 -4 4 7 6 27 8 10 -11 -12 12 -14 -15 15 16 -18 18 -20 21 23 26 -24 -25 -26 -27 -28 -29 -30 -31
leaf_value=0.00034553369364808426 -0.013430936779930361 -0.0021258240654355005 0.07071962085035112 -0.038707802065003377 0.0098809169448652746 0.13005983937531709 -0.029501340652887637 0.021513976560824592 -0.020266045413721921 -0.035532078839939162 0.068602737441422451 -0.054931578841060404 0.10317641515284777 0.057481569252827318 -0.0081552479227105876 -0.036884153859405702 0.067608879828775253 0.0076862186376739985 0.11219885855913164 0.056752819080246188 -0.012178316898643972 0.012036906230872882 -0.05527158649295897 -0.10917109476159448 -0.13239805834448856 -0.048866793863837507 -0.052747294459018913 0.066340375217524436 -0.023242957671206061 0.024911662938797641
leaf_weight=16159 45 21 45 52 517 40 26 115 59 384 63 100 24 141 489 295 37 471 25 238 40 136 34 46 23 144 63 55 281 72
leaf_count=16159 45 21 45 52 517 40 26 115 59 384 63 100 24 141 489 295 37 471 25 238 40 136 34 46 23 144 63 55 281 72
internal_value=5.83661e-07 0.022823 0.0475415 -0.000125269 0.00607851 0.0321017 0.0668106 0.0015342 -0.0129532 -0.0223852 0.0256252 0.0130389 -0.02433 0.0200811 -0.000678477 -0.0107978 -0.0321816 -0.00407401 0.012954 0.000205041 -0.000390705 0.021108 0.0412338 -0.0640582 -0.0437924 -0.0174166 -0.00806727 0.0355764 -5.76516e-05 -0.00176747
internal_weight=20240 111 66 20129 1648 245 121 1403 621 499 122 782 124 658 18481 1484 355 1129 496 16997 16526 471 272 86 318 633 199 81 16440 124
internal_count=20240 111 66 20129 1648 245 121 1403 621 499 122 782 124 658 18481 1484 355 1129 496 16997 16526 471 272 86 318 633 199 81 16440 124
cat_boundaries=0 1
cat_threshold=12
is_linear=0
shrinkage=0.05


Tree=170
num_leaves=31
num_cat=0
split_feature=41 33 21 0 21 29 24 45 41 25 37 13 28 48 27 48 0 26 23 45 40 38 45 36 2 22 35 44 9 16
split_gain=23.1245 51.8683 98.4938 43.6998 88.5991 58.947 43.1022 41.6591 104.888 79.7761 77.8294 77.7215 65.0253 57.9616 75.3314 63.0826 56.4456 155.262 91.7565 144.22 85.3801 118.601 108.658 62.5573 52.1668 97.5947 91.2341 36.9115 36.5612 31.8375
threshold=141.50000000000003 5.5000000000000009 24.937500000000004 37.270833333333336 36.770833333333336 4.4776800515306157 34.687500000000007 30.500000000000004 70.500000000000014 3.0733092629649827 83.812500000000014 253.50000000000003 21.47291666666667 0.98214285714285732 2.890712293763396 0.94642857142857151 22.104166666666668 17.936011904761909 33.187500000000007 14.500000000000002 35.500000000000007 211.50000000000003 11.500000000000002 4.2142857142857153 33.500000000000007 28.145833333333339 6.3571428571428585 8.5000000000000018 0.99097842261904778 -0.22252093395631442
decision_type=2 2 2 2 2 2 2 2 2 2 2 2 2 2 2 2 2 2 2 2 2 2 2 2 2 2 2 2 2 2
left_child=7 3 -3 6 5 -5 27 16 9 -9 11 12 -10 15 -15 -12 18 23 24 -20 21 -19 -22 -18 25 -1 -26 28 -2 -8
right_child=1 2 -4 4 -6 -7 29 8 10 -11 13 -13 -14 14 -16 -17 17 20 19 -21 22 -23 -24 -25 26 -27 -28 -29 -30 -31
leaf_value=-0.0004260443629903634 -0.0037391366519204557 -0.020537383000288782 0.1006553170418269 0.05217673993639408 -0.10314349277779973 -0.040731180589155931 0.072102155357312708 0.01458295952114794 0.11028843678339102 0.11845036382835948 -0.0049744652427482208 -0.026263122861113014 0.016157451272010803 -0.10890171359479428 -0.014129261807180368 0.050196245592762381 -0.1369619679171592 -0.0065281580151816711 -0.14865411812296281 0.027516975573131014 -0.15103785019853844 0.11598662697098916 0.0010449871110419433 -0.032547344324680476 0.00017955618346479304 -0.084022801646164491 0.037795843203601083 -0.064651053249835971 0.0080521930795338561 0.012582144977630312
leaf_weight=14051 1068 30 38 31 29 38 39 36 43 38 208 29 32 25 130 69 32 1605 26 21 23 20 24 26 464 35 247 20 1710 53
leaf_count=14051 1068 30 38 31 29 38 39 36 43 38 208 29 32 25 130 69 32 1605 26 21 23 20 24 26 464 35 247 20 1710 53
internal_value=5.5445e-07 0.00400817 0.0471879 0.0030255 -0.0298109 0.00101006 0.00413899 -0.00071216 0.0121204 0.0679203 0.00441663 0.0432482 0.0701259 -0.0049317 -0.0294151 0.00876842 -0.00118446 -0.00973166 -0.000188319 -0.0699394 -0.00694184 -0.00502028 -0.0733785 -0.0901554 3.32324e-05 -0.00063376 0.0132474 0.00303175 0.00351903 0.0378135
internal_weight=20240 3056 68 2988 98 69 2890 17184 610 74 536 104 75 432 155 277 16574 1730 14844 47 1672 1625 47 58 14797 14086 711 2798 2778 92
internal_count=20240 3056 68 2988 98 69 2890 17184 610 74 536 104 75 432 155 277 16574 1730 14844 47 1672 1625 47 58 14797 14086 711 2798 2778 92
is_linear=0
shrinkage=0.05


Tree=171
num_leaves=31
num_cat=4
split_feature=45 16 50 21 50 45 23 27 21 22 30 29 49 44 28 24 25 23 16 49 24 42 27 43 29 13 22 26 28 9
split_gain=22.4587 97.8115 87.8089 67.079 61.4499 57.0355 55.6812 72.7544 96.835 140.024 76.7932 77.0755 62.9011 120.178 93.8168 156.609 89.5315 65.9333 51.7204 83.1927 79.2357 162.06 78.0582 69.8227 78.6007 74.3548 53.2022 101.526 50.7723 86.8493
threshold=5.5000000000000009 1.0000000180025095e-35 0 10.645833333333334 1 4.5000000000000009 27.020833333333339 4.4080865810672263 21.395833333333339 27.520833333333339 0.86607142857142871 5.5512514978644871 2 7.5000000000000009 24.039583333333336 26.145833333333336 2.0055004547653668 23.020833333333339 -0.22252093395631442 3 14.145833333333334 61.642857142857146 3.5753608870807239 10.785714285714286 2.3034398034305439 170.50000000000003 34.687500000000007 33.949404761904766 24.592361111111114 0.99097842261904778
decision_type=2 2 1 2 1 2 2 2 2 2 2 2 1 2 2 2 2 2 2 1 2 2 2 2 2 2 2 2 2 2
left_child=2 4 3 -1 -2 -5 12 10 -9 -10 11 -8 13 16 17 -16 -3 -14 26 20 22 -22 -20 24 -21 -25 -4 -28 -6 -30
right_child=1 6 18 5 28 -7 7 8 9 -11 -12 -13 14 -15 15 -17 -18 -19 19 23 21 -23 -24 25 -26 -27 27 -29 29 -31
leaf_value=0.0060536804465852953 0.012094990047977087 -0.0026679810862958856 -0.0043466665691818448 -0.050802060568522427 0.0032175516814387283 -0.0058099395710797539 0.010169889158092818 -0.12969754368066788 0.027944439012623792 -0.081989322528243078 -0.076351507055972309 -0.089592943021229332 -0.0045299190941476579 -0.078587532767227727 -0.086624715414442388 0.011453886412084103 0.03419183532873022 0.030058809413781598 -0.006285747729680876 0.0082235999748035346 -0.16237450575698978 -0.021104761319789455 0.053794499231796515 0.0097099689481063654 0.051797600383677422 -0.0053705899452062963 -0.11389668372369582 0.021529404282569886 0.028807679452602902 -0.040898892809636891
leaf_weight=135 2329 317 3809 214 3545 105 248 30 56 60 35 21 3188 35 89 75 343 144 1049 267 23 173 57 2113 169 1333 31 25 62 160
leaf_count=135 2329 317 3809 214 3545 105 248 30 56 60 35 21 3188 35 89 75 343 144 1049 267 23 173 57 2113 169 1333 31 25 62 160
internal_value=5.26746e-07 0.00156744 -0.00176986 -0.0229837 0.00573141 -0.0359927 -0.00390196 -0.0206156 -0.049626 -0.0289179 -0.00668297 0.00238171 -0.00210737 0.011534 -0.00483841 -0.0417717 0.016488 -0.00303509 -0.000679385 0.00258381 -0.00831799 -0.0376823 -0.00318939 0.00624555 0.0251135 0.00387643 -0.00505796 -0.0534386 0.00176025 -0.0214313
internal_weight=20240 10737 9503 454 6096 319 4641 450 146 116 304 269 4191 695 3496 164 660 3332 9049 5184 1302 196 1106 3882 436 3446 3865 56 3767 222
internal_count=20240 10737 9503 454 6096 319 4641 450 146 116 304 269 4191 695 3496 164 660 3332 9049 5184 1302 196 1106 3882 436 3446 3865 56 3767 222
cat_boundaries=0 1 2 3 4
cat_threshold=160 33 4 2
is_linear=0
shrinkage=0.05


Tree=172
num_leaves=31
num_cat=2
split_feature=13 50 36 30 29 48 27 24 25 45 36 1 26 13 36 37 13 30 29 24 26 17 21 49 41 43 21 40 29 29
split_gain=24.0983 71.4497 74.0687 64.4293 169.07 59.9682 84.5074 77.9791 53.0145 44.9871 49.3329 69.7697 44.4082 43.8965 142.983 206.284 200.281 237.847 138.214 78.0171 84.4199 231.574 104.705 51.5739 184.946 140.846 134.006 98.2683 62.762 151.293
threshold=317.50000000000006 0 5.0714285714285721 0.63988095238095266 4.0714114104069283 0.98214285714285732 3.3193509680181057 13.306547619047622 2.0440846543535671 28.500000000000004 1.9285714285714288 37.895833333333336 19.873511904761909 170.50000000000003 5.6428571428571432 68.58750000000002 219.50000000000003 1.0000000180025095e-35 4.0258825868576045 31.696428571428573 22.251488095238098 -0.93301270189221908 23.520833333333339 1 72.500000000000014 14.357142857142859 21.937500000000004 23.500000000000004 4.1611337720111461 4.1182058528664554
decision_type=2 1 2 2 2 2 2 2 2 2 2 2 2 2 2 2 2 2 2 2 2 2 2 1 2 2 2 2 2 2
left_child=13 3 9 5 12 7 -7 -2 -9 10 -3 -12 -5 23 19 16 17 -16 -18 20 22 -22 -15 24 26 -26 -1 -27 29 -25
right_child=1 2 -4 4 -6 6 -8 8 -10 -11 11 -13 -14 14 15 -17 18 -19 -20 -21 21 -23 -24 28 25 27 -28 -29 -30 -31
leaf_value=0.022892907168716194 0.061570552739277973 0.0087559453571122419 -0.091095738330235099 0.0011493704724487477 -0.11106615763157607 0.014820492617785931 0.10352182365183174 0.041786648282560256 -0.014720568607029106 0.064027437195181849 -0.0203910343858234 0.04235623209756248 0.031165871126011265 -0.00080525080379134227 0.046235776366665961 -0.16549602341651917 -0.023266722042576449 -0.090339434558857887 0.029010092306623953 0.07326470204562481 0.059566657258932232 -0.039282571751098852 0.052738995688356542 0.00050101203462989119 0.12649214677512646 0.013107358887463179 0.20592692273668947 -0.0078738406392874129 -0.013355895501278255 0.1289083580284015
leaf_weight=20 76 420 24 386 30 50 58 59 140 25 462 49 181 5001 40 25 338 157 202 35 71 358 93 8690 24 1400 20 928 855 23
leaf_count=20 76 420 24 386 30 50 58 59 140 25 462 49 181 5001 40 25 338 157 202 35 71 358 93 8690 24 1400 20 928 855 23
internal_value=7.99164e-07 0.00526967 -0.00429628 0.0147292 0.00461088 0.0308856 0.0624564 0.0184869 0.00203283 -0.00216215 -0.00393953 -0.0143742 0.0107314 -0.000564135 -0.00393471 -0.0242459 -0.0194545 -0.0626084 -0.00371132 -0.00115005 -0.00162163 -0.0229229 0.000172294 0.00121697 0.00776669 0.00598605 0.11441 0.00474372 -0.000428127 0.000839973
internal_weight=20240 1960 980 980 597 383 108 275 199 956 931 511 567 18280 6320 762 737 197 540 5558 5523 429 5094 11960 2392 2352 40 2328 9568 8713
internal_count=20240 1960 980 980 597 383 108 275 199 956 931 511 567 18280 6320 762 737 197 540 5558 5523 429 5094 11960 2392 2352 40 2328 9568 8713
cat_boundaries=0 1 2
cat_threshold=141 4
is_linear=0
shrinkage=0.05


Tree=173
num_leaves=30
num_cat=0
split_feature=43 13 43 13 22 42 28 37 37 29 22 39 21 35 22 29 41 41 29 37 0 25 37 37 41 29 35 25 10
split_gain=22.8096 57.6145 46.1757 69.3847 99.7096 49.2971 79.4738 54.6031 87.9247 52.0138 69.5599 48.4331 43.6355 100.856 43.1341 55.8848 42.4437 157.74 122.387 38.3263 34.4776 33.2055 28.12 21.6558 19.4232 16.6999 12.7588 11.3668 6.69805
threshold=28.928571428571434 36.500000000000007 27.071428571428573 43.500000000000007 27.354166666666668 166.92857142857147 34.338194444444454 83.162500000000023 75.52500000000002 4.2829232393001426 27.895833333333339 37.500000000000007 34.562500000000007 12.357142857142859 31.854166666666668 2.7599771199359227 193.50000000000003 190.50000000000003 4.5772375432928021 64.112500000000011 26.062500000000004 1.3645890046687528 64.112500000000011 56.662500000000016 185.50000000000003 2.2836492525173817 12.214285714285717 1.1931690671426483 2.5000000000000004
decision_type=2 2 2 2 2 2 2 2 2 2 2 2 2 2 2 2 2 2 2 2 2 2 2 2 2 2 2 2 2
left_child=2 23 5 4 -4 6 16 8 11 10 -9 -7 13 19 15 25 17 -1 -18 -5 -11 -17 24 -2 -14 -3 -16 -25 -29
right_child=1 14 3 12 -6 7 -8 9 -10 20 -12 -13 22 -15 26 21 18 -19 -20 -21 -22 -23 -24 27 -26 -27 -28 28 -30
leaf_value=-0.00021723448101263867 0.0045009340582923456 -0.013466303434335825 -0.011252452405514542 0.024433800609161459 -0.1565196528321221 0.084836680397391326 -0.073505801878668162 -0.010831720021802507 0.099142167442723333 -0.011963310854678805 0.070655287813176135 0.012057511873494429 0.034482942095824649 -0.12759933911729604 0.0098524776473641398 -0.10772961631882937 0.002676819385879613 -0.099613615144044168 0.089403793376450449 -0.026408109915627271 -0.10266947046853603 -0.019829806887788612 0.069043431718212867 0.032437558522955941 -0.034366135662421582 0.040114528714464262 0.065031441267241127 0.09782514078542591 0.058646441002686824
leaf_weight=18863 22 33 27 57 21 25 37 114 38 22 34 267 21 20 20 22 201 40 51 106 20 21 24 22 20 26 22 20 24
leaf_count=18863 22 33 27 57 21 25 37 114 38 22 34 267 21 20 20 22 201 40 51 106 20 21 24 22 20 26 22 20 24
internal_value=7.59279e-07 0.0155884 -0.000179986 -0.0197817 -0.0748069 0.000114359 -0.000297224 0.0153049 0.027599 -0.00604799 0.00788827 0.0182886 -0.00913169 -0.0216313 -0.00388991 -0.0214499 -0.000155813 -0.000427564 0.0202287 -0.00862904 -0.0551567 -0.0648018 0.0260594 0.0474621 0.000898026 0.0101456 0.0387557 0.0617825 0.0764549
internal_weight=20240 232 20008 296 48 19712 19192 520 330 190 148 292 248 183 144 102 19155 18903 252 163 42 43 65 88 41 59 42 66 44
internal_count=20240 232 20008 296 48 19712 19192 520 330 190 148 292 248 183 144 102 19155 18903 252 163 42 43 65 88 41 59 42 66 44
is_linear=0
shrinkage=0.05


Tree=174
num_leaves=19
num_cat=1
split_feature=43 20 50 28 3 45 3 24 30 22 42 36 22 23 26 20 43 41
split_gain=21.9592 22.7378 22.6266 97.2169 76.067 61.3906 51.9754 62.6971 49.4216 80.0365 49.254 45.5752 85.6428 101.386 73.1357 71.9226 50.2034 34.5407
threshold=5.3571428571428585 6.8125000000000009 0 9.1486111111111139 2.6875000000000004 30.500000000000004 0.18750000000000003 22.93154761904762 0.035714285714285747 9.9791666666666696 41.500000000000007 4.7857142857142865 19.354166666666668 23.520833333333339 23.825892857142865 30.520833333333339 20.642857142857149 89.500000000000014
decision_type=2 2 1 2 2 2 2 2 2 2 2 2 2 2 2 2 2 2
left_child=1 -1 3 8 11 6 10 -8 9 -2 -5 15 13 -13 -14 16 -4 -7
right_child=2 -3 4 5 -6 17 7 -9 -10 -11 -12 12 14 -15 -16 -17 -18 -19
leaf_value=-0.06965597876469079 0.023907717783004045 -0.00077002133429050453 -0.0022752755509474979 -0.07103585290412108 -0.087006086139724811 0.094518375740601471 0.01435546449379025 0.093907823904107013 -0.006674910802394152 0.13674865310390791 0.0006806153270878429 -0.026385992995518096 0.035483802955404119 -0.15100933271266212 -0.021035600557605918 0.069829864261878857 0.0090141986817267837 0.019727745495344465
leaf_weight=23 33 25 8546 24 26 26 142 30 24 30 9749 51 77 24 223 36 1113 38
leaf_count=23 33 25 8546 24 26 26 142 30 24 30 9749 51 77 24 223 36 1113 38
internal_value=7.21291e-07 -0.0337779 8.10191e-05 0.00175386 -0.00159198 0.00129816 0.000984029 0.0282309 0.0543818 0.0776415 0.000504498 -0.00137303 -0.0184763 -0.0662655 -0.00652895 -0.000711483 -0.000974397 0.0501114
internal_weight=20240 48 20192 10096 10096 10009 9945 172 87 63 9773 10070 375 75 300 9695 9659 64
internal_count=20240 48 20192 10096 10096 10009 9945 172 87 63 9773 10070 375 75 300 9695 9659 64
cat_boundaries=0 1
cat_threshold=45
is_linear=0
shrinkage=0.05


Tree=175
num_leaves=31
num_cat=0
split_feature=45 6 42 29 48 44 24 29 37 29 27 35 42 43 42 23 21 37 30 1 29 10 17 45 45 27 42 31 39 28
split_gain=21.5521 84.9915 98.6015 121.44 79.849 76.4917 70.8235 82.5076 98.6416 98.4114 77.5291 94.391 64.0195 63.2743 63.9724 51.1301 48.0869 42.4224 39.2027 32.3817 67.1241 65.8923 63.3756 57.7882 56.7639 44.8003 32.1556 30.0927 52.5502 36.7866
threshold=25.500000000000004 0.29480894015861581 86.500000000000014 3.9383424623012906 0.94642857142857151 7.5000000000000009 16.985119047619051 4.2829232393001426 85.287500000000023 5.1096455838367563 5.1379845452418804 3.6428571428571437 81.928571428571445 17.357142857142858 130.21428571428575 15.770833333333334 24.729166666666668 83.037500000000023 0.58035714285714302 57.520833333333336 4.8437969857271197 3.5000000000000004 -0.6830127018922193 20.500000000000004 18.500000000000004 3.9572855031626424 81.500000000000014 1.5000000000000002 7.5000000000000009 13.386805555555556
decision_type=2 2 2 2 2 2 2 2 2 2 2 2 2 2 2 2 2 2 2 2 2 2 2 2 2 2 2 2 2 2
left_child=5 -2 3 15 26 19 10 8 -8 -9 11 -4 -6 16 -15 -3 17 -7 -16 27 21 24 -22 -24 -21 -23 -5 29 -29 -1
right_child=1 2 6 4 12 13 7 9 -10 -11 -12 -13 -14 14 18 -17 -18 -19 -20 20 22 25 23 -25 -26 -27 -28 28 -30 -31
leaf_value=-0.0020692810190698816 0.1083108051121235 -0.13717637984525591 0.0061022005975246429 0.00599925961522829 -0.0053711335298915709 -0.088058121976527307 0.058022280478131349 -0.028670402219947828 0.0076207204876711718 0.015182641760214284 -0.016527765295985673 0.11113891936838627 0.097087719639943504 -0.1398573357206972 0.009938048300417987 -0.049035464080148625 0.049101078051787157 -0.0044809737147725355 -0.08678413808345796 -0.016758870184421539 -0.056224370904777554 -0.045939781523442698 -0.0078713766885576426 0.070862698277867425 -0.12130973305855249 0.05204014204442501 -0.077186891035391739 0.045947780005203998 0.00089129525402076185 -0.017163865025018168
leaf_weight=3195 20 21 35 21 30 22 127 278 412 237 36 55 31 23 22 76 26 49 20 20 31 28 54 41 37 20 26 65 14720 462
leaf_count=3195 20 21 35 21 30 22 127 278 412 237 36 55 31 23 22 76 26 49 20 20 31 28 54 41 37 20 26 65 14720 462
internal_value=6.85227e-07 0.00597454 0.00449676 -0.0275107 0.00896028 -0.000444935 0.0100574 0.00582209 0.0194964 -0.00848949 0.0454859 0.0702913 0.0466981 -0.0346542 -0.0728271 -0.0681175 -0.00907442 -0.0303781 -0.0361201 -0.000148148 -0.0187523 -0.0482776 0.00585207 0.0261086 -0.0846252 -0.00511481 -0.0400186 8.48831e-05 0.00108938 -0.00397623
internal_weight=20240 1405 1385 205 108 18835 1180 1054 539 515 126 90 61 162 65 97 97 71 42 18673 231 105 126 95 57 48 47 18442 14785 3657
internal_count=20240 1405 1385 205 108 18835 1180 1054 539 515 126 90 61 162 65 97 97 71 42 18673 231 105 126 95 57 48 47 18442 14785 3657
is_linear=0
shrinkage=0.05


Tree=176
num_leaves=22
num_cat=1
split_feature=27 24 27 37 45 26 25 25 13 23 38 27 26 13 37 26 0 27 50 29 0
split_gain=21.3297 45.7184 34.3396 102.174 109.798 68.4134 71.1017 31.2909 81.3166 82.2542 90.2876 56.4904 37.6977 127.784 114.703 73.2972 178.595 104.351 62.9399 35.43 21.9103
threshold=6.9749007820073157 26.145833333333336 5.9506337651009504 59.26250000000001 9.5000000000000018 19.778273809523814 4.0267684567904753 5.1508089939629746 64.500000000000014 17.395833333333339 69.500000000000014 4.7499547787569325 22.627976190476193 66.500000000000014 98.625000000000014 18.489583333333336 20.937500000000004 3.8670294462557018 0 4.7017353024896851 21.395833333333339
decision_type=2 2 2 2 2 2 2 2 2 2 2 2 2 2 2 2 2 2 1 2 2
left_child=2 20 7 -4 -5 -6 -7 12 19 11 -11 -10 15 18 -15 16 -1 -17 -14 -9 -2
right_child=1 -3 3 4 5 6 -8 8 9 10 -12 -13 13 14 -16 17 -18 -19 -20 -21 -22
leaf_value=-0.00016696345966553454 -0.02479295316669676 0.037283794426115319 -0.074501131983617172 0.12470372446157314 -0.056788867236011557 0.077883183839274395 0.0060340173437066803 -0.0089263761865681617 0.031336855664849284 0.11983119801238731 0.023903130309016848 -0.075156669318675998 -0.019701344357537374 -0.016437320740782396 0.020946576347518148 0.0034348803652425306 -0.050012104661500717 0.030227161861150872 0.017428563969140803 -0.093071751821447501 -0.088128169295801362
leaf_weight=14263 36 21 26 27 27 51 106 29 20 27 268 33 130 1836 231 1760 182 458 665 22 22
leaf_count=14263 36 21 26 27 27 51 106 29 20 27 268 33 130 1836 231 1760 182 458 665 22 22
internal_value=6.5098e-07 -0.0259292 0.000102256 0.0190224 0.0305467 0.0167302 0.0293736 -0.000122804 0.0137384 0.0223794 0.032683 -0.0349704 -0.000406061 -0.00570726 -0.0122594 0.000504461 -0.000794988 0.00896728 0.0113284 -0.0452244 -0.0488167
internal_weight=20240 79 20161 237 211 184 157 19924 399 348 295 53 19525 2862 2067 16663 14445 2218 795 51 58
internal_count=20240 79 20161 237 211 184 157 19924 399 348 295 53 19525 2862 2067 16663 14445 2218 795 51 58
cat_boundaries=0 1
cat_threshold=128
is_linear=0
shrinkage=0.05


Tree=177
num_leaves=31
num_cat=3
split_feature=13 50 36 42 49 6 29 13 29 1 0 45 48 36 42 48 29 29 29 43 49 45 13 27 1 42 13 13 26 26
split_gain=21.3354 64.0332 66.2909 60.6361 61.5868 84.7483 85.9583 41.8795 77.1168 41.5774 47.3052 97.1374 43.6073 37.6539 105.224 36.9832 31.6284 54.7155 140.153 115.823 114.719 62.5356 67.4637 66.3903 30.7556 140.024 67.2551 40.2037 30.5421 30.6489
threshold=317.50000000000006 0 5.0714285714285721 67.214285714285737 1 0.82183095706325804 3.8295094785806407 311.50000000000006 5.0534938663273001 57.687500000000007 10.72916666666667 1.5000000000000002 0.94642857142857151 3.3571428571428572 97.500000000000014 0.94642857142857151 1.6370994398897849 3.373687276310998 3.9014947682245289 12.642857142857144 2 7.5000000000000009 47.500000000000007 3.917156132041693 16.729166666666668 76.642857142857153 299.50000000000006 73.500000000000014 20.212797619047624 17.876488095238098
decision_type=2 1 2 2 1 2 2 2 2 2 2 2 2 2 2 2 2 2 2 2 1 2 2 2 2 2 2 2 2 2
left_child=7 3 9 -2 5 15 -7 16 13 10 12 -12 -3 -9 -15 -5 24 21 19 -19 -20 23 -23 -18 -1 27 -27 -26 29 -6
right_child=1 2 -4 4 28 6 -8 8 -10 -11 11 -13 -14 14 -16 -17 17 18 20 -21 -22 22 -24 -25 25 26 -28 -29 -30 -31
leaf_value=-0.0012104547217485879 0.062756740488111973 0.037015163716166581 -0.086213326873257765 0.031926525185505553 -0.00060776456847350829 0.029397365299519154 -0.031235529731867124 0.0073898221017873805 -0.11049857620488515 0.060284073511138563 -0.062741606042123907 -0.0037068657841057605 -0.00061037561659042035 -0.12349926685541868 -0.0056225450673082385 0.092800599004008943 0.0016448033391030497 -0.04084188407498085 0.012481487536462834 -0.0072286902104023694 -0.0072535417140200996 0.038015607792692245 0.0084605859465359621 -0.060073965660889045 -0.029488328573378648 -0.0044430330577143436 -0.082755755899207931 -0.11402098009219537 -0.061114084739238031 0.062543796673417099
leaf_weight=5915 60 94 24 45 488 210 81 115 22 26 89 321 426 25 78 56 4482 364 1510 866 1420 216 1820 44 22 1314 28 39 20 20
leaf_count=5915 60 94 24 45 488 210 81 115 22 26 89 321 426 25 78 56 4482 364 1510 866 1420 216 1820 44 22 1314 28 39 20 20
internal_value=5.6224e-07 0.0049582 -0.00409721 0.0139134 0.0108792 0.0255644 0.0125202 -0.000531001 -0.0212799 -0.00207857 -0.00382204 -0.0165217 0.00619116 -0.0122762 -0.0342334 0.0656785 -0.000254962 0.00147465 -0.00301134 -0.017176 0.00293491 0.00431856 0.0115961 0.0010448 -0.00278911 -0.00944467 -0.00607698 -0.0835338 -0.000498132 0.00187852
internal_weight=20240 1960 980 980 920 392 291 18280 240 956 930 410 520 218 103 101 18040 10722 4160 1230 2930 6562 2036 4526 7318 1403 1342 61 528 508
internal_count=20240 1960 980 980 920 392 291 18280 240 956 930 410 520 218 103 101 18040 10722 4160 1230 2930 6562 2036 4526 7318 1403 1342 61 528 508
cat_boundaries=0 1 2 3
cat_threshold=141 20 6
is_linear=0
shrinkage=0.05


Tree=178
num_leaves=27
num_cat=1
split_feature=45 48 29 0 42 13 35 50 24 3 1 42 29 29 27 37 25 27 9 45 7 7 44 46 13 13
split_gain=21.4409 64.5418 45.5328 70.0237 52.0386 51.219 28.929 21.6094 75.4938 74.8616 64.2342 83.6183 195.838 128.404 59.2554 61.4508 55.7818 84.584 49.7532 49.6886 82.1833 64.1162 62.6752 47.3472 19.5802 15.813
threshold=37.500000000000007 0.87500000000000011 3.9014947682245289 17.020833333333339 98.785714285714292 146.50000000000003 5.7857142857142865 0 8.1696428571428594 2.6875000000000004 31.604166666666668 88.785714285714292 3.7904492844293762 3.9383424623012906 2.5482232800772722 66.862500000000011 5.5020396740111357 4.3019365669452281 0.99506886087768442 21.500000000000004 0.68234990815635999 0.63828251017743309 7.5000000000000009 0.37500000000000006 175.50000000000003 164.50000000000003
decision_type=2 2 2 2 2 2 2 1 2 2 2 2 2 2 2 2 2 2 2 2 2 2 2 2 2 2
left_child=7 -2 4 -4 -3 6 -5 8 14 10 16 13 -13 -12 15 -1 17 -9 -16 22 21 -21 23 -10 -20 -24
right_child=1 2 3 5 -6 -7 -8 9 19 -11 11 12 -14 -15 18 -17 -18 -19 24 20 -22 -23 25 -25 -26 -27
leaf_value=0.1330002807940428 -0.056513125270605091 -0.06141605312004686 0.13100224538218408 -0.051057983159331521 0.042705891840159896 0.072279925218650273 0.03296619514003396 -0.00086753297878088822 -0.04425498951084407 -0.088217450529336938 -0.092360739996656782 0.056358915169303331 -0.019366155729854822 -0.0030540135861546907 -0.038938464892271443 0.032123414913399352 -0.07216794996832808 0.034232183804535972 0.0050523325800895698 0.015499325546877996 0.090957735468349288 -0.054638589007912998 -0.031568462412211708 0.00067740279497616217 0.070856839991532847 -0.092997736036777509
leaf_weight=26 25 24 21 21 24 35 20 8942 59 25 80 102 524 81 32 36 27 175 20 472 34 35 22 9332 26 20
leaf_count=26 25 24 21 21 24 35 20 8942 59 25 80 102 524 81 32 36 27 175 20 472 34 35 22 9332 26 20
internal_value=6.63295e-07 0.0176828 0.0304752 0.0501851 -0.00935508 0.027854 -0.0100706 -0.000149111 0.00147804 -0.00180176 -0.00158603 -0.0152929 -0.00702757 -0.04743 0.037941 0.0744266 -0.000406319 -0.000193797 0.00893966 0.000967707 0.0157041 0.0106575 0.00012255 0.00039511 0.0422462 -0.0608205
internal_weight=20240 170 145 97 48 76 41 20070 10114 9956 9931 787 626 161 140 62 9144 9117 78 9974 541 507 9433 9391 46 42
internal_count=20240 170 145 97 48 76 41 20070 10114 9956 9931 787 626 161 140 62 9144 9117 78 9974 541 507 9433 9391 46 42
cat_boundaries=0 1
cat_threshold=45
is_linear=0
shrinkage=0.05


Tree=179
num_leaves=31
num_cat=0
split_feature=45 7 42 29 18 44 29 37 13 36 23 37 48 43 38 23 21 37 38 1 29 25 15 17 45 39 38 43 39 25
split_gain=20.8922 73.1174 79.9904 99.6025 76.9037 65.479 62.299 109.792 124.959 90.5925 81.8109 73.7944 60.026 57.4272 64.9599 54.5348 43.9435 37.2492 31.5282 29.4989 59.5688 65.1304 59.4161 56.3239 50.7839 27.9685 32.9036 52.8065 42.5605 26.6775
threshold=25.500000000000004 0.65590239154616248 86.500000000000014 3.9383424623012906 -0.68301270189221952 7.5000000000000009 3.7299144134998716 83.425000000000026 295.50000000000006 4.6428571428571432 23.020833333333339 90.562500000000014 0.94642857142857151 17.357142857142858 148.50000000000003 15.770833333333334 24.729166666666668 83.037500000000023 88.500000000000014 57.520833333333336 4.8437969857271197 3.8164147117211882 -1.0000000180025095e-35 -0.6830127018922193 20.500000000000004 87.500000000000014 193.50000000000003 20.357142857142858 69.500000000000014 3.4593013215092285
decision_type=2 2 2 2 2 2 2 2 2 2 2 2 2 2 2 2 2 2 2 2 2 2 2 2 2 2 2 2 2 2
left_child=5 2 3 15 12 19 7 -4 -9 11 -11 -8 -5 16 -15 -2 17 -7 -17 25 21 22 -21 -22 -25 26 28 -28 -1 -3
right_child=1 29 6 4 -6 13 9 8 -10 10 -12 -13 -14 14 -16 18 -18 -19 -20 20 23 -23 -24 24 -26 -27 27 -29 -30 -31
leaf_value=-0.00012592613744215068 -0.13674953982234003 0.035026185014950383 0.11377339113475474 -0.078251026236805424 0.065583285367166677 -0.082133921908892016 -0.0050152170427603358 0.0076649205908844512 0.12679066772883138 0.01599554312242954 -0.094564059749245644 0.027326802886431075 0.018408790313535268 -0.10926778795054326 -0.0072371945931361276 -0.063939401077536442 0.0478927705436945 -0.0038182868945355317 0.009930760245770217 -0.024592161371505689 -0.053262961637829578 0.001551253426560136 -0.12294788318960106 -0.0074997858558264047 0.066308684034057236 -0.04336890790963898 0.040417762067954756 0.0034637891955944843 -0.066754330050510666 0.11063447341322899
leaf_weight=17858 20 28 33 29 37 22 495 266 24 27 44 274 36 39 26 52 26 49 20 28 31 43 34 54 41 37 128 395 24 20
leaf_count=17858 20 28 33 29 37 22 495 266 24 27 44 274 36 39 26 52 26 49 20 28 31 43 34 54 41 37 128 395 24 20
internal_value=6.30124e-07 0.00588232 0.00373709 -0.0259856 0.00803939 -0.000438115 0.00869513 0.0273572 0.0175236 0.00151913 -0.0525203 0.00650847 -0.0247164 -0.0320891 -0.0684556 -0.063709 -0.0077199 -0.0280851 -0.0434199 -0.000163523 -0.0179203 -0.0457343 -0.0785292 0.00525806 0.0243544 5.88943e-05 0.000146198 0.012508 -0.00021535 0.0665296
internal_weight=20240 1405 1357 194 102 18835 1163 323 290 840 71 769 65 162 65 92 97 71 72 18673 231 105 62 126 95 18442 18405 523 17882 48
internal_count=20240 1405 1357 194 102 18835 1163 323 290 840 71 769 65 162 65 92 97 71 72 18673 231 105 62 126 95 18442 18405 523 17882 48
is_linear=0
shrinkage=0.05


Tree=180
num_leaves=18
num_cat=2
split_feature=45 41 21 35 41 38 29 40 13 51 46 41 43 30 50 29 27
split_gain=21.6035 21.0435 48.0988 36.8242 31.7083 52.4817 54.1486 48.6085 46.7241 31.0158 23.3431 49.4723 49.5313 25.018 96.9865 44.8585 6.23215
threshold=44.500000000000007 29.500000000000004 10.270833333333334 2.2142857142857149 42.500000000000007 77.500000000000014 2.8032117447511311 12.500000000000002 178.50000000000003 0 0.37500000000000006 71.500000000000014 17.357142857142858 0.017857142857142839 1 3.7599645044281438 1.5711482275174913
decision_type=2 2 2 2 2 2 2 2 2 1 2 2 2 2 1 2 2
left_child=1 2 3 9 5 7 16 8 -3 -1 11 -6 -13 14 -12 -15 -7
right_child=-2 4 -4 -5 10 6 -8 -9 -10 -11 13 12 -14 15 -16 -17 -18
leaf_value=0.065132047981023788 0.045548240701632145 -0.00057764347770581628 0.071165196366115097 -0.054889625243165277 -0.091651428285986186 0.011122037257134383 0.087325748770187298 -0.075945286604110152 -0.028542395971078695 -0.015322094224393368 0.020913973824408037 0.025287263891236353 -0.030302212569935649 0.00037614972957825642 0.00056707880688463544 -0.0083096648731109928 -0.017545398403532232
leaf_weight=23 26 344 34 22 20 70 24 32 264 25 678 66 102 12847 3956 1681 26
leaf_count=23 26 344 34 22 20 70 24 32 264 25 678 66 102 12847 3956 1681 26
internal_value=5.98603e-07 -5.79865e-05 0.0223753 -0.00132267 -0.000174001 -0.0101921 0.0201515 -0.0158815 -0.0127202 0.0232288 0.000219473 -0.0173133 -0.00846349 0.000391488 0.00359039 -0.000628865 0.00335794
internal_weight=20240 20214 104 70 20110 760 120 640 608 48 19350 188 168 19162 4634 14528 96
internal_count=20240 20214 104 70 20110 760 120 640 608 48 19350 188 168 19162 4634 14528 96
cat_boundaries=0 1 2
cat_threshold=4 12
is_linear=0
shrinkage=0.05


Tree=181
num_leaves=31
num_cat=1
split_feature=45 50 45 21 10 23 9 36 17 45 23 39 25 18 9 10 27 37 0 4 34 29 12 22 28 21 21 42 0 23
split_gain=21.1546 80.0544 63.4817 58.5613 57.4277 61.9566 106.665 56.8556 122.859 56.6209 66.7652 62.1681 55.9033 82.2263 55.6203 50.9541 52.7186 76.412 63.7702 52.3173 51.6535 115.881 51.4278 49.5991 63.3064 233.671 119.432 49.0383 55.8905 77.7342
threshold=5.5000000000000009 0 3.5000000000000004 34.812500000000007 1.0000000180025095e-35 23.937500000000004 0.99726113505747149 3.785714285714286 -0.5 15.500000000000002 27.979166666666668 46.500000000000007 2.1926385200769274 -0.5 0.99516806722689088 5.5000000000000009 1.0070081236230377 59.51250000000001 21.937500000000004 0.22916666666666671 7.5000000000000009 3.8295094785806407 5.5000000000000009 34.937500000000007 26.006944444444446 26.604166666666668 21.187500000000004 136.50000000000003 16.770833333333339 20.312500000000004
decision_type=2 1 2 2 2 2 2 2 2 2 2 2 2 2 2 2 2 2 2 2 2 2 2 2 2 2 2 2 2 2
left_child=1 3 -3 23 5 27 9 12 -9 10 -7 -11 -4 -14 -5 16 -6 19 -19 -18 -17 -22 -23 24 25 -1 -26 28 29 -2
right_child=4 2 7 14 15 6 -8 8 -10 11 -12 -13 13 -15 -16 20 17 18 -20 -21 21 22 -24 -25 26 -27 -28 -29 -30 -31
leaf_value=0.00035056333968436752 -0.0030396256591482713 -0.027685348185585795 -0.0051745215984276283 -0.0081950997149473747 -0.00081242703977035466 -0.1035020974309494 -0.070484106566267787 0.081403168870343101 -0.0029958377485642227 -0.012037949942052366 0.018575569277717956 0.076382119372261303 -0.080534366254954984 0.0021082269424503599 -0.102052751004144 -0.0026497219725691444 0.11593038448347495 0.011730891686926048 -6.2294175225515193e-05 0.026470455655627043 0.0042555626920040921 -0.14285788696121288 -0.037073649428784848 -0.071308003117640822 0.13150176202709027 -0.092752378401072588 0.012483141084051659 0.026048144420370636 -0.024791435354331613 0.072988473121076827
leaf_weight=7556 853 485 390 38 2762 24 99 54 214 50 21 33 68 54 27 1440 26 2906 1893 44 68 27 20 24 22 68 503 129 307 35
leaf_count=7556 853 485 390 38 2762 24 99 54 214 50 21 33 68 54 27 1440 26 2906 1893 44 68 27 20 24 22 68 503 129 307 35
internal_value=1.09937e-06 -0.00171712 -0.0133751 8.9176e-05 0.00152184 -0.00737727 -0.0315118 -0.00464858 0.0140099 -0.00136915 -0.0465325 0.023117 -0.0144151 -0.0439549 -0.0471821 0.0030244 0.00470541 0.00783548 0.00707898 0.0596984 -0.00522499 -0.0374718 -0.0978433 0.000465234 0.000676617 -0.000479841 0.0174706 -0.0032394 -0.00640098 -4.30227e-05
internal_weight=20240 9503 1265 8238 10737 1551 227 780 268 128 45 83 512 122 65 9186 7631 4869 4799 70 1555 115 47 8173 8149 7624 525 1324 1195 888
internal_count=20240 9503 1265 8238 10737 1551 227 780 268 128 45 83 512 122 65 9186 7631 4869 4799 70 1555 115 47 8173 8149 7624 525 1324 1195 888
cat_boundaries=0 1
cat_threshold=30
is_linear=0
shrinkage=0.05


Tree=182
num_leaves=19
num_cat=0
split_feature=32 37 43 30 34 0 40 21 41 42 27 24 14 24 39 35 40 39
split_gain=20.8196 33.8427 26.7808 24.1732 23.6028 25.7924 130.94 67.6205 62.2205 46.1461 39.8597 34.1695 50.5325 39.3869 40.962 37.6583 36.0156 22.3635
threshold=15.500000000000002 56.837500000000013 20.642857142857149 0.89583333333333359 18.500000000000004 36.812500000000007 24.500000000000004 36.770833333333336 210.50000000000003 167.6428571428572 3.6072209225176048 34.687500000000007 41.500000000000007 34.401785714285722 43.500000000000007 6.9285714285714297 32.500000000000007 67.500000000000014
decision_type=2 2 2 2 2 2 2 2 2 2 2 2 2 2 2 2 2 2
left_child=4 17 -3 -4 5 11 8 10 9 -7 -8 13 15 16 -15 -13 -1 -2
right_child=1 2 3 -5 -6 6 7 -9 -10 -11 -12 12 -14 14 -16 -17 -18 -19
leaf_value=-0.00034892595149780409 0.027568890079855919 -0.0022308549710682462 0.10043001969655355 0.026973873642938479 0.038741567673591465 0.011656918837688865 0.01405052493015925 -0.14026427511125802 -0.063033965826034544 0.093691306972565752 -0.079390266418457034 0.1062935937382281 -0.033360249652133252 -0.089638742730021481 -0.0042199873132631183 0.027835446986942909 0.015789059574771357 -0.043366251047700644
leaf_weight=19396 20 21 24 21 39 60 21 24 20 24 25 20 26 25 32 65 352 25
leaf_count=19396 20 21 24 21 39 60 21 24 20 24 25 20 26 25 32 65 352 25
internal_value=1.04437e-06 0.0215959 0.0443928 0.0661505 -0.000118039 -0.000193476 -0.0193604 -0.0722291 0.0162243 0.0350953 -0.0367325 -2.60202e-05 0.0276379 -0.000181067 -0.0416844 0.0462962 -6.1273e-05 -0.0118395
internal_weight=20240 111 66 45 20129 20090 174 70 104 84 46 19916 111 19805 57 85 19748 45
internal_count=20240 111 66 45 20129 20090 174 70 104 84 46 19916 111 19805 57 85 19748 45
is_linear=0
shrinkage=0.05


Tree=183
num_leaves=31
num_cat=0
split_feature=37 25 43 13 12 39 42 36 29 22 25 16 36 31 7 37 37 42 0 4 17 28 41 43 21 28 1 37 27 29
split_gain=20.7081 114.106 126.299 100.296 204.869 87.1507 90.3948 82.2418 81.5028 69.0598 88.3351 75.8723 63.6509 61.1539 55.4147 73.8331 52.0663 109.828 93.0941 88.2542 116.205 258.103 78.9832 124.614 99.5552 74.8004 91.214 71.9327 80.526 147.278
threshold=55.562500000000007 1.9195651787294563 9.7857142857142865 178.50000000000003 7.5000000000000009 30.500000000000004 75.357142857142875 4.7857142857142865 2.5917712337403116 10.645833333333334 2.6637586444904779 -0.22252093395631442 7.5000000000000009 6.5000000000000009 0.15124954805911936 53.362500000000004 61.712500000000006 53.500000000000007 10.270833333333334 0.27083333333333343 -0.93301270189221908 15.591666666666667 163.50000000000003 21.214285714285719 24.937500000000004 10.300694444444446 16.854166666666668 62.57500000000001 3.5753608870807239 2.999213095993825
decision_type=2 2 2 2 2 2 2 2 2 2 2 2 2 2 2 2 2 2 2 2 2 2 2 2 2 2 2 2 2 2
left_child=1 8 9 5 13 6 -4 -7 -1 10 -3 -11 -6 -5 -10 -16 17 18 25 22 21 -21 24 -24 -19 -2 -27 28 29 -18
right_child=16 2 3 4 12 7 -8 -9 14 11 -12 -13 -14 -15 15 -17 27 19 -20 20 -22 -23 23 -25 -26 26 -28 -29 -30 -31
leaf_value=-0.0012450782173556289 -0.032445336972478402 0.045545755860467371 -0.0567122137386884 -0.095513196496711097 -0.0083678150027539696 -0.12659569589988046 0.03496623279783747 -0.024627479782050595 1.2662152157110328e-05 0.118076610804225 -0.087478044815361505 0.0089824101504157577 -0.082332964849315196 -0.1943426443182904 0.012614462233108024 0.099576138870683145 -0.0078759876663371184 0.022886899436686585 -0.064985899968366886 -0.00013369406405530992 0.0047791217133336021 -0.19368908608642718 0.1624157084268518 -0.002330737899650227 -0.019237439394871728 0.096842892738905825 -0.019025263631982463 5.6065103605831379e-05 0.027528027586500955 -0.068944101549789943
leaf_weight=3178 89 26 35 49 124 23 116 141 68 30 24 34 38 23 46 52 324 969 95 61 2234 24 24 22 164 33 35 11936 81 142
leaf_count=3178 89 26 35 49 124 23 116 141 68 30 24 34 38 23 46 52 324 969 95 61 2234 24 24 22 164 33 35 11936 81 142
internal_value=9.92188e-07 -0.00321803 -0.0221673 -0.0321117 -0.0569072 -0.0136921 0.0137163 -0.0389279 0.000538943 0.025723 -0.0183057 0.0601203 -0.0257177 -0.127084 0.0346933 0.0587574 0.000795586 0.00596204 -0.0259181 0.00825873 0.00259589 -0.0547846 0.0193971 0.0836239 0.0167895 -0.00227837 0.0372049 -0.000756462 -0.0184865 -0.0264847
internal_weight=20240 4007 663 549 234 315 151 164 3344 114 50 64 162 72 166 98 16233 3750 252 3498 2319 85 1179 46 1133 157 68 12483 547 466
internal_count=20240 4007 663 549 234 315 151 164 3344 114 50 64 162 72 166 98 16233 3750 252 3498 2319 85 1179 46 1133 157 68 12483 547 466
is_linear=0
shrinkage=0.05


Tree=184
num_leaves=31
num_cat=1
split_feature=27 13 43 29 50 42 22 24 13 41 22 43 22 25 25 29 45 29 42 43 45 30 29 29 25 24 44 28 47 27
split_gain=20.6768 29.0303 86.2158 87.7081 75.5924 128.483 54.2451 119.369 113.619 84.3996 125.043 53.0364 51.2844 49.8889 64.3585 68.0657 77.076 59.3473 100.219 85.5687 39.3956 35.968 24.9802 39.2552 146.28 38.9526 34.6571 22.0127 21.2274 18.8464
threshold=0.21180707623942099 67.500000000000014 24.500000000000004 5.0534938663273001 0 163.07142857142858 34.145833333333336 25.092261904761909 323.50000000000006 147.50000000000003 29.062500000000004 23.357142857142858 29.770833333333339 5.7165824815765598 1.1577750689236344 2.5757725966032323 11.500000000000002 2.3207241689741012 172.07142857142858 24.071428571428573 20.500000000000004 0.30357142857142866 0.59368183980503308 1.0190186372141459 0.18898223650461268 9.9017857142857153 1.0000000180025095e-35 18.021527777777781 0.87500000000000011 0.094818614753243533
decision_type=2 2 2 2 1 2 2 2 2 2 2 2 2 2 2 2 2 2 2 2 2 2 2 2 2 2 2 2 2 2
left_child=22 13 6 4 5 -4 9 -8 -9 11 -11 -3 -6 14 15 20 -17 18 -16 -19 -2 -15 28 24 25 -24 -25 -28 -1 -27
right_child=1 2 3 -5 12 -7 7 8 -10 10 -12 -13 -14 21 17 16 -18 19 -20 -21 -22 -23 23 26 -26 29 27 -29 -30 -31
leaf_value=-0.039939181646332145 0.00062214972625119873 -0.00071121643842984828 -0.12588784080979074 -0.10507928680007657 0.018001512952541817 -0.018317697939092239 0.064189197272062307 -0.052060076263939548 0.034810132961323924 0.0078956870133200362 0.061050912034511566 0.036973337461042442 -0.028688226900594211 -0.092978465997359983 0.0094264383463144134 -0.0037500357080716643 -0.089147821582025957 0.010805061132577657 -0.054476365923053695 0.044681035603870663 0.052825226252143448 -0.0044689357901612917 -0.075924359246114792 0.0079500355648699107 -0.13360148690640927 -0.030372605920941473 -0.015779458528367787 -0.072765145059674977 0.00092537985516688223 0.0077422607082407923
leaf_weight=33 1556 13836 38 30 160 103 35 189 47 963 125 94 93 22 415 64 45 570 72 277 37 24 22 222 30 48 111 20 859 100
leaf_count=33 1556 13836 38 30 160 103 35 189 47 963 125 94 93 22 415 64 45 570 72 277 37 24 22 222 30 48 111 20 859 100
internal_value=9.42563e-07 0.000444061 -0.000426223 -0.0226665 -0.0163914 -0.0441752 0.000190553 -0.0219803 -0.0347597 0.000590625 0.0140027 -0.00045692 0.000806985 0.00488104 0.00566408 -0.000780879 -0.039006 0.013887 -2.12042e-05 0.0218837 0.00183465 -0.0467996 -0.00576266 -0.014112 -0.0318102 -0.013847 -0.00408474 -0.0244796 -0.000586426 -0.00461932
internal_weight=20240 18795 15713 424 394 141 15289 271 236 15018 1088 13930 253 3082 3036 1702 109 1334 487 847 1593 46 1445 553 200 170 353 131 892 148
internal_count=20240 18795 15713 424 394 141 15289 271 236 15018 1088 13930 253 3082 3036 1702 109 1334 487 847 1593 46 1445 553 200 170 353 131 892 148
cat_boundaries=0 1
cat_threshold=81
is_linear=0
shrinkage=0.05


Tree=185
num_leaves=31
num_cat=1
split_feature=37 45 16 1 25 20 29 29 13 25 37 26 42 29 42 45 29 26 1 43 26 42 30 29 49 45 42 7 25 44
split_gain=20.5056 20.6287 53.2276 51.1695 68.4284 92.7961 72.144 67.4474 124.541 90.9331 50.0502 98.4966 124.381 93.5435 89.7465 67.59 66.3763 51.3502 43.7239 58.7412 79.2381 45.7157 43.7465 148.346 62.6141 36.3196 60.295 78.7384 34.6829 45.2079
threshold=127.40000000000002 13.500000000000002 -0.56174490092936669 27.937500000000004 1.4788103191829709 27.520833333333339 3.8295094785806407 3.9383424623012906 66.500000000000014 2.7939238009117249 88.037500000000009 14.671130952380954 80.500000000000014 2.9460555820071201 76.642857142857153 4.5000000000000009 0.91513335940180995 12.936011904761907 41.562500000000007 10.500000000000002 22.458333333333336 62.071428571428577 0.023809523809523808 3.7904492844293762 0 33.500000000000007 87.500000000000014 0.35168850806451618 3.9488399104620719 6.5000000000000009
decision_type=2 2 2 2 2 2 2 2 2 2 2 2 2 2 2 2 2 2 2 2 2 2 2 2 1 2 2 2 2 2
left_child=1 10 25 4 6 -6 -4 8 -5 -9 18 14 13 -13 16 -14 -12 -16 22 21 -21 -20 23 -1 -24 28 -27 -28 29 -3
right_child=-2 2 3 7 5 -7 -8 9 -10 -11 11 12 15 -15 17 -17 -18 -19 19 20 -22 -23 24 -25 -26 26 27 -29 -30 -31
leaf_value=0.0016718183826782253 0.034901324349145099 0.0083287536655878326 0.00041568256367293494 0.020149841927590648 0.026640649212885094 -0.037136908965476327 -0.082459310552588219 0.019286287763105359 -0.034369856045053056 -0.0085700218120134449 -0.039352534824380808 -0.11698179421456237 -0.060677772600643547 -0.010160093061858789 0.0069424025211512908 -0.0090356990413662675 -0.0056552458658533714 0.049479157369858473 -0.029516260460019112 0.028901218420873256 -0.072036485746502885 -0.13093633949756622 0.0018185572962272228 0.034247657542530084 -0.0069926241107183184 -0.038555295020341877 0.02985913362871442 0.13794023536823014 0.024611007442016768 -0.024436418016751608
leaf_weight=2816 42 858 958 140 524 64 27 423 416 953 168 57 72 32 785 528 1123 78 25 59 29 20 6154 399 2987 21 72 22 268 120
leaf_count=2816 42 858 958 140 524 64 27 423 416 953 168 57 72 32 785 528 1123 78 25 59 29 20 6154 399 2987 21 72 22 268 120
internal_value=8.95424e-07 -7.1677e-05 0.00276471 -0.000493938 0.00620137 0.0196989 -0.00185602 -0.00594514 -0.0206419 -6.63595e-06 -0.000971877 -0.00695942 -0.0234147 -0.078574 -0.00169587 -0.0152327 -0.0100403 0.010787 0.000391131 -0.0281242 -0.00436234 -0.0745919 0.00069807 0.00571467 -0.00106633 0.0111567 0.0380424 0.0551547 0.00867532 0.00430849
internal_weight=20240 20198 4866 3505 1573 588 985 1932 556 1376 15332 2843 689 89 2154 600 1291 863 12489 133 88 45 12356 3215 9141 1361 115 94 1246 978
internal_count=20240 20198 4866 3505 1573 588 985 1932 556 1376 15332 2843 689 89 2154 600 1291 863 12489 133 88 45 12356 3215 9141 1361 115 94 1246 978
cat_boundaries=0 1
cat_threshold=25
is_linear=0
shrinkage=0.05


Tree=186
num_leaves=31
num_cat=0
split_feature=37 18 22 30 13 38 27 37 45 45 48 45 24 28 35 42 20 28 21 0 42 18 43 43 22 27 24 24 27 29
split_gain=20.3343 70.0411 80.5827 53.1903 27.0015 25.408 25.1822 21.1588 65.4162 81.1288 75.7567 46.628 114.774 95.189 83.7359 95.6051 68.338 108.999 52.5834 45.0184 55.7395 42.9467 40.001 36.3741 45.6079 36.3591 32.4901 31.2188 20.6694 17.8429
threshold=105.67500000000003 -0.5 17.562500000000004 0.50892857142857173 151.50000000000003 60.500000000000007 1.3162412519250164 84.637500000000017 30.500000000000004 35.500000000000007 0.94642857142857151 9.5000000000000018 19.830357142857149 22.409027777777784 2.5000000000000004 57.642857142857146 19.354166666666668 14.492361111111114 27.812500000000004 20.645833333333339 95.928571428571445 -0.24999999999999994 5.3571428571428585 28.928571428571434 34.687500000000007 4.0464679393793643 14.020833333333334 9.7529761904761916 2.4496727668710849 2.5757725966032323
decision_type=2 2 2 2 2 2 2 2 2 2 2 2 2 2 2 2 2 2 2 2 2 2 2 2 2 2 2 2 2 2
left_child=7 2 4 5 -2 -3 -6 8 22 19 -11 12 16 -14 26 27 17 -9 -17 20 -10 -21 -1 24 -24 -15 29 -16 -18 -13
right_child=1 3 -4 -5 6 -7 -8 11 9 10 -12 14 13 25 15 18 28 -19 -20 21 -22 -23 23 -25 -26 -27 -28 -29 -30 -31
leaf_value=-0.055330724781379105 0.039677490641619885 0.0057654711976647382 -0.098928844556212425 0.0093218986474561932 0.014877802949576153 0.069667142363531262 -0.063516464680433274 -0.0038052932105743613 0.042200185265392071 -0.057726640677129903 0.049192723402132599 0.02019944919667482 -0.16269004553556443 -0.075903364031442586 -0.014239618723236381 0.0014254824840132755 0.022050387231366975 -0.040956366801793133 -0.015113970854861138 0.076909674963225497 0.1499610439563791 -0.017762383822351693 0.00075746713944493992 0.023969302634661401 -0.020677640780497331 0.0046739221949662476 0.081646094899624599 -0.089207065493867893 0.082295283605344605 -0.0084510868370172489
leaf_weight=32 29 20 27 204 21 70 20 1722 24 37 30 440 20 28 21 3034 35 223 571 23 24 25 12967 165 253 28 20 41 24 62
leaf_count=32 29 20 27 204 21 70 20 1722 24 37 30 440 20 28 21 3034 35 223 571 23 24 25 12967 165 253 28 20 41 24 62
internal_value=7.22851e-07 0.0112925 -0.0255498 0.0234479 0.0027536 0.0554668 -0.0233633 -0.00022171 0.000887453 0.032372 -0.0098523 -0.0026244 -0.00874392 -0.0690556 0.000414186 -0.00225298 -0.00645665 -0.00806477 -0.00119422 0.061841 0.0960806 0.0276013 0.000504955 0.000638444 0.000347249 -0.0356147 0.0191508 -0.0638149 0.0465568 0.0166609
internal_weight=20240 391 97 294 70 90 41 19849 13580 163 67 6269 2080 76 4189 3667 2004 1945 3605 96 48 48 13417 13385 13220 56 522 62 59 502
internal_count=20240 391 97 294 70 90 41 19849 13580 163 67 6269 2080 76 4189 3667 2004 1945 3605 96 48 48 13417 13385 13220 56 522 62 59 502
is_linear=0
shrinkage=0.05


Tree=187
num_leaves=31
num_cat=1
split_feature=37 28 6 1 13 25 25 22 28 38 23 28 13 37 4 12 27 28 37 27 23 43 30 25 29 1 37 18 28 49
split_gain=20.7344 106.439 173.493 98.5124 91.9575 78.802 100.318 106.134 100.253 71.5213 59.7484 53.9066 52.9172 75.4759 47.7416 79.7394 47.5082 63.2606 46.4717 87.0612 89.3359 86.6066 90.3419 174.282 112.055 82.9314 110.172 80.3269 173.266 90.9797
threshold=55.562500000000007 19.583333333333339 0.69654930475826016 20.166666666666668 193.50000000000003 2.2113728671422552 2.498478362172706 8.5208333333333339 14.389583333333336 121.50000000000001 33.895833333333336 25.220833333333335 327.50000000000006 54.712500000000006 0.10416666666666667 6.5000000000000009 2.6848419345157071 13.07291666666667 66.662500000000009 2.0818046114366235 37.104166666666679 9.9285714285714306 0.0059523809523809408 1.5995152622198006 2.512922374771013 16.229166666666668 58.312500000000007 -0.9330127018922193 10.043055555555556 0
decision_type=2 2 2 2 2 2 2 2 2 2 2 2 2 2 2 2 2 2 2 2 2 2 2 2 2 2 2 2 2 1
left_child=1 3 4 5 9 16 8 -8 -7 11 12 -3 13 -4 15 -5 -1 -18 19 21 27 25 23 -23 -24 -2 -27 28 -21 -29
right_child=18 2 10 14 -6 6 7 -9 -10 -11 -12 -13 -14 -15 -16 -17 17 -19 -20 20 -22 22 24 -25 -26 26 -28 29 -30 -31
leaf_value=-0.001263119822401214 -0.0073118074438725811 -0.066744544700934341 -0.011751301319378874 0.12605659710243344 -0.16212730238007175 -0.036712191051783714 -0.095130786212394014 0.0032981793965997271 -0.16231350942204398 -0.11264169116250494 0.037268828777749029 0.038339906639379001 0.042168090575271183 -0.099892385078198989 0.01337582035297432 0.020739013092910374 0.092198522482067349 -0.0026561192356241055 -0.0012589627481855085 -0.11602080559686703 -0.040491713350638753 0.0119136012880735 0.0038020564909264625 0.172976923530752 -0.02797148597099134 -0.11240384555063571 -0.019145638573868778 0.024922300183327195 0.0013000662579480779 0.005512318188137964
leaf_weight=3151 268 26 92 32 27 47 32 190 24 33 61 23 27 33 97 41 32 39 10210 34 84 71 2226 22 317 52 81 1231 423 1214
leaf_count=3151 268 26 92 32 27 47 32 190 24 33 61 23 27 33 97 41 32 39 10210 34 84 71 2226 22 317 52 81 1231 423 1214
internal_value=6.8668e-07 -0.00322038 -0.0307882 -0.000811476 -0.0820931 -0.00260935 -0.0274353 -0.0108898 -0.079169 -0.0557404 -0.00453348 -0.0174192 -0.0213094 -0.0350205 0.0363621 0.0669056 -0.000351746 0.0400953 0.000795785 0.00427893 0.0103414 -0.00168179 0.00161145 0.0500146 -0.000158704 -0.0233301 -0.0556075 0.0118128 -0.0074284 0.0154093
internal_weight=20240 4007 322 3685 109 3515 293 222 71 82 213 49 152 125 170 73 3222 71 16233 6023 2986 3037 2636 93 2543 401 133 2902 457 2445
internal_count=20240 4007 322 3685 109 3515 293 222 71 82 213 49 152 125 170 73 3222 71 16233 6023 2986 3037 2636 93 2543 401 133 2902 457 2445
cat_boundaries=0 1
cat_threshold=20
is_linear=0
shrinkage=0.05


Tree=188
num_leaves=31
num_cat=0
split_feature=37 6 22 0 27 29 25 25 45 37 45 23 24 26 25 48 42 40 0 1 26 42 27 26 0 22 22 28 26 23
split_gain=20.4972 51.1867 48.16 65.7414 63.245 46.6558 38.6057 53.7372 35.2452 34.6301 55.4641 100.816 91.255 95.5949 83.6738 69.2511 76.4764 75.5367 64.9683 54.9451 79.3907 63.7339 50.3194 47.257 74.5513 42.4091 42.23 40.4255 63.9845 33.0747
threshold=99.71250000000002 0.47961233985980184 27.354166666666668 31.062500000000004 4.2588928668237651 4.0714114104069283 2.854438203388225 2.155898915048557 20.500000000000004 92.125000000000014 24.500000000000004 19.770833333333339 26.377976190476193 25.569940476190482 3.0023207439404311 0.94642857142857151 169.57142857142858 25.500000000000004 20.020833333333339 57.812500000000007 23.686011904761909 97.071428571428584 6.9749007820073157 19.662202380952383 20.895833333333339 37.770833333333336 34.687500000000007 23.031250000000004 20.343750000000004 28.437500000000004
decision_type=2 2 2 2 2 2 2 2 2 2 2 2 2 2 2 2 2 2 2 2 2 2 2 2 2 2 2 2 2 2
left_child=9 5 3 6 8 -2 7 -3 -4 19 12 27 13 18 -15 17 -17 -14 -11 22 -21 -22 25 -13 -25 26 -1 28 -12 -6
right_child=1 2 4 -5 29 -7 -8 -9 -10 10 11 23 15 14 -16 16 -18 -19 -20 20 21 -23 -24 24 -26 -27 -28 -29 -30 -31
leaf_value=0.00046827927352680434 -0.078359138818147281 0.0080703691435254823 0.039194252649469984 -0.076782997806246089 0.024838715164611738 0.0024201118005200838 0.043035770515384882 -0.034365187710855248 0.10504045464719336 -0.0046313700954005105 -0.0037673176176125007 0.089816254309632568 -0.041177454147266576 0.13101985146817954 0.011868552690962465 -0.029816647094442175 0.069768602835635338 -0.12933089508442208 -0.043315893226950355 0.1281943456083536 0.054328001049746361 -0.054276369190351531 -0.052650770629859636 -0.057061489488114604 0.038968895958532812 0.048235707551888801 -0.020318469496334965 0.015851847466194269 -0.10804071181586811 -0.056976275713670824
leaf_weight=16539 33 827 63 24 30 39 69 82 30 1353 31 33 101 23 41 98 24 32 118 20 35 22 45 24 128 46 248 33 28 21
leaf_count=16539 33 827 63 24 30 39 69 82 30 1353 31 33 101 23 41 98 24 32 118 20 35 22 45 24 128 46 248 33 28 21
internal_value=1.40417e-06 0.00628947 0.00885867 0.00497298 0.0358966 -0.0346037 0.00697926 0.0042423 0.060435 -0.000401228 -0.00651131 0.0143093 -0.00973327 -0.00513189 0.0546886 -0.0374318 -0.0102261 -0.0623873 -0.00773455 0.000343659 0.0424842 0.0124105 0.000151407 0.035581 0.0238062 0.000292564 0.00016119 -0.0284654 -0.053253 -0.00884981
internal_weight=20240 1218 1146 1002 144 72 978 909 93 19022 2067 277 1790 1535 64 255 122 133 1471 16955 77 57 16878 185 152 16833 16787 92 59 51
internal_count=20240 1218 1146 1002 144 72 978 909 93 19022 2067 277 1790 1535 64 255 122 133 1471 16955 77 57 16878 185 152 16833 16787 92 59 51
is_linear=0
shrinkage=0.05


Tree=189
num_leaves=31
num_cat=1
split_feature=13 25 23 35 35 49 42 45 20 27 48 13 24 35 48 29 35 37 13 6 29 45 29 22 42 29 27 1 27 29
split_gain=20.3829 55.259 68.9341 241.783 61.3392 39.7196 77.3103 64.2905 43.497 50.9979 38.1996 36.0107 67.9814 94.8459 48.7357 34.6302 38.7288 28.6047 64.3175 48.3514 46.0212 39.9135 37.8795 34.5892 173.349 150.78 42.922 39.5035 86.8813 59.3313
threshold=317.50000000000006 3.688203345172766 33.479166666666679 9.7857142857142865 5.7857142857142865 0 76.214285714285737 4.5000000000000009 22.812500000000004 2.2819035253859306 0.94642857142857151 311.50000000000006 13.681547619047622 6.0714285714285721 0.94642857142857151 4.9935732012093332 4.9285714285714297 99.71250000000002 279.50000000000006 0.47961233985980184 4.0714114104069283 5.5000000000000009 3.985737834075159 34.687500000000007 160.57142857142858 3.5838080523663769 3.639433783520289 34.770833333333336 2.890712293763396 3.4712697442458205
decision_type=2 2 2 2 2 1 2 2 2 2 2 2 2 2 2 2 2 2 2 2 2 2 2 2 2 2 2 2 2 2
left_child=11 2 5 -4 15 8 -7 -8 9 -2 -6 17 -13 -14 -15 16 -3 23 19 20 -19 -21 -20 27 25 -25 -26 29 -29 -1
right_child=1 4 3 -5 10 6 7 -9 -10 -11 -12 12 13 14 -16 -17 -18 18 22 21 -22 -23 -24 24 26 -27 -28 28 -30 -31
leaf_value=-8.6291897796448287e-05 0.0095907549917882626 0.025212064961140809 -0.15575389182238186 0.070456152090004512 0.02410447015068852 -0.07157252423184661 -0.011716114688339961 0.014072907156854247 -0.033712228768049406 0.04476345997555034 0.09041925688673344 0.0064125541918224008 -0.11447072690352798 -0.069225380890842139 0.01139847662932468 0.048634951999216969 -0.063438586032550245 -0.080220742814708507 0.026374309333706544 -0.014469329015178195 0.0011617745395357672 0.011799628431731954 0.098474336222366066 -0.15871485091488938 0.028992563702747332 -0.031775586037657975 -0.035150320269167423 0.029731621709581477 0.0013811361666799798 -0.0094627043793562831
leaf_weight=12812 566 22 27 21 39 39 522 450 47 126 49 122 36 29 53 24 28 32 56 177 38 790 27 29 141 121 32 329 1513 1943
leaf_count=12812 566 22 27 21 39 39 522 450 47 126 49 122 36 29 53 24 28 32 56 177 38 790 27 29 141 121 32 329 1513 1943
internal_value=1.33395e-06 0.00484705 0.00232702 -0.056787 0.0328163 0.00394843 -0.00252138 0.000223247 0.0126623 0.015995 0.0610297 -0.000518229 -0.0197585 -0.0468166 -0.0171148 -0.000734813 -0.0244323 -0.000262261 0.00747633 0.00408652 -0.0360417 0.00699135 0.0498285 -0.000774508 -0.0169797 -0.0563172 0.017128 -0.000459134 0.00644482 -0.00132102
internal_weight=20240 1960 1798 48 162 1750 1011 972 739 692 88 18280 240 118 82 74 50 18040 1120 1037 70 967 83 16920 323 150 173 16597 1842 14755
internal_count=20240 1960 1798 48 162 1750 1011 972 739 692 88 18280 240 118 82 74 50 18040 1120 1037 70 967 83 16920 323 150 173 16597 1842 14755
cat_boundaries=0 1
cat_threshold=18
is_linear=0
shrinkage=0.05


Tree=190
num_leaves=31
num_cat=3
split_feature=29 14 13 42 50 27 14 42 6 43 13 20 25 42 36 43 36 50 23 20 24 27 26 0 13 20 50 43 37 17
split_gain=19.9982 36.6644 66.9671 71.7388 133.076 231.359 185.542 73.1868 130.462 97.6612 68.8586 86.5155 102.225 94.59 53.35 65.3893 166.62 64.433 58.7085 57.1089 107.485 93.6677 49.915 186.876 164.747 25.1487 24.085 49.3047 49.9056 31.1586
threshold=1.1543271743872061 20.500000000000004 237.50000000000003 113.07142857142858 0 3.6072209225176048 25.500000000000004 91.214285714285737 0.82408915430088081 9.5000000000000018 243.50000000000003 15.47916666666667 2.3883120380793579 82.785714285714292 0.92857142857142871 9.9285714285714306 3.9285714285714293 1 15.437500000000002 16.770833333333339 22.401785714285719 4.7499547787569325 24.047619047619055 27.354166666666668 293.50000000000006 4.2708333333333348 2 10.928571428571431 93.277083333333351 0.93301270189221952
decision_type=2 2 2 2 1 2 2 2 2 2 2 2 2 2 2 2 2 1 2 2 2 2 2 2 2 2 1 2 2 2
left_child=26 14 3 7 5 -5 -6 9 -9 -3 11 13 -13 -4 25 16 17 -16 -18 20 -17 -21 23 -12 -24 -2 27 28 -1 -29
right_child=1 2 10 4 6 -7 -8 8 -10 -11 22 12 -14 -15 15 19 18 -19 -20 21 -22 -23 24 -25 -26 -27 -28 29 -30 -31
leaf_value=-0.018767201468604163 0.00034049851198991141 0.0036187550289354638 0.035983579263392122 -0.12130302733153497 0.046414317547275527 -0.018533937743246052 -0.052165668586698868 0.023374697426951457 -0.020723087358593691 -0.014028946534796114 0.0024763227260950092 0.0075684581484113424 0.13419489183689695 -0.055123555283062169 0.014148348066260788 0.010339859379205098 -0.041557807737747983 -0.01860981504843735 -0.11905152345629964 0.0042590358125467213 0.12400877108531339 -0.021263552075116963 -0.053879189187735092 0.072370740957558161 0.0050581246255843463 0.054405147793065559 -0.0009512451527495568 -0.010096354334911501 -0.085897205953829381 0.01209586768219357
leaf_weight=102 30 1367 99 76 123 196 78 568 238 1838 2812 28 37 40 325 2153 72 262 37 2730 21 414 163 99 435 76 4875 704 38 204
leaf_count=102 30 1367 99 76 123 196 78 568 238 1838 2812 28 37 40 325 2153 72 262 37 2730 21 414 163 99 435 76 4875 704 38 204
internal_value=1.26728e-06 0.00101216 -0.00117416 -0.00528664 -0.0237033 -0.0455733 0.0077727 -0.00311484 0.0103533 -0.00650183 0.00379226 0.0320322 0.0796481 0.0097657 0.00394048 0.0033207 -0.0110909 -0.000548847 -0.067863 0.00520684 0.0114379 0.000898237 0.0021505 0.00485336 -0.0110067 0.0391038 -0.00244225 -0.00928036 -0.0369882 -0.00511044
internal_weight=20240 14317 8197 4484 473 272 201 4011 806 3205 3713 204 65 139 6120 6014 696 587 109 5318 2174 3144 3509 2911 598 106 5923 1048 140 908
internal_count=20240 14317 8197 4484 473 272 201 4011 806 3205 3713 204 65 139 6120 6014 696 587 109 5318 2174 3144 3509 2911 598 106 5923 1048 140 908
cat_boundaries=0 1 2 3
cat_threshold=197 105 132
is_linear=0
shrinkage=0.05


Tree=191
num_leaves=25
num_cat=1
split_feature=45 13 50 36 42 28 24 0 1 26 43 13 28 1 45 29 29 29 45 1 28 29 27 30
split_gain=19.7681 18.4335 50.4246 59.4919 53.221 47.4009 165.534 53.6828 37.7654 60.8961 38.6904 32.8472 62.4275 82.3875 65.5235 25.81 51.112 114.052 54.1781 28.7154 140.072 21.8179 16.2445 4.19546
threshold=44.500000000000007 317.50000000000006 0 5.0714285714285721 64.214285714285737 30.954166666666669 31.696428571428573 32.895833333333336 37.895833333333336 24.864583333333339 16.642857142857149 311.50000000000006 12.265972222222222 17.770833333333339 8.5000000000000018 1.6370994398897849 3.373687276310998 3.9014947682245289 9.5000000000000018 16.729166666666668 15.299305555555557 1.1543271743872061 1.1506641395411981 0.99702380952380965
decision_type=2 2 1 2 2 2 2 2 2 2 2 2 2 2 2 2 2 2 2 2 2 2 2 2
left_child=1 11 4 8 -3 6 -6 -7 9 -4 -10 15 22 -14 -15 19 18 -18 -17 21 -21 -1 23 -13
right_child=-2 2 3 -5 5 7 -8 -9 10 -11 -12 12 13 14 -16 16 17 -19 -20 20 -22 -23 -24 -25
leaf_value=-0.0029508387526523926 0.04357098034368112 0.080568576204989639 -0.00091894453361038872 -0.081272414474127197 0.010678672783525741 0.098757118918001652 -0.1282454213635488 0.015923163106770451 0.082795782523372996 -0.057177760086807555 0.001240109269874114 -0.01037056666660916 -0.13520789738744496 0.012722353271225043 -0.063091050023049641 0.0014819745919157797 -0.015876606333326812 0.0022992919641106851 0.012188461941722361 -0.12180727460870036 -0.0068109779097688082 0.0038290082180627545 0.039511652663350105 0.016437404714524744
leaf_weight=4272 26 28 846 24 846 31 22 53 26 51 33 54 20 57 57 5013 1227 2910 1546 27 1376 1643 32 20
leaf_count=4272 26 28 846 24 846 31 22 53 26 51 33 54 20 57 57 5013 1227 2910 1546 27 1376 1643 32 20
internal_value=1.07023e-06 -5.4971e-05 0.00455289 -0.00348527 0.0124991 0.0106283 0.00715756 0.0464928 -0.00156891 -0.00411761 0.0371799 -0.000549734 -0.0189253 -0.0416058 -0.0251843 -0.000304917 0.00126055 -0.00309153 0.00400556 -0.00259301 -0.00902402 -0.00106761 0.00974632 -0.00312517
internal_weight=20240 20214 1960 980 980 952 868 84 956 897 59 18254 240 134 114 18014 10696 4137 6559 7318 1403 5915 106 74
internal_count=20240 20214 1960 980 980 952 868 84 956 897 59 18254 240 134 114 18014 10696 4137 6559 7318 1403 5915 106 74
cat_boundaries=0 1
cat_threshold=141
is_linear=0
shrinkage=0.05


Tree=192
num_leaves=28
num_cat=2
split_feature=41 21 35 41 35 48 43 13 36 37 29 51 20 43 14 48 29 50 0 13 36 37 25 43 29 6 37
split_gain=19.5473 43.7553 32.9457 27.2233 46.1944 40.7575 44.584 41.6767 47.7814 41.9155 27.9664 27.0335 25.4854 23.7044 82.097 69.2104 80.1239 54.8699 60.3879 52.0622 29.0255 22.1523 101.792 101.698 74.4966 60.2915 54.974
threshold=29.500000000000004 10.270833333333334 2.2142857142857149 42.500000000000007 5.2142857142857153 0.98214285714285732 6.6428571428571432 167.50000000000003 3.0714285714285716 92.812500000000014 1.7195965493288023 0 14.270833333333334 8.071428571428573 28.500000000000004 0.94642857142857151 3.7006237386048659 1 11.895833333333334 217.50000000000003 3.6428571428571437 55.562500000000007 1.9195651787294563 9.7857142857142865 2.7599771199359227 0.22377109317681587 59.912500000000009
decision_type=2 2 2 2 2 2 2 2 2 2 2 1 2 2 2 2 2 1 2 2 2 2 2 2 2 2 2
left_child=1 2 11 4 5 7 10 9 -9 -2 -7 -1 -8 14 17 19 -17 18 -5 -16 -19 22 24 -24 -15 -23 -27
right_child=3 -3 -4 13 -6 6 12 8 -10 -11 -12 -13 -14 21 15 16 -18 20 -20 -21 -22 25 23 -25 -26 26 -28
leaf_value=0.061362855427938956 0.0080420068157120404 0.06815699265091954 -0.051648014309731399 -0.017608255532789319 0.050384441498787173 0.0064069206509739162 -0.011364690208086302 -0.026633759213738745 -0.087094067818507925 -0.053602386731654406 0.081195178791880609 -0.013748946568928659 0.040339230617078455 -0.0014078979024063467 0.11166365329708372 0.022134818094473381 -0.07366395789819459 0.0018692269298790612 -0.10575867438067993 0.034930455812330667 0.062356227565379375 0.075387390498589321 0.032840036818556288 -0.029648716402982406 0.039608782917139651 0.0075829892155433792 -0.00072826135023212456
leaf_weight=23 130 34 22 102 31 25 286 161 41 35 25 25 26 2962 35 241 24 357 24 60 21 27 74 542 115 2369 12423
leaf_count=23 130 34 22 102 31 25 286 161 41 35 25 25 26 2962 35 241 24 357 24 60 21 27 74 542 115 2369 12423
internal_value=1.01673e-06 0.0216221 -0.00098049 -0.000110654 -0.00939346 -0.0119355 -3.15716e-05 -0.0236772 -0.0389054 -0.00503408 0.043801 0.0222421 -0.00705603 0.000253453 0.00834856 0.026585 0.0134587 -0.00467749 -0.0318695 0.0632006 0.00509483 -0.000124366 -0.00358912 -0.022142 0.000125062 0.000739076 0.00060282
internal_weight=20240 104 70 20136 760 729 362 367 202 165 50 48 312 19376 864 360 265 504 126 95 378 18512 3693 616 3077 14819 14792
internal_count=20240 104 70 20136 760 729 362 367 202 165 50 48 312 19376 864 360 265 504 126 95 378 18512 3693 616 3077 14819 14792
cat_boundaries=0 1 2
cat_threshold=4 68
is_linear=0
shrinkage=0.05


Tree=193
num_leaves=31
num_cat=1
split_feature=45 16 50 16 25 23 22 45 16 25 48 25 24 26 27 28 26 27 3 13 12 29 13 25 29 1 30 42 28 27
split_gain=19.3567 82.3831 66.7594 74.0556 62.7693 126.987 57.4185 55.0045 57.6611 56.5695 54.5628 80.9017 54.2782 49.9604 49.9284 47.1439 64.5322 60.6416 43.58 43.0852 93.3941 57.3184 41.0018 57.4977 65.8497 47.7283 74.6131 74.3647 69.8359 67.1967
threshold=5.5000000000000009 -0.56174490092936669 0 -0.22252093395631442 5.3471809925062139 26.812500000000004 34.812500000000007 3.5000000000000004 1.0000000180025095e-35 2.1001897431623955 0.98214285714285732 1.4915574014173612 35.559523809523817 33.949404761904766 5.7741237810269013 9.3034722222222239 9.8824404761904781 1.3290840575774352 2.4375000000000004 269.50000000000006 8.5000000000000018 2.5917712337403116 331.50000000000006 4.7519097569350643 5.5512514978644871 27.937500000000004 0.85714285714285732 166.92857142857147 32.813194444444449 3.8670294462557018
decision_type=2 2 1 2 2 2 2 2 2 2 2 2 2 2 2 2 2 2 2 2 2 2 2 2 2 2 2 2 2 2
left_child=2 12 3 6 14 -6 19 15 10 -10 -9 -12 13 -2 18 -4 -17 -18 -5 20 -1 -21 25 24 -24 29 27 -27 -28 -3
right_child=1 22 7 4 5 -7 -8 8 9 -11 11 -13 -14 -15 -16 16 17 -19 -20 21 -22 -23 23 -25 -26 26 28 -29 -30 -31
leaf_value=-0.0055685377867489864 0.008265375914474845 -0.0004841977487176454 0.016280192297772837 0.0035067438573107459 -0.016734476191385721 0.14275905106551365 -0.078120797155080024 -0.0045148898730611496 -0.0067353322201310411 -0.052489512309936495 -0.0015121996756407279 0.073485411034727652 0.069437145101579112 -0.062712052702903739 -0.075329604493454105 -0.098566503822803506 -0.051456390610607021 -0.010751967765991728 0.074046136167916388 -0.0039742070501639672 -0.047186697373481495 0.026585364783610101 0.016816007327383423 0.097991407755762344 -0.072866041975265194 -0.0090837983181438053 -0.12678921607136726 0.029527539542098913 -0.019187839799805692 0.032236422690344449
leaf_weight=2659 2991 4992 59 4630 26 24 27 311 228 96 79 66 36 25 20 33 145 248 22 457 142 231 294 20 22 1999 25 133 38 162
leaf_count=2659 2991 4992 59 4630 26 24 27 311 228 96 79 66 36 25 20 33 145 248 22 457 142 231 294 20 22 1999 25 133 38 162
internal_value=9.65872e-07 0.00145565 -0.00164262 7.06352e-06 0.00409779 0.0598224 -0.00548678 -0.0122887 -0.00416437 -0.0202921 0.00729483 0.0326246 0.00840553 0.00767704 0.00350142 -0.0256079 -0.0314093 -0.0257701 0.00384034 -0.00492469 -0.00767842 0.00628635 -0.0013044 0.0157758 0.0105723 -0.00208532 -0.00825978 -0.00667512 -0.0618868 0.000544273
internal_weight=20240 10737 9503 8238 4722 50 3516 1265 780 324 456 145 3052 3016 4672 485 426 393 4652 3489 2801 688 7685 336 316 7349 2195 2132 63 5154
internal_count=20240 10737 9503 8238 4722 50 3516 1265 780 324 456 145 3052 3016 4672 485 426 393 4652 3489 2801 688 7685 336 316 7349 2195 2132 63 5154
cat_boundaries=0 1
cat_threshold=30
is_linear=0
shrinkage=0.05


Tree=194
num_leaves=31
num_cat=2
split_feature=45 23 10 37 36 1 28 37 45 6 38 0 0 26 18 23 45 1 36 13 17 49 30 30 43 50 23 1 28 45
split_gain=18.1587 63.1945 75.4645 57.159 50.7084 86.0352 48.0005 37.7736 37.9812 34.1361 26.0514 24.4631 19.5048 185.322 99.9285 84.7183 136.643 82.0715 98.0875 95.6706 87.64 67.0094 97.3366 211.918 85.2334 67.5955 92.7974 62.6153 86.8108 53.4566
threshold=34.500000000000007 12.47916666666667 2.5000000000000004 87.71250000000002 3.5000000000000004 31.729166666666668 21.918750000000003 83.637500000000017 37.500000000000007 0.61916174883464614 121.50000000000001 26.062500000000004 22.104166666666668 17.638392857142861 -0.5 33.187500000000007 15.500000000000002 34.770833333333336 4.3571428571428585 281.50000000000006 0.93301270189221952 0 0.2916666666666668 0.21428571428571436 15.928571428571431 1 25.020833333333339 34.645833333333336 26.268750000000001 21.500000000000004
decision_type=2 2 2 2 2 2 2 2 2 2 2 2 2 2 2 2 2 2 2 2 2 1 2 2 2 1 2 2 2 2
left_child=12 -2 4 7 5 -3 -7 -4 -9 -5 -6 -11 15 14 -14 17 -17 27 20 -20 -19 22 23 -15 -24 26 -23 28 -1 -27
right_child=1 2 3 9 10 6 -8 8 -10 11 -12 -13 13 21 -16 16 -18 18 19 -21 -22 25 24 -25 -26 29 -28 -29 -30 -31
leaf_value=-6.6405438083635896e-06 0.093511284989389515 -0.12978637763077305 0.040378003683872524 0.093167081671325785 -0.012144033564254642 0.0058210772446921615 -0.083438597507774825 -0.082162838671356445 0.0094870304832091711 -0.0056776287926671408 0.06488213627820924 0.068217665693234827 -0.15983425925175351 0.005507150089924904 -0.036542872233050215 -0.11682361806987931 0.035568357383211451 0.0078209470590767695 0.05268370391782095 -0.035948909212435994 -0.096851163570369991 -0.07057667864194396 0.083601044404965186 0.073709170455883322 -0.0078662116950139385 -0.01744943161974696 0.032184818387031557 -0.063297868959414652 0.097202939572541613 0.0074991676629158777
leaf_weight=15787 22 21 32 38 23 61 20 20 26 24 21 21 27 793 42 38 24 419 234 35 21 102 26 133 1248 532 28 39 23 360
leaf_count=15787 22 21 32 38 23 61 20 20 26 24 21 21 27 793 42 38 24 419 234 35 21 102 26 133 1248 532 28 39 23 360
internal_value=9.17569e-07 0.0116517 0.00578557 0.0293923 -0.0202465 -0.0396 -0.0162183 -0.00133972 -0.0303607 0.058273 0.0246185 0.0288068 -0.000191595 -0.00370838 -0.0847873 0.00050478 -0.0578332 0.000723221 0.0173665 0.0411516 0.00282523 -0.00197205 0.00295343 0.0153029 -0.00599953 -0.0124816 -0.0449832 -2.13126e-05 0.000134778 -0.00729867
internal_weight=20240 329 307 161 146 102 81 78 46 83 44 45 19911 3291 69 16620 62 16558 709 269 440 3222 2200 926 1274 1022 130 15849 15810 892
internal_count=20240 329 307 161 146 102 81 78 46 83 44 45 19911 3291 69 16620 62 16558 709 269 440 3222 2200 926 1274 1022 130 15849 15810 892
cat_boundaries=0 1 2
cat_threshold=4 128
is_linear=0
shrinkage=0.05


Tree=195
num_leaves=13
num_cat=1
split_feature=32 37 24 38 38 28 38 31 45 16 50 39
split_gain=18.3689 28.7138 24.1531 30.6742 22.1816 43.3422 25.6707 23.7096 23.003 70.953 58.7049 19.5262
threshold=15.500000000000002 56.837500000000013 28.014880952380956 204.50000000000003 256.00000000000006 26.006944444444446 249.00000000000003 16.500000000000004 5.5000000000000009 1.0000000180025095e-35 0 67.500000000000014
decision_type=2 2 2 2 2 2 2 2 2 2 1 2
left_child=4 11 -3 -4 6 -6 7 8 10 -10 -1 -2
right_child=1 2 3 -5 5 -7 -8 -9 9 -11 -12 -13
leaf_value=-0.012579777663105514 0.026310914885252713 -0.0045885218260809787 0.10778106313198806 0.025417726945418578 0.010258876680232147 -0.070815364667214456 0.055236709007017673 -0.050809968874344358 0.0051300222122576651 -0.0031113525103793199 -0.00036533461903289432 -0.039971790738403797
leaf_weight=1107 20 20 20 26 34 32 21 23 6054 4593 8265 25
leaf_count=1107 20 20 20 26 34 32 21 23 6054 4593 8265 25
internal_value=8.71728e-07 0.020285 0.0412835 0.0612279 -0.000110984 -0.0290498 -1.57854e-05 -7.36789e-05 -1.53875e-05 0.00157478 -0.00182189 -0.0105128
internal_weight=20240 111 66 46 20129 66 20063 20042 20019 10647 9372 45
internal_count=20240 111 66 46 20129 66 20063 20042 20019 10647 9372 45
cat_boundaries=0 1
cat_threshold=161
is_linear=0
shrinkage=0.05


Tree=196
num_leaves=31
num_cat=4
split_feature=27 37 30 43 12 45 42 21 45 50 16 29 16 24 50 49 51 37 25 24 43 37 19 5 25 27 37 42 42 39
split_gain=18.1509 26.7986 24.9037 55.1622 46.9746 36.7796 36.2778 48.3667 31.2435 93.6394 82.8416 81.4533 74.5013 43.1962 41.3883 23.0781 47.6833 26.0516 25.1234 60.0734 29.3874 23.2695 22.5701 21.1377 19.7169 10.9526 20.6175 10.5332 29.3523 7.88003
threshold=0.21180707623942099 127.40000000000002 0.97321428571428592 11.071428571428573 5.5000000000000009 10.500000000000002 85.642857142857153 15.937500000000002 4.5000000000000009 0 -0.56174490092936669 3.3117260699530182 -0.22252093395631442 35.559523809523817 1 2 3 94.58750000000002 0.18898223650461268 17.824404761904766 11.785714285714286 99.71250000000002 1.0000000180025095e-35 0.89583333333333337 0.082335293338331797 0.085396617973192479 85.487500000000011 86.928571428571445 93.357142857142875 17.500000000000004
decision_type=2 2 2 2 2 2 2 2 2 1 2 2 2 2 1 1 1 2 2 2 2 2 2 2 2 2 2 2 2 2
left_child=15 2 8 4 5 -4 7 -5 9 11 14 -2 -11 -12 -10 18 24 25 20 -20 -1 -19 -8 -6 -17 29 -27 -22 -29 -18
right_child=1 -3 3 6 23 -7 22 -9 10 12 13 -13 -14 -15 -16 16 17 21 19 -21 27 -23 -24 -25 -26 26 -28 28 -30 -31
leaf_value=-0.056054005736396434 -0.014104700905824661 0.042362104739846765 -0.058160361152472376 0.015999241153595044 -0.029611194303965777 0.0061048164993764897 0.0052315144093052924 0.070931275218140841 0.016394962539094397 -0.0069458694937237836 -0.00082939412142129024 -0.066826483514159915 0.0036246182993287151 -0.03873161111933817 0.0038234061916780438 -0.10046321231871845 0.032048924267292021 -0.083308536754477594 0.0027984224135677023 -0.09961741367975871 0.029212326384507693 -0.015980845404732408 0.053273426622152335 0.020563789315852583 -0.031868972358378496 -0.0040028512133724412 -0.033994801387085882 -0.053047231244146009 0.0043382409109141342 0.00083706676038903204
leaf_weight=21 573 38 79 187 29 31 1106 51 1115 2914 6900 84 3895 76 1616 20 26 21 45 21 39 33 25 76 22 297 71 23 715 91
leaf_count=21 573 38 79 187 29 31 1106 51 1115 2914 6900 84 3895 76 1616 20 26 21 45 21 39 33 25 76 22 297 71 23 715 91
internal_value=5.08304e-07 0.000415679 0.000330699 0.00632951 -0.0172153 -0.0400493 0.0100272 0.0277704 -0.000222618 -0.00265441 0.00164776 -0.0205329 -0.000897841 -0.00124232 0.0090301 -0.00539958 -0.0129954 -0.00922056 -0.000139742 -0.0297884 0.00231065 -0.0421638 0.00629345 0.00670594 -0.0645329 -0.00555264 -0.00978934 0.00388808 0.0025498 0.00777304
internal_weight=20240 18795 18757 1584 215 110 1369 238 17173 7466 9707 657 6809 6976 2731 1445 581 539 864 66 798 54 1131 105 42 485 368 777 738 117
internal_count=20240 18795 18757 1584 215 110 1369 238 17173 7466 9707 657 6809 6976 2731 1445 581 539 864 66 798 54 1131 105 42 485 368 777 738 117
cat_boundaries=0 1 2 3 4
cat_threshold=161 33 24 1
is_linear=0
shrinkage=0.05


Tree=197
num_leaves=29
num_cat=1
split_feature=41 21 20 41 38 29 48 9 26 13 32 43 43 14 48 29 29 13 50 22 40 36 38 41 41 38 27 27
split_gain=17.8224 38.953 28.9342 23.7722 43.3309 45.7212 40.8517 50.3264 48.9366 46.607 43.0075 32.7198 22.2029 73.902 62.4555 72.4595 52.2099 46.7987 46.378 45.0823 19.812 23.2638 23.0105 38.3603 27.6992 10.8776 6.08757 11.8133
threshold=29.500000000000004 10.270833333333334 7.104166666666667 42.500000000000007 77.500000000000014 2.8032117447511311 0.98214285714285732 0.99747242647058831 12.563988095238097 193.50000000000003 1.0000000180025095e-35 6.6428571428571432 8.071428571428573 28.500000000000004 0.94642857142857151 3.7006237386048659 2.6441384440675644 217.50000000000003 0 10.895833333333334 3.5000000000000004 4.2142857142857153 56.500000000000007 49.500000000000007 56.500000000000007 43.500000000000007 1.5711482275174913 0.71594834421315767
decision_type=2 2 2 2 2 2 2 2 2 2 2 2 2 2 2 2 2 2 1 2 2 2 2 2 2 2 2 2
left_child=1 2 -1 4 6 26 7 10 11 -9 -2 -8 13 16 17 -16 18 -15 -5 -18 21 25 23 -22 -24 -14 27 -6
right_child=3 -3 -4 12 5 -7 8 9 -10 -11 -12 -13 20 14 15 -17 19 -19 -20 -21 22 -23 24 -25 -26 -27 -28 -29
leaf_value=0.02881909140483721 -0.059094624073159963 0.064553090283537617 -0.035710412496700886 -0.01191733650615604 -0.0033353642084972658 0.080517482427724954 0.045184180099518433 -0.027468429043889048 -0.058779335800896997 -0.10149189244855095 -0.004316004868651079 -0.0017342037989886549 -0.0031517517239112282 0.10610235763447627 0.021152876576899526 -0.069948807141433159 -0.0766847020103818 0.03335131987153242 0.020893794255275086 -0.0054003313936768702 0.010946282694280135 0.068271073734476453 -0.0077126284142847003 -0.0083766018391798029 0.00087415747270490221 0.032805481959473005 -0.017299522283988504 0.040395789965987208
leaf_weight=38 44 34 32 227 47 24 44 50 33 37 193 239 58 35 241 24 42 60 188 47 304 21 1000 1656 15440 33 26 23
leaf_count=38 44 34 32 227 47 24 44 50 33 37 193 239 58 35 241 24 42 60 188 47 304 21 1000 1656 15440 33 26 23
internal_value=9.82352e-07 0.0206461 -0.00068011 -0.000105647 -0.00878012 0.0187914 -0.0139498 -0.0264252 -0.00115851 -0.0589497 -0.0144859 0.00556053 0.000234598 0.00806912 0.0253715 0.0129022 -0.0042897 0.0601543 0.0031628 -0.0390401 -0.000131058 0.0208346 -0.000258675 -0.00537958 0.000351847 0.00988768 0.00335993 0.0110334
internal_weight=20240 104 70 20136 760 120 640 324 316 87 237 283 19376 864 360 265 504 95 415 89 18512 112 18400 1960 16440 91 96 70
internal_count=20240 104 70 20136 760 120 640 324 316 87 237 283 19376 864 360 265 504 95 415 89 18512 112 18400 1960 16440 91 96 70
cat_boundaries=0 1
cat_threshold=83
is_linear=0
shrinkage=0.05


Tree=198
num_leaves=31
num_cat=0
split_feature=35 37 37 28 7 1 39 43 25 25 23 37 42 36 4 12 37 27 23 43 30 14 1 36 22 27 20 43 28 45
split_gain=17.5794 33.3364 17.8241 92.9115 161.695 90.1415 87.4428 88.6185 66.2547 91.0174 55.7763 52.3642 50.9116 43.4389 41.957 69.8197 38.5645 78.4588 81.5741 78.0688 79.1959 70.7607 69.4039 67.307 128.1 124.976 100.984 73.4289 69.7903 63.3991
threshold=0.50000000000000011 61.987500000000004 55.562500000000007 19.583333333333339 0.3072084868959869 20.166666666666668 38.500000000000007 19.928571428571434 2.2113728671422552 2.498478362172706 33.187500000000007 54.712500000000006 143.92857142857147 7.5000000000000009 0.10416666666666667 6.5000000000000009 66.662500000000009 2.0818046114366235 37.104166666666679 9.9285714285714306 0.0059523809523809408 39.500000000000007 16.229166666666668 4.7857142857142865 14.395833333333334 2.1235158749970182 21.937500000000004 20.500000000000004 21.309722222222227 21.500000000000004
decision_type=2 2 2 2 2 2 2 2 2 2 2 2 2 2 2 2 2 2 2 2 2 2 2 2 2 2 2 2 2 2
left_child=1 -1 3 5 10 8 7 -6 13 -10 11 -5 -12 -2 15 -7 17 19 21 22 -21 -19 -4 27 25 -25 -26 28 -18 -29
right_child=2 -3 16 4 6 14 -8 -9 9 -11 12 -13 -14 -15 -16 -17 23 18 -20 20 -22 -23 -24 24 26 -27 -28 29 -30 -31
leaf_value=0.0072765847323462366 0.00033036943423166485 -0.079329943805933001 -0.0075309145922842881 -0.0031560802188786599 -0.084061751437598267 0.11887539073359221 -0.15716523012077366 0.037991840001195674 -0.074426398936554158 -0.0093894212930945714 0.098407727479934703 -0.069960677176713948 0.0044511316911033964 -0.053448480848026905 0.013343605429855819 0.020326081292260802 0.00040660224981229026 0.0074545609469397521 -0.038838667484621212 0.046753779966985029 -0.00022257365222900927 0.027677986238130666 -0.051795332102959314 -0.0035277075710750763 0.025233909461607446 -0.16616240852960834 -0.021530102683609584 0.0038824927544243329 -0.012208791123100353 0.030115087262319595
leaf_weight=25 3162 20 265 110 58 32 27 20 71 222 21 40 46 38 97 41 7176 2372 84 93 2543 529 133 21 152 27 480 697 1294 344
leaf_count=25 3162 20 265 110 58 32 27 20 71 222 21 40 46 38 97 41 7176 2372 84 93 2543 529 133 21 152 27 480 697 1294 344
internal_value=1.15503e-06 -0.0312152 7.07136e-05 -0.0029252 -0.0286754 -0.000661597 -0.0796115 -0.052766 -0.00239197 -0.0251492 -0.00402895 -0.0209706 0.0339002 -0.000308254 0.0348924 0.0635258 0.000807216 0.00398057 0.00973582 -0.00168173 0.00143479 0.0111423 -0.0223228 -0.00106703 -0.0162638 -0.0950097 -0.0102831 1.94816e-05 -0.00152071 0.0125511
internal_weight=20240 45 20195 3985 322 3663 105 78 3493 293 217 150 67 3200 170 73 16210 6019 2985 3034 2636 2901 398 10191 680 48 632 9511 8470 1041
internal_count=20240 45 20195 3985 322 3663 105 78 3493 293 217 150 67 3200 170 73 16210 6019 2985 3034 2636 2901 398 10191 680 48 632 9511 8470 1041
is_linear=0
shrinkage=0.05


Tree=199
num_leaves=25
num_cat=0
split_feature=43 13 36 41 43 13 22 21 35 28 35 36 37 41 41 29 5 37 7 24 37 4 37 25
split_gain=17.3448 46.3401 39.6518 54.9092 36.8149 60.7829 81.4355 37.076 83.5442 36.2895 35.9351 32.3777 31.909 31.267 107.442 99.1755 24.6586 23.7668 22.5176 21.246 17.9361 16.3827 11.2905 9.4586
threshold=28.928571428571434 36.500000000000007 11.357142857142859 243.50000000000003 27.071428571428573 43.500000000000007 24.729166666666668 34.562500000000007 12.357142857142859 35.146527777777784 12.071428571428573 5.2142857142857153 89.925000000000026 194.50000000000003 190.50000000000003 4.5772375432928021 0.97916666666666685 64.112500000000011 0.0023995209594629978 27.735119047619051 58.687500000000007 0.47916666666666669 58.687500000000007 1.1931690671426483
decision_type=2 2 2 2 2 2 2 2 2 2 2 2 2 2 2 2 2 2 2 2 2 2 2 2
left_child=4 20 3 11 9 6 -6 8 12 10 13 21 -7 14 -1 -15 -12 18 -9 -13 -2 -3 -18 -22
right_child=1 2 -4 -5 5 7 -8 17 -10 -11 16 19 -14 15 -16 -17 22 -19 -20 -21 23 -23 -24 -25
leaf_value=-1.1549280674404836e-05 0.0091355505665498115 -0.0009798801800405437 0.043317968858515521 -0.089114189859141005 -0.0092530203839907271 0.0041890930388035486 -0.13996023837138305 0.037776821780772435 -0.11565815370529892 -0.053096297965385023 0.075090795002877714 -0.065871578150174845 -0.049685199218136925 0.0025720573011209671 -0.069995410516858106 0.072221419549426971 0.033840066903541167 0.064264586257437861 -0.036353870108723645 0.0036167446777901867 0.031508831543297595 0.060039270330559127 -0.013642830791927518 0.072704919550175731
leaf_weight=19195 28 22 34 22 26 128 22 21 20 32 25 22 35 291 55 62 31 24 20 22 22 22 21 38
leaf_count=19195 28 22 34 22 26 128 22 21 20 32 25 22 35 291 55 62 31 24 20 22 22 22 21 38
internal_value=1.09725e-06 0.0135939 -0.00387501 -0.0184619 -0.000156516 -0.017659 -0.0691605 -0.00769095 -0.0192128 0.000106305 0.000192814 -0.000798861 -0.00737901 5.89073e-05 -0.000211503 0.0148051 0.0342833 0.0247475 0.00161551 -0.0311274 0.0421793 0.0295297 0.0146643 0.0575997
internal_weight=20240 232 144 110 20008 296 48 248 183 19712 19680 88 163 19603 19250 353 77 65 41 44 88 44 52 60
internal_count=20240 232 144 110 20008 296 48 248 183 19712 19680 88 163 19603 19250 353 77 65 41 44 88 44 52 60
is_linear=0
shrinkage=0.05


Tree=200
num_leaves=31
num_cat=1
split_feature=13 29 29 29 13 28 13 1 49 48 37 29 29 6 35 14 41 26 24 21 35 13 6 35 29 41 30 29 24 35
split_gain=17.4683 64.7389 92.7849 64.2493 75.0838 75.7173 59.9545 143.96 91.3468 87.2039 94.6968 57.0829 65.1603 54.9738 33.482 130.45 138.154 147.057 68.9106 66.8157 65.1005 143.61 120.429 48.5138 78.2291 44.4856 29.3024 25.3598 71.9881 10.4028
threshold=79.500000000000014 5.9402150625030243 5.5512514978644871 4.9001211263694486 14.500000000000002 24.78680555555556 87.500000000000014 41.770833333333336 0 0.87500000000000011 62.112500000000004 4.2829232393001426 2.3034398034305439 0.98218253968253977 9.7857142857142865 48.500000000000007 158.50000000000003 29.174107142857149 27.529761904761909 34.437500000000007 9.2142857142857171 111.50000000000001 0.78668203072255527 8.9285714285714306 4.429435768254681 147.50000000000003 0.63988095238095266 1.0711134782237612 16.026785714285719 6.0714285714285721
decision_type=2 2 2 2 2 2 2 2 1 2 2 2 2 2 2 2 2 2 2 2 2 2 2 2 2 2 2 2 2 2
left_child=1 2 3 11 -5 -6 7 8 27 -10 -11 12 -1 -13 20 16 17 -16 -17 -18 23 -22 -23 25 -25 -8 -20 29 -29 -2
right_child=6 -3 -4 4 5 -7 14 -9 9 10 -12 13 -14 -15 15 18 19 -19 26 -21 21 22 -24 24 -26 -27 -28 28 -30 -31
leaf_value=-0.00059917295080613167 -0.0076467964328115895 0.090271819276469101 -0.093781508803367622 -0.042002700082957749 0.090217171946451791 0.0078125753551721577 -0.00066065017337089017 -0.13861295086858066 0.048760014687265672 -0.0020129046523474532 -0.055215554687948455 -0.01472569773309366 0.013575829824378322 -0.095506088125209013 0.078221467975527051 -0.02798178208592747 -0.058656689672706985 -0.033205719018485728 0.099698092602193367 -0.15913442685490564 0.15496183860869636 -0.058525417726009325 0.050048985787843531 -0.09075951179685561 0.010043967534334232 0.010390918747071052 0.029658611544540955 0.058810742877776157 -0.033009924193223315 0.028840267316748699
leaf_weight=3216 105 21 25 25 63 50 13391 23 35 139 210 172 1084 24 40 28 78 114 32 21 21 39 74 38 39 977 28 74 30 24
leaf_count=3216 105 21 25 25 63 50 13391 23 35 139 210 172 1084 24 40 28 78 114 32 21 21 39 74 38 39 977 28 74 30 24
internal_value=1.0424e-06 0.00267942 0.00228461 0.00280288 0.0364076 0.053755 -0.000804538 -0.01579 -0.0112115 -0.0258083 -0.034026 0.00177142 0.00297425 -0.0246172 -0.000161729 -0.0156491 -0.0338879 -0.00426359 0.0367874 -0.0799701 0.000200518 0.0348905 0.0125764 -0.000121287 -0.0397032 9.08381e-05 0.067013 0.0133784 0.032324 -0.000858506
internal_weight=20240 4680 4659 4634 138 113 15560 640 617 384 349 4496 4300 196 14920 341 253 154 88 99 14579 134 113 14445 77 14368 60 233 104 129
internal_count=20240 4680 4659 4634 138 113 15560 640 617 384 349 4496 4300 196 14920 341 253 154 88 99 14579 134 113 14445 77 14368 60 233 104 129
cat_boundaries=0 1
cat_threshold=9
is_linear=0
shrinkage=0.05


Tree=201
num_leaves=18
num_cat=0
split_feature=27 22 27 43 6 6 26 13 3 45 24 24 27 44 43 29 23
split_gain=16.98 42.8961 28.7674 80.8985 71.0523 61.1215 58.503 35.6248 27.5932 25.7938 62.2529 115.763 67.5691 44.2467 53.6691 39.4324 20.3667
threshold=6.9749007820073157 17.145833333333339 6.1341084082564459 16.214285714285719 0.61916174883464614 0.69120576517459587 22.912202380952383 148.50000000000003 4.0833333333333348 25.500000000000004 16.985119047619051 13.681547619047622 3.6072209225176048 7.5000000000000009 17.357142857142858 5.4745539574070348 25.229166666666668
decision_type=2 2 2 2 2 2 2 2 2 2 2 2 2 2 2 2 2
left_child=2 -2 8 4 6 7 -4 -5 9 13 11 -11 -12 15 -15 -1 -3
right_child=1 16 3 5 -6 -7 -8 -9 -10 10 12 -13 -14 14 -16 -17 -18
leaf_value=8.5931569679970787e-05 0.026590218940483676 -0.085296783758246383 0.062125303318607619 0.071409410908818249 -0.095878325849771504 0.11042048926465214 -0.037466930440659151 -0.01663427652653169 -0.056041790079325443 -0.0371807238383388 -0.011811951712294742 0.055716864677502753 0.012753560719083963 -0.0021605732965837704 -0.062193957983981821 -0.015114215002832105 -0.021797000004776888
leaf_weight=18059 28 23 30 20 20 32 29 27 22 44 485 141 662 89 64 437 28
leaf_count=18059 28 23 30 20 20 32 29 27 22 44 485 141 662 89 64 437 28
internal_value=9.90284e-07 -0.0231344 9.16452e-05 0.0213428 -0.0144348 0.0571205 0.0131732 0.0208311 -7.62141e-05 -1.45934e-05 0.00670735 0.0336223 0.00236623 -0.000494706 -0.0272726 -0.000273198 -0.0504342
internal_weight=20240 79 20161 158 79 79 59 47 20003 19981 1332 185 1147 18649 153 18496 51
internal_count=20240 79 20161 158 79 79 59 47 20003 19981 1332 185 1147 18649 153 18496 51
is_linear=0
shrinkage=0.05


Tree=202
num_leaves=30
num_cat=1
split_feature=50 28 3 13 30 48 28 23 42 29 13 23 41 25 29 29 25 22 36 9 13 28 30 48 42 34 32 33 10
split_gain=16.8058 65.8482 59.7674 54.1564 50.12 98.5533 83.4027 101.769 78.5983 231.415 87.3142 70.3174 66.5224 58.8923 54.0015 114.167 71.8133 41.9398 63.1611 40.4709 37.3251 35.1485 114.116 101.188 90.6702 41.1386 38.3845 31.1084 24.7676
threshold=0 9.1486111111111139 2.6875000000000004 183.50000000000003 0.29761904761904773 0.87500000000000011 24.964583333333337 17.395833333333339 134.07142857142858 4.0714114104069283 315.50000000000006 8.1458333333333339 111.50000000000001 1.5087651751506208 5.6194567016410604 6.2148863899079885 6.3441714857175446 30.104166666666668 3.6428571428571437 0.99506886087768442 241.50000000000003 24.592361111111114 0.28571428571428586 0.91071428571428592 128.21428571428575 9.5000000000000018 8.5000000000000018 3.5000000000000004 2.5000000000000004
decision_type=1 2 2 2 2 2 2 2 2 2 2 2 2 2 2 2 2 2 2 2 2 2 2 2 2 2 2 2 2
left_child=1 3 17 -1 5 6 7 -3 10 -10 -7 13 -8 28 16 -16 -13 21 -19 -15 -5 25 23 -23 -24 26 -2 -27 -6
right_child=2 4 -4 20 11 8 12 -9 9 -11 -12 14 -14 19 15 -17 -18 18 -20 -21 -22 22 24 -25 -26 27 -28 -29 -30
leaf_value=-0.0024006307829876204 -0.0010035216844739604 -0.051003962803583637 -0.07715119341245065 0.10909239950900276 -0.044803419648087588 0.0035369248005707485 -0.013059021893944315 0.01645971128703369 -0.020291102273591065 0.059079545392791456 0.041471491710747065 -0.0010668695234458435 -0.081830790221087038 -0.035123729854822164 -0.10049448071145697 0.044771927737054379 0.087465891436390261 -0.088817824831451564 0.0044183552169646976 -0.13237538000811702 0.022528618550859393 0.026512604172934186 0.099254946969449531 -0.097546031119731758 -0.0087077754886091437 0.04100482195382938 0.0429209489999339 -0.016322792441614213 0.015267018011670458
leaf_weight=37 9469 77 26 33 32 3299 67 204 148 242 159 5566 74 20 38 21 23 34 39 23 20 22 21 65 263 100 50 31 37
leaf_count=37 9469 77 26 33 32 3299 67 204 148 242 159 5566 74 20 38 21 23 34 39 23 20 22 21 65 263 100 50 31 37
internal_value=9.40774e-07 0.001441 -0.00143912 0.04402 0.00106037 0.00516545 -0.0177724 -0.00202678 0.00768099 0.0289594 0.00528117 -0.00198281 -0.049152 -0.0412137 -0.00120486 -0.0487895 -0.000702537 -0.00124552 -0.0390067 -0.0871421 0.0764268 -0.000970445 -0.0160728 -0.0661749 -0.000724616 -0.000389826 -0.000772802 0.0274387 -0.0125917
internal_weight=20240 10120 10120 90 10030 4270 422 281 3848 390 3458 5760 141 112 5648 59 5589 10094 73 43 53 10021 371 87 284 9650 9519 131 69
internal_count=20240 10120 10120 90 10030 4270 422 281 3848 390 3458 5760 141 112 5648 59 5589 10094 73 43 53 10021 371 87 284 9650 9519 131 69
cat_boundaries=0 1
cat_threshold=45
is_linear=0
shrinkage=0.05


Tree=203
num_leaves=30
num_cat=0
split_feature=45 37 43 25 6 28 48 27 6 42 18 28 1 37 48 29 48 27 25 18 1 45 41 17 27 48 38 27 29
split_gain=16.7267 16.5189 46.2915 76.5516 65.0731 61.2246 45.3836 71.2886 80.6143 45.5614 52.2409 50.0905 43.265 38.1727 62.5819 86.4191 113.461 60.6313 96.2761 51.1577 50.8391 71.1438 76.6267 50.0351 40.9612 38.142 31.4355 22.0354 12.5011
threshold=44.500000000000007 98.625000000000014 17.642857142857149 4.1617381555335022 0.99298655517297929 31.427083333333339 0.98214285714285732 0.82920796614540693 0.64043513957307074 106.35714285714288 1.0000000180025095e-35 24.592361111111114 37.937500000000007 92.125000000000014 0.91071428571428592 5.1096455838367563 0.98214285714285732 3.6749543419285962 3.4593013215092285 -0.68301270189221952 57.812500000000007 22.500000000000004 89.500000000000014 0.93301270189221952 6.9749007820073157 0.98214285714285732 47.500000000000007 0.9612602619011742 6.0592846960489153
decision_type=2 2 2 2 2 2 2 2 2 2 2 2 2 2 2 2 2 2 2 2 2 2 2 2 2 2 2 2 2
left_child=1 13 6 4 5 -4 7 26 -9 11 -11 -8 -5 20 17 19 -17 23 -19 -16 24 -22 -23 -15 25 -1 -3 -6 -26
right_child=-2 2 3 12 27 -7 9 8 -10 10 -12 -13 -14 14 15 16 -18 18 -20 -21 21 22 -24 -25 28 -27 -28 -29 -30
leaf_value=0.0024612800556578157 0.040079253224226147 -0.088357604515146126 0.073263776929022001 -0.085501999051674549 0.025575287405601041 0.014797586466294605 0.014261997526316622 -0.035441539078442885 0.012559751663027131 -0.07478848490221747 0.027387832003560937 0.081628418434411293 0.013761865737892332 -0.019629881661326724 -0.020669318669415251 -0.012169770426193223 0.082771998620950263 -0.089282980077452487 -0.011197570535170351 0.00022551955108960663 -0.022753555980411226 0.14363496271164522 0.018347563938452646 0.045649302219195914 -0.019362079334400952 -0.0023130321424129313 -0.025117313667230873 -0.032257722980575637 -0.072186499236462018
leaf_weight=8960 26 22 107 23 28 77 344 110 427 29 22 30 21 159 432 61 65 77 81 910 28 23 26 36 21 7847 184 40 24
leaf_count=8960 26 22 107 23 28 77 344 110 427 29 22 30 21 159 432 61 65 77 81 910 28 23 26 36 21 7847 184 40 24
internal_value=8.93702e-07 -5.06566e-05 0.00506457 0.022726 0.0333509 0.0487969 0.000588731 -0.00686542 0.00272709 0.0136203 -0.0307124 0.0196657 -0.0381261 -0.000450053 -0.00732876 -0.00278345 0.0368081 -0.0262311 -0.0492519 -0.00650069 0.000289868 0.0408252 0.0771559 -0.00757834 0.000104654 0.000232207 -0.0318711 -0.00844413 -0.0475351
internal_weight=20240 20214 1464 296 252 184 1168 743 537 425 51 374 44 18750 1821 1468 126 353 158 1342 16929 77 49 195 16852 16807 206 68 45
internal_count=20240 20214 1464 296 252 184 1168 743 537 425 51 374 44 18750 1821 1468 126 353 158 1342 16929 77 49 195 16852 16807 206 68 45
is_linear=0
shrinkage=0.05


Tree=204
num_leaves=19
num_cat=0
split_feature=43 43 28 9 23 2 20 42 41 28 41 45 28 20 20 37 32 21
split_gain=16.1491 21.0136 64.106 38.5231 43.5616 47.7732 29.2176 25.0771 21.1484 43.6091 31.7397 49.3318 30.3139 20.7178 19.1426 18.7722 14.6902 9.45331
threshold=5.3571428571428585 6.9285714285714297 11.438888888888892 0.99016382868937058 10.645833333333334 16.500000000000004 8.5208333333333339 43.857142857142868 31.500000000000004 9.6562500000000018 42.500000000000007 15.500000000000002 10.984027777777778 7.104166666666667 6.8125000000000009 105.67500000000003 1.5000000000000002 5.1458333333333348
decision_type=2 2 2 2 2 2 2 2 2 2 2 2 2 2 2 2 2 2
left_child=14 2 3 16 5 -5 -6 -3 9 13 11 -10 -11 -9 -1 -12 17 -2
right_child=1 7 -4 4 6 -7 -8 8 10 12 15 -13 -14 -15 -16 -17 -18 -19
leaf_value=-0.061886148268113964 -0.010848344956306094 -0.051240540598519152 -0.050542405576102047 0.022978530623200724 -0.057355621910613525 0.076074003188737804 0.025276179923675958 0.014978861545903549 -0.015155581385799505 0.10272150771692395 -9.8211674050332435e-05 0.059646069841540389 0.024710340515682192 -0.050293763577938078 0.0013197282105684282 0.011244755822061111 -0.0433482148500237 0.027453510649502279
leaf_weight=23 49 24 38 174 23 56 20 31 529 20 18732 23 33 20 25 372 24 24
leaf_count=23 49 24 38 174 23 56 20 31 529 20 18732 23 33 20 25 372 24 24
internal_value=8.4903e-07 6.97094e-05 0.0113017 0.0176533 0.0272702 0.0359061 -0.0189222 -0.000161925 -9.98863e-05 0.0223879 -0.000218869 -0.0120388 0.0541485 -0.0106182 -0.0289664 0.000122663 -0.0094128 0.00174405
internal_weight=20240 20192 408 370 273 230 43 19784 19760 104 19656 552 53 51 48 19104 97 73
internal_count=20240 20192 408 370 273 230 43 19784 19760 104 19656 552 53 51 48 19104 97 73
is_linear=0
shrinkage=0.05


Tree=205
num_leaves=31
num_cat=3
split_feature=13 43 50 29 14 27 0 48 35 27 13 27 43 29 21 41 43 23 50 13 28 5 49 42 13 43 13 29 23 36
split_gain=15.935 66.3755 84.4342 66.4857 85.7854 63.641 57.982 104.571 95.8812 85.5271 61.9433 59.7949 55.4853 71.9673 54.0324 53.9002 55.2217 50.2866 49.8133 46.0402 106.656 161.581 67.1567 49.4026 157.877 70.4739 44.3649 41.5757 61.9426 41.5131
threshold=79.500000000000014 24.500000000000004 0 4.3286478471926673 13.500000000000002 1.5104644264569285 24.354166666666668 0.98214285714285732 5.9285714285714297 5.2495316171844673 49.500000000000007 4.6326193095419592 9.7857142857142865 1.3454924063197757 26.062500000000004 199.00000000000003 20.214285714285719 34.187500000000007 1 86.500000000000014 22.270833333333336 1.0000000180025095e-35 2 127.35714285714288 106.50000000000001 21.071428571428573 51.500000000000007 5.3454465379263052 24.020833333333339 3.2142857142857149
decision_type=2 2 1 2 2 2 2 2 2 2 2 2 2 2 2 2 2 2 1 2 2 2 1 2 2 2 2 2 2 2
left_child=5 15 -3 4 -4 12 9 11 17 27 -10 18 13 -1 -6 19 29 -9 -8 20 22 -22 -2 25 -25 -21 -13 28 -7 -17
right_child=1 2 3 -5 14 6 7 8 10 -11 -12 26 -14 -15 -16 16 -18 -19 -20 23 21 -23 -24 24 -26 -27 -28 -29 -30 -31
leaf_value=-0.0012038308576765386 0.012238934069644915 0.011139537566893939 -0.10209895956974764 -0.085123183758106027 -0.034157313878073338 0.011801366520077603 -0.0067442384468657636 -0.014389439923009681 -0.01054368336868643 0.10790436462685467 -0.070892887068736671 -0.067087224189584196 -0.001210622295747 -0.11243329283136588 0.046022644685581329 0.011340365260839463 0.0043599745465326125 0.091557139619475314 0.030717415113825378 -0.00089617293038533679 -0.10531840694832131 0.0051570429917304752 -0.029816176500510966 0.048962308386287012 0.001995143052112667 -0.086654541567744076 0.0059187637965964239 -0.044682372130196671 0.048993552421378567 0.1011846274861859
leaf_weight=33 269 108 26 69 47 1004 130 24 71 25 106 38 2727 26 38 20 80 21 274 13088 71 62 134 208 1280 24 46 29 126 36
leaf_count=33 269 108 26 69 47 1004 130 24 71 25 106 38 2727 26 38 20 80 21 274 13088 71 62 134 208 1280 24 46 29 126 36
internal_value=8.06578e-07 -0.000768606 -0.0245491 -0.0441295 -0.0226226 0.00255894 0.00963051 -0.00166675 -0.0301166 0.0164051 -0.046685 0.0112756 -0.00224851 -0.0502202 0.00168784 -0.000320152 0.0310166 0.0350523 0.0192563 -0.000601719 -0.0149939 -0.0538186 -0.00218081 -7.33477e-05 0.00856045 -0.00105314 -0.0271078 0.0144314 0.0159485 0.0690974
internal_weight=20240 15560 288 180 111 4680 1894 710 222 1184 177 488 2786 59 85 15272 136 45 404 15136 536 133 403 14600 1488 13112 84 1159 1130 56
internal_count=20240 15560 288 180 111 4680 1894 710 222 1184 177 488 2786 59 85 15272 136 45 404 15136 536 133 403 14600 1488 13112 84 1159 1130 56
cat_boundaries=0 1 2 3
cat_threshold=138 136 25
is_linear=0
shrinkage=0.05


Tree=206
num_leaves=28
num_cat=0
split_feature=10 21 0 22 25 9 28 0 13 28 24 4 21 42 6 41 21 4 24 1 29 24 12 23 13 24 25
split_gain=15.6556 30.0335 34.444 88.6514 61.8822 81.9378 69.6597 59.1348 90.006 54.738 76.8567 149.213 78.7414 49.3626 57.5163 40.1867 29.8029 44.3664 34.7518 56.3185 26.8199 25.1601 31.4684 24.3757 129.364 23.6067 22.7841
threshold=4.5000000000000009 37.187500000000007 21.937500000000004 23.354166666666668 3.7524407230041805 0.99295634920634934 24.039583333333336 15.937500000000002 164.50000000000003 20.813194444444445 20.30654761904762 0.10416666666666667 18.729166666666668 118.64285714285715 0.72014508928571441 133.50000000000003 37.479166666666679 0.81250000000000011 34.687500000000007 37.895833333333336 4.8437969857271197 34.401785714285722 2.5000000000000004 37.395833333333336 101.50000000000001 33.642857142857146 1.3955889974904334
decision_type=2 2 2 2 2 2 2 2 2 2 2 2 2 2 2 2 2 2 2 2 2 2 2 2 2 2 2
left_child=16 2 3 4 6 -6 -2 8 -5 13 11 -11 -12 14 -4 -9 18 20 21 26 -18 23 -23 25 -25 -1 -20
right_child=1 -3 9 7 5 -7 -8 15 -10 10 12 -13 -14 -15 -16 -17 17 -19 19 -21 -22 22 -24 24 -26 -27 -28
leaf_value=0.00067620504690218172 -0.0027734609843852124 0.042112112162928837 0.066708013970249655 0.14077542842262322 -0.0087216759721438098 0.064023183983808851 -0.075685859432048877 0.00039671369131852302 0.01043623025314166 -0.1644542296106617 0.044481548836879568 0.018046592779102779 -0.016634675069197146 0.084347342535853395 -0.027457206189632419 0.059262320767037385 0.022810928279963824 -0.073897421529347251 0.029556622865886707 -0.02018146176595946 -0.047275172315892726 -0.0026560266171732259 -0.083100558016449222 0.085103833254071934 -0.056808282769858269 0.027105727691258144 0.087171553377993413
leaf_weight=14037 4469 38 24 27 75 80 33 113 26 24 57 21 699 25 50 39 39 33 37 37 21 31 20 42 26 85 32
leaf_count=14037 4469 38 24 27 75 80 33 113 26 24 57 21 699 25 50 39 39 33 37 37 21 31 20 42 26 85 32
internal_value=1.19948e-06 -0.00219297 -0.00248515 -0.000821918 -0.00223846 0.0288241 -0.00330791 0.0313577 0.0768354 -0.0114703 -0.0158054 -0.0792872 -0.0120267 0.0236042 0.00308287 0.0155004 0.000882512 -0.0273308 0.0010654 0.0295884 -0.00171921 0.000853091 -0.0342029 0.000979085 0.0308433 0.000835284 0.0562766
internal_weight=20240 5800 5762 4862 4657 155 4502 205 53 900 801 45 756 99 74 152 14440 93 14347 106 60 14241 51 14190 68 14122 69
internal_count=20240 5800 5762 4862 4657 155 4502 205 53 900 801 45 756 99 74 152 14440 93 14347 106 60 14241 51 14190 68 14122 69
is_linear=0
shrinkage=0.05


Tree=207
num_leaves=23
num_cat=0
split_feature=32 39 25 23 21 35 43 29 30 28 20 26 20 39 25 15 30 29 32 24 18 13
split_gain=15.5816 36.6398 33.5777 43.0778 48.1688 52.3942 45.597 35.0615 33.1311 34.9657 25.5578 60.6493 35.1505 20.7737 45.4651 22.944 54.323 80.9674 63.7339 25.9376 49.9674 24.6693
threshold=1.0000000180025095e-35 7.5000000000000009 4.7519097569350643 14.062500000000002 13.47916666666667 2.9285714285714293 20.785714285714288 2.9674203431387762 0.44940476190476197 10.175694444444447 17.895833333333339 14.852678571428575 14.562500000000002 8.5000000000000018 1.2724667437921722 0.6078576107927941 0.47321428571428575 4.4776800515306157 10.500000000000002 34.687500000000007 0.25000000000000017 317.50000000000006
decision_type=2 2 2 2 2 2 2 2 2 2 2 2 2 2 2 2 2 2 2 2 2 2
left_child=2 8 3 10 7 -6 -7 -5 9 -2 11 12 -1 14 -3 19 18 -18 -17 21 -21 -15
right_child=1 13 -4 4 5 6 -8 -9 -10 -11 -12 -13 -14 15 -16 16 17 -19 -20 20 -22 -23
leaf_value=-0.002136767761592885 0.014277329660641651 0.015118324783158161 0.047166936518624428 -0.027055074670352043 0.046571516245603566 -0.029566370240697651 0.037280312912731338 -0.11444211771542377 -0.013051335963731012 0.097222085407486669 0.053076956962190926 -0.083105157380518713 0.061401662306690766 -0.0016389777620999337 -0.064975264326140689 0.007102733691614644 -0.00034264244720890228 -0.04796497172085188 0.061980535803983605 0.063417993680290552 0.00064609588726478471 0.0057705293016041626
leaf_weight=2055 24 34 32 24 32 212 29 22 24 27 21 23 22 11248 37 2615 2216 93 54 46 102 1248
leaf_count=2055 24 34 32 24 32 212 29 22 24 27 21 23 22 11248 37 2615 2216 93 54 46 102 1248
internal_value=1.13948e-06 0.000518598 -0.0037182 -0.00438554 -0.0215163 -0.0135409 -0.0215226 -0.0688489 0.0353923 0.0581893 -0.00180906 -0.00235792 -0.00146376 0.00037077 -0.0266206 0.000479519 0.00335487 -0.00226074 0.00821304 -0.000652521 0.0201563 -0.000898976
internal_weight=20240 17768 2472 2440 319 273 241 46 75 51 2121 2100 2077 17693 71 17622 4978 2309 2669 12644 148 12496
internal_count=20240 17768 2472 2440 319 273 241 46 75 51 2121 2100 2077 17693 71 17622 4978 2309 2669 12644 148 12496
is_linear=0
shrinkage=0.05


Tree=208
num_leaves=31
num_cat=1
split_feature=45 23 10 37 43 36 20 26 23 6 24 0 0 26 18 23 45 1 36 30 17 49 0 30 21 20 20 1 1 25
split_gain=15.2894 55.166 67.6119 50.5733 47.6531 41.2668 71.1456 37.9042 34.3542 30.0829 23.7293 22.2812 19.7378 167.633 87.6425 71.9819 118.64 70.4626 87.7117 88.7266 74.029 56.8389 81.4052 105.236 87.0055 60.1246 100.299 53.4555 76.4645 43.7073
threshold=34.500000000000007 12.47916666666667 2.5000000000000004 87.71250000000002 13.071428571428573 3.5000000000000004 19.812500000000004 19.388392857142861 24.020833333333339 0.61916174883464614 23.55654761904762 26.062500000000004 22.104166666666668 17.638392857142861 -0.5 33.187500000000007 15.500000000000002 34.770833333333336 4.3571428571428585 0.017857142857142894 0.93301270189221952 0 22.437500000000004 0.2916666666666668 22.312500000000004 29.187500000000004 24.937500000000004 34.645833333333336 34.479166666666679 3.6387885202700976
decision_type=2 2 2 2 2 2 2 2 2 2 2 2 2 2 2 2 2 2 2 2 2 1 2 2 2 2 2 2 2 2
left_child=12 -2 4 7 -3 6 -6 -4 -9 -5 -7 -11 15 14 -14 17 -17 27 20 -20 -19 22 24 -24 -15 26 -23 28 -1 -27
right_child=1 2 3 9 5 10 -8 8 -10 11 -12 -13 13 21 -16 16 -18 18 19 -21 -22 25 23 -25 -26 29 -28 -29 -30 -31
leaf_value=4.7935190150835522e-05 0.087174988436427986 -0.089121737082799288 -0.046658710955545822 0.087478808872401725 0.0066704500888316145 0.070247370426520891 -0.089686793858806291 0.066482798345386993 -0.017266726618011794 -0.0058504713815636933 -0.0049179730981233575 0.064672442561104188 -0.15110798334633863 -0.13780896853034694 -0.035644305096606592 -0.1082165414565488 0.033782207407057285 0.0069883856037603852 0.052863895818720467 -0.019331292876587164 -0.089212815516761371 -0.0052922794826855855 0.017204808957026332 -0.005280239559753601 -0.0068314863165142015 -0.022019885663929234 -0.042416037479832802 -0.058428986924581039 0.091280991681244067 0.026206211808848343
leaf_weight=15787 22 21 29 38 53 21 30 25 24 24 21 21 27 21 42 38 24 419 216 53 21 523 886 1261 32 68 279 39 23 152
leaf_count=15787 22 21 29 38 53 21 30 25 24 24 21 21 27 21 42 38 24 419 216 53 21 523 886 1261 32 68 279 39 23 152
internal_value=1.08251e-06 0.0106918 0.00521095 0.0275557 -0.0194295 -0.00772122 -0.0281575 -0.00135172 0.0254626 0.0547217 0.0326647 0.0270602 -0.000175566 -0.00371329 -0.0808257 0.000524954 -0.0532493 0.000726307 0.0161477 0.0386396 0.00239696 -0.00206191 0.00247624 0.00399864 -0.0587282 -0.0117403 -0.0182069 3.64367e-05 0.000180659 0.0113
internal_weight=20240 329 307 161 146 125 83 78 49 83 42 45 19911 3291 69 16620 62 16558 709 269 440 3222 2200 2147 53 1022 802 15849 15810 220
internal_count=20240 329 307 161 146 125 83 78 49 83 42 45 19911 3291 69 16620 62 16558 709 269 440 3222 2200 2147 53 1022 802 15849 15810 220
cat_boundaries=0 1
cat_threshold=4
is_linear=0
shrinkage=0.05


Tree=209
num_leaves=19
num_cat=1
split_feature=35 37 27 37 13 43 23 22 25 25 30 13 50 28 24 38 23 29
split_gain=15.2671 29.8392 15.3647 23.0138 23.1169 65.3416 69.2224 42.339 39.022 49.1521 31.5 22.8086 20.5699 24.3233 73.9222 18.8761 17.8628 5.28803
threshold=0.50000000000000011 61.987500000000004 0.21180707623942099 127.40000000000002 67.500000000000014 24.500000000000004 37.104166666666679 34.145833333333336 5.7165824815765598 1.1577750689236344 0.30357142857142866 6.5000000000000009 0 18.021527777777781 20.764880952380956 48.500000000000007 15.562500000000002 0.22106679085750255
decision_type=2 2 2 2 2 2 2 2 2 2 2 2 1 2 2 2 2 2
left_child=1 -1 11 4 8 7 -7 -6 9 -4 -10 -2 16 15 -15 -14 -13 -18
right_child=2 -3 3 -5 5 6 -8 -9 10 -11 -12 12 13 14 -16 -17 17 -19
leaf_value=0.0073269106335937979 -0.052253319375216961 -0.074610976129770287 -0.000606418336499938 0.039319555647671228 0.00048413953053829534 -0.013805874202472085 -0.088194157352999736 -0.019457391419489198 -0.084592849761247646 0.012220084571237584 -0.0017629483249038459 -0.031467804550084112 -0.027193558425923071 -0.1044073411822319 -0.0054513167735044067 -0.0024374031149571821 0.0053651662543416027 0.025655748006724512
leaf_weight=25 25 20 1702 38 14943 390 34 271 22 1331 24 20 83 25 77 1065 48 97
leaf_count=25 25 20 1702 38 14943 390 34 271 22 1331 24 20 83 25 77 1065 48 97
internal_value=1.02841e-06 -0.0290899 6.5851e-05 0.000448001 0.000369082 -0.000410625 -0.019771 0.00012893 0.00432915 0.00502236 -0.0413772 -0.00491138 -0.00407495 -0.00625622 -0.0297052 -0.00422726 0.0120959 0.0189389
internal_weight=20240 45 20195 18755 18717 15638 424 15214 3079 3033 46 1440 1415 1250 102 1148 165 145
internal_count=20240 45 20195 18755 18717 15638 424 15214 3079 3033 46 1440 1415 1250 102 1148 165 145
cat_boundaries=0 1
cat_threshold=8
is_linear=0
shrinkage=0.05


Tree=210
num_leaves=31
num_cat=0
split_feature=25 23 42 13 13 36 13 18 28 25 24 41 30 35 35 13 26 42 32 37 25 42 43 25 10 23 23 0 23 37
split_gain=15.5511 88.6086 79.3905 60.1765 57.7549 71.9151 50.8689 40.0314 35.9912 28.9016 83.8227 106.377 84.8018 62.1084 46.4403 27.595 24.0195 99.6645 108.677 139.165 107.596 132.911 113.855 67.1809 89.4522 90.8016 74.2697 61.0665 63.3096 48.8618
threshold=5.1508089939629746 17.395833333333339 86.500000000000014 333.50000000000006 285.50000000000006 6.5000000000000009 253.50000000000003 -0.5 20.484027777777783 4.8874019206878527 23.69940476190477 89.500000000000014 0.3541666666666668 5.3571428571428585 6.3571428571428585 171.50000000000003 26.980654761904766 147.21428571428575 4.5000000000000009 60.062500000000007 2.6365878642237894 122.78571428571429 20.928571428571434 4.0267684567904753 1.0000000180025095e-35 15.645833333333334 17.479166666666668 31.770833333333339 30.104166666666668 86.312500000000014
decision_type=2 2 2 2 2 2 2 2 2 2 2 2 2 2 2 2 2 2 2 2 2 2 2 2 2 2 2 2 2 2
left_child=9 6 8 4 5 -4 7 -2 -3 16 11 -11 14 -13 -12 -10 23 20 29 -20 21 -18 -22 27 26 -26 -25 28 -1 -19
right_child=1 2 3 -5 -6 -7 -8 -9 15 10 12 13 -14 -15 -16 -17 17 18 19 -21 22 -23 -24 24 25 -27 -28 -29 -30 -31
leaf_value=1.5002889844388361e-05 -0.028390755905554843 0.12040446691569828 -0.0046489883044462969 0.082994088254868981 -0.049627578161332925 0.046180980227773595 0.015977307200431824 -0.11794025586762776 0.073964443190821585 0.010273103330344443 0.0054158022361142297 -0.055196735696138248 -0.054749336267511051 -0.17567272707819939 0.098215979182000757 -0.0029329159855842595 -0.072299590655602528 0.077988741144404891 0.018730514764548369 -0.028955384484778336 -0.024740075952706855 0.030726886767337827 -0.094893120982063317 0.047300656363368034 -0.028189597105686096 0.032689116406463291 -0.065778976910800299 0.054493596799233379 -0.029080459362120128 0.021500912447236786
leaf_weight=17360 26 21 240 25 46 98 25 24 28 31 28 23 30 20 26 20 40 56 306 306 294 144 72 20 71 446 53 51 189 121
leaf_count=17360 26 21 240 25 46 98 25 24 28 31 28 23 30 20 26 20 40 56 306 306 294 144 72 20 71 446 53 51 189 121
internal_value=9.76942e-07 0.00827036 0.0161983 0.00782876 0.00293518 0.0100887 -0.0422572 -0.0713745 0.0658093 -0.000231307 -0.02153 -0.0603313 0.0126521 -0.111232 0.0500974 0.0419239 -5.89892e-05 -0.00652205 0.00486714 -0.00511243 -0.0228604 0.00832983 -0.0385407 0.000416769 0.0170129 0.0243286 -0.0347983 -0.000139579 -0.000298351 0.0393728
internal_weight=20240 553 478 409 384 338 75 50 69 19687 158 74 84 43 54 48 19529 1339 789 612 550 184 366 18190 590 517 73 17600 17549 177
internal_count=20240 553 478 409 384 338 75 50 69 19687 158 74 84 43 54 48 19529 1339 789 612 550 184 366 18190 590 517 73 17600 17549 177
is_linear=0
shrinkage=0.05


Tree=211
num_leaves=31
num_cat=0
split_feature=45 16 45 16 23 30 29 17 25 23 30 15 43 5 21 27 24 38 26 30 26 18 46 28 21 13 25 48 26 30
split_gain=15.7303 62.844 47.8257 64.4803 56.4772 75.3864 88.807 51.6626 47.5152 109.631 47.016 54.6107 50.8222 48.3543 46.3407 45.8652 45.4074 43.8002 42.9631 41.4712 57.1602 47.3823 37.2383 90.3806 113.417 37.9725 40.882 37.5171 36.0924 82.3778
threshold=5.5000000000000009 -0.56174490092936669 1.0000000180025095e-35 -0.22252093395631442 14.35416666666667 0.53273809523809545 3.6144008131270806 0.93301270189221952 5.3471809925062139 26.812500000000004 0.12500000000000014 1.0000000180025095e-35 18.357142857142858 0.35416666666666669 19.770833333333339 5.7741237810269013 35.559523809523817 47.500000000000007 33.949404761904766 0.023809523809523808 8.590773809523812 1.0000000180025095e-35 0.37500000000000006 22.140277777777779 22.812500000000004 331.50000000000006 3.688203345172766 0.91071428571428592 10.584821428571429 0.011904761904761895
decision_type=2 2 2 2 2 2 2 2 2 2 2 2 2 2 2 2 2 2 2 2 2 2 2 2 2 2 2 2 2 2
left_child=2 16 3 4 19 6 -6 -7 15 -10 28 12 14 -14 -12 17 18 -5 -2 20 -1 -21 23 -3 -25 -24 -27 -26 -4 -30
right_child=1 22 10 8 5 7 -8 -9 9 -11 11 -13 13 -15 -16 -17 -18 -19 -20 21 -22 -23 25 24 27 26 -28 -29 29 -31
leaf_value=-0.0028013502731032316 0.0072615836218874385 0.037562264897860589 -0.0055496238435199796 -0.014600502812385965 -0.034603113496235315 -0.0078255760981674593 0.0021224942403690271 0.021961007671653418 -0.018432973228538267 0.12976066237315537 -0.029384943085729111 -0.0030949232217512635 0.07654659607990956 -0.016015571017944537 -0.099405435115098958 -0.0718649993930012 0.063204322828702669 0.0053929329204393285 -0.058557993113994601 -0.012395353556639748 0.034644579718999494 0.0074449069557988579 -0.001449149685451046 -0.16086293976931346 -0.06779009625315667 0.0092820418759209794 0.062692535156384108 0.02260533906519413 -0.0063883808441460134 0.063358449942863257
leaf_weight=210 2991 32 745 294 524 697 240 184 26 24 431 418 21 43 25 20 36 4013 25 640 198 568 7261 21 22 284 41 24 115 67
leaf_count=210 2991 32 745 294 524 697 240 184 26 24 431 418 21 43 25 20 36 4013 25 640 198 568 7261 21 22 284 41 24 115 67
internal_value=9.28119e-07 0.00131229 -0.00148072 0.000272032 -0.00505036 -0.0115722 -0.0230663 -0.00160454 0.00423738 0.0527 -0.008659 -0.0165511 -0.0273678 0.0143564 -0.0332238 0.00367737 0.00738231 0.00402816 0.006716 0.00158851 0.0153709 -0.00306649 -0.00109834 -0.0315655 -0.0645817 -0.000700736 0.01602 -0.0206273 -0.000673266 0.0192877
internal_weight=20240 10737 9503 7638 3261 1645 764 881 4377 50 1865 938 520 64 456 4327 3052 4307 3016 1616 408 1208 7685 99 67 7586 325 46 927 182
internal_count=20240 10737 9503 7638 3261 1645 764 881 4377 50 1865 938 520 64 456 4327 3052 4307 3016 1616 408 1208 7685 99 67 7586 325 46 927 182
is_linear=0
shrinkage=0.05


Tree=212
num_leaves=18
num_cat=0
split_feature=39 13 35 40 29 25 35 23 41 37 30 24 32 41 38 39 25
split_gain=14.9088 66.5484 65.1416 29.5101 53.0461 44.4998 72.0653 121.758 35.4509 31.7995 30.0865 29.8602 22.6062 26.4114 24.8561 33.665 5.80632
threshold=85.000000000000014 36.500000000000007 8.3571428571428594 32.500000000000007 4.9001211263694486 3.0733092629649827 7.0714285714285721 31.145833333333339 292.50000000000006 55.32500000000001 0.86607142857142871 23.276785714285719 15.500000000000002 157.50000000000003 227.50000000000003 52.500000000000007 0.51586920023008498
decision_type=2 2 2 2 2 2 2 2 2 2 2 2 2 2 2 2 2
left_child=3 -2 -3 8 5 9 11 -8 12 16 -11 -7 14 -14 15 -1 -5
right_child=1 2 -4 4 -6 6 7 -9 -10 10 -12 -13 13 -15 -16 -17 -18
leaf_value=0.00017162563480452439 0.045270107756368819 -0.1080709797433681 0.0093452879892928272 -0.0022032795495099643 0.07063940227837176 0.062768561393022546 -0.15551059842109682 0.012807789411057126 -0.060918879260619486 0.042824930793978276 0.0030937495508364271 -0.018710807338356974 0.065980808842661123 -0.0015403661442299685 0.051742675835671638 -0.010041458231469406 -0.034158457168156194
leaf_weight=18828 24 27 21 44 37 22 21 22 24 125 77 23 28 30 23 843 21
leaf_count=18828 24 27 21 44 37 22 21 22 24 125 77 23 28 30 23 843 21
internal_value=8.81674e-07 -0.0227109 -0.0567014 8.19629e-05 0.0136667 0.00772865 -0.0231067 -0.0693942 -0.000187313 0.0178916 0.0276799 0.0211236 -0.00011352 0.0310561 -0.000205316 -0.000266056 -0.0125273
internal_weight=20240 72 48 20168 392 355 88 43 19776 267 202 45 19752 58 19694 19671 65
internal_count=20240 72 48 20168 392 355 88 43 19776 267 202 45 19752 58 19694 19671 65
is_linear=0
shrinkage=0.05


Tree=213
num_leaves=31
num_cat=0
split_feature=45 25 48 27 1 33 25 28 29 23 37 25 40 23 25 22 27 14 30 25 13 37 28 23 26 29 27 48 13 21
split_gain=14.9361 41.6018 85.124 64.5608 91.492 67.4043 59.9251 80.5296 77.9165 144.809 80.2331 71.5431 59.4688 49.0185 50.0122 46.775 41.7409 39.0342 65.2091 97.8206 57.4128 78.9859 143.079 157.354 147.631 47.2138 60.9345 57.7839 40.2979 217.435
threshold=13.500000000000002 3.0377569800082296 0.80357142857142871 5.2495316171844673 37.770833333333336 1.5000000000000002 5.3471809925062139 23.174305555555559 5.7470842361365433 24.270833333333339 66.512500000000017 5.9444174996093997 23.500000000000004 34.937500000000007 2.5928125497084813 25.354166666666668 2.8406213480129212 46.500000000000007 0.55654761904761918 1.6145369264488285 269.50000000000006 103.26250000000002 21.629166666666666 22.687500000000004 22.458333333333336 5.0534938663273001 3.639433783520289 0.94642857142857151 249.50000000000003 18.562500000000004
decision_type=2 2 2 2 2 2 2 2 2 2 2 2 2 2 2 2 2 2 2 2 2 2 2 2 2 2 2 2 2 2
left_child=1 3 -3 4 13 -6 8 11 10 -10 -4 -8 -9 14 -1 -5 -7 20 25 -20 28 22 23 -22 -24 26 -19 -28 -2 -30
right_child=17 2 6 15 5 16 7 12 9 -11 -12 -13 -14 -15 -16 -17 -18 18 19 -21 21 -23 24 -25 -26 -27 27 -29 29 -31
leaf_value=-0.00055881379473679148 0.0023492938224425656 -0.10644449730488388 -0.00096146094244754603 0.099481086419629203 -0.0086468110897952762 -0.11382954524209102 0.025690331236910426 0.078916217013639184 0.010909453863578458 -0.14191836450369127 -0.031449136653504073 -0.087197310887277127 -0.0086599873778011125 0.059413982459477016 0.012781004579427553 0.0063471040473534511 -0.039070029535092587 0.055239196130289485 0.034494485271473724 -0.085598258500297869 -0.011280921730173539 0.043520511693454222 -0.12737102301753297 0.094377127531915905 -0.02803252044154473 0.085246478896154915 -0.067421013558352436 0.0431655862856479 -0.01617082741988056 0.083355729328215375
leaf_weight=12926 3814 22 930 28 97 33 32 63 31 31 281 25 28 35 743 26 43 65 39 30 296 56 49 40 158 43 27 21 136 92
leaf_count=12926 3814 22 930 28 97 33 32 63 31 31 281 25 28 35 743 26 43 65 39 30 296 56 49 40 158 43 27 21 136 92
internal_value=8.37584e-07 -0.000763308 -0.00884478 7.37863e-05 -0.000138544 -0.0362724 -0.00733374 0.0227797 -0.0108348 -0.0655045 -0.00803581 -0.0238218 0.0519697 0.000317612 0.000166293 0.0546388 -0.0715314 0.00241514 0.0227537 -0.0177198 0.0014291 -0.0130171 -0.0188479 0.00129742 -0.0515474 0.0406555 0.0236872 -0.0190394 0.00356994 0.023989
internal_weight=20240 15374 1443 13931 13877 173 1421 148 1273 62 1211 57 91 13704 13669 54 76 4866 225 69 4641 599 543 336 207 156 113 48 4042 228
internal_count=20240 15374 1443 13931 13877 173 1421 148 1273 62 1211 57 91 13704 13669 54 76 4866 225 69 4641 599 543 336 207 156 113 48 4042 228
is_linear=0
shrinkage=0.05


Tree=214
num_leaves=31
num_cat=0
split_feature=43 13 36 41 43 13 48 42 28 37 37 37 39 22 6 0 37 21 35 23 36 41 41 29 21 29 24 37 41 29
split_gain=15.1483 37.7743 32.9535 46.5539 30.7585 55.3344 77.428 32.3556 56.2003 93.7862 46.9609 69.7031 41.9081 37.4601 68.4567 45.2132 34.4954 29.3796 71.598 29.9469 28.4662 23.5341 119.058 86.4859 22.11 31.1586 17.7392 15.3645 12.8689 10.5727
threshold=28.928571428571434 36.500000000000007 11.357142857142859 243.50000000000003 27.071428571428573 43.500000000000007 0.87500000000000011 166.92857142857147 33.488194444444453 64.112500000000011 83.162500000000023 75.52500000000002 37.500000000000007 26.229166666666668 0.99945175438596501 27.645833333333339 94.720833333333346 34.562500000000007 12.357142857142859 33.479166666666679 5.2142857142857153 193.50000000000003 190.50000000000003 4.5772375432928021 37.187500000000007 2.471536760314077 27.735119047619051 56.662500000000016 181.50000000000003 3.1317642586222409
decision_type=2 2 2 2 2 2 2 2 2 2 2 2 2 2 2 2 2 2 2 2 2 2 2 2 2 2 2 2 2 2
left_child=4 27 3 20 7 6 -6 8 21 -10 11 12 -9 14 -12 -15 -11 18 19 -7 28 22 -1 -23 25 -19 -22 -2 -3 -29
right_child=1 2 -4 -5 5 17 -8 10 9 16 13 -13 -14 15 -16 -17 -18 24 -20 -21 26 23 -24 -25 -26 -27 -28 29 -30 -31
leaf_value=-8.1342811449869464e-05 0.002325729593973268 0.057956704501993951 0.039954384230077272 -0.081421242146329453 0.009854733943939209 -0.014176962626474896 -0.1189540938607284 0.07741521023213864 -0.12002123246112695 0.047540175616741183 -0.050548001298947001 0.087501585816866484 0.0097157885820154909 0.045558436671799089 0.05327733621001244 -0.024858309077098968 -0.03435881380056445 0.0015169877897609364 -0.10617438599467277 0.049794454482339684 -0.060287438807162377 0.00028987487253906143 -0.086435073427855974 0.073269387765550142 -0.018527015738866545 0.086664538808344377 0.0032076491550965744 0.072496658340096484 0.0036509322351776065 0.03230612019025203
leaf_weight=18820 22 20 34 22 20 142 28 25 26 20 77 38 267 53 20 40 36 22 20 21 22 199 40 51 22 21 22 30 24 36
leaf_count=18820 22 20 34 22 20 142 28 25 26 20 77 38 267 53 20 40 36 22 20 21 22 199 40 51 22 21 22 30 24 36
internal_value=7.95737e-07 0.0127037 -0.00306817 -0.0163661 -0.0001465 -0.0161447 -0.0652837 9.37325e-05 -0.00023971 -0.0415447 0.0124003 0.0238017 0.015512 -0.00740202 -0.0291407 0.0152717 -0.00510917 -0.00663386 -0.0168903 -0.00593525 -0.00010226 -6.24726e-05 -0.00026449 0.0151777 0.0222421 0.0431007 -0.0285399 0.0385123 0.0283354 0.0505745
internal_weight=20240 232 144 110 20008 296 48 19712 19192 82 520 330 292 190 97 93 56 248 183 163 88 19110 18860 250 65 43 44 88 44 66
internal_count=20240 232 144 110 20008 296 48 19712 19192 82 520 330 292 190 97 93 56 248 183 163 88 19110 18860 250 65 43 44 88 44 66
is_linear=0
shrinkage=0.05


Tree=215
num_leaves=23
num_cat=0
split_feature=27 24 27 29 26 29 1 25 27 6 29 23 25 13 24 13 27 0 26 24 13 23
split_gain=14.5271 37.1745 23.9897 83.2725 62.9079 68.9789 53.2215 45.1809 27.4658 122.209 112.917 108.31 79.8027 76.7554 73.7022 68.5823 64.7763 40.3652 30.1119 131.061 108.167 21.3902
threshold=6.9749007820073157 26.145833333333336 5.9506337651009504 5.0534938663273001 19.778273809523814 5.2341159736979153 34.937500000000007 4.4663183117119916 5.1379845452418804 0.5143043154761906 4.3800444907821889 17.854166666666668 5.1508089939629746 90.500000000000014 17.699404761904766 153.50000000000003 5.3672073560612255 23.812500000000004 23.825892857142865 25.363095238095244 139.50000000000003 23.187500000000004
decision_type=2 2 2 2 2 2 2 2 2 2 2 2 2 2 2 2 2 2 2 2 2 2
left_child=2 21 8 6 -5 -6 -4 -7 12 11 -11 -10 18 17 -15 -12 -13 -14 19 -1 -20 -2
right_child=1 -3 3 4 5 7 -8 -9 9 10 15 16 13 14 -16 -17 -18 -19 20 -21 -22 -23
leaf_value=0.00022685866619334084 -0.076922692790627481 0.035602697055964243 -0.10449648570446742 -0.048234076846552933 0.12710676535964013 0.062194728981703522 0.0094709793291985998 0.0065433086146430303 -0.073935449924319982 -0.13633198751644657 -0.04163849793977159 0.00039579322975542809 0.026897861994802954 0.12853421144511387 0.032849557455976189 0.00368285123429193 0.084718370098139983 -0.052672276736513993 0.0025350916787417691 0.065188283351464912 -0.020950535022362451 -0.015607949064084978
leaf_weight=16977 25 21 21 23 20 60 20 93 20 22 170 36 28 23 161 164 62 37 1388 78 758 33
leaf_count=16977 25 21 21 23 20 60 20 93 20 22 170 36 28 23 161 164 62 37 1388 78 758 33
internal_value=7.55928e-07 -0.0213984 8.46076e-05 0.0158986 0.0294539 0.0397824 -0.0489026 0.0283674 -0.000103502 -0.0119953 -0.026612 0.0321024 0.000186303 0.0283106 0.0448101 -0.0193849 0.0537427 -0.0183959 -0.000178414 0.000523956 -0.00576039 -0.0420367
internal_weight=20240 79 20161 237 196 173 41 153 19924 474 356 118 19450 249 184 334 98 65 19201 17055 2146 58
internal_count=20240 79 20161 237 196 173 41 153 19924 474 356 118 19450 249 184 334 98 65 19201 17055 2146 58
is_linear=0
shrinkage=0.05


Tree=216
num_leaves=23
num_cat=0
split_feature=45 0 24 13 13 23 45 1 29 28 1 22 28 0 43 1 42 0 39 14 37 13
split_gain=14.7008 14.799 91.1435 119.058 71.7001 61.2069 104.142 60.943 82.4116 96.2596 65.8751 52.5739 75.3293 55.1258 50.7738 89.2607 61.5116 50.3212 39.8148 36.7034 147.406 78.1129
threshold=44.500000000000007 22.104166666666668 18.8125 134.50000000000003 159.50000000000003 33.187500000000007 15.500000000000002 34.770833333333336 3.6719881489412267 19.502083333333335 41.395833333333336 30.104166666666668 26.268750000000001 18.729166666666668 13.500000000000002 57.812500000000007 80.785714285714292 23.812500000000004 32.500000000000007 42.500000000000007 59.12916666666667 203.50000000000003
decision_type=2 2 2 2 2 2 2 2 2 2 2 2 2 2 2 2 2 2 2 2 2 2
left_child=1 5 3 17 -5 7 -7 11 9 -9 -10 12 -1 -13 15 16 -4 -3 -6 21 -21 -16
right_child=-2 2 14 4 18 6 -8 8 10 -11 -12 13 -14 -15 19 -17 -18 -19 -20 20 -22 -23
leaf_value=0.00013021963186811116 0.037573556258128242 -0.024948858037590983 -0.0043527741586008384 -0.15270482735200364 -0.080241850391030323 -0.10052414215905102 0.032515453298886617 0.033917417861521242 0.042061120417368203 -0.065569591738523988 0.0085624336058915153 -0.0052608550024720348 0.088779030429820216 -0.11567503118887544 0.001478840538477071 0.050001544060392512 -0.05823945936073012 0.078735441629859543 -0.006602117539413515 0.073245772209650437 0.00071744796316805894 -0.024325809748101553
leaf_weight=15953 26 25 93 22 45 38 24 40 245 62 366 26 24 20 2174 36 123 22 31 84 422 339
leaf_count=15953 26 25 93 22 45 38 24 40 245 62 366 26 24 20 2174 36 123 22 31 84 422 339
internal_value=7.18172e-07 -4.76094e-05 -0.00304767 -0.0418386 -0.0732148 0.000562476 -0.0490249 0.000746177 0.0150494 -0.0265551 0.0219948 0.000109705 0.000263384 -0.053267 -0.00132811 -0.0228897 -0.0350382 0.0235842 -0.0502046 0.000471665 0.0127577 -0.00200217
internal_weight=20240 20214 3416 145 98 16798 62 16736 713 102 611 16023 15977 46 3271 252 216 47 76 3019 506 2513
internal_count=20240 20214 3416 145 98 16798 62 16736 713 102 611 16023 15977 46 3271 252 216 47 76 3019 506 2513
is_linear=0
shrinkage=0.05


Tree=217
num_leaves=31
num_cat=0
split_feature=45 16 45 16 22 27 25 38 30 30 15 43 17 5 25 36 35 29 42 1 42 0 29 46 29 26 30 27 35 45
split_gain=15.38 60.1692 42.0394 59.1802 66.4825 56.3046 54.807 54.4112 46.4246 42.7654 49.1543 46.618 45.7692 42.6599 40.6763 40.6192 55.9584 80.2379 40.55 119.147 66.2387 40.4728 39.5034 38.7555 49.804 33.4027 72.9086 64.2523 53.2702 44.2451
threshold=5.5000000000000009 1.0000000180025095e-35 1.0000000180025095e-35 1.0000000180025095e-35 34.812500000000007 5.6618609004608631 5.3471809925062139 174.50000000000003 0.023809523809523839 0.12500000000000014 1.0000000180025095e-35 18.357142857142858 0.93301270189221952 0.35416666666666669 0.61664385282561507 8.5000000000000018 9.9285714285714306 4.9489529751918138 87.500000000000014 17.770833333333339 88.357142857142875 36.812500000000007 3.5613009379598837 0.37500000000000006 4.5772375432928021 10.584821428571429 0.011904761904761895 2.1889712477840049 3.2142857142857149 4.5000000000000009
decision_type=2 2 2 2 2 2 2 2 2 2 2 2 2 2 2 2 2 2 2 2 2 2 2 2 2 2 2 2 2 2
left_child=2 14 3 4 5 8 18 -6 -1 25 11 12 -11 -13 -2 16 22 -18 19 -5 -20 23 -16 24 -3 27 29 -4 -29 -27
right_child=1 21 9 6 7 -7 -8 -9 -10 10 -12 13 -14 -15 15 -17 17 -19 20 -21 -22 -23 -24 -25 -26 26 -28 28 -30 -31
leaf_value=0.0081820245366686379 -0.0008604019102097162 -0.090983915728117745 -0.0013732585846287556 0.0048384691989927205 -0.12604246590286494 -0.069124493526760492 0.064935898976890657 -0.010808260703370685 -0.0050833394297023866 -0.024619964465011475 -0.0029550771060751742 0.072391414411720784 -0.067582646647870948 -0.014549875281058078 0.012409132265008845 0.047460656512587795 -0.086295791186795048 0.034283764118498025 -0.071709148085210478 0.045530576218952429 0.00086742572812604005 -0.04643539372339564 0.0021265846928802045 -0.0019797207904125327 0.0033218194597533775 -0.027747445780857416 0.060085076266037887 -0.11836417823691259 -0.013550728669872992 0.037763277192910512
leaf_weight=815 2206 28 696 1220 20 32 38 21 3458 382 418 21 74 43 2057 63 37 22 32 211 1791 53 1711 4532 28 76 67 22 27 39
leaf_count=815 2206 28 696 1220 20 32 38 21 3458 382 418 21 74 43 2057 63 37 22 32 211 1791 53 1711 4532 28 76 67 22 27 39
internal_value=6.82272e-07 0.00129736 -0.00146437 0.00017893 -0.00365155 -0.00304804 0.00523582 -0.0670201 -0.0025532 -0.00819442 -0.0157213 -0.0259834 -0.031592 0.0139777 0.00456323 0.00763894 0.0069834 -0.0413339 0.00453864 0.0108385 -0.000406546 -0.0029924 0.00773996 -0.00249055 -0.043831 -0.000578217 0.0186245 -0.00526936 -0.0606098 -0.00553077
internal_weight=20240 10737 9503 7638 4346 4305 3292 41 4273 1865 938 520 456 64 6096 3890 3827 59 3254 1431 1823 4641 3768 4588 56 927 182 745 49 115
internal_count=20240 10737 9503 7638 4346 4305 3292 41 4273 1865 938 520 456 64 6096 3890 3827 59 3254 1431 1823 4641 3768 4588 56 927 182 745 49 115
is_linear=0
shrinkage=0.05


Tree=218
num_leaves=21
num_cat=0
split_feature=43 43 28 9 23 27 20 42 24 40 35 30 18 38 20 37 36 28 24 21
split_gain=14.7502 18.8703 57.3114 33.6622 39.1126 43.4544 28.2578 22.1042 69.0713 18.6674 40.5981 61.1335 25.2383 20.8761 28.2998 22.1121 18.4845 13.6813 11.1047 6.86694
threshold=5.3571428571428585 6.9285714285714297 11.438888888888892 0.99016382868937058 10.85416666666667 1.3162412519250164 8.5208333333333339 46.214285714285722 9.860119047619051 3.5000000000000004 3.785714285714286 0.27678571428571441 -0.9330127018922193 55.500000000000007 17.895833333333339 56.362500000000004 1.5000000000000002 8.6048611111111128 7.8125000000000009 5.3958333333333348
decision_type=2 2 2 2 2 2 2 2 2 2 2 2 2 2 2 2 2 2 2 2
left_child=16 2 3 17 5 -5 -6 8 18 10 12 -12 -9 14 -11 -15 -1 19 -3 -2
right_child=1 7 -4 4 6 -7 -8 9 -10 13 11 -13 -14 15 -16 -17 -18 -19 -20 -21
leaf_value=0.0033444124429176251 -0.0083074652335468537 -0.01600282182690636 -0.047764645987435392 -0.0050178925083442169 -0.057782457201656971 0.045898210198025813 0.024335394860245288 -0.049343775124067353 -0.10425569805360975 -0.0031982780279073576 0.11911616960451717 0.0086267212586056807 0.010798846007080622 -0.0029768552127888274 -0.025724199639583296 0.0013567913826941752 -0.05871152533218265 -0.044307839231831687 0.028474081080892812 0.02483234905045141
leaf_weight=24 54 36 38 55 22 176 20 21 21 2171 21 31 103 3769 149 13439 24 21 23 22
leaf_count=24 54 36 38 55 22 176 20 21 21 2171 21 31 103 3769 149 13439 24 21 23 22
internal_value=6.48151e-07 6.64585e-05 0.0107103 0.0167158 0.0257055 0.0337753 -0.0186787 -0.000153046 -0.0263821 -4.65533e-05 0.0161644 0.0532475 0.000613402 -0.000192657 -0.00464499 0.00040761 -0.0276836 -0.00858511 0.00133563 0.00128564
internal_weight=20240 20192 408 370 273 231 42 19784 80 19704 176 52 124 19528 2320 17208 48 97 59 76
internal_count=20240 20192 408 370 273 231 42 19784 80 19704 176 52 124 19528 2320 17208 48 97 59 76
is_linear=0
shrinkage=0.05


Tree=219
num_leaves=31
num_cat=0
split_feature=37 29 26 27 28 26 25 29 36 20 18 25 27 48 20 20 37 48 29 45 23 35 13 42 6 48 0 25 1 45
split_gain=14.4896 43.2932 48.9578 50.0392 48.5876 78.8672 70.7923 68.9858 59.5866 44.3149 37.7062 68.2921 40.4215 70.6827 41.7103 37.6602 33.701 52.4027 74.0463 97.3058 65.2924 58.8275 57.3252 100.035 55.8427 51.7869 45.5157 47.3691 43.7523 61.7554
threshold=98.625000000000014 2.2665475039002794 14.092261904761909 0.74671772069495379 24.592361111111114 19.873511904761909 1.3317823320250743 3.2491828016936162 2.0714285714285716 23.687500000000004 -0.9330127018922193 0.52468811597763887 0.26512906641090567 0.94642857142857151 6.479166666666667 9.5208333333333339 92.125000000000014 0.91071428571428592 5.1096455838367563 21.500000000000004 20.687500000000004 6.0714285714285721 119.50000000000001 115.21428571428574 0.83866335669781944 0.98214285714285732 6.479166666666667 1.0627820196610778 57.812500000000007 22.500000000000004
decision_type=2 2 2 2 2 2 2 2 2 2 2 2 2 2 2 2 2 2 2 2 2 2 2 2 2 2 2 2 2 2
left_child=16 10 3 -3 5 7 -6 -4 -8 -7 11 -2 13 -12 -14 -16 28 21 26 25 -21 22 -18 -24 -23 -20 27 -19 -1 -30
right_child=1 2 4 -5 6 9 8 -9 -10 -11 12 -13 14 -15 15 -17 17 18 19 20 -22 24 23 -25 -26 -27 -28 -29 29 -31
leaf_value=0.00014971553145087164 0.011909204792231322 -0.015161062883693847 -0.0026271046248480343 0.057135719831678138 0.11261535406112672 -0.084807733038351651 0.075808971955307891 0.080568029423212187 0.0057611720480165128 -0.010287669232409251 -0.093111353351043605 -0.10617117279519638 -0.060835363261867316 0.0019376196977594553 0.031705641715739995 0.0001967059323992233 0.0058186528788982646 -0.10988003019066084 -0.05529666799826153 0.001942890611561862 0.10596321575964492 -0.13207217506740407 -0.013424147780732081 -0.10250506384601428 -0.017834694646298884 0.042439007273186807 -0.0042511062518114772 -0.013236949825659395 -0.021309861341225252 0.071774260659835165
leaf_weight=16878 25 31 177 105 20 42 35 29 229 38 31 24 24 53 118 483 149 21 33 22 48 23 118 43 20 23 1289 32 28 49
leaf_count=16878 25 31 177 105 20 42 35 29 229 38 31 24 24 53 118 483 149 21 33 22 48 23 118 43 20 23 1289 32 28 49
internal_value=6.15698e-07 0.0047916 0.0137009 0.0406563 0.00726938 -0.00727756 0.0219188 0.00908483 0.0150478 -0.0494107 -0.00350648 -0.0459261 -0.000574799 -0.03314 0.00380196 0.00638315 -0.000372946 -0.00683668 -0.00267742 0.0339705 0.0732711 -0.0241335 -0.0165316 -0.0372159 -0.0789385 -0.0151552 -0.00611829 -0.0515295 0.000321272 0.0379255
internal_weight=20240 1464 706 136 570 286 284 206 264 80 758 49 709 84 625 601 18776 1821 1468 126 70 353 310 161 43 56 1342 53 16955 77
internal_count=20240 1464 706 136 570 286 284 206 264 80 758 49 709 84 625 601 18776 1821 1468 126 70 353 310 161 43 56 1342 53 16955 77
is_linear=0
shrinkage=0.05


Tree=220
num_leaves=26
num_cat=3
split_feature=41 21 35 51 41 35 14 36 37 21 26 50 43 49 36 35 16 21 26 42 42 28 25 13 36
split_gain=14.1214 34.1333 28.388 23.3613 17.3553 36.5744 32.5343 63.2966 52.424 35.341 37.9685 27.6276 21.3505 91.1222 95.6695 74.7217 52.1337 68.2562 54.5227 34.4075 48.1289 240.698 30.9345 26.1714 24.345
threshold=29.500000000000004 10.270833333333334 2.2142857142857149 0 42.500000000000007 5.2142857142857153 25.500000000000004 3.0714285714285716 59.912500000000009 13.895833333333334 12.793154761904765 1 9.071428571428573 2 1.7857142857142858 5.7857142857142865 -0.22252093395631442 14.437500000000002 13.421130952380954 53.500000000000007 70.071428571428584 14.572222222222225 2.8810753333972232 157.50000000000003 1.642857142857143
decision_type=2 2 2 1 2 2 2 2 2 2 2 1 2 1 2 2 2 2 2 2 2 2 2 2 2
left_child=1 2 3 -1 5 6 9 11 -9 10 -2 -8 13 14 22 -16 18 -18 -15 24 21 -21 -6 -22 -14
right_child=4 -3 -4 -5 12 -7 7 8 -10 -11 -12 -13 19 16 15 -17 17 -19 -20 20 23 -23 -24 -25 -26
leaf_value=0.056337477274886943 0.00019528415994109395 0.059478485266513684 -0.048618279329755092 -0.013486591927707195 0.0082614668450282109 0.045684460694751433 0.010172419673560754 -0.1052164317160431 -0.018641235219205129 0.052636245911320045 -0.070810148878954357 -0.021216059952414563 0.0080757384250561403 0.0062713288144239585 0.055862104116409954 -0.045218192338943482 -0.0061800963427731349 -0.069530996576779414 0.078832347001190545 -0.0015690351260557443 0.0020579230499912448 -0.06261175352695357 -0.056352181509137157 -0.0020576038870221687 0.074178772419691091
leaf_weight=23 321 34 22 25 251 31 105 36 34 30 20 183 30 629 213 20 771 45 27 1320 9160 184 20 6680 26
leaf_count=23 321 34 22 25 251 31 105 36 34 30 20 183 30 629 213 20 771 45 27 1320 9160 184 20 6680 26
internal_value=5.84927e-07 0.0183775 -0.00158579 0.0199708 -9.43298e-05 -0.00750615 -0.00976803 -0.0205209 -0.0631656 0.000608007 -0.00396926 -0.0101558 0.00019639 0.00512158 0.0232312 0.0471857 -0.00122848 -0.00967371 0.00925783 -0.00036293 -0.000489271 -0.00903703 0.00349293 0.000322335 0.0387664
internal_weight=20240 104 70 48 20136 760 729 358 70 371 341 288 19376 1976 504 233 1472 816 656 17400 17344 1504 271 15840 56
internal_count=20240 104 70 48 20136 760 729 358 70 371 341 288 19376 1976 504 233 1472 816 656 17400 17344 1504 271 15840 56
cat_boundaries=0 1 2 3
cat_threshold=4 42 9
is_linear=0
shrinkage=0.05


Tree=221
num_leaves=20
num_cat=0
split_feature=39 13 37 40 37 30 37 37 27 41 37 43 43 28 0 13 41 21 25
split_gain=13.6332 57.4544 44.3831 24.9718 41.2732 57.0306 31.4869 69.4702 32.8492 30.8775 28.8165 20.8079 40.9528 37.9498 14.3056 41.6701 19.4407 1.99927 1.34538
threshold=85.000000000000014 38.500000000000007 63.812500000000007 31.500000000000004 55.562500000000007 0.0059523809523809408 59.26250000000001 61.01250000000001 2.9987286037441643 292.50000000000006 53.612500000000004 28.928571428571434 28.785714285714288 35.146527777777784 29.604166666666668 63.500000000000007 194.50000000000003 0.47916666666666669 0.38970294615692352
decision_type=2 2 2 2 2 2 2 2 2 2 2 2 2 2 2 2 2 2 2
left_child=3 -2 -3 9 10 -6 8 -8 -7 11 17 12 13 -1 15 -13 -16 -5 -19
right_child=1 2 -4 4 5 6 7 -9 -10 -11 -12 14 -14 -15 16 -17 -18 18 -20
leaf_value=-9.0780441314774744e-05 0.028218647548055743 -0.0089993185363709937 -0.11433579314500093 -0.015842075708011785 0.081031830247604492 0.014052659752113478 -0.066890986738726496 0.013371716833522866 0.083241803404586076 -0.056877975290020311 -0.072508855611085887 0.034393702582547474 -0.056794525869190697 -0.052202010729483196 0.057599743949249382 -0.034263486969165313 0.0043541119992733003 0.011675763385719622 -0.0058831596475405002
leaf_weight=19429 32 20 20 24 33 42 30 266 29 24 20 51 32 35 40 39 30 20 24
leaf_count=19429 32 20 20 24 33 42 30 266 29 24 20 51 32 35 40 39 30 20 24
internal_value=2.82837e-07 -0.0217181 -0.0616676 7.78178e-05 0.0112507 0.0180711 0.0124097 0.00523698 0.042313 -0.000199234 -0.0197508 -0.000130029 -0.000277404 -0.000184486 0.0178276 0.00464225 0.0347802 -0.00423368 0.00209817
internal_weight=20240 72 40 20168 488 400 367 296 71 19680 88 19656 19496 19464 160 90 70 68 44
internal_count=20240 72 40 20168 488 400 367 296 71 19680 88 19656 19496 19464 160 90 70 68 44
is_linear=0
shrinkage=0.05


Tree=222
num_leaves=22
num_cat=0
split_feature=28 28 42 29 48 18 25 24 0 36 40 24 26 28 41 30 23 9 43 30 39
split_gain=13.9136 48.4072 67.2886 143.561 58.4556 43.047 42.8516 37.0957 30.7305 29.1803 26.6158 22.8735 35.8829 88.8497 69.2837 67.526 43.085 25.9447 28.7536 13.7525 13.1865
threshold=32.813194444444449 33.215972222222227 160.57142857142858 3.3117260699530182 0.91071428571428592 0.25000000000000017 3.0023207439404311 35.559523809523817 37.270833333333336 3.3571428571428572 24.500000000000004 34.101190476190482 28.348214285714288 30.463888888888892 72.500000000000014 0.053571428571428541 35.145833333333336 0.99661915204678375 24.642857142857149 0.68154761904761929 48.500000000000007
decision_type=2 2 2 2 2 2 2 2 2 2 2 2 2 2 2 2 2 2 2 2 2
left_child=7 5 3 -3 20 -2 -5 11 9 -6 -10 12 13 16 -14 -16 -1 18 -13 -7 -4
right_child=1 2 4 6 8 19 -8 -9 10 -11 -12 17 14 -15 15 -17 -18 -19 -20 -21 -22
leaf_value=0.00021677253026029905 0.089108972158283006 -0.14878336184404115 0.095454330742359164 0.056868173622272235 0.066240049685750688 -0.013783215269770312 -0.038811787482351062 -0.050908002774748544 0.0051269155527864192 0.0043414001416999344 -0.072729135984959822 0.088047923271854733 0.065711699798703199 0.092563591209741738 -0.043745196010503508 -0.0059312459797466917 -0.038806110701825422 -0.012084463238716127 0.011428603522479534 0.041512495956637641 0.039358100058002908
leaf_weight=18876 32 22 20 22 21 23 25 36 21 204 23 24 28 26 153 517 71 27 25 22 22
leaf_count=18876 32 22 20 22 21 23 25 36 21 204 23 24 28 26 153 517 71 27 25 22 22
internal_value=2.6871e-07 0.00862553 0.00130031 -0.0433685 0.0112108 0.0447759 0.00597458 -0.00019898 0.00264529 0.0101186 -0.0355706 -0.000106535 -0.000212309 0.000197292 -0.011346 -0.0145664 7.05423e-05 0.0272709 0.0489564 0.0132502 0.0660706
internal_weight=20240 457 380 69 311 77 47 19783 269 225 44 19747 19671 18973 698 670 18947 76 49 45 42
internal_count=20240 457 380 69 311 77 47 19783 269 225 44 19747 19671 18973 698 670 18947 76 49 45 42
is_linear=0
shrinkage=0.05


Tree=223
num_leaves=31
num_cat=2
split_feature=45 50 21 16 7 27 26 30 29 37 28 49 37 43 13 25 0 26 13 27 13 35 22 29 29 12 1 30 42 25
split_gain=13.877 75.388 68.9744 65.6523 55.9868 51.8709 151.893 45.0227 112.105 288.903 118.583 74.4845 82.4873 75.4644 41.7661 40.0084 40.3706 135.499 77.5774 49.0661 39.8128 39.5162 42.2916 36.046 58.731 34.2476 33.4765 58.8112 60.7622 54.4152
threshold=4.5000000000000009 0 11.937500000000002 -0.56174490092936669 0.15978185087333044 5.6618609004608631 24.864583333333339 0.023809523809523829 3.7904492844293762 55.562500000000007 22.856250000000003 1 72.96250000000002 8.071428571428573 231.50000000000003 0.58767516702492106 20.645833333333339 18.086309523809529 137.50000000000003 3.6072209225176048 331.50000000000006 6.3571428571428585 29.062500000000004 5.5512514978644871 4.5772375432928021 8.5000000000000018 27.937500000000004 0.85714285714285732 166.92857142857147 0.80126800964500677
decision_type=2 1 2 2 2 2 2 2 2 2 2 1 2 2 2 2 2 2 2 2 2 2 2 2 2 2 2 2 2 2
left_child=1 2 -1 15 14 7 -7 8 10 -10 -3 13 -13 -9 -4 -2 21 18 -18 -19 26 22 -17 24 -22 -6 -5 28 -28 -29
right_child=3 5 4 20 25 6 -8 11 9 -11 -12 12 -14 -15 -16 16 17 19 -20 -21 23 -23 -24 -25 -26 -27 27 29 -30 -31
leaf_value=-0.00085050004201808142 -0.00017616946878507459 0.0036622417256588374 -0.042868283560447806 5.1540429636478776e-05 -0.051787476452148484 -0.11988080908777193 0.046518748199256763 0.065259293746203192 -0.021348021662561223 0.087274138807767521 -0.098401100522485282 -0.013722297634402254 0.013267367880640403 0.00088652046365377153 -0.11851525284551286 0.017302610503225825 0.010410787565633656 -0.0051615871867003449 -0.1107093307738885 0.018895478027799808 0.0099836732632214049 0.065344589061680294 -0.054349951552493239 -0.039433455993903098 0.065607713173709017 0.010661125223019294 -0.0079753191005299574 -0.0069160343613475566 0.026677256001987393 -0.097758195023326319
leaf_weight=140 1172 1526 36 5545 46 32 24 46 112 135 29 1889 333 4436 37 1064 20 369 39 498 311 42 21 29 56 42 2010 32 135 34
leaf_count=140 1172 1526 36 5545 46 32 24 46 112 135 29 1889 333 4436 37 1064 20 369 39 498 311 42 21 29 56 42 2010 32 135 34
internal_value=2.55279e-07 -0.00148307 -0.0256651 0.00115581 -0.0488371 -0.000602264 -0.0485667 -0.000287194 0.00672918 0.0380204 0.00175881 -0.00217316 -0.00963413 0.00154375 -0.0812099 0.00719458 0.0114023 0.00366725 -0.0696517 0.00865666 -0.00123318 0.0177579 0.0159158 0.0142308 0.0184713 -0.0219825 -0.00202273 -0.00722481 -0.00579439 -0.0537135
internal_weight=20240 8863 301 11377 161 8562 56 8506 1802 247 1555 6704 2222 4482 73 3225 2053 926 59 867 8152 1127 1085 396 367 88 7756 2211 2145 66
internal_count=20240 8863 301 11377 161 8562 56 8506 1802 247 1555 6704 2222 4482 73 3225 2053 926 59 867 8152 1127 1085 396 367 88 7756 2211 2145 66
cat_boundaries=0 1 2
cat_threshold=160 25
is_linear=0
shrinkage=0.05


Tree=224
num_leaves=30
num_cat=1
split_feature=50 24 27 3 42 37 1 45 3 29 28 48 13 31 1 27 21 45 37 27 27 42 42 26 9 1 38 13 6
split_gain=14.3878 60.4385 62.9284 54.6213 52.25 52.6783 45.2215 42.8962 37.0648 48.5847 36.8137 87.061 118.56 74.4649 53.1275 48.0217 46.7176 70.1274 72.3806 48.3021 98.6447 82.6999 36.7949 36.2675 34.6451 27.9092 20.1584 16.6982 11.8486
threshold=0 8.3065476190476222 2.5482232800772722 2.6875000000000004 43.857142857142868 67.337500000000006 16.229166666666668 31.500000000000004 0.18750000000000003 2.8760223847109905 24.592361111111114 0.91071428571428592 128.50000000000003 4.5000000000000009 31.729166666666668 1.813022268707859 26.812500000000004 21.500000000000004 86.062500000000014 5.1379845452418804 4.4623090862005137 120.64285714285715 140.21428571428575 8.590773809523812 0.99765211640211648 16.770833333333339 141.50000000000003 170.50000000000003 0.45753087551968702
decision_type=1 2 2 2 2 2 2 2 2 2 2 2 2 2 2 2 2 2 2 2 2 2 2 2 2 2 2 2 2
left_child=1 2 6 10 5 -3 27 8 23 -10 16 13 14 26 -13 -15 19 22 -19 20 -2 -21 -18 -6 25 -4 -12 -1 -9
right_child=3 4 24 -5 7 -7 -8 28 9 -11 11 12 -14 15 -16 -17 17 18 -20 21 -22 -23 -24 -25 -26 -27 -28 -29 -30
leaf_value=-0.0012692254222929477 -0.0012590296296902637 -0.097470484646382166 0.021267320071497273 -0.073711356062155509 -0.049587384223317106 -0.003298274145433397 0.11078119484009222 0.026480847402759224 0.0048489270249212338 0.061726905340165429 0.037960135638713838 -0.0038746381019193091 -0.12667690967520079 0.06162111401557923 -0.055074455375832165 -0.025222782881405111 -0.050182849190951818 0.10174864325154986 0.021633960012203229 -0.049766429074694439 0.038465667144928439 0.021739990130687753 0.026430876448750498 0.00069152351625696262 0.059744110064847138 -0.04304826974466041 0.10895033046603203 0.063341513425111781 0.079101807437837124
leaf_weight=20 9122 27 31 26 36 33 32 23 110 57 20 152 30 20 76 78 42 36 130 124 159 60 25 9653 21 37 20 20 20
leaf_count=20 9122 27 31 26 36 33 32 23 110 57 20 152 30 20 76 78 42 36 130 124 159 60 25 9653 21 37 20 20 20
internal_value=2.42519e-07 0.00133268 0.031724 -0.0013322 0.000842705 -0.0456758 0.0664784 0.00112466 0.000907259 0.0242624 -0.00114708 -0.01609 -0.0332361 0.0159656 -0.0209412 -0.00749954 -0.000536916 0.0215814 0.0390082 -0.0010814 -0.000578475 -0.0264491 -0.0215956 0.00050471 0.00360817 -0.0137279 0.0734552 0.0310361 0.0509557
internal_weight=20240 10120 161 10120 9959 60 72 9899 9856 167 10094 396 258 138 228 98 9698 233 166 9465 9281 184 67 9689 89 68 40 40 43
internal_count=20240 10120 161 10120 9959 60 72 9899 9856 167 10094 396 258 138 228 98 9698 233 166 9465 9281 184 67 9689 89 68 40 40 43
cat_boundaries=0 1
cat_threshold=45
is_linear=0
shrinkage=0.05


Tree=225
num_leaves=18
num_cat=0
split_feature=32 4 39 25 34 0 43 43 37 43 25 36 30 42 23 28 25
split_gain=13.8669 27.0861 18.4365 33.3657 17.395 21.4576 46.9101 79.0075 61.3655 57.2795 37.521 27.5598 76.3864 50.8191 27.9644 132.24 39.365
threshold=15.500000000000002 0.97916666666666685 73.500000000000014 1.5087651751506208 18.500000000000004 32.895833333333336 16.071428571428573 20.928571428571434 66.287500000000023 29.071428571428573 4.3192497383699004 9.3571428571428594 0.31845238095238099 151.07142857142858 32.770833333333336 24.414583333333336 3.879376475052394
decision_type=2 2 2 2 2 2 2 2 2 2 2 2 2 2 2 2 2
left_child=4 -2 3 -3 5 11 10 8 -8 -9 -7 14 -13 -14 16 -16 -1
right_child=1 2 -4 -5 -6 6 7 9 -10 -11 -12 12 13 -15 15 -17 -18
leaf_value=-0.00045807755215130828 -0.020348514706799478 0.017913930634817773 -0.00068805401141826923 0.099540443647475482 0.033263265765988481 -0.10327342476128885 0.076247625881211561 -0.022081632760649662 -0.0022298864712762944 0.028079381154210711 -0.011938209509985014 0.10339713122533717 -0.016718303538350895 0.030331786349415781 -0.13897701984271407 -0.0065229422324251359 0.0085231020357770144
leaf_weight=17590 33 31 26 21 39 23 47 378 53 67 22 23 110 120 20 326 1311
leaf_count=17590 33 31 26 21 39 23 47 378 53 67 22 23 110 120 20 326 1311
internal_value=2.30366e-07 0.0176242 0.0336896 0.0508785 -9.6956e-05 -0.000161717 -0.00955596 -0.00550474 0.0346545 -0.0145293 -0.0586207 0.000122519 0.0165175 0.00782957 -9.2992e-05 -0.0141792 0.00016487
internal_weight=20240 111 78 52 20129 20090 590 545 100 445 45 19500 253 230 19247 346 18901
internal_count=20240 111 78 52 20129 20090 590 545 100 445 45 19500 253 230 19247 346 18901
is_linear=0
shrinkage=0.05


Tree=226
num_leaves=31
num_cat=3
split_feature=13 43 50 27 0 23 48 35 13 39 50 13 20 43 35 41 43 25 39 39 13 28 7 49 42 13 43 25 28 27
split_gain=13.6895 53.0586 72.1386 50.1277 52.5763 74.0363 61.1476 111.366 49.9168 48.1288 47.2181 58.9713 52.8364 46.7118 57.5765 43.6068 46.9014 41.5596 50.1944 48.2616 39.9545 93.1834 137.686 57.9782 40.8799 136.864 57.3333 39.8702 58.0252 47.8598
threshold=79.500000000000014 24.500000000000004 0 1.5104644264569285 22.645833333333339 26.395833333333339 0.98214285714285732 5.9285714285714297 34.500000000000007 38.500000000000007 1 22.500000000000004 27.729166666666668 9.7857142857142865 2.785714285714286 199.00000000000003 20.214285714285719 1.2575170524475556 62.500000000000007 42.500000000000007 86.500000000000014 22.270833333333336 0.26545463606295955 2 127.35714285714288 106.50000000000001 21.071428571428573 2.2943346407330258 13.72638888888889 2.6239141319306039
decision_type=2 2 1 2 2 2 2 2 2 2 1 2 2 2 2 2 2 2 2 2 2 2 2 1 2 2 2 2 2 2
left_child=3 15 -3 13 5 27 10 -8 -9 -7 12 -12 -6 14 -1 20 -17 -4 19 -19 21 23 -23 -2 26 -26 -22 29 -29 -5
right_child=1 2 17 4 6 9 7 8 -10 -11 11 -13 -14 -15 -16 16 -18 18 -20 -21 24 22 -24 -25 25 -27 -28 28 -30 -31
leaf_value=-0.00054075254302006221 0.011400598300600886 0.010917168262047632 0.018936825171113017 0.012750510214298794 -0.034086003384930695 0.11064074462459934 0.038765829942244409 0.0016862656850859803 -0.055231339993708307 0.031643191973368331 -0.023115271724373946 0.035907657434055142 0.010187528412537398 -0.00094306044220509059 -0.099683712091710841 0.062969059877130876 0.0033076937371515668 -0.022286326764151456 0.022219309583306313 -0.084613643533521105 -0.00082271887521273535 -0.011407171662652954 -0.11687093763327112 -0.027674751534747584 0.045398022065189884 0.001668019788512538 -0.078173646788733703 0.033785025919565843 -0.014321544297606976 0.04713742227789431
leaf_weight=32 269 108 24 550 106 31 59 53 141 51 53 210 185 2727 27 56 80 48 20 88 13088 84 49 134 208 1280 24 84 247 124
leaf_count=32 269 108 24 550 106 31 59 53 141 51 53 210 185 2727 27 56 80 48 20 88 13088 84 49 134 208 1280 24 84 247 124
internal_value=2.18879e-07 -0.000712924 -0.0219745 0.00237127 0.00864732 0.0158252 -0.00102105 -0.0213876 -0.0396817 0.0615081 0.00827992 0.0231337 -0.00574227 -0.00189537 -0.0459113 -0.000311973 0.0278741 -0.0400888 -0.0517395 -0.0626158 -0.000565231 -0.0139725 -0.0502622 -0.00199602 -7.30177e-05 0.00778082 -0.000964301 0.0120979 -0.00211323 0.0190769
internal_weight=20240 15560 288 4680 1894 1087 807 253 194 82 554 263 291 2786 59 15272 136 180 156 136 15136 536 133 403 14600 1488 13112 1005 331 674
internal_count=20240 15560 288 4680 1894 1087 807 253 194 82 554 263 291 2786 59 15272 136 180 156 136 15136 536 133 403 14600 1488 13112 1005 331 674
cat_boundaries=0 1 2 3
cat_threshold=138 168 25
is_linear=0
shrinkage=0.05


Tree=227
num_leaves=31
num_cat=2
split_feature=13 13 13 14 30 6 35 1 38 48 42 29 35 29 13 28 35 28 45 39 27 13 50 13 38 32 42 50 25 22
split_gain=13.7219 74.9512 172.375 149.285 257.266 123.003 100.569 97.6329 96.8566 82.8805 90.8461 92.4764 88.756 166.324 82.1813 135.692 142.892 128.668 76.6939 71.2169 67.9854 65.1282 77.7938 60.2745 59.8466 65.9273 56.3069 53.9308 47.3045 45.7372
threshold=237.50000000000003 203.50000000000003 211.50000000000003 28.500000000000004 0.0059523809523809703 0.47961233985980184 5.3571428571428585 31.937500000000004 85.500000000000014 0.94642857142857151 103.92857142857144 4.660508174669407 4.3571428571428585 4.9935732012093332 170.50000000000003 21.121527777777782 4.6428571428571432 19.952083333333338 15.500000000000002 29.500000000000004 2.7923311890796554 243.50000000000003 0 221.50000000000003 88.500000000000014 2.5000000000000004 75.785714285714292 1 2.9718420470772906 13.687500000000002
decision_type=2 2 2 2 2 2 2 2 2 2 2 2 2 2 2 2 2 2 2 2 2 2 1 2 2 2 2 1 2 2
left_child=1 3 6 14 5 26 24 -7 20 12 27 -12 23 -14 -1 17 -17 -16 19 -6 -8 22 28 -4 25 -3 -5 -11 29 -2
right_child=21 2 9 4 18 7 8 -9 -10 10 11 -13 13 -15 15 16 -18 -19 -20 -21 -22 -23 -24 -25 -26 -27 -28 -29 -30 -31
leaf_value=0.00097092214751026045 0.077629165123311847 -0.022865769667711495 0.080749208901504999 0.079080101188558793 -0.0003326327091565839 0.089605761940280595 -0.097527878696010234 0.21130965122809778 -0.14093379609700707 0.0097189107088568507 -0.11471929758554325 0.0094287602230906497 -0.046511713817546319 0.11322432614397258 -0.0080876466166580757 0.044023484250323645 -0.064664910849252785 0.080929174655604938 0.050210295245051384 -0.085684670509238336 0.031280807107686999 0.00098501869554875297 -0.0027940264211681028 0.02119588960494314 0.012046650028450118 -0.092035721474308149 -0.0309986204718284 -0.018478457360275657 0.12460232141681693 0.0093133028748692299
leaf_weight=11960 49 116 61 26 81 45 21 26 45 303 40 24 88 20 1213 36 189 42 46 35 20 4920 120 140 69 49 21 364 22 49
leaf_count=11960 49 116 61 26 81 45 21 26 45 303 40 24 88 20 1213 36 189 42 46 35 20 4920 120 140 69 49 21 364 22 49
internal_value=7.56329e-08 -0.00076147 -0.0119576 0.000348346 0.0364828 0.0926392 -0.0440483 0.134173 -0.0902848 -0.00208348 -0.0112605 -0.0681638 0.0196265 -0.016931 -0.000404456 -0.011519 -0.0472748 -0.0051086 -0.00442119 -0.0260854 -0.0346944 0.00222568 0.0276592 0.0392693 -0.0270554 -0.0434071 0.029896 -0.00580049 0.0538572 0.0434712
internal_weight=20240 15080 1360 13720 280 118 320 71 86 1040 731 64 309 108 13440 1480 225 1255 162 116 41 5160 240 201 234 165 47 667 120 98
internal_count=20240 15080 1360 13720 280 118 320 71 86 1040 731 64 309 108 13440 1480 225 1255 162 116 41 5160 240 201 234 165 47 667 120 98
cat_boundaries=0 1 2
cat_threshold=141 108
is_linear=0
shrinkage=0.05


Tree=228
num_leaves=31
num_cat=0
split_feature=37 29 37 27 28 24 24 23 29 18 25 27 48 20 20 37 24 29 48 27 18 30 43 1 18 37 43 27 22 6
split_gain=13.3622 39.8383 36.622 36.5758 44.6825 74.1368 58.5328 38.9153 35.433 33.5141 61.7339 36.0527 60.8047 36.9926 35.67 30.7745 45.9083 44.4877 117.44 62.5752 57.4091 64.171 50.2679 39.7368 56.2471 39.4695 38.7639 31.8433 32.3132 30.1688
threshold=98.625000000000014 2.2665475039002794 99.08750000000002 4.2588928668237651 24.414583333333336 19.901785714285719 28.014880952380956 28.145833333333339 4.5772375432928021 -0.9330127018922193 0.52468811597763887 0.16020258356636954 0.94642857142857151 6.479166666666667 9.5208333333333339 92.125000000000014 32.232142857142861 5.1096455838367563 0.98214285714285732 3.4243059026757563 -0.68301270189221952 0.01190476190476201 6.5000000000000009 57.812500000000007 1.0000000180025095e-35 89.46250000000002 16.071428571428573 6.9749007820073157 37.770833333333336 0.8143751712261752
decision_type=2 2 2 2 2 2 2 2 2 2 2 2 2 2 2 2 2 2 2 2 2 2 2 2 2 2 2 2 2 2
left_child=15 9 -3 4 5 -4 -6 -5 -9 10 -2 12 -11 -13 -15 23 17 20 19 -19 22 -22 -17 27 25 -25 -20 28 -1 -18
right_child=1 2 3 7 6 -7 -8 8 -10 11 -12 13 -14 14 -16 16 29 18 26 -21 21 -23 -24 24 -26 -27 -28 -29 -30 -31
leaf_value=0.00013856481901630311 0.011636624699458481 0.049527936286869502 0.014091866037259544 0.0074117235990392195 0.082989356598379665 -0.0551028715827587 0.017004859961012257 -0.093265670336162065 -0.0064189661888952327 -0.1037578361997889 -0.10063092269313832 -0.057986244489438836 -0.00071787743874621103 0.029765696588438008 -0.00057841045986044694 0.035921337345943737 -0.013759158961474897 0.062941924646496769 0.037484351897405253 -0.024140031247447104 -0.025613627237045262 0.0042975719800070877 -0.027164694959188457 0.028468777239322663 -0.025490442126989366 0.11664076569405468 0.11516094909145916 -0.041863303710189134 0.042102382639574859 -0.098608305440707644
leaf_weight=16787 25 63 322 74 49 44 107 24 23 22 24 24 41 120 502 34 20 25 36 118 226 868 443 30 25 22 29 45 46 22
leaf_count=16787 25 63 322 74 49 44 107 24 23 22 24 24 41 120 502 34 20 25 36 118 226 868 443 30 25 22 29 45 46 22
internal_value=-2.13601e-07 0.00460061 0.013147 0.00958244 0.0153239 0.00577337 0.0377308 -0.0151863 -0.0507662 -0.00335947 -0.0433516 -0.000595562 -0.0367001 0.00292547 0.00527576 -0.000358948 -0.00653567 -0.00531585 0.0164141 -0.00891591 -0.00819288 -0.00188152 -0.022668 0.000304444 0.0361415 0.0657723 0.0721401 0.00014095 0.00025324 -0.0582039
internal_weight=20240 1464 706 643 522 366 156 121 47 758 49 709 63 646 622 18776 1821 1779 208 143 1571 1094 477 16955 77 52 65 16878 16833 42
internal_count=20240 1464 706 643 522 366 156 121 47 758 49 709 63 646 622 18776 1821 1779 208 143 1571 1094 477 16955 77 52 65 16878 16833 42
is_linear=0
shrinkage=0.05


Tree=229
num_leaves=18
num_cat=0
split_feature=35 37 45 29 29 36 48 27 42 23 29 23 27 23 36 43 29
split_gain=13.535 27.1609 13.2611 14.8578 101.247 104.966 65.3205 52.1374 82.2069 108.783 79.05 81.2275 66.9395 62.8808 51.5006 102.409 88.7861
threshold=0.50000000000000011 61.987500000000004 44.500000000000007 3.4712697442458205 3.5334654028272579 7.6428571428571432 0.94642857142857151 2.5903175692240894 59.500000000000007 11.812500000000002 3.1317642586222409 9.3958333333333339 2.4127962866682373 18.187500000000004 4.2142857142857153 21.214285714285719 3.9014947682245289
decision_type=2 2 2 2 2 2 2 2 2 2 2 2 2 2 2 2 2
left_child=1 -1 3 7 5 6 -5 10 9 -9 12 -12 -2 -10 16 -16 -6
right_child=2 -3 -4 4 14 -7 -8 8 13 -11 11 -13 -14 -15 15 -17 -18
leaf_value=0.0073527581449598081 -0.00025303639462214621 -0.070821418613195422 0.03574646195540062 -0.063807295196978697 -0.023873012292982831 -0.13599927705526352 0.0072739317809065729 0.0089167099359449779 0.020490003537914133 -0.047907438463019869 -0.045944686939141582 0.035304588216217604 -0.018535825583347317 0.0015567590599929754 0.013674974362380188 -0.012134618090684073 -0.00080877611108007849
leaf_weight=25 12820 20 26 58 531 25 73 207 1017 142 35 254 521 771 1202 565 1948
leaf_count=25 12820 20 26 58 531 25 73 207 1017 142 35 254 521 771 1202 565 1948
internal_value=-2.02949e-07 -0.0273913 6.0832e-05 1.48294e-05 -0.00255352 -0.0421142 -0.0241971 0.00073189 0.00799321 -0.0142037 -0.000406588 0.0254647 -0.000967026 0.0123258 -0.00110005 0.00542233 -0.00574912
internal_weight=20240 45 20195 20169 4402 156 131 15767 2137 349 13630 289 13341 1788 4246 1767 2479
internal_count=20240 45 20195 20169 4402 156 131 15767 2137 349 13630 289 13341 1788 4246 1767 2479
is_linear=0
shrinkage=0.05


Tree=230
num_leaves=31
num_cat=1
split_feature=45 10 23 29 30 9 23 28 29 20 27 37 24 49 28 37 28 0 13 13 30 30 29 37 23 29 29 29 48 36
split_gain=13.5419 48.3994 49.6143 57.1193 62.849 65.0724 49.6869 56.7757 59.5075 50.3584 41.4795 38.2305 90.9537 73.0068 103.101 109.564 72.5861 61.1901 51.2893 44.9901 39.4729 45.025 86.0769 207.908 143.36 72.0312 76.6168 57.2382 37.2034 58.5849
threshold=9.5000000000000018 1.0000000180025095e-35 23.354166666666668 5.2888113251039632 0.77083333333333359 0.99690934065934078 19.854166666666668 18.884027777777778 5.5512514978644871 19.604166666666668 5.3672073560612255 88.037500000000009 19.830357142857149 0 14.492361111111114 112.58750000000002 23.336111111111112 6.8125000000000009 233.50000000000003 193.50000000000003 0.98511904761904789 0.023809523809523829 3.7904492844293762 55.562500000000007 17.145833333333339 3.3439206148066627 3.5334654028272579 2.6300400496657166 0.94642857142857151 4.0714285714285721
decision_type=2 2 2 2 2 2 2 2 2 2 2 2 2 1 2 2 2 2 2 2 2 2 2 2 2 2 2 2 2 2
left_child=11 2 6 4 5 -4 7 9 -9 -2 -5 20 13 18 17 -16 -14 -15 19 -13 21 22 24 -24 -1 27 -27 -23 -8 -30
right_child=1 -3 3 10 -6 -7 28 8 -10 -11 -12 12 16 14 15 -17 -18 -19 -20 -21 -22 25 23 -25 -26 26 -28 -29 29 -31
leaf_value=0.0039683765754571533 -0.0032409582010666268 0.003300203886791489 0.026146991831441244 -0.1131491527458032 -0.092747189169344699 -0.038338677766355307 -0.0013553775066801751 -0.046419210736003282 0.037372372925281526 0.073907352357425474 -0.020189131954684855 0.0084424412666206684 -0.12345576733993045 -0.033347548091272168 -0.070768539235734992 0.022481424361467363 -0.02286560641245005 -0.0010569823896471819 0.038303064327088319 -0.057115402091294537 0.0079005312011932276 -0.0036988528633517489 -0.024706646001338959 0.055344936195284723 -0.047298645752257312 -0.050174021440847177 -0.010088330133567885 0.0091751857912705376 0.019431626616402509 0.11829312823035501
leaf_weight=2289 549 6523 83 30 23 74 67 139 25 22 20 205 29 171 126 42 47 1033 140 30 1418 4713 125 231 145 145 670 1057 47 22
leaf_count=2289 549 6523 83 30 23 74 67 139 25 22 20 205 29 171 126 42 47 1033 140 30 1418 4713 125 231 145 145 670 1057 47 22
internal_value=-1.92742e-07 0.00166351 -0.0080333 -0.0286883 -0.0155558 -0.00424753 -0.00257906 -0.00771603 -0.0336461 -0.000268519 -0.0759651 -0.00100559 -0.00770277 -0.00537335 -0.0106852 -0.047456 -0.0612487 -0.0056431 0.0139732 7.33549e-05 0.000125607 -0.00105038 0.004273 0.0272369 0.000914261 -0.00330584 -0.0172201 -0.00134047 0.0251833 0.0509527
internal_weight=20240 7624 1101 230 180 157 871 735 164 571 50 12616 1823 1747 1372 168 76 1204 375 235 10793 9375 2790 356 2434 6585 815 5770 136 69
internal_count=20240 7624 1101 230 180 157 871 735 164 571 50 12616 1823 1747 1372 168 76 1204 375 235 10793 9375 2790 356 2434 6585 815 5770 136 69
cat_boundaries=0 1
cat_threshold=24
is_linear=0
shrinkage=0.05


Tree=231
num_leaves=31
num_cat=2
split_feature=27 30 43 12 42 28 4 45 45 50 29 16 16 22 25 30 6 50 28 1 13 29 42 13 29 37 25 45 42 43
split_gain=13.6901 21.0453 43.9468 38.5804 32.0866 47.1324 30.185 30.0575 28.0326 61.5516 64.7961 57.4935 55.1104 58.0831 51.6658 50.872 42.1279 34.1642 60.6463 51.3059 33.9917 41.0786 35.023 20.7529 18.7198 22.1296 18.1895 32.7835 22.8978 17.5182
threshold=0.21180707623942099 0.97321428571428592 11.071428571428573 5.5000000000000009 85.214285714285737 15.43402777777778 0.89583333333333337 10.500000000000002 4.5000000000000009 0 3.3117260699530182 -0.56174490092936669 1.0000000180025095e-35 34.687500000000007 5.3471809925062139 0.63988095238095266 0.67867892241408478 1 24.592361111111114 37.937500000000007 293.50000000000006 3.1923458376614287 121.92857142857144 6.5000000000000009 3.6719881489412267 53.01250000000001 0.22253194858686695 1.5000000000000002 160.57142857142858 13.071428571428573
decision_type=2 2 2 2 2 2 2 2 2 1 2 2 2 2 2 2 2 1 2 2 2 2 2 2 2 2 2 2 2 2
left_child=23 8 3 7 5 -4 -5 -3 9 10 15 17 13 -11 -14 -2 -12 19 -19 -10 21 -13 -22 -1 25 -6 28 -28 29 -25
right_child=1 2 4 6 24 -7 -8 -9 11 12 16 20 14 -15 -16 -17 -18 18 -20 -21 22 -23 -24 26 -26 -27 27 -29 -30 -31
leaf_value=-0.049849572680890561 -0.00028636077800940412 -0.052241095058808598 0.016432821037202148 -0.041452599540352825 -0.045358322560787201 0.078603516187932765 0.021490118151996286 0.0058551925805307202 0.022108811658388752 -0.0042741375584385002 -0.021956026215651417 0.0010723226143431722 0.0033880082950956333 -0.061411554213199354 0.062071677846343903 -0.031541202985914424 -0.09279440942891809 0.0054441241856467201 -0.036147069454603699 -0.00059251923026827896 0.00058794281656801648 -0.0073917508987132868 0.021017780665310994 -0.011064348592808632 0.034986521566259823 0.00530074420706508 -0.061811514289395235 -0.0025153335745609 -0.055430272072553632 0.0020093723299012211
leaf_weight=25 373 79 199 25 22 36 80 31 748 3837 41 3805 2889 45 38 200 43 1523 93 373 553 2300 338 351 52 1072 37 63 20 949
leaf_count=25 373 79 199 25 22 36 80 31 748 3837 41 3805 2889 45 38 200 43 1523 93 373 553 2300 338 351 52 1072 37 63 20 949
internal_value=-1.8311e-07 0.000360379 0.00585278 -0.0151751 0.00912648 0.0259568 0.00650376 -0.0358685 -0.000149294 -0.00245407 -0.0169496 0.00161866 -0.00102899 -0.00493647 0.00414987 -0.0111956 -0.0582185 0.00776255 0.00303181 0.0144265 -0.000784977 -0.00211644 0.00833798 -0.00468999 0.00567523 0.00428201 -0.00389492 -0.0244549 -0.00233735 -0.00152053
internal_weight=20240 18795 1596 215 1381 235 105 110 17199 7466 657 9733 6809 3882 2927 573 84 2737 1616 1121 6996 6105 891 1445 1146 1094 1420 100 1320 1300
internal_count=20240 18795 1596 215 1381 235 105 110 17199 7466 657 9733 6809 3882 2927 573 84 2737 1616 1121 6996 6105 891 1445 1146 1094 1420 100 1320 1300
cat_boundaries=0 1 2
cat_threshold=161 33
is_linear=0
shrinkage=0.05


Tree=232
num_leaves=23
num_cat=0
split_feature=28 28 42 29 48 27 13 25 24 0 0 40 31 1 24 26 45 28 9 43 13 37
split_gain=13.8519 41.5651 60.1919 126.539 52.6785 39.7897 44.5668 38.5603 31.7529 27.4928 25.319 23.4256 21.0953 55.3911 21.3953 21.8723 86.2541 79.0392 20.6729 24.6138 17.0127 9.6655
threshold=32.813194444444449 33.215972222222227 160.57142857142858 3.3117260699530182 0.91071428571428592 4.1240870385210959 59.500000000000007 3.0023207439404311 35.559523809523817 37.270833333333336 34.812500000000007 24.500000000000004 16.500000000000004 34.979166666666679 34.101190476190482 28.348214285714288 15.500000000000002 30.463888888888892 0.99661915204678375 24.642857142857149 125.50000000000001 61.187500000000007
decision_type=2 2 2 2 2 2 2 2 2 2 2 2 2 2 2 2 2 2 2 2 2 2
left_child=8 5 3 -3 21 6 -2 -5 12 10 -6 -11 14 20 15 17 -17 -1 19 -16 -14 -4
right_child=1 2 4 7 9 -7 -8 -9 -10 11 -12 -13 13 -15 18 16 -18 -19 -20 -21 -22 -23
leaf_value=7.7961155751174864e-05 0.021311303630471231 -0.13939764305779881 0.040400138090957299 0.05417402464557778 0.00035912606344070465 -0.0068074662100385741 0.11572191548347473 -0.036588780600577596 -0.047114317408866353 0.0050942140925187805 0.038924014868966322 -0.067947096636761795 -0.026166827582682559 -0.097824664114741611 0.084197097757588268 -0.023036342235225962 0.014003048314592845 0.087315377693336749 -0.0077716505298247715 0.0093264270041670122 0.033575154417617756 0.088426595181226739
leaf_weight=18915 25 22 22 22 168 27 25 25 36 21 57 23 26 20 23 415 253 26 26 21 22 20
leaf_count=18915 25 22 22 22 168 27 25 25 36 21 57 23 26 20 23 415 253 26 26 21 22 20
internal_value=-1.73974e-07 0.00860596 0.00181814 -0.0404296 0.0111914 0.0421043 0.0685166 0.00589594 -0.000198981 0.00306021 0.0101289 -0.0330865 -0.000113452 -0.0279144 -1.73866e-05 -0.000115889 -0.00900795 0.000197711 0.0275761 0.0484634 0.00121491 0.0632699
internal_weight=20240 457 380 69 311 77 50 47 19783 269 225 44 19747 68 19679 19609 668 18941 70 44 48 42
internal_count=20240 457 380 69 311 77 50 47 19783 269 225 44 19747 68 19679 19609 668 18941 70 44 48 42
is_linear=0
shrinkage=0.05


Tree=233
num_leaves=25
num_cat=1
split_feature=29 23 9 32 18 27 15 48 21 40 24 27 25 29 37 22 27 50 37 13 43 23 48 34
split_gain=13.3497 33.3981 29.9134 28.3662 64.4656 50.2331 32.5148 47.3206 37.2247 31.7047 24.1536 20.3043 25.3551 72.428 71.5899 23.3236 18.7379 18.1147 63.8132 50.6598 22.2034 19.9636 15.001 14.0258
threshold=1.3282789098138461 2.7291666666666674 0.97637648809523825 1.0000000180025095e-35 -0.9330127018922193 3.3193509680181057 1.0000000180025095e-35 0.98214285714285732 34.812500000000007 18.500000000000004 5.7708333333333348 1.7367642234905663 1.3487145697750396 1.2993483655355884 55.32500000000001 20.687500000000004 1.6641536019837095 0 62.57500000000001 117.50000000000001 15.785714285714286 33.479166666666679 0.8392857142857143 5.5000000000000009
decision_type=2 2 2 2 2 2 2 2 2 2 2 2 2 2 2 2 2 1 2 2 2 2 2 2
left_child=11 10 16 4 5 -4 7 -5 -8 -6 -2 12 17 14 -14 -16 -3 18 20 -20 -1 22 -19 -18
right_child=1 2 3 6 9 -7 8 -9 -10 -11 -12 -13 13 -15 15 -17 23 21 19 -21 -22 -23 -24 -25
leaf_value=-0.018454483251995835 0.071983047361884808 0.00030050429205099742 -0.042897652032154947 0.0022337061776845275 -0.004168630708199437 0.040954142864793541 0.0050102868626459626 -0.0062123225813103013 -0.019054416376334357 0.033499443512409931 0.0088451811987342258 0.040685658881557174 -0.10077681774273516 -0.094560523947271019 3.9181177271530032e-05 -0.042736525535583499 0.024265037775039675 -0.021454459720236414 -0.019633542549230956 -0.12102381227093495 0.0056032799911793219 0.049437345201149591 -0.000295863756126104 0.077777702039262903
leaf_weight=163 28 30 167 4369 810 20 5031 2673 166 60 33 28 20 26 356 35 25 85 28 22 233 20 5788 24
leaf_count=163 28 30 167 4369 810 20 5031 2673 166 60 33 28 20 26 356 35 25 85 28 22 233 20 5788 24
internal_value=-1.65294e-07 0.000913629 0.000745279 0.000563011 -0.0072956 -0.0339295 0.00124171 -0.000972235 0.00424162 -0.00157083 0.0378265 -0.00180465 -0.00198023 -0.0136292 -0.00850941 -0.00378985 0.0314216 -0.00117718 -0.010778 -0.0642453 -0.00429928 -0.000431533 -0.000602092 0.0504753
internal_weight=20240 13436 13375 13296 1057 187 12239 7042 5197 870 61 6804 6776 437 411 391 79 6339 446 50 396 5893 5873 49
internal_count=20240 13436 13375 13296 1057 187 12239 7042 5197 870 61 6804 6776 437 411 391 79 6339 446 50 396 5893 5873 49
cat_boundaries=0 1
cat_threshold=4
is_linear=0
shrinkage=0.05


Tree=234
num_leaves=12
num_cat=0
split_feature=32 21 5 39 38 30 25 38 31 34 37
split_gain=13.0975 26.5922 29.6184 21.4844 16.199 33.0807 21.9536 21.644 17.332 15.5711 14.0724
threshold=15.500000000000002 34.687500000000007 0.68750000000000011 68.500000000000014 256.00000000000006 0.7767857142857143 2.6872192816378719 249.00000000000003 16.500000000000004 18.500000000000004 98.625000000000014
decision_type=2 2 2 2 2 2 2 2 2 2 2
left_child=4 2 -2 -4 7 6 -6 8 9 10 -1
right_child=1 -3 3 -5 5 -7 -8 -9 -10 -11 -12
leaf_value=-0.00045103407960724279 -0.042580563843250277 0.059263162421328688 0.04631226071441133 -0.016404363904571669 0.038522368135108127 -0.070157154709100722 -0.034674149435013533 0.050721037871248667 -0.043445626759658691 0.031546141933172178 0.0046444065663654608
leaf_weight=18518 25 28 36 22 21 25 20 21 23 39 1462
leaf_count=18518 25 28 36 22 21 25 20 21 23 39 1462
internal_value=-1.5697e-07 0.0171279 0.00291363 0.0225232 -9.46086e-05 -0.0248249 0.00281675 -1.3255e-05 -6.64144e-05 -1.65756e-05 -7.81845e-05
internal_weight=20240 111 83 58 20129 66 41 20063 20042 20019 19980
internal_count=20240 111 83 58 20129 66 41 20063 20042 20019 19980
is_linear=0
shrinkage=0.05


Tree=235
num_leaves=31
num_cat=2
split_feature=13 29 0 22 45 29 0 37 7 49 27 13 42 37 4 13 24 35 45 29 3 49 41 37 0 29 25 42 1 34
split_gain=12.7894 39.8376 116.741 46.421 60.0765 63.7575 58.6214 55.3189 59.718 42.9322 57.177 53.5427 33.2882 28.6023 39.1311 26.4793 51.6644 83.8958 33.4664 22.414 20.9222 19.2987 81.4023 75.4721 65.4052 87.2915 37.4176 18.8724 14.8306 10.5282
threshold=317.50000000000006 2.742997476662246 24.354166666666668 10.395833333333334 15.500000000000002 3.7006237386048659 29.604166666666668 58.412500000000009 0.10352682041979795 0 2.3557615967708618 329.50000000000006 81.071428571428584 49.51250000000001 1.0000000180025095e-35 311.50000000000006 13.681547619047622 6.0714285714285721 7.5000000000000009 3.6144008131270806 4.0833333333333348 1 66.500000000000014 57.162500000000009 22.437500000000004 3.7904492844293762 5.1508089939629746 66.642857142857153 12.895833333333334 7.5000000000000009
decision_type=2 2 2 2 2 2 2 2 2 1 2 2 2 2 2 2 2 2 2 2 2 1 2 2 2 2 2 2 2 2
left_child=15 2 9 -3 7 -6 -7 19 -9 13 12 -12 -11 -2 -15 20 27 -18 -19 -5 21 22 -1 -24 26 -26 -23 -17 -29 -20
right_child=1 3 -4 4 5 6 -8 8 -10 10 11 -13 -14 14 -16 16 17 18 29 -21 -22 24 23 -25 25 -27 -28 28 -30 -31
leaf_value=0.082544633880024781 -0.011583806531659017 0.074902864480391143 -0.11801686159202032 0.012209979674123505 0.089725866159867676 -0.0037978694345174209 0.069075321001000708 -0.037760825593672373 0.0069141866587032787 -0.040602816295894711 -0.10847155271241299 -0.010439770122369131 1.1563425356203492e-05 0.060667042694985865 0.011662386344816146 -0.033833789546042679 -0.10412772602091235 0.020167134981602431 -0.01986812000924891 0.059989806281195747 -0.046845146485914785 -0.0002873310200730888 -0.010009761545390621 0.006699516229930565 0.0080076237448439419 -0.023588116179156973 0.02708865444338511 0.0057873152471028082 0.054048733338713656 -0.069992104787379508
leaf_weight=32 114 30 21 54 42 89 40 115 214 55 26 30 610 45 430 24 36 40 22 45 24 13304 907 2651 324 672 126 78 20 20
leaf_count=32 114 30 21 54 42 89 40 115 214 55 26 30 610 45 430 24 36 40 22 45 24 13304 907 2651 324 672 126 78 20 20
internal_value=-1.49195e-07 0.00383825 -0.00106207 0.0142076 0.0111678 0.0362192 0.0187985 0.00115893 -0.0087017 0.000812774 -0.00733181 -0.0559545 -0.00334752 0.010725 0.0163049 -0.000411707 -0.0169103 -0.0404988 -0.0125641 0.0339281 -0.000192213 -0.000130064 0.00314528 0.00244001 -0.000946677 -0.01331 -3.04901e-05 0.00590471 0.0156366 -0.0437367
internal_weight=20240 1960 1331 629 599 171 129 428 329 1310 721 56 665 589 475 18280 240 118 82 99 18040 18016 3590 3558 14426 996 13430 122 98 42
internal_count=20240 1960 1331 629 599 171 129 428 329 1310 721 56 665 589 475 18280 240 118 82 99 18040 18016 3590 3558 14426 996 13430 122 98 42
cat_boundaries=0 1 2
cat_threshold=18 4
is_linear=0
shrinkage=0.05


Tree=236
num_leaves=26
num_cat=1
split_feature=41 21 35 51 41 24 9 36 12 27 48 37 43 14 1 25 0 36 24 29 42 42 23 13 36
split_gain=12.3223 30.7586 25.419 20.4705 14.4368 35.853 36.5245 50.2545 46.5598 38.7121 26.1057 22.2262 19.279 66.8513 81.4672 80.1856 57.3759 38.4129 98.2157 68.3876 31.1202 39.3001 167.056 22.5932 21.6469
threshold=29.500000000000004 10.270833333333334 2.2142857142857149 0 42.500000000000007 16.455357142857149 0.99747242647058831 3.0714285714285716 6.5000000000000009 3.639433783520289 0.98214285714285732 87.512500000000017 9.071428571428573 28.500000000000004 10.85416666666667 3.5033937970642066 6.0625000000000009 3.3571428571428572 14.699404761904763 3.5334654028272579 53.500000000000007 70.071428571428584 16.395833333333339 157.50000000000003 1.642857142857143
decision_type=2 2 2 1 2 2 2 2 2 2 2 2 2 2 2 2 2 2 2 2 2 2 2 2 2
left_child=1 2 3 -1 5 6 9 10 -9 11 -8 -2 13 17 16 -16 -15 19 -19 -6 24 22 -22 -23 -14
right_child=4 -3 -4 -5 12 -7 7 8 -10 -11 -12 -13 20 14 15 -17 -18 18 -20 -21 21 23 -24 -25 -26
leaf_value=0.052656007379941319 0.0018670760091724029 0.056182608205605958 -0.046289587901397186 -0.012705295369960368 -0.0017103248143135238 0.046721866503357891 -0.034358455126306843 -0.023380958675765076 -0.118947099506855 0.065952189825475224 0.0082361220882425229 -0.020778779400054428 0.0079180083610117438 0.013732272067742694 0.033710960932571359 -0.043716178618423231 -0.026521153621763612 -0.0099224318887007109 -0.11579401810467244 0.068621458364133206 -0.0026324271411065038 0.0018706759726021963 -0.058080647856811218 -0.0019531685880905527 0.07025046665579654
leaf_weight=23 360 34 22 25 866 30 70 26 25 20 74 155 30 216 470 36 150 177 25 36 1353 9160 151 6680 26
leaf_count=23 360 34 22 25 866 30 70 26 25 20 74 155 30 216 470 36 150 177 25 36 1353 9160 151 6680 26
internal_value=-1.41687e-07 0.0171663 -0.0017845 0.0186137 -8.88042e-05 -0.00684877 -0.0090503 -0.0275754 -0.0702271 -0.00229817 -0.0124696 -0.00494867 0.000176347 0.00485652 0.0152045 0.0282023 -0.00276503 -0.00331693 -0.0230254 0.00109671 -0.000355148 -0.000475301 -0.00819937 0.000258095 0.0368581
internal_weight=20240 104 70 48 20136 760 730 195 51 535 144 515 19376 1976 872 506 366 1104 202 902 17400 17344 1504 15840 56
internal_count=20240 104 70 48 20136 760 730 195 51 535 144 515 19376 1976 872 506 366 1104 202 902 17400 17344 1504 15840 56
cat_boundaries=0 1
cat_threshold=4
is_linear=0
shrinkage=0.05


Tree=237
num_leaves=18
num_cat=1
split_feature=45 50 28 3 42 30 48 23 25 27 1 28 28 25 27 27 13
split_gain=12.5937 13.151 54.3513 46.4256 43.8698 42.2219 80.5055 58.2654 41.5883 64.5421 39.8469 84.5967 105.329 44.3875 81.6579 29.5357 26.6313
threshold=44.500000000000007 0 9.1486111111111139 2.6875000000000004 41.500000000000007 0.29761904761904773 0.87500000000000011 8.1458333333333339 1.3168311571357614 3.3850448856987021 31.604166666666668 16.735416666666669 17.815972222222225 5.5020396740111357 4.3019365669452281 2.9441227364849776 189.50000000000003
decision_type=2 1 2 2 2 2 2 2 2 2 2 2 2 2 2 2 2
left_child=1 2 8 10 -4 6 -6 -7 -1 16 13 15 -13 14 -3 -12 -10
right_child=-2 3 4 -5 5 7 -8 -9 9 -11 11 12 -14 -15 -16 -17 -18
leaf_value=0.099667344191534959 0.034776001223004782 -0.00065017740226374591 -0.06161575042642653 -0.068049569886464337 -0.015884305255074317 -0.037443092606762159 0.0071281726314250662 -0.0010237217579138376 -0.049532745188723012 0.091016886116598139 0.10128344051539898 -0.067849616650935446 -0.0088855906263108717 -0.064180301980080984 0.033179621936262144 0.019011998797456423 0.026627409288829024
leaf_weight=22 26 8961 28 26 422 112 3823 5645 24 22 20 84 770 27 182 24 22
leaf_count=22 26 8961 28 26 422 112 3823 5645 24 22 20 84 770 27 182 24 22
internal_value=-1.34615e-07 -4.4865e-05 0.00122824 -0.00132116 0.000882358 0.00105732 0.00484048 -0.00173225 0.0399119 0.0205792 -0.00115015 -0.0112019 -0.0146853 -0.000165803 2.32365e-05 0.0564081 -0.0131083
internal_weight=20240 20214 10120 10094 10030 10002 4245 5757 90 68 10068 898 854 9170 9143 44 46
internal_count=20240 20214 10120 10094 10030 10002 4245 5757 90 68 10068 898 854 9170 9143 44 46
cat_boundaries=0 1
cat_threshold=45
is_linear=0
shrinkage=0.05


Tree=238
num_leaves=31
num_cat=1
split_feature=45 25 48 27 1 44 25 28 29 23 25 40 31 1 28 29 22 27 41 49 40 27 35 13 43 35 26 42 23 38
split_gain=12.8861 37.1155 75.2345 56.6859 72.9151 59.3022 48.4111 69.3187 66.3821 117.354 55.6939 50.4858 47.3532 42.6454 108.009 42.2493 39.4139 34.8577 33.4389 32.2559 55.4468 71.464 70.6226 72.2074 165.574 62.4378 127.856 71.1915 56.4397 89.4675
threshold=13.500000000000002 3.0377569800082296 0.80357142857142871 5.2495316171844673 37.770833333333336 1.5000000000000002 5.3471809925062139 23.174305555555559 5.7470842361365433 24.270833333333339 5.9444174996093997 23.500000000000004 1.5000000000000002 34.687500000000007 19.952083333333338 3.4712697442458205 25.354166666666668 2.8406213480129212 118.50000000000001 0 23.500000000000004 4.9714603295577371 7.9285714285714297 178.50000000000003 20.357142857142858 4.7857142857142865 17.575892857142861 139.07142857142858 37.104166666666679 181.50000000000003
decision_type=2 2 2 2 2 2 2 2 2 2 2 2 2 2 2 2 2 2 2 1 2 2 2 2 2 2 2 2 2 2
left_child=1 3 -3 4 13 18 8 10 12 -10 -8 -9 -4 15 -15 -1 -5 -7 -6 20 22 28 25 -24 -25 26 -2 -27 -22 -30
right_child=19 2 6 16 5 17 7 11 9 -11 -12 -13 -14 14 -16 -17 -18 -19 -20 -21 21 -23 23 24 -26 27 -28 -29 29 -31
leaf_value=0.00030682567399264223 0.0058877102627605156 -0.10009848783639344 -0.046241723734105157 0.09237259806000761 -0.027459684417893489 -0.10136245916331453 0.020592387951910499 0.072053754861865729 0.00825891756723004 -0.12932010563390869 -0.079009231656789788 -0.0086374511942267414 -0.0049635344196197794 0.083777448191654447 0.0067323204971664096 -0.014895571391333979 0.0068805434096318027 -0.034831476302610506 0.035202426689140726 -0.0019603655547188676 0.0039547639784559266 -0.058033655378127803 0.056022455373266403 -0.11544565216384151 0.070929703890131077 -0.0094781072041285885 0.055004945942718125 0.01977142567653524 -0.11177310947594898 0.017032242294114371
leaf_weight=12758 502 22 74 28 60 35 32 63 31 31 25 28 1137 51 421 474 26 45 33 2357 519 61 149 22 26 700 180 296 28 26
leaf_count=12758 502 22 74 28 60 35 32 63 31 31 25 28 1137 51 421 474 26 45 33 2357 519 61 149 22 26 700 180 296 28 26
internal_value=-1.27858e-07 -0.000709898 -0.00834319 8.07739e-05 -0.000118186 -0.0323757 -0.00692263 0.0201437 -0.0100694 -0.0605306 -0.0230925 0.0472257 -0.0074859 0.000289035 0.0150571 -0.000237758 0.0512098 -0.0639388 -0.00522474 0.00224237 0.0061737 -0.00658413 0.0105205 0.0388412 -0.0144923 0.00719558 0.0188512 -0.000785475 -0.00110696 -0.0497557
internal_weight=20240 15374 1443 13931 13877 173 1421 148 1273 62 57 91 1211 13704 472 13232 54 80 93 4866 2509 634 1875 197 48 1678 682 996 573 54
internal_count=20240 15374 1443 13931 13877 173 1421 148 1273 62 57 91 1211 13704 472 13232 54 80 93 4866 2509 634 1875 197 48 1678 682 996 573 54
cat_boundaries=0 1
cat_threshold=5
is_linear=0
shrinkage=0.05


Tree=239
num_leaves=31
num_cat=1
split_feature=45 23 22 10 21 26 27 36 27 37 35 35 49 1 28 0 29 37 24 27 7 29 25 28 23 23 42 48 23 1
split_gain=12.4758 50.253 58.8037 48.2873 47.7342 65.4337 46.9724 63.2164 32.9225 15.4796 49.9275 48.6739 44.0355 108.378 88.8398 76.2585 53.6164 42.5704 63.0655 146.184 90.6914 141.423 77.9535 72.4003 58.0383 49.8942 75.8484 50.7792 73.5055 57.1638
threshold=34.500000000000007 12.47916666666667 13.937500000000002 1.5000000000000002 23.937500000000004 21.233630952380956 3.639433783520289 2.2142857142857149 4.2588928668237651 68.862500000000011 2.2142857142857149 0.6428571428571429 0 41.645833333333336 8.4979166666666703 21.937500000000004 4.660508174669407 64.412500000000023 15.276785714285715 2.2819035253859306 0.12635079939316143 5.2888113251039632 2.0267616761054978 16.232638888888893 34.812500000000007 37.104166666666679 167.6428571428572 0.91071428571428592 28.145833333333339 39.395833333333336
decision_type=2 2 2 2 2 2 2 2 2 2 2 2 1 2 2 2 2 2 2 2 2 2 2 2 2 2 2 2 2 2
left_child=9 -2 -3 4 5 -4 7 -5 -8 17 11 -11 14 15 -12 -14 -16 25 19 22 24 -22 -19 -21 -20 27 -27 28 -1 -29
right_child=1 2 3 6 -6 -7 8 -9 -10 10 12 -13 13 -15 16 -17 -18 18 20 23 21 -23 -24 -25 -26 26 -28 29 -30 -31
leaf_value=0.0075354364255806692 0.082654933292757388 -0.05758178050027174 -0.0055408658496545332 0.061190024239045605 0.04550918001681567 -0.11727294478099792 0.070726294544828497 -0.031178986808379827 0.01508715574771328 -0.063461749136447906 -0.07534048945495958 0.0067961851843078517 -0.0040906493714775337 -0.086019418232662737 -0.0014591976368644359 -0.02913535079480141 0.014749009534233094 0.0036191101667146629 -0.0031574474792194804 -0.027038520911152948 0.047431809132007868 -0.017263418648561294 0.060355457653042302 -0.11514198413049732 0.080143781344998971 -0.090759360751039117 0.0056750136713328014 -0.00053263885514521407 0.063943941722954478 -0.032874464796413837
leaf_weight=843 22 34 38 27 20 20 63 59 46 25 38 1769 3597 43 2759 332 626 411 422 171 364 110 71 27 22 38 44 7998 62 139
leaf_count=843 22 34 38 27 20 20 63 59 46 25 38 1769 3597 43 2759 332 626 411 422 171 364 110 71 27 22 38 44 7998 62 139
internal_value=-1.6988e-07 0.00965695 0.00442582 0.0121484 -0.0211004 -0.0440692 0.0254479 -0.00217941 0.0472456 -0.00015974 -0.00166568 0.00581712 -0.00348098 -0.0070532 0.000682789 -0.00620692 0.00153824 0.00113088 0.00865907 -0.00288195 0.017208 0.0324181 0.0119765 -0.0390526 0.000970091 -0.000187621 -0.0390141 0.000164488 0.0113999 -0.00108512
internal_weight=20240 329 307 273 78 58 195 86 109 19911 9189 1794 7395 3972 3423 3929 3385 10722 1598 680 918 474 482 198 444 9124 82 9042 905 8137
internal_count=20240 329 307 273 78 58 195 86 109 19911 9189 1794 7395 3972 3423 3929 3385 10722 1598 680 918 474 482 198 444 9124 82 9042 905 8137
cat_boundaries=0 1
cat_threshold=12
is_linear=0
shrinkage=0.05


Tree=240
num_leaves=31
num_cat=1
split_feature=45 6 42 25 14 14 29 27 42 48 48 23 37 24 44 43 38 23 25 9 50 42 39 9 40 6 29 1 24 14
split_gain=12.4918 57.8475 67.2985 77.2167 60.4572 92.3193 111.133 96.706 65.8525 125.387 86.7915 55.113 51.9105 64.7464 41.3772 38.1523 48.7969 37.2974 19.4855 72.5218 72.6402 90.526 63.2864 62.7485 92.7683 92.4581 47.2181 110.35 88.5958 93.3405
threshold=25.500000000000004 0.29480894015861581 86.500000000000014 3.879376475052394 39.500000000000007 43.500000000000007 3.8646108481761563 3.7915660325602634 94.642857142857153 0.94642857142857151 0.98214285714285732 20.812500000000004 91.50833333333334 19.43154761904762 7.5000000000000009 17.357142857142858 148.50000000000003 23.020833333333339 3.0377569800082296 0.99323830409356739 0 67.642857142857153 69.500000000000014 0.98943452380952401 5.5000000000000009 0.63208711856510613 4.6268550377975393 57.520833333333336 30.747023809523814 17.500000000000004
decision_type=2 2 2 2 2 2 2 2 2 2 2 2 2 2 2 2 2 2 2 2 1 2 2 2 2 2 2 2 2 2
left_child=14 -2 3 12 8 7 -7 -6 9 -4 -10 -5 13 -3 18 17 -17 -16 26 23 21 -21 -22 24 -20 -25 27 -1 -28 -30
right_child=1 2 4 11 5 6 -8 -9 10 -11 -12 -13 -14 -15 15 16 -18 -19 19 20 22 -23 -24 25 -26 -27 28 -29 29 -31
leaf_value=0.00020071587512668655 0.08897540692240001 -0.07872653950525578 0.00070144476772133102 -0.023971479613333943 -0.094883436243981129 0.1072306277497167 -0.01345019386104879 0.021803680861082215 0.019799787791072318 0.10158766819523615 -0.013533518162008339 0.079054517409315822 0.024896074533462528 -0.0029894236830018818 -0.026885567575156918 -0.09051376686741909 -0.0020828871772839474 0.039602323441255478 -0.09870945487333381 -0.03789650342026589 -0.0044809862670783232 0.023547996655557485 -0.092245406267188856 -0.056927362194525481 0.004873975888179994 -0.010543070828569607 0.025784344486097732 -0.085107137828354579 0.03719035637609306 -0.055263235907141987
leaf_weight=15728 20 86 67 25 56 24 93 26 556 57 301 27 25 42 66 39 26 31 23 68 939 506 21 178 359 271 422 38 42 78
leaf_count=15728 20 86 67 25 56 24 93 26 556 57 301 27 25 42 66 39 26 31 23 68 939 506 21 178 359 271 422 38 42 78
internal_value=-1.61449e-07 0.00454785 0.00332868 -0.0231144 0.00792261 -0.0172056 0.0113048 -0.0578851 0.01302 0.0470766 0.00809229 0.0295228 -0.0410042 -0.0538753 -0.000339421 -0.0254998 -0.0551414 -0.00563686 -0.000121139 -0.00436249 0.00208183 0.0159903 -0.00633484 -0.0162585 -0.00136272 -0.0289315 0.000493944 -4.89737e-06 0.0150045 -0.0229045
internal_weight=20240 1405 1385 205 1180 199 117 82 981 124 857 52 153 128 18835 162 65 97 18673 2365 1534 574 960 831 382 449 16308 15766 542 120
internal_count=20240 1405 1385 205 1180 199 117 82 981 124 857 52 153 128 18835 162 65 97 18673 2365 1534 574 960 831 382 449 16308 15766 542 120
cat_boundaries=0 1
cat_threshold=81
is_linear=0
shrinkage=0.05


Tree=241
num_leaves=19
num_cat=0
split_feature=27 22 28 27 13 1 45 44 13 37 3 27 7 21 17 25 13 32
split_gain=12.9071 37.0244 25.9172 21.7159 55.6937 80.799 96.7917 79.2713 31.4631 26.0565 18.5269 20.2062 102.055 116.752 81.8753 63.4886 63.342 25.4961
threshold=6.9749007820073157 17.145833333333339 23.470138888888894 6.1341084082564459 148.50000000000003 37.354166666666679 16.500000000000004 1.0000000180025095e-35 133.50000000000003 67.987500000000011 4.0833333333333348 5.1379845452418804 0.49521095552727717 23.854166666666668 0.93301270189221952 5.1508089939629746 90.500000000000014 16.500000000000004
decision_type=2 2 2 2 2 2 2 2 2 2 2 2 2 2 2 2 2 2
left_child=3 -2 -3 10 8 7 -7 -6 9 -5 11 15 14 -14 -13 17 -17 -1
right_child=1 2 -4 4 5 6 -8 -9 -10 -11 -12 12 13 -15 -16 16 -18 -19
leaf_value=-0.00018192414637420353 0.026025374007544351 -0.083339000803728913 -0.011928627419250984 -0.012130936998873951 -0.1246343808869521 0.11658767763186584 -0.028607129476343592 0.0059769019484519964 0.10440462607712973 0.065143130991297468 -0.045925599774769087 -0.0288823293205079 -0.013811238311035069 0.078645534308687343 0.050058264789792396 -0.017093537283631471 0.040324699976380274 0.030948404510590163
leaf_weight=19117 28 24 27 20 21 22 24 26 21 24 22 375 76 62 36 65 184 66
leaf_count=19117 28 24 27 20 21 22 24 26 21 24 22 375 76 62 36 65 184 66
internal_value=-1.53368e-07 -0.0201709 -0.0455335 7.88847e-05 0.0185427 -0.00627489 0.0408339 -0.0523813 0.054051 0.0300186 -6.69577e-05 -1.64652e-05 -0.00947615 0.0277273 -0.0219678 0.000250793 0.025336 -7.48188e-05
internal_weight=20240 79 51 20161 158 93 46 47 65 44 20003 19981 549 138 411 19432 249 19183
internal_count=20240 79 51 20161 158 93 46 47 65 44 20003 19981 549 138 411 19432 249 19183
is_linear=0
shrinkage=0.05


Tree=242
num_leaves=31
num_cat=1
split_feature=13 27 29 29 50 0 42 13 24 35 45 39 37 13 6 29 37 23 1 26 45 29 0 35 42 36 1 34 26 29
split_gain=12.8431 40.7054 51.6649 89.1839 35.6222 60.298 46.744 22.6447 45.276 75.5211 30.3703 19.9274 18.7257 49.5125 34.0748 35.9033 28.3521 46.2383 43.9585 55.3842 40.46 28.346 27.4136 26.6715 17.0259 14.2642 13.6047 9.70017 7.78326 4.9138
threshold=317.50000000000006 5.5249561025763496 5.4745539574070348 5.0534938663273001 0 12.97916666666667 67.214285714285737 311.50000000000006 13.681547619047622 6.0714285714285721 7.5000000000000009 34.500000000000007 99.71250000000002 279.50000000000006 0.47961233985980184 4.0714114104069283 92.125000000000014 37.395833333333336 57.812500000000007 23.825892857142865 29.500000000000004 3.985737834075159 22.104166666666668 6.7857142857142865 66.642857142857153 2.2142857142857149 12.895833333333334 7.5000000000000009 20.212797619047624 1.1045131473399856
decision_type=2 2 2 2 1 2 2 2 2 2 2 2 2 2 2 2 2 2 2 2 2 2 2 2 2 2 2 2 2 2
left_child=7 2 3 4 6 -6 -2 12 24 -10 28 -5 16 14 15 -14 18 20 22 -20 -18 25 -1 -16 -9 -15 29 -12 -11 -26
right_child=1 -3 -4 11 5 -7 -8 8 9 10 27 -13 13 21 23 -17 17 -19 19 -21 -22 -23 -24 -25 26 -27 -28 -29 -30 -31
leaf_value=0.00080869755592875695 0.051760159952488421 0.056523091728902533 -0.055652059720376061 0.02926273101142475 0.0026376173463201402 -0.026868844306688008 0.0061245374378853627 -0.032056268397718669 -0.098121500336047676 -0.0021232768055051568 -0.018033009733666071 0.091568185197133015 -0.069631004682742068 0.046414239940543972 0.0068122064545605102 0.002250851389314783 -0.0097296567055836711 0.053035880625247958 0.10762725490189734 0.010272447252646089 0.019140340484508123 0.085292329777170106 -0.0051244555290134303 -0.047682858047925908 -0.0061205052504582072 -0.0041846541508745684 0.051721888817846777 -0.066145505724707621 0.041988128907978539 0.019053372278964767
leaf_weight=12741 60 36 37 21 674 233 866 24 36 20 22 33 32 30 944 38 1649 32 21 48 131 27 2298 23 42 26 20 20 20 36
leaf_count=12741 60 36 37 21 674 233 866 24 36 20 22 33 32 30 944 38 1649 32 21 48 131 27 2298 23 42 26 20 20 20 36
internal_value=-1.45698e-07 0.0038463 0.00286066 0.00400797 0.00214227 -0.00488843 0.00898446 -0.000412565 -0.0156699 -0.0377518 -0.011248 0.0673383 -0.000209586 0.00605168 0.00307749 -0.0306094 -0.000624043 -0.00653403 8.47807e-05 0.0399022 -0.00760495 0.0432111 -9.79043e-05 0.00551605 0.00568809 0.0229219 0.0149316 -0.0409437 0.0199324 0.00549821
internal_weight=20240 1960 1924 1887 1833 907 926 18280 240 118 82 54 18040 1120 1037 70 16920 1812 15108 69 1780 83 15039 967 122 56 98 42 40 78
internal_count=20240 1960 1924 1887 1833 907 926 18280 240 118 82 54 18040 1120 1037 70 16920 1812 15108 69 1780 83 15039 967 122 56 98 42 40 78
cat_boundaries=0 1
cat_threshold=141
is_linear=0
shrinkage=0.05


Tree=243
num_leaves=22
num_cat=0
split_feature=39 13 35 38 43 27 27 39 38 42 36 39 36 40 41 29 37 48 39 27 38
split_gain=12.4011 50.1491 51.2413 22.7247 35.6471 96.0799 41.9565 32.467 29.462 60.3339 27.8088 23.6242 23.7221 20.5127 30.8193 25.8747 23.9832 23.8504 18.0958 9.27067 8.56915
threshold=85.000000000000014 36.500000000000007 8.3571428571428594 194.50000000000003 20.928571428571434 2.7283329234201736 4.8268713389874032 66.500000000000014 190.50000000000003 142.78571428571431 2.9285714285714293 52.500000000000007 9.9285714285714306 32.500000000000007 269.00000000000006 3.985737834075159 63.812500000000007 0.98214285714285732 52.500000000000007 3.2839149519949093 212.50000000000003
decision_type=2 2 2 2 2 2 2 2 2 2 2 2 2 2 2 2 2 2 2 2 2
left_child=3 -2 -3 8 5 10 11 -7 13 -10 -5 -6 -13 14 18 17 -16 -15 -1 -11 -12
right_child=1 2 -4 4 6 7 -8 -9 9 19 20 12 -14 15 16 -17 -18 -19 -20 -21 -22
leaf_value=0.00014575901120286668 0.038299368300552791 -0.095780983339581238 0.0083569543347472245 -0.036818255180795047 0.054743346393418817 0.03884122390900889 -0.055706704330855408 0.10910769892590387 -0.09685802798097333 0.018806832722787346 0.0032438725361536289 0.011050788999299508 -0.019955770853089125 0.028830734566169774 -0.0053485788125544791 0.060259644789621238 -0.082781113944947721 -0.018910707144978198 -0.0085634943062300461 -0.025764143280684951 0.045786376227624714
leaf_weight=18768 24 27 21 37 24 31 29 35 24 28 29 249 82 59 20 30 20 47 616 20 20
leaf_count=18768 24 27 21 37 24 31 29 35 24 28 29 249 82 59 20 30 20 47 616 20 20
internal_value=-1.38377e-07 -0.020714 -0.0502206 7.38102e-05 0.0102313 0.0307261 0.0021188 0.0761037 -0.000203514 -0.0321289 -0.00409855 0.00684257 0.00336941 -8.5997e-05 -0.000221484 0.0192647 -0.0440648 0.00766236 -0.00013101 0.000235593 0.0206082
internal_weight=20240 72 48 20168 536 152 384 66 19632 72 86 355 331 19560 19424 136 40 106 19384 48 49
internal_count=20240 72 48 20168 536 152 384 66 19632 72 86 355 331 19560 19424 136 40 106 19384 48 49
is_linear=0
shrinkage=0.05


Tree=244
num_leaves=31
num_cat=2
split_feature=45 16 28 27 29 36 29 1 29 22 37 24 49 26 37 28 42 13 13 30 30 4 25 29 4 29 1 29 49 29
split_gain=12.2304 43.7636 36.6334 78.2589 74.9245 87.4397 61.7279 61.1732 45.4009 43.3791 33.5787 80.4775 65.9917 134.962 73.6121 65.7257 58.3575 47.1807 40.3536 32.907 37.104 74.3589 109.93 62.4103 127.648 51.1303 43.6858 33.0741 28.8828 52.5614
threshold=9.5000000000000018 1.0000000180025095e-35 21.918750000000003 1.1313267391411974 5.4745539574070348 3.0714285714285716 5.1096455838367563 56.895833333333336 6.0592846960489153 23.937500000000004 88.037500000000009 19.830357142857149 0 14.671130952380954 127.40000000000002 23.336111111111112 78.785714285714292 233.50000000000003 193.50000000000003 0.98511904761904789 0.023809523809523829 0.43750000000000006 4.0267684567904753 4.7422364860616719 1.0000000180025095e-35 4.5772375432928021 16.937500000000004 2.6837212337867009 1 4.5772375432928021
decision_type=2 2 2 2 2 2 2 2 2 2 2 2 1 2 2 2 2 2 2 2 2 2 2 2 2 2 2 2 1 2
left_child=10 28 7 -4 6 -6 -5 8 9 -3 19 12 17 16 -15 -13 -14 18 -12 20 21 22 -1 25 -25 -22 -23 -21 29 -2
right_child=1 2 3 4 5 -7 -8 -9 -10 -11 11 15 13 14 -16 -17 -18 -19 -20 27 23 26 -24 24 -26 -27 -28 -29 -30 -31
leaf_value=0.0038424337683760621 0.0054994452658807674 -2.1471774283684801e-05 -0.094385565182677031 -0.0071527857499627777 0.0039080391292061123 -0.069259235194447086 0.0340370654915143 0.067461528607151086 0.054786895755426702 -0.049106067117384598 0.0079443869441634101 -0.11679442012361413 -0.011318930632020836 -0.07737019986623811 0.011438651022811733 -0.021075779972399802 0.013634925233022233 0.036684785721632321 -0.054143564542755485 0.0052511410636475395 -0.0026566661299746255 -0.0076504635225449289 0.061310862188855578 -0.09819057979822482 -0.0040392905123468143 0.044104929994476044 -0.065108105559544313 0.037071368090765576 0.0017017519600353186 0.027455549662991803
leaf_weight=2569 1271 2096 27 778 70 98 103 34 37 46 205 29 923 105 30 47 314 140 30 1331 6357 77 86 52 117 59 58 87 2717 347
leaf_count=2569 1271 2096 27 778 70 98 103 34 37 46 205 29 923 105 30 47 314 140 30 1331 6357 77 86 52 117 59 58 87 2717 347
internal_value=-1.31445e-07 0.00158095 -0.00276813 -0.0103358 -0.00817244 -0.0387729 -0.00233717 0.000911398 -0.000127016 -0.00107558 -0.000955598 -0.00723212 -0.00504096 -0.0100917 -0.0576349 -0.0576 -0.00498465 0.0133511 1.82655e-05 0.000104542 -0.00096919 0.00386329 0.00570393 -0.00301667 -0.0330089 -0.00222666 -0.032336 0.00720344 0.00488063 0.0101455
internal_weight=20240 7624 3289 1076 1049 168 881 2213 2179 2142 12616 1823 1747 1372 135 76 1237 375 235 10793 9375 2790 2655 6585 169 6416 135 1418 4335 1618
internal_count=20240 7624 3289 1076 1049 168 881 2213 2179 2142 12616 1823 1747 1372 135 76 1237 375 235 10793 9375 2790 2655 6585 169 6416 135 1418 4335 1618
cat_boundaries=0 1 2
cat_threshold=24 6
is_linear=0
shrinkage=0.05


Tree=245
num_leaves=31
num_cat=0
split_feature=27 13 37 35 35 7 21 28 24 37 48 29 45 35 17 6 0 1 26 43 27 48 38 25 27 29 29 25 37 44
split_gain=12.9151 18.808 17.634 36.7971 82.026 34.4067 30.0119 76.3205 62.8446 28.4058 45.2033 53.5675 78.3033 46.9769 49.2116 44.5665 37.829 31.0205 50.116 49.3544 28.5812 27.4202 26.0837 20.6708 38.8775 17.5492 25.6169 96.9059 39.8163 25.5123
threshold=0.21180707623942099 6.5000000000000009 98.625000000000014 6.0714285714285721 6.9285714285714297 0.53144107201698831 27.979166666666668 24.592361111111114 31.696428571428573 92.125000000000014 0.91071428571428592 5.1096455838367563 21.500000000000004 6.0714285714285721 0.68301270189221941 0.83866335669781944 6.6458333333333348 57.812500000000007 23.686011904761909 12.785714285714286 6.9749007820073157 0.98214285714285732 133.50000000000003 2.2547715422300203 3.3518693874237635 0.59368183980503308 1.0190186372141459 0.18898223650461268 94.58750000000002 1.0000000180025095e-35
decision_type=2 2 2 2 2 2 2 2 2 2 2 2 2 2 2 2 2 2 2 2 2 2 2 2 2 2 2 2 2 2
left_child=1 -1 9 5 22 6 7 -4 -8 17 13 16 -13 14 -11 -15 -12 20 -19 -20 21 -2 -5 -7 -25 -3 27 28 -27 -28
right_child=2 25 3 4 -6 23 8 -9 -10 10 11 12 -14 15 -16 -17 -18 18 19 -21 -22 -23 -24 24 -26 26 29 -29 -30 -31
leaf_value=-0.04754659488983453 0.0025058751872036678 0.0006212101117895124 0.0047872720689634517 0.081700036379819124 -0.03888782041768233 0.011881802325996643 -0.048245739378035071 0.061549108281155535 0.033452918359802832 -0.030130878894884684 -0.044683765876909781 -0.01509720697067678 0.064226388604646287 -0.11865136020857354 0.011790391133723058 -0.016597426943480969 -0.003302956829782073 0.10033914642408491 0.067030707069418646 -0.028540073569331855 -0.039363203648891718 -0.0016929657133824825 0.027030532612698156 -0.099030117392539974 -0.015797649765823117 0.0018229423387215082 0.0075975704109435167 -0.10963873836645406 -0.058114059873457469 -0.020226439640267206
leaf_weight=25 8313 870 987 48 30 26 68 63 36 199 58 56 70 23 108 20 1156 20 22 35 45 7305 40 20 47 133 222 29 35 131
leaf_count=25 8313 870 987 48 30 26 68 63 36 199 58 56 70 23 108 20 1156 20 22 35 45 7305 40 20 47 133 222 29 35 131
internal_value=-8.2876e-08 -0.00455521 0.000350125 0.00582289 0.0325101 0.00329756 0.00565531 0.00819298 -0.0199654 -7.84652e-05 -0.00623851 -0.00205931 0.0289715 -0.0222389 -0.0153833 -0.0711844 -0.00527996 0.000582938 0.032241 0.00834689 0.000427305 0.000541953 0.0568503 -0.0259588 -0.0406432 -0.00379832 -0.0107892 -0.0252338 -0.0106639 -0.00272805
internal_weight=20240 1445 18795 1365 118 1247 1154 1050 104 17430 1690 1340 126 350 307 43 1214 15740 77 57 15663 15618 88 93 67 1420 550 197 168 353
internal_count=20240 1445 18795 1365 118 1247 1154 1050 104 17430 1690 1340 126 350 307 43 1214 15740 77 57 15663 15618 88 93 67 1420 550 197 168 353
is_linear=0
shrinkage=0.05


Tree=246
num_leaves=31
num_cat=2
split_feature=29 28 24 51 29 29 29 26 36 48 26 45 29 26 23 22 26 13 27 27 23 37 17 23 50 7 16 24 24 28
split_gain=11.8265 27.7671 84.2832 102.9 101.299 84.4592 139.674 74.6368 51.1564 86.3597 57.1599 83.7299 54.4165 50.1679 78.0704 70.2055 40.7415 40.4686 38.9396 32.6105 36.3033 23.6312 38.794 61.6675 30.5079 40.9998 37.2105 33.3597 40.0502 34.0659
threshold=1.1543271743872061 13.827777777777781 15.116071428571431 0 2.4855802205997288 1.3854135150108131 1.5403862974250073 15.316964285714288 1.642857142857143 0.94642857142857151 15.867559523809527 21.500000000000004 2.8760223847109905 13.069940476190478 7.5208333333333348 13.10416666666667 16.483630952380956 293.50000000000006 2.2994093711977004 4.4080865810672263 17.145833333333339 96.71250000000002 0.68301270189221941 8.5208333333333339 1 0.22425270731345495 1.0000000180025095e-35 17.883928571428577 20.684523809523814 10.300694444444446
decision_type=2 2 2 1 2 2 2 2 2 2 2 2 2 2 2 2 2 2 2 2 2 2 2 2 1 2 2 2 2 2
left_child=21 7 3 5 18 -3 -7 13 9 12 11 -10 -4 19 -15 -16 -11 -12 -5 20 -2 24 -23 -24 25 27 -27 29 -29 -1
right_child=1 2 8 4 -6 6 -8 -9 10 16 17 -13 -14 14 15 -17 -18 -19 -20 -21 -22 22 23 -25 -26 26 -28 28 -30 -31
leaf_value=-0.03392093344672778 0.003148334553660904 0.050099193093187194 0.078752128585525188 -0.073983694265286129 0.0040700963187602262 -0.12915564024448395 -0.0095952608842416777 -0.08441577406289677 0.012560266135977473 -0.097895361832343042 -0.0012392812227046044 0.10597960663586854 -0.0066234401144990426 -0.063645771063036399 0.044691765737279392 0.0060340342566632902 -0.033230882426084699 0.0094230015051090799 -0.16275665830998196 -0.055708332685753703 -0.039673209915403282 0.024266972966822925 -0.090240395246073607 0.0033016533059118365 -0.00088716639384783498 -0.077210578322410586 -0.0049903355073183777 -0.055521971943813399 -0.0005510235950350761 -0.00073908004047311556
leaf_weight=86 4901 57 23 30 31 25 1067 24 591 32 5659 25 99 27 217 256 102 1056 21 24 50 214 20 148 4479 42 31 74 60 769
leaf_count=86 4901 57 23 30 31 25 1067 24 591 32 5659 25 99 27 217 256 102 1056 21 24 50 214 20 148 4479 42 31 74 60 769
internal_value=-7.87412e-08 0.000777308 -0.000961559 -0.0130972 -0.0672101 -0.00923532 -0.0123324 0.00356569 0.00100746 -0.0209634 0.00177468 0.0163516 0.00947195 0.00395136 0.0190488 0.0237692 -0.0486731 0.000437468 -0.110537 0.00243404 0.00271588 -0.00187917 0.0101491 -0.0078343 -0.00270841 -0.0102843 -0.0465417 -0.00771207 -0.0309081 -0.00407667
internal_weight=20240 14317 8818 1231 82 1149 1092 5499 7587 256 7331 616 122 5475 500 473 134 6715 51 4975 4951 5923 382 168 5541 1062 73 989 134 855
internal_count=20240 14317 8818 1231 82 1149 1092 5499 7587 256 7331 616 122 5475 500 473 134 6715 51 4975 4951 5923 382 168 5541 1062 73 989 134 855
cat_boundaries=0 1 2
cat_threshold=4 164
is_linear=0
shrinkage=0.05


Tree=247
num_leaves=28
num_cat=1
split_feature=45 29 29 36 49 35 41 27 5 0 0 27 27 42 23 13 29 23 23 42 2 27 26 36 27 37 29
split_gain=11.8125 13.8866 83.2766 92.0723 78.3719 62.6742 71.1122 60.654 65.8694 59.5511 55.5556 68.883 48.8402 75.1983 94.8158 134.865 73.0284 68.5368 57.6281 186.17 120.223 57.248 153.274 48.6666 48.3524 46.805 34.3914
threshold=44.500000000000007 3.4712697442458205 3.5334654028272579 7.6428571428571432 0 4.3571428571428585 71.500000000000014 2.2033299085116647 1.0000000180025095e-35 24.937500000000004 8.6458333333333339 3.7915660325602634 2.5903175692240894 59.500000000000007 11.812500000000002 117.50000000000001 3.1317642586222409 9.3958333333333339 18.187500000000004 91.500000000000014 19.000000000000004 2.4127962866682373 24.245535714285719 4.3571428571428585 2.6848419345157071 61.362500000000004 2.471536760314077
decision_type=2 2 2 2 1 2 2 2 2 2 2 2 2 2 2 2 2 2 2 2 2 2 2 2 2 2 2
left_child=1 12 3 7 5 9 -7 -3 -9 -4 11 -6 16 14 24 -16 21 -18 20 -20 -15 26 -23 -12 -14 -19 -1
right_child=-2 2 4 -5 10 6 -8 8 -10 -11 23 -13 13 18 15 -17 17 25 19 -21 -22 22 -24 -25 -26 -27 -28
leaf_value=0.00047561429856864904 0.033680172293232037 -0.10177641861140728 0.030826354587129901 -0.12633579832315445 -0.017332049682736397 0.036563956356301573 -0.00096799542698773134 -0.032777795062533449 0.050780294134336358 -0.048034524659697826 -0.016786560649215226 0.11389579731971025 -0.048478484991937881 0.010788751058457119 0.060396109104156492 -0.067542220973887318 -0.041177410036325461 0.059872477582775724 -0.057471274159717978 0.011746455983845645 0.053036714258643106 -0.0093096870160661645 -0.11002854717577376 0.0029297755731879076 0.018366723847708533 0.016016710117410602 -0.0086320680190517963
leaf_weight=11728 26 20 302 25 20 134 2170 77 34 26 1143 20 32 804 25 117 35 101 114 657 213 480 41 431 175 153 1137
leaf_count=11728 26 20 302 25 20 134 2170 77 34 26 1143 20 32 804 25 117 35 101 114 657 213 480 41 431 175 153 1137
internal_value=-9.67055e-08 -4.34175e-05 -0.00252718 -0.0384057 -0.00120898 0.0041104 0.00121485 -0.0216251 -0.00718343 0.0245752 -0.00984793 0.0482819 0.000648052 0.00767759 -0.0135521 -0.0450179 -0.000450458 0.0244168 0.0118214 0.00151193 0.0196371 -0.000987336 -0.0172357 -0.0113877 0.00803316 0.0334554 -0.000329317
internal_weight=20240 20214 4402 156 4246 2632 2304 131 111 328 1614 40 15812 2137 349 142 13675 289 1788 771 1017 13386 521 1574 207 254 12865
internal_count=20240 20214 4402 156 4246 2632 2304 131 111 328 1614 40 15812 2137 349 142 13675 289 1788 771 1017 13386 521 1574 207 254 12865
cat_boundaries=0 1
cat_threshold=12
is_linear=0
shrinkage=0.05


Tree=248
num_leaves=31
num_cat=0
split_feature=28 28 42 29 48 18 25 22 29 14 35 14 1 42 33 13 29 22 33 9 21 27 6 38 26 24 45 23 39 30
split_gain=11.7595 36.3032 49.1049 108.799 43.8801 35.3402 32.5439 30.268 89.0999 77.3017 90.5849 119.888 69.7809 69.464 65.0923 50.9456 46.2013 26.4759 53.5332 56.2749 26.3937 38.9344 37.6387 26.119 24.732 33.6588 58.1293 33.9171 11.2468 9.88078
threshold=32.813194444444449 33.215972222222227 160.57142857142858 3.3117260699530182 0.91071428571428592 0.25000000000000017 3.0023207439404311 33.020833333333336 5.0534938663273001 46.500000000000007 6.7857142857142865 14.500000000000002 37.562500000000007 162.07142857142858 1.0000000180025095e-35 88.500000000000014 5.6194567016410604 32.145833333333336 3.5000000000000004 0.99641830870279158 34.145833333333336 2.5097347269333468 0.89958999176622823 130.50000000000003 33.126488095238102 32.687500000000007 12.500000000000002 35.937500000000007 48.500000000000007 0.68154761904761929
decision_type=2 2 2 2 2 2 2 2 2 2 2 2 2 2 2 2 2 2 2 2 2 2 2 2 2 2 2 2 2 2
left_child=7 5 3 -3 28 -2 -5 17 9 10 15 -12 23 -11 -14 -9 -16 24 19 -19 21 -6 -22 -10 25 27 -27 -1 -4 -7
right_child=1 2 4 6 20 29 -8 8 12 13 11 -13 14 -15 16 -17 -18 18 -20 -21 22 -23 -24 -25 -26 26 -28 -29 -30 -31
leaf_value=1.4879593122884084e-05 0.07940461155958474 -0.12834216088733891 0.084719424322247508 0.050734691635112877 0.072530012295163912 -0.012243200151209275 -0.03264726641774178 -0.06360743444412946 0.11176604161504655 0.074129766791260668 -0.025835850719539893 -0.12546053264482782 -0.077785667528708788 -0.039366392929178595 0.050802094258722813 0.034128400422632696 -0.032114690571324898 0.043422247986826638 0.097349761426448828 -0.056701718598766174 0.023689852045757361 0.0017756378499128051 -0.024546143838088029 0.034399382537230849 -0.040328715986719256 -0.0070170097767064971 0.064146855327893382 -0.034607397144968612 0.03291302624751221 0.034626969077031722
leaf_weight=19106 32 22 20 22 29 23 25 20 20 28 63 58 24 26 42 40 28 36 21 23 61 59 120 24 38 60 55 71 22 22
leaf_count=19106 32 22 20 22 29 23 25 20 20 28 63 58 24 26 42 40 28 36 21 23 61 59 120 24 38 60 55 71 22 22
internal_value=-9.18614e-08 0.00792944 0.0015858 -0.0365731 0.0100519 0.0392357 0.00638259 -0.000183269 -0.0142916 -0.0330182 -0.0486817 -0.0735898 0.017598 0.0194835 -0.00672744 0.00154979 0.0176354 8.78483e-05 0.0287926 0.00439087 0.00263077 0.0250924 -0.00828981 0.069566 -3.09504e-05 4.84253e-05 0.0270179 -0.000113304 0.0575827 0.0106711
internal_weight=20240 457 380 69 311 77 47 19783 373 235 181 121 138 54 94 60 70 19410 80 59 269 88 181 44 19330 19292 115 19177 42 45
internal_count=20240 457 380 69 311 77 47 19783 373 235 181 121 138 54 94 60 70 19410 80 59 269 88 181 44 19330 19292 115 19177 42 45
is_linear=0
shrinkage=0.05


Tree=249
num_leaves=31
num_cat=2
split_feature=45 29 26 28 13 26 26 6 27 29 43 43 50 29 13 29 22 23 10 23 9 37 25 20 27 42 0 22 41 50
split_gain=11.6621 33.4644 86.9154 185.173 181.283 161.922 174.638 152.272 100.392 67.9421 49.4479 64.168 34.4245 52.277 42.5205 39.0935 38.9147 36.3419 32.3103 42.8134 75.6716 44.8167 43.7486 39.4259 45.0853 35.6837 44.3337 62.1699 58.7946 31.5837
threshold=5.5000000000000009 4.7422364860616719 29.602678571428573 24.78680555555556 181.50000000000003 22.458333333333336 23.379464285714292 0.76506466695002751 3.4997015472643969 4.5772375432928021 23.071428571428573 18.357142857142858 0 3.3117260699530182 4.5000000000000009 3.5838080523663769 8.5208333333333339 19.854166666666668 1.0000000180025095e-35 23.937500000000004 0.99726113505747149 91.937500000000014 3.3587695117682776 21.562500000000004 2.434130121318272 136.50000000000003 16.770833333333339 21.395833333333339 60.500000000000007 1
decision_type=2 2 2 2 2 2 2 2 2 2 2 2 1 2 2 2 2 2 2 2 2 2 2 2 2 2 2 2 2 1
left_child=1 9 3 4 -3 -5 -7 -4 -6 12 11 -11 13 16 -14 -16 -1 -15 19 25 23 22 -22 -21 -25 26 27 -2 -28 -20
right_child=18 2 7 5 8 6 -8 -9 -10 10 -12 -13 14 17 15 -17 -18 -19 29 20 21 -23 -24 24 -26 -27 28 -29 -30 -31
leaf_value=0.027225779316583532 -0.0013456337520808491 -0.15854485070910948 -0.1753450132906437 -0.079532662048362776 0.07029961959831417 0.17878281267282245 0.028295177245531614 -0.015961119215539162 -0.046647207654904627 0.025400701544380618 -0.031177544221282008 0.11810413492577417 -0.039694340066956497 -0.063096070393092105 -0.00061592707078787356 0.01369581359776431 -0.0089819436794588217 -0.00098549465648829944 0.0059766190336079245 -0.044580837923826444 -0.12465127465547994 -0.012942697533539363 -0.041972864326089626 -0.047221150337940172 0.036174372521320906 0.022876978620197337 -0.10193242572602773 0.080238206675858237 -0.015253167561869223 -5.4038988950316922e-05
leaf_weight=81 864 29 22 26 25 24 98 47 69 56 20 28 67 72 7409 510 885 35 3509 36 32 35 32 21 71 129 21 24 286 5677
leaf_count=81 864 29 22 26 25 24 98 47 69 56 20 28 67 72 7409 510 885 35 3509 36 32 35 32 21 71 129 21 24 286 5677
internal_value=-8.72926e-08 -0.00127584 -0.016679 -0.00392289 -0.0492599 0.0337558 0.0578993 -0.0667792 -0.0155443 -0.000704289 0.0394789 0.0563018 -0.0011656 -0.00953014 -2.97723e-05 0.000305779 -0.00594589 -0.0427795 0.00112904 -0.00554604 -0.0256085 -0.058434 -0.0833121 -0.000220108 0.0171384 -0.00210632 -0.00480326 0.000859335 -0.0211824 0.00225609
internal_weight=20240 9503 340 271 123 148 122 69 94 9163 104 84 9059 1073 7986 7919 966 107 10737 1551 227 99 64 128 92 1324 1195 888 307 9186
internal_count=20240 9503 340 271 123 148 122 69 94 9163 104 84 9059 1073 7986 7919 966 107 10737 1551 227 99 64 128 92 1324 1195 888 307 9186
cat_boundaries=0 1 2
cat_threshold=161 33
is_linear=0
shrinkage=0.05


Tree=250
num_leaves=31
num_cat=2
split_feature=13 43 50 14 29 27 0 29 27 23 27 29 41 41 21 43 29 20 25 41 25 37 13 28 5 49 29 37 42 13
split_gain=11.6169 45.5103 59.8379 46.6001 67.7593 44.4691 42.5989 65.825 66.5365 64.376 49.6054 43.1047 42.2883 64.4363 39.9621 37.8796 60.6886 37.7119 39.1309 37.0925 38.8834 56.5297 33.9832 79.4267 122.666 49.2793 33.1784 110.153 32.7967 116.551
threshold=79.500000000000014 24.500000000000004 0 13.500000000000002 4.3286478471926673 1.5104644264569285 22.645833333333339 1.6894282060381465 2.2201599910925816 26.395833333333339 2.6848419345157071 2.8032117447511311 147.50000000000003 111.50000000000001 26.062500000000004 9.7857142857142865 1.4672228370306539 23.895833333333339 2.2943346407330258 199.00000000000003 2.8810753333972232 62.112500000000004 86.500000000000014 22.270833333333336 1.0000000180025095e-35 1 2.8264661038455614 62.787500000000009 127.35714285714288 106.50000000000001
decision_type=2 2 1 2 2 2 2 2 2 2 2 2 2 2 2 2 2 2 2 2 2 2 2 2 2 1 2 2 2 2
left_child=5 19 -3 -4 14 15 9 -8 11 17 -10 -9 13 -11 -5 16 -1 18 -7 22 -21 -22 23 25 -25 -2 -17 -28 -24 -30
right_child=1 2 3 4 -6 6 7 8 10 12 -12 -13 -14 -15 -16 26 -18 -19 -20 20 21 -23 28 24 -26 -27 27 -29 29 -31
leaf_value=-0.005156635220807333 0.010523286754328851 0.009653119777597613 -0.090666833690234594 -0.02849589269211952 -0.06706818001810462 0.016274003875308606 -0.090185213312506673 0.067140117634908625 -0.034483487623836011 0.014542833396366665 0.0020204713435305168 0.00039577411442268188 0.0072904216125607496 0.1265808948061683 0.04045864947532353 -0.00013557750940074758 -0.11228441660292449 0.067269927597251436 -0.0051940848138959462 0.0050011905188233974 0.12066318467682735 0.014375461034219841 -0.00086349299669169109 -0.091259780494679865 0.0049972452824154218 -0.025501490702137947 0.015829560145931811 -0.12099581873044372 0.041683041854524233 0.0013285035926605816
leaf_weight=39 269 108 35 47 60 664 20 59 111 21 576 41 28 33 38 2665 20 29 312 85 22 29 13112 71 62 134 38 24 208 1280
leaf_count=39 269 108 35 47 60 664 20 59 111 21 576 41 28 33 38 2665 20 29 312 85 22 29 13112 71 62 134 38 24 208 1280
internal_value=6.33827e-08 -0.00065688 -0.0203481 -0.0368385 -0.026386 0.00218426 0.00809547 -0.000607294 0.00166915 0.0145565 -0.00387755 0.0397749 0.0571549 0.0830105 0.00233084 -0.00183435 -0.0414711 0.0110808 0.00941125 -0.000285543 0.0257101 0.0602251 -0.00051912 -0.012884 -0.0463881 -0.00182684 -0.000976784 -0.0371351 -6.51755e-05 0.00696946
internal_weight=20240 15560 288 180 145 4680 1894 807 787 1087 687 100 82 54 85 2786 59 1005 976 15272 136 51 15136 536 133 403 2727 62 14600 1488
internal_count=20240 15560 288 180 145 4680 1894 807 787 1087 687 100 82 54 85 2786 59 1005 976 15272 136 51 15136 536 133 403 2727 62 14600 1488
cat_boundaries=0 1 2
cat_threshold=138 25
is_linear=0
shrinkage=0.05


Tree=251
num_leaves=15
num_cat=0
split_feature=41 34 36 37 14 24 0 44 21 20 45 0 36 20
split_gain=11.9044 14.8381 12.8616 52.8256 31.9037 28.2264 21.9725 44.7817 43.8058 33.1131 66.5649 38.7212 14.9347 6.25661
threshold=292.50000000000006 18.500000000000004 11.500000000000002 58.412500000000009 6.5000000000000009 34.687500000000007 34.104166666666679 6.5000000000000009 36.062500000000007 29.187500000000004 17.500000000000004 22.104166666666668 12.214285714285717 34.562500000000007
decision_type=2 2 2 2 2 2 2 2 2 2 2 2 2 2
left_child=1 2 6 4 13 -5 9 8 -8 11 -11 -1 -6 -4
right_child=-2 -3 3 5 12 -7 7 -9 -10 10 -12 -13 -14 -15
leaf_value=0.00054434643626632788 -0.030472328080213631 0.031682677013245793 0.020800774464649813 -0.048357936238440188 0.091713518547740847 0.024701540741370993 -0.0075575064100286173 0.05024911478092825 -0.050248982502441655 -0.0029301334556593858 0.029367476046695307 -0.006541554648539798 0.040191895677111095 -0.018274935521185399
leaf_weight=16794 32 37 21 39 22 20 287 27 76 364 284 2178 39 20
leaf_count=16794 32 37 21 39 22 20 287 27 76 364 284 2178 39 20
internal_value=-7.13202e-08 4.81825e-05 -9.84523e-06 0.0140657 0.035848 -0.023592 -0.000123096 -0.0118749 -0.0164957 0.000110502 0.011225 -0.00026912 0.0587735 0.00173945
internal_weight=20240 20208 20171 161 102 59 20010 390 363 19620 648 18972 61 41
internal_count=20240 20208 20171 161 102 59 20010 390 363 19620 648 18972 61 41
is_linear=0
shrinkage=0.05


Tree=252
num_leaves=20
num_cat=1
split_feature=43 1 43 28 28 28 36 13 42 24 50 27 12 29 21 4 24 22 23
split_gain=11.534 25.9092 19.6841 49.2583 37.3091 43.4606 56.5924 26.4638 19.3689 56.4797 16.1064 58.7884 106.755 90.3019 24.5308 62.5077 29.7857 11.4132 7.50709
threshold=5.5000000000000009 12.97916666666667 6.9285714285714297 11.438888888888892 10.761805555555558 9.6562500000000018 2.2142857142857149 160.50000000000003 46.214285714285722 9.860119047619051 0 6.1341084082564459 7.5000000000000009 5.3971496631864389 34.812500000000007 0.81250000000000011 34.687500000000007 9.8958333333333339 6.1875000000000009
decision_type=2 2 2 2 2 2 2 2 2 2 1 2 2 2 2 2 2 2 2
left_child=1 18 3 4 5 6 -2 -7 9 17 11 13 -13 -10 16 -16 -12 -4 -1
right_child=2 -3 8 -5 -6 7 -8 -9 10 -11 14 12 -14 -15 15 -17 -18 -19 -20
leaf_value=-0.014903193456120789 0.014042380547137915 -0.057575697159128525 0.01611346729541532 -0.044394485223003564 0.068489739077631381 0.017941571133477347 0.093543082475662231 -0.042993082562271433 0.0051332048009443462 -0.095117601929675971 -0.00047636194416747387 0.0068543040338489751 0.14338206890083494 -0.032776591047843001 0.0040544745897150734 -0.054040903410563869 0.047808076506044017 -0.030343714870978145 0.026574213076382875
leaf_weight=24 214 28 39 36 32 28 25 49 2228 21 17013 45 21 169 121 75 32 20 20
leaf_count=24 214 28 39 36 32 28 25 49 2228 21 17013 45 21 169 121 75 32 20 20
internal_value=-6.77415e-08 -0.0199766 7.12486e-05 0.0112834 0.0170432 0.0118334 0.0223584 -0.020835 -0.000146375 -0.024699 -4.6689e-05 0.00372705 0.050295 0.00246038 -0.000587616 -0.0181759 -0.000385714 0.00036527 0.00395017
internal_weight=20240 72 20168 384 348 316 239 77 19784 80 19704 2463 66 2397 17241 196 17045 59 44
internal_count=20240 72 20168 384 348 316 239 77 19784 80 19704 2463 66 2397 17241 196 17045 59 44
cat_boundaries=0 1
cat_threshold=1
is_linear=0
shrinkage=0.05


Tree=253
num_leaves=24
num_cat=0
split_feature=28 28 42 29 48 27 13 25 26 23 32 40 31 32 39 40 29 20 42 39 0 21 39
split_gain=11.5841 32.0458 44.2587 95.3576 38.9889 32.1421 37.6797 29.1959 25.9125 24.8221 46.0654 27.6429 19.8462 35.7863 17.4355 16.2656 48.3753 90.5862 41.1615 22.7792 57.683 19.7197 10.2627
threshold=32.813194444444449 33.215972222222227 160.57142857142858 3.3117260699530182 0.91071428571428592 4.1240870385210959 48.500000000000007 3.0023207439404311 34.342261904761912 32.770833333333336 8.5000000000000018 23.500000000000004 16.500000000000004 16.500000000000004 64.500000000000014 31.500000000000004 4.6268550377975393 27.854166666666668 139.07142857142858 52.500000000000007 27.520833333333339 25.354166666666668 48.500000000000007
decision_type=2 2 2 2 2 2 2 2 2 2 2 2 2 2 2 2 2 2 2 2 2 2 2
left_child=8 5 3 -3 22 6 -2 -5 12 10 -6 -11 15 -14 -15 19 17 -17 -18 21 -21 -1 -4
right_child=1 2 4 7 9 -7 -8 -9 -10 11 -12 -13 13 14 -16 16 18 -19 -20 20 -22 -23 -24
leaf_value=0.00059376356663468684 0.010015402889500064 -0.12023040855472739 0.080673287929967044 0.047906602030111989 -0.069262873477612938 -0.0066773139768176622 0.097958166434847074 -0.031070074096322061 -0.043165758784328191 0.033546364268972485 0.017649325986783353 -0.0036755949914455419 -0.074635853793472054 0.031636602329936897 -0.032867173515260216 0.012590689410867752 0.10314810761559311 -0.060650380704627964 0.01993653927707956 -0.0016857935529133068 -0.036540103443587817 -0.0054209947315655314 0.031185309419577773
leaf_weight=17062 21 22 20 22 30 27 29 25 35 83 31 125 25 22 20 305 23 49 42 569 150 1481 22
leaf_count=17062 21 22 20 22 30 27 29 25 35 83 31 125 25 22 20 305 23 49 42 569 150 1481 22
internal_value=-6.4383e-08 0.00787009 0.00191002 -0.034317 0.00994754 0.0372834 0.0610222 0.00589773 -0.00018187 0.0029522 -0.0250944 0.0111774 -0.000105688 -0.0272722 0.000920519 -1.32056e-05 0.00973278 0.0024528 0.0493806 -0.000225207 -0.00895721 0.000113374 0.054751
internal_weight=20240 457 380 69 311 77 50 47 19783 269 61 208 19748 67 42 19681 419 354 65 19262 719 18543 42
internal_count=20240 457 380 69 311 77 50 47 19783 269 61 208 19748 67 42 19681 419 354 65 19262 719 18543 42
is_linear=0
shrinkage=0.05


Tree=254
num_leaves=31
num_cat=1
split_feature=29 23 49 22 27 43 36 41 36 42 37 43 29 9 0 22 13 1 37 29 24 24 28 6 18 17 36 27 27 28
split_gain=11.661 29.5152 26.3021 100.356 84.8527 81.26 62.8576 85.66 50.8392 46.2569 60.1436 46.0508 90.2725 33.5188 30.2535 25.4994 21.3664 16.5043 76.0232 44.1811 53.8688 42.2148 42.0072 29.0276 27.6838 14.6821 66.6301 39.0522 24.7636 52.0664
threshold=1.3282789098138461 2.7291666666666674 0 14.85416666666667 4.0814949101490479 8.7857142857142865 1.7857142857142858 46.500000000000007 5.3571428571428585 63.642857142857146 66.662500000000009 8.9285714285714306 2.7599771199359227 0.97637648809523825 11.812500000000002 14.062500000000002 221.50000000000003 17.979166666666668 54.112500000000004 1.2796706105302975 19.758928571428577 19.43154761904762 20.407638888888894 0.99524937937260227 0.6830127018922193 -0.24999999999999994 5.6428571428571432 1.5281931943020617 0.66184870915614946 8.6048611111111128
decision_type=2 2 1 2 2 2 2 2 2 2 2 2 2 2 2 2 2 2 2 2 2 2 2 2 2 2 2 2 2 2
left_child=17 16 3 4 8 6 15 -8 -3 10 -7 14 -13 -11 -5 -4 -2 25 23 21 -21 24 -23 -19 -20 26 27 -1 -27 -30
right_child=1 2 5 11 -6 9 7 -9 -10 13 -12 12 -14 -15 -16 -17 -18 18 19 20 -22 22 -24 -25 -26 28 -28 -29 29 -31
leaf_value=-0.0025342641606558077 0.0064442434979061925 -1.860208110103176e-05 0.0099690294321681527 0.027216148930731127 -0.099987312441780454 0.011260042193572264 -0.029660665198709024 0.058540542137595908 0.054836073968299606 0.043129261975021413 -0.046829257304281266 -0.022494778356514873 -0.090209410848125587 0.0012459531239409098 -0.034136754507198934 -0.0497354835504666 0.065635751218845448 -0.11815811142325401 -0.034503465388291354 -0.0013868342368648602 -0.087491798639187934 0.030418831357003559 -0.0030573080879100281 -0.033990855160213655 0.019381706419711313 -0.0018936575676090886 -0.076761668454855686 -0.065630489028990269 0.030958364496089436 0.0023033474545764445
leaf_weight=1286 31 2386 169 54 21 74 33 166 43 48 112 225 63 9929 32 20 30 20 116 39 34 138 292 21 30 3360 32 25 182 1229
leaf_count=1286 31 2386 169 54 21 74 33 166 43 48 112 225 63 9929 32 20 30 20 116 39 34 138 292 21 30 3360 32 25 182 1229
internal_value=-6.11403e-08 0.00085398 0.000695718 -0.00358271 8.72788e-05 0.0018425 0.0243015 0.0439142 0.000952477 0.000986878 -0.0237185 -0.0277198 -0.0373074 0.00144746 0.00438716 0.00365109 0.0355548 -0.00168655 -0.0090169 -0.00484544 -0.0414905 -0.000201191 0.0076862 -0.0750481 -0.0234312 -0.000859282 -0.00547744 -0.00373747 0.000440693 0.00599946
internal_weight=20240 13436 13375 2824 2450 10551 388 199 2429 10163 186 374 288 9977 86 189 61 6804 690 649 73 576 430 41 146 6114 1343 1311 4771 1411
internal_count=20240 13436 13375 2824 2450 10551 388 199 2429 10163 186 374 288 9977 86 189 61 6804 690 649 73 576 430 41 146 6114 1343 1311 4771 1411
cat_boundaries=0 1
cat_threshold=2
is_linear=0
shrinkage=0.05


Tree=255
num_leaves=31
num_cat=1
split_feature=13 29 26 45 37 45 27 6 13 22 27 24 1 37 6 48 13 36 37 29 14 28 43 23 24 13 48 27 50 13
split_gain=11.4925 36.081 92.1868 36.9318 64.2185 64.1041 60.0697 48.8251 43.5647 36.0133 33.6938 31.0063 29.9899 43.5995 29.3838 26.6875 23.1409 122.185 162.493 165.824 148.284 60.2815 102.637 89.6584 86.4813 108.172 85.4608 49.3325 33.0375 83.1065
threshold=317.50000000000006 2.6300400496657166 23.825892857142865 15.500000000000002 58.562500000000007 4.5000000000000009 4.160462981181694 0.93311135506856135 341.50000000000006 31.854166666666668 3.4243059026757563 19.1875 16.729166666666668 71.21250000000002 0.98481967968659989 0.91071428571428592 170.50000000000003 5.6428571428571432 68.58750000000002 1.4851881830612623 28.500000000000004 21.47291666666667 18.500000000000004 19.687500000000004 24.633928571428577 273.50000000000006 0.80357142857142871 3.1641066475053168 0 163.50000000000003
decision_type=2 2 2 2 2 2 2 2 2 2 2 2 2 2 2 2 2 2 2 2 2 2 2 2 2 2 2 2 1 2
left_child=16 2 11 4 14 6 -6 8 10 -7 -5 12 15 -14 -3 -2 28 21 19 -19 -21 22 26 -24 25 -23 -18 -26 29 -1
right_child=1 3 -4 7 5 9 -8 -9 -10 -11 -12 -13 13 -15 -16 -17 17 18 -20 20 -22 24 23 -25 27 -27 -28 -29 -30 -31
leaf_value=0.0027911454118605791 0.034561256384477018 0.061480357656713391 -0.094412778547176945 0.076030180433934391 -0.050314221508091408 0.0050523587786837632 0.02235524536420902 0.085692530487264912 -0.036113588907755914 0.068889528274536135 0.015760072354131786 0.022981084194436348 -0.003365809582277883 -0.047960252305374873 0.013847524469610359 7.7982926439477884e-06 -0.066510940250979422 -0.12357800965862616 -0.14697764596343041 -0.063449876248621598 -0.0017881700059828851 -0.013720285804946816 0.019747253835634589 0.10250539163127542 0.053449036146554607 -0.078785495615253845 0.00053977822842546754 -0.0049537667168370464 -0.001133462266279408 0.035008584117694273
leaf_weight=4275 60 61 26 33 105 190 39 35 28 25 78 139 179 79 69 814 48 35 25 117 585 204 180 40 46 93 4778 169 7475 210
leaf_count=4275 60 61 26 33 105 190 39 35 28 25 78 139 179 79 69 814 48 35 25 117 585 204 180 40 46 93 4778 169 7475 210
internal_value=-5.80909e-08 0.00363852 -0.00121178 0.013127 0.00608758 -0.00481602 -0.0306329 0.03291 0.0196194 0.0124753 0.0336782 0.000694771 -0.0020418 -0.0170207 0.0361983 0.00237989 -0.00039019 -0.00283744 -0.0216134 -0.0173608 -0.0120651 -0.000263272 0.00139541 0.0347942 -0.0166104 -0.0340942 -0.000127117 0.00754172 0.000903009 0.00429009
internal_weight=20240 1960 1297 663 489 359 144 174 139 215 111 1271 1132 258 130 874 18280 6320 762 737 702 5558 5046 220 512 297 4826 215 11960 4485
internal_count=20240 1960 1297 663 489 359 144 174 139 215 111 1271 1132 258 130 874 18280 6320 762 737 702 5558 5046 220 512 297 4826 215 11960 4485
cat_boundaries=0 1
cat_threshold=13
is_linear=0
shrinkage=0.05


Tree=256
num_leaves=31
num_cat=2
split_feature=45 16 28 27 29 36 2 29 29 44 25 14 13 50 28 28 43 24 22 48 42 4 42 27 50 14 23 37 23 42
split_gain=11.3733 38.5049 32.0217 66.6972 65.7958 76.7372 55.9003 54.6644 42.4036 40.6911 30.6644 48.6083 66.6298 52.1584 91.5041 98.0097 81.393 113.019 76.7841 61.8621 42.5052 39.271 38.8794 38.1438 96.7492 73.9062 38.042 35.5701 47.332 37.1182
threshold=9.5000000000000018 1.0000000180025095e-35 21.918750000000003 1.1313267391411974 5.4745539574070348 3.0714285714285716 50.000000000000007 5.1096455838367563 6.0592846960489153 8.5000000000000018 1.5248574151378174 6.5000000000000009 24.500000000000004 0 14.264583333333336 17.875694444444445 11.928571428571431 24.434523809523814 16.854166666666668 0.98214285714285732 170.92857142857147 0.22916666666666671 74.785714285714292 2.2652047797873238 1 42.500000000000007 33.479166666666679 61.537500000000009 17.812500000000004 108.64285714285715
decision_type=2 2 2 2 2 2 2 2 2 2 2 2 2 1 2 2 2 2 2 2 2 2 2 2 1 2 2 2 2 2
left_child=10 -2 6 -4 7 -6 8 -5 9 -3 23 12 20 16 18 -16 19 -18 -15 -13 22 -14 -12 26 25 -25 -1 28 -26 -29
right_child=1 2 3 4 5 -7 -8 -9 -10 -11 11 13 21 14 15 -17 17 -19 -20 -21 -22 -23 -24 24 27 -27 -28 29 -30 -31
leaf_value=-0.00033933341279813935 0.0046196836490221193 -0.0019502070254241834 -0.087223340470895735 -0.006696462463141613 0.0036749247727649553 -0.064868459964589203 0.064502621650257538 0.032065165204558869 0.052962970951370696 0.050255093752945727 -0.058262449037283663 0.0006475986581052632 0.086831628903746613 -0.0027712357871641433 -0.03449953619490511 -0.0059197525368341487 0.020009820139731724 -0.015398177641133468 0.08567258167266846 -0.025107102613335222 -0.064537767535791948 0.025418316977138217 0.017743463924578567 -0.022590556973924064 0.066887299398049008 0.060113816347814375 0.037238930253421558 0.0015237241216735651 0.0069526703019316006 0.04611604708662656
leaf_weight=7033 4335 2104 27 778 70 98 34 103 37 38 20 567 36 1334 595 605 792 315 25 396 26 94 106 210 105 31 68 140 48 70
leaf_count=7033 4335 2104 27 778 70 98 34 103 37 38 20 567 36 1334 595 605 792 315 25 396 26 94 106 210 105 31 68 140 48 70
internal_value=-8.31476e-08 0.00152459 -0.00255484 -0.00963014 -0.00763298 -0.0363087 0.000885304 -0.00216474 -0.000107348 -0.00102406 -0.000921461 -0.00400911 0.0161448 -0.00523689 -0.00998976 -0.0200906 0.000683715 0.00993437 -0.00114423 -0.00994312 -0.00633174 0.0424251 0.00567903 0.00104654 0.013109 -0.0114761 2.05204e-05 0.02895 0.0480843 0.0163878
internal_weight=20240 7624 3289 1076 1049 168 2213 881 2179 2142 12616 4911 282 4629 2559 1200 2070 1107 1359 963 152 130 126 7705 604 241 7101 363 153 210
internal_count=20240 7624 3289 1076 1049 168 2213 881 2179 2142 12616 4911 282 4629 2559 1200 2070 1107 1359 963 152 130 126 7705 604 241 7101 363 153 210
cat_boundaries=0 1 2
cat_threshold=5 164
is_linear=0
shrinkage=0.05


Tree=257
num_leaves=22
num_cat=0
split_feature=27 22 28 27 37 45 26 25 27 6 29 26 29 17 25 24 37 33 26 24 13
split_gain=11.4417 31.6837 21.5652 17.2889 72.1075 60.857 41.2455 46.511 24.1909 91.9988 94.1565 75.9394 60.526 60.324 57.3769 55.7232 63.0733 49.5598 22.0968 110.713 85.7141
threshold=6.9749007820073157 17.145833333333339 23.470138888888894 5.9506337651009504 59.26250000000001 9.5000000000000018 19.778273809523814 4.0267684567904753 5.1379845452418804 0.50615767282433966 4.3800444907821889 22.912202380952383 5.2888113251039632 0.93301270189221952 5.1508089939629746 17.699404761904766 66.662500000000009 1.0000000180025095e-35 23.825892857142865 25.363095238095244 140.50000000000003
decision_type=2 2 2 2 2 2 2 2 2 2 2 2 2 2 2 2 2 2 2 2 2
left_child=3 -2 -3 8 -5 -6 -7 -8 14 11 -11 17 -13 -12 18 -16 -17 -10 19 -1 -20
right_child=1 2 -4 4 5 6 7 -9 9 10 13 12 -14 -15 15 16 -18 -19 20 -21 -22
leaf_value=0.0002059836097399714 0.023743450628327473 -0.076939063651176795 -0.011799546386356708 -0.065067802283626339 0.093279384807855997 -0.044190124808638181 0.06194560853947028 0.0038344417356024939 0.038637624636035539 -0.12380737459117717 -0.023269485044651306 0.13842345972855885 0.027746884102622667 0.054633812287270468 0.087941242704788855 0.047103623194353926 -0.0073452621454634937 -0.05095549500124022 0.0024425392950134864 0.059911847735444702 -0.018495595663387678
leaf_weight=16977 28 24 27 26 27 27 51 106 29 22 312 21 30 27 30 91 128 33 1393 78 753
leaf_count=16977 28 24 27 26 27 27 51 106 29 22 312 21 30 27 30 91 128 33 1393 78 753
internal_value=-7.90179e-08 -0.0189912 -0.0424534 7.43371e-05 0.0134993 0.0231805 0.0128943 0.0227113 -8.53551e-05 -0.0112457 -0.0235699 0.0281262 0.0733196 -0.0170648 0.000186625 0.024034 0.0152796 -0.00904904 -0.00012263 0.000479045 -0.00490435
internal_weight=20240 79 51 20161 237 211 184 157 19924 474 361 113 51 339 19450 249 219 62 19201 17055 2146
internal_count=20240 79 51 20161 237 211 184 157 19924 474 361 113 51 339 19450 249 219 62 19201 17055 2146
is_linear=0
shrinkage=0.05


Tree=258
num_leaves=24
num_cat=1
split_feature=50 24 25 3 22 45 45 3 37 25 29 26 29 1 36 22 6 20 26 34 26 44 6
split_gain=11.167 49.1154 40.4654 35.8537 31.9977 52.0465 31.551 30.2637 45.5622 36.532 31.2883 67.0304 60.9517 28.911 28.2351 69.2952 78.7311 59.5882 49.971 35.1083 28.1123 14.0105 10.6605
threshold=0 8.1696428571428594 2.6147601944498331 2.0625000000000004 30.104166666666668 27.500000000000004 31.500000000000004 0.10416666666666667 57.912500000000016 2.7939238009117249 1.8514398886533294 10.325892857142859 2.471536760314077 15.937500000000002 4.7857142857142865 19.354166666666668 0.97676988307850465 30.520833333333339 24.864583333333339 9.5000000000000018 9.081845238095239 1.0000000180025095e-35 0.45753087551968702
decision_type=1 2 2 2 2 2 2 2 2 2 2 2 2 2 2 2 2 2 2 2 2 2 2
left_child=1 2 13 4 14 -6 7 10 -9 -10 11 -3 -12 21 17 16 -16 19 -17 -2 -15 -1 -8
right_child=3 6 -4 -5 5 -7 22 8 9 -11 12 -13 -14 20 15 18 -18 -19 -20 -21 -22 -23 -24
leaf_value=-0.011747254222712439 -0.00082175050180667531 -0.080090182981100586 -0.015974935823386268 -0.05575487895558278 -0.07798672114099775 0.0065219859254093057 0.020284094402323601 0.085304684781779855 -0.00055251222523314161 0.06477351501010932 0.0098639625286704863 -0.0036443222051224552 -0.00075782462167285321 0.10776937754394918 -0.12758146418401828 0.021923128104346813 -0.019937642085917143 0.063952979507545624 -0.020286221398838931 0.027461865871239072 0.039131779628140587 0.044739826378368201 0.070197118483483797
leaf_weight=23 9503 29 35 30 35 38 23 24 121 26 1804 2559 5374 26 26 117 49 36 175 111 35 21 20
leaf_count=23 9503 29 35 30 35 38 23 24 121 26 1804 2559 5374 26 26 117 49 36 175 111 35 21 20
internal_value=-7.50878e-08 0.00117379 0.0305846 -0.00117394 -0.00101282 -0.0339959 0.00076239 0.000577455 0.0214302 0.0110018 0.000212329 -0.00450094 0.00191168 0.0461044 -0.000772453 -0.0143846 -0.0572542 -0.000254769 -0.00337357 -0.000495197 0.0683871 0.0152125 0.0434995
internal_weight=20240 10120 140 10120 10090 73 9980 9937 171 147 9766 2588 7178 105 10017 367 75 9650 292 9614 61 44 43
internal_count=20240 10120 140 10120 10090 73 9980 9937 171 147 9766 2588 7178 105 10017 367 75 9650 292 9614 61 44 43
cat_boundaries=0 1
cat_threshold=45
is_linear=0
shrinkage=0.05


Tree=259
num_leaves=31
num_cat=0
split_feature=37 25 43 13 12 39 36 7 22 25 16 13 31 27 27 9 37 27 37 20 1 43 30 1 36 22 27 20 43 23
split_gain=11.2316 76.7406 98.8169 77.9993 147.254 72.2578 69.1776 63.7464 56.722 73.1359 64.1118 51.8644 51.5605 37.1574 45.5121 28.5245 28.3953 60.1406 61.952 123.957 92.9191 61.1766 63.3892 61.2259 49.7135 104.636 113.237 83.0679 50.1249 62.0884
threshold=55.562500000000007 1.9195651787294563 9.7857142857142865 178.50000000000003 7.5000000000000009 30.500000000000004 4.7857142857142865 0.35864426624251666 10.645833333333334 2.6637586444904779 -0.22252093395631442 279.50000000000006 6.5000000000000009 3.1986535403596168 4.4080865810672263 0.97461970899470918 66.662500000000009 2.0818046114366235 64.412500000000023 12.395833333333334 37.979166666666679 9.9285714285714306 0.0059523809523809408 16.229166666666668 4.7857142857142865 14.395833333333334 2.1235158749970182 21.937500000000004 20.642857142857149 19.562500000000004
decision_type=2 2 2 2 2 2 2 2 2 2 2 2 2 2 2 2 2 2 2 2 2 2 2 2 2 2 2 2 2 2
left_child=1 13 8 5 12 7 -7 -4 9 -3 -10 -6 -5 -1 -15 -2 17 21 20 -20 -19 23 -23 -17 28 26 -26 -27 29 -18
right_child=15 2 3 4 11 6 -8 -9 10 -11 -12 -13 -14 14 -16 16 24 18 19 -21 -22 22 -24 -25 25 27 -28 -29 -30 -31
leaf_value=2.2435034502992593e-05 0.032664780214806836 0.042646713963208294 -0.0033513269387185577 -0.079080550322233115 0.0016280860680547593 -0.11384570556490317 -0.020326404765922023 0.073636691655431477 0.10889918677508832 -0.078393056274702166 0.0086157892337616754 -0.05581835146381784 -0.16982768514881963 0.074693550686869364 -0.019378594253212214 -0.0062031988978860312 0.0006840195347810195 0.0084584594386149358 -0.032828719416468206 0.035584397009894943 -0.02216376572092962 0.041984971477598942 -0.00049147020651635646 -0.047725957847739524 0.0016710499035460609 0.023367721807689555 -0.15313656426690245 -0.019077719982119917 0.010367449831564035 -0.009944071108380791
leaf_weight=3288 69 26 116 49 95 23 141 35 30 24 34 67 23 36 20 267 6772 2210 79 409 279 91 2524 133 21 152 27 477 999 1724
leaf_count=3288 69 26 116 49 95 23 141 35 30 24 34 67 23 36 20 267 6772 2210 79 409 279 91 2524 133 21 152 27 477 999 1724
internal_value=-7.13315e-08 -0.00237076 -0.0179107 -0.0267069 -0.0485733 -0.0104633 -0.0334419 0.0144936 0.0244499 -0.0154524 0.0556236 -0.0221306 -0.108069 0.000710276 0.0410964 0.000585116 0.000448176 0.00317864 0.0082197 0.0245093 0.00502592 -0.00179889 0.000986677 -0.0200095 -0.00116025 -0.0142508 -0.0854082 -0.00882063 -0.00022689 -0.00147262
internal_weight=20240 4007 663 549 234 315 164 151 114 50 64 162 72 3344 56 16233 16164 5992 2977 488 2489 3015 2615 400 10172 677 48 629 9495 8496
internal_count=20240 4007 663 549 234 315 164 151 114 50 64 162 72 3344 56 16233 16164 5992 2977 488 2489 3015 2615 400 10172 677 48 629 9495 8496
is_linear=0
shrinkage=0.05


Tree=260
num_leaves=31
num_cat=1
split_feature=45 10 27 27 0 42 37 37 24 27 43 25 25 25 24 9 18 41 25 14 13 50 28 28 43 24 22 28 42 42
split_gain=11.6516 35.1293 37.831 32.8717 70.7697 74.4529 58.03 54.6144 52.4634 41.3051 43.1451 31.7221 62.1826 62.0367 45.2308 43.3549 38.7589 31.8551 28.6364 43.7509 60.3241 44.6751 80.2391 91.1372 73.2723 100.931 67.9234 59.3821 39.1516 35.4435
threshold=9.5000000000000018 1.0000000180025095e-35 3.5358036893346614 1.0239565852651229 22.104166666666668 67.642857142857153 59.812500000000007 60.662500000000009 18.8125 0.92229995657878405 18.928571428571434 3.3177711969292472 2.2943346407330258 4.1617381555335022 27.294642857142858 0.99661915204678375 0.25000000000000017 129.50000000000003 1.5248574151378174 6.5000000000000009 24.500000000000004 0 14.264583333333336 17.875694444444445 11.928571428571431 24.434523809523814 16.854166666666668 12.41527777777778 170.92857142857147 84.071428571428584
decision_type=2 2 2 2 2 2 2 2 2 2 2 2 2 2 2 2 2 2 2 2 2 1 2 2 2 2 2 2 2 2
left_child=18 2 -2 9 6 -6 -5 -8 -7 -3 -11 12 17 16 -15 -14 -13 -4 -1 20 28 24 26 -24 27 -26 -23 -21 29 -20
right_child=1 3 11 4 5 8 7 -9 -10 10 -12 13 15 14 -16 -17 -18 -19 19 21 -22 22 23 -25 25 -27 -28 -29 -30 -31
leaf_value=0.00096915975115870667 -0.00071999091240511391 -0.00094524981855146283 0.052555588390678171 0.085112624901991632 -0.093181571906263194 -0.034771268875729816 -0.070266319811344152 0.010704544483728019 0.0012061927383073907 -0.016961841029462531 -0.10064598313067108 0.0044513861656907882 -0.027930226879577864 -0.050128876721578564 0.012600031991799675 -0.10472567055723631 0.083912714887853901 -0.036684448495507241 -0.037415575353162631 0.0025659178948548977 0.040209795093844432 -0.0027274768547404724 -0.03283364319040033 -0.0052740858746731026 0.018697580730558268 -0.014763376384175251 0.08045684602856637 -0.022268508768517919 -0.062045226405517989 0.021790874085726813
leaf_weight=7705 776 1846 20 26 22 107 21 2502 1912 67 20 57 34 91 42 40 21 20 35 488 130 1334 595 605 792 315 25 475 26 91
leaf_count=7705 776 1846 20 26 22 107 21 2502 1912 67 20 57 34 91 42 40 21 20 35 488 130 1334 595 605 792 315 25 475 26 91
internal_value=-6.77619e-08 0.00154315 -0.00671805 0.00293753 0.00524092 -0.00169734 0.0107964 0.0100306 -0.000700488 -0.00253197 -0.0361996 -0.0210396 -0.0422915 -0.00955749 -0.0303197 -0.0694413 0.0258448 0.00793557 -0.000932651 -0.00391645 0.015204 -0.00508128 -0.0094799 -0.018939 0.000400311 0.00917617 -0.00119723 -0.00968367 -0.00618258 0.00534464
internal_weight=20240 7624 1101 6523 4590 2041 2549 2523 2019 1933 87 325 114 211 133 74 78 40 12616 4911 282 4629 2559 1200 2070 1107 1359 963 152 126
internal_count=20240 7624 1101 6523 4590 2041 2549 2523 2019 1933 87 325 114 211 133 74 78 40 12616 4911 282 4629 2559 1200 2070 1107 1359 963 152 126
cat_boundaries=0 1
cat_threshold=5
is_linear=0
shrinkage=0.05


Tree=261
num_leaves=31
num_cat=2
split_feature=10 3 47 48 9 0 26 50 23 27 50 10 34 0 39 45 1 5 23 27 48 20 40 0 26 24 21 17 18 36
split_gain=11.2653 25.6686 24.3314 23.3064 34.3851 38.528 31.9263 31.5537 61.7124 37.7591 21.672 43.6487 53.1432 48.8607 57.9627 48.5958 46.75 65.7932 63.3217 40.7291 47.1944 33.1522 61.7881 43.1187 25.5767 56.6285 51.0359 63.3935 70.4003 60.9342
threshold=4.5000000000000009 0.93750000000000011 0.62500000000000011 0.98214285714285732 0.98474880382775132 29.604166666666668 27.663690476190478 0 23.854166666666668 3.5753608870807239 1 1.0000000180025095e-35 2.5000000000000004 13.770833333333334 19.500000000000004 20.500000000000004 41.770833333333336 0.47916666666666669 22.520833333333339 3.0331251751788906 0.98214285714285732 13.270833333333334 11.500000000000002 17.812500000000004 15.483630952380956 15.437500000000002 18.187500000000004 -0.93301270189221908 -0.9330127018922193 4.9285714285714297
decision_type=2 2 2 2 2 2 2 1 2 2 1 2 2 2 2 2 2 2 2 2 2 2 2 2 2 2 2 2 2 2
left_child=10 2 -2 4 6 -6 -4 9 -9 -5 11 12 13 14 -1 16 17 -13 -18 -17 -21 22 -14 -23 25 -12 27 29 -29 -26
right_child=1 -3 3 7 5 -7 -8 8 -10 -11 24 15 21 -15 -16 19 18 -19 -20 20 -22 23 -24 -25 26 -27 -28 28 -30 -31
leaf_value=-0.076459573917090906 -0.047924766053670437 0.027199916916433722 0.0091605389859858288 -0.0031980470827583925 0.00010259959664131934 -0.026766695704927065 0.054304639302020855 -0.0067692940547958496 -0.040139075551581173 0.021564422465392696 0.00098343541028030382 0.022777170893412246 0.020793621519326486 -0.10537685728073121 0.043917615674436097 0.10908054592353958 -0.054199492016478501 -0.00032426878969542359 0.013310793642951568 -0.025601592935297804 0.075688385380351025 0.03947266500154642 -0.095213433820754298 -0.0064328383542393737 -0.014308074470387684 0.024714373937324407 0.00087616735563741184 -0.038222111512852069 -0.0041524207473611014 -0.10434968651217574
leaf_weight=20 29 75 439 871 2480 141 43 1381 154 187 7590 598 22 25 20 21 68 636 71 23 23 71 24 183 42 260 3136 170 1403 34
leaf_count=20 29 75 439 871 2480 141 43 1381 154 187 7590 598 22 25 20 21 68 636 71 23 23 71 24 183 42 260 3136 170 1403 34
internal_value=-6.43677e-08 -0.00186132 -0.00224204 -0.00200945 0.00091425 -0.00134287 0.0131879 -0.0055082 -0.0100517 0.00116765 0.000747532 0.00585627 -0.009555 -0.0505425 -0.016271 0.00980327 0.00777423 0.0108708 -0.0197158 0.0513834 0.0250434 -0.000674376 -0.0397318 0.00639901 1.30675e-05 0.00176943 -0.00286829 -0.00998935 -0.00783446 -0.0545898
internal_weight=20240 5800 5725 5696 3103 2621 482 2593 1535 1058 14440 1805 365 65 40 1440 1373 1234 139 67 46 300 46 254 12635 7850 4785 1649 1573 76
internal_count=20240 5800 5725 5696 3103 2621 482 2593 1535 1058 14440 1805 365 65 40 1440 1373 1234 139 67 46 300 46 254 12635 7850 4785 1649 1573 76
cat_boundaries=0 1 2
cat_threshold=180 1
is_linear=0
shrinkage=0.05


Tree=262
num_leaves=16
num_cat=0
split_feature=44 44 29 20 38 41 38 27 38 42 21 18 21 27 27
split_gain=11.0483 17.9126 36.2891 18.7788 12.7347 27.5014 27.2781 42.2725 24.7153 54.577 18.0688 73.8017 60.984 15.5865 8.46466
threshold=11.500000000000002 9.5000000000000018 4.4776800515306157 20.020833333333339 194.50000000000003 110.50000000000001 196.50000000000003 4.8268713389874032 190.50000000000003 142.78571428571431 25.354166666666668 -0.9330127018922193 25.145833333333339 2.7923311890796554 3.2839149519949093
decision_type=2 2 2 2 2 2 2 2 2 2 2 2 2 2 2
left_child=1 4 3 -3 8 -6 13 -8 10 -10 12 -12 -1 -7 -11
right_child=-2 2 -4 -5 5 6 7 -9 9 14 11 -13 -14 -15 -16
leaf_value=0.00027787710160008088 0.028067745364138058 0.032947443106344773 -0.0823161808308214 -0.033919080098470049 0.059633437016357982 0.013643591371364892 0.0061255809660121074 -0.046108792088038864 -0.090991163606910661 0.019099682230236278 -0.035048129096966835 -0.0015375975209081353 0.057309110018801179 0.076066598296165466 -0.023489703312516215
leaf_weight=17458 35 21 20 21 24 20 498 42 24 28 181 1781 47 20 20
leaf_count=17458 35 21 20 21 24 20 498 42 24 28 181 1781 47 20 20
internal_value=-6.11364e-08 -4.86814e-05 -0.0268827 -0.000485818 3.39135e-05 0.0071844 0.00501409 0.00206291 -0.000187126 -0.0294277 -7.89781e-05 -0.00462904 0.000431003 0.0448551 0.0013541
internal_weight=20240 20205 62 42 20143 604 580 540 19539 72 19467 1962 17505 40 48
internal_count=20240 20205 62 42 20143 604 580 540 19539 72 19467 1962 17505 40 48
is_linear=0
shrinkage=0.05


Tree=263
num_leaves=31
num_cat=1
split_feature=45 49 36 37 40 36 23 13 13 37 28 36 29 24 29 38 36 27 28 23 27 29 1 25 25 48 29 24 42 14
split_gain=11.2926 29.9576 76.8116 97.4605 46 75.6213 58.5138 68.6631 87.2744 56.3745 137.142 54.0194 61.5258 58.7987 45.6614 55.2459 41.7109 63.1948 52.0125 127.841 46.0531 41.2274 42.2781 37.6572 26.936 62.8456 46.3794 48.9595 147.016 98.0894
threshold=13.500000000000002 0 4.7857142857142865 89.925000000000026 23.500000000000004 6.2142857142857153 27.645833333333339 66.500000000000014 73.500000000000014 68.58750000000002 29.695833333333336 3.0714285714285716 5.1612233359612976 14.699404761904763 1.5859073652264915 114.50000000000001 4.2142857142857153 3.3850448856987021 21.918750000000003 24.854166666666668 5.1379845452418804 2.8264661038455614 27.854166666666668 3.9488399104620719 3.0377569800082296 0.80357142857142871 2.1174997591770199 27.294642857142858 160.57142857142858 21.500000000000004
decision_type=2 1 2 2 2 2 2 2 2 2 2 2 2 2 2 2 2 2 2 2 2 2 2 2 2 2 2 2 2 2
left_child=24 4 16 14 5 11 21 -8 -9 10 -7 13 -13 -2 -4 -16 18 -18 20 -20 -3 22 -6 -23 -1 -26 -27 29 -29 -28
right_child=1 2 3 -5 6 9 7 8 -10 -11 -12 12 -14 -15 15 -17 17 -19 19 -21 -22 23 -24 -25 25 26 27 28 -30 -31
leaf_value=9.0783022525826444e-06 0.0047368776959735666 0.0058427559698029652 -0.080137675292789937 -0.13902897625653582 -0.00051663849371834662 0.14299384627272102 0.010718987141567542 -0.12737074734436141 -0.028026034522679502 -0.019522482236304012 0.0266016524849516 0.0050449884659362005 -0.027084742556701624 0.03258553690265683 0.062483475295205919 -0.048564549162983896 -0.012005777511512862 0.065552629583619612 -0.035656199279390177 0.0084566121522809904 -0.028190227775675654 0.030398339367174135 -0.063241673063705955 -0.015340783564994735 -0.091028273444284102 -0.067377945961585903 0.02392138619317756 -0.045341189779306242 0.028658350689184604 -0.0091995638717789954
leaf_weight=13931 449 1400 20 22 128 34 83 27 122 30 99 749 186 328 24 21 48 58 326 331 107 180 34 60 22 30 316 213 98 764
leaf_count=13931 449 1400 20 22 128 34 83 27 122 30 99 749 186 328 24 21 48 58 326 331 107 180 34 60 22 30 316 213 98 764
internal_value=-5.80688e-08 0.00209921 -0.00195063 -0.0480649 0.00588802 0.00984828 -0.00573124 -0.0257263 -0.0460281 0.0423907 0.056356 0.00674991 -0.00134659 0.0164928 -0.017277 0.0106611 -0.000191852 0.0304318 -0.0016919 -0.0134319 0.00342635 0.00580823 -0.0136812 0.0189636 -0.000664496 -0.00716731 -0.00586897 -0.00454239 -0.022023 0.000491381
internal_weight=20240 4866 2357 87 2509 1875 634 232 149 163 133 1712 935 777 65 45 2270 106 2164 657 1507 402 162 240 15374 1443 1421 1391 311 1080
internal_count=20240 4866 2357 87 2509 1875 634 232 149 163 133 1712 935 777 65 45 2270 106 2164 657 1507 402 162 240 15374 1443 1421 1391 311 1080
cat_boundaries=0 1
cat_threshold=5
is_linear=0
shrinkage=0.05


Tree=264
num_leaves=30
num_cat=1
split_feature=27 37 30 43 12 42 26 4 28 45 50 29 16 16 13 25 36 25 45 45 24 37 45 17 37 29 13 42 12
split_gain=11.1343 17.5642 16.0246 37.4264 32.8348 31.1211 38.5456 27.0711 26.9099 20.9527 50.3877 52.6269 47.5455 47.2486 31.5335 25.7612 19.2361 15.8276 31.6901 16.8566 17.9641 15.03 47.674 39.2534 20.6709 16.6608 16.2096 7.29444 4.43826
threshold=0.21180707623942099 127.40000000000002 0.97321428571428592 11.071428571428573 5.5000000000000009 85.642857142857153 15.717261904761907 0.89583333333333337 10.652083333333335 4.5000000000000009 0 3.3117260699530182 1.0000000180025095e-35 -0.56174490092936669 293.50000000000006 3.9488399104620719 13.928571428571431 0.22253194858686695 1.5000000000000002 17.500000000000004 11.919642857142859 96.537500000000023 11.500000000000002 0.68301270189221941 103.26250000000002 2.4245737830478435 6.5000000000000009 84.785714285714292 5.5000000000000009
decision_type=2 2 2 2 2 2 2 2 2 2 1 2 2 2 2 2 2 2 2 2 2 2 2 2 2 2 2 2 2
left_child=17 2 9 4 8 6 -5 -6 -4 10 11 -2 -12 15 -15 -11 -7 19 -19 21 -21 25 24 -24 -23 26 -1 28 -20
right_child=1 -3 3 5 7 16 -8 -9 -10 13 12 -13 -14 14 -16 -17 -18 18 27 20 -22 22 23 -25 -26 -27 -28 -29 -30
leaf_value=-0.040032476849713325 -0.010108788411480815 0.034283950042567755 -0.05477629651478122 0.015098946882196918 -0.039741437554359438 0.0055527990158890615 0.067398074823756551 0.019866326098126594 -0.0047840131590380633 0.005024121404494355 -0.0045190120209965086 -0.052486705337928256 0.0039206941650535192 -0.0021248379453091197 0.0079465705972723046 0.019362050598749111 -0.042751857873407156 -0.059380453864210529 -0.030644212430343033 0.00020312726763742312 -0.063759459824422784 -0.028524174077236758 0.049871408861751364 -0.039258450438224138 -0.095078570209443575 -0.040611832246184351 0.0014846805821971685 0.022494048882453217 0.0019000823524865239
leaf_weight=24 573 38 63 195 25 1110 43 80 47 2370 3882 84 2927 6085 891 361 21 38 20 21 23 28 30 21 20 25 1152 21 22
leaf_count=24 573 38 63 195 25 1110 43 80 47 2370 3882 84 2927 6085 891 361 21 38 20 21 23 28 30 21 20 25 1152 21 22
internal_value=-5.51829e-08 0.000325113 0.000256316 0.00506834 -0.0143255 0.00811412 0.0245479 0.005674 -0.033416 -0.000187534 -0.00217896 -0.0152942 -0.00088971 0.00134415 -0.000838481 0.0069194 0.0046559 -0.0042295 -0.0233185 -0.00279498 -0.0332319 -0.00176481 -0.0204902 0.0131709 -0.0562552 -0.000221252 0.000637392 -0.00156678 -0.0135972
internal_weight=20240 18795 18757 1584 215 1369 238 105 110 17173 7466 657 6809 9707 6976 2731 1131 1445 101 1344 44 1300 99 51 48 1201 1176 63 42
internal_count=20240 18795 18757 1584 215 1369 238 105 110 17173 7466 657 6809 9707 6976 2731 1131 1445 101 1344 44 1300 99 51 48 1201 1176 63 42
cat_boundaries=0 1
cat_threshold=161
is_linear=0
shrinkage=0.05


Tree=265
num_leaves=31
num_cat=1
split_feature=50 35 36 27 1 29 29 29 37 18 43 42 41 29 45 3 42 45 23 28 29 36 21 28 30 9 21 24 21 6
split_gain=10.9729 47.2901 67.2986 108.585 49.2155 46.4225 62.9178 71.7899 50.2938 49.1366 47.4183 44.4781 42.7918 36.0192 34.5019 32.5033 31.8753 29.9986 28.5986 56.6039 73.266 28.0955 31.5006 22.2206 99.6321 72.843 36.6814 63.5947 40.1974 20.0758
threshold=0 2.785714285714286 1.5000000000000002 4.3019365669452281 17.604166666666668 2.0220796350450203 2.8504730189226852 3.7599645044281438 65.71250000000002 -0.9330127018922193 6.3571428571428585 43.857142857142868 31.500000000000004 4.8437969857271197 30.500000000000004 2.6875000000000004 79.500000000000014 12.500000000000002 29.479166666666668 22.713194444444451 4.3800444907821889 1.0714285714285716 11.187500000000002 24.592361111111114 0.071428571428571466 0.99863056752873569 26.812500000000004 21.622023809523814 25.854166666666668 0.64647009966777425
decision_type=1 2 2 2 2 2 2 2 2 2 2 2 2 2 2 2 2 2 2 2 2 2 2 2 2 2 2 2 2 2
left_child=1 5 3 4 -3 9 8 10 -7 -1 -8 -4 29 -5 -14 18 -10 -6 23 -20 -21 -11 -23 26 -25 -26 28 -28 -2 -13
right_child=15 2 11 13 17 6 7 -9 16 21 -12 12 14 -15 -16 -17 -18 -19 19 20 -22 22 -24 24 25 -27 27 -29 -30 -31
leaf_value=-0.068123866976411249 -0.00049907958440632849 0.010050284269231338 -0.073730870978906751 0.082477591203165834 -0.093182843008365199 0.089892896492448124 -0.081260362927886576 0.067690051527637435 0.017935475885397352 0.028332433823686044 -0.0030856510363064891 0.087101356256753207 0.00042790815249453372 -0.0030156546438645042 0.039452032640314938 -0.056997522138632267 0.054243604059717281 -0.042403447366968702 -0.074261954254828969 -0.065313632935285568 0.060948559614243336 0.0240077757564458 -0.021081071284436089 -0.098617746176258222 0.0062470581754359789 -0.053399045205867246 -0.046052624378353363 0.029889867445758202 -0.03654274769031849 0.019272806522591661
leaf_weight=27 9332 27 20 22 52 36 22 33 230 76 164 20 8948 28 57 26 82 66 39 20 27 55 131 31 273 63 32 199 78 24
leaf_count=27 9332 27 20 22 52 36 22 33 230 76 164 20 8948 28 57 26 82 66 39 20 27 55 131 31 273 63 32 199 78 24
internal_value=-5.24526e-08 0.00116357 0.000125749 -0.028937 -0.0508467 0.0124089 0.0207218 -0.000273987 0.0339347 -0.0039006 -0.0123321 0.00075065 0.000915268 0.0346014 0.000674924 -0.00116367 0.027478 -0.0647808 -0.00102101 -0.0297311 0.00721997 0.00271783 -0.00774835 -0.000774299 -0.0128497 -0.00493659 -0.00031463 0.0193697 -0.000797848 0.050104
internal_weight=20240 10120 9264 195 145 856 567 219 348 289 186 9069 9049 50 9005 10120 312 118 10094 86 47 262 186 10008 367 336 9641 231 9410 44
internal_count=20240 10120 9264 195 145 856 567 219 348 289 186 9069 9049 50 9005 10120 312 118 10094 86 47 262 186 10008 367 336 9641 231 9410 44
cat_boundaries=0 1
cat_threshold=45
is_linear=0
shrinkage=0.05


Tree=266
num_leaves=27
num_cat=0
split_feature=45 23 22 10 44 39 37 27 33 45 29 28 39 27 9 45 37 24 28 10 40 27 28 27 37 29
split_gain=11.1375 42.8935 53.735 41.2291 43.2472 51.1945 41.6629 61.1724 28.8687 14.5303 87.3366 85.8296 133.85 82.2914 41.939 21.3649 69.6031 58.032 54.0768 38.0948 35.1529 23.6192 27.7888 24.7145 73.7697 20.1692
threshold=34.500000000000007 12.47916666666667 13.937500000000002 1.5000000000000002 5.5000000000000009 28.500000000000004 89.812500000000014 3.3518693874237635 2.5000000000000004 32.500000000000007 3.9014947682245289 18.999305555555559 22.500000000000004 4.3019365669452281 0.99465460526315796 30.500000000000004 84.425000000000026 24.833333333333339 22.409027777777784 3.5000000000000004 14.500000000000002 6.9749007820073157 23.336111111111112 5.9506337651009504 59.26250000000001 3.373687276310998
decision_type=2 2 2 2 2 2 2 2 2 2 2 2 2 2 2 2 2 2 2 2 2 2 2 2 2 2
left_child=9 -2 -3 4 -4 -6 7 -5 -8 15 14 -12 -13 -14 -11 21 19 18 -18 -17 -19 23 -23 25 -25 -1
right_child=1 2 3 6 5 -7 8 -9 -10 10 11 12 13 -15 -16 16 17 20 -20 -21 -22 22 -24 24 -26 -27
leaf_value=0.00049371014598519872 0.076565678146752456 -0.054983488032046494 -0.062525197615226111 -0.044701335802674297 -0.034866819616407162 0.072458699643611915 0.031209076654489094 0.030871859471095199 0.097237623274326335 -0.007278094571083785 0.040679325293749569 0.046561680138111121 -0.17451414854925437 -0.0549871391345126 0.092762756212191155 0.030174527202661224 0.0012174152579082519 0.095519083738327029 -0.072784175032354667 0.12196129605174065 0.015850664758019977 -0.065567428409121928 0.0024874465415875117 -0.061759898224129132 0.028276533209258221 -0.0035807589749941426
leaf_weight=15475 22 34 33 40 25 20 49 81 25 20 25 20 24 36 22 26 98 20 33 20 45 30 30 26 182 3779
leaf_count=15475 22 34 33 40 25 20 49 81 25 20 25 20 24 36 22 26 98 20 33 20 45 30 30 26 182 3779
internal_value=-4.97801e-08 0.00912441 0.00429149 0.0116737 -0.0190491 0.0128334 0.0239628 0.00588899 0.053516 -0.000150818 -0.0158125 -0.0401872 -0.065458 -0.102798 0.0451243 -3.433e-05 0.0147308 0.00174026 -0.0174242 0.0700818 0.040364 -0.000217363 -0.03154 -0.000120797 0.017022 -0.00030599
internal_weight=20240 329 307 273 78 45 195 121 74 19911 147 105 80 60 42 19764 242 196 131 46 65 19522 60 19462 208 19254
internal_count=20240 329 307 273 78 45 195 121 74 19911 147 105 80 60 42 19764 242 196 131 46 65 19522 60 19462 208 19254
is_linear=0
shrinkage=0.05


Tree=267
num_leaves=31
num_cat=2
split_feature=29 23 32 18 27 39 39 20 40 38 38 23 29 25 24 25 22 37 48 50 50 43 18 13 28 23 20 26 1 38
split_gain=11.0716 26.8624 25.1991 54.8354 40.2287 29.1864 31.4247 42.1578 28.5658 74.8113 43.1388 28.0974 24.1116 21.7596 20.3734 16.8114 58.8685 57.0919 31.6228 27.1194 14.2864 50.4595 38.7129 122.082 20.1776 16.5258 13.2996 13.4402 12.8039 4.70021
threshold=1.3282789098138461 2.7291666666666674 1.0000000180025095e-35 -0.9330127018922193 3.3193509680181057 7.5000000000000009 8.5000000000000018 9.7291666666666696 18.500000000000004 104.50000000000001 117.50000000000001 11.270833333333334 3.4712697442458205 1.1931690671426483 5.7708333333333348 1.3487145697750396 20.937500000000004 54.862500000000004 0.87500000000000011 0 1 7.9285714285714297 -0.5 199.50000000000003 20.407638888888894 33.479166666666679 23.812500000000004 22.912202380952383 16.854166666666668 48.500000000000007
decision_type=2 2 2 2 2 2 2 2 2 2 2 2 2 2 2 2 2 2 2 1 1 2 2 2 2 2 2 2 2 2
left_child=15 14 3 4 11 13 7 -7 9 -5 -10 -3 -8 -4 -2 20 17 -17 -19 -20 21 29 23 -23 -24 26 27 -22 -15 -1
right_child=1 2 5 8 -6 6 12 -9 10 -11 -12 -13 -14 28 -16 16 -18 18 19 -21 25 22 24 -25 -26 -27 -28 -29 -30 -31
leaf_value=0.063439458300885945 0.06530682760556894 -0.024942715648960855 -0.0030780593127322695 -0.00014941069690108883 0.035724035836756228 -0.0042839703426973243 0.0029267241160947166 -0.094385168347507722 0.089617058634757996 -0.065140234903888192 0.00073018685365334535 -0.068581365604292274 -0.0017506494828805092 0.084135254809544202 0.0073198668715177169 -0.087081285648136622 -0.087160980103847888 -0.051077824572642011 0.0219742878756829 -0.006933230321180631 8.7866104830813018e-05 -0.013883281687664679 -0.0015565761803315369 -0.1377390589226376 -0.02740871102353673 0.045677981525659564 -0.033053887938149278 0.027848497312515975 0.028235727623105052 0.030297043882310394
leaf_weight=23 28 112 24 765 20 37 7988 20 21 47 39 55 4206 21 33 21 24 31 104 272 4797 208 1107 22 81 20 30 44 20 20
leaf_count=23 28 112 24 765 20 37 7988 20 21 47 39 55 4206 21 33 21 24 31 104 272 4797 208 1107 22 81 20 30 44 20 20
internal_value=-4.73456e-08 0.000832132 0.00068115 -0.00672005 -0.0312892 0.00131755 0.00114025 -0.0358984 -0.00145121 -0.00391119 0.0318406 -0.0393147 0.00131339 0.0347336 0.0339368 -0.00164337 -0.0109604 -0.00668743 -0.00253935 0.00146249 -0.000980384 -0.00529991 -0.00695431 -0.0257304 -0.00331922 0.000320092 0.000134513 0.000340183 0.0568672 0.0480244
internal_weight=20240 13436 13375 1059 187 12316 12251 57 872 812 60 167 12194 65 61 6804 452 428 407 376 6352 1461 1418 230 1188 4891 4871 4841 41 43
internal_count=20240 13436 13375 1059 187 12316 12251 57 872 812 60 167 12194 65 61 6804 452 428 407 376 6352 1461 1418 230 1188 4891 4871 4841 41 43
cat_boundaries=0 1 2
cat_threshold=37 164
is_linear=0
shrinkage=0.05


Tree=268
num_leaves=26
num_cat=1
split_feature=36 18 9 30 23 4 30 35 45 30 0 29 23 29 29 30 30 48 23 37 37 41 21 50 24
split_gain=11.102 66.2883 83.4806 57.9958 62.9093 89.1251 60.5505 36.2372 61.1707 33.1454 66.2967 45.0638 22.0473 71.9939 68.2244 51.1086 66.711 49.8886 30.022 101.593 120.293 50.2278 28.1375 60.6815 31.4199
threshold=8.7857142857142865 -0.5 0.99641830870279158 0.31845238095238099 25.229166666666668 0.72916666666666685 0.37202380952380965 10.500000000000002 14.500000000000002 0.6517857142857143 32.520833333333336 4.0714114104069283 30.937500000000004 3.5078884182618073 3.1923458376614287 0.2083333333333334 0.26488095238095255 0.87500000000000011 27.979166666666668 66.137500000000017 64.112500000000011 155.50000000000003 27.812500000000004 0 26.145833333333336
decision_type=2 2 2 2 2 2 2 2 2 2 2 2 2 2 2 2 2 2 2 2 2 2 2 1 2
left_child=7 2 -2 4 -3 -6 -5 12 -9 10 -8 -11 18 14 -14 17 -17 -15 22 20 -20 -21 24 -24 -1
right_child=1 3 -4 6 5 -7 9 8 -10 11 -12 -13 13 15 -16 16 -18 -19 19 21 -22 -23 23 -25 -26
leaf_value=-9.0245854625718719e-05 0.0049703700467944147 -0.015419496993910379 -0.11991314870993729 -0.076851202953945513 0.15444881319999695 0.027009300602709549 0.062853339363613897 -0.093793070033468595 0.017170653395030811 0.0071426373522849281 -0.0013596355075855833 -0.036479750092046848 -0.021584919155449481 -0.050799636198725143 -0.13441982091892332 0.095688016057014477 0.0061554710260562362 -0.0050074110188853679 0.023920757412496541 0.0078577621020417716 0.14101687862441456 -0.045014565280039928 0.010140219056292584 -0.024542665869805469 0.014575602338916494
leaf_weight=17464 32 26 23 22 23 34 72 27 23 417 91 69 37 72 21 25 124 342 90 227 29 56 199 322 373
leaf_count=17464 32 26 23 22 23 34 72 27 23 417 91 69 37 72 21 25 124 342 90 227 29 56 199 322 373
internal_value=3.26614e-07 0.00573936 -0.0472536 0.0096049 0.0490329 0.0784323 0.00472782 -0.000238615 -0.0427498 0.00749321 0.0270044 0.000949335 -0.000128943 -0.00939789 -0.0624389 -0.00393362 0.0211777 -0.0129713 0.000177881 0.0136947 0.0524568 -0.00260461 -0.000118107 -0.0115717 0.00021644
internal_weight=20240 809 55 754 83 57 671 19431 50 649 163 486 19381 621 58 563 149 414 18760 402 119 283 18358 521 17837
internal_count=20240 809 55 754 83 57 671 19431 50 649 163 486 19381 621 58 563 149 414 18760 402 119 283 18358 521 17837
cat_boundaries=0 1
cat_threshold=129
is_linear=0
shrinkage=0.05


Tree=269
num_leaves=31
num_cat=2
split_feature=49 42 22 14 13 24 35 0 1 23 13 29 0 26 27 28 24 28 50 30 19 7 4 30 45 23 42 42 29 7
split_gain=11.0252 97.8723 52.9189 54.6434 78.2449 65.7962 76.1051 58.3482 49.9656 135.344 84.1363 49.0005 45.8908 44.0071 32.7358 44.6874 69.7871 64.873 28.6029 94.9292 68.0744 59.0863 45.1249 42.9559 47.8568 91.2653 42.6038 42.5139 49.9416 47.4981
threshold=0 64.214285714285737 15.187500000000002 40.500000000000007 271.50000000000006 22.017857142857146 5.9285714285714297 14.437500000000002 16.229166666666668 17.479166666666668 8.5000000000000018 2.3770740017875114 16.270833333333339 18.489583333333336 0.53731698176309861 13.929861111111114 15.116071428571431 13.386805555555556 1 0.69345238095238115 1.0000000180025095e-35 0.58230690517698791 1.0000000180025095e-35 0.76488095238095244 7.5000000000000009 17.145833333333339 97.071428571428584 87.500000000000014 2.7599771199359227 0.24170830191050771
decision_type=1 2 2 2 2 2 2 2 2 2 2 2 2 2 2 2 2 2 1 2 2 2 2 2 2 2 2 2 2 2
left_child=1 11 13 4 8 6 7 -5 10 -10 -4 -1 -8 14 -2 17 -17 -16 19 20 21 -3 26 24 25 -20 -21 28 -25 -29
right_child=2 18 3 5 -6 -7 12 -9 9 -11 -12 -13 -14 -15 15 16 -18 -19 23 22 -22 -23 -24 27 -26 -27 -28 29 -30 -31
leaf_value=0.023695611767470839 -0.0056915142589850235 0.0098258156184677231 -0.091639514284377749 -0.0080879264334334615 0.08038556072860957 -0.097588779003126555 -0.0039654510407369043 -0.06712568099244258 -0.037139877845012374 0.0075010777154038179 0.0082032644157406208 0.13437584258615973 0.084653608784789142 0.072774433699392141 0.0025261265960083465 -0.034187985925776203 0.0047603163096826273 0.030206053949591829 -0.0011292393511228096 -0.10606165074166798 0.074825066154779393 0.080638409953874848 -0.0033296252775060135 0.014835967799826039 0.00047946922596146352 -0.02115579287518117 -0.011850259384872127 0.0011013678633157475 0.076015815568940825 0.044535477508146036
leaf_weight=20 1701 1631 22 79 26 32 48 89 363 319 516 20 21 21 4169 205 262 223 1596 21 43 30 1273 273 4232 884 28 1990 38 65
leaf_count=20 1701 1631 22 79 26 32 48 89 363 319 516 20 21 21 4169 205 262 223 1596 21 43 30 1273 273 4232 884 28 1990 38 65
internal_value=-4.55084e-08 0.000952503 -0.00142828 -0.00985523 -0.00544309 -0.0302922 -0.0212057 -0.0393639 -0.00727223 -0.0162594 0.00412047 0.0790357 0.0230056 0.000509502 0.000278166 0.00236798 -0.0123369 0.00393155 0.000695249 0.00489619 0.0127128 0.0111048 -0.00514199 -0.000709675 -0.00275251 -0.00826774 -0.0522266 0.00508256 0.0223113 0.0024752
internal_weight=20240 12144 8096 1515 1246 269 237 168 1220 682 538 40 69 6581 6560 4859 467 4392 12104 3026 1704 1661 1322 9078 6712 2480 49 2366 311 2055
internal_count=20240 12144 8096 1515 1246 269 237 168 1220 682 538 40 69 6581 6560 4859 467 4392 12104 3026 1704 1661 1322 9078 6712 2480 49 2366 311 2055
cat_boundaries=0 1 2
cat_threshold=28 5
is_linear=0
shrinkage=0.05


Tree=270
num_leaves=31
num_cat=2
split_feature=13 25 24 23 35 27 28 0 42 28 31 13 36 37 13 30 27 49 50 43 43 28 28 1 36 30 6 30 37 37
split_gain=11.0395 34.8757 42.172 37.6775 142.535 35.7125 26.9562 83.4992 59.8823 35.742 23.2519 21.5879 103.292 144.752 127.185 148.629 78.1169 48.1086 85.4238 124.722 65.9061 62.0471 128.145 83.7223 28.7977 92.3391 103.48 71.0179 65.5207 91.4032
threshold=317.50000000000006 3.688203345172766 24.211309523809529 33.479166666666679 9.7857142857142865 4.2588928668237651 31.427083333333339 28.020833333333339 158.14285714285717 22.140277777777779 5.5000000000000009 170.50000000000003 5.6428571428571432 68.58750000000002 219.50000000000003 1.0000000180025095e-35 4.5889887682900694 0 1 6.9285714285714297 14.071428571428573 21.309722222222227 17.164583333333336 35.937500000000007 5.0714285714285721 0.29761904761904773 0.64647009966777425 0.37202380952380965 68.862500000000011 64.112500000000011
decision_type=2 2 2 2 2 2 2 2 2 2 2 2 2 2 2 2 2 1 1 2 2 2 2 2 2 2 2 2 2 2
left_child=11 3 10 6 -5 -4 7 9 -9 -2 -3 24 17 14 15 -14 -16 21 19 -19 -20 22 -13 -23 -1 28 -27 -28 29 -26
right_child=1 2 5 4 -6 -7 -8 8 -10 -11 -12 12 13 -15 16 -17 -18 18 20 -21 -22 23 -24 -25 25 26 27 -29 -30 -31
leaf_value=-0.00059442299999069306 0.0012815438374578346 0.019566232476915635 0.0065088134158302006 -0.11812588953309588 0.055557848584084281 0.068218017058097755 0.04186158580488937 -0.013379886926018767 -0.12361346943811938 0.026006884612487974 -0.042856623268184756 0.0025391321534034713 0.035656873375410215 -0.13833233951032162 -0.012404893679339946 -0.072306070460457436 0.036936928864036288 0.041406856488549353 -0.0058658871405950982 -0.031791879029918986 0.016661159309942632 -0.045431324096196997 0.03585789812893448 0.000172327308754265 0.017165419693763666 0.068876081015914678 -0.038491791025058841 0.0013973848265164009 -0.045821301128307824 0.069058820448171729
leaf_weight=8829 1495 35 37 27 21 64 43 28 22 162 26 2401 40 25 442 157 98 66 1345 492 428 140 328 358 410 55 117 2410 32 107
leaf_count=8829 1495 35 37 27 21 64 43 28 22 162 26 2401 40 25 442 157 98 66 1345 492 428 140 328 358 410 55 117 2410 32 107
internal_value=-4.32156e-08 0.00356611 0.025786 0.0015641 -0.0421393 0.0456117 0.00276282 0.00177791 -0.0618827 0.00369887 -0.00704023 -0.00038241 -0.00274612 -0.0200095 -0.0159958 -0.0503847 -0.00345027 -0.000379316 -0.00583827 -0.0227267 -0.000425486 0.00357095 0.00654373 -0.012648 0.00086664 0.00498664 0.00102724 -0.000449482 0.0236081 0.0279054
internal_weight=20240 1960 162 1798 48 101 1750 1707 50 1657 61 18280 6320 762 737 197 540 5558 2331 558 1773 3227 2729 498 11960 3131 2582 2527 549 517
internal_count=20240 1960 162 1798 48 101 1750 1707 50 1657 61 18280 6320 762 737 197 540 5558 2331 558 1773 3227 2729 498 11960 3131 2582 2527 549 517
cat_boundaries=0 1 2
cat_threshold=13 136
is_linear=0
shrinkage=0.05


Tree=271
num_leaves=31
num_cat=0
split_feature=45 6 42 18 24 26 37 37 31 36 28 26 26 44 41 23 28 41 36 25 9 9 25 9 40 6 30 25 1 32
split_gain=10.9005 46.8083 59.6359 64.2614 64.9388 56.6016 53.6884 45.1966 92.1681 63.9937 62.0753 123.404 122.689 30.866 30.7061 56.9251 49.0394 45.3066 23.5949 15.8475 63.2144 52.9346 55.7512 50.7997 77.5214 77.396 41.666 34.9394 103.632 77.2588
threshold=25.500000000000004 0.34455571163170068 86.500000000000014 -0.68301270189221952 24.211309523809529 17.197916666666671 88.162500000000009 85.08750000000002 11.500000000000002 4.7857142857142865 21.629166666666666 22.458333333333336 20.456845238095241 7.5000000000000009 131.50000000000003 23.020833333333339 22.140277777777779 152.50000000000003 1.9285714285714288 3.0377569800082296 0.99323830409356739 0.99606274801587313 4.3192497383699004 0.98943452380952401 5.5000000000000009 0.63208711856510613 0.10119047619047625 2.5928125497084813 41.812500000000007 2.5000000000000004
decision_type=2 2 2 2 2 2 2 2 2 2 2 2 2 2 2 2 2 2 2 2 2 2 2 2 2 2 2 2 2 2
left_child=13 18 3 4 5 -3 -5 10 9 -9 12 -12 -4 19 15 16 -15 -16 -2 27 23 26 -23 24 -21 -25 -22 -1 29 -29
right_child=1 2 7 6 -6 -7 -8 8 -10 -11 11 -13 -14 14 17 -17 -18 -19 -20 20 21 22 -24 25 -26 -27 -28 28 -30 -31
leaf_value=-0.00018914513690293847 0.021856843831914444 -0.0093426800632490387 0.027623330883681775 -0.033103465884923931 0.044612716007977726 -0.078021648153662693 0.075861624040855821 0.0029753112128608019 0.087533155977725985 -0.042021347660656003 -0.058198681767186469 0.036851850933938599 0.15804226154630835 -0.0048050216490439345 -0.10619608137918556 0.043247529290415143 -0.091477720253169539 -0.010698987322824973 0.092522530186743973 -0.09064533937236538 0.029133182084061522 -0.014097608188432226 0.010465130426266508 -0.052076762070711914 0.0040440403944540324 -0.009638476263168114 0.0015343498347384721 -0.0087770575115866702 -0.047158815099024462 0.022102571329570175
leaf_weight=15231 27 48 100 20 20 80 26 774 30 88 53 96 22 51 23 37 24 27 21 23 258 615 370 178 359 271 291 282 76 719
leaf_count=15231 27 48 100 20 20 80 26 774 30 88 53 96 22 51 23 37 24 27 21 23 258 615 370 178 359 271 291 282 76 719
internal_value=-4.10723e-08 0.00424842 0.002532 -0.0231319 -0.0391752 -0.052267 0.0284855 0.006813 0.00138005 -0.00161832 0.0246956 0.00304193 0.0511415 -0.000316956 -0.0220478 -0.00750324 -0.0325403 -0.0546277 0.0527731 -0.000128427 -0.0039534 0.00206319 -0.004871 -0.0150598 -0.00165715 -0.0264626 0.0145043 0.000426274 0.00912957 0.0134032
internal_weight=20240 1405 1357 194 148 128 46 1163 892 862 271 149 122 18835 162 112 75 50 48 18673 2365 1534 985 831 382 449 549 16308 1077 1001
internal_count=20240 1405 1357 194 148 128 46 1163 892 862 271 149 122 18835 162 112 75 50 48 18673 2365 1534 985 831 382 449 549 16308 1077 1001
is_linear=0
shrinkage=0.05


Tree=272
num_leaves=19
num_cat=0
split_feature=45 43 1 43 26 24 27 13 48 27 42 21 0 25 43 30 42 31
split_gain=11.0593 10.7289 22.8784 16.8881 43.0732 34.5058 33.4733 32.1326 30.1073 18.3485 17.4912 56.1838 67.5071 36.6551 28.585 54.0476 31.6004 6.23012
threshold=44.500000000000007 5.5000000000000009 12.97916666666667 6.9285714285714297 10.16071428571429 10.431547619047622 1.3971294542269013 150.50000000000003 0.94642857142857151 1.1701078870884385 53.071428571428577 10.270833333333334 12.562500000000002 0.75239366249814843 9.071428571428573 0.46130952380952384 70.071428571428584 1.5000000000000002
decision_type=2 2 2 2 2 2 2 2 2 2 2 2 2 2 2 2 2 2
left_child=1 2 17 4 6 -6 9 -8 -7 -3 11 12 -5 -13 15 -12 -16 -1
right_child=-2 3 -4 10 5 8 7 -9 -10 -11 14 13 -14 -15 16 -17 -18 -19
leaf_value=-0.016514828801155092 0.03258876118522424 0.0083188763569753531 -0.054640271408217291 -0.012072338932316101 -0.062945926617530568 0.046652518160155289 -0.018076860571566683 0.042103491579521674 -0.028345245344098657 -0.042162851989269258 0.013074977876266186 -0.048303472453897656 -0.084999079235336367 0.019627096372606307 -0.006993156239010344 -0.0082816959071901064 0.00024836020101191305 0.02115304181352258
leaf_weight=21 26 99 28 476 31 23 26 151 32 22 1023 22 34 204 1664 417 15918 23
leaf_count=21 26 99 28 476 31 23 26 151 32 22 1023 22 34 204 1664 417 15918 23
internal_value=-3.90281e-08 -4.1956e-05 -0.0193086 2.6915e-05 0.0104121 -0.02076 0.0194081 0.0332634 0.00301746 -0.00085962 -0.000174923 -0.00773798 -0.0169341 0.0130144 0.000117707 0.00689044 -0.000436993 0.00317519
internal_weight=20240 20214 72 20142 384 86 298 177 55 121 19758 736 510 226 19022 1440 17582 44
internal_count=20240 20214 72 20142 384 86 298 177 55 121 19758 736 510 226 19022 1440 17582 44
is_linear=0
shrinkage=0.05


Tree=273
num_leaves=21
num_cat=0
split_feature=39 13 35 38 20 21 43 20 0 20 39 38 42 40 1 23 41 37 44 27
split_gain=10.4463 38.8071 42.146 18.5815 30.0247 33.0616 51.1915 57.8875 39.9827 48.4713 22.251 21.8062 47.7785 15.9109 39.0957 29.3779 25.412 18.601 15.0122 7.42519
threshold=85.000000000000014 36.500000000000007 8.3571428571428594 194.50000000000003 37.270833333333336 23.520833333333339 21.642857142857149 27.645833333333339 26.604166666666668 23.562500000000004 58.500000000000007 190.50000000000003 142.78571428571431 32.500000000000007 34.770833333333336 23.937500000000004 269.00000000000006 63.812500000000007 11.500000000000002 3.2839149519949093
decision_type=2 2 2 2 2 2 2 2 2 2 2 2 2 2 2 2 2 2 2 2
left_child=3 -2 -3 11 5 8 7 -7 9 -5 -8 13 -13 16 15 -15 18 -18 -1 -14
right_child=1 2 -4 4 -6 6 10 -9 -10 -11 -12 12 19 14 -16 -17 17 -19 -20 -21
leaf_value=-0.00017646936025915631 0.032901503622997555 -0.086287165060639381 0.0081574444437310812 -0.0013744546708898929 -0.042128360809551346 0.11590576520960393 0.041532501826683686 0.013161401321681646 -0.055104397834899524 0.076837061887437663 0.0033657123161614632 -0.085250596453746164 0.017772161132389948 0.016169862371558943 0.067352182306349276 -0.048735735226761216 -0.0059165974054485558 -0.074109397456049927 0.033575960068088592 -0.022116587795317173
leaf_weight=19351 24 27 21 199 27 29 51 26 30 22 152 24 28 84 30 22 20 20 33 20
leaf_count=19351 24 27 21 199 27 29 51 26 30 22 152 24 28 84 30 22 20 20 33 20
internal_value=-3.70539e-08 -0.0190113 -0.0449676 6.78333e-05 0.00925282 0.0119783 0.0245473 0.0673357 -0.000941168 0.00641131 0.0129544 -0.000182939 -0.027649 -8.18366e-05 0.0169606 0.00269889 -0.000201162 -0.040013 -0.000119008 0.00115185
internal_weight=20240 72 48 20168 536 509 258 55 251 221 203 19632 72 19560 136 106 19424 40 19384 48
internal_count=20240 72 48 20168 536 509 258 55 251 221 203 19632 72 19560 136 106 19424 40 19384 48
is_linear=0
shrinkage=0.05


Tree=274
num_leaves=23
num_cat=0
split_feature=43 13 29 1 41 9 43 14 48 27 1 42 27 24 22 30 41 6 1 13 29 45
split_gain=10.3256 27.3928 22.1366 35.5801 20.9645 23.7657 18.6349 40.5056 46.1446 47.3101 38.2692 29.6677 42.9787 39.8797 39.1962 78.2355 31.6097 16.0811 11.2378 11.109 5.28952 2.67004
threshold=28.928571428571434 36.500000000000007 2.6300400496657166 37.562500000000007 269.00000000000006 0.9938988095238096 27.071428571428573 3.5000000000000004 0.8392857142857143 4.2017683437988742 33.041666666666679 166.92857142857147 4.9714603295577371 27.059523809523814 34.145833333333336 0.31250000000000006 212.50000000000003 0.96023386373087616 35.937500000000007 49.500000000000007 3.5838080523663769 5.5000000000000009
decision_type=2 2 2 2 2 2 2 2 2 2 2 2 2 2 2 2 2 2 2 2 2 2
left_child=4 18 17 -4 6 -6 11 10 -9 -10 -8 14 13 -13 16 -16 -1 -3 20 -19 21 -2
right_child=1 2 3 -5 5 -7 7 8 9 -11 -12 12 -14 -15 15 -17 -18 19 -20 -21 -22 -23
leaf_value=-2.6398811106822326e-05 0.020917745185299562 -0.010926087195467619 -0.055590201557175825 0.022172621598777673 0.0022570537589490414 -0.074823612123727803 -0.010609046872705223 0.056409066943106823 -0.021025586739887258 0.059925547353923331 -0.10842161502689124 0.0014107121210995943 -0.049388831453742808 0.030093215979225069 0.0020486264983762283 -0.048824296363182668 0.031469806089589838 0.0068818299365895133 0.063413208723068243 0.056211249321699144 0.00068257344944868239 0.045217737816274167
leaf_weight=18785 26 36 38 24 20 20 20 27 185 20 20 248 27 237 196 123 80 21 22 25 20 20
leaf_count=18785 26 36 38 24 20 20 20 27 185 20 20 248 27 237 196 123 80 21 22 25 20 20
internal_value=-3.52134e-08 0.0104876 -0.00294322 -0.0254885 -0.000121644 -0.0362833 -4.92045e-05 -0.013047 -0.00503525 -0.0131279 -0.0595153 0.000130294 0.0120087 0.0154267 -0.000186727 -0.017567 0.000107166 0.0141032 0.0324654 0.0336913 0.0221495 0.031483
internal_weight=20240 232 144 62 20008 40 19968 272 232 205 40 19696 512 485 19184 319 18865 82 88 46 66 46
internal_count=20240 232 144 62 20008 40 19968 272 232 205 40 19696 512 485 19184 319 18865 82 88 46 66 46
is_linear=0
shrinkage=0.05


Tree=275
num_leaves=25
num_cat=2
split_feature=35 25 29 20 23 49 22 43 6 22 27 36 6 50 17 27 1 28 39 11 22 41 26 45
split_gain=10.2388 14.9774 10.0087 34.0858 23.035 24.4782 82.8547 60.2044 21.1585 15.7211 60.1048 39.2556 39.3637 61.2812 39.71 28.9771 42.8251 24.147 23.6492 12.5748 19.5328 9.26032 5.35393 4.38983
threshold=0.50000000000000011 0.31693281868675754 1.3282789098138461 2.5625000000000004 2.7291666666666674 0 14.85416666666667 8.7857142857142865 0.56487787783212207 8.6458333333333339 0.71594834421315767 1.2142857142857146 0.77548658352229793 1 -0.24999999999999994 1.1313267391411974 8.8958333333333339 8.7409722222222239 23.500000000000004 1.0000000180025095e-35 7.6875000000000009 51.500000000000007 9.4717261904761934 11.500000000000002
decision_type=2 2 2 2 2 1 2 2 2 2 2 2 2 1 2 2 2 2 2 2 2 2 2 2
left_child=1 -1 9 21 8 6 -6 -7 -5 10 19 18 13 -13 -14 17 -17 -12 22 20 -2 -4 -11 -21
right_child=2 -3 3 4 5 7 -8 -9 -10 11 15 12 14 -15 -16 16 -18 -19 -20 23 -22 -23 -24 -25
leaf_value=0.0043881587350092536 0.0016669652324714308 -0.05331751690669493 0.018232707381248475 0.072374737901347019 -0.00020879186867734726 0.021122423370791888 -0.025514220042194037 0.00092853720475004169 0.0088909207287776685 0.072472938150167462 0.051298198697331834 -0.0017354176945374089 -0.015423428520931563 -0.049540488468140693 -0.00062067080806110352 -0.052120564933176398 0.01834838352052965 0.014815383753458778 -0.0098308146169239843 -0.0046035745101544829 -0.036043225095740393 0.063487056241585668 0.038845747156903664 -0.013644879750741398
leaf_weight=23 1818 22 20 21 2394 383 374 10160 35 20 100 167 534 109 2989 27 107 83 22 566 35 26 29 176
leaf_count=23 1818 22 20 21 2394 383 374 10160 35 20 100 167 534 109 2989 27 107 83 22 566 35 26 29 176
internal_value=-3.34626e-08 -0.0238235 5.30518e-05 0.000844556 0.000696694 0.000562066 -0.00361489 0.00166055 0.0326974 -0.00151233 0.00126285 -0.00360054 -0.00428897 -0.0224728 -0.0028644 0.0218155 0.00414942 0.0347513 0.0332353 -0.00124782 0.000954684 0.0438113 0.0525711 -0.00674814
internal_weight=20240 45 20195 13413 13367 13311 2768 10543 56 6782 2912 3870 3799 276 3523 317 134 183 71 2595 1853 46 49 742
internal_count=20240 45 20195 13413 13367 13311 2768 10543 56 6782 2912 3870 3799 276 3523 317 134 183 71 2595 1853 46 49 742
cat_boundaries=0 1 2
cat_threshold=2 201
is_linear=0
shrinkage=0.05


Tree=276
num_leaves=28
num_cat=0
split_feature=37 13 29 17 29 9 6 38 37 45 35 43 26 6 13 13 29 37 6 43 29 27 45 37 20 10 36
split_gain=10.3173 27.8301 30.7524 40.7522 33.5354 18.5168 15.1823 16.7613 12.6201 42.1633 27.9604 56.8082 95.5702 61.489 61.1538 81.7338 78.7196 56.0178 48.3714 76.5266 71.902 45.9624 24.8246 33.0254 70.0278 23.1754 6.56872
threshold=105.67500000000003 279.50000000000006 2.8760223847109905 0.93301270189221952 3.0998238718760547 0.99530423280423297 0.77802503408349977 107.50000000000001 78.725000000000009 30.500000000000004 6.3571428571428585 20.500000000000004 29.982142857142858 0.52976931337018474 51.500000000000007 111.50000000000001 4.2829232393001426 82.162500000000009 0.99580272360516553 21.357142857142858 2.3034398034305439 4.3019365669452281 27.500000000000004 76.225000000000009 20.187500000000004 2.5000000000000004 1.9285714285714288
decision_type=2 2 2 2 2 2 2 2 2 2 2 2 2 2 2 2 2 2 2 2 2 2 2 2 2 2 2
left_child=8 2 3 6 -4 -3 -2 -8 9 22 11 12 21 -14 16 -16 -13 -12 20 -20 -19 -10 23 25 -25 -1 -6
right_child=1 5 4 -5 26 -7 7 -9 10 -11 17 14 13 -15 15 -17 -18 18 19 -21 -22 -23 -24 24 -26 -27 -28
leaf_value=0.0030004170183771275 -0.034578313127160074 0.0025049902143932526 -0.078684990108013164 0.059396521209014785 -0.02225494051263446 0.061288550737741837 0.014435532431234605 -0.019252469204366209 -0.003206737945929663 0.073391368389129644 -0.074501076910425637 0.0061712161920329123 0.010917964195832611 -0.094095948306114785 0.042434565955400468 0.0025061797395435088 -0.061483224557229765 0.071426062782605493 0.08902692283237619 -0.0010660282517439567 -0.023775212543283485 0.011001364616026015 -0.052330865829505704 0.0096309387093918078 0.094545485520804384 -0.0014879910134758263 0.017292254364916257
leaf_weight=5031 25 21 22 36 21 37 160 48 5729 20 34 211 20 46 250 263 54 21 28 149 357 632 22 241 27 6714 21
leaf_count=5031 25 21 22 36 21 37 160 48 5729 20 34 211 20 46 250 263 54 21 28 149 357 632 22 241 27 6714 21
internal_value=-1.29848e-06 0.00804189 0.00247477 0.00988618 -0.0286763 0.0400048 0.00223652 0.00666138 -0.000159739 0.000854007 -0.0017277 -0.00087145 -0.00241615 -0.0622736 0.0118892 0.0219645 -0.00761497 -0.0122019 -0.00838538 0.013186 -0.0184863 -0.00179509 0.000733463 0.000830643 0.0181858 0.00043463 -0.00248134
internal_weight=20240 391 333 269 64 58 233 208 19849 12055 7794 7205 6427 66 778 513 265 589 555 177 378 6361 12035 12013 268 11745 42
internal_count=20240 391 333 269 64 58 233 208 19849 12055 7794 7205 6427 66 778 513 265 589 555 177 378 6361 12035 12013 268 11745 42
is_linear=0
shrinkage=0.05


Tree=277
num_leaves=31
num_cat=1
split_feature=14 37 49 27 37 1 26 29 29 28 27 42 27 31 37 14 24 14 1 27 27 6 29 37 37 26 45 23 1 36
split_gain=10.4612 32.7999 31.003 74.0329 49.2662 48.1897 45.4745 43.1675 67.2515 55.1658 32.8718 51.4933 28.0846 26.5567 19.874 45.8936 37.419 28.6014 58.4277 31.3661 44.2238 28.3803 30.3176 24.6719 68.3417 62.4136 59.1259 28.3071 32.0106 19.3747
threshold=45.500000000000007 101.77500000000002 0 4.2588928668237651 65.862500000000026 49.208333333333336 25.049107142857146 4.1988584807440903 2.7599771199359227 31.427083333333339 1.9650365558544152 71.500000000000014 1.7367642234905663 11.500000000000002 99.71250000000002 42.500000000000007 14.830357142857144 44.500000000000007 34.729166666666679 0.98075818807291515 1.4283381791557868 0.47961233985980184 4.0714114104069283 88.287500000000023 88.662500000000009 24.656250000000004 29.500000000000004 37.812500000000007 57.770833333333336 3.6428571428571437
decision_type=2 2 1 2 2 2 2 2 2 2 2 2 2 2 2 2 2 2 2 2 2 2 2 2 2 2 2 2 2 2
left_child=14 2 6 7 13 -6 10 8 -4 -9 12 -12 -2 -5 17 21 -17 23 19 -19 -21 22 -16 27 25 -25 -26 28 -1 -23
right_child=1 -3 3 4 5 -7 -8 9 -10 -11 11 -13 -14 -15 15 16 -18 18 -20 20 -22 29 -24 24 26 -27 -28 -29 -30 -31
leaf_value=0.00039497812255761834 0.011257309536369791 -0.039716924680667648 -0.0089140714180051504 0.10651096124202014 -0.017647511895092279 0.062795624095175806 -0.052623554519735855 -0.056753862271835279 0.023880715320710486 0.031492261831527167 0.077293499295619572 0.018201753927383855 -0.031402139081841425 0.031074032112956049 -0.063010885054245597 0.0056983378994378397 0.084284260372320813 0.015285202123535178 -0.084281548652155647 -0.085149684300025313 -0.010530450067928306 0.0039071560370306296 0.003043194811202978 -0.024798235093924002 -0.0053010832724658379 -0.11929965052931082 0.016954694452439297 -0.047325997559293627 0.05298266616360895 0.031543672881910907
leaf_weight=13496 474 43 729 28 52 29 26 77 199 23 47 171 42 20 32 28 33 84 29 24 115 941 38 104 2874 21 333 31 29 68
leaf_count=13496 474 43 729 28 52 29 26 77 199 23 47 171 42 20 32 28 33 84 29 24 115 941 38 104 2874 21 333 31 29 68
internal_value=-1.23352e-06 0.00347025 0.00443898 -0.000758039 0.0349395 0.0111531 0.0122002 -0.00524496 -0.00188157 -0.0364573 0.0146626 0.0309417 0.00778503 0.0750789 -0.00037345 0.00601915 0.048212 -0.000798629 -0.0175191 -0.00883694 -0.0234143 0.00363382 -0.027153 -0.000549129 -0.00440387 -0.0406745 -0.00299015 0.000398349 0.000507735 0.00576968
internal_weight=20240 1960 1917 1157 129 81 760 1028 928 100 734 218 516 48 18280 1140 61 17140 252 223 139 1079 70 16888 3332 125 3207 13556 13525 1009
internal_count=20240 1960 1917 1157 129 81 760 1028 928 100 734 218 516 48 18280 1140 61 17140 252 223 139 1079 70 16888 3332 125 3207 13556 13525 1009
cat_boundaries=0 1
cat_threshold=18
is_linear=0
shrinkage=0.05


Tree=278
num_leaves=27
num_cat=0
split_feature=13 29 29 27 0 48 23 13 1 43 35 26 42 26 43 29 29 29 42 29 42 39 13 43 28 9
split_gain=10.1285 41.961 66.2875 40.2163 38.9576 61.9211 41.7592 35.7914 80.0698 46.8322 55.4419 41.5425 34.6535 57.0041 31.3137 52.1104 30.4998 29.6342 29.4148 38.9585 26.8706 72.5414 67.35 44.5756 41.8333 13.666
threshold=79.500000000000014 5.9402150625030243 5.5512514978644871 1.5104644264569285 26.604166666666668 0.98214285714285732 24.854166666666668 87.500000000000014 41.770833333333336 18.928571428571434 9.5000000000000018 22.627976190476193 76.642857142857153 14.092261904761909 9.7857142857142865 1.4672228370306539 2.8264661038455614 1.0711134782237612 184.28571428571431 4.1611337720111461 127.35714285714288 19.500000000000004 107.50000000000001 21.071428571428573 30.954166666666669 0.99295634920634934
decision_type=2 2 2 2 2 2 2 2 2 2 2 2 2 2 2 2 2 2 2 2 2 2 2 2 2 2
left_child=1 2 3 14 6 -6 -5 8 9 12 11 -11 13 -2 15 -1 -16 -14 20 25 23 -22 -23 24 -9 -20
right_child=7 -3 -4 4 5 -7 -8 18 -10 10 -12 -13 17 -15 16 -17 -18 -19 19 -21 21 22 -24 -25 -26 -27
leaf_value=-0.0040277191079579871 -0.0061144327622986291 0.072557386711594604 -0.079477931737899785 0.0089909367075498969 0.0081811532828971138 -0.027257966552731685 0.034617246102581746 -0.00050548184726260676 -0.10379251675761265 -0.013689409365306946 0.050306758955121045 -0.06173316081305652 -0.0050587031316244972 -0.096214756227674947 -7.2465194011775224e-05 -0.10329610716551543 -0.03641767014701993 0.026986440379304893 0.018984833829428838 -0.091804107725620268 0.092112761922180653 0.026719629794873374 0.00029231814607015084 -0.068838889213899773 -0.062807125887937021 -0.03680349531627837
leaf_weight=39 107 21 25 1094 391 180 186 13013 23 91 20 89 150 21 2665 20 59 139 23 20 24 288 1480 24 27 21
leaf_count=39 107 21 25 1094 391 180 186 13013 23 91 20 89 150 21 2665 20 59 139 23 20 24 288 1480 24 27 21
internal_value=-1.17187e-06 0.00203831 0.00172045 0.00215851 0.00786996 -0.00299055 0.0127148 -0.000614589 -0.012193 -0.00877844 -0.0286693 -0.0374444 0.000761524 -0.0208965 -0.00164023 -0.037678 -0.000859678 0.010354 -0.000117927 -0.0339423 2.77887e-05 0.0057693 0.00459722 -0.00075978 -0.000634481 -0.00764141
internal_weight=20240 4680 4659 4634 1851 571 1280 15560 640 617 200 180 417 128 2783 59 2724 289 14920 64 14856 1792 1768 13064 13040 44
internal_count=20240 4680 4659 4634 1851 571 1280 15560 640 617 200 180 417 128 2783 59 2724 289 14920 64 14856 1792 1768 13064 13040 44
is_linear=0
shrinkage=0.05


Tree=279
num_leaves=11
num_cat=0
split_feature=39 13 35 31 31 32 32 40 29 41
split_gain=10.0916 33.4037 37.6275 18.0143 13.1193 30.0339 21.7384 14.7002 33.5451 24.3361
threshold=85.000000000000014 36.500000000000007 8.3571428571428594 18.500000000000004 16.500000000000004 16.500000000000004 15.500000000000002 31.500000000000004 4.4776800515306157 292.50000000000006
decision_type=2 2 2 2 2 2 2 2 2 2
left_child=3 -2 -3 4 6 -6 7 9 -9 -1
right_child=1 2 -4 -5 5 -7 -8 8 -10 -11
leaf_value=-0.00012488856915934807 0.029476453511354823 -0.081810326522423163 0.0074281216466001096 0.038781966331104444 -0.056428078892895431 0.01448030002149088 0.044911862047458138 0.0026916769042467053 0.039034353028499079 -0.051586893686781758
leaf_weight=19589 24 27 21 30 32 28 27 362 77 23
leaf_count=19589 24 27 21 30 32 28 27 362 77 23
internal_value=-1.11328e-06 -0.0186869 -0.0427685 6.5595e-05 7.91844e-06 -0.0233375 7.76826e-05 1.73104e-05 0.00906613 -0.000185241
internal_weight=20240 72 48 20168 20138 60 20078 20051 439 19612
internal_count=20240 72 48 20168 20138 60 20078 20051 439 19612
is_linear=0
shrinkage=0.05


Tree=280
num_leaves=30
num_cat=1
split_feature=41 21 20 41 20 36 14 14 1 9 48 4 40 41 34 43 14 48 29 50 0 45 35 40 36 37 25 0 26
split_gain=9.96545 26.2715 23.4233 11.6368 32.216 78.2434 40.5746 39.362 36.0152 35.6841 34.0227 26.6066 26.4401 24.0415 21.2473 14.1635 46.4477 46.6079 54.7449 42.7683 48.316 40.7274 23.5151 14.7835 19.3902 13.9846 63.637 48.9743 10.8792
threshold=29.500000000000004 10.270833333333334 7.104166666666667 42.500000000000007 13.10416666666667 3.0714285714285716 27.500000000000004 23.500000000000004 16.229166666666668 0.99152298850574727 0.98214285714285732 0.18750000000000003 8.5000000000000018 39.500000000000007 3.5000000000000004 8.071428571428573 28.500000000000004 0.94642857142857151 3.7006237386048659 0 11.895833333333334 4.5000000000000009 4.0714285714285721 3.5000000000000004 4.2142857142857153 56.362500000000004 1.9195651787294563 2.6041666666666674 11.549107142857146
decision_type=2 2 2 2 2 2 2 2 2 2 2 2 2 2 2 2 2 2 2 1 2 2 2 2 2 2 2 2 2
left_child=1 2 -1 4 5 8 7 11 10 -7 -2 -6 -10 -11 -8 16 19 21 -19 20 -5 -18 -21 24 28 26 -25 -27 -17
right_child=3 -3 -4 15 6 9 14 -9 12 13 -12 -13 -14 -15 -16 23 17 18 -20 22 -22 -23 -24 25 -26 27 -28 -29 -30
leaf_value=0.024464315413742475 -0.021489970279285349 0.051494937614702134 -0.033595597406383605 -0.014562662944708968 -0.025312531033895264 -0.0035788540083628432 0.013456490671350844 0.089884611047231236 0.0080072410723992758 -0.046832961961627007 0.0047128579304251423 0.049203803211450577 0.078973488101647019 -0.10789230394044094 -0.058552919532594387 0.01921066591748968 0.082574395831519126 0.016531479950507338 -0.06265493957325817 0.0024019384752782115 -0.093411468466122957 0.017094885114025564 0.058111871778964999 0.00017133986154108506 0.061283253967052413 0.067760862961963375 -0.01593410581177631 0.00035766670450600402 -0.018635049103586761
leaf_weight=38 235 34 32 102 23 26 21 26 35 38 262 25 21 28 20 64 48 241 24 358 24 47 20 3269 21 27 755 14349 27
leaf_count=38 235 34 32 102 23 26 21 26 35 38 262 25 21 28 20 64 48 241 24 358 24 47 20 3269 21 27 755 14349 27
internal_value=-1.05764e-06 0.0154367 -0.00207736 -8.07916e-05 -0.00614991 -0.0104967 0.0182299 0.0403366 -0.00339363 -0.0531923 -0.00767681 0.0134981 0.0346196 -0.0727369 -0.0216701 0.000157262 0.00641466 0.0201317 0.00935988 -0.00338321 -0.0274064 0.0501793 0.00521168 -0.000134786 0.0179758 -0.000245024 -0.00285043 0.000484259 0.00798172
internal_weight=20240 104 70 20136 760 645 115 74 553 92 497 48 56 66 41 19376 864 360 265 504 126 95 378 18512 112 18400 4024 14376 91
internal_count=20240 104 70 20136 760 645 115 74 553 92 497 48 56 66 41 19376 864 360 265 504 126 95 378 18512 112 18400 4024 14376 91
cat_boundaries=0 1
cat_threshold=68
is_linear=0
shrinkage=0.05


Tree=281
num_leaves=24
num_cat=1
split_feature=50 28 25 27 37 42 35 36 27 6 42 42 41 22 36 3 34 23 13 30 28 18 36
split_gain=10.0361 43.117 34.3161 59.5174 43.3966 33.2985 35.7078 57.3605 93.6231 51.2997 47.6757 40.4735 38.2185 27.6985 49.2894 27.134 22.3586 47.6965 34.0001 27.3791 27.3207 217.856 49.4239
threshold=0 9.1486111111111139 1.3168311571357614 3.3850448856987021 63.437500000000007 41.500000000000007 2.785714285714286 1.5000000000000002 4.4080865810672263 0.37895781119465338 79.071428571428584 53.500000000000007 31.500000000000004 30.104166666666668 3.6428571428571437 2.0625000000000004 9.5000000000000018 26.395833333333339 301.50000000000006 0.31845238095238099 24.207638888888891 -0.5 5.6428571428571432
decision_type=1 2 2 2 2 2 2 2 2 2 2 2 2 2 2 2 2 2 2 2 2 2 2
left_child=1 2 -1 4 -4 -3 9 8 -8 11 -11 -7 -9 15 -15 16 20 18 -18 -19 22 -22 -2
right_child=13 5 3 -5 -6 6 7 12 -10 10 -12 -13 -14 14 -16 -17 17 19 -20 -21 21 -23 -24
leaf_value=0.08984660606153988 -0.00034885741911944168 -0.053645995472158703 -0.069716509811114533 0.085645475187762221 0.028249403963295311 0.01001514083147049 -0.046451738825207263 0.046125937751291889 0.034617243678447727 0.0010797403676960546 0.032755156910667819 0.095521540411057024 0.00043431126680828916 -0.075805256079183897 0.0065585873734492527 -0.048372684543331462 0.044460235970715689 -0.065673962641846051 -0.025071519364913305 0.0063359962945634674 -0.15679379892349243 -0.0043281537802745129 -0.072192134739210212
leaf_weight=22 9411 28 20 22 26 25 147 46 47 571 150 31 8985 34 39 30 108 22 21 33 25 373 24
leaf_count=22 9411 28 20 22 26 25 147 46 47 571 150 31 8985 34 39 30 108 22 21 33 25 373 24
internal_value=-1.00476e-06 0.00111184 0.0355664 0.0180052 -0.0143445 0.000803783 0.000956212 8.91799e-05 -0.0268113 0.0112501 0.00766963 0.057349 0.000667045 -0.00111385 -0.0318027 -0.000891975 -0.000749774 0.0165188 0.0331411 -0.022468 -0.00107291 -0.0139051 -0.000531607
internal_weight=20240 10120 90 68 46 10030 10002 9225 194 777 721 56 9031 10120 73 10047 10017 184 129 55 9833 398 9435
internal_count=20240 10120 90 68 46 10030 10002 9225 194 777 721 56 9031 10120 73 10047 10017 184 129 55 9833 398 9435
cat_boundaries=0 1
cat_threshold=45
is_linear=0
shrinkage=0.05


Tree=282
num_leaves=31
num_cat=1
split_feature=38 29 25 29 17 10 0 27 27 18 37 40 22 0 29 40 21 23 23 6 50 24 23 37 25 43 29 36 25 37
split_gain=10.0734 28.1943 38.4046 48.3197 48.7925 31.925 42.4633 36.2625 26.512 35.8375 21.564 18.7327 28.4651 46.364 22.8196 14.9291 56.9586 38.1911 53.5656 49.2448 34.4478 31.7294 23.3471 14.6893 73.9834 72.4124 52.4037 42.3698 37.9826 37.8257
threshold=45.500000000000007 3.7599645044281438 2.9105945847330488 3.373687276310998 -0.6830127018922193 5.5000000000000009 11.270833333333334 2.7716095468509274 3.1641066475053168 -0.5 67.062500000000014 4.5000000000000009 9.9791666666666696 14.937500000000002 2.3207241689741012 5.5000000000000009 12.645833333333334 15.895833333333334 17.895833333333339 0.96023386373087616 0 11.66369047619048 8.9791666666666696 55.562500000000007 1.9195651787294563 9.7857142857142865 2.8504730189226852 0.92857142857142871 3.0023207439404311 66.662500000000009
decision_type=2 2 2 2 2 2 2 2 2 2 2 2 2 2 2 2 2 2 2 2 1 2 2 2 2 2 2 2 2 2
left_child=1 2 3 5 -5 7 -7 -1 9 -4 -3 12 -2 14 -14 16 20 19 -19 -18 21 -13 -22 24 26 -26 -17 28 -25 -29
right_child=11 10 8 4 -6 6 -8 -9 -10 -11 -12 15 13 -15 -16 23 17 18 -20 -21 22 -23 -24 27 25 -27 -28 29 -30 -31
leaf_value=-0.00090743381250223446 -0.0046100421605267741 0.060946875897103125 -0.10102370941528567 -0.11020367315837316 -0.0047894264206938125 -0.012547961014126419 -0.091805986240506177 0.03965584801162704 0.00085083215683698669 -0.015054351091384888 0.0012896336361088536 0.011702852262339246 0.035398549542185812 -0.016879327893257141 0.095733184009790417 -0.00047016832482834833 -0.089896527150024982 0.057673075786303908 -0.039385471179742705 -0.00091606038420096684 0.0026737360454256267 0.078323697759991595 -0.041423149806304051 0.0245498314124739 0.02556029251880116 -0.02522469816081839 0.038468606458202513 0.0039048683235354716 -0.036450301243790555 -0.0013611231938142046
leaf_weight=833 87 28 27 21 23 109 20 59 25 22 33 120 42 30 25 2963 48 21 44 23 71 21 52 288 81 526 89 5496 28 8985
leaf_count=833 87 28 27 21 23 109 20 59 25 22 33 120 42 30 25 2963 48 21 44 23 71 21 52 288 81 526 89 5496 28 8985
internal_value=-9.54473e-07 -0.00444414 -0.00621777 -0.00379763 -0.0551008 -0.00158672 -0.024836 0.00177556 -0.0410482 -0.0624252 0.0286733 0.000279079 0.0161555 0.0347803 0.0579115 0.000124154 -0.00943239 -0.0357201 -0.00802809 -0.0610719 0.00410974 0.020193 -0.0147682 0.000331274 -0.00250539 -0.0184478 0.000665333 0.00103272 0.0191448 0.000637488
internal_weight=20240 1200 1139 1065 44 1021 129 892 74 49 61 19040 184 97 67 18856 400 136 65 71 264 141 123 18456 3659 607 3052 14797 316 14481
internal_count=20240 1200 1139 1065 44 1021 129 892 74 49 61 19040 184 97 67 18856 400 136 65 71 264 141 123 18456 3659 607 3052 14797 316 14481
cat_boundaries=0 1
cat_threshold=92
is_linear=0
shrinkage=0.05


Tree=283
num_leaves=29
num_cat=2
split_feature=35 37 10 38 35 29 3 50 1 38 6 1 45 10 50 29 29 29 25 27 41 25 43 25 37 21 24 23
split_gain=9.80897 19.7049 9.89174 36.5776 56.5354 38.209 28.0218 28.3911 35.1773 33.7384 23.308 18.819 18.4111 46.8041 45.2924 47.6519 92.3271 54.4813 42.5904 58.214 33.8906 33.3626 48.7273 31.9331 53.2379 29.1359 18.6584 13.3113
threshold=0.50000000000000011 61.987500000000004 5.5000000000000009 47.500000000000007 3.6428571428571437 2.471536760314077 0.93750000000000011 0 31.604166666666668 105.50000000000001 0.62591836106687604 10.895833333333334 3.5000000000000004 1.0000000180025095e-35 1 4.8437969857271197 4.9489529751918138 3.6144008131270806 1.8536705637242696 2.9987286037441643 47.500000000000007 2.1191465363161712 13.214285714285717 0.61664385282561507 67.062500000000014 27.812500000000004 27.735119047619051 3.4791666666666674
decision_type=2 2 2 2 2 2 2 1 2 2 2 2 2 2 1 2 2 2 2 2 2 2 2 2 2 2 2 2
left_child=1 -1 12 4 10 -6 7 9 -9 -5 27 -12 14 21 18 17 -17 -16 20 -20 -2 25 -23 26 -25 -14 -15 -4
right_child=2 -3 3 6 5 -7 -8 8 -10 -11 11 -13 13 23 15 16 -18 -19 19 -21 -22 22 -24 24 -26 -27 -28 -29
leaf_value=0.0062744997553527363 -0.098251086492091425 -0.06031075723469257 0.0034798325896686455 0.010058131771411296 -0.029341251921394598 -0.12262490576221829 0.043877204611678336 -0.0030197856419589154 -0.023517515184897142 -0.0059238170754070509 -0.0087639038425845073 0.04739173557795584 0.00041391941311446707 -0.0010118647288683879 -0.0011414113692759557 -0.10491399380067985 -0.010627876022840257 0.015705687359990752 0.024537454505810852 -0.043915369547903538 -0.029014312380336617 -0.039572454837767723 -0.0066504246994904511 0.015674667176914611 0.0032346066655537841 -0.05643765168345493 0.036785203749031735 -0.043807377342296686
leaf_weight=25 20 20 22 785 23 21 34 1091 259 570 37 25 1118 3088 6081 30 193 521 88 48 152 154 416 1079 4238 23 33 46
leaf_count=25 20 20 22 785 23 21 34 1091 259 570 37 25 1118 3088 6081 30 193 521 88 48 152 154 416 1079 4238 23 33 46
internal_value=-9.06777e-07 -0.0233189 5.10522e-05 -0.00264427 -0.0248737 -0.073863 -0.00123211 -0.0017991 -0.00690119 0.00331066 -0.00829272 0.0138795 0.000505368 0.00187353 -0.00144129 -0.000578911 -0.0233121 0.000188086 -0.0198863 0.000377634 -0.0370651 -0.00566688 -0.0155451 0.00340252 0.00575912 -0.000732081 -0.000612216 -0.0285086
internal_weight=20240 45 20195 2913 174 44 2739 2705 1350 1355 130 62 17282 10149 7133 6825 223 6602 308 136 172 1711 570 8438 5317 1141 3121 68
internal_count=20240 45 20195 2913 174 44 2739 2705 1350 1355 130 62 17282 10149 7133 6825 223 6602 308 136 172 1711 570 8438 5317 1141 3121 68
cat_boundaries=0 1 2
cat_threshold=60 33
is_linear=0
shrinkage=0.05


Tree=284
num_leaves=31
num_cat=4
split_feature=13 27 50 24 30 38 5 1 30 13 49 21 28 21 13 36 37 13 30 28 49 42 26 13 21 50 0 45 36 30
split_gain=9.8703 30.4534 27.0058 88.2711 32.6759 45.5435 61.2489 57.8521 38.5512 30.4022 28.041 39.3658 22.879 20.5062 19.014 91.2263 126.688 110.55 132.019 74.2943 42.4714 112.466 111.173 106.332 60.3386 53.4757 34.8121 25.4778 25.7336 83.4659
threshold=317.50000000000006 5.5249561025763496 0 33.178571428571438 0.64583333333333359 126.50000000000001 1.0000000180025095e-35 37.770833333333336 0.87202380952380976 327.50000000000006 1 31.854166666666668 24.414583333333336 8.9791666666666696 170.50000000000003 5.6428571428571432 68.58750000000002 219.50000000000003 1.0000000180025095e-35 30.463888888888892 2 90.357142857142875 22.251488095238098 231.50000000000003 23.520833333333339 3 24.937500000000004 44.500000000000007 5.0714285714285721 0.29761904761904773
decision_type=2 2 1 2 2 2 2 2 2 2 1 2 2 2 2 2 2 2 2 2 1 2 2 2 2 1 2 2 2 2
left_child=14 2 4 10 5 7 -7 -2 9 -6 13 -12 -10 -4 27 20 17 18 -17 -19 21 23 24 -16 -22 -23 -24 28 -1 -30
right_child=1 -3 3 -5 8 6 -8 -9 12 -11 11 -13 -14 -15 15 16 -18 19 -20 -21 22 25 26 -25 -26 -27 -28 -29 29 -31
leaf_value=-0.00066850964011931082 0.024256786612970552 0.048934038733649592 -0.0060476163809898981 -0.099128199433502942 0.022186931506307288 0.097045011482224233 0.019455756908699648 -0.040549304882955294 0.0069050633771319744 -0.032589848538638527 -0.013116633970599801 0.058614935427904129 0.051119886880571203 0.0119154230083301 0.0080238658253280731 0.033980638912762519 -0.12949860674142838 0.0005584456788545305 -0.067771078345134475 -0.091282296893389334 -0.0030581160269053868 0.0048360824325401472 -0.042955110903229503 0.048126442266031945 0.054587970030210591 -0.016319941101515908 -0.11928733527660369 0.057195995301008232 0.022313009081081827 0.00084450178672173615
leaf_weight=8809 137 36 237 23 33 41 67 46 258 109 438 20 33 482 536 40 25 517 157 23 3444 713 59 239 46 501 20 20 549 2582
leaf_count=8809 137 36 237 23 33 41 67 46 258 109 438 20 33 482 536 40 25 517 157 23 3444 713 59 239 46 501 20 20 549 2582
internal_value=-8.6144e-07 0.00337116 0.00251863 -0.00210148 0.0100663 0.0231625 0.0489109 0.00796673 0.00149732 -0.01986 -0.000223312 -0.00977091 0.0119191 0.00591214 -0.000362413 -0.00258074 -0.0188046 -0.0150497 -0.0471108 -0.00335329 -0.000356458 0.00548275 -0.00361587 0.020391 -0.00229831 -0.00398929 -0.0622797 0.000809813 0.000715364 0.00460886
internal_weight=20240 1960 1924 1200 724 291 108 183 433 142 1177 458 291 719 18280 6320 762 737 197 540 5558 1989 3569 775 3490 1214 79 11960 11940 3131
internal_count=20240 1960 1924 1200 724 291 108 183 433 142 1177 458 291 719 18280 6320 762 737 197 540 5558 1989 3569 775 3490 1214 79 11960 11940 3131
cat_boundaries=0 1 2 3 4
cat_threshold=137 26 12 163
is_linear=0
shrinkage=0.05


Tree=285
num_leaves=23
num_cat=0
split_feature=27 24 0 27 43 13 6 27 48 24 27 17 13 17 28 24 25 24 26 29 20 32
split_gain=9.5424 26.3127 13.9239 12.5351 44.8075 64.7761 56.0175 30.6271 29.6128 26.276 15.391 78.0465 89.363 163.808 87.2695 63.0913 49.5216 51.6606 52.9591 20.4263 79.8475 21.6029
threshold=6.9749007820073157 26.145833333333336 21.395833333333339 6.1341084082564459 17.928571428571434 144.50000000000003 0.44657318762042392 6.4379454835806023 0.98214285714285732 22.752976190476193 5.1379845452418804 0.93301270189221952 134.50000000000003 0.68301270189221941 22.140277777777779 28.413690476190478 5.1508089939629746 17.699404761904766 26.757440476190482 5.9402150625030243 22.104166666666668 16.500000000000004
decision_type=2 2 2 2 2 2 2 2 2 2 2 2 2 2 2 2 2 2 2 2 2 2
left_child=3 2 -2 10 5 9 -7 -8 -6 -5 16 12 13 -12 -14 -13 19 -18 -19 21 -21 -1
right_child=1 -3 -4 4 8 6 7 -9 -10 -11 11 15 14 -15 -16 -17 17 18 -20 20 -22 -23
leaf_value=-3.4804023377870367e-05 -0.015556719043524937 0.030611476515020643 -0.066046393391760924 0.081925085859130262 0.015532381879165769 0.031787203414284669 -0.027167457829301175 -0.10835238264518834 0.10054368907142253 0.0071376097078124688 -0.12112853336242997 0.090281782803290037 -0.036614998218507687 -0.012371585061931509 0.018236332542469934 -0.021635497459210458 0.083878311514854434 -0.0074064057331532235 0.042269250714874015 0.018739639050706271 -0.046966789150610568 0.02883956254531558
leaf_weight=18950 36 21 22 23 20 23 26 21 21 24 49 34 107 118 225 20 30 125 94 86 100 65
leaf_count=18950 36 21 22 23 20 23 26 21 21 24 49 34 107 118 225 20 30 125 94 86 100 65
internal_value=-1.10208e-06 -0.0173446 -0.034708 6.68576e-05 0.0140949 -0.00166725 -0.0321521 -0.0634416 0.0590748 0.0437357 -4.39475e-05 -0.00826927 -0.0144484 -0.0442823 0.000558343 0.0488309 0.000189914 0.0223448 0.0139156 -9.73926e-05 -0.0165864 6.38988e-05
internal_weight=20240 79 58 20161 158 117 70 47 41 47 20003 553 499 167 332 54 19450 249 219 19201 186 19015
internal_count=20240 79 58 20161 158 117 70 47 41 47 20003 553 499 167 332 54 19450 249 219 19201 186 19015
is_linear=0
shrinkage=0.05


Tree=286
num_leaves=31
num_cat=0
split_feature=45 29 48 10 4 6 29 27 27 29 30 24 37 25 41 48 48 27 29 14 24 37 13 29 30 28 48 29 18 42
split_gain=9.70187 50.0769 65.0965 62.818 62.5086 71.5332 82.0427 53.3302 64.4177 85.4979 76.7675 66.7401 64.101 58.0693 53.9423 52.6321 41.0161 40.533 62.1158 102.704 110.174 104.214 70.0065 80.4605 65.894 90.8792 61.6436 41.0503 103.62 91.7138
threshold=17.500000000000004 5.1096455838367563 0.94642857142857151 1.0000000180025095e-35 0.97916666666666685 0.57958879343336378 5.841332857399518 5.1379845452418804 4.352647053893107 3.5078884182618073 0.0059523809523809408 18.401785714285719 97.262500000000017 2.3702437755546519 109.50000000000001 0.91071428571428592 0.98214285714285732 3.917156132041693 3.5078884182618073 36.500000000000007 31.696428571428573 61.537500000000009 245.50000000000003 4.8437969857271197 0.11309523809523817 14.847222222222225 0.91071428571428592 4.5772375432928021 -0.9330127018922193 102.07142857142858
decision_type=2 2 2 2 2 2 2 2 2 2 2 2 2 2 2 2 2 2 2 2 2 2 2 2 2 2 2 2 2 2
left_child=17 7 4 -4 5 -3 -7 8 9 15 -11 -10 14 -13 -9 -2 -16 27 24 22 26 -22 23 -20 25 -19 -21 -1 -29 -30
right_child=1 2 3 -5 -6 6 -8 12 11 10 -12 13 -14 -15 16 -17 -18 18 19 20 21 -23 -24 -25 -26 -27 -28 28 29 -31
leaf_value=-0.00015196999942154472 0.028518003071136618 0.012676460786198064 -0.024180889854450591 0.03868282964829458 0.057306060031419852 -0.011650912595602374 -0.099286282053406075 -0.0067167535152596733 0.10152042835950853 -0.027309142293668882 -2.9214116903938781e-05 0.068821515866317032 0.050594809912108768 0.0050451604766948597 -0.1120121788336999 0.001935385612151739 -0.030488376457382133 -0.023246527427718752 0.0048274173098118269 -0.02698634158915434 0.032276926721845359 -0.1162352261857854 -0.085395083006690534 -0.026850098817980058 -0.010757834508138546 -0.17217218160629275 0.041082813164870363 -0.052900306812741542 -0.020219554766492152 0.047041251290889097
leaf_weight=15485 241 174 46 292 41 96 37 48 25 465 579 43 20 210 36 819 27 21 374 39 21 27 34 432 51 20 226 44 68 199
leaf_count=15485 241 174 46 292 41 96 37 48 25 465 579 43 20 210 36 819 27 21 374 39 21 27 34 432 51 20 226 44 68 199
internal_value=-1.04695e-06 0.00252553 0.0144989 0.0301274 -0.000680539 -0.00842468 -0.0360307 -0.00074296 0.000965186 -0.00202364 -0.0121798 0.0235857 -0.0318025 0.0158846 -0.0466489 0.00797917 -0.0770734 -0.000475346 -0.00916127 -0.00600651 0.01844 -0.0512612 -0.0151157 -0.0121511 -0.0486986 -0.0958932 0.0310651 0.000209256 0.0181951 0.0299112
internal_weight=20240 3199 686 338 348 307 133 2513 2382 2104 1044 278 131 253 111 1060 63 17041 1245 1153 313 48 840 806 92 41 265 15796 311 267
internal_count=20240 3199 686 338 348 307 133 2513 2382 2104 1044 278 131 253 111 1060 63 17041 1245 1153 313 48 840 806 92 41 265 15796 311 267
is_linear=0
shrinkage=0.05


Tree=287
num_leaves=11
num_cat=0
split_feature=39 13 27 31 31 32 32 40 29 39
split_gain=9.77146 30.8435 28.5614 14.6397 12.7833 26.4771 19.5053 12.7197 29.7657 23.5641
threshold=85.000000000000014 38.500000000000007 2.0818046114366235 18.500000000000004 16.500000000000004 16.500000000000004 15.500000000000002 31.500000000000004 4.4776800515306157 52.500000000000007
decision_type=2 2 2 2 2 2 2 2 2 2
left_child=3 -2 -3 4 6 -6 7 9 -9 -1
right_child=1 2 -4 -5 5 -7 -8 8 -10 -11
leaf_value=0.00019239059823347179 0.01820022964384407 -0.0054081644862890247 -0.089908800320699811 0.03496681332588196 -0.054101351919234736 0.012476033412635194 0.042550554319664285 0.0024369234244277422 0.036671174021268432 -0.0085904798921327529
leaf_weight=18816 32 20 20 30 32 28 27 362 77 796
leaf_count=18816 32 20 20 30 32 28 27 362 77 796
internal_value=-9.94601e-07 -0.0183879 -0.0476585 6.4647e-05 1.26525e-05 -0.0230319 8.15176e-05 2.43303e-05 0.00844156 -0.000164083
internal_weight=20240 72 40 20168 20138 60 20078 20051 439 19612
internal_count=20240 72 40 20168 20138 60 20078 20051 439 19612
is_linear=0
shrinkage=0.05


Tree=288
num_leaves=25
num_cat=0
split_feature=43 27 43 28 28 28 36 13 42 21 37 36 27 1 25 43 25 25 17 42 28 36 13 23
split_gain=9.35179 20.4913 15.4118 38.2039 34.7035 32.7068 44.5222 24.2455 15.7571 63.6343 59.4673 83.9014 47.3611 32.5579 35.4169 25.6534 41.3785 47.0759 36.788 27.0513 159.248 16.1694 15.8023 7.69084
threshold=5.5000000000000009 2.2033299085116647 6.9285714285714297 11.438888888888892 10.761805555555558 9.6562500000000018 2.2142857142857149 160.50000000000003 53.500000000000007 10.270833333333334 54.112500000000004 2.9285714285714293 0.3268967010956455 16.937500000000004 0.75239366249814843 9.071428571428573 0.93999887425344475 3.0733092629649827 -0.5 70.071428571428584 14.572222222222225 2.9285714285714293 157.50000000000003 7.9375000000000009
decision_type=2 2 2 2 2 2 2 2 2 2 2 2 2 2 2 2 2 2 2 2 2 2 2 2
left_child=1 23 3 4 5 6 -2 -7 9 10 12 -12 -4 14 -11 16 18 -18 -10 20 -17 -15 -21 -1
right_child=2 -3 8 -5 -6 7 -8 -9 15 13 11 -13 -14 21 -16 19 17 -19 -20 22 -22 -23 -24 -25
leaf_value=-0.016468027552529688 0.011786631305395217 -0.059557170775674642 0.0011588437978073726 -0.039049623829002185 0.064674359635682785 0.018808099534362556 0.082301413573324683 -0.039516832238557391 0.012700046525424113 -0.039265544731169943 -0.015156274316134619 -0.074713092893362046 0.085588271364104018 -0.048614141511587577 0.030990951433349619 -0.00076212890400428825 0.017103807063475206 -0.017364498123163936 -0.016975964471677561 0.0016290350713183861 -0.048745737533793049 0.0066300668391502567 -0.001558720201473989 0.023301098309457303
leaf_weight=31 214 21 98 36 32 28 25 49 168 20 381 70 20 26 174 1468 803 113 276 9224 196 27 6720 20
leaf_count=31 214 21 98 36 32 28 25 49 168 20 381 70 20 26 174 1468 803 113 276 9224 196 27 6720 20
internal_value=-9.44848e-07 -0.0179887 6.32717e-05 0.0099843 0.0150568 0.0100322 0.0191627 -0.0183078 -0.000129292 -0.00693256 -0.016132 -0.0244001 0.0154689 0.0142598 0.023748 0.000163384 0.00677971 0.0128517 -0.0057472 -0.000347646 -0.00641404 -0.0204709 0.000285475 -0.000872292
internal_weight=20240 72 20168 384 348 316 239 77 19784 816 569 451 118 247 194 18968 1360 916 444 17608 1664 53 15944 51
internal_count=20240 72 20168 384 348 316 239 77 19784 816 569 451 118 247 194 18968 1360 916 444 17608 1664 53 15944 51
is_linear=0
shrinkage=0.05


Tree=289
num_leaves=29
num_cat=0
split_feature=0 26 14 13 23 45 1 1 37 35 27 23 37 23 28 28 22 22 26 13 26 29 37 13 29 27 14 1
split_gain=9.48824 123.127 75.8226 59.0247 47.7403 58.8441 46.9013 61.718 65.0279 69.8408 62.199 60.1705 77.6672 76.548 40.834 41.186 104.255 51.0419 36.3316 98.2865 63.8931 48.4738 81.8487 73.0459 45.4983 121.386 81.8478 16.6551
threshold=22.104166666666668 17.936011904761909 19.500000000000004 241.50000000000003 32.437500000000007 13.500000000000002 34.770833333333336 41.562500000000007 63.437500000000007 6.6428571428571432 4.4623090862005137 22.354166666666668 55.32500000000001 21.187500000000004 26.268750000000001 24.039583333333336 20.062500000000004 27.812500000000004 20.700892857142861 14.500000000000002 20.825892857142861 4.660508174669407 89.46250000000002 141.50000000000003 4.5772375432928021 5.1379845452418804 22.500000000000004 37.979166666666679
decision_type=2 2 2 2 2 2 2 2 2 2 2 2 2 2 2 2 2 2 2 2 2 2 2 2 2 2 2 2
left_child=4 2 -2 -4 6 -6 14 11 10 -10 -9 13 -13 -8 15 17 -17 -1 19 -3 -20 23 -23 -21 25 -22 -26 -7
right_child=1 18 3 -5 5 27 7 8 9 -11 -12 12 -14 -15 -16 16 -18 -19 20 21 24 22 -24 -25 26 -27 -28 -29
leaf_value=0.00041700162191704343 0.01822058393255524 -0.091017875894904135 -0.13054633384001338 -0.036424129780742436 -0.093639153316617013 0.031166191142983735 0.033431403426274042 -0.05615572152892128 0.0023654507022001781 0.073262685518711804 0.042944678924977782 -0.064780978858470922 0.025526061708709802 0.11936288875911166 0.057436220828563936 -0.13269422575831413 -0.0093902782575848217 -0.043645249005181325 -0.085481573576512551 0.094954410872676157 -0.0044284565497425925 -0.044488792693750424 0.050932282640745764 0.020839044704060894 0.020164278299133812 -0.084945611841976645 -0.0072890569040046042 -0.032588347826441308
leaf_weight=15800 23 20 36 31 30 20 109 76 264 40 20 29 133 34 31 20 120 66 23 44 1887 55 38 136 540 48 546 21
leaf_count=15800 23 20 36 31 30 20 109 76 264 40 20 29 133 34 31 20 120 66 23 44 1887 55 38 136 540 48 546 21
internal_value=-8.97652e-07 -0.00239875 -0.0601083 -0.0869973 0.000487858 -0.0404254 0.000661365 0.0132833 0.000365113 0.011694 -0.0355098 0.0302252 0.00935999 0.0538627 0.000106494 -4.54072e-06 -0.0270051 0.00023371 -0.00084231 0.0159737 -0.00246093 0.0238119 -0.00549954 0.0389561 -0.00182887 -0.00642578 0.00636177 -0.00148857
internal_weight=20240 3427 90 67 16813 71 16742 705 400 304 96 305 162 143 16037 16006 140 15866 3337 293 3044 273 93 180 3021 1935 1086 41
internal_count=20240 3427 90 67 16813 71 16742 705 400 304 96 305 162 143 16037 16006 140 15866 3337 293 3044 273 93 180 3021 1935 1086 41
is_linear=0
shrinkage=0.05


Tree=290
num_leaves=31
num_cat=0
split_feature=45 35 41 9 29 27 37 6 25 10 24 39 42 29 27 30 24 27 29 14 24 37 25 13 30 28 18 48 29 25
split_gain=9.47287 47.6709 56.2439 44.6234 36.8934 53.459 66.7059 57.6025 49.696 62.6685 68.8773 63.7591 53.3877 59.0509 49.125 70.5762 64.1888 36.5872 56.2974 95.1467 98.0305 93.3505 65.394 78.31 59.3565 83.2135 57.5741 54.2922 37.275 93.9363
threshold=17.500000000000004 8.3571428571428594 103.50000000000001 0.99774610136452246 5.1096455838367563 5.1379845452418804 97.262500000000017 0.5143043154761906 2.7939238009117249 1.0000000180025095e-35 23.82440476190477 51.500000000000007 127.78571428571429 5.4745539574070348 4.352647053893107 0.04166666666666672 18.401785714285719 3.917156132041693 3.5078884182618073 36.500000000000007 31.696428571428573 61.537500000000009 3.0377569800082296 147.50000000000003 0.11309523809523817 14.847222222222225 -0.9330127018922193 0.91071428571428592 4.5772375432928021 4.2273018591030871
decision_type=2 2 2 2 2 2 2 2 2 2 2 2 2 2 2 2 2 2 2 2 2 2 2 2 2 2 2 2 2 2
left_child=17 4 -3 -4 5 14 7 -7 12 10 -10 -11 13 -6 15 -2 -16 28 24 22 27 -22 26 -24 25 -19 -20 -21 -1 -30
right_child=1 2 3 -5 8 6 -8 -9 9 11 -12 -13 -14 -15 16 -17 -18 18 19 20 21 -23 23 -25 -26 -27 -28 -29 29 -31
leaf_value=-0.00016330882460033227 -0.013163439313161102 0.10859123837380183 0.038888327596941968 -0.042311884333258089 0.09685443594035778 0.0078541018197248718 0.048924174197018146 -0.076126719781777999 -0.094077780563384297 0.01679067237771989 0.0067397869955230921 -0.056690951884957035 -0.021647075608824243 0.026303454403698981 0.096602367579936982 0.0055706484479161773 0.01248013017113229 -0.021638910330477216 0.059616257010826047 -0.024759663311907879 0.0311279181213606 -0.10943070734264676 -0.008463829966088755 -0.046043182121352041 -0.010352413297868242 -0.16414525881409647 -0.0041105579969469078 0.03912186125958899 0.010115692726755676 0.12213821604847908
leaf_weight=15485 877 21 64 23 44 29 20 69 32 381 36 32 33 91 25 1178 244 21 42 39 21 27 334 237 51 20 227 226 291 20
leaf_count=15485 877 21 64 23 44 29 20 69 32 381 36 32 33 91 25 1178 244 21 42 39 21 27 334 237 51 20 227 226 291 20
internal_value=-8.52759e-07 0.00249573 0.035149 0.0174216 0.00135482 -0.00146126 -0.0342923 -0.0512753 0.0119509 0.00377397 -0.0407038 0.0110972 0.0353622 0.0492978 0.000205722 -0.00242439 0.0202982 -0.00046952 -0.00872184 -0.00571847 0.0178114 -0.0479363 -0.0144862 -0.0240616 -0.0463619 -0.0911542 0.00583935 0.0297204 0.000180906 0.0173197
internal_weight=20240 3199 108 87 3091 2442 118 98 649 481 68 413 168 135 2324 2055 269 17041 1245 1153 313 48 840 571 92 41 269 265 15796 311
internal_count=20240 3199 108 87 3091 2442 118 98 649 481 68 413 168 135 2324 2055 269 17041 1245 1153 313 48 840 571 92 41 269 265 15796 311
is_linear=0
shrinkage=0.05


Tree=291
num_leaves=31
num_cat=0
split_feature=28 28 42 29 48 18 22 29 13 35 13 21 1 33 22 36 25 23 30 23 38 22 10 26 24 45 23 21 39 41
split_gain=9.30036 29.8758 33.2853 77.3426 32.375 28.6929 27.9819 66.1903 61.0582 77.7462 92.5225 63.6081 59.7276 52.532 43.382 42.2479 24.0757 22.1431 38.4526 24.9213 21.9418 18.934 46.6915 17.9132 29.3358 37.7624 28.724 15.7188 9.002 6.18838
threshold=32.813194444444449 33.215972222222227 160.57142857142858 3.3117260699530182 0.91071428571428592 0.25000000000000017 33.020833333333336 5.0534938663273001 321.50000000000006 6.7857142857142865 98.500000000000014 30.062500000000004 37.562500000000007 1.0000000180025095e-35 34.937500000000007 2.3571428571428572 3.0023207439404311 32.770833333333336 0.85714285714285732 34.437500000000007 130.50000000000003 32.145833333333336 1.5000000000000002 33.126488095238102 32.687500000000007 12.500000000000002 35.937500000000007 32.937500000000007 48.500000000000007 176.50000000000003
decision_type=2 2 2 2 2 2 2 2 2 2 2 2 2 2 2 2 2 2 2 2 2 2 2 2 2 2 2 2 2 2
left_child=6 5 3 -3 28 -2 21 8 9 14 -11 -10 20 -14 -8 -15 -5 18 -6 -19 -9 23 -23 24 26 -26 -1 -24 -4 -7
right_child=1 2 4 16 17 29 7 12 11 10 -12 -13 13 15 -16 -17 -18 19 -20 -21 -22 22 27 -25 25 -27 -28 -29 -30 -31
leaf_value=3.103174327021642e-05 0.071645567123778162 -0.10749385912309994 0.073371367175132041 0.044244787304408173 0.021461294577098812 0.028671199574389239 -0.044953518623865596 0.10051458857953549 -0.053987211086565547 -0.024324608437406522 -0.11288611481672731 0.055509929669400063 -0.07258347533643246 -0.048279411382973196 0.040506202716267474 0.037705378860235221 -0.027472982611507182 0.038174300976762818 -0.058813118583389695 -0.0008442284697115324 0.029603798190752668 -0.039655156823850818 0.065641981888657969 -0.034299057926737563 -0.0021898398920893671 0.055167861093174335 -0.031830658585744791 0.011121718627400697 0.027022627004506913 -0.0084215971540011793
leaf_weight=19106 32 22 20 22 26 22 27 20 21 60 58 36 24 20 33 50 25 56 35 152 24 21 39 38 60 55 71 20 22 23
leaf_count=19106 32 22 20 22 26 22 27 20 21 60 58 36 24 20 33 50 25 56 35 152 24 21 39 38 60 55 71 20 22 23
internal_value=-8.10124e-07 0.00705103 0.0012963 -0.0301203 0.00826655 0.035451 -0.000163712 -0.0137288 -0.0298693 -0.0442916 -0.0678548 0.0151689 0.013757 -0.00874811 0.00204933 0.0131383 0.00609704 0.00189209 -0.0245978 0.00966076 0.061836 9.69658e-05 0.0243714 -3.49749e-06 6.40554e-05 0.0252421 -8.69314e-05 0.0471605 0.0490935 0.00971266
internal_weight=20240 457 380 69 311 77 19783 373 235 178 118 57 138 94 60 70 47 269 61 208 44 19410 80 19330 19292 115 19177 59 42 45
internal_count=20240 457 380 69 311 77 19783 373 235 178 118 57 138 94 60 70 47 269 61 208 44 19410 80 19330 19292 115 19177 59 42 45
is_linear=0
shrinkage=0.05


Tree=292
num_leaves=31
num_cat=2
split_feature=45 16 20 6 31 24 25 0 26 25 41 24 25 29 49 24 29 1 9 37 24 28 49 26 37 0 13 13 27 25
split_gain=9.25424 28.1802 34.2246 40.3614 33.3016 28.3799 30.864 49.4991 104.759 43.6581 41.2124 33.2298 26.5439 92.0007 69.3623 64.0648 58.5523 38.1505 35.8459 25.4004 62.0926 62.8482 54.13 107.138 58.4149 49.1376 39.9602 32.5027 28.1933 32.6955
threshold=9.5000000000000018 -0.22252093395631442 36.770833333333336 0.98218253968253977 9.5000000000000018 35.559523809523817 3.1426945764319068 21.729166666666668 18.086309523809529 1.0627820196610778 52.500000000000007 13.800595238095239 2.7939238009117249 4.5772375432928021 0 15.199404761904765 4.1988584807440903 27.687500000000004 0.99690934065934078 88.037500000000009 19.830357142857149 23.336111111111112 1 14.671130952380954 127.40000000000002 6.8125000000000009 233.50000000000003 193.50000000000003 6.4379454835806023 5.3471809925062139
decision_type=2 2 2 2 2 2 2 2 2 2 2 2 2 2 1 2 2 2 2 2 2 2 1 2 2 2 2 2 2 2
left_child=19 5 12 -4 -5 6 7 9 -9 -2 -8 -12 13 17 -15 18 -17 -3 -14 28 22 -22 26 25 -25 -24 27 -21 29 -1
right_child=1 2 3 4 -6 -7 10 8 -10 -11 11 -13 15 14 -16 16 -18 -19 -20 20 21 -23 23 24 -26 -27 -28 -29 -30 -31
leaf_value=-5.8171477720830988e-05 -0.00078020042591637789 0.0023400908197489141 0.011028033957399172 -0.10668135555865972 -0.020634757253256711 0.043048769600378976 0.083613058328628545 -0.12413403359241784 -0.0075295583819577974 0.014924059623884487 -0.051118310008730211 0.012625374431777218 -0.021002091947746906 0.057887782286701162 0.0027194800772345987 0.010837173587338683 -0.012118783144025915 -0.012216069248328874 -0.093452602000005783 0.0071298901639061003 -0.10841710388917347 -0.014817254887299337 -0.029272799033873132 -0.068882179872265886 0.010230006948113442 -0.00040025695543351815 0.033760856202071803 -0.048592014598349734 -0.059219458652660255 0.029559641898153945
leaf_weight=10679 1136 2199 29 23 22 48 20 20 522 725 21 774 38 113 120 429 788 566 31 205 29 47 171 105 30 1066 140 30 20 94
leaf_count=10679 1136 2199 29 23 22 48 20 20 522 725 21 774 38 113 120 429 788 566 31 205 29 47 171 105 30 1066 140 30 20 94
internal_value=-7.69617e-07 0.00137455 -0.00125702 -0.0349706 -0.0646141 0.004886 0.00431676 0.00146505 -0.0118323 0.00533779 0.0127249 0.0109416 -0.000674666 0.00190303 0.0320761 -0.00668395 -0.00402667 -0.000639579 -0.0535523 -0.000831893 -0.00629082 -0.050533 -0.00436615 -0.00894215 -0.0513017 -0.00439153 0.0122867 1.64555e-05 9.01514e-05 0.000200259
internal_weight=20240 7624 4358 74 45 3266 3218 2403 542 1861 815 795 4284 2998 233 1286 1217 2765 69 12616 1823 76 1747 1372 135 1237 375 235 10793 10773
internal_count=20240 7624 4358 74 45 3266 3218 2403 542 1861 815 795 4284 2998 233 1286 1217 2765 69 12616 1823 76 1747 1372 135 1237 375 235 10793 10773
cat_boundaries=0 1 2
cat_threshold=5 24
is_linear=0
shrinkage=0.05


Tree=293
num_leaves=31
num_cat=1
split_feature=27 29 29 25 37 44 24 25 37 0 30 43 13 42 24 27 36 36 32 36 24 14 36 17 45 25 23 49 26 25
split_gain=9.22345 15.4993 23.8322 103.31 29.6136 20.5083 14.5337 26.7321 14.3801 13.5836 13.5704 29.9596 29.6109 28.7448 35.8795 22.241 17.8017 25.7925 60.0217 22.8376 20.0202 23.8334 17.4638 12.4552 27.647 11.3114 24.1736 7.97539 10.4296 22.7213
threshold=0.21180707623942099 0.59368183980503308 1.0190186372141459 0.18898223650461268 94.58750000000002 1.0000000180025095e-35 15.919642857142859 0.078742598543881645 127.40000000000002 11.85416666666667 0.97321428571428592 11.071428571428573 78.500000000000014 84.785714285714292 17.824404761904766 0.3268967010956455 11.500000000000002 10.071428571428573 6.5000000000000009 9.2142857142857171 32.232142857142861 4.5000000000000009 13.928571428571431 -0.24999999999999994 14.500000000000002 0.14376365819655954 12.187500000000002 0 10.882440476190478 0.10466133667777787
decision_type=2 2 2 2 2 2 2 2 2 2 2 2 2 2 2 2 2 2 2 2 2 2 2 2 2 2 2 1 2 2
left_child=1 23 3 4 9 6 -4 -8 10 -3 16 12 -12 14 -13 -14 17 19 -19 -2 -18 -22 -15 24 -1 26 -7 -25 29 -29
right_child=8 2 5 -5 -6 25 7 -9 -10 -11 11 13 15 22 -16 -17 20 18 -20 -21 21 -23 -24 27 -26 -27 -28 28 -30 -31
leaf_value=-0.003644630915504907 -0.00030152942409965782 0.028842180616715375 0.019097373926738409 -0.10975941891471547 -0.050104293897748002 -0.013515763392612382 -0.05713049851003147 0.0057229855868580013 0.031023656420017545 -0.0076958057348441222 -0.070629094541072843 0.016744750757182677 -0.043491917021353459 0.0050821335657082242 0.080424683928489685 0.0010134555665510042 -0.026286547221243385 0.045628347774517949 -0.033452723943795878 0.017855230100452903 -0.010252173499403787 0.044442554358123006 -0.040935602146367149 0.0066131991420115806 -0.065188634886660365 0.012721383587146799 -0.073353255220821922 -0.0482324781375272 0.0061541218048872526 -0.0024897634505856138
leaf_weight=107 16713 34 114 30 35 86 21 87 38 101 20 192 34 1131 25 161 20 29 139 175 28 69 21 470 22 24 21 35 137 121
leaf_count=107 16713 34 114 30 35 86 21 87 38 101 20 192 34 1131 25 161 20 29 139 175 28 69 21 470 22 24 21 35 137 121
internal_value=7.66081e-07 -0.00384868 -0.0104255 -0.0242154 -0.00911937 -0.00261247 0.00664531 -0.00649853 0.00029672 0.00150635 0.00023447 0.0046627 -0.012689 0.00738777 0.0240811 -0.00674646 -0.00017398 -0.000307311 -0.0198018 -0.000113382 0.0192628 0.0286544 0.00424327 0.000228617 -0.0141405 -0.0183012 -0.0252596 0.002658 -0.00378311 -0.0127526
internal_weight=20240 1445 553 200 170 353 222 108 18795 135 18757 1584 215 1369 217 195 17173 17056 168 16888 117 97 1152 892 129 131 107 763 293 156
internal_count=20240 1445 553 200 170 353 222 108 18795 135 18757 1584 215 1369 217 195 17173 17056 168 16888 117 97 1152 892 129 131 107 763 293 156
cat_boundaries=0 1
cat_threshold=24
is_linear=0
shrinkage=0.05


Tree=294
num_leaves=30
num_cat=0
split_feature=45 6 31 48 24 24 48 42 13 29 44 41 13 41 23 28 31 25 25 27 30 23 39 25 1 35 1 39 45
split_gain=9.11556 59.9011 51.3573 44.3863 91.0314 86.5446 66.8452 81.1844 48.6222 44.9273 27.4155 50.3988 61.2643 57.1532 32.1248 49.494 13.4147 23.4524 20.2533 19.2734 47.4684 23.0417 15.7072 28.1101 15.1717 13.8502 13.3059 33.7814 20.7615
threshold=28.500000000000004 0.34455571163170068 11.500000000000002 0.98214285714285732 16.985119047619051 20.93154761904762 0.94642857142857151 85.642857142857153 50.500000000000007 3.9014947682245289 7.5000000000000009 131.50000000000003 98.500000000000014 146.50000000000003 23.187500000000004 22.140277777777779 1.0000000180025095e-35 3.2790155213201659 3.7524407230041805 2.6458567644827999 0.071428571428571466 17.895833333333339 7.5000000000000009 1.1931690671426483 16.854166666666668 2.2142857142857149 57.395833333333336 21.500000000000004 18.500000000000004
decision_type=2 2 2 2 2 2 2 2 2 2 2 2 2 2 2 2 2 2 2 2 2 2 2 2 2 2 2 2 2
left_child=10 -2 3 6 9 -6 7 -3 -8 -5 16 12 -12 -13 15 -14 17 19 -19 21 -21 -1 23 25 -25 -18 28 -28 -24
right_child=1 2 -4 4 5 -7 8 -9 -10 -11 11 13 14 -15 -16 -17 22 18 -20 20 -22 -23 26 24 -26 -27 27 -29 -30
leaf_value=-0.0040982284566949819 0.078177038566381848 -0.061203764394229782 0.071917030688088676 -0.011243783123791219 -0.060946735175862424 -0.0032491377806374137 -0.030555530087578865 0.0070302955075343954 0.052126056617447014 0.084876404246014947 0.065491039685353081 -0.11273658716907869 -0.011529272410177416 -0.014258435483583631 0.020534439380035588 -0.097410093658887184 0.019065923847096124 -0.078120119534432889 -0.0069630421325564381 -0.018826135166455062 0.068719070826967557 -0.054607375597824227 -0.00012881667879667072 0.071828850670890121 0.016566913170011147 -0.036425960110500456 -0.043086041486071008 -0.0016850358970502081 0.0060524291090725537
leaf_weight=1235 27 49 26 20 106 168 21 395 116 31 27 26 62 34 38 23 23 20 20 32 30 23 15828 27 23 22 62 240 1486
leaf_count=1235 27 49 26 20 106 168 21 395 116 31 27 26 62 34 38 23 23 20 20 32 30 23 15828 27 23 22 62 240 1486
internal_value=8.91154e-07 0.00475875 0.00263183 0.000643513 -0.0141536 -0.0255701 0.00892072 -0.00050004 0.0394522 0.0471822 -0.000235756 -0.0182029 -0.0027112 -0.0569323 -0.0176824 -0.0347676 -3.79104e-05 -0.00482339 -0.0425416 -0.00368041 0.0235344 -0.00502169 0.000329559 0.0206059 0.0464084 -0.00806344 0.000220212 -0.0101846 0.000401698
internal_weight=20240 959 932 906 325 274 581 444 137 51 19281 210 150 60 123 85 19071 1360 40 1320 62 1258 17711 95 50 45 17616 302 17314
internal_count=20240 959 932 906 325 274 581 444 137 51 19281 210 150 60 123 85 19071 1360 40 1320 62 1258 17711 95 50 45 17616 302 17314
is_linear=0
shrinkage=0.05


Tree=295
num_leaves=31
num_cat=0
split_feature=0 26 14 7 13 23 28 37 29 29 43 28 27 27 22 30 35 38 20 30 13 26 13 26 9 29 42 26 25 41
split_gain=9.03359 105.776 65.5157 53.5065 58.3486 41.5796 51.5431 49.7456 39.9111 64.2181 96.6242 83.5488 73.5325 63.8928 62.7684 66.3282 79.224 59.7527 59.7247 56.4585 55.4873 33.1591 88.3835 57.1878 45.6967 74.6552 43.592 81.1819 69.5365 41.8373
threshold=22.104166666666668 17.936011904761909 19.500000000000004 0.069481580510992361 231.50000000000003 32.437500000000007 30.093750000000004 66.137500000000017 3.9014947682245289 3.4712697442458205 19.785714285714288 21.786805555555556 3.3518693874237635 3.917156132041693 28.729166666666668 0.092261904761904753 6.3571428571428585 87.500000000000014 21.187500000000004 0.10714285714285719 148.50000000000003 20.700892857142861 14.500000000000002 20.825892857142861 0.99796626984126979 5.1612233359612976 118.64285714285715 23.825892857142865 3.879376475052394 77.500000000000014
decision_type=2 2 2 2 2 2 2 2 2 2 2 2 2 2 2 2 2 2 2 2 2 2 2 2 2 2 2 2 2 2
left_child=5 2 -2 -4 -5 8 7 -7 9 12 11 -11 18 -14 15 16 -10 -16 -1 -12 -17 22 -3 -23 25 -24 28 -28 -25 -26
right_child=1 21 3 4 -6 6 -8 -9 14 10 19 -13 13 -15 17 20 -18 -19 -20 -21 -22 23 24 26 29 -27 27 -29 -30 -31
leaf_value=-0.00026326417782384558 0.016982969074793484 -0.086289606392383589 -0.014691399711938131 -0.17521903209388257 -0.061623134232985856 -0.11280503811744542 0.030324800536036492 -0.014023466978222134 0.012299872124202403 -0.01448145014366806 0.09239074077997958 -0.072291450721579012 0.032832171621522015 -0.017440286111086608 -0.08051694438737983 0.026613841895190882 0.050888577605140699 -0.0042524789912360061 0.03655552022024855 -0.0085991045981645593 -0.022913987665956644 -0.080986158808936254 0.055727598161779739 -0.025497534795566785 0.062330548092722898 -0.028290188865679685 0.02071467884976981 -0.003063405125581415 0.0044715994498057462 -0.017868452187863062
leaf_weight=14258 23 20 21 20 26 26 20 25 765 522 31 71 301 80 34 79 161 105 111 25 199 23 133 430 20 33 449 1790 352 87
leaf_count=14258 23 20 21 20 26 26 20 25 765 522 31 71 301 80 34 79 161 105 111 25 199 23 133 430 20 33 449 1790 352 87
internal_value=8.46587e-07 -0.00233886 -0.0558277 -0.0808224 -0.111013 0.000477749 -0.0377045 -0.0643827 0.000639674 -8.12762e-05 -0.0154744 -0.0214031 0.000596021 0.0222763 0.00890617 0.012579 0.0190091 -0.0229071 2.11596e-05 0.047306 -0.00883953 -0.000896244 0.0151688 -0.00244258 0.0226016 0.0390253 -0.0018446 0.00170496 -0.0120076 -0.00287798
internal_weight=20240 3427 90 67 46 16813 71 51 16742 15399 649 593 14750 381 1343 1204 926 139 14369 56 278 3337 293 3044 273 166 3021 2239 782 107
internal_count=20240 3427 90 67 46 16813 71 51 16742 15399 649 593 14750 381 1343 1204 926 139 14369 56 278 3337 293 3044 273 166 3021 2239 782 107
is_linear=0
shrinkage=0.05


Tree=296
num_leaves=31
num_cat=2
split_feature=23 51 29 30 23 28 27 29 0 27 29 50 1 28 29 35 22 28 38 35 42 12 13 43 31 28 30 42 21 27
split_gain=9.06579 86.8095 76.4933 82.7866 127.671 73.1771 62.8313 50.6455 50.2963 41.8131 100.821 95.2476 71.9419 153.425 72.9703 69.9122 53.3947 61.5445 59.6258 56.8636 51.0752 55.1267 42.387 40.9829 39.6124 39.452 39.4513 36.3978 35.3776 33.7389
threshold=10.395833333333334 0 1.369897180690681 0.51488095238095266 17.562500000000004 9.3743055555555568 2.3748282833861181 2.4568311498288522 7.104166666666667 2.9149196671584119 3.5613009379598837 1 16.812500000000004 10.300694444444446 2.7798938296048834 2.2142857142857149 11.895833333333334 9.9534722222222225 56.500000000000007 3.9285714285714293 52.071428571428577 5.5000000000000009 225.50000000000003 10.500000000000002 2.5000000000000004 10.875000000000002 0.77083333333333359 52.071428571428577 15.270833333333334 2.2819035253859306
decision_type=2 1 2 2 2 2 2 2 2 2 2 1 2 2 2 2 2 2 2 2 2 2 2 2 2 2 2 2 2 2
left_child=9 8 26 4 5 -4 -6 -5 27 11 20 16 14 29 -13 -15 17 -1 -18 -19 22 -22 -11 -20 -16 -12 -3 -2 -27 -14
right_child=1 2 3 7 6 -7 -8 -9 -10 10 25 12 13 15 24 -17 18 19 23 -21 21 -23 -24 -25 -26 28 -28 -29 -30 -31
leaf_value=-0.067636018971769282 -0.022936186477028091 -0.10004110843306635 -0.060926230187760666 0.036318583425811748 -0.046737173122043417 -0.0017430703596762892 -0.14763806555420161 -0.03063642549279489 -0.00021929453641169629 0.045771898029724492 -0.05853275916992854 0.0012069243249903537 0.064953965961933133 -0.071515073813498017 -0.0012068918404670864 0.018846730222088298 -0.11416286749499185 0.077939404891087471 0.022253758206286216 -0.031282506747679281 0.00078866572505582812 0.091525675736899903 -0.037532686227216172 -0.063922046074593383 -0.079050293044102465 0.057843498184922196 -0.020349870979785922 0.038885417736233462 -0.028685870111264569 0.14709887981414796
leaf_weight=26 29 41 64 110 36 284 27 38 12644 37 39 6057 25 24 26 198 35 26 22 22 22 70 26 37 44 21 25 133 27 25
leaf_count=26 29 41 64 110 36 284 27 38 12644 37 39 6057 25 24 26 198 35 26 22 22 22 70 26 37 44 21 25 133 27 25
internal_value=8.0424e-07 -0.000752647 -0.0189482 -0.0129378 -0.0244844 -0.0126273 -0.0899804 0.0191274 0.000135394 0.00148701 0.0218978 0.000734856 0.00173465 0.0268993 0.000620328 0.00907789 -0.0353458 -0.0056801 -0.0624599 0.0278794 0.0460765 0.0698277 0.0113922 -0.0317887 -0.050137 -0.0211791 -0.069855 0.0278186 0.00917073 0.106026
internal_weight=20240 13431 625 559 411 348 63 148 12806 6809 242 6567 6399 272 6127 222 168 74 94 48 155 92 63 59 70 87 66 162 48 50
internal_count=20240 13431 625 559 411 348 63 148 12806 6809 242 6567 6399 272 6127 222 168 74 94 48 155 92 63 59 70 87 66 162 48 50
cat_boundaries=0 1 2
cat_threshold=4 4
is_linear=0
shrinkage=0.05


Tree=297
num_leaves=31
num_cat=1
split_feature=10 38 35 29 3 45 25 6 29 34 5 24 6 45 10 29 28 28 26 23 23 5 22 22 41 49 18 29 10 41
split_gain=9.15882 31.6405 50.4169 34.2903 24.2473 23.737 30.2852 34.9603 34.3315 26.318 95.3536 32.8795 19.8601 16.9332 39.912 45.294 84.6272 86.3874 68.1786 48.6733 67.8811 61.2006 42.5959 81.9482 56.4289 45.9071 98.014 52.831 39.8933 30.9114
threshold=5.5000000000000009 47.500000000000007 3.6428571428571437 2.471536760314077 0.93750000000000011 1.5000000000000002 2.7939238009117249 0.57958879343336378 2.4568311498288522 7.5000000000000009 0.35416666666666669 26.145833333333336 0.62591836106687604 3.5000000000000004 2.5000000000000004 4.8437969857271197 25.220833333333335 20.961805555555561 26.980654761904766 13.10416666666667 10.270833333333334 0.35416666666666669 11.72916666666667 12.395833333333334 54.500000000000007 0 -0.68301270189221952 3.5613009379598837 1.0000000180025095e-35 97.500000000000014
decision_type=2 2 2 2 2 2 2 2 2 2 2 2 2 2 2 2 2 2 2 2 2 2 2 2 2 1 2 2 2 2
left_child=13 2 12 -4 5 6 8 -8 -3 11 -11 -7 -2 14 15 19 17 -17 -18 20 -1 -21 25 29 -25 26 -16 -27 -15 -24
right_child=1 4 3 -5 -6 9 7 -9 -10 10 -12 -13 -14 28 22 16 18 -19 -20 21 -22 -23 23 24 -26 27 -28 -29 -30 -31
leaf_value=0.0032437462898463384 -0.025942741824546828 0.0068264992832985667 -0.027315180457156637 -0.11568590828350611 0.040690423778313049 -0.006014215862717779 -0.019036473136614353 0.038911848290779351 -0.014910987019320313 -0.085981455068621371 0.0038479676036987198 0.019082264249057821 0.012917227421196237 -0.0052081501329960013 -0.063602064807473879 -0.0097370073731456487 0.05935685739241308 -0.15000154133076254 -0.038559529148042206 0.020454177036637333 -0.019892165046081125 0.0017725744465022974 -0.0324238060299862 -0.03434082372060538 -0.0045419068182573907 0.0075320137581788918 0.0042654140026218467 -0.047682293092625012 0.0031598956309240945 -0.085863081566793356
leaf_weight=1162 70 644 23 21 34 1393 34 111 253 45 86 144 62 1713 81 21 32 23 40 704 436 1162 94 174 1827 1163 155 45 8450 38
leaf_count=1162 70 644 23 21 34 1393 34 111 253 45 86 144 62 1713 81 21 32 23 40 704 436 1162 94 174 1827 1163 155 45 8450 38
internal_value=7.64035e-07 -0.00258964 -0.0231408 -0.0694921 -0.00127149 -0.00179795 0.00412261 0.025324 0.000695413 -0.00549652 -0.0270095 -0.00366295 -0.00769033 0.000437483 -0.00142551 0.00230677 -0.0284265 -0.0830571 0.00495886 0.00333595 -0.00306868 0.00882072 -0.00516092 -0.00965026 -0.00713312 0.0014705 -0.0182546 0.00543024 0.00174944 -0.0478078
internal_weight=20240 2920 176 44 2744 2710 1042 145 897 1668 131 1537 132 17320 7157 3580 116 44 72 3464 1598 1866 3577 2133 2001 1444 236 1208 10163 132
internal_count=20240 2920 176 44 2744 2710 1042 145 897 1668 131 1537 132 17320 7157 3580 116 44 72 3464 1598 1866 3577 2133 2001 1444 236 1208 10163 132
cat_boundaries=0 1
cat_threshold=8
is_linear=0
shrinkage=0.05


Tree=298
num_leaves=31
num_cat=0
split_feature=29 23 29 32 18 27 36 40 39 13 23 37 4 26 37 37 6 17 6 21 23 48 23 29 27 10 6 13 25 27
split_gain=9.08723 21.9739 22.1826 19.8873 45.7915 33.9509 27.3645 27.1479 22.4927 18.3009 17.0027 15.6573 39.1021 24.5277 76.8244 58.2699 47.3368 40.6981 33.637 19.9759 25.4554 19.5869 28.5939 27.9537 17.671 12.3064 9.3332 14.8615 7.94753 8.14176
threshold=1.3282789098138461 2.7291666666666674 1.3454924063197757 1.0000000180025095e-35 -0.9330127018922193 3.3193509680181057 0.6428571428571429 18.500000000000004 7.5000000000000009 221.50000000000003 5.2708333333333348 96.71250000000002 1.0000000180025095e-35 8.519345238095239 65.71250000000002 51.087500000000006 0.77548658352229793 -0.24999999999999994 0.7452871255463559 7.104166666666667 6.604166666666667 0.98214285714285732 8.5208333333333339 1.266114597038696 1.1701078870884385 4.5000000000000009 0.99580272360516553 65.500000000000014 0.9883372478236786 1.5104644264569285
decision_type=2 2 2 2 2 2 2 2 2 2 2 2 2 2 2 2 2 2 2 2 2 2 2 2 2 2 2 2 2 2
left_child=11 9 28 4 5 -4 10 -6 -8 -2 -5 13 -13 14 24 -15 18 -18 -17 -16 -21 22 -14 -24 25 -1 -23 -28 -3 -30
right_child=1 2 3 6 7 -7 8 -9 -10 -11 -12 12 21 15 19 16 17 -19 -20 20 -22 26 23 -25 -26 -27 27 -29 29 -31
leaf_value=0.0015674255917571404 0.0037545059957811914 0.0094453321330042351 -0.035945503868742616 -0.013786882515996697 -0.0037049074383152096 0.032990073561668401 0.030853519180128654 0.031158742991586524 0.00066052815316421792 0.05853540077029417 0.037888013822241474 0.055211737159735125 -0.046259583077496953 -0.086034557392651395 0.052052441577959276 -0.015916099993641988 -0.016297421747563608 -0.00042886593814892314 -0.060730050224810844 -0.025293807262698045 0.02935915252477941 0.035639912486836615 0.0062706945212359757 -0.053938927324045274 -0.043738417451580365 -0.0061088603385139675 -0.029542955122888088 0.018706341026515898 0.062631146406585528 0.019614880887622185
leaf_weight=1821 31 36 167 20 805 20 62 60 12083 30 78 39 36 22 70 215 473 2772 52 26 118 49 235 21 24 732 20 79 22 22
leaf_count=1821 31 36 167 20 805 20 62 60 12083 30 78 39 36 22 70 215 473 2772 52 26 118 49 235 21 24 732 20 79 22 22
internal_value=7.25836e-07 0.00075465 0.000618096 0.000460142 -0.0061369 -0.0285727 0.001027 -0.00128662 0.000814663 0.0306959 0.0273421 -0.00148806 0.00722778 -0.00214813 0.00135553 -0.00491516 -0.00440701 -0.00274191 -0.0246439 0.0301421 0.0194913 0.00297466 -0.00453579 0.00133162 -0.00103497 -0.000633531 0.0177926 0.00895901 0.0268681 0.041123
internal_weight=20240 13436 13375 13295 1052 187 12243 865 12145 61 98 6804 479 6325 2791 3534 3512 3245 267 214 144 440 292 256 2577 2553 148 99 80 44
internal_count=20240 13436 13375 13295 1052 187 12243 865 12145 61 98 6804 479 6325 2791 3534 3512 3245 267 214 144 440 292 256 2577 2553 148 99 80 44
is_linear=0
shrinkage=0.05


Tree=299
num_leaves=31
num_cat=1
split_feature=14 37 49 27 29 29 28 20 24 26 37 27 13 46 9 41 9 21 13 13 32 12 35 28 26 29 26 36 13 21
split_gain=9.00927 28.1139 24.8713 62.352 41.002 57.112 47.0207 40.9429 48.1067 39.7838 29.2622 29.7644 16.4678 16.1963 44.0514 37.2316 32.4195 47.936 30.6298 15.1412 83.0586 77.0053 84.7093 58.8299 77.7696 52.9627 45.8511 24.8643 76.9644 77.6733
threshold=45.500000000000007 101.77500000000002 0 4.2588928668237651 4.1988584807440903 2.7599771199359227 31.427083333333339 22.312500000000004 31.696428571428573 25.049107142857146 49.51250000000001 1.9650365558544152 325.50000000000006 0.37500000000000006 0.99186507936507951 133.50000000000003 0.99530423280423297 17.145833333333339 117.50000000000001 170.50000000000003 9.5000000000000018 9.5000000000000018 7.3571428571428585 22.035416666666674 18.489583333333336 3.9014947682245289 24.656250000000004 2.5000000000000004 163.50000000000003 17.729166666666668
decision_type=2 2 1 2 2 2 2 2 2 2 2 2 2 2 2 2 2 2 2 2 2 2 2 2 2 2 2 2 2 2
left_child=13 2 9 4 5 -4 -6 -5 -9 10 -2 -12 -3 14 15 -1 -16 -18 -19 27 23 22 -22 24 -21 -25 -23 -15 -29 -30
right_child=1 12 3 7 6 -7 -8 8 -10 -11 11 -13 -14 19 16 -17 17 18 -20 20 21 26 -24 25 -26 -27 -28 28 29 -31
leaf_value=0.057100303425273349 -0.010157582006234277 -0.0065301714253357861 -0.0078571599579267872 -0.02384168667575488 -0.053812174939296464 0.022364441924096652 0.0276592585136709 0.066232515979171194 -0.012428480530014406 -0.049566327551236522 0.0099086694298491165 0.033148515574889507 -0.068431647405737928 -0.0020142208354912575 -0.073180371054581236 -0.030401125214993954 -0.069711242298837059 0.048056722485593395 -0.028086448609828951 -0.001910801468794068 -0.03382932901285686 0.026343769120235963 -0.13061885533388704 -0.041798127189278604 0.015331515898818841 -0.0073941257378001782 -0.046555111699682829 0.0016444571856217495 0.0072527628838580261 0.061112550332274466
leaf_weight=31 112 22 729 26 77 199 23 77 26 26 416 206 21 4619 35 20 27 28 25 4726 77 59 32 150 759 440 34 6937 171 110
leaf_count=31 112 22 729 26 77 199 23 77 26 26 416 206 21 4619 35 20 27 28 25 4726 77 59 32 150 759 440 34 6937 171 110
internal_value=6.89573e-07 0.00322227 0.00411914 -0.000537996 -0.0046544 -0.00137645 -0.0350737 0.0322239 0.0463763 0.0110704 0.0133691 0.0176055 -0.0367611 -0.000344732 -0.0158916 0.022786 -0.0330443 -0.0154847 0.0121401 -0.000202258 -0.00218738 -0.033729 -0.0622446 -0.00113859 0.000475145 -0.0161409 -0.000307435 0.000850428 0.0026836 0.0283367
internal_weight=20240 1960 1917 1157 1028 928 100 129 103 760 734 622 43 18280 166 51 115 80 53 18114 6277 202 109 6075 5485 590 93 11837 7218 281
internal_count=20240 1960 1917 1157 1028 928 100 129 103 760 734 622 43 18280 166 51 115 80 53 18114 6277 202 109 6075 5485 590 93 11837 7218 281
cat_boundaries=0 1
cat_threshold=18
is_linear=0
shrinkage=0.05


end of trees

feature_importances:
surgeries_scheduled_next_7d=599
occupied_roll_std_30=539
day_of_year=503
occupied_roll_mean_30=459
occupied_roll_std_14=439
staffed_beds=420
median_los_roll30=415
ed_arrivals_roll7=338
occupied_roll_std_7=295
occupied_lag_28=263
ed_high_acuity_arrivals_roll7=260
occupied_beds=230
month_cos=224
occupied_lag_14=223
occupied_roll_mean_7=221
occupied_roll_mean_14=219
n_emergency_admissions_roll7=215
ward=194
bottleneck_roll7_ge90pct=193
n_admissions_roll7=161
occupied_lag_7=157
safe_staffing_rate_roll7_lag1=147
dow_cos=142
occupied_lag_1=128
occupancy_rate=127
week_of_year=123
hospital_id=119
ed_arrivals_lag1=116
ed_arrivals=105
ed_admitted=76
staffed_bed_ratio=71
n_emergency_admissions=66
ed_high_acuity_arrivals=65
month_sin=58
day_of_week=57
available_bed_ratio=45
n_scheduled=43
closed_beds=39
dow_sin=39
n_admissions=39
month=32
hours_ge_85pct=31
n_admissions_lag1=30
hours_ge_90pct=19
total_beds=15
safe_staffing_rate=15
bed_type=15
n_elective_admissions=14
closed_bed_ratio=8
is_holiday=3
safe_staffing_rate_lag1=3
is_weekend=1

parameters:
[boosting: gbdt]
[objective: regression]
[metric: l2]
[tree_learner: serial]
[device_type: cpu]
[data_sample_strategy: bagging]
[data: ]
[valid: ]
[num_iterations: 300]
[learning_rate: 0.05]
[num_leaves: 31]
[num_threads: 4]
[seed: 42]
[deterministic: 0]
[force_col_wise: 0]
[force_row_wise: 0]
[histogram_pool_size: -1]
[max_depth: 6]
[min_data_in_leaf: 20]
[min_sum_hessian_in_leaf: 0.001]
[bagging_fraction: 0.9]
[pos_bagging_fraction: 1]
[neg_bagging_fraction: 1]
[bagging_freq: 0]
[bagging_seed: 400]
[bagging_by_query: 0]
[feature_fraction: 0.9]
[feature_fraction_bynode: 1]
[feature_fraction_seed: 30056]
[extra_trees: 0]
[extra_seed: 12879]
[early_stopping_round: 0]
[early_stopping_min_delta: 0]
[first_metric_only: 0]
[max_delta_step: 0]
[lambda_l1: 0]
[lambda_l2: 0]
[linear_lambda: 0]
[min_gain_to_split: 0]
[drop_rate: 0.1]
[max_drop: 50]
[skip_drop: 0.5]
[xgboost_dart_mode: 0]
[uniform_drop: 0]
[drop_seed: 17869]
[top_rate: 0.2]
[other_rate: 0.1]
[min_data_per_group: 100]
[max_cat_threshold: 32]
[cat_l2: 10]
[cat_smooth: 10]
[max_cat_to_onehot: 4]
[top_k: 20]
[monotone_constraints: ]
[monotone_constraints_method: basic]
[monotone_penalty: 0]
[feature_contri: ]
[forcedsplits_filename: ]
[refit_decay_rate: 0.9]
[cegb_tradeoff: 1]
[cegb_penalty_split: 0]
[cegb_penalty_feature_lazy: ]
[cegb_penalty_feature_coupled: ]
[path_smooth: 0]
[interaction_constraints: ]
[verbosity: -1]
[saved_feature_importance_type: 0]
[use_quantized_grad: 0]
[num_grad_quant_bins: 4]
[quant_train_renew_leaf: 0]
[stochastic_rounding: 1]
[linear_tree: 0]
[max_bin: 255]
[max_bin_by_feature: ]
[min_data_in_bin: 3]
[bin_construct_sample_cnt: 200000]
[data_random_seed: 175]
[is_enable_sparse: 1]
[enable_bundle: 1]
[use_missing: 1]
[zero_as_missing: 0]
[feature_pre_filter: 1]
[pre_partition: 0]
[two_round: 0]
[header: 0]
[label_column: ]
[weight_column: ]
[group_column: ]
[ignore_column: ]
[categorical_feature: 49,50,51]
[forcedbins_filename: ]
[precise_float_parser: 0]
[parser_config_file: ]
[objective_seed: 16083]
[num_class: 1]
[is_unbalance: 0]
[scale_pos_weight: 1]
[sigmoid: 1]
[boost_from_average: 1]
[reg_sqrt: 0]
[alpha: 0.9]
[fair_c: 1]
[poisson_max_delta_step: 0.7]
[tweedie_variance_power: 1.5]
[lambdarank_truncation_level: 30]
[lambdarank_norm: 1]
[label_gain: ]
[lambdarank_position_bias_regularization: 0]
[eval_at: ]
[multi_error_top_k: 1]
[auc_mu_weights: ]
[num_machines: 1]
[local_listen_port: 12400]
[time_out: 120]
[machine_list_filename: ]
[machines: ]
[gpu_platform_id: -1]
[gpu_device_id: -1]
[gpu_use_dp: 0]
[num_gpu: 1]

end of parameters

pandas_categorical:[["HHN-BIR-01", "HHN-EDI-01", "HHN-LON-01", "HHN-LON-02", "HHN-MAN-01"], ["Cardiology Ward", "Day Case Unit", "General Medicine Ward A", "General Medicine Ward B", "ICU", "Oncology Ward", "Orthopaedics Ward A", "Orthopaedics Ward B"], ["Critical Care", "Day Case", "Standard"]]
