tree
version=v4
num_class=1
num_tree_per_iteration=1
label_index=0
max_feature_idx=51
objective=regression
feature_names=occupied_beds staffed_beds total_beds closed_beds hours_ge_85pct hours_ge_90pct occupancy_rate available_bed_ratio closed_bed_ratio staffed_bed_ratio day_of_week is_weekend month day_of_year week_of_year dow_sin dow_cos month_sin month_cos is_holiday occupied_lag_1 occupied_lag_7 occupied_lag_14 occupied_lag_28 occupied_roll_mean_7 occupied_roll_std_7 occupied_roll_mean_14 occupied_roll_std_14 occupied_roll_mean_30 occupied_roll_std_30 bottleneck_roll7_ge90pct n_admissions n_emergency_admissions n_elective_admissions n_admissions_lag1 n_admissions_roll7 n_emergency_admissions_roll7 median_los_roll30 ed_arrivals ed_admitted ed_high_acuity_arrivals ed_arrivals_lag1 ed_arrivals_roll7 ed_high_acuity_arrivals_roll7 n_scheduled surgeries_scheduled_next_7d safe_staffing_rate safe_staffing_rate_lag1 safe_staffing_rate_roll7_lag1 hospital_id ward bed_type
feature_infos=[0:42.583333333333336] [2.6666666666666665:58] [3:58] [0:8] [0:1] [0:1] [0:1] [0:1] [0:0.33333333333333331] [0.88888888888888884:1] [0:6] [0:1] [1:12] [1:366] [1:52] [-0.97492791218182362:0.97492791218182362] [-0.90096886790241903:1] [-1:1] [-1:1] [0:1] [0:43.333333333333336] [0:43.333333333333336] [0:43.333333333333336] [0:43.333333333333336] [0.065476190476190535:39.363095238095241] [0.015748519710964588:10.980344090656066] [0.11011904761904763:37.645833333333329] [0.02638848724072158:9.3152993289159181] [0.13333333333333333:36.677777777777777] [0.038531471935446135:7.960723849109943] [0:1] [0:28] [0:28] [0:12] [0:28] [0.14285714285714285:16.142857142857142] [0:15.857142857142858] [4.5499999999999998:141.40000000000001] [19:329] [4:102] [1:60] [19:329] [37.142857142857146:235.14285714285714] [4.1428571428571432:39.857142857142854] [0:15] [0:52] [0.25:1] [0.25:1] [0.5:1] -1:0:1:2:3:4 -1:0:1:2:3:4:5:6:7 -1:2:0:1
tree_sizes=1405 1461 1452 1454 1460 1460 1463 1453 1461 1460 1455 1472 1465 1465 1464 1467 1464 1466 1467 1467 1466 1469 1472 1464 1471 1472 1472 1472 1469 1478 1477 1470 1483 1483 1472 1487 1481 1481 1487 1471 1478 1482 1497 1481 1502 1479 1487 1491 1473 1487 1496 1499 1496 1498 1503 1495 1514 1509 1495 1504 1494 1506 1511 1505 1502 1514 1508 1507 1521 1501 1514 1508 1526 1516 1516 1507 1513 1525 1520 1520 1515 1520 1494 1508 1521 1496 1494 1506 1531 1502 1488 1508 1533 1543 1496 1517 1530 1521 1531 1501 1527 1503 1500 1502 1517 1468 1521 1501 1473 1512 1526 1492 1498 1491 1521 1488 1492 1500 1472 1483 1505 1499 1476 1525 1499 1456 1509 1503 1484 1467 1521 1496 1452 1510 1500 1489 1479 1512 1507 1471 1492 1491 1509 1483 1454 1508 1507 1471 1480 1497 1448 1480 1466 1473 1481 1455 1487 1485 1464 1465 1459 1453 1479 1506 1474 1451 1456 1470 1441 1464 1482 1477 1452 1476 1477 1442 1488 1457 1471 1504 1476 1464 1482 1492 1499 1463 1467 1499 1480 1480 1492 1469 1448 1442 1460 1494 1514 1479 1478 1438

Tree=0
num_leaves=15
num_cat=0
split_feature=0 0 0 0 0 0 0 0 31 0 0 0 0 0
split_gain=1.25383e+06 284763 259428 44944 35376.1 31008.2 11638.4 6195.22 5840.02 5560.67 5252.34 5011.05 3266.72 3214.24
threshold=14.437500000000002 23.979166666666668 5.4375000000000009 18.395833333333339 31.104166666666668 10.020833333333334 2.8125000000000004 21.395833333333339 8.5000000000000018 12.020833333333334 16.645833333333339 8.0208333333333339 27.437500000000004 34.395833333333336
decision_type=2 2 2 2 2 2 2 2 2 2 2 2 2 2
left_child=2 3 6 10 8 11 -1 -5 12 -7 -2 -4 -3 -6
right_child=1 4 5 7 13 9 -8 -9 -10 -11 -12 -13 -14 -15
leaf_value=13.367702479437586 14.119459990654928 14.566709826360475 13.70752216705314 14.348354718739024 14.930654634666372 13.908120087711147 13.591648515182827 14.483030196578358 14.797746343982123 14.010920252820091 14.218600667368412 13.812004152541926 14.709931648984796 15.09704972183685
leaf_weight=3563 2608 925 1833 2376 552 3807 693 1333 741 2010 2739 3069 699 612
leaf_count=3563 2608 925 1833 2376 552 3807 693 1333 741 2010 2739 3069 699 612
internal_value=14.0436 14.4115 13.7344 14.263 14.7925 13.8656 13.4042 14.3968 14.6814 13.9436 14.1702 13.7729 14.6284 15.0181
internal_weight=27560 12585 14975 9056 3529 10719 4256 3709 2365 5817 5347 4902 1624 1164
internal_count=27560 12585 14975 9056 3529 10719 4256 3709 2365 5817 5347 4902 1624 1164
is_linear=0
shrinkage=1


Tree=1
num_leaves=15
num_cat=0
split_feature=0 0 0 0 0 0 0 0 0 0 0 31 0 0
split_gain=1.13158e+06 257095 234134 36993.7 35241.5 27984.9 10503.7 5018.51 4740.24 4612.54 4522.47 4430.81 4373.51 2664.89
threshold=14.437500000000002 23.770833333333339 5.4375000000000009 18.395833333333339 30.312500000000004 10.020833333333334 2.8125000000000004 12.020833333333334 16.645833333333339 21.020833333333339 8.0208333333333339 8.5000000000000018 33.687500000000007 27.437500000000004
decision_type=2 2 2 2 2 2 2 2 2 2 2 2 2 2
left_child=2 3 6 8 11 10 -1 -7 -2 -5 -4 13 -6 -3
right_child=1 4 5 9 12 7 -8 -9 -10 -11 -12 -13 -14 -15
leaf_value=-0.64210869537924165 0.072060932693286991 0.48907254937986722 -0.31928000768928078 0.28510745807337773 0.80460280728110156 -0.12871197795376499 -0.42935995966153051 -0.031051816968108294 0.16624457189612984 0.40359777364498045 -0.22002211262472887 0.68510299418841936 0.98497943708573743 0.62207595297094098
leaf_weight=3563 2608 1054 1833 2216 622 3807 693 2010 2739 1305 3069 724 731 586
leaf_count=3563 2608 1054 1833 2216 622 3807 693 2010 2739 1305 3069 724 731 586
internal_value=-1.05566e-09 0.349487 -0.293709 0.203177 0.698552 -0.16913 -0.607467 -0.0949666 0.120306 0.329024 -0.257138 0.582078 0.902057 0.536597
internal_weight=27560 12585 14975 8868 3717 10719 4256 5817 5347 3521 4902 2364 1353 1640
internal_count=27560 12585 14975 8868 3717 10719 4256 5817 5347 3521 4902 2364 1353 1640
is_linear=0
shrinkage=0.05


Tree=2
num_leaves=15
num_cat=0
split_feature=0 0 0 0 0 0 0 0 31 0 0 0 0 0
split_gain=1.02125e+06 232279 211339 36522 28855.4 24283.2 10980.9 5032.35 4827.26 4364.12 4310.97 3822.61 2652.34 2606.59
threshold=14.437500000000002 23.979166666666668 5.6458333333333348 18.395833333333339 31.104166666666668 10.145833333333334 2.8125000000000004 21.395833333333339 8.5000000000000018 12.020833333333334 16.145833333333339 8.0208333333333339 35.812500000000007 27.437500000000004
decision_type=2 2 2 2 2 2 2 2 2 2 2 2 2 2
left_child=2 3 6 10 8 11 -1 -5 13 -7 -2 -4 -6 -3
right_child=1 4 5 7 12 9 -8 -9 -10 -11 -12 -13 -14 -15
leaf_value=-0.61000326253241655 0.060822906377942236 0.47249466787157834 -0.2999134507727404 0.27485660403249207 0.83533913989746689 -0.12100200912075598 -0.40331394803159093 0.39623617174834663 0.68156501440866757 -0.02949922492778605 0.15198833614436921 -0.20771971182246848 1.0077133172374231 0.60042987364385603
leaf_weight=3563 2211 925 1742 2376 863 3705 784 1333 741 2010 3136 3171 301 699
leaf_count=3563 2211 925 1742 2376 863 3705 784 1333 741 2010 3136 3171 301 699
internal_value=1.68179e-10 0.332012 -0.279023 0.197919 0.676117 -0.158895 -0.572726 0.31848 0.575813 -0.0888199 0.114291 -0.240409 0.879914 0.52756
internal_weight=27560 12585 14975 9056 3529 10628 4347 3709 2365 5715 5347 4913 1164 1624
internal_count=27560 12585 14975 9056 3529 10628 4347 3709 2365 5715 5347 4913 1164 1624
is_linear=0
shrinkage=0.05


Tree=3
num_leaves=15
num_cat=0
split_feature=0 0 0 0 0 0 0 0 31 0 31 0 0 0
split_gain=921973 202864 196168 28478 26677.1 26078.4 9980.15 6538.99 4429.99 3687.96 3622.21 3515.66 2902.33 2896.46
threshold=15.062500000000002 5.6458333333333348 23.979166666666668 18.562500000000004 11.020833333333334 30.312500000000004 1.6875000000000002 8.9791666666666696 5.5000000000000009 34.395833333333336 8.5000000000000018 12.937500000000002 17.020833333333339 21.020833333333339
decision_type=2 2 2 2 2 2 2 2 2 2 2 2 2 2
left_child=1 6 3 12 7 10 -1 -3 -5 -7 -4 -6 -2 -10
right_child=2 4 5 8 11 9 -8 -9 13 -11 -12 -13 -14 -15
leaf_value=-0.58220404023978445 0.081157191070629714 -0.26401453105313488 0.49233735921286653 0.24297189343732742 -0.083316308379145304 0.73966188160514068 -0.39349876968084002 -0.16333498627695553 0.30204419918423114 0.90551628879472323 0.63237452449655185 0.0068231126410825604 0.1585447292912785 0.42319538998934958
leaf_weight=3469 2454 2803 1511 1621 2862 741 878 3798 1150 612 665 1739 2393 864
leaf_count=3469 2454 2803 1511 1621 2862 741 878 3798 1150 612 665 1739 2393 864
internal_value=-8.9126e-10 -0.254172 0.329042 0.198704 -0.141668 0.642311 -0.54409 -0.206087 0.304498 0.814683 0.535134 -0.0492471 0.119364 0.354018
internal_weight=27560 15549 12011 8482 11202 3529 4347 6601 3635 1353 2176 4601 4847 2014
internal_count=27560 15549 12011 8482 11202 3529 4347 6601 3635 1353 2176 4601 4847 2014
is_linear=0
shrinkage=0.05


Tree=4
num_leaves=15
num_cat=0
split_feature=0 0 0 0 0 0 0 0 0 0 31 0 31 31
split_gain=832114 189363 172160 32249 20949.8 20748.3 7772.23 4556.22 4145.76 3676.83 3505.99 3380.32 3148.87 2108.77
threshold=14.437500000000002 22.895833333333339 5.4375000000000009 29.770833333333339 18.187500000000004 10.020833333333334 1.6875000000000002 25.979166666666668 33.270833333333336 12.020833333333334 4.5000000000000009 8.0208333333333339 5.5000000000000009 4.5000000000000009
decision_type=2 2 2 2 2 2 2 2 2 2 2 2 2 2
left_child=2 4 6 7 10 11 -1 -3 -5 -7 -2 -4 -6 -11
right_child=1 3 5 8 12 9 -8 -9 -10 13 -12 -13 -14 -15
leaf_value=-0.55309384699409381 0.052495523925544067 0.40733406761715951 -0.27454151505501756 0.67252586382739954 0.21232752177631953 -0.11006310688953586 -0.37905186004226665 0.5371678801143871 0.84029238534486095 -0.064401244691432991 0.13560453326945529 -0.18872794985292318 0.31256684594912326 0.042677964499381139
leaf_weight=3469 2138 1360 1833 689 1491 3807 787 1343 791 1298 3122 3069 1651 712
leaf_count=3469 2138 1360 1833 689 1491 3807 787 1343 791 1298 3122 3069 1651 712
internal_value=-8.88834e-10 0.299694 -0.251863 0.574571 0.162845 -0.145038 -0.520911 0.471843 0.76219 -0.0811787 0.101824 -0.220816 0.264999 -0.0264707
internal_weight=27560 12585 14975 4183 8402 10719 4256 2703 1480 5817 5260 4902 3142 2010
internal_count=27560 12585 14975 4183 8402 10719 4256 2703 1480 5817 5260 4902 3142 2010
is_linear=0
shrinkage=0.05


Tree=5
num_leaves=15
num_cat=0
split_feature=0 0 0 0 0 0 0 0 0 0 31 31 1 0
split_gain=751698 165216 160129 27667.6 20289.5 17346.6 10884.7 4512.32 4061.13 3381.53 3344.24 2906.59 1973.53 1930.38
threshold=15.062500000000002 6.0625000000000009 24.937500000000004 19.354166666666668 11.020833333333334 31.479166666666668 2.8125000000000004 9.0625000000000018 21.937500000000004 17.145833333333339 7.5000000000000009 4.5000000000000009 15.687500000000002 35.812500000000007
decision_type=2 2 2 2 2 2 2 2 2 2 2 2 2 2
left_child=1 6 3 9 7 10 -1 -3 -5 -2 -4 -6 -13 -7
right_child=2 4 5 8 11 13 -8 -9 -10 -11 -12 12 -14 -15
leaf_value=-0.52321670506397333 0.073639066417390306 -0.23121909655409062 0.46081728744292694 0.25068443125438189 -0.073437762322136751 0.72156872633533797 -0.33682787075223203 -0.14611101947476432 0.35905268906279897 0.15376493230598356 0.58920325974800758 -0.075291987672541874 0.046039391027136688 0.87003725786937824
leaf_weight=3563 2548 2699 1169 2099 2997 803 1004 3682 1470 2725 896 477 1127 301
leaf_count=3563 2548 2699 1169 2099 2997 803 1004 3682 1470 2725 896 477 1127 301
internal_value=4.25113e-10 -0.229504 0.297108 0.187812 -0.1244 0.602058 -0.482241 -0.18211 0.295319 0.115047 0.516524 -0.0443645 0.00995768 0.762048
internal_weight=27560 15549 12011 8842 10982 3169 4567 6381 3569 5273 2065 4601 1604 1104
internal_count=27560 15549 12011 8842 10982 3169 4567 6381 3569 5273 2065 4601 1604 1104
is_linear=0
shrinkage=0.05


Tree=6
num_leaves=15
num_cat=0
split_feature=0 0 0 0 0 0 0 0 31 1 31 31 31 1
split_gain=678626 159713 135868 26796.8 18355.8 17241.9 5097.08 3713.92 3370.16 3152.93 2959.75 2812.07 2254.72 2070.85
threshold=14.020833333333334 22.895833333333339 4.7708333333333348 28.270833333333339 18.020833333333339 10.020833333333334 33.270833333333336 7.9375000000000009 4.5000000000000009 5.854166666666667 6.5000000000000009 6.5000000000000009 3.5000000000000004 17.187500000000004
decision_type=2 2 2 2 2 2 2 2 2 2 2 2 2 2
left_child=2 4 9 11 8 7 -5 -4 -2 -1 -6 -3 -7 -10
right_child=1 3 5 6 10 12 -8 -9 13 -11 -12 -13 -14 -15
leaf_value=-0.49988071751698354 0.040096461102102479 0.35216787383155879 -0.25898434406641802 0.58981274118026095 0.19842997698285561 -0.10852563353478653 0.75937447945779257 -0.17200705008870412 0.054053484763452946 -0.36768546880784525 0.29624058405209297 0.46086734336418894 -0.04448720711524734 0.14433335537945374
leaf_weight=3445 2258 1143 1989 1008 1952 2920 791 3205 872 519 1281 1241 2597 2339
leaf_count=3445 2258 1143 1989 1008 1952 2920 791 3205 872 519 1281 1241 2597 2339
internal_value=-1.24159e-09 0.264785 -0.232487 0.518685 0.142736 -0.139934 0.664367 -0.205314 0.0869022 -0.482573 0.237185 0.408752 -0.078381 0.119816
internal_weight=27560 12885 14675 4183 8702 10711 1799 5194 5469 3964 3233 2384 5517 3211
internal_count=27560 12885 14675 4183 8702 10711 1799 5194 5469 3964 3233 2384 5517 3211
is_linear=0
shrinkage=0.05


Tree=7
num_leaves=15
num_cat=0
split_feature=0 0 0 0 0 0 0 0 0 31 0 31 1 0
split_gain=613038 134714 131106 22437 16712.9 14079.3 8781.39 4012.74 3638.14 3025.57 2444.02 2207.67 2029.16 1661.48
threshold=15.062500000000002 6.0625000000000009 24.937500000000004 20.062500000000004 11.020833333333334 31.479166666666668 2.8125000000000004 17.270833333333339 9.0625000000000018 10.500000000000002 12.937500000000002 4.5000000000000009 22.166666666666668 35.812500000000007
decision_type=2 2 2 2 2 2 2 2 2 2 2 2 2 2
left_child=1 6 3 7 8 9 -1 -2 -3 -4 -6 -5 -13 -7
right_child=2 4 5 11 10 13 -8 -9 -10 -11 -12 12 -14 -15
leaf_value=-0.47228074314016794 0.067973818130177596 -0.20882454197087769 0.4402205616903821 0.21134439033699359 -0.068117725859759976 0.65082622560142434 -0.30486647850607501 0.15068474093351214 -0.13240387517164523 0.6030292564665366 0.0070383759908811397 0.22693589754888546 0.33832202693382513 0.78856666602961656
leaf_weight=3563 2660 2699 1723 785 2862 803 1004 3268 3682 342 1739 552 1577 301
leaf_count=3563 2660 2699 1723 785 2862 803 1004 3268 3682 342 1739 552 1577 301
internal_value=4.39684e-10 -0.207259 0.268309 0.169414 -0.112351 0.544244 -0.435477 0.113571 -0.164728 0.467185 -0.0397116 0.283016 0.309442 0.68838
internal_weight=27560 15549 12011 8842 10982 3169 4567 5928 6381 2065 4601 2914 2129 1104
internal_count=27560 15549 12011 8842 10982 3169 4567 5928 6381 2065 4601 2914 2129 1104
is_linear=0
shrinkage=0.05


Tree=8
num_leaves=15
num_cat=0
split_feature=0 0 0 0 0 0 0 0 0 31 31 31 1 31
split_gain=553267 121629 118351 19763.6 14586.6 13301.4 8771.58 3052.25 3013.09 2844.43 2501.82 2384.74 2152.76 1785.15
threshold=15.062500000000002 6.229166666666667 24.770833333333339 19.229166666666668 11.020833333333334 31.104166666666668 2.8125000000000004 21.395833333333339 9.0625000000000018 8.5000000000000018 4.5000000000000009 4.5000000000000009 19.729166666666668 6.5000000000000009
decision_type=2 2 2 2 2 2 2 2 2 2 2 2 2 2
left_child=1 6 3 10 8 9 -1 -5 -3 -4 -2 -6 -12 -9
right_child=2 4 5 7 11 -7 -8 13 -10 -11 12 -13 -14 -15
leaf_value=-0.44866670395195102 0.05424425051084765 -0.19606658787574996 0.3969614574700297 0.20782167149836139 -0.064060427408911227 0.64864131051701379 -0.28714263168654658 0.25081217100859005 -0.12578368170333676 0.5223162202510292 0.096777287455791602 0.011478532198700413 0.18546720787811835 0.35570970540696928
leaf_weight=3563 2050 2603 1403 1961 2997 1164 1100 857 3682 668 2130 1604 1008 770
leaf_count=3563 2050 2603 1403 1961 2997 1164 1100 857 3682 668 2130 1604 1008 770
internal_value=-4.46694e-10 -0.196896 0.254894 0.159602 -0.105372 0.513404 -0.410563 0.249827 -0.154892 0.437395 0.0972026 -0.037726 0.125267 0.300456
internal_weight=27560 15549 12011 8776 10886 3235 4663 3588 6285 2071 5188 4601 3138 1627
internal_count=27560 15549 12011 8776 10886 3235 4663 3588 6285 2071 5188 4601 3138 1627
is_linear=0
shrinkage=0.05


Tree=9
num_leaves=15
num_cat=0
split_feature=0 0 0 0 0 0 0 0 0 31 31 29 31 31
split_gain=499973 121753 96521.6 20324.2 14561.5 11361.1 3779.82 3229.78 2691.04 2352.03 2351.32 2300.43 2205.76 1680.58
threshold=13.60416666666667 22.895833333333339 4.7708333333333348 28.270833333333339 18.187500000000004 9.3125000000000018 33.270833333333336 16.145833333333339 11.020833333333334 4.5000000000000009 5.5000000000000009 0.67235433877264061 2.5000000000000004 10.500000000000002
decision_type=2 2 2 2 2 2 2 2 2 2 2 2 2 2
left_child=2 4 11 9 7 12 13 -2 -7 -3 -6 -1 -4 -5
right_child=1 3 5 6 10 8 -8 -9 -10 -11 -12 -13 -14 -15
leaf_value=-0.42881176874262028 0.033681061857725757 0.26248848795893981 -0.22620074721196023 0.47249436123277422 0.16008083503689441 -0.1177591872104899 0.65381166624510489 0.10790688481107635 -0.055162612951455525 0.37776787666128153 0.24670047742939516 -0.31570832340814159 -0.14355417543495025 0.62586937608390025
leaf_weight=3447 2822 587 2283 776 1491 3452 791 3049 3416 1797 1651 517 1249 232
leaf_count=3447 2822 587 2283 776 1491 3452 791 3049 3416 1797 1651 517 1249 232
internal_value=-5.50296e-10 0.222188 -0.204121 0.445124 0.118722 -0.124102 0.571997 0.0722289 -0.086625 0.349383 0.205596 -0.41406 -0.196975 0.507795
internal_weight=27560 13196 14364 4183 9013 10400 1799 5871 6868 2384 3142 3964 3532 1008
internal_count=27560 13196 14364 4183 9013 10400 1799 5871 6868 2384 3142 3964 3532 1008
is_linear=0
shrinkage=0.05


Tree=10
num_leaves=15
num_cat=0
split_feature=0 0 0 0 0 0 31 31 31 0 31 29 1 1
split_gain=451226 110204 87110.7 18255.5 13101.8 10304.7 3180.14 2818.73 2636.73 2404.09 2167.1 2076.14 1894.28 1739.97
threshold=13.60416666666667 23.979166666666668 4.7708333333333348 18.395833333333339 29.770833333333339 10.020833333333334 4.5000000000000009 6.5000000000000009 2.5000000000000004 34.395833333333336 4.5000000000000009 0.67235433877264061 22.166666666666668 17.187500000000004
decision_type=2 2 2 2 2 2 2 2 2 2 2 2 2 2
left_child=2 3 11 6 10 8 -2 -5 -4 -6 -3 -1 -9 -8
right_child=1 4 5 7 9 -7 13 12 -10 -11 -12 -13 -14 -15
leaf_value=-0.40737117032642334 0.026984113725279264 0.27760164049944008 -0.19727367776018367 0.17326939531847604 0.51007457581361593 -0.068183433063891061 0.041943325029991797 0.1867688038815857 -0.12477507359551923 0.63947641210618367 0.39748519295916629 -0.29992291249435693 0.30151144451705197 0.1223998770030645
leaf_weight=3447 2526 498 3077 2127 868 5206 917 553 2117 612 1551 517 1029 2515
leaf_count=3447 2526 498 3077 2127 868 5206 917 553 2117 612 1551 517 1029 2515
internal_value=2.6744e-10 0.211078 -0.193915 0.123776 0.450227 -0.117896 0.0695635 0.210861 -0.167724 0.563584 0.368348 -0.393357 0.261402 0.100903
internal_weight=27560 13196 14364 9667 3529 10400 5958 3709 5194 1480 2049 3964 1582 3432
internal_count=27560 13196 14364 9667 3529 10400 5958 3709 5194 1480 2049 3964 1582 3432
is_linear=0
shrinkage=0.05


Tree=11
num_leaves=15
num_cat=0
split_feature=0 0 0 0 0 0 0 31 31 31 0 1 0 31
split_gain=407806 95625.5 81822.9 13139.1 12218.6 9369.57 7495.03 2696.03 2505.97 2376.82 2042.65 1731.92 1559.66 1470.38
threshold=15.645833333333334 6.5625000000000009 24.937500000000004 20.187500000000004 11.520833333333334 31.770833333333339 3.4791666666666674 3.5000000000000004 10.500000000000002 4.5000000000000009 17.270833333333339 14.250000000000002 8.7708333333333339 6.5000000000000009
decision_type=2 2 2 2 2 2 2 2 2 2 2 2 2 2
left_child=1 6 3 10 7 8 -1 12 -4 -6 -2 -11 -3 -5
right_child=2 4 5 13 9 -7 -8 -9 -10 11 -12 -13 -14 -15
leaf_value=-0.3830305698500131 0.061091241765553396 -0.18856351756169434 0.36035627456878483 0.19739444692129743 -0.048151728998023946 0.56800100446554402 -0.23884103744349949 -0.078381453738507106 0.50551971854949862 -0.060541230612076252 0.12419962330617962 0.053744379195263883 -0.1266007609183826 0.26937189922046323
leaf_weight=3657 2080 1539 1778 1444 2948 1034 1196 2035 357 442 3343 1326 2986 1395
leaf_count=3657 2080 1539 1778 1444 2948 1034 1196 2035 357 442 3343 1326 2986 1395
internal_value=2.08974e-10 -0.161918 0.228464 0.145616 -0.0820487 0.444461 -0.347496 -0.126179 0.38463 -0.0206627 0.0999943 0.025173 -0.147675 0.232762
internal_weight=27560 16129 11431 8262 11276 3169 4853 6560 2135 4716 5423 1768 4525 2839
internal_count=27560 16129 11431 8262 11276 3169 4853 6560 2135 4716 5423 1768 4525 2839
is_linear=0
shrinkage=0.05


Tree=12
num_leaves=15
num_cat=0
split_feature=0 0 0 0 0 0 28 0 31 28 31 31 0 31
split_gain=368135 81968 78337.3 13307 9943.69 8493.01 5642.51 2515.86 2264.51 1956.88 1887.9 1649.5 1514.26 1424.36
threshold=15.145833333333334 6.229166666666667 24.937500000000004 20.187500000000004 11.020833333333334 30.312500000000004 3.5347222222222223 17.020833333333339 3.5000000000000004 13.297222222222224 10.500000000000002 10.500000000000002 8.7708333333333339 5.5000000000000009
decision_type=2 2 2 2 2 2 2 2 2 2 2 2 2 2
left_child=1 6 3 7 8 11 -1 -2 12 -6 -7 -4 -3 -11
right_child=2 4 5 -5 9 10 -8 -9 -10 13 -12 -13 -14 -15
leaf_value=-0.36707396458787472 0.049557836724402005 -0.18260340398663175 0.33093946250673312 0.22112392252571908 -0.057736932806053978 0.47235043928546966 -0.24024358648269173 0.11608674524399978 -0.079868103596565987 -0.019066713940583405 0.59507610858333038 0.46157440640785136 -0.12244169922166144 0.074348485388694374
leaf_weight=3492 2370 1699 1529 2839 2684 860 1171 3549 1865 1430 493 287 2721 571
leaf_count=3492 2370 1699 1529 2839 2684 860 1171 3549 1865 1430 493 287 2721 571
internal_value=4.49296e-10 -0.159617 0.209213 0.132132 -0.0849717 0.422238 -0.335224 0.0894482 -0.126072 -0.0298353 0.517069 0.351585 -0.145567 0.00759
internal_weight=27560 15633 11927 8758 10970 3169 4663 5919 6285 4685 1353 1816 4420 2001
internal_count=27560 15633 11927 8758 10970 3169 4663 5919 6285 4685 1353 1816 4420 2001
is_linear=0
shrinkage=0.05


Tree=13
num_leaves=15
num_cat=0
split_feature=0 0 0 0 0 0 0 31 31 29 31 31 28 0
split_gain=332543 82059.2 64072.5 16440.3 7326.41 7207.12 2776.03 2179.69 2151.13 2055.83 1923.87 1820.53 1547.35 1520.94
threshold=13.60416666666667 21.937500000000004 5.0208333333333348 28.020833333333339 9.8541666666666696 17.562500000000004 34.395833333333336 3.5000000000000004 4.5000000000000009 0.67235433877264061 2.5000000000000004 7.5000000000000009 12.831250000000002 19.229166666666668
decision_type=2 2 2 2 2 2 2 2 2 2 2 2 2 2
left_child=2 5 9 8 10 7 11 -2 -3 -1 -4 -5 -6 -7
right_child=1 3 4 6 12 13 -8 -9 -10 -11 -12 -13 -14 -15
leaf_value=-0.34950315520007402 -0.011491262945758654 0.19931680489498482 -0.17855023476850362 0.3578466513824109 -0.07905668194320227 0.10479548867003119 0.55258734150260103 0.066608941091442372 0.2995344252860605 -0.25087483472740041 -0.10882037971220403 0.47866198941290294 -0.019375226429551314 0.16334407343537694
leaf_weight=3447 1310 725 2533 581 4727 2254 612 2809 2048 624 1623 673 1410 2184
leaf_count=3447 1310 725 2533 581 4727 2254 612 2809 2048 624 1623 673 1410 2184
internal_value=4.78126e-10 0.181205 -0.166471 0.350546 -0.100059 0.0894009 0.46529 0.0417701 0.273333 -0.334385 -0.151319 0.422686 -0.0653446 0.133608
internal_weight=27560 13196 14364 4639 10293 8557 1866 4119 2773 4071 4156 1254 6137 4438
internal_count=27560 13196 14364 4639 10293 8557 1866 4119 2773 4071 4156 1254 6137 4438
is_linear=0
shrinkage=0.05


Tree=14
num_leaves=15
num_cat=0
split_feature=0 0 0 0 0 0 0 31 31 31 1 31 31 1
split_gain=300356 70560.2 60503.4 9930.65 9073.56 6707.15 5442.88 2203.46 2069.12 1933.14 1539.31 2088.79 1379.19 1791.8
threshold=15.645833333333334 6.5625000000000009 25.145833333333339 20.187500000000004 11.520833333333334 32.479166666666679 3.4791666666666674 9.5000000000000018 3.5000000000000004 5.5000000000000009 18.645833333333339 5.5000000000000009 7.5000000000000009 25.458333333333339
decision_type=2 2 2 2 2 2 2 2 2 2 2 2 2 2
left_child=1 6 3 10 8 7 -1 -4 -3 -6 -2 -12 -5 -14
right_child=2 4 5 12 9 -7 -8 -9 -10 -11 11 -13 13 -15
leaf_value=-0.32865205460704511 0.061324091296481899 -0.12721184588451126 0.30827988556290914 0.17442691586814457 -0.035694230797987045 0.49843249705482706 -0.20577767596425908 0.42464682844892671 -0.066506964237250721 0.038724951635180915 0.076747184546024153 0.16968643367763897 0.1784786617872762 0.30864284364447231
leaf_weight=3657 2922 4525 1640 1853 3560 915 1196 541 2035 1156 1478 1023 510 549
leaf_count=3657 2922 4525 1640 1853 3560 915 1196 541 2035 1156 1478 1023 510 549
internal_value=-2.27766e-10 -0.138959 0.19607 0.125962 -0.0703512 0.384812 -0.29837 0.337145 -0.10838 -0.0174524 0.0859691 0.114763 0.20044 0.245958
internal_weight=27560 16129 11431 8335 11276 3096 4853 2181 6560 4716 5423 2501 2912 1059
internal_count=27560 16129 11431 8335 11276 3096 4853 2181 6560 4716 5423 2501 2912 1059
is_linear=0
shrinkage=0.05


Tree=15
num_leaves=15
num_cat=0
split_feature=0 0 0 0 0 0 0 31 31 31 31 0 28 31
split_gain=271489 66964.1 52201.4 13597.3 5932.58 5363.42 2810.51 2457.07 1848.51 1764.77 1563.05 1420.59 1397.46 1492.67
threshold=13.60416666666667 21.937500000000004 5.6458333333333348 28.020833333333339 17.270833333333339 10.270833333333334 1.6875000000000002 10.500000000000002 4.5000000000000009 3.5000000000000004 2.5000000000000004 34.395833333333336 18.572916666666675 5.5000000000000009
decision_type=2 2 2 2 2 2 2 2 2 2 2 2 2 2
left_child=2 4 6 8 9 10 -1 11 -3 -2 -4 -5 -6 -14
right_child=1 3 5 7 12 -7 -8 -9 -10 -11 -12 -13 13 -15
leaf_value=-0.31533372616967198 -0.014535434958301128 0.17786947829648853 -0.14822677177426632 0.35055832033394219 0.092184427028563803 -0.050849959486213542 -0.21519371697377918 0.50439699164032936 0.27077083417507314 0.058009683489094771 -0.091951383389973496 0.47205490324150301 0.10331125984407741 0.18463587107247004
leaf_weight=3469 1235 725 2869 943 2445 4983 878 600 2048 2610 2165 323 1058 1209
leaf_count=3469 1235 725 2869 943 2445 4983 878 600 2048 2610 2165 323 1058 1209
internal_value=3.10633e-11 0.163728 -0.150415 0.316702 0.0807962 -0.0876233 -0.295108 0.421055 0.246482 0.0347085 -0.124024 0.381556 0.118404 0.146682
internal_weight=27560 13196 14364 4639 8557 10017 4347 1866 2773 3845 5034 1266 4712 2267
internal_count=27560 13196 14364 4639 8557 10017 4347 1866 2773 3845 5034 1266 4712 2267
is_linear=0
shrinkage=0.05


Tree=16
num_leaves=15
num_cat=0
split_feature=0 0 0 0 0 0 0 31 31 31 31 1 1 26
split_gain=245060 58475.6 48961.4 8378.85 8169.77 4715.15 3673.18 1824.68 1816.14 1795.97 1439.33 1389.91 1268.42 1241.07
threshold=14.020833333333334 23.770833333333339 6.229166666666667 18.395833333333339 29.145833333333339 10.395833333333334 1.6875000000000002 4.5000000000000009 4.5000000000000009 6.5000000000000009 4.5000000000000009 25.458333333333339 19.729166666666668 13.251488095238097
decision_type=2 2 2 2 2 2 2 2 2 2 2 2 2 2
left_child=2 3 6 7 10 -4 -1 -2 -5 -6 -3 -10 -9 -7
right_child=1 4 5 8 9 13 -8 12 11 -11 -12 -13 -14 -15
leaf_value=-0.29956703655793299 0.019687060039608573 0.18779975137268881 -0.11293544570985617 0.10066265175327427 0.32925048042128296 -0.05903774129208908 -0.19789085619438634 0.058452973771648389 0.13737706268493144 0.44537596601113993 0.28478301407132806 0.21417698680720643 0.12790908115051597 -0.0037484531695971312
leaf_weight=3469 2334 502 4828 1162 471 3799 1194 2409 1141 1136 1608 1218 904 1385
leaf_count=3469 2334 502 4828 1162 471 3799 1194 2409 1141 1136 1608 1218 904 1385
internal_value=2.09433e-10 0.159116 -0.139708 0.0912933 0.3264 -0.07738 -0.273532 0.0535493 0.151828 0.41134 0.261709 0.17703 0.0774051 -0.0442662
internal_weight=27560 12885 14675 9168 3717 10012 4663 5647 3521 1607 2110 2359 3313 5184
internal_count=27560 12885 14675 9168 3717 10012 4663 5647 3521 1607 2110 2359 3313 5184
is_linear=0
shrinkage=0.05


Tree=17
num_leaves=15
num_cat=0
split_feature=0 0 0 0 0 0 0 31 31 31 31 6 31 1
split_gain=221807 57569.5 39788.2 8654.35 6434.67 4674.9 4256.44 2060.08 1761.06 1568.12 1446.67 1554.72 1251.22 1157.91
threshold=16.020833333333339 6.8958333333333348 25.979166666666668 12.270833333333334 20.854166666666668 3.4791666666666674 33.270833333333336 2.5000000000000004 3.5000000000000004 7.5000000000000009 5.5000000000000009 0.78145397693961316 6.5000000000000009 25.458333333333339
decision_type=2 2 2 2 2 2 2 2 2 2 2 2 2 2
left_child=1 5 4 7 10 -1 9 -3 -5 -4 -2 -12 -6 -14
right_child=2 3 6 8 12 -7 -8 -9 -10 -11 11 -13 13 -15
leaf_value=-0.28199316337643537 0.063334281213573734 -0.10853952508279896 0.26267709844496662 -0.033214667391389723 0.15226841097303295 -0.17518040669606824 0.44013870591309523 -0.057856811382105661 0.035739807826840268 0.35077118865828566 0.1811320105289205 0.092294245214410875 0.15702321047114362 0.25733741439127727
leaf_weight=3657 2600 3675 1092 1493 1312 1423 791 4412 2438 940 680 1786 444 817
leaf_count=3657 2600 3675 1092 1493 1312 1423 791 4412 2438 940 680 1786 444 817
internal_value=1.11123e-10 -0.110956 0.181336 -0.0513066 0.12206 -0.252073 0.341735 -0.0808887 0.00955079 0.303429 0.0893558 0.116791 0.186451 0.222017
internal_weight=27560 17098 10462 12018 7639 5080 2823 8087 3931 2032 5066 2466 2573 1261
internal_count=27560 17098 10462 12018 7639 5080 2823 8087 3931 2032 5066 2466 2573 1261
is_linear=0
shrinkage=0.05


Tree=18
num_leaves=15
num_cat=0
split_feature=0 0 0 0 0 28 0 31 31 31 31 7 31 1
split_gain=200181 51956.5 35908.9 7823.62 5807.29 4224.47 3841.43 1753.98 1719.83 1455.64 1325.66 1386.84 1129.23 1045.01
threshold=16.020833333333339 6.8958333333333348 25.979166666666668 12.020833333333334 20.854166666666668 3.5347222222222223 33.270833333333336 3.5000000000000004 2.5000000000000004 12.500000000000002 4.5000000000000009 0.24534873658705433 6.5000000000000009 25.458333333333339
decision_type=2 2 2 2 2 2 2 2 2 2 2 2 2 2
left_child=1 5 4 8 10 -1 9 -5 -3 -4 -2 -12 -6 -14
right_child=2 3 6 7 12 -7 -8 -9 -10 -11 11 -13 13 -15
leaf_value=-0.27018883987092673 0.051871416014220906 -0.10341826689956408 0.27423651494738882 -0.034065441634568976 0.14465499008689753 -0.17179342642159898 0.41813177526298584 0.032828627946442847 -0.056539313154958193 0.4159842446446419 0.08436390687961795 0.15854682607695886 0.14917204944030926 0.24447054348702488
leaf_weight=3494 1900 3601 1831 1597 1312 1586 791 2536 4284 201 2298 868 444 817
leaf_count=3494 1900 3601 1831 1597 1312 1586 791 2536 4284 201 2298 868 444 817
internal_value=1.24375e-10 -0.105409 0.172269 -0.0487413 0.115957 -0.239469 0.324648 0.00698062 -0.0779485 0.288258 0.084888 0.104702 0.177129 0.210916
internal_weight=27560 17098 10462 12018 7639 5080 2823 4133 7885 2032 5066 3166 2573 1261
internal_count=27560 17098 10462 12018 7639 5080 2823 4133 7885 2032 5066 3166 2573 1261
is_linear=0
shrinkage=0.05


Tree=19
num_leaves=15
num_cat=0
split_feature=0 0 0 0 0 0 0 31 31 44 31 1 31 1
split_gain=180709 42070.9 37062 7044.29 5111.1 3844.89 3466.89 1554.49 1364.44 1142.76 1134.37 1311.8 1119.69 877.163
threshold=15.562500000000002 6.8958333333333348 25.979166666666668 20.187500000000004 11.020833333333334 3.4791666666666674 33.270833333333336 5.5000000000000009 7.5000000000000009 1.5000000000000002 7.5000000000000009 25.458333333333339 3.5000000000000004 17.687500000000004
decision_type=2 2 2 2 2 2 2 2 2 2 2 2 2 2
left_child=1 5 3 9 12 -1 8 -6 -4 -2 -5 -12 -3 -9
right_child=2 4 6 10 7 -7 -8 13 -10 -11 11 -13 -14 -15
leaf_value=-0.25463025457046706 0.053228916540310471 -0.099680310964644456 0.23583141597009805 0.13646935121662068 -0.031984197948754449 -0.15776256869806982 0.39722518458604511 -0.0033785004676773799 0.31800530996431225 0.10704610059378179 0.13826303025506731 0.24517266268944141 -0.052258471140112311 0.083571739204736262
leaf_weight=3657 4234 4076 1092 2019 3895 1423 791 687 940 1286 510 656 1792 502
leaf_count=3657 4234 4076 1092 2019 3895 1423 791 687 940 1286 510 656 1792 502
internal_value=-1.0443e-10 -0.108568 0.150986 0.0999324 -0.0534049 -0.227496 0.308416 -0.0167086 0.273845 0.0657668 0.159146 0.198411 -0.0851984 0.0333322
internal_weight=27560 16032 11528 8705 10952 5080 2823 5084 2032 5520 3185 1166 5868 1189
internal_count=27560 16032 11528 8705 10952 5080 2823 5084 2032 5520 3185 1166 5868 1189
is_linear=0
shrinkage=0.05


Tree=20
num_leaves=15
num_cat=0
split_feature=0 0 0 0 0 28 0 0 31 31 1 31 31 10
split_gain=163396 42247.9 29177.5 6441.56 4755.45 3473.25 3143.54 1619.49 1286.59 1212.57 1244.94 1175.33 1060.32 871.63
threshold=16.020833333333339 6.8958333333333348 25.979166666666668 12.395833333333334 20.895833333333339 3.5347222222222223 32.479166666666679 9.3125000000000018 3.5000000000000004 5.5000000000000009 22.166666666666668 12.500000000000002 8.5000000000000018 3.5000000000000004
decision_type=2 2 2 2 2 2 2 2 2 2 2 2 2 2
left_child=1 5 4 7 9 -1 11 -3 -5 -2 -11 13 -6 -4
right_child=2 3 6 8 12 -7 -8 -9 -10 10 -12 -13 -14 -15
leaf_value=-0.24397560891998654 0.053796152002913211 -0.10352772778647548 0.27601886249012086 -0.027967583246475799 0.14294108615827478 -0.15475677401279564 0.36918591839775367 -0.054774481083613158 0.031899945108525875 0.079990612175880063 0.15715968141599357 0.38073304538437402 0.21835972861064457 0.20475980876057631
leaf_weight=3494 2625 2416 957 1437 1841 1586 915 5775 2390 1815 734 173 624 778
leaf_count=3494 2625 2416 957 1437 1841 1586 915 5775 2390 1815 734 173 624 778
internal_value=1.1917e-10 -0.0952327 0.155638 -0.0441333 0.104878 -0.216121 0.292995 -0.0691546 0.00942029 0.0776484 0.102212 0.256457 0.162033 0.244065
internal_weight=27560 17098 10462 12018 7639 5080 2823 8191 3827 5174 2549 1908 2465 1735
internal_count=27560 17098 10462 12018 7639 5080 2823 8191 3827 5174 2549 1908 2465 1735
is_linear=0
shrinkage=0.05


Tree=21
num_leaves=15
num_cat=0
split_feature=0 0 0 0 0 0 31 31 32 31 31 1 0 1
split_gain=147483 36621.1 28376.4 7805.29 4175.66 3482.52 1694.74 1240.7 1173.75 1147.11 1090.28 1014.52 972.069 889.185
threshold=13.60416666666667 21.937500000000004 4.4375000000000009 27.937500000000004 9.0625000000000018 17.562500000000004 10.500000000000002 3.5000000000000004 4.5000000000000009 3.5000000000000004 1.5000000000000002 19.729166666666668 35.812500000000007 12.35416666666667
decision_type=2 2 2 2 2 2 2 2 2 2 2 2 2 2
left_child=2 5 -1 7 10 9 12 -3 -6 -2 -4 -11 -5 -10
right_child=1 3 4 6 8 -7 -8 -9 13 11 -12 -13 -14 -15
leaf_value=-0.22658704710561178 -0.012401719600973539 0.10252922760694799 -0.14798375864280053 0.26212512302214858 -0.055498967555568983 0.090075735583104083 0.37956273218525238 0.19401992331397411 -0.052672405853913057 0.022996828010622673 -0.090315138323261671 0.086728105689359195 0.38927053529230848 0.035094762125451651
leaf_weight=3870 1310 443 1382 1147 5907 4438 610 2266 491 1872 2014 937 173 700
leaf_count=3870 1310 443 1382 1147 5907 4438 610 2266 491 1872 2014 937 173 700
internal_value=1.39636e-10 0.120675 -0.110862 0.233801 -0.0681853 0.0593461 0.31064 0.179059 -0.0463691 0.0262365 -0.113783 0.0442557 0.278789 -0.00108801
internal_weight=27560 13196 14364 4639 10494 8557 1930 2709 7098 4119 3396 2809 1320 1191
internal_count=27560 13196 14364 4639 10494 8557 1930 2709 7098 4119 3396 2809 1320 1191
is_linear=0
shrinkage=0.05


Tree=22
num_leaves=15
num_cat=0
split_feature=0 0 0 28 0 0 0 31 0 31 31 6 10 31
split_gain=133224 34573.6 23959.5 5002.09 4436.38 3523.84 2242.53 1579.59 1482.97 1319.32 1133.35 1195.73 1040.59 1039.63
threshold=16.020833333333339 7.3125000000000009 26.562500000000004 12.952777777777781 21.020833333333339 3.4791666666666674 33.687500000000007 2.5000000000000004 10.770833333333334 10.500000000000002 5.5000000000000009 0.78145397693961316 3.5000000000000004 6.5000000000000009
decision_type=2 2 2 2 2 2 2 2 2 2 2 2 2 2
left_child=1 5 4 8 10 -1 13 -5 -3 12 -2 -12 -6 -4
right_child=2 3 6 7 9 -7 -8 -9 -10 -11 11 -13 -14 -15
leaf_value=-0.21859383760603329 0.048859528557600486 -0.081823092321360341 0.19824330854158176 -0.048227129643770461 0.17078028670477449 -0.13206900628054144 0.34613908976061647 0.026480488194752513 -0.038244081378792608 0.25686040271769517 0.15006122639573144 0.074910592429587627 0.10048207869025304 0.27391077265196351
leaf_weight=3657 2694 4044 769 930 1208 1735 731 2958 3774 273 716 2030 933 1108
leaf_count=3657 2694 4044 769 930 1208 1735 731 2958 3774 273 716 2030 933 1108
internal_value=-1.31895e-10 -0.0859916 0.140536 -0.0377369 0.0969334 -0.190752 0.271844 0.00861061 -0.0607861 0.153345 0.0719007 0.0945056 0.140146 0.24291
internal_weight=27560 17098 10462 11706 7854 5392 2608 3888 7818 2414 5440 2746 2141 1877
internal_count=27560 17098 10462 11706 7854 5392 2608 3888 7818 2414 5440 2746 2141 1877
is_linear=0
shrinkage=0.05


Tree=23
num_leaves=15
num_cat=0
split_feature=0 0 1 0 0 31 31 0 31 28 31 10 0 1
split_gain=120463 30796.1 22344.5 5258.06 4091.15 2787.67 1468.6 1429.84 1298.51 1239.4 1088.24 971.072 901.255 809.061
threshold=13.22916666666667 23.062500000000004 8.3541666666666696 28.020833333333339 18.020833333333339 2.5000000000000004 10.500000000000002 8.5208333333333339 5.5000000000000009 12.443750000000003 7.5000000000000009 3.5000000000000004 4.0208333333333348 20.812500000000004
decision_type=2 2 2 2 2 2 2 2 2 2 2 2 2 2
left_child=2 4 12 11 8 7 -5 -4 -2 -7 -6 -3 -1 -10
right_child=1 3 5 6 10 9 -8 -9 13 -11 -12 -13 -14 -15
leaf_value=-0.2087892208826404 0.012406145205903839 0.19854237541816555 -0.12732814493391831 0.25239606131442732 0.083423552322185443 -0.049205756418969661 0.34736571412533523 -0.069489286624939847 0.044371691239759259 0.010287168654135811 0.14699666916054263 0.13229218661859049 -0.1379179917741567 0.11189468535848789
leaf_weight=3622 3475 1255 1637 1266 2365 4115 600 3077 2026 1112 941 989 512 568
leaf_count=3622 3475 1255 1637 1266 2365 4115 600 3077 2026 1112 941 989 512 568
internal_value=3.96047e-10 0.106796 -0.102319 0.220915 0.0567664 -0.0616937 0.282933 -0.0895746 0.0323883 -0.0365491 0.101519 0.169344 -0.200012 0.059157
internal_weight=27560 13485 14075 4110 9375 9941 1866 4714 6069 5227 3306 2244 4134 2594
internal_count=27560 13485 14075 4110 9375 9941 1866 4714 6069 5227 3306 2244 4134 2594
is_linear=0
shrinkage=0.05


Tree=24
num_leaves=15
num_cat=0
split_feature=0 0 0 0 0 0 0 31 31 31 31 31 1 10
split_gain=108910 28451.8 19338.1 4165.2 3515.69 2847.75 2003.68 1344.9 1160.18 983.806 982.636 967.268 913.25 882.62
threshold=16.145833333333339 7.3125000000000009 26.562500000000004 11.812500000000002 21.020833333333339 1.6875000000000002 35.812500000000007 8.5000000000000018 10.500000000000002 3.5000000000000004 5.5000000000000009 3.5000000000000004 27.479166666666668 3.5000000000000004
decision_type=2 2 2 2 2 2 2 2 2 2 2 2 2 2
left_child=1 5 4 9 11 -1 7 -4 13 -3 -5 -2 -13 -6
right_child=2 3 6 10 8 -7 -8 -9 -10 -11 -12 12 -14 -15
leaf_value=-0.19942421339780875 0.026534004184751905 -0.074778266915680763 0.19758739687375576 -0.015092554051514365 0.15429910549925585 -0.1235657231180938 0.36706333842586442 0.27500241968891004 0.23553444243448995 -0.033041032541060299 0.031813470933562148 0.063541680871956094 0.11741971629001483 0.08955637635280092
leaf_weight=3469 1214 4288 1344 3824 1208 1923 301 963 273 2105 1577 3082 1056 933
leaf_count=3469 1214 4288 1344 3824 1208 1923 301 963 273 2105 1577 3082 1056 933
internal_value=-2.60432e-10 -0.0772236 0.127932 -0.0337243 0.0883715 -0.17237 0.245733 0.229902 0.138463 -0.0610356 -0.00139679 0.0657778 0.0772911 0.126086
internal_weight=27560 17186 10374 11794 7766 5392 2608 2307 2414 6393 5401 5352 4138 2141
internal_count=27560 17186 10374 11794 7766 5392 2608 2307 2414 6393 5401 5352 4138 2141
is_linear=0
shrinkage=0.05


Tree=25
num_leaves=15
num_cat=0
split_feature=0 0 26 0 0 31 28 0 31 31 31 0 0 7
split_gain=98382.5 25148.2 18254.1 5313.73 2611.17 2270.13 1285.66 1274.12 992.004 990.854 953.038 756.176 752.87 655.637
threshold=13.22916666666667 21.937500000000004 6.1473214285714297 27.937500000000004 17.562500000000004 1.5000000000000002 10.892361111111112 35.812500000000007 3.5000000000000004 6.5000000000000009 5.5000000000000009 8.7708333333333339 4.0208333333333348 0.19757566852776967
decision_type=2 2 2 2 2 2 2 2 2 2 2 2 2 2
left_child=2 4 12 8 9 11 -7 10 -3 -2 -5 -4 -1 -11
right_child=1 3 5 7 -6 6 -8 -9 -10 13 -12 -13 -14 -15
leaf_value=-0.18810974958503551 0.0057418669595473634 0.077203335628043823 -0.12735115692919288 0.16631465638935006 0.074140250464744886 -0.059865505725447334 -0.017656897083106245 0.3487101794724845 0.15901202605209097 0.034217177418138608 0.25750698598493366 -0.072553839957698249 -0.12402576599909945 0.11566104000304929
leaf_weight=3656 3260 443 1094 371 4438 4090 3228 301 2266 788 1258 1483 524 360
leaf_count=3656 3260 443 1094 371 4438 4090 3228 301 2266 788 1258 1483 524 360
internal_value=3.00423e-10 0.0965135 -0.0924678 0.190802 0.0470669 -0.0554589 -0.0412471 0.254201 0.145634 0.0198093 0.236738 -0.0958167 -0.180076 0.0597571
internal_weight=27560 13485 14075 4639 8846 9895 7318 1930 2709 4408 1629 2577 4180 1148
internal_count=27560 13485 14075 4639 8846 9895 7318 1930 2709 4408 1629 2577 4180 1148
is_linear=0
shrinkage=0.05


Tree=26
num_leaves=15
num_cat=0
split_feature=0 0 0 0 0 28 1 31 0 31 0 10 31 7
split_gain=88883.1 19635.1 19470.1 3519.4 2338.81 2292.64 1843.82 1201.87 1019.63 948.404 909.491 804.731 773.161 842.356
threshold=15.062500000000002 6.8958333333333348 24.937500000000004 19.229166666666668 29.770833333333339 12.443750000000003 5.854166666666667 2.5000000000000004 9.8125000000000018 3.5000000000000004 36.562500000000007 3.5000000000000004 3.5000000000000004 0.22237191446613089
decision_type=2 2 2 2 2 2 2 2 2 2 2 2 2 2
left_child=1 6 3 12 11 8 -1 -7 -3 -5 -6 -4 -2 -14
right_child=2 5 4 9 10 7 -8 -9 -10 -11 -12 -13 13 -15
leaf_value=-0.18033007644257457 0.0046890050034228631 -0.078856246896044355 0.19895160461534744 0.050041220252247345 0.23671681219954196 -0.05154031814831074 -0.1158525927463975 0.019101533781125765 -0.040572456965551312 0.11421663316436746 0.34132784962803125 0.12944179325300073 0.036089605710429878 0.091481198240874584
leaf_weight=3445 1329 2702 944 716 1230 856 1635 2030 4881 2938 250 745 2966 893
leaf_count=3445 1329 2702 944 716 1230 856 1635 2030 4881 2938 250 745 2966 893
internal_value=-1.85102e-11 -0.0789184 0.102165 0.0640539 0.208501 -0.039779 -0.159578 -0.00185114 -0.0542139 0.101641 0.254388 0.168292 0.0375802 0.0489076
internal_weight=27560 15549 12011 8842 3169 10469 5080 2886 7583 3654 1480 1689 5188 3859
internal_count=27560 15549 12011 8842 3169 10469 5080 2886 7583 3654 1480 1689 5188 3859
is_linear=0
shrinkage=0.05


Tree=27
num_leaves=15
num_cat=0
split_feature=0 0 0 28 0 0 31 31 31 0 16 31 1 0
split_gain=80377.1 21863.4 13624.9 3502.9 2852.8 2190.47 1242.01 1200.74 1160.21 975.745 899.932 646.545 1097.5 642.367
threshold=16.645833333333339 7.4375000000000009 27.437500000000004 13.297222222222224 21.020833333333339 4.0208333333333348 10.500000000000002 3.5000000000000004 10.500000000000002 10.770833333333334 -0.22252093395631442 7.5000000000000009 22.166666666666668 37.187500000000007
decision_type=2 2 2 2 2 2 2 2 2 2 2 2 2 2
left_child=1 5 4 9 11 -1 13 -5 10 -3 -6 -2 -13 -4
right_child=2 3 6 7 8 -7 -8 -9 -10 -11 -12 12 -14 -15
leaf_value=-0.16834176469820347 0.047940383104913151 -0.063540840229155002 0.18934541494281165 -0.024319909477335502 0.077525388412821875 -0.10028641484669679 0.27965386279161225 0.03145144300476585 0.21182486332860134 -0.028531161532850381 0.13840787626539572 0.063165543117490466 0.16808622451271954 0.31616888782966918
leaf_weight=3773 3589 3997 1493 1539 1113 1722 653 2588 321 3964 1335 1038 328 107
leaf_count=3773 3589 3997 1493 1539 1113 1722 653 2588 321 3964 1335 1038 328 107
internal_value=-7.10283e-11 -0.0643206 0.113356 -0.0267292 0.0817986 -0.147015 0.221543 0.0106537 0.122447 -0.0461086 0.110727 0.059083 0.0883588 0.197827
internal_weight=27560 17583 9977 12088 7724 5495 2253 4127 2769 7961 2448 4955 1366 1600
internal_count=27560 17583 9977 12088 7724 5495 2253 4127 2769 7961 2448 4955 1366 1600
is_linear=0
shrinkage=0.05


Tree=28
num_leaves=15
num_cat=0
split_feature=0 0 1 0 1 31 31 31 28 10 39 31 5 1
split_gain=72677.1 19120.2 13106.7 3742.55 2366.36 1901.91 1618.76 1075.4 864.413 832.255 854.523 740.052 644.655 638.669
threshold=12.937500000000002 22.270833333333339 8.3541666666666696 28.270833333333339 18.645833333333339 1.5000000000000002 7.5000000000000009 6.5000000000000009 10.892361111111112 3.5000000000000004 39.500000000000007 2.5000000000000004 0.97916666666666685 27.479166666666668
decision_type=2 2 2 2 2 2 2 2 2 2 2 2 2 2
left_child=2 4 -1 9 -2 12 11 -5 -7 -3 -11 -6 -4 -8
right_child=1 3 5 7 6 8 13 -9 -10 10 -12 -13 -14 -15
leaf_value=-0.15554009978328287 0.014599563435436167 0.1531974990679511 -0.10248553047314474 0.16326453604133317 0.0025230003040131376 -0.051024033720261867 0.085006719792124291 0.2473455914532571 -0.015881503741908873 0.059186957271080379 0.14486825576207996 0.059956767580685667 -0.046625181752062816 0.16147152770419748
leaf_weight=4134 4555 1517 1802 546 696 4094 637 1253 3056 656 523 2889 724 478
leaf_count=4134 4555 1517 1802 546 696 4094 637 1253 3056 656 523 2889 724 478
internal_value=1.10615e-10 0.081372 -0.0810184 0.165975 0.0402814 -0.0491796 0.065171 0.221827 -0.0360037 0.128707 0.0971949 0.0488064 -0.0864749 0.117787
internal_weight=27560 13750 13810 4495 9255 9676 4700 1799 7150 2696 1179 3585 2526 1115
internal_count=27560 13750 13810 4495 9255 9676 4700 1799 7150 2696 1179 3585 2526 1115
is_linear=0
shrinkage=0.05


Tree=29
num_leaves=15
num_cat=0
split_feature=28 0 0 0 31 1 31 29 0 31 0 31 10 0
split_gain=65850.7 16013.6 12839.7 2584.08 2384.47 1897.13 1540.41 1348.49 1154.47 837.214 747.158 703.208 676.026 612.559
threshold=15.68263888888889 6.8958333333333348 25.979166666666668 11.812500000000002 6.5000000000000009 25.458333333333339 10.500000000000002 0.73719783403062233 17.770833333333339 11.500000000000002 35.812500000000007 4.5000000000000009 3.5000000000000004 15.85416666666667
decision_type=2 2 2 2 2 2 2 2 2 2 2 2 2 2
left_child=1 7 4 11 8 -6 10 -1 -2 -7 12 -3 -4 -5
right_child=2 3 6 13 5 9 -8 -9 -10 -11 -12 -13 -14 -15
leaf_value=-0.15483938721071472 0.012948417754583214 -0.059123676222200189 0.18279705668419616 -0.01438521041120226 0.063720673107172124 0.12746811095815994 0.2485045589730599 -0.099298925326721438 0.061237153350361145 0.24902875388955109 0.26380325258639509 -0.015708125224719548 0.12300634720414819 0.02480095657643467
leaf_weight=3481 2078 5297 1027 3556 1825 1178 736 1593 3061 161 173 1132 876 1386
leaf_count=3481 2078 5297 1027 3556 1825 1178 736 1593 3061 161 173 1132 876 1386
internal_value=-5.67677e-11 -0.0635402 0.0940098 -0.0305812 0.0627358 0.0968841 0.186353 -0.137402 0.0417112 0.142084 0.164318 -0.0514792 0.155274 -0.00339532
internal_weight=27560 16445 11115 11371 8303 3164 2812 5074 5139 1339 2076 6429 1903 4942
internal_count=27560 16445 11115 11371 8303 3164 2812 5074 5139 1339 2076 6429 1903 4942
is_linear=0
shrinkage=0.05


Tree=30
num_leaves=15
num_cat=0
split_feature=1 0 28 31 28 0 28 31 0 31 31 0 31 1
split_gain=59586.6 14645.6 11589.6 3294.98 2151.52 1721.55 1503.13 922.458 721.973 721.653 717.799 597.033 595.69 566.65
threshold=17.187500000000004 23.979166666666668 6.6770833333333339 3.5000000000000004 26.966666666666672 10.687500000000002 20.057638888888892 10.500000000000002 17.270833333333339 1.5000000000000002 5.5000000000000009 4.0208333333333348 8.5000000000000018 25.458333333333339
decision_type=2 2 2 2 2 2 2 2 2 2 2 2 2 2
left_child=2 3 11 8 10 9 -5 -6 -2 -4 -3 -1 -8 -14
right_child=1 4 5 6 7 -7 12 -9 -10 -11 -12 -13 13 -15
leaf_value=-0.14611414626317071 -0.02148449122405216 0.083461297592530126 -0.088684762544566545 0.047132228130287834 0.17872254620962741 -0.020267856971202303 0.082128467981654657 0.256660737565717 0.029592839427188218 -0.048152798198789988 0.14943470898182787 -0.095569688467746064 0.084143802190840014 0.18347278172199347
leaf_weight=3666 1645 634 1640 4413 1149 5144 1725 567 1194 3324 1179 695 253 332
leaf_count=3666 1645 634 1640 4413 1149 5144 1725 567 1194 3324 1179 695 253 332
internal_value=1.57186e-10 0.0772925 -0.0699313 0.0451641 0.164346 -0.0405383 0.0642373 0.204475 -2.86643e-06 -0.0615437 0.126364 -0.138059 0.0969147 0.140515
internal_weight=27560 13091 14469 9562 3529 10108 6723 1716 2839 4964 1813 4361 2310 585
internal_count=27560 13091 14469 9562 3529 10108 6723 1716 2839 4964 1813 4361 2310 585
is_linear=0
shrinkage=0.05


Tree=31
num_leaves=15
num_cat=0
split_feature=0 0 0 0 31 1 0 1 31 10 45 0 31 10
split_gain=53900.4 12634.5 10985.5 2302.29 1780.74 1425.36 1269.32 1122 786.15 744.72 1136.48 729.035 592.432 566.485
threshold=15.645833333333334 7.4375000000000009 26.187500000000004 19.812500000000004 4.5000000000000009 5.854166666666667 34.687500000000007 12.35416666666667 13.500000000000002 3.5000000000000004 16.500000000000004 10.687500000000002 1.5000000000000002 3.5000000000000004
decision_type=2 2 2 2 2 2 2 2 2 2 10 2 2 2
left_child=1 5 3 -2 11 -1 8 -6 13 10 -5 -3 -7 -4
right_child=2 4 6 9 7 12 -8 -9 -10 -11 -12 -13 -14 -15
leaf_value=-0.14007180205796385 0.033625820386084609 -0.055701339149432309 0.16894372688666823 0.075456369887638902 -0.034211089484105353 -0.11377562648596123 0.24335372320597717 0.030793751498031131 0.25204029713594722 0.059070796786386041 0.15035786080179725 -0.025042076340685004 -0.060007474818243756 0.116300370041372
leaf_weight=3445 5044 3654 1148 1287 1053 1045 488 1796 189 1519 835 4131 1005 921
leaf_count=3445 5044 3654 1148 1287 1053 1045 488 1796 189 1519 835 4131 1005 921
internal_value=8.73182e-11 -0.0588661 0.0830593 0.0554978 -0.0270547 -0.120428 0.17023 0.00676774 0.154427 0.0857978 0.10493 -0.0394324 -0.0874161 0.14551
internal_weight=27560 16129 11431 8685 10634 5495 2746 2849 2258 3641 2122 7785 2050 2069
internal_count=27560 16129 11431 8685 10634 5495 2746 2849 2258 3641 2122 7785 2050 2069
is_linear=0
shrinkage=0.05


Tree=32
num_leaves=15
num_cat=0
split_feature=1 0 26 31 28 31 31 1 7 31 45 31 1 44
split_gain=48915.3 11907.2 9413.31 2454.33 2356.84 1532.24 1131.01 1019.62 871.245 828.328 798.664 733.625 595.286 494.986
threshold=17.187500000000004 23.062500000000004 6.1473214285714297 2.5000000000000004 26.966666666666672 2.5000000000000004 7.5000000000000009 22.166666666666668 0.0035026377131639479 10.500000000000002 17.500000000000004 4.5000000000000009 11.35416666666667 1.5000000000000002
decision_type=2 2 2 2 2 2 2 2 2 2 10 2 2 2
left_child=2 3 -1 -2 11 8 10 -8 -4 13 -5 -3 -7 -6
right_child=1 4 5 6 9 12 7 -9 -10 -11 -12 -13 -14 -15
leaf_value=-0.12663397461040007 -0.016657957653491522 0.056849600226872347 -0.026150519239561045 0.028395476764551366 0.13496662186736949 -0.044535202103320737 0.055406983412203029 0.13051247365938379 -0.074746492597518213 0.23309801867142643 0.075524293312899463 0.12295319647349699 -0.010333096527828621 0.20060667823681039
leaf_weight=4180 1683 550 1321 4210 746 1853 1231 714 3056 575 1143 1772 4059 467
leaf_count=4180 1683 550 1321 4210 746 1853 1231 714 3056 575 1143 1772 4059 467
internal_value=3.14604e-10 0.0700302 -0.0633607 0.0377715 0.140521 -0.0376553 0.0503235 0.0829778 -0.06008 0.183669 0.0384587 0.107296 -0.0210531 0.160238
internal_weight=27560 13091 14469 8981 4110 10289 7298 1945 4377 1788 5353 2322 5912 1213
internal_count=27560 13091 14469 8981 4110 10289 7298 1945 4377 1788 5353 2322 5912 1213
is_linear=0
shrinkage=0.05


Tree=33
num_leaves=15
num_cat=0
split_feature=0 0 0 31 0 0 0 0 4 16 45 31 31 31
split_gain=44237.4 12038.5 7661.49 1831.89 1513.52 1483.75 884.763 884.118 825.694 717.596 609.643 583.689 543.77 478.807
threshold=16.645833333333339 7.9375000000000009 27.437500000000004 5.5000000000000009 20.645833333333339 4.0208333333333348 11.812500000000002 35.812500000000007 0.72916666666666685 -0.22252093395631442 12.500000000000002 3.5000000000000004 5.5000000000000009 3.5000000000000004
decision_type=2 2 2 2 2 2 2 2 2 2 10 2 2 2
left_child=1 5 4 6 -2 -1 -3 12 -5 11 -11 -6 -4 -7
right_child=2 3 7 8 9 13 -8 -9 -10 10 -12 -13 -14 -15
leaf_value=-0.12451902739894956 0.040587581971277244 -0.041707877716562015 0.10696327971286826 0.048524987022260165 -0.0063553794396022786 -0.082654809577935889 -0.010596397374302889 0.24498553387078137 -0.011046279381465783 0.075861951296512783 0.13180162126688064 0.073975079772448854 0.16807603427659873 -0.017518509138800629
leaf_weight=3773 4282 5221 484 1276 278 1847 4064 301 1069 933 1019 1212 1468 333
leaf_count=3773 4282 5221 484 1276 278 1847 4064 301 1069 933 1019 1212 1468 333
internal_value=2.28961e-10 -0.0477176 0.0840953 -0.0181179 0.0604314 -0.105545 -0.0280905 0.165223 0.0213686 0.085118 0.105064 0.0589872 0.152923 -0.0727051
internal_weight=27560 17583 9977 11630 7724 5953 9285 2253 2345 3442 1952 1490 1952 2180
internal_count=27560 17583 9977 11630 7724 5953 9285 2253 2345 3442 1952 1490 1952 2180
is_linear=0
shrinkage=0.05


Tree=34
num_leaves=15
num_cat=0
split_feature=28 0 0 31 1 0 1 31 37 0 31 31 31 10
split_gain=40130.9 9641.7 7853.12 1925.6 1522.55 1448.77 1043.74 863.501 926.749 799.053 733.922 517.671 495.941 477.53
threshold=15.68263888888889 7.4375000000000009 27.437500000000004 6.5000000000000009 25.458333333333339 12.60416666666667 5.854166666666667 2.5000000000000004 86.362500000000011 35.812500000000007 11.500000000000002 13.500000000000002 1.5000000000000002 3.5000000000000004
decision_type=2 2 2 2 2 2 2 2 2 2 2 2 2 2
left_child=1 6 3 7 -5 12 -1 -2 -9 11 -6 13 -3 -4
right_child=2 5 9 4 10 -7 -8 8 -10 -11 -12 -13 -14 -15
leaf_value=-0.12051056063054089 -0.0043193719753065601 -0.057813344977980075 0.15891373326489511 0.050018234732723481 0.10314711149206229 0.0044528339279895756 -0.075375663400958248 0.027067929384373149 0.076157198946950541 0.23273626512962325 0.20076898213981278 0.21686873966827991 -0.027633670966286595 0.10575705300935312
leaf_weight=3445 1174 1783 976 1825 1409 3423 2039 2765 1474 301 223 223 5755 745
leaf_count=3445 1174 1783 976 1825 1409 3423 2039 2765 1474 301 223 223 5755 745
internal_value=3.1509e-10 -0.049603 0.0733892 0.0522454 0.0813969 -0.0225227 -0.103729 0.0336279 0.0441374 0.156928 0.116486 0.145191 -0.0347722 0.135903
internal_weight=27560 16445 11115 8870 3457 10961 5484 5413 4239 2245 1632 1944 7538 1721
internal_count=27560 16445 11115 8870 3457 10961 5484 5413 4239 2245 1632 1944 7538 1721
is_linear=0
shrinkage=0.05


Tree=35
num_leaves=15
num_cat=0
split_feature=1 0 1 31 28 45 31 6 31 31 0 31 31 31
split_gain=36343.3 8823.38 6976.35 2231.02 1446.02 1066.28 1053.82 683.267 621.456 597.907 581.407 556.286 492.298 484.281
threshold=17.187500000000004 23.979166666666668 9.3541666666666696 3.5000000000000004 26.966666666666672 16.500000000000004 2.5000000000000004 0.99701269437565554 10.500000000000002 7.5000000000000009 4.0208333333333348 8.5000000000000018 5.5000000000000009 1.5000000000000002
decision_type=2 2 2 2 2 10 2 2 2 2 2 2 2 2
left_child=2 3 10 13 12 9 7 -4 -6 -5 -1 -7 -3 -2
right_child=1 4 6 5 8 11 -8 -9 -10 -11 -12 -13 -14 -15
leaf_value=-0.11341729399232435 -0.035056062579907829 0.061264791805958174 -0.063433375481882021 0.028590789419503118 0.13969394967323978 0.076427090294045263 -0.016446521651167834 -0.017229096695694893 0.20366480178224347 0.063991031341162963 -0.072654000772443147 0.1643372753370218 0.11590108410115618 0.011060362985279144
leaf_weight=3675 788 634 2777 3472 1149 1223 5745 1124 567 1817 1148 211 1179 2051
leaf_count=3675 788 634 2777 3472 1149 1223 5745 1124 567 1817 1148 211 1179 2051
internal_value=-2.95405e-10 0.0603637 -0.0546147 0.0354262 0.127933 0.0511207 -0.0300648 -0.0501205 0.160831 0.0407523 -0.103715 0.0893623 0.096795 -0.00173983
internal_weight=27560 13091 14469 9562 3529 6723 9646 3901 1716 5289 4823 1434 1813 2839
internal_count=27560 13091 14469 9562 3529 6723 9646 3901 1716 5289 4823 1434 1813 2839
is_linear=0
shrinkage=0.05


Tree=36
num_leaves=15
num_cat=0
split_feature=0 1 0 0 31 1 0 31 0 28 31 0 39 10
split_gain=32982.1 7580.23 6694.44 1755.36 1548.26 794.814 704.693 687.267 642.307 598.093 534.789 524.72 466.363 521.364
threshold=15.645833333333334 9.3541666666666696 27.437500000000004 19.354166666666668 3.5000000000000004 12.35416666666667 36.562500000000007 4.5000000000000009 9.8125000000000018 22.814583333333335 6.5000000000000009 4.0208333333333348 38.500000000000007 3.5000000000000004
decision_type=2 2 2 2 2 2 2 2 2 2 2 2 2 2
left_child=1 11 3 -2 8 -6 12 -5 -3 -9 -7 -1 13 -4
right_child=2 4 6 7 5 10 -8 9 -10 -11 -12 -13 -14 -15
leaf_value=-0.10774642813411861 0.024638337878049092 -0.058909406593416314 0.13728887515762198 0.038009727340048566 -0.027370928479381853 0.0024991314148688753 0.22135293027907613 0.063832718705190875 -0.026952841963888481 0.10848699843515573 0.052592791775881532 -0.06902130090932522 0.15312205460459544 0.058019598456571855
leaf_weight=3675 4693 2529 499 1316 1799 2108 250 1951 4157 1218 713 1148 1149 355
leaf_count=3675 4693 2529 499 1316 1799 2108 250 1951 4157 1218 713 1148 1149 355
internal_value=-8.47556e-11 -0.0460477 0.0649727 0.0460147 -0.0236599 -0.00140118 0.142201 0.0683825 -0.0390405 0.0809955 0.0151602 -0.0985288 0.132322 0.104337
internal_weight=27560 16129 11431 9178 11306 4620 2253 4485 6686 3169 2821 4823 2003 854
internal_count=27560 16129 11431 9178 11306 4620 2253 4485 6686 3169 2821 4823 2003 854
is_linear=0
shrinkage=0.05


Tree=37
num_leaves=15
num_cat=0
split_feature=1 0 1 28 31 31 31 31 6 10 32 45 38 6
split_gain=29807.3 7233.52 5661.66 1887.86 1507.31 1037.74 699.478 654.105 782.836 636.265 554.916 496.451 483.231 482.099
threshold=17.187500000000004 21.562500000000004 8.8541666666666696 26.585416666666671 2.5000000000000004 1.5000000000000002 8.5000000000000018 8.5000000000000018 0.80041889904401731 3.5000000000000004 4.5000000000000009 15.500000000000002 134.50000000000003 0.99617589424117481
decision_type=2 2 2 2 2 2 2 2 2 2 2 10 2 2
left_child=2 4 -1 9 -2 13 -5 -6 -9 11 -7 -3 -11 -4
right_child=1 3 5 6 7 10 -8 8 -10 12 -12 -13 -14 -15
leaf_value=-0.098448741901129011 -0.01705144166485504 0.063908055396459537 -0.071994909195185308 0.11361653806703094 0.029728343474050845 -0.028402066752071294 0.17373491419887221 0.13288226966969144 0.043701612870696648 0.02609144181028325 0.0022710755344985734 0.12050434168107627 0.091029181017608526 -0.020670086192377871
leaf_weight=4190 1607 640 1746 1041 5537 5953 904 355 802 765 1960 982 458 620
leaf_count=4190 1607 640 1746 1041 5537 5953 904 355 802 765 1960 982 458 620
internal_value=-1.10043e-10 0.0546669 -0.0494606 0.103595 0.0264337 -0.0294917 0.141558 0.036873 0.0710647 0.0776407 -0.0208045 0.0981729 0.0504099 -0.0585455
internal_weight=27560 13091 14469 4790 8301 10279 1945 6694 1157 2845 7913 1622 1223 2366
internal_count=27560 13091 14469 4790 8301 10279 1945 6694 1157 2845 7913 1622 1223 2366
is_linear=0
shrinkage=0.05


Tree=38
num_leaves=15
num_cat=0
split_feature=0 0 0 0 31 22 16 45 0 4 31 31 1 31
split_gain=27038.8 6228.86 5524.25 1477.38 960.362 772.593 662.685 712.199 602.139 594.721 521.49 457.66 445.137 436.29
threshold=15.645833333333334 7.6875000000000009 27.604166666666668 19.229166666666668 5.5000000000000009 3.4375000000000004 -0.22252093395631442 16.500000000000004 37.187500000000007 0.68750000000000011 3.5000000000000004 1.5000000000000002 17.687500000000004 6.5000000000000009
decision_type=2 2 2 2 2 2 2 8 2 2 2 2 2 2
left_child=1 5 3 -2 11 -1 10 -8 13 -6 -5 -3 -13 -4
right_child=2 4 8 6 9 -7 7 -9 -10 -11 -12 12 -14 -15
leaf_value=-0.097748047151958742 0.021968539421549041 -0.045807366239232969 0.089356286149012462 -0.0093094905493272175 0.038946263627211319 -0.059604171760171465 0.055783616438881425 0.1080189409550264 0.21582653846003508 -0.021274746160395167 0.053323718329237338 -0.02596848937062321 0.0051687233477054478 0.13925857816140993
leaf_weight=3603 4608 2097 657 421 1049 2102 1519 1144 190 673 1578 5126 1479 1314
leaf_count=3603 4608 2097 657 421 1049 2102 1519 1144 190 673 1578 5126 1479 1314
internal_value=-2.70043e-11 -0.0416929 0.0588282 0.0420459 -0.018706 -0.083694 0.0618907 0.0782234 0.130819 0.0154104 0.0401328 -0.0254571 -0.0189962 0.122624
internal_weight=27560 16129 11431 9270 10424 5705 4662 2663 2161 1722 1999 8702 6605 1971
internal_count=27560 16129 11431 9270 10424 5705 4662 2663 2161 1722 1999 8702 6605 1971
is_linear=0
shrinkage=0.05


Tree=39
num_leaves=15
num_cat=0
split_feature=28 0 0 31 0 28 0 39 16 45 15 31 1 37
split_gain=24513.1 6480.69 4293.1 1216.51 1021.68 932.135 770.26 540.714 507.677 475.549 467.4 460.314 399.429 360.387
threshold=16.596527777777784 7.9375000000000009 27.604166666666668 4.5000000000000009 12.60416666666667 22.356250000000003 4.0208333333333348 38.500000000000007 -0.22252093395631442 16.500000000000004 1.0000000180025095e-35 12.500000000000002 35.937500000000007 64.612500000000011
decision_type=2 2 2 2 2 2 2 2 2 8 2 2 2 2
left_child=1 6 3 8 -3 -5 -1 10 -2 -10 -4 -7 -9 -12
right_child=2 4 7 5 -6 11 -8 12 9 -11 13 -13 -14 -15
leaf_value=-0.092010688611769448 -0.0061349368383087979 -0.025527507515314424 0.055905153114924867 0.04488624733856271 0.0053199166008269516 0.083364350766556281 -0.054622082295354125 0.11877418205735309 0.013374447803824139 0.06844635612590752 0.062022400257452363 0.18882777271058143 0.17474411228572986 0.158582977440549
leaf_weight=3772 1203 7202 417 3544 4279 1524 2170 675 920 683 139 111 604 317
leaf_count=3772 1203 7202 417 3544 4279 1524 2170 675 920 683 139 111 604 317
internal_value=-3.15026e-11 -0.0359685 0.061821 0.0449289 -0.0140306 0.0592941 -0.0783565 0.124499 0.0184152 0.0368393 0.0941631 0.0905243 0.145206 0.129149
internal_weight=27560 17423 10137 7985 11481 5179 5942 2152 2806 1603 873 1635 1279 456
internal_count=27560 17423 10137 7985 11481 5179 5942 2152 2806 1603 873 1635 1279 456
is_linear=0
shrinkage=0.05


Tree=40
num_leaves=15
num_cat=0
split_feature=0 0 28 44 31 28 31 39 4 37 10 31 31 1
split_gain=22206.3 5924.82 3872.08 1030.13 971.884 852.811 802.184 571.532 526.383 502.87 496.356 427.219 394.972 390.357
threshold=16.645833333333339 8.3958333333333339 25.422222222222228 2.5000000000000004 5.5000000000000009 5.3625000000000016 8.5000000000000018 37.500000000000007 0.72916666666666685 90.075000000000017 3.5000000000000004 1.5000000000000002 2.5000000000000004 35.937500000000007
decision_type=2 2 2 2 2 2 2 2 2 2 2 2 2 2
left_child=1 5 3 7 11 -1 9 -2 -6 -4 -5 -3 -11 -8
right_child=2 4 6 10 8 -7 13 -9 -10 12 -12 -13 -14 -15
leaf_value=-0.087199198461044597 0.018658237963030309 -0.040244420229260731 0.06206251883883579 0.082426473981217829 0.038972296288438568 -0.050047768612938907 0.11754495996029175 0.053759293147612686 -0.0087990719004459265 0.045392302464460958 0.021046553456265792 -0.01359787961541979 0.14096531236731577 0.17859347639612333
leaf_weight=3810 3635 1921 776 1745 1252 2598 545 1703 1069 136 406 6933 527 504
leaf_count=3810 3635 1921 776 1745 1252 2598 545 1703 1069 136 406 6933 527 504
internal_value=-3.10381e-11 -0.0338082 0.059582 0.0416282 -0.0118297 -0.0721369 0.113624 0.0298566 0.0169699 0.0893833 0.070841 -0.0193792 0.121361 0.146876
internal_weight=27560 17583 9977 7489 11175 6408 2488 5338 2321 1439 2151 8854 663 1049
internal_count=27560 17583 9977 7489 11175 6408 2488 5338 2321 1439 2151 8854 663 1049
is_linear=0
shrinkage=0.05


Tree=41
num_leaves=15
num_cat=0
split_feature=1 0 0 31 0 0 16 45 0 1 31 32 4 31
split_gain=20177.3 5563.65 3322.16 1406.05 877.859 784.796 754.921 659.212 492.799 479.388 583.766 406.608 401.614 387.173
threshold=18.645833333333339 8.5208333333333339 27.604166666666668 6.5000000000000009 15.72916666666667 4.0208333333333348 -0.22252093395631442 11.500000000000002 37.187500000000007 25.458333333333339 12.500000000000002 5.5000000000000009 0.97916666666666685 13.500000000000002
decision_type=2 2 2 2 2 2 2 8 2 2 2 2 2 2
left_child=1 5 3 6 11 -1 12 -8 13 -5 -11 -3 -2 -4
right_child=2 4 8 9 -6 -7 7 -9 -10 10 -12 -13 -14 -15
leaf_value=-0.083085560990920071 -0.0090367780242238665 -0.022219984416656711 0.097345880663072301 0.044785158695073095 0.013757943687845015 -0.047883110244824917 0.01331971688647729 0.063757748525947788 0.18981572253923668 0.078236659149722623 0.18377446106055401 0.01216945078668941 0.046230099676906257 0.16573028779251781
leaf_weight=3773 1581 7609 1736 1103 2835 2728 1098 1580 190 1565 143 969 415 235
leaf_count=3773 1581 7609 1736 1103 2835 2728 1098 1580 190 1565 143 969 415 235
internal_value=2.84026e-11 -0.0313935 0.0583022 0.0425356 -0.0103633 -0.0683136 0.0257297 0.0430778 0.112913 0.0704796 0.0870727 -0.0183352 0.00245408 0.105499
internal_weight=27560 17914 9646 7485 11413 6501 4674 2678 2161 2811 1708 8578 1996 1971
internal_count=27560 17914 9646 7485 11413 6501 4674 2678 2161 2811 1708 8578 1996 1971
is_linear=0
shrinkage=0.05


Tree=42
num_leaves=15
num_cat=1
split_feature=1 0 1 31 39 10 50 1 31 31 6 45 32 6
split_gain=18213 4475.93 3453.41 1172.7 1041.72 796.202 665.592 647.977 627.139 589.494 665.059 461.025 344.509 344.048
threshold=17.187500000000004 23.062500000000004 9.3541666666666696 2.5000000000000004 38.500000000000007 3.5000000000000004 0 35.937500000000007 1.5000000000000002 8.5000000000000018 0.79060815515951843 18.500000000000004 4.5000000000000009 0.99617589424117481
decision_type=2 2 2 2 2 2 1 2 2 2 2 10 2 2
left_child=2 3 -1 -2 5 6 -3 -6 13 11 -11 -5 -10 -4
right_child=1 4 8 9 7 -7 -8 -9 12 10 -12 -13 -14 -15
leaf_value=-0.07320773841168686 -0.014669656465199417 0.15013996747622999 -0.057983675897633993 0.018118682076054372 0.088928358476560887 0.022604024045047584 0.062118733270386264 0.14630253037439558 -0.020955106309079669 0.11191755351789179 0.036388638824445284 0.05280944040297441 0.0035175183817407678 -0.011850871042771773
leaf_weight=4823 1683 306 1524 4807 1297 826 888 793 5642 443 852 1196 1930 550
leaf_count=4823 1683 306 1524 4807 1297 826 888 793 5642 443 852 1196 1930 550
internal_value=3.22504e-11 0.0427321 -0.0386624 0.022954 0.0859503 0.0603454 0.0864547 0.110698 -0.0213897 0.0316305 0.0622259 0.0250303 -0.0147174 -0.0457498
internal_weight=27560 13091 14469 8981 4110 2020 1194 2090 9646 7298 1295 6003 7572 2074
internal_count=27560 13091 14469 8981 4110 2020 1194 2090 9646 7298 1295 6003 7572 2074
cat_boundaries=0 1
cat_threshold=32
is_linear=0
shrinkage=0.05


Tree=43
num_leaves=15
num_cat=0
split_feature=1 0 28 31 0 24 37 39 31 31 1 31 33 34
split_gain=16507.8 4568.44 2820.65 1302.87 721.014 660.661 576.922 544.578 447.413 407.543 406.65 388.519 368.331 363.072
threshold=18.645833333333339 8.5208333333333339 26.966666666666672 6.5000000000000009 15.72916666666667 1.0029761904761905 81.312500000000014 48.500000000000007 1.5000000000000002 1.0000000180025095e-35 25.458333333333339 13.500000000000002 1.0000000180025095e-35 7.5000000000000009
decision_type=2 2 2 2 2 2 2 2 2 2 2 2 2 2
left_child=1 5 3 6 -3 -1 -2 12 -8 -7 -5 -12 -4 -10
right_child=2 4 7 10 -6 9 8 -9 13 -11 11 -13 -14 -15
leaf_value=-0.07689223486212679 0.0014391781927819516 -0.016559879104318651 0.062063614947033163 0.040693997367874553 0.01252532992881971 -0.08285789451070337 -0.018137034610052227 0.14202452225041931 0.03581539277538455 -0.036183261733070161 0.073908159990084057 0.18152897514995525 0.11492211163497659 0.087585913852722158
leaf_weight=3438 1924 8578 701 1103 2835 576 323 678 2017 2487 1783 88 622 407
leaf_count=3438 1924 8578 701 1103 2835 576 323 678 2017 2487 1783 88 622 407
internal_value=3.85078e-06 -0.0283918 0.0527386 0.038906 -0.00933509 -0.0618473 0.0224358 0.105588 0.0371419 -0.0449605 0.0647741 0.07897 0.0869147 0.0445079
internal_weight=27560 17914 9646 7645 11413 6501 4671 2001 2747 3063 2974 1871 1323 2424
internal_count=27560 17914 9646 7645 11413 6501 4671 2001 2747 3063 2974 1871 1323 2424
is_linear=0
shrinkage=0.05


Tree=44
num_leaves=15
num_cat=1
split_feature=0 28 28 31 44 38 50 10 31 6 10 45 31 32
split_gain=14973.3 4024.27 2532.97 1058.3 947.575 666.986 666.842 582.893 566.338 464.286 419.968 479.068 392.525 320.242
threshold=12.85416666666667 23.44444444444445 6.6770833333333339 10.500000000000002 1.5000000000000002 101.50000000000001 0 3.5000000000000004 1.5000000000000002 0.99799999199996814 3.5000000000000004 15.500000000000002 5.5000000000000009 6.5000000000000009
decision_type=2 2 2 2 2 2 1 2 2 2 2 10 2 2
left_child=2 4 -1 6 5 9 7 -3 -4 -2 11 -6 -8 -10
right_child=1 3 8 -5 10 -7 12 -9 13 -11 -12 -13 -14 -15
leaf_value=-0.068574419230246611 -0.012726359811824553 0.13861345637914313 -0.043402334486732128 0.13283776076607587 0.030480206315947389 0.02814292487305084 0.019401176928624933 0.060515620611077049 -0.017449682054715015 0.023668250820011168 0.0041688109173936899 0.07693901887021698 0.066555191681235942 0.035449887915548671
leaf_weight=4361 2959 520 2388 787 1053 3277 684 442 6630 1245 498 1173 1244 299
leaf_count=4361 2959 520 2388 787 1053 3277 684 442 6630 1245 498 1173 1244 299
internal_value=3.65831e-06 0.0365863 -0.0371246 0.0814347 0.0204268 0.011233 0.0674367 0.101674 -0.0224038 -0.00194822 0.0456759 0.0549619 0.0495692 -0.015167
internal_weight=27560 13882 13678 3677 10205 7481 2890 962 9317 4204 2724 2226 1928 6929
internal_count=27560 13882 13678 3677 10205 7481 2890 962 9317 4204 2724 2226 1928 6929
cat_boundaries=0 1
cat_threshold=32
is_linear=0
shrinkage=0.05


Tree=45
num_leaves=15
num_cat=0
split_feature=0 28 0 31 39 0 1 1 31 0 10 45 31 16
split_gain=13605.5 3999.56 2138.9 960.994 505.745 496.89 481.744 435.268 399.934 397.132 381.404 724.829 308.8 295.632
threshold=17.562500000000004 8.72013888888889 27.604166666666668 4.5000000000000009 37.500000000000007 4.0208333333333348 31.937500000000004 12.35416666666667 1.0000000180025095e-35 37.187500000000007 3.5000000000000004 19.500000000000004 11.500000000000002 -0.22252093395631442
decision_type=2 2 2 2 2 2 2 2 2 2 2 10 2 2
left_child=1 5 4 8 10 -1 -6 -5 -3 13 11 -2 -8 -4
right_child=2 3 9 7 6 -7 12 -9 -10 -11 -12 -13 -14 -15
leaf_value=-0.068555726847510823 0.023523032499804326 -0.056526540856771501 0.066946550907964614 -0.018166713243687779 0.041379658925870061 -0.040040226751176411 0.073811489069129085 0.020688048321394467 -0.014667609451425413 0.16259054789123567 0.0088398268044288051 0.082770210190075716 0.15755708503403834 0.10569259556297105
leaf_weight=3733 2041 618 956 933 1734 2586 515 3169 7444 190 1795 691 140 1015
leaf_count=3733 2041 618 956 933 1734 2586 515 3169 7444 190 1795 691 140 1015
internal_value=3.47541e-06 -0.0246156 0.050134 -0.00785171 0.0365667 -0.056886 0.0551793 0.0118505 -0.0178763 0.0935544 0.0267445 0.0385083 0.0917113 0.0868995
internal_weight=27560 18483 9077 12164 6916 6319 2389 4102 8062 2161 4527 2732 655 1971
internal_count=27560 18483 9077 12164 6916 6319 2389 4102 8062 2161 4527 2732 655 1971
is_linear=0
shrinkage=0.05


Tree=46
num_leaves=15
num_cat=0
split_feature=1 0 31 39 1 33 26 0 10 0 31 31 37 5
split_gain=12353.9 3402.26 2200.25 1063.74 690.786 554.099 519.808 483.21 474.234 430.207 361.654 345.253 348.385 325.437
threshold=18.645833333333339 8.7708333333333339 8.5000000000000018 34.500000000000007 31.437500000000004 1.0000000180025095e-35 0.90029761904761918 15.72916666666667 3.5000000000000004 30.895833333333339 1.0000000180025095e-35 14.500000000000002 66.162500000000023 0.97916666666666685
decision_type=2 2 2 2 2 2 2 2 2 2 2 2 2 2
left_child=1 6 3 5 -4 13 -1 -3 -7 -5 -8 12 -6 -2
right_child=2 7 4 9 11 8 10 -9 -10 -11 -12 -13 -14 -15
leaf_value=-0.066258531358595982 -0.0066528851470070626 -0.013681329241420306 0.04791705908125931 0.049422129031919823 0.076350784031247509 0.048236227264775652 -0.073486568078452594 0.010218869802281073 -0.011773574517659344 0.10995253206998488 -0.030754981804269541 0.16040309358571397 0.12801677495760044 0.041126264811190236
leaf_weight=3422 2082 8325 763 2323 862 1671 605 2835 410 336 2727 244 525 430
leaf_count=3422 2082 8325 763 2323 862 1671 605 2835 410 336 2727 244 525 430
internal_value=3.30167e-06 -0.0245613 0.0456233 0.031903 0.0871856 0.0173326 -0.0525711 -0.00760991 0.0364131 0.057071 -0.0385139 0.105556 0.0959071 0.00152587
internal_weight=27560 17914 9646 7252 2394 4593 6754 11160 2081 2659 3332 1631 1387 2512
internal_count=27560 17914 9646 7252 2394 4593 6754 11160 2081 2659 3332 1631 1387 2512
is_linear=0
shrinkage=0.05


Tree=47
num_leaves=15
num_cat=0
split_feature=1 28 28 31 45 10 31 6 32 37 7 37 16 1
split_gain=11184 2817.7 2076.31 1193.02 661.114 536.492 487.534 417.546 377.716 374.074 357.753 323.72 310.543 295.194
threshold=17.187500000000004 25.422222222222228 7.6284722222222232 3.5000000000000004 16.500000000000004 3.5000000000000004 8.5000000000000018 0.99799999199996814 4.5000000000000009 94.812500000000014 0.0035026377131639479 69.887500000000017 -0.22252093395631442 35.937500000000007
decision_type=2 2 2 2 10 2 2 2 2 2 2 2 2 2
left_child=2 3 -1 7 -5 -6 9 11 10 -3 -4 -2 -13 -8
right_child=1 6 8 4 5 -7 13 -9 -10 -11 -12 12 -14 -15
leaf_value=-0.056347058256479815 -0.036302130979796253 0.044571086888245341 -0.0073590202239024669 0.023389888524375763 0.074331234614003039 0.021321294319976508 0.081402257801065803 0.050227823862042588 0.0032315714879842987 0.098058513927431534 -0.029919447026245518 -0.023039267396261158 0.019717302033437419 0.13431561105127796
leaf_weight=5003 879 986 2789 5529 1397 725 549 305 1927 489 4750 756 969 507
leaf_count=5003 879 986 2789 5529 1397 725 549 305 1927 489 4750 756 969 507
internal_value=3.13657e-06 0.0334891 -0.0302936 0.0221325 0.0324953 0.0562199 0.0808714 -0.00512262 -0.0165238 0.0623035 -0.0215734 -0.0116057 0.000978771 0.106807
internal_weight=27560 13091 14469 10560 7651 2122 2531 2909 9466 1475 7539 2604 1725 1056
internal_count=27560 13091 14469 10560 7651 2122 2531 2909 9466 1475 7539 2604 1725 1056
is_linear=0
shrinkage=0.05


Tree=48
num_leaves=15
num_cat=0
split_feature=1 1 31 37 1 31 31 6 31 37 38 1 15 6
split_gain=10125.6 2833.16 1865.01 776.884 627.039 613.852 592.323 446.945 442.006 442.49 383.244 344.575 401.075 331.97
threshold=18.645833333333339 10.35416666666667 7.5000000000000009 91.262500000000017 31.437500000000004 2.5000000000000004 2.5000000000000004 0.45732236308174523 12.500000000000002 88.112500000000011 157.50000000000003 37.270833333333336 -0.8783796973249266 0.99945175438596501
decision_type=2 2 2 2 2 2 2 2 2 2 2 2 2 2
left_child=1 7 3 6 -4 13 -2 -1 9 -6 -8 -5 -13 -3
right_child=2 5 4 11 8 -7 10 -9 -10 -11 -12 12 -14 -15
leaf_value=-0.059195208626292774 -0.027842278343801999 -0.032120312590198659 0.042357356355484876 0.033165538393323445 0.0606563694382274 0.0015224475871028127 0.016977830864503739 -0.0336530286261192 0.12917669971753284 0.12174255995703934 0.06905618272745466 0.001989978218565963 0.093326015049276664 0.0048216919170323419
leaf_weight=3705 696 2711 1156 963 1226 7529 3494 3185 501 391 393 146 680 784
leaf_count=3705 696 2711 1156 963 1226 7529 3494 3185 501 391 393 146 680 784
internal_value=2.97964e-06 -0.0222362 0.0413042 0.0255449 0.0719758 -0.00651628 0.014637 -0.047388 0.0881414 0.0754274 0.0222433 0.0534883 0.0771819 -0.0238335
internal_weight=27560 17914 9646 6372 3274 11024 4583 6890 2118 1617 3887 1789 826 3495
internal_count=27560 17914 9646 6372 3274 11024 4583 6890 2118 1617 3887 1789 826 3495
is_linear=0
shrinkage=0.05


Tree=49
num_leaves=15
num_cat=0
split_feature=0 28 0 31 29 39 1 16 45 31 7 44 39 10
split_gain=9216.4 2706.08 1511.72 616.834 516.247 484.638 379.701 358.116 461.695 351.322 339.181 299.459 294.463 263.352
threshold=17.562500000000004 9.5243055555555589 29.145833333333339 6.5000000000000009 0.70583074212078245 38.500000000000007 31.604166666666668 -0.22252093395631442 16.500000000000004 1.0000000180025095e-35 0.19495827637275007 1.5000000000000002 35.500000000000007 3.5000000000000004
decision_type=2 2 2 2 2 2 2 2 10 2 2 2 2 2
left_child=1 4 5 9 -1 7 -7 -2 -9 -3 -5 12 -4 -13
right_child=2 3 11 10 -6 6 -8 8 -10 -11 -12 13 -14 -15
leaf_value=-0.056936668590188637 0.0072258201639622145 -0.050675987539362727 0.012948609173065052 0.0066224976661982647 -0.031007915566013972 0.035041553968072389 0.075443520678009079 0.020443224539802352 0.063707027965863167 -0.0068085471809849309 0.053399532081520054 0.12749039483761401 0.081518343422770492 0.05454845421223177
leaf_weight=3519 2128 482 200 1042 4224 1608 911 1913 910 8599 617 524 721 162
leaf_count=3519 2128 482 200 1042 4224 1608 911 1913 910 8599 617 524 721 162
internal_value=2.83084e-06 -0.0202598 0.0412625 -0.0040153 -0.0427919 0.0317984 0.049653 0.0227142 0.0343894 -0.00913694 0.0240194 0.0852559 0.0666281 0.110265
internal_weight=27560 18483 9077 10740 7743 7470 2519 4951 2823 9081 1659 1607 921 686
internal_count=27560 18483 9077 10740 7743 7470 2519 4951 2823 9081 1659 1607 921 686
is_linear=0
shrinkage=0.05


Tree=50
num_leaves=15
num_cat=1
split_feature=0 28 0 31 39 1 44 31 31 15 6 37 50 33
split_gain=8358.96 2363.36 1360.47 685.061 650.688 438.372 412.017 333.97 312.549 301.638 290.189 286.932 285.653 280.516
threshold=12.72916666666667 23.44444444444445 5.854166666666667 5.5000000000000009 24.500000000000004 35.937500000000007 1.5000000000000002 1.5000000000000002 13.500000000000002 -0.8783796973249266 0.99799999199996814 73.387500000000017 0 1.5000000000000002
decision_type=2 2 2 2 2 2 2 2 2 2 2 2 1 2
left_child=2 4 -1 9 10 -5 -6 -4 11 -3 13 -7 -11 -2
right_child=1 3 7 5 6 8 -8 -9 -10 12 -12 -13 -14 -15
leaf_value=-0.050632187076719362 -0.019147692626538718 -0.015155932387706877 -0.033321597676841112 0.057878165807051123 0.016714992021860518 0.065965616260227386 0.044935907435127091 -0.011324041391415867 0.17968789978684593 0.074214834623085021 0.022317840908135527 0.12031362041074573 0.01891666240553079 0.01706993167265286
leaf_weight=4450 2085 272 2312 1344 4810 517 1769 6801 112 433 934 458 544 719
leaf_count=4450 2085 272 2312 1344 4810 517 1769 6801 112 433 934 458 544 719
internal_value=2.68925e-06 0.0271088 -0.0279708 0.0615097 0.0148382 0.0769729 0.0243032 -0.0169049 0.100582 0.0314128 -0.00182044 0.0914952 0.0443777 -0.00986079
internal_weight=27560 13997 13563 3680 10317 2431 6579 9113 1087 1249 3738 975 977 2804
internal_count=27560 13997 13563 3680 10317 2431 6579 9113 1087 1249 3738 975 977 2804
cat_boundaries=0 1
cat_threshold=32
is_linear=0
shrinkage=0.05


Tree=51
num_leaves=15
num_cat=1
split_feature=1 0 1 31 45 10 10 50 0 31 31 6 31 31
split_gain=7601.81 1954.21 1400.17 859.413 485.465 438.828 382.154 332.336 328.97 327.833 275.909 337.786 252.362 239.006
threshold=17.187500000000004 26.562500000000004 9.3541666666666696 3.5000000000000004 16.500000000000004 3.5000000000000004 5.5000000000000009 0 37.187500000000007 1.0000000180025095e-35 9.5000000000000018 0.90745588520457632 13.500000000000002 9.5000000000000018
decision_type=2 2 2 2 10 2 2 1 2 2 2 2 2 2
left_child=2 3 -1 7 10 13 -7 -2 12 -4 -5 -12 -3 -6
right_child=1 8 9 4 5 6 -8 -9 -10 -11 11 -13 -14 -15
leaf_value=-0.046970296547274429 0.017421709777658632 0.055879283617722625 -0.04846674038533956 0.014646317761522316 0.057368472021500132 -0.013261490902585183 0.072831690351062628 -0.017145854911818453 0.12969220819147795 -0.011511937788631531 0.07955751330968984 0.019417630452271257 0.10893234291076662 0.12188608054748991
leaf_weight=4823 1080 2168 643 4657 1104 410 188 1913 190 9003 395 571 250 165
leaf_count=4823 1080 2168 643 4657 1104 410 188 1913 190 9003 395 571 250 165
internal_value=4.24442e-06 0.0276114 -0.0249737 0.0179758 0.0270256 0.0491168 0.0138046 -0.00467151 0.0663424 -0.0139753 0.0196907 0.044009 0.0613645 0.0657573
internal_weight=27560 13091 14469 10483 7490 1867 598 2993 2608 9646 5623 966 2418 1269
internal_count=27560 13091 14469 10483 7490 1867 598 2993 2608 9646 5623 966 2418 1269
cat_boundaries=0 1
cat_threshold=32
is_linear=0
shrinkage=0.05


Tree=52
num_leaves=15
num_cat=0
split_feature=28 1 28 31 31 45 10 6 39 16 28 6 16 45
split_gain=6878.85 1825.61 1328.17 509.996 486.361 372.318 388.566 358.243 320.903 308.266 299.893 285.896 294.256 264.853
threshold=16.596527777777784 10.35416666666667 26.966666666666672 3.5000000000000004 3.5000000000000004 15.500000000000002 3.5000000000000004 0.99945175438596501 48.500000000000007 -0.22252093395631442 0.7020833333333335 0.99799999199996814 -0.22252093395631442 7.5000000000000009
decision_type=2 2 2 2 2 10 2 2 2 2 2 2 2 8
left_child=1 10 3 11 7 -5 -7 -3 9 -4 -1 12 -2 -11
right_child=2 4 8 5 -6 6 -8 -9 -10 13 -12 -13 -14 -15
leaf_value=-0.050361413177960682 -0.031398506610940548 -0.024143451651135333 0.027086963550463111 0.021112862472790848 0.0048306145779141154 0.061145686225032851 0.018627540394477969 0.0059636404732772959 0.09721748744656819 0.035926651051302737 -0.02943177485792178 0.057751024468602002 0.012161593037149447 0.097815713180908925
leaf_weight=3170 693 3974 568 4018 5244 1524 830 1315 678 268 3720 191 880 487
leaf_count=3170 693 3974 568 4018 5244 1524 830 1315 678 268 3720 191 880 487
internal_value=4.03722e-06 -0.0190498 0.0327528 0.0237773 -0.00595957 0.0303638 0.0461542 -0.0166579 0.0692471 0.0549131 -0.0390612 -1.50326e-05 -0.00702922 0.0758471
internal_weight=27560 17423 10137 8136 10533 6372 2354 5289 2001 1323 6890 1764 1573 755
internal_count=27560 17423 10137 8136 10533 6372 2354 5289 2001 1323 6890 1764 1573 755
is_linear=0
shrinkage=0.05


Tree=53
num_leaves=15
num_cat=0
split_feature=0 28 0 31 39 29 16 45 1 7 31 5 10 44
split_gain=6252.51 1843.01 1070.19 475.182 378.513 344.035 286.237 348.759 282.644 276.566 272.779 250.883 348.25 242.708
threshold=17.562500000000004 9.5243055555555589 29.145833333333339 6.5000000000000009 38.500000000000007 0.70583074212078245 -0.22252093395631442 11.500000000000002 31.604166666666668 0.19495827637275007 1.0000000180025095e-35 0.97916666666666685 3.5000000000000004 1.5000000000000002
decision_type=2 2 2 2 2 2 2 10 2 2 2 2 2 2
left_child=1 5 4 10 6 -1 11 -8 -6 -5 -3 12 -2 -4
right_child=2 3 13 9 8 -7 7 -9 -10 -11 -12 -13 -14 -15
leaf_value=-0.046827570752858823 0.024051795891993574 -0.044377236486595181 0.054232942677144007 0.0056171554680885197 0.029197369007302788 -0.025660810972723103 0.013080639540032616 0.048550281133079562 0.064055286554231705 0.04785642117489057 -0.0057231997455557578 0.025387372266637953 -0.029754293207793804 0.093518041503061089
leaf_weight=3519 479 482 921 1042 1608 4224 1601 1222 911 617 8599 841 808 686
leaf_count=3519 479 482 921 1042 1608 4224 1601 1222 911 617 8599 841 808 686
internal_value=3.83524e-06 -0.0166856 0.0339877 -0.00327962 0.0260247 -0.0352806 0.0179965 0.0284345 0.0418038 0.0213264 -0.00777487 0.00414949 -0.00972856 0.0710031
internal_weight=27560 18483 9077 10740 7470 7743 4951 2823 2519 1659 9081 2128 1287 1607
internal_count=27560 18483 9077 10740 7470 7743 4951 2823 2519 1659 9081 2128 1287 1607
is_linear=0
shrinkage=0.05


Tree=54
num_leaves=15
num_cat=1
split_feature=1 0 31 39 50 1 31 32 0 0 31 37 31 15
split_gain=5689.11 1599.36 1228.45 671.543 413.261 347.876 331.728 303.154 241.317 233.717 229.075 266.008 228.523 214.302
threshold=19.645833333333339 8.7708333333333339 8.5000000000000018 34.500000000000007 0 31.437500000000004 2.5000000000000004 1.5000000000000002 30.895833333333339 11.812500000000002 14.500000000000002 66.162500000000023 2.5000000000000004 -0.8783796973249266
decision_type=2 2 2 2 1 2 2 2 2 2 2 2 2 2
left_child=1 7 3 4 12 -4 -6 -1 13 -3 11 -7 -2 -5
right_child=2 9 5 8 6 10 -8 -9 -10 -11 -12 -13 -14 -15
leaf_value=-0.04379389126434545 0.0043404774008130483 -0.013428025020698911 0.034218863938205439 0.0029598221408240586 -0.035662696843281529 0.050192219755472403 0.0072855222646128403 -0.021741934302895137 0.080427740563616346 0.0011822461100904629 0.11981621118201341 0.095338552885733188 0.05297798527463693 0.042311414715171698
leaf_weight=4314 366 4758 762 424 530 862 2964 2440 336 6445 244 525 710 1880
leaf_count=4314 366 4758 762 424 530 862 2964 2440 336 6445 244 525 710 1880
internal_value=3.64362e-06 -0.016609 0.0310683 0.0207656 0.00916762 0.0621096 0.000768567 -0.0358272 0.0408425 -0.00502285 0.0751402 0.0672808 0.0360985 0.0350696
internal_weight=27560 17957 9603 7210 4570 2393 3494 6754 2640 11203 1631 1387 1076 2304
internal_count=27560 17957 9603 7210 4570 2393 3494 6754 2640 11203 1631 1387 1076 2304
cat_boundaries=0 1
cat_threshold=32
is_linear=0
shrinkage=0.05


Tree=55
num_leaves=15
num_cat=1
split_feature=1 28 0 31 31 1 50 31 6 16 34 38 15 37
split_gain=5158.65 1352.27 953.082 546.987 506.054 328.969 303.282 313.712 278.304 251.157 250.114 239.731 224.769 237.22
threshold=17.187500000000004 23.44444444444445 6.8958333333333348 1.5000000000000002 5.5000000000000009 35.937500000000007 0 6.5000000000000009 0.99799999199996814 -0.22252093395631442 8.5000000000000018 93.500000000000014 -0.8783796973249266 84.46250000000002
decision_type=2 2 2 2 2 2 1 2 2 2 2 2 2 2
left_child=2 3 -1 -2 12 -6 10 8 -8 11 -5 -7 -3 -14
right_child=1 4 -4 6 5 9 7 -9 -10 -11 -12 -13 13 -15
leaf_value=-0.038133061426451904 -0.028451613637762482 -0.017407725529138076 -0.011194984217322842 0.02436790711208589 0.045132723369109486 -0.030604099534038046 -0.010030547223140248 0.022393754015524625 0.025556180773527001 0.10175139084158386 0.07504071632741087 0.06920325848988966 -0.0038954237783264348 0.049670028291794371
leaf_weight=5037 745 274 9432 2881 1347 72 2329 2450 719 652 266 366 294 696
leaf_count=5037 745 274 9432 2881 1347 72 2329 2450 719 652 266 366 294 696
internal_value=3.46136e-06 0.0227456 -0.0205728 0.0126567 0.0483426 0.061658 0.0161993 0.00905564 -0.00163591 0.0820796 0.0285603 0.0527966 0.0226704 0.0337627
internal_weight=27560 13091 14469 9390 3701 2437 8645 5498 3048 1090 3147 438 1264 990
internal_count=27560 13091 14469 9390 3701 2437 8645 5498 3048 1090 3147 438 1264 990
cat_boundaries=0 1
cat_threshold=224
is_linear=0
shrinkage=0.05


Tree=56
num_leaves=15
num_cat=1
split_feature=0 28 1 31 39 16 50 31 4 44 6 32 7 30
split_gain=4683.3 1342.41 762.012 450.051 448.855 382.196 342.536 297.16 263.719 262.204 251.582 200.447 264.342 184.783
threshold=12.72916666666667 23.44444444444445 8.9791666666666696 10.500000000000002 24.500000000000004 -0.22252093395631442 0 1.0000000180025095e-35 0.97916666666666685 1.0000000180025095e-35 0.99799999199996814 5.5000000000000009 0.27652973435419764 0.047619047619047658
decision_type=2 2 2 2 2 2 1 2 2 2 2 2 2 2
left_child=2 4 -1 5 10 8 -7 -4 -3 -6 -2 -9 -13 -11
right_child=1 3 7 -5 9 6 -8 11 -10 13 -12 12 -14 -15
leaf_value=-0.037279102423015721 -0.010277635056339305 0.0039432277868981383 -0.043322333635353899 0.079743951513269851 0.011905474107430182 0.085790612558815663 0.035755719716000021 -0.011884033685091333 0.056770527905497997 0.051657135984983643 0.019684114868707039 -0.014284313151198795 0.051078869266600324 0.021637695303164978
leaf_weight=4674 2804 973 712 787 4410 541 1067 7558 312 831 934 316 303 1338
leaf_count=4674 2804 973 712 787 4410 541 1067 7558 312 831 934 316 303 1338
internal_value=3.28832e-06 0.0202926 -0.0209352 0.0462193 0.0110447 0.0370994 0.0533455 -0.0123413 0.0167698 0.0189058 -0.00279121 -0.00964369 0.0177109 0.0331389
internal_weight=27560 13997 13563 3680 10317 2893 1608 8889 1285 6579 3738 8177 619 2169
internal_count=27560 13997 13563 3680 10317 2893 1608 8889 1285 6579 3738 8177 619 2169
cat_boundaries=0 1
cat_threshold=32
is_linear=0
shrinkage=0.05


Tree=57
num_leaves=15
num_cat=1
split_feature=1 1 39 10 45 1 4 10 31 31 50 6 6 28
split_gain=4241.37 1206.81 986.75 495.793 617.919 398.762 378.897 395.612 327.337 251.478 240.229 236.716 213.225 212.796
threshold=19.645833333333339 10.35416666666667 37.500000000000007 3.5000000000000004 11.500000000000002 35.937500000000007 0.97916666666666685 5.5000000000000009 2.5000000000000004 13.500000000000002 0 0.99945175438596501 0.99945175438596501 25.990972222222229
decision_type=2 2 2 2 10 2 2 2 2 2 1 2 2 2
left_child=1 12 3 4 -2 -4 7 10 11 -7 -5 -3 -1 -6
right_child=2 8 5 6 13 9 -8 -9 -10 -11 -12 -13 -14 -15
leaf_value=-0.034750658380986794 0.0034919045622186931 -0.023719978723449841 0.037117814722083635 -0.0050992942387106041 0.037894439925647255 0.065370502959953308 0.03606712699961491 0.017391504463498953 0.0017480179601158442 0.14582327779963475 -0.049712444558158264 0.007400661486991077 -0.011347978408456834 0.082416863420303493
leaf_weight=5717 1627 2721 2665 554 1587 892 487 677 7558 109 682 788 1173 323
leaf_count=5717 1627 2721 2665 554 1587 892 487 677 7558 109 682 788 1173 323
internal_value=5.32895e-06 -0.0143387 0.0268277 0.0142331 0.0261353 0.0472243 -0.00330761 -0.0133314 -0.00411122 0.0741311 -0.0301594 -0.0167314 -0.0307664 0.0454236
internal_weight=27560 17957 9603 5937 3537 3666 2400 1913 11067 1001 1236 3509 6890 1910
internal_count=27560 17957 9603 5937 3537 3666 2400 1913 11067 1001 1236 3509 6890 1910
cat_boundaries=0 1
cat_threshold=44
is_linear=0
shrinkage=0.05


Tree=58
num_leaves=15
num_cat=0
split_feature=1 31 0 37 1 31 1 6 31 31 37 31 5 16
split_gain=3852.66 1063.29 711.05 500.367 473.563 363.718 336.384 322.167 264.418 258.387 262.356 243.236 211.78 167.956
threshold=17.187500000000004 7.5000000000000009 4.7708333333333348 86.362500000000011 31.437500000000004 2.5000000000000004 37.270833333333336 0.99799999199996814 3.5000000000000004 11.500000000000002 88.112500000000011 1.0000000180025095e-35 0.60416666666666685 -0.22252093395631442
decision_type=2 2 2 2 2 2 2 2 2 2 2 2 2 2
left_child=2 3 -1 7 12 13 -7 8 -2 10 -6 -4 -3 -5
right_child=1 4 11 5 9 6 -8 -9 -10 -11 -12 -13 -14 -15
leaf_value=-0.035837489366740152 -0.022201352508351636 0.048513170480444442 -0.037421386732773773 -0.022216909717863952 0.032187484405652729 0.023611674099730959 0.063997311701503398 0.025996394027374317 0.0035646449565153154 0.082072373401073706 0.081211379565348907 -0.0087872068621297622 0.01156404094813673 0.018156245920135042
leaf_weight=3959 1480 556 803 468 1040 1810 721 1040 3043 708 370 9707 1282 573
leaf_count=3959 1480 556 803 468 1040 1810 721 1040 3043 708 370 9707 1282 573
internal_value=4.06809e-06 0.0196577 -0.0177778 0.0102803 0.0413116 0.0248839 0.0351162 0.000903373 -0.00486641 0.057427 0.0450519 -0.010975 0.0227413 5.77826e-06
internal_weight=27560 13091 14469 9135 3956 3572 2531 5563 4523 2118 1410 10510 1838 1041
internal_count=27560 13091 14469 9135 3956 3572 2531 5563 4523 2118 1410 10510 1838 1041
is_linear=0
shrinkage=0.05


Tree=59
num_leaves=15
num_cat=1
split_feature=0 0 26 39 10 50 4 31 7 10 31 1 37 31
split_gain=3501.3 1035.41 570.682 389.102 412.664 405.796 302.756 283.395 293.315 231.668 229.114 213.4 202.026 242.44
threshold=12.72916666666667 21.729166666666668 6.1473214285714297 42.500000000000007 3.5000000000000004 0 0.97916666666666685 8.5000000000000018 0.085685828116107046 5.5000000000000009 1.0000000180025095e-35 35.937500000000007 87.46250000000002 2.5000000000000004
decision_type=2 2 2 2 2 1 2 2 2 2 2 2 2 2
left_child=2 7 -1 4 5 -3 9 12 -9 -6 -4 -5 13 -2
right_child=1 3 10 11 6 -7 -8 8 -10 -11 -12 -13 -14 -15
leaf_value=-0.033466960827359914 -0.024912294560049106 0.084899719939555904 -0.036639208775861708 0.042457068024826961 -0.026731986093878599 0.027274101101121558 0.046880118739867555 0.010428379505610874 0.058096823731245952 0.027594277162736814 -0.0088502024888475229 0.079026986209717154 0.018225712213705048 0.0038068751012028598
leaf_weight=4180 858 404 812 1132 656 1320 305 830 528 280 8571 616 1948 5120
leaf_count=4180 858 404 812 1132 656 1320 305 830 528 280 8571 616 1948 5120
internal_value=3.86472e-06 0.0175469 -0.0181006 0.0366335 0.0256026 0.0414287 0.00361696 0.00785769 0.0289622 -0.0104805 -0.011255 0.0553444 0.00424175 -0.00031508
internal_weight=27560 13997 13563 4713 2965 1724 1241 9284 1358 936 9383 1748 7926 5978
internal_count=27560 13997 13563 4713 2965 1724 1241 9284 1358 936 9383 1748 7926 5978
cat_boundaries=0 1
cat_threshold=32
is_linear=0
shrinkage=0.05


Tree=60
num_leaves=15
num_cat=0
split_feature=1 31 28 0 37 16 6 4 31 1 6 39 31 31
split_gain=3161.35 891.312 596.306 461.456 412.322 312.717 279.601 267.9 327.947 225.663 171.632 169.296 166.51 164.76
threshold=17.187500000000004 6.5000000000000009 8.6520833333333353 29.145833333333339 86.362500000000011 -0.22252093395631442 0.99799999199996814 0.81250000000000011 12.500000000000002 37.270833333333336 0.99945175438596501 17.500000000000004 1.5000000000000002 2.5000000000000004
decision_type=2 2 2 2 2 2 2 2 2 2 2 2 2 2
left_child=2 4 -1 7 6 10 12 8 -3 -7 13 -4 -2 -6
right_child=1 3 11 -5 5 9 -8 -9 -10 -11 -12 -13 -14 -15
leaf_value=-0.027847585618662719 -0.040837065475749446 0.031348690341094457 -0.018183302996938346 0.061955778125032425 -0.028885906901714643 0.024248479806625638 0.024658265208388801 0.010969539646390476 0.099653212887025319 0.064706687995655154 0.047441415130331413 -0.0026220326214796297 -0.0047445347950056298 0.0096339625660994271
leaf_weight=6186 352 2198 2506 1136 421 1340 787 1729 191 464 191 5777 3467 815
leaf_count=6186 352 2198 2506 1136 421 1340 787 1729 191 464 191 5777 3467 815
internal_value=5.70658e-06 0.017809 -0.016102 0.0337431 0.00712658 0.0208198 -0.00247892 0.0259603 0.0368096 0.0346546 0.00333008 -0.00733005 -0.00807121 -0.00348648
internal_weight=27560 13091 14469 5254 7837 3231 4606 4118 2389 1804 1427 8283 3819 1236
internal_count=27560 13091 14469 5254 7837 3231 4606 4118 2389 1804 1427 8283 3819 1236
is_linear=0
shrinkage=0.05


Tree=61
num_leaves=15
num_cat=1
split_feature=0 0 0 50 15 31 42 31 39 16 6 32 6 6
split_gain=2872.71 868.459 478.961 373.894 428.67 363.488 232.259 227.367 221.855 177.109 175.972 175.2 183.65 150.262
threshold=12.72916666666667 20.645833333333339 4.4375000000000009 0 1.0000000180025095e-35 14.500000000000002 83.214285714285737 1.0000000180025095e-35 31.500000000000004 1.0000000180025095e-35 0.86369648869648874 6.5000000000000009 0.72526757097069605 0.99945175438596501
decision_type=2 2 2 1 2 2 2 2 2 2 2 2 2 2
left_child=2 8 -1 4 9 6 -5 -4 13 -3 -7 -9 -13 -2
right_child=1 3 7 5 -6 10 -8 11 -10 -11 -12 12 -14 -15
leaf_value=-0.031263679604209699 -0.0055339080747624147 0.0057246007044984802 -0.03504557472886586 -0.026046612214920439 0.092369178629835014 0.15087175590834068 0.023797934693615682 -0.0093592887812169023 0.016497851432471549 0.059042561689059581 0.057533148879003598 0.069113168161286903 -0.011069129380410997 0.013597550045568469
leaf_weight=3870 3931 342 857 248 491 67 4056 8550 2982 286 205 148 138 1389
leaf_count=3870 3931 342 857 248 491 67 4056 8550 2982 286 205 148 138 1389
internal_value=5.42122e-06 0.0158959 -0.0163935 0.0309332 0.056862 0.0244151 0.0209259 -0.0104565 0.00558056 0.0300063 0.0805246 -0.00807161 0.0304238 -0.000538871
internal_weight=27560 13997 13563 5695 1119 4576 4304 9693 8302 628 272 8836 286 5320
internal_count=27560 13997 13563 5695 1119 4576 4304 9693 8302 628 272 8836 286 5320
cat_boundaries=0 1
cat_threshold=32
is_linear=0
shrinkage=0.05


Tree=62
num_leaves=15
num_cat=1
split_feature=1 1 31 16 4 45 10 45 21 32 31 6 1 50
split_gain=2615.67 764.507 707.536 480.426 482.937 476.389 351.069 278.587 254.384 250.027 227.219 280.062 189.367 179.085
threshold=19.645833333333339 10.35416666666667 9.5000000000000018 -0.22252093395631442 0.97916666666666685 11.500000000000002 3.5000000000000004 17.500000000000004 28.020833333333339 2.5000000000000004 4.5000000000000009 0.99945175438596501 35.937500000000007 0
decision_type=2 2 2 2 2 8 2 10 2 2 2 2 2 1
left_child=1 -1 3 4 6 -5 7 -2 -7 -8 11 -3 -4 -11
right_child=2 10 12 5 -6 8 9 -9 -10 13 -12 -13 -14 -15
leaf_value=-0.024334487011195637 -0.0095843182632715847 -0.014856416585776071 0.038247993702882815 0.0066310748963738404 0.031682827199024342 0.033360790460941231 -0.051897363169257249 0.049307565849127009 0.079199481356432636 -0.043517728664109634 0.0061482292024983851 0.0076482251491384158 0.07327510880520792 0.00119857675215261
leaf_weight=6890 459 5019 1145 1907 916 2198 538 357 351 294 4140 1908 582 856
leaf_count=6890 459 5019 1145 1907 916 2198 538 357 351 294 4140 1908 582 856
internal_value=5.15017e-06 -0.0112593 0.0210689 0.0147136 0.000617797 0.0255322 -0.0107462 0.0161809 0.0396728 -0.0237632 -0.00311899 -0.00865765 0.0500522 -0.0106012
internal_weight=27560 17957 9603 7876 3420 4456 2504 816 2549 1688 11067 6927 1727 1150
internal_count=27560 17957 9603 7876 3420 4456 2504 816 2549 1688 11067 6927 1727 1150
cat_boundaries=0 1
cat_threshold=1
is_linear=0
shrinkage=0.05


Tree=63
num_leaves=15
num_cat=2
split_feature=31 28 0 50 50 6 31 1 24 38 15 20 39 45
split_gain=2364.24 895.062 700.955 343.617 334.691 295.49 278.426 273.623 210.984 201.761 177.023 150.738 136.976 136.138
threshold=4.5000000000000009 20.574305555555558 8.8541666666666696 0 1 0.99799999199996814 9.5000000000000018 12.35416666666667 18.520833333333339 93.500000000000014 1.0000000180025095e-35 12.145833333333334 53.500000000000007 22.500000000000004
decision_type=2 2 2 1 1 2 2 2 2 2 2 2 2 10
left_child=2 7 -1 10 13 9 12 -2 -7 -6 -3 -9 -5 -4
right_child=1 3 4 6 5 8 -8 11 -10 -11 -12 -13 -14 -15
leaf_value=-0.025308161432169043 -0.012511005900158767 0.041148315809737601 0.009885884061959711 0.014400632857503315 -0.022508032194140829 0.0020310914860333178 0.048566102664930229 0.031590330140527527 0.074331265211637534 -0.0018422983789969092 0.09100052187054912 0.0083479819482173683 0.051894299452956295 0.053804304198099256
leaf_weight=6263 1468 327 1855 2020 3487 2587 1209 817 105 1786 391 4773 277 195
leaf_count=6263 1468 327 1855 2020 3487 2587 1209 817 105 1786 391 4773 277 195
internal_value=4.12497e-06 0.0175949 -0.0121877 0.0357995 -0.00398267 -0.00861651 0.0290616 0.00669992 0.00485112 -0.0155084 0.0673581 0.0117449 0.0189221 0.0139952
internal_weight=27560 11282 16278 4224 10015 7965 3506 7058 2692 5273 718 5590 2297 2050
internal_count=27560 11282 16278 4224 10015 7965 3506 7058 2692 5273 718 5590 2297 2050
cat_boundaries=0 1 2
cat_threshold=32 32
is_linear=0
shrinkage=0.05


Tree=64
num_leaves=15
num_cat=1
split_feature=1 1 39 16 45 5 10 45 1 39 50 31 45 0
split_gain=2150.11 633.555 617.974 339.982 357.914 313.554 257.313 244.403 241.048 199.922 197.824 184.823 154.624 145.415
threshold=19.645833333333339 10.35416666666667 37.500000000000007 -0.22252093395631442 11.500000000000002 0.97916666666666685 3.5000000000000004 18.500000000000004 35.937500000000007 17.500000000000004 0 13.500000000000002 20.500000000000004 27.729166666666668
decision_type=2 2 2 2 10 2 2 8 2 2 1 2 10 2
left_child=1 -1 3 5 -5 6 7 -2 -4 -3 -8 12 -10 -6
right_child=2 9 8 4 13 -7 10 -9 11 -11 -12 -13 -14 -15
leaf_value=-0.022111769476113031 -0.013190002704556275 -0.014359684903461251 0.02738493491985812 0.0016654993670511824 0.028845434317794301 0.032552587059139597 -0.0044069986826044049 0.04465084311197013 0.036489383557853396 0.0011077925201644933 -0.043683322027470911 0.11762343691576511 0.084282711152672482 0.070548510285637661
leaf_weight=6890 453 2795 2665 1545 1620 461 588 306 665 8272 724 109 227 240
leaf_count=6890 453 2795 2665 1545 1620 461 588 306 665 8272 724 109 227 240
internal_value=3.91868e-06 -0.0102089 0.0191013 0.0091343 0.0194521 -0.00474096 -0.0130424 0.0101292 0.0352426 -0.00279856 -0.0264474 0.0561624 0.048652 0.0342265
internal_weight=27560 17957 9603 5937 3405 2532 2071 759 3666 11067 1312 1001 892 1860
internal_count=27560 17957 9603 5937 3405 2532 2071 759 3666 11067 1312 1001 892 1860
cat_boundaries=0 1
cat_threshold=44
is_linear=0
shrinkage=0.05


Tree=65
num_leaves=15
num_cat=1
split_feature=31 28 37 31 1 6 50 1 16 18 45 20 42 20
split_gain=1990.4 738.654 580.474 364.799 276.764 275.018 263.216 252.712 209.547 148.32 145.572 153.361 139.34 138.737
threshold=4.5000000000000009 22.814583333333335 56.51250000000001 1.5000000000000002 12.35416666666667 0.99617589424117481 0 35.937500000000007 -0.22252093395631442 -0.24999999999999994 19.500000000000004 12.937500000000002 135.35714285714286 29.145833333333339
decision_type=2 2 2 2 2 2 1 2 2 2 10 2 2 2
left_child=2 4 -1 5 -2 -4 -5 -3 9 -9 11 -6 13 -8
right_child=1 7 3 6 10 -7 12 8 -10 -11 -12 -13 -14 -15
leaf_value=-0.027177236322562595 -0.011392279459945148 0.024549453417459222 -0.026570104793051677 0.018374561058407481 0.026957790432787499 0.0079690963225156116 -0.005617427881680773 -0.0045350770795004281 0.069943897201839814 0.04952671327262706 0.03059830360780609 0.0057385331780311841 0.018900058605980569 -0.077944436178320267
leaf_weight=4207 1468 1766 2738 1567 1039 730 6373 201 785 344 960 4719 596 67
leaf_count=4207 1468 1766 2738 1567 1039 730 6373 201 785 344 960 4719 596 67
internal_value=2.85026e-06 0.016143 -0.0111836 -0.00560952 0.00827508 -0.0192997 -9.07855e-05 0.0369464 0.0534072 0.0295883 0.0125727 0.00956743 -0.00422335 -0.0063699
internal_weight=27560 11282 16278 12071 8186 3468 8603 3096 1330 545 6718 5758 7036 6440
internal_count=27560 11282 16278 12071 8186 3468 8603 3096 1330 545 6718 5758 7036 6440
cat_boundaries=0 1
cat_threshold=32
is_linear=0
shrinkage=0.05


Tree=66
num_leaves=15
num_cat=2
split_feature=31 28 0 50 50 6 31 1 24 38 1 15 20 32
split_gain=1796.26 673.645 531.363 297.489 254.918 252.187 230.124 190.184 177.987 174.241 150.215 150.201 143.537 132.444
threshold=4.5000000000000009 19.929861111111116 9.6458333333333339 0 1 0.99799999199996814 13.500000000000002 12.35416666666667 18.520833333333339 94.500000000000014 37.479166666666679 1.0000000180025095e-35 12.145833333333334 1.0000000180025095e-35
decision_type=2 2 2 1 1 2 2 2 2 2 2 2 2 2
left_child=2 7 13 11 -4 9 -5 -2 -7 -6 -8 -3 -9 -1
right_child=1 3 4 6 5 8 10 12 -10 -11 -12 -13 -14 -15
leaf_value=-0.030814393693583266 -0.010822665516625867 0.035160734105262569 0.013227096768997146 0.020392042851943688 -0.020857797870070405 0.0029669370292243384 0.041695776941137019 0.028958777218153493 0.069469966121638818 -0.00058910676505892956 0.11197269127335188 0.080834796700527844 0.0059773349159078929 -0.016193470246449904
leaf_weight=2283 1468 330 1969 3580 3080 2407 269 806 105 1617 106 396 4327 4817
leaf_count=2283 1468 330 1969 3580 3080 2407 269 806 105 1617 106 396 4327 4817
internal_value=3.04109e-06 0.0153359 -0.0106239 0.0298446 -0.00267841 -0.00703128 0.0242342 0.00504727 0.00574672 -0.0138801 0.0615607 0.0592576 0.00958595 -0.0208948
internal_weight=27560 11282 16278 4681 9178 7209 3955 6601 2512 4697 375 726 5133 7100
internal_count=27560 11282 16278 4681 9178 7209 3955 6601 2512 4697 375 726 5133 7100
cat_boundaries=0 1 2
cat_threshold=32 32
is_linear=0
shrinkage=0.05


Tree=67
num_leaves=15
num_cat=2
split_feature=31 0 28 50 6 24 31 29 50 31 45 15 32 39
split_gain=1627.33 584.322 507.714 300.505 200.106 217.573 207.914 179.945 176.791 163.174 148.012 198.382 147.093 123.07
threshold=5.5000000000000009 9.6458333333333339 22.814583333333335 0 0.99799999199996814 18.520833333333339 2.5000000000000004 2.1663152700051294 1 14.500000000000002 21.500000000000004 -0.8783796973249266 1.5000000000000002 29.500000000000004
decision_type=2 2 2 1 2 2 2 2 1 2 10 2 2 2
left_child=1 12 7 10 6 -6 -5 -2 -4 -10 -3 -12 -1 -8
right_child=2 3 8 4 5 -7 13 -9 9 -11 11 -13 -14 -15
leaf_value=-0.024465572909678605 0.00040015042822075719 0.010065575042558372 0.063540840913874366 -0.024400956474926655 0.0017149593489584392 0.056630227814700146 -0.010515652778116049 0.017992859844741176 0.025155315281684035 0.070211005022117343 -0.026130617649989647 0.069101317539447218 -0.010011649991285397 0.0075060178535245881
leaf_weight=4659 2685 2023 491 1856 2977 192 2747 3169 1953 224 71 238 2829 1446
leaf_count=4659 2685 2023 491 1856 2977 192 2747 3169 1953 224 71 238 2829 1446
internal_value=3.12903e-06 -0.0081257 0.0181628 -0.00107264 -0.00513031 0.00504211 -0.010468 0.00992377 0.0362405 0.0296551 0.0149246 0.0472195 -0.0190048 -0.00430069
internal_weight=27560 19038 8522 11550 9218 3169 6049 5854 2668 2177 2332 309 7488 4193
internal_count=27560 19038 8522 11550 9218 3169 6049 5854 2668 2177 2332 309 7488 4193
cat_boundaries=0 1 2
cat_threshold=32 32
is_linear=0
shrinkage=0.05


Tree=68
num_leaves=15
num_cat=1
split_feature=26 38 1 15 28 16 45 5 31 45 31 50 31 1
split_gain=1484.8 551.073 321.731 376.062 278.173 226.009 260.029 188.859 167.498 150.163 129.769 120.522 119.726 106.383
threshold=13.251488095238097 103.50000000000001 35.937500000000007 -0.8783796973249266 0.7020833333333335 -0.22252093395631442 16.500000000000004 0.97916666666666685 1.0000000180025095e-35 7.5000000000000009 1.5000000000000002 0 13.500000000000002 57.437500000000007
decision_type=2 2 2 2 2 2 10 2 2 10 2 1 2 2
left_child=4 5 -3 -4 -1 7 -7 10 -6 -5 -2 -12 -11 -8
right_child=1 2 3 9 8 6 13 -9 -10 12 11 -13 -14 -15
leaf_value=-0.024707190786684461 -0.052680462007955113 0.015637083150359481 -0.015040659935650777 0.0020149365280761975 -0.027078084809612435 0.0019406903575701934 0.024541701166709947 0.011455910750483383 -0.0057212749568380863 0.053652945748631546 -0.0011272147271266281 -0.026702468876173786 0.11259799608663518 0.068900222991158194
leaf_weight=3170 231 5765 245 131 1017 2922 709 783 9438 1031 1010 847 94 167
leaf_count=3170 231 5765 245 131 1017 2922 709 783 9438 1031 1010 847 94 167
internal_value=4.12537e-06 0.0114798 0.0210057 0.0416252 -0.0117327 0.00110123 0.00910403 -0.00948554 -0.00779874 0.0526786 -0.0173386 -0.0129423 0.0585781 0.0329982
internal_weight=27560 13935 7266 1501 13625 6669 3798 2871 10455 1256 2088 1857 1125 876
internal_count=27560 13935 7266 1501 13625 6669 3798 2871 10455 1256 2088 1857 1125 876
cat_boundaries=0 1
cat_threshold=44
is_linear=0
shrinkage=0.05


Tree=69
num_leaves=15
num_cat=2
split_feature=31 37 28 31 50 6 50 31 34 45 29 6 31 15
split_gain=1366.73 498.289 426.123 345.681 251.73 225.146 161.519 163.551 129.543 127.22 127.083 120.88 117.568 116.425
threshold=5.5000000000000009 56.01250000000001 20.815972222222225 1.5000000000000002 0 0.99945175438596501 1 14.500000000000002 5.5000000000000009 21.500000000000004 2.1663152700051294 0.86369648869648874 8.5000000000000018 1.0000000180025095e-35
decision_type=2 2 2 2 1 2 1 2 2 10 2 2 2 2
left_child=1 -1 10 5 9 -3 13 -8 -6 -5 -2 -9 -12 -4
right_child=2 3 6 4 8 -7 7 11 -10 -11 12 -13 -14 -15
leaf_value=-0.021911898600421448 -0.00029228288621240841 -0.023042403656329015 0.029902676746058794 0.01284449394532756 -0.0056696605699420206 0.0084486123413790599 0.021730679446073337 0.12359078251174652 0.0078563282677255736 0.050745121712120728 0.0087922542163176489 0.043468117504576853 0.033205292879849947 0.07657516990008148
leaf_weight=4535 2603 2783 236 1681 6660 713 2670 64 2411 255 1781 178 682 308
leaf_count=4535 2603 2783 236 1681 6660 713 2670 64 2411 255 1781 178 682 308
internal_value=3.41418e-06 -0.00744618 0.0166457 -0.00292284 0.00142757 -0.0166199 0.0301824 0.0252115 -0.00207228 0.0177449 0.00741102 0.0646576 0.0155522 0.0553108
internal_weight=27560 19038 8522 14503 11007 3496 3456 2912 9071 1936 5066 242 2463 544
internal_count=27560 19038 8522 14503 11007 3496 3456 2912 9071 1936 5066 242 2463 544
cat_boundaries=0 1 2
cat_threshold=32 32
is_linear=0
shrinkage=0.05


Tree=70
num_leaves=15
num_cat=1
split_feature=31 28 4 16 45 50 1 31 6 37 6 15 42 45
split_gain=1251.33 604.706 420.698 252.351 461.607 233.612 227.467 216.417 156.061 154.504 137.261 126.937 124.381 112.161
threshold=3.5000000000000004 20.057638888888892 0.97916666666666685 -0.22252093395631442 9.5000000000000018 0 11.35416666666667 9.5000000000000018 0.99945175438596501 91.86041666666668 0.62369564822880375 1.0000000180025095e-35 132.21428571428575 27.500000000000004
decision_type=2 2 2 2 8 1 2 2 2 2 2 2 2 10
left_child=2 6 3 -1 -5 11 -2 8 13 -6 -9 12 -3 -7
right_child=1 5 -4 4 9 7 -8 10 -10 -11 -12 -13 -14 -15
leaf_value=-0.026123213278449017 -0.013336452647655773 0.0057162632478139136 0.003740853103601303 -0.020059771273024954 0.0028315773875145665 0.0016804160782630858 0.0062428910756388047 0.085166681029899854 0.039595515585733453 0.037293584767196228 0.030446552462713022 0.065548618821876833 0.060789742329762433 0.027548428022619056
leaf_weight=4104 1842 256 3388 3574 1375 2092 7620 127 423 426 1174 464 171 524
leaf_count=4104 1842 256 3388 3574 1375 2092 7620 127 423 426 1174 464 171 524
internal_value=3.24347e-06 0.00997333 -0.0113817 -0.0167869 -0.00965826 0.0236156 0.00243131 0.0186805 0.0114181 0.0109831 0.0357882 0.0469178 0.0277715 0.00686193
internal_weight=27560 14693 12867 9479 5375 5231 9462 4340 3039 1801 1301 891 427 2616
internal_count=27560 14693 12867 9479 5375 5231 9462 4340 3039 1801 1301 891 427 2616
cat_boundaries=0 1
cat_threshold=32
is_linear=0
shrinkage=0.05


Tree=71
num_leaves=15
num_cat=0
split_feature=31 28 6 37 24 31 1 1 16 31 18 37 20 45
split_gain=1130.01 420.725 372.289 304.604 213.213 190.507 169.572 157.246 165.704 152.95 126.523 116.527 111.877 129.733
threshold=4.5000000000000009 22.814583333333335 0.99799999199996814 89.808333333333351 15.139880952380954 1.5000000000000002 12.35416666666667 35.937500000000007 -0.22252093395631442 1.0000000180025095e-35 -0.24999999999999994 58.862500000000004 12.145833333333334 19.500000000000004
decision_type=2 2 2 2 2 2 2 2 2 2 2 2 2 10
left_child=2 6 3 5 -4 -1 -2 -3 10 -5 -9 -7 -8 -14
right_child=1 7 4 9 -6 11 12 8 -10 -11 -12 -13 13 -15
leaf_value=-0.025212248280744851 -0.0091682306934890018 0.018085918750755558 0.00053353268401187283 -0.033099752577408305 0.033159593422261831 -0.018955160387934697 0.026624118535219302 -0.011848154791459368 0.055554699850656843 0.006930023401824555 0.038083509766155932 -0.0056225469744328261 0.0039384183906228578 0.02435616531311827
leaf_weight=3649 1468 1766 2552 265 623 2763 843 201 785 2398 344 4028 4952 923
leaf_count=3649 1468 1766 2552 265 623 2763 843 201 785 2398 344 4028 4952 923
internal_value=3.08129e-06 0.0121644 -0.00842569 -0.0121479 0.00693543 -0.0159981 0.00622636 0.0278648 0.0408494 0.00294659 0.0196683 -0.0110471 0.00959034 0.00714618
internal_weight=27560 11282 16278 13103 3175 10440 8186 3096 1330 2663 545 6791 6718 5875
internal_count=27560 11282 16278 13103 3175 10440 8186 3096 1330 2663 545 6791 6718 5875
is_linear=0
shrinkage=0.05


Tree=72
num_leaves=15
num_cat=1
split_feature=31 37 0 31 50 4 31 16 45 4 31 37 45 15
split_gain=1030.28 385.677 325.304 275.863 230.384 212.344 288.848 144.852 199.885 138.441 128.712 125.26 121.967 120.438
threshold=5.5000000000000009 56.01250000000001 30.645833333333339 1.0000000180025095e-35 0 0.77083333333333337 9.5000000000000018 -0.22252093395631442 20.500000000000004 0.97916666666666685 14.500000000000002 73.387500000000017 21.500000000000004 -0.8783796973249266
decision_type=2 2 2 2 1 2 2 2 10 2 2 2 10 2
left_child=1 -1 5 -3 12 6 11 9 -9 -6 -8 -2 -5 -14
right_child=2 3 -4 4 7 -7 10 8 -10 -11 -12 -13 13 -15
leaf_value=-0.019191634934245059 0.0036988245350080837 -0.026106298506153931 0.040357372176269043 0.0093811776373926986 -0.017105133770609984 0.0014242127002362397 0.037733405689220921 -0.0016270509681447422 0.027385816604023297 0.00028287667616750127 0.10536663720940616 0.024021003076250977 -0.017364499466641557 0.06070016606397699
leaf_weight=4535 1998 1139 1061 2112 2846 3350 814 5534 665 1915 77 1222 63 229
leaf_count=4535 1998 1139 1061 2112 2846 3350 814 5534 665 1915 77 1222 63 229
internal_value=2.92722e-06 -0.00646506 0.0144523 -0.00248553 -0.000472359 0.0107684 0.0183829 -0.00354895 0.00148532 -0.0101112 0.0435783 0.0114112 0.0135126 0.0438574
internal_weight=27560 19038 8522 14503 13364 7461 4111 10960 6199 4761 891 3220 2404 292
internal_count=27560 19038 8522 14503 13364 7461 4111 10960 6199 4761 891 3220 2404 292
cat_boundaries=0 1
cat_threshold=32
is_linear=0
shrinkage=0.05


Tree=73
num_leaves=15
num_cat=1
split_feature=31 28 6 16 45 50 1 31 1 6 6 42 24 15
split_gain=949.45 451.737 336.597 208.728 395.395 194.837 180.734 169.059 158.445 147.706 119.175 117.135 110.281 109.923
threshold=3.5000000000000004 19.929861111111116 0.99799999199996814 -0.22252093395631442 8.5000000000000018 0 11.35416666666667 9.5000000000000018 11.35416666666667 0.99945175438596501 0.62369564822880375 127.07142857142858 15.139880952380954 1.0000000180025095e-35
decision_type=2 2 2 2 8 1 2 2 2 2 2 2 2 2
left_child=2 6 3 -1 -5 11 -2 9 -6 -7 -9 13 -4 -3
right_child=1 5 12 4 8 7 -8 10 -10 -11 -12 -13 -14 -15
leaf_value=-0.021820541063410526 -0.011958088945566063 0.0012862709321656285 0.0026033789585344783 -0.017568766779902559 -0.0048727297334939671 0.0051412063337770656 0.0055149883903235488 0.076347086245771689 0.021827093621008001 0.036532198219910404 0.0259394474351929 0.063052507563618812 0.032966067577331483 0.047778047510802696
leaf_weight=4549 1842 235 2021 3719 1064 2667 7529 130 1163 436 1196 381 351 277
leaf_count=4549 1842 235 2021 3719 1064 2667 7529 130 1163 436 1196 381 351 277
internal_value=2.78088e-06 0.00868738 -0.00991428 -0.0137589 -0.00759131 0.020321 0.00208041 0.0159019 0.00907064 0.00955193 0.0308814 0.0415945 0.00709634 0.026439
internal_weight=27560 14693 12867 10495 5946 5322 9371 4429 2227 3103 1326 893 2372 512
internal_count=27560 14693 12867 10495 5946 5322 9371 4429 2227 3103 1326 893 2372 512
cat_boundaries=0 1
cat_threshold=32
is_linear=0
shrinkage=0.05


Tree=74
num_leaves=15
num_cat=1
split_feature=31 28 4 16 45 50 1 38 1 31 42 15 5 20
split_gain=856.878 408.01 308.329 193.996 361.411 171.566 164.724 159.202 137.551 129.885 104.694 100.007 93.3113 153.512
threshold=3.5000000000000004 20.057638888888892 0.97916666666666685 -0.22252093395631442 8.5000000000000018 0 11.35416666666667 157.50000000000003 11.812500000000002 10.500000000000002 126.78571428571429 1.0000000180025095e-35 0.97916666666666685 32.854166666666679
decision_type=2 2 2 2 8 1 2 2 2 2 2 2 2 2
left_child=2 6 3 -1 -5 10 -2 9 -6 12 11 -3 13 -7
right_child=1 5 -4 4 8 7 -8 -9 -10 -11 -12 -13 -14 -15
leaf_value=-0.022231851809222235 -0.011360184562642303 0.00076652861045721672 0.0035278062246971256 -0.017899839369188573 -0.0046078579197935598 0.0035497179388335391 0.0053014463732425519 0.029979479529991707 0.021430508009776444 0.034925897967607304 0.0595534910542483 0.045340216802179138 0.023278416682981775 -0.053179393368443163
leaf_weight=4104 1842 232 3388 3344 982 1955 7620 1292 1049 418 384 275 548 127
leaf_count=4104 1842 232 3388 3344 982 1955 7620 1292 1049 418 384 275 548 127
internal_value=2.64181e-06 0.00825301 -0.00941857 -0.0140459 -0.0077956 0.019459 0.00205787 0.0152356 0.00884081 0.00903593 0.0394172 0.0249436 0.0049211 8.92966e-05
internal_weight=27560 14693 12867 9479 5375 5231 9462 4340 2031 3048 891 507 2630 2082
internal_count=27560 14693 12867 9479 5375 5231 9462 4340 2031 3048 891 507 2630 2082
cat_boundaries=0 1
cat_threshold=32
is_linear=0
shrinkage=0.05


Tree=75
num_leaves=15
num_cat=1
split_feature=31 50 32 29 4 31 6 45 15 45 10 0 45 0
split_gain=786.103 352.38 272.279 226.486 194.396 132.159 160.413 130.115 189.625 107.204 110.761 100.207 104.589 111.795
threshold=6.5000000000000009 0 1.5000000000000002 2.1352162671118315 0.97916666666666685 12.500000000000002 0.84724035393095465 16.500000000000004 -0.8783796973249266 27.500000000000004 3.5000000000000004 30.312500000000004 27.500000000000004 10.937500000000002
decision_type=2 1 2 2 2 2 2 10 2 10 2 2 10 2
left_child=1 7 4 -2 -3 11 -7 -1 -9 -4 -11 12 13 -5
right_child=3 2 9 5 -6 6 -8 8 -10 10 -12 -13 -14 -15
leaf_value=0.0057006224060001769 0.0016219882870317764 -0.019506382339361389 -0.0037374446958569531 0.063158188567561377 0.0019428234774743409 0.080946718288039926 0.024116056136557606 -0.021380647369327821 0.043784745892637859 0.03897193836832058 -0.002258584306975263 0.036698707276959799 0.039079696690896532 0.009558216231336035
leaf_weight=2193 2009 5321 11065 101 1318 198 333 140 551 307 347 640 394 2643
leaf_count=2193 2009 5321 11065 101 1318 198 333 140 551 307 347 640 394 2643
internal_value=2.50973e-06 -0.00460283 -0.00715413 0.0154863 -0.0152482 0.0219503 0.0453072 0.0116218 0.0305819 -0.00257481 0.0170958 0.0186675 0.01499 0.0115311
internal_weight=27560 21242 18358 6318 6639 4309 531 2884 691 11719 654 3778 3138 2744
internal_count=27560 21242 18358 6318 6639 4309 531 2884 691 11719 654 3778 3138 2744
cat_boundaries=0 1
cat_threshold=32
is_linear=0
shrinkage=0.05


Tree=76
num_leaves=15
num_cat=1
split_feature=31 1 6 16 42 10 16 45 45 1 31 45 1 49
split_gain=711.79 337.993 267.708 213.897 210.148 179.413 168.914 317.272 154.294 141.505 130.533 129.701 127.889 115.104
threshold=3.5000000000000004 22.166666666666668 0.99799999199996814 -0.22252093395631442 135.92857142857147 3.5000000000000004 -0.22252093395631442 9.5000000000000018 17.500000000000004 35.937500000000007 12.500000000000002 16.500000000000004 11.35416666666667 0
decision_type=2 2 2 2 2 2 2 8 8 2 2 10 2 1
left_child=2 12 6 4 5 8 -1 -8 -3 -5 11 -11 -2 -7
right_child=1 3 -4 9 -6 13 7 -9 -10 10 -12 -13 -14 -15
leaf_value=-0.019265078373917246 -0.010517452578392764 -0.010055409611999898 0.0065861112350373762 0.017108679864242832 0.024946159945992946 -0.056006782143152356 -0.014609977673337765 0.009912524995328291 0.040390463979019846 0.014639345176470609 0.085494623604015663 0.048701473567398047 0.004337212846115648 -0.010184698799989539
leaf_weight=4549 1842 288 2372 2261 902 156 3971 1975 320 531 130 590 6790 883
leaf_count=4549 1842 288 2372 2261 902 156 3971 1975 320 531 130 590 6790 883
internal_value=2.38426e-06 0.0075219 -0.00858425 0.016572 0.00554663 -0.00507776 -0.0120129 -0.00646468 0.0164951 0.0245741 0.0380669 0.0325668 0.00116735 -0.0177017
internal_weight=27560 14693 12867 6061 2549 1647 10495 5946 608 3512 1251 1121 8632 1039
internal_count=27560 14693 12867 6061 2549 1647 10495 5946 608 3512 1251 1121 8632 1039
cat_boundaries=0 1
cat_threshold=1
is_linear=0
shrinkage=0.05


Tree=77
num_leaves=15
num_cat=1
split_feature=31 50 31 29 4 34 45 31 45 37 15 10 6 4
split_gain=654.036 308.717 235.739 195.145 140.322 135.675 131.301 120.718 111.684 102.433 96.9933 96.8203 94.4369 91.944
threshold=6.5000000000000009 0 1.5000000000000002 1.8973542381508808 0.93750000000000011 6.5000000000000009 20.500000000000004 9.5000000000000018 22.500000000000004 88.112500000000011 -0.8783796973249266 5.5000000000000009 0.67363470509193013 1.0000000180025095e-35
decision_type=2 1 2 2 2 2 10 2 10 2 2 2 2 2
left_child=1 8 4 -2 -3 11 -7 9 -1 -5 -10 -4 -9 -14
right_child=3 2 5 7 -6 6 -8 12 10 -11 -12 -13 13 -15
leaf_value=0.0075974305352358778 -0.00022576952825943079 -0.020925705899763392 -0.0076393421783989409 0.0082967063255662971 0.0010435892525033073 0.0018493252139541489 0.031739293320934441 0.053862007192228251 -0.019065135142541139 0.03066281603267304 0.052596611684273348 0.0057375703427666284 -0.02090117343916343 0.028052517667621624
leaf_weight=2572 1723 3611 9620 2258 910 2202 441 337 58 662 254 1574 104 1234
leaf_count=2572 1723 3611 9620 2258 910 2202 441 337 58 662 254 1574 104 1234
internal_value=1.06418e-06 -0.00419965 -0.00658773 0.0141245 -0.0165037 -0.00335263 0.00683664 0.0195054 0.0109863 0.0133674 0.0392749 -0.0057584 0.0302057 0.0242474
internal_weight=27560 21242 18358 6318 4521 13837 2643 4595 2884 2920 312 11194 1675 1338
internal_count=27560 21242 18358 6318 4521 13837 2643 4595 2884 2920 312 11194 1675 1338
cat_boundaries=0 1
cat_threshold=32
is_linear=0
shrinkage=0.05


Tree=78
num_leaves=15
num_cat=1
split_feature=31 26 4 50 1 38 15 45 35 31 6 16 41 15
split_gain=594.037 350.355 217.2 153.491 139.701 137.736 115.736 149.707 124.411 105.377 122.681 128.26 105.597 103.044
threshold=2.5000000000000004 19.616071428571434 0.97916666666666685 0 11.35416666666667 157.50000000000003 -0.8783796973249266 18.500000000000004 6.5000000000000009 10.500000000000002 0.99945175438596501 -0.22252093395631442 154.50000000000003 1.0000000180025095e-35
decision_type=2 2 2 1 2 2 2 10 2 2 2 2 2 2
left_child=2 4 6 13 -2 9 -1 8 -8 10 11 12 -5 -3
right_child=1 3 -4 5 -6 -7 7 -9 -10 -11 -12 -13 -14 -15
leaf_value=-0.028413894293600663 -0.0086441320867925199 0.017263539235271051 0.0034883360723460821 -0.01945182049906603 0.0034902462188710925 0.024953461609393778 -0.012805623247914177 0.018647992918022761 -0.070538975727793427 0.028649183793834826 0.027489266836997719 0.0084121860681687349 0.02462611741558382 0.048258741905267827
leaf_weight=1260 3197 547 2147 1010 9191 1344 5256 380 95 457 439 1554 157 526
leaf_count=1260 3197 547 2147 1010 9191 1344 5256 380 95 457 439 1554 157 526
internal_value=1.01099e-06 0.00517106 -0.0104217 0.015051 0.000358699 0.0112634 -0.0146936 -0.0116771 -0.0138306 0.00620762 0.00296212 -0.000995039 -0.0135219 0.0321581
internal_weight=27560 18422 9138 6034 12388 4961 6991 5731 5351 3617 3160 2721 1167 1073
internal_count=27560 18422 9138 6034 12388 4961 6991 5731 5351 3617 3160 2721 1167 1073
cat_boundaries=0 1
cat_threshold=32
is_linear=0
shrinkage=0.05


Tree=79
num_leaves=15
num_cat=1
split_feature=31 50 31 29 34 45 4 31 6 45 10 10 0 45
split_gain=543.293 264.728 196.499 170.903 117.012 117.018 115.803 108.384 145.916 94.2714 90.1794 85.0567 82.1896 89.7641
threshold=6.5000000000000009 0 1.5000000000000002 1.8005321624787245 6.5000000000000009 20.500000000000004 0.93750000000000011 12.500000000000002 0.84724035393095465 23.500000000000004 3.5000000000000004 5.5000000000000009 30.312500000000004 27.500000000000004
decision_type=2 1 2 2 2 10 2 2 2 10 2 2 2 10
left_child=1 9 6 -2 11 -6 -3 12 -9 -1 -7 -4 13 -5
right_child=3 2 4 7 5 10 -8 8 -10 -11 -12 -13 -14 -15
leaf_value=0.0074186053379806027 -0.0010212539388947195 -0.019109379817697572 -0.0070826527481849012 0.0090061214897466033 0.0016688261265268734 0.049832288176102961 0.0008484034918397051 0.072480631142910298 0.019326368939657789 0.038927862889372472 0.0042560402586226181 0.0054553103982221312 0.03136477966791431 0.034268210110810569
leaf_weight=2623 1639 3611 9620 3078 2202 248 910 201 361 261 193 1574 642 397
leaf_count=2623 1639 3611 9620 3078 2202 248 910 201 361 261 193 1574 642 397
internal_value=9.60411e-07 -0.00382764 -0.00603908 0.0128732 -0.00308549 0.00637706 -0.0150922 0.0177403 0.0383371 0.0102347 0.0298862 -0.00531968 0.0149287 0.0118922
internal_weight=27560 21242 18358 6318 13837 2643 4521 4679 562 2884 441 11194 4117 3475
internal_count=27560 21242 18358 6318 13837 2643 4521 4679 562 2884 441 11194 4117 3475
cat_boundaries=0 1
cat_threshold=32
is_linear=0
shrinkage=0.05


Tree=80
num_leaves=15
num_cat=1
split_feature=31 1 43 6 10 45 1 16 1 31 45 37 31 50
split_gain=495.46 286.935 201.601 186.707 160.931 138.029 133.777 136.114 126.199 102.306 98.4165 93.1367 113.817 91.4603
threshold=2.5000000000000004 19.812500000000004 16.071428571428573 0.99945175438596501 3.5000000000000004 22.500000000000004 35.937500000000007 -0.22252093395631442 27.645833333333339 1.0000000180025095e-35 16.500000000000004 66.312500000000014 10.500000000000002 0
decision_type=2 2 2 2 2 10 2 2 2 2 10 2 2 1
left_child=3 -2 4 9 5 -3 -4 11 -6 -1 -9 12 -8 -11
right_child=1 2 6 -5 8 -7 7 10 -10 13 -12 -13 -14 -15
leaf_value=-0.023485882593143496 -0.00096913013111572322 0.0023508352321765513 0.013003681168045907 0.0067462120023904547 0.0071926494938279982 0.031097111866170132 -0.044279975533830902 0.029169463342571235 -0.024778043137369046 -0.0041262899010310354 0.065223039206911762 0.028890903546167357 0.029586551069385476 -0.016657342896210677
leaf_weight=1698 10056 1429 3743 1479 517 590 124 427 766 3386 340 340 90 2575
leaf_count=1698 10056 1429 3743 1479 517 590 124 427 766 3386 340 340 90 2575
internal_value=9.12385e-07 0.00472254 0.011564 -0.00951778 0.00195193 0.0107512 0.0178315 0.0315111 -0.0118951 -0.0126585 0.0451515 0.0126263 -0.0132146 -0.00957425
internal_weight=27560 18422 8366 9138 3302 2019 5064 1321 1283 7659 767 554 214 5961
internal_count=27560 18422 8366 9138 3302 2019 5064 1321 1283 7659 767 554 214 5961
cat_boundaries=0 1
cat_threshold=240
is_linear=0
shrinkage=0.05


Tree=81
num_leaves=15
num_cat=1
split_feature=31 50 6 20 32 25 31 6 37 16 0 45 0 37
split_gain=456.507 227.795 172.836 171.136 158.321 151.217 112.651 96.7368 94.0337 109.286 82.836 81.6058 80.5526 88.985
threshold=6.5000000000000009 0 0.99945175438596501 20.312500000000004 1.5000000000000002 1.106438588086242 14.500000000000002 0.86369648869648874 58.737500000000004 1.0000000180025095e-35 37.187500000000007 22.500000000000004 11.145833333333334 66.162500000000023
decision_type=2 1 2 2 2 2 2 2 2 2 2 10 2 2
left_child=1 11 4 -4 -3 -2 10 -8 -6 -10 12 -1 -7 -14
right_child=5 2 3 -5 8 6 7 -9 9 -11 -12 -13 13 -15
leaf_value=0.0066391045284983187 -0.0002674501897174848 -0.014621979000616717 0.00078324402533239265 0.040997719622151763 -0.011657762066743857 0.049531151589594397 0.09795122830876829 0.028464492439262329 -0.0064805877341526878 0.0070554620174480363 0.058775610859018002 0.033717031837542703 0.0059173445151990203 0.020981830146488051
leaf_weight=2572 1840 5664 3688 285 2691 152 74 155 3329 2701 105 312 2262 1730
leaf_count=2572 1840 5664 3688 285 2691 152 74 155 3329 2701 105 312 2262 1730
internal_value=4.89728e-07 -0.00350902 -0.00556043 0.003668 -0.0081131 0.0117999 0.0167584 0.0509187 -0.00388581 -0.000417425 0.0149173 0.00953541 0.0138061 0.0124458
internal_weight=27560 21242 18358 3973 14385 6318 4478 229 8721 6030 4249 2884 4144 3992
internal_count=27560 21242 18358 3973 14385 6318 4478 229 8721 6030 4249 2884 4144 3992
cat_boundaries=0 1
cat_threshold=32
is_linear=0
shrinkage=0.05


Tree=82
num_leaves=15
num_cat=0
split_feature=21 39 16 1 42 45 6 13 10 1 45 39 32 45
split_gain=417.762 299.375 164.836 259.654 136.729 121.384 119.489 102.71 100.059 183.365 119.254 111.157 83.6553 79.9218
threshold=11.020833333333334 24.500000000000004 -0.22252093395631442 35.937500000000007 135.92857142857147 28.500000000000004 0.99799999199996814 355.50000000000006 3.5000000000000004 23.895833333333339 17.500000000000004 54.500000000000007 4.5000000000000009 16.500000000000004
decision_type=2 2 2 2 2 10 2 2 2 2 10 2 2 10
left_child=-1 6 4 5 8 -4 -2 12 10 -10 -3 -11 -5 -14
right_child=1 2 3 7 -6 -7 -8 -9 9 11 -12 -13 13 -15
leaf_value=-0.0075899600629195209 -0.0083333723186054913 0.00022542014092219676 0.0078092730933676108 0.027334293931318445 0.016831931212140223 0.033788741153963901 0.010138129813542011 -0.036606155554308434 0.0033451561512324486 -0.030080854003556493 0.037402484469549281 0.030750720006436472 0.039714542801385047 0.081951194480166772
leaf_weight=10935 4352 842 4808 608 1244 496 1096 46 1387 892 290 82 305 177
leaf_count=10935 4352 842 4808 608 1244 496 1096 46 1387 892 290 82 305 177
internal_value=4.65217e-07 0.00499302 0.00967742 0.0148851 0.00259755 0.0102387 -0.00461737 0.0365789 -0.00247189 -0.00833157 0.00974958 -0.0249595 0.0396675 0.0552247
internal_weight=27560 16625 11177 6440 4737 5304 5448 1136 3493 2361 1132 974 1090 482
internal_count=27560 16625 11177 6440 4737 5304 5448 1136 3493 2361 1132 974 1090 482
is_linear=0
shrinkage=0.05


Tree=83
num_leaves=15
num_cat=0
split_feature=31 1 38 4 0 15 45 20 45 15 16 30 35 35
split_gain=388.061 227.718 186.629 157.744 128.489 102.238 126.115 101.053 110.395 171.859 180.424 156.122 78.2434 67.8564
threshold=2.5000000000000004 12.35416666666667 90.500000000000014 0.97916666666666685 37.187500000000007 -0.8783796973249266 11.500000000000002 12.85416666666667 14.500000000000002 1.0000000180025095e-35 1.0000000180025095e-35 0.047619047619047658 6.7857142857142865 4.5000000000000009
decision_type=2 2 2 2 2 2 10 2 10 2 2 2 2 2
left_child=3 -2 -3 5 7 13 12 -4 -9 10 -10 -11 -7 -1
right_child=1 2 4 -5 -6 6 -8 8 9 11 -12 -13 -14 -15
leaf_value=-0.019859722906188506 -0.0057625335379814712 3.3875318825088987e-05 0.030587484283190504 0.0034305987128894532 0.054152939949629157 -0.012236978186356705 0.0054945896801705365 0.0052437525291746945 -0.010855384642611236 0.054232802540921145 0.024024861242909423 0.016626295560555875 -0.071704048703291598 -0.051359229587115786
leaf_weight=1056 4388 5434 610 2147 176 4515 1160 5200 739 478 744 653 56 204
leaf_count=1056 4388 5434 610 2147 176 4515 1160 5200 739 478 744 653 56 204
internal_value=4.41997e-07 0.00417911 0.00728755 -0.00842365 0.0118709 -0.0120642 -0.00922905 0.0109875 0.0094574 0.0178396 0.00664354 0.0325201 -0.0129655 -0.0249596
internal_weight=27560 18422 14034 9138 8600 6991 5731 8424 7814 2614 1483 1131 4571 1260
internal_count=27560 18422 14034 9138 8600 6991 5731 8424 7814 2614 1483 1131 4571 1260
is_linear=0
shrinkage=0.05


Tree=84
num_leaves=15
num_cat=1
split_feature=31 37 16 45 4 0 31 1 50 6 34 10 20 37
split_gain=356.443 197.349 181.646 229.133 127.508 143.594 139.083 127.197 115.878 113.046 110.408 101.358 89.9404 96.1972
threshold=7.5000000000000009 56.01250000000001 -0.22252093395631442 6.5000000000000009 0.72916666666666685 31.479166666666668 15.500000000000002 12.35416666666667 0 0.99322381302006868 7.5000000000000009 3.5000000000000004 20.062500000000004 66.162500000000023
decision_type=2 2 2 8 2 2 2 2 1 2 2 2 2 2
left_child=1 -1 8 -4 6 -6 12 -5 9 11 -10 -3 -2 -14
right_child=4 2 3 7 5 -7 -8 -9 10 -11 -12 -13 13 -15
leaf_value=-0.011114325298663678 0.030449340177027513 -0.0032546683157528658 -0.0034822686289754895 0.0014953037497350342 -0.002344458829683321 0.025505121877361089 0.095436433152926547 0.017560449876938271 -0.0042669613712626063 0.00096170453470832609 0.018943559241490882 -0.031148485548646684 -0.0044023500014312043 0.025166474685796275
leaf_weight=5186 982 463 4839 1962 1784 625 62 3312 4841 730 573 1098 579 524
leaf_count=5186 982 463 4839 1962 1784 625 62 3312 4841 730 573 1098 579 524
internal_value=4.19879e-07 -0.00253013 -3.16706e-05 0.00437489 0.0127776 0.00488094 0.0216379 0.011584 -0.00581539 -0.0152133 -0.0018071 -0.022875 0.0194434 0.00964485
internal_weight=27560 23004 17818 10113 4556 2409 2147 5274 7705 2291 5414 1561 2085 1103
internal_count=27560 23004 17818 10113 4556 2409 2147 5274 7705 2291 5414 1561 2085 1103
cat_boundaries=0 1
cat_threshold=65
is_linear=0
shrinkage=0.05


Tree=85
num_leaves=15
num_cat=0
split_feature=31 1 43 6 20 1 39 16 31 31 37 31 45 37
split_gain=332.225 192.2 164.886 140.305 127.784 125.189 116.593 103.598 86.5997 81.8387 80.3746 91.929 79.8567 72.5445
threshold=2.5000000000000004 12.35416666666667 16.071428571428573 0.99945175438596501 12.145833333333334 35.937500000000007 20.500000000000004 -0.22252093395631442 1.0000000180025095e-35 9.5000000000000018 66.312500000000014 9.5000000000000018 16.500000000000004 87.612500000000026
decision_type=2 2 2 2 2 2 2 2 2 2 2 2 10 2
left_child=3 -2 4 8 6 -4 -3 10 -1 13 11 -7 -9 -6
right_child=1 2 5 -5 9 7 -8 12 -10 -11 -12 -13 -14 -15
leaf_value=-0.020478387550595938 -0.0052666934441073145 0.0013140481243549469 0.0091067962273772493 0.0063047096453531688 -0.006196251249341523 -0.046508693252690136 0.028217945727366751 0.023941957445071459 -0.007679096511290809 0.015863911567510668 0.025071930013312822 0.019036107135602748 0.056418518547605559 0.0080701621147363355
leaf_weight=1698 4388 828 4932 1479 4437 108 784 427 5961 617 340 106 340 1115
leaf_count=1698 4388 828 4932 1479 4437 108 784 427 5961 617 340 106 340 1115
internal_value=3.98871e-07 0.00386677 0.00672253 -0.00779413 0.00186408 0.0127682 0.0143988 0.0264382 -0.0105167 -0.00141133 0.00996272 -0.0140426 0.0383383 -0.00333115
internal_weight=27560 18422 14034 9138 7781 6253 1612 1321 7659 6169 554 214 767 5552
internal_count=27560 18422 14034 9138 7781 6253 1612 1321 7659 6169 554 214 767 5552
is_linear=0
shrinkage=0.05


Tree=86
num_leaves=15
num_cat=0
split_feature=31 1 39 4 20 43 45 30 36 15 45 15 0 1
split_gain=299.834 173.46 151.938 127.561 103.115 108.838 116.147 91.8263 88.5585 83.4689 97.1473 82.6785 70.5582 64.4397
threshold=2.5000000000000004 12.35416666666667 25.500000000000004 0.97916666666666685 12.60416666666667 16.357142857142858 7.5000000000000009 0.21428571428571436 4.6428571428571432 -0.8783796973249266 24.500000000000004 -0.8783796973249266 37.187500000000007 31.812500000000004
decision_type=2 2 2 2 2 2 8 2 2 2 10 2 2 2
left_child=3 -2 -3 8 13 -6 -7 11 9 -1 -11 -8 -9 -4
right_child=1 2 4 -5 5 6 7 12 -10 10 -12 -13 -14 -15
leaf_value=-0.021309466062187352 -0.0050033587626565745 -0.00084890657692772572 0.02437743806160449 0.0032555888235589825 0.001592502357249846 0.0053043387826292449 -0.0034581028909112018 0.0094638628096536392 -0.036372464816085991 -0.0080827797262984346 0.028125760890543462 0.036389337869004709 0.048019174155021133 0.081785862650370827
leaf_weight=1213 4388 4783 629 2147 3343 2481 150 1481 320 5266 192 985 129 53
leaf_count=1213 4388 4783 629 2147 3343 2481 150 1481 320 5266 192 985 129 53
internal_value=3.7894e-07 0.00367344 0.0063864 -0.00740442 0.0101272 0.008638 0.0131449 0.0202314 -0.0106782 -0.00944568 -0.00680905 0.0311232 0.0125531 0.0288388
internal_weight=27560 18422 14034 9138 9251 8569 5226 2745 6991 6671 5458 1135 1610 682
internal_count=27560 18422 14034 9138 9251 8569 5226 2745 6991 6671 5458 1135 1610 682
is_linear=0
shrinkage=0.05


Tree=87
num_leaves=15
num_cat=2
split_feature=31 34 16 45 45 50 50 4 31 0 1 10 20 38
split_gain=275.889 165.179 151.373 174.117 149.08 121.464 116.075 111.322 124.493 119.959 87.869 87.2775 83.7588 86.5608
threshold=7.5000000000000009 6.5000000000000009 -0.22252093395631442 6.5000000000000009 20.500000000000004 0 1 0.72916666666666685 15.500000000000002 31.479166666666668 27.979166666666668 3.5000000000000004 20.062500000000004 177.50000000000003
decision_type=2 2 2 10 10 1 1 2 2 2 2 2 2 2
left_child=1 2 6 -4 -3 -5 -1 8 12 -9 -8 -6 -2 -14
right_child=7 4 3 5 11 -7 10 9 -10 -11 -12 -13 13 -15
leaf_value=-0.0031243325948394941 0.028065074106290472 0.0024964438906187334 -0.0066616520512282913 0.0173143198747043 0.042663766897130528 0.001109034419304502 -0.012381055169439818 -0.002741100106425828 0.089341041680064903 0.022713574195611291 -0.034167767487826566 0.0074818533523681695 0.0018438211134005639 0.039918611968443679
leaf_weight=3939 982 3173 5448 1636 414 3907 3650 1784 62 625 530 307 925 178
leaf_count=3939 982 3173 5448 1636 414 3907 3650 1784 62 625 530 307 925 178
internal_value=3.59994e-07 -0.00222596 -0.00413851 -0.000313822 0.00715998 0.00592521 -0.00931614 0.0112414 0.0195203 0.00386296 -0.0151073 0.0276834 0.0174441 0.00798826
internal_weight=27560 23004 19110 10991 3894 5543 8119 4556 2147 2409 4180 721 2085 1103
internal_count=27560 23004 19110 10991 3894 5543 8119 4556 2147 2409 4180 721 2085 1103
cat_boundaries=0 1 2
cat_threshold=33 60
is_linear=0
shrinkage=0.05


Tree=88
num_leaves=15
num_cat=0
split_feature=38 1 39 16 45 30 6 32 31 37 20 32 4 20
split_gain=260.341 204.438 104.788 117.261 150.822 112.568 86.0987 83.9586 76.4765 78.6133 79.0028 84.7077 73.7637 114.664
threshold=82.500000000000014 11.812500000000002 52.500000000000007 -0.22252093395631442 7.5000000000000009 0.053571428571428527 0.99945175438596501 6.5000000000000009 1.0000000180025095e-35 63.212500000000013 13.47916666666667 3.5000000000000004 0.97916666666666685 20.187500000000004
decision_type=2 2 2 2 10 2 2 2 2 2 2 2 2 2
left_child=6 -2 3 12 -5 7 8 -6 -1 10 11 -10 13 -3
right_child=1 2 -4 4 5 -7 -8 -9 9 -11 -12 -13 -14 -15
leaf_value=-0.019536420383231709 -0.0061780888482529496 0.0038409349604044112 0.020163425074087759 0.0025674390405824466 0.025457469508990117 0.010547707948533361 0.0030572381975491826 0.067306968732737005 -0.011899619794128959 -0.001664985797359372 -0.022090316194084185 0.0092485785420599598 0.0071523586607243938 -0.016929529262323263
leaf_weight=1205 3669 1425 1398 3260 1009 1883 2279 136 1820 4554 1190 640 1847 1245
leaf_count=1205 3669 1425 1398 3260 1009 1883 2279 136 1820 4554 1190 640 1847 1245
internal_value=6.19552e-07 0.00417081 0.00728235 0.00561573 0.0100305 0.0180653 -0.00566239 0.0304282 -0.00777441 -0.00604681 -0.0115139 -0.00639765 -0.000529893 -0.00584417
internal_weight=27560 15872 12203 10805 6288 3028 11688 1145 9409 8204 3650 2460 4517 2670
internal_count=27560 15872 12203 10805 6288 3028 11688 1145 9409 8204 3650 2460 4517 2670
is_linear=0
shrinkage=0.05


Tree=89
num_leaves=15
num_cat=0
split_feature=39 1 0 16 45 4 32 6 20 42 26 5 10 6
split_gain=238.311 194.634 101.459 101.169 145.628 110.726 131.541 99.3938 97.7911 101.689 81.209 81.1571 113.771 73.6419
threshold=24.500000000000004 11.812500000000002 37.187500000000007 -0.22252093395631442 11.500000000000002 0.52083333333333337 8.5000000000000018 0.99799999199996814 37.187500000000007 135.92857142857147 15.763392857142859 0.062500000000000014 3.5000000000000004 0.78145397693961316
decision_type=2 2 2 2 10 2 2 2 2 2 2 2 2 2
left_child=7 -2 3 8 -5 6 10 -1 9 11 -6 12 -3 -13
right_child=1 2 -4 4 5 -7 -8 -9 -10 -11 -12 13 -14 -15
leaf_value=-0.0077135179741188364 -0.0059057059997462214 0.0085971036721969509 0.044223580566023928 0.0047825949668619337 0.058070110219465926 0.0053192904475839568 0.088137703776980436 0.0039399141261457302 -0.076753802448511127 0.014730352337434711 0.020366314392207298 0.066873143257006357 -0.019201499854214894 0.0029185051829981111
leaf_weight=9366 3795 540 181 4303 158 880 84 2274 40 1157 1486 46 1156 2094
leaf_count=9366 3795 540 181 4303 158 880 84 2274 40 1157 1486 46 1156 2094
internal_value=5.88563e-07 0.00397624 0.00706918 0.00650614 0.0104331 0.0197561 0.0271082 -0.00543689 0.00111383 0.00173764 0.0239899 -0.00218117 -0.0103505 0.00429323
internal_weight=27560 15920 12125 11944 6911 2608 1728 11640 5033 4993 1644 3836 1696 2140
internal_count=27560 15920 12125 11944 6911 2608 1728 11640 5033 4993 1644 3836 1696 2140
is_linear=0
shrinkage=0.05


Tree=90
num_leaves=15
num_cat=0
split_feature=31 45 15 16 1 34 6 39 21 32 7 4 7 37
split_gain=223.558 132.279 177.114 147.223 129.211 110.052 105.147 98.3147 94.4508 87.7288 83.0723 149.57 112.934 78.4306
threshold=2.5000000000000004 16.500000000000004 1.0000000180025095e-35 1.0000000180025095e-35 31.562500000000004 6.5000000000000009 0.99945175438596501 38.500000000000007 29.145833333333339 8.5000000000000018 0.32555111434108536 0.062500000000000014 0.22507880311699843 77.112500000000011
decision_type=2 10 2 2 2 2 2 2 2 2 2 2 2 2
left_child=6 9 3 5 -4 -3 -1 -6 -5 -2 11 -11 -13 -7
right_child=1 2 4 8 7 13 -8 -9 -10 10 -12 12 -14 -15
leaf_value=-0.008750272733144486 -0.00047262939877254679 -0.025953462928912149 0.0066677060805954806 0.010636755881992026 0.025799394350333543 -0.034462769891590229 0.0058118399871808259 0.062077769678574792 0.070496869108206794 -0.046412749537618973 0.04355204457919417 0.0083605344256671172 0.064560479619785366 0.019374930112103401
leaf_weight=7659 12747 595 723 917 818 86 1479 242 71 119 178 1514 95 317
leaf_count=7659 12747 595 723 917 818 86 1479 242 71 119 178 1514 95 317
internal_value=5.59156e-07 0.00317219 0.0115262 0.00125626 0.0229655 -0.0122888 -0.00639337 0.0340818 0.0149384 0.00102338 0.0110285 0.00767823 0.0116787 0.00788599
internal_weight=27560 18422 3769 1986 1783 998 9138 1060 988 14653 1906 1728 1609 403
internal_count=27560 18422 3769 1986 1783 998 9138 1060 988 14653 1906 1728 1609 403
is_linear=0
shrinkage=0.05


Tree=91
num_leaves=15
num_cat=1
split_feature=38 25 16 45 31 41 50 6 10 34 30 37 32 38
split_gain=204.354 161.404 107.682 122.395 97.9179 83.3543 91.5808 88.731 95.8505 71.482 71.1473 68.8187 68.355 68.1407
threshold=82.500000000000014 1.6098705522881971 -0.22252093395631442 7.5000000000000009 13.500000000000002 179.50000000000003 0 0.96078424671578755 3.5000000000000004 5.5000000000000009 0.398809523809524 95.562500000000014 1.5000000000000002 100.50000000000001
decision_type=2 2 2 10 2 2 1 2 2 2 2 2 2 2
left_child=11 -2 5 -4 9 6 7 8 13 -5 -11 12 -1 -3
right_child=1 2 3 4 -6 -7 -8 -9 -10 10 -12 -13 -14 -15
leaf_value=-0.011182635511336188 -0.0010230781611615589 -0.032851336447474282 0.004667820359562461 0.0123709422123453 0.076770376308988308 0.029919035061062846 0.0056975127940996064 0.016035827867112905 -0.034355310252195556 0.038935656377464628 0.009641181907901912 0.0058099695169163352 -0.0029523275448399377 0.024831378493995575
leaf_weight=4320 8462 78 1888 1354 78 246 1951 198 485 686 297 1304 6064 149
leaf_count=4320 8462 78 1888 1354 78 246 1951 198 485 686 297 1304 6064 149
internal_value=5.31178e-07 0.00369521 0.00908335 0.0142051 0.0216611 0.00199007 -0.000411373 -0.0134237 -0.0218046 0.0198218 0.0300847 -0.00501674 -0.00637634 0.00501089
internal_weight=27560 15872 7410 4303 2415 3107 2861 910 712 2337 983 11688 10384 227
internal_count=27560 15872 7410 4303 2415 3107 2861 910 712 2337 983 11688 10384 227
cat_boundaries=0 1
cat_threshold=129
is_linear=0
shrinkage=0.05


Tree=92
num_leaves=15
num_cat=1
split_feature=31 42 31 37 4 6 36 50 24 15 45 1 20 45
split_gain=188.727 118.724 99.524 95.7607 95.3508 87.2404 80.7133 77.7435 92.6959 69.3817 76.0522 58.5178 75.0865 73.1402
threshold=2.5000000000000004 134.07142857142858 9.5000000000000018 96.262500000000017 0.97916666666666685 0.6039168830147118 4.6428571428571432 0 26.991071428571434 -0.8783796973249266 24.500000000000004 41.187500000000007 22.270833333333339 17.500000000000004
decision_type=2 2 2 2 2 2 2 1 2 2 10 2 2 8
left_child=4 2 7 -3 6 -4 9 -2 11 -1 -11 -9 -13 -14
right_child=1 3 5 -5 -6 -7 -8 8 -10 10 -12 12 13 -15
leaf_value=-0.018344335312936187 0.0098460368025827666 0.0087786051560925626 0.043206401534175883 0.038903321061904236 0.0033422270408247782 0.0084292126054289849 -0.033234357178516805 -0.00031343436949933978 -0.032235411821419965 -0.0062510407070324849 0.025785943444255582 -0.0039654588942149918 -0.068953340443020525 0.0030093659288608111
leaf_weight=1213 1660 3140 216 288 2147 1092 320 11306 243 5266 192 315 110 52
leaf_count=1213 1660 3140 216 288 2147 1092 320 11306 243 5266 192 315 110 52
internal_value=6.07989e-07 0.00291471 0.00099545 0.0113095 -0.00587415 0.0141722 -0.00870458 -0.000263884 -0.0016662 -0.00752792 -0.00512405 -0.00103719 -0.0181918 -0.0458542
internal_weight=27560 18422 14994 3428 9138 1308 6991 13686 12026 6671 5458 11783 477 162
internal_count=27560 18422 14994 3428 9138 1308 6991 13686 12026 6671 5458 11783 477 162
cat_boundaries=0 1
cat_threshold=32
is_linear=0
shrinkage=0.05


Tree=93
num_leaves=15
num_cat=1
split_feature=39 25 38 16 45 42 28 6 30 32 50 10 31 37
split_gain=176.852 152.348 103.908 92.6187 135.437 103.482 84.2125 78.9925 74.1554 72.4434 70.8001 109.292 59.1506 63.1402
threshold=24.500000000000004 0.66963624335357075 165.50000000000003 -0.22252093395631442 3.5000000000000004 135.92857142857147 27.981250000000006 0.99799999199996814 0.083333333333333412 6.5000000000000009 0 3.5000000000000004 1.0000000180025095e-35 91.86041666666668
decision_type=2 2 2 2 10 2 2 2 2 2 1 2 2 2
left_child=7 -2 3 5 -5 6 10 12 9 -6 -3 -12 -1 -14
right_child=1 2 -4 4 8 -7 -8 -9 -10 -11 11 -13 13 -15
leaf_value=-0.017063540900356413 -0.0034485169355565055 0.0036785708547971232 0.019588130457949313 0.0001897322809814283 0.020936050945924548 0.017547402158047839 -0.039437570434529334 0.0036758824563453657 0.0094657617594164235 0.057095807348672728 0.0096178198257679658 -0.021895551337392048 -0.0069889642769887881 0.0055470756626145468
leaf_weight=1203 5351 1811 1401 2314 1123 635 164 2274 1700 158 405 858 6990 1173
leaf_count=1203 5351 1811 1401 2314 1123 635 164 2274 1700 158 405 858 6990 1173
internal_value=7.5623e-07 0.00342559 0.0069059 0.00496788 0.00926594 -0.000908249 -0.00452756 -0.00468339 0.0163113 0.025396 -0.00266509 -0.0116977 -0.00671296 -0.00518757
internal_weight=27560 15920 10569 9168 5295 3873 3238 11640 2981 1281 3074 1263 9366 8163
internal_count=27560 15920 10569 9168 5295 3873 3238 11640 2981 1281 3074 1263 9366 8163
cat_boundaries=0 1
cat_threshold=60
is_linear=0
shrinkage=0.05


Tree=94
num_leaves=15
num_cat=0
split_feature=1 18 31 0 10 37 15 26 45 31 0 31 6 10
split_gain=161.899 156.25 90.9666 78.0717 65.7583 61.5952 86.7885 82.8236 71.5493 59.1167 56.2763 55.5465 196.649 52.7495
threshold=11.35416666666667 -0.5 9.5000000000000018 35.812500000000007 5.5000000000000009 64.112500000000011 1.0000000180025095e-35 26.400297619047624 26.500000000000004 4.5000000000000009 9.1875000000000018 12.500000000000002 0.84724035393095465 3.5000000000000004
decision_type=2 2 2 2 2 2 2 2 10 2 2 2 2 2
left_child=-1 2 5 4 11 7 -7 9 -8 -2 -11 13 -13 -3
right_child=1 3 -4 -5 -6 6 8 -9 -10 10 -12 12 -14 -15
leaf_value=-0.005853047614086393 -0.016699864054098727 0.005495576070434059 0.018127670837951738 0.032556313330328455 0.014189028908365764 -0.0075336806914741445 0.0032276772874474252 -0.053803265888090118 0.032579701365481432 0.043127754600444705 -0.0037813930483926611 0.070991114276821601 7.3608440481975217e-06 -0.0022878125622189378
leaf_weight=8268 1260 6659 453 268 1767 2259 1426 109 243 68 1070 137 339 3234
leaf_count=8268 1260 6659 453 268 1767 2259 1426 109 243 68 1070 137 339 3234
internal_value=7.85163e-07 0.00250957 -0.00352889 0.00586276 0.00527328 -0.00505343 -0.00114538 -0.0111766 0.00750122 -0.00923905 -0.000978386 0.00375393 0.0204376 0.0029512
internal_weight=27560 19292 6888 12404 12136 6435 3928 2507 1669 2398 1138 10369 476 9893
internal_count=27560 19292 6888 12404 12136 6435 3928 2507 1669 2398 1138 10369 476 9893
is_linear=0
shrinkage=0.05


Tree=95
num_leaves=15
num_cat=0
split_feature=38 1 31 0 20 10 10 45 5 6 35 32 20 37
split_gain=151.163 122.688 78.5595 74.7497 94.8248 61.9393 62.2565 156.223 102.812 54.9687 59.2854 60.109 55.6316 49.4116
threshold=79.500000000000014 11.97916666666667 1.0000000180025095e-35 37.187500000000007 37.187500000000007 5.5000000000000009 3.5000000000000004 13.500000000000002 0.062500000000000014 0.99799999199996814 6.0714285714285721 1.5000000000000002 27.437500000000004 95.112500000000011
decision_type=2 2 2 2 2 2 2 10 2 2 2 2 2 2
left_child=9 -2 -3 4 5 6 7 -4 -8 10 11 13 -12 -1
right_child=1 2 3 -5 -6 -7 8 -9 -10 -11 12 -13 -14 -15
leaf_value=-0.011758586962397316 -0.0035738159662779463 -0.033171124229920683 0.0018866166793459474 0.037657173859175816 -0.051100827934705231 0.015012993573517703 -0.011547408074209701 0.018349241974202627 0.0066563303034502452 0.002676706073209436 -0.015264359051485696 -0.00092392019903934301 -0.05925358600585108 0.0044866182919328767
leaf_weight=3432 4996 128 4354 186 73 1653 1367 2154 1793 2098 582 4120 82 542
leaf_count=3432 4996 128 4354 186 73 1653 1367 2154 1793 2098 582 4120 82 542
internal_value=7.45907e-07 0.00298598 0.00578515 0.00621575 0.00570249 0.00606877 0.00453952 0.00733537 -0.00121851 -0.00459259 -0.00633397 -0.0051557 -0.0206968 -0.00954296
internal_weight=27560 16704 11708 11580 11394 11321 9668 6508 3160 10856 8758 8094 664 3974
internal_count=27560 16704 11708 11580 11394 11321 9668 6508 3160 10856 8758 8094 664 3974
is_linear=0
shrinkage=0.05


Tree=96
num_leaves=15
num_cat=1
split_feature=32 37 34 20 45 28 6 16 45 50 10 1 25 26
split_gain=139.896 114.257 97.5358 94.2028 88.3479 84.0347 72.2363 58.0936 97.8693 58.8098 84.7692 86.8541 57.9563 57.1317
threshold=3.5000000000000004 89.912500000000009 8.5000000000000018 30.895833333333339 16.500000000000004 26.966666666666672 0.99799999199996814 -0.22252093395631442 8.5000000000000018 0 3.5000000000000004 27.562500000000004 3.7596381869129418 33.087797619047628
decision_type=2 2 2 2 10 2 2 2 10 1 2 2 2 2
left_child=1 3 -3 6 13 -6 7 9 -9 -1 -11 -12 -5 -2
right_child=4 2 -4 12 5 -7 -8 8 -10 10 11 -13 -14 -15
leaf_value=-0.0022106740193874744 0.001598490047157615 0.0023747430857379717 0.037159942562995533 -0.015162362717092037 0.0097310004896881477 0.039065737502579023 0.0039635152581773093 -0.0086471573501639212 0.004523886746602584 -0.0032743719297775491 -0.01623865005715637 -0.043864078593821659 -0.098779444023966795 0.022247941786324305
leaf_weight=1311 8943 4076 212 40 1516 291 1884 3595 2321 1012 1623 345 43 348
leaf_count=1311 8943 4076 212 40 1516 291 1884 3595 2321 1012 1623 345 43 348
internal_value=7.08596e-07 -0.00292421 0.00409453 -0.0053964 0.00433933 0.0144551 -0.00503198 -0.00669237 -0.00347982 -0.0111215 -0.014984 -0.0210815 -0.0584821 0.00237193
internal_weight=27560 16462 4288 12174 11098 1807 12091 10207 5916 4291 2980 1968 83 9291
internal_count=27560 16462 4288 12174 11098 1807 12091 10207 5916 4291 2980 1968 83 9291
cat_boundaries=0 1
cat_threshold=56
is_linear=0
shrinkage=0.05


Tree=97
num_leaves=15
num_cat=1
split_feature=39 25 39 16 45 31 10 50 4 45 27 18 30 30
split_gain=131.133 120.024 84.6184 88.1801 94.2279 68.3633 64.437 134.612 102.494 84.8903 74.6427 63.7057 57.9446 53.3616
threshold=24.500000000000004 0.66963624335357075 52.500000000000007 -0.22252093395631442 3.5000000000000004 13.500000000000002 3.5000000000000004 0 0.97916666666666685 16.500000000000004 2.476449662497219 -0.5 0.053571428571428527 0.035714285714285761
decision_type=2 2 2 2 10 2 2 1 2 10 2 2 2 2
left_child=11 -2 3 6 -5 12 9 -8 10 -3 -9 -1 -6 -11
right_child=1 2 -4 4 5 -7 7 8 -10 13 -12 -13 -14 -15
leaf_value=-0.0077599150463648894 -0.0031516910990971488 -0.00073619802787149263 0.018498797103336895 0.0010929643007399244 0.021958549354184283 0.072917615926862522 0.0075798382962609491 -0.0026513037874120408 0.0051111972669577836 0.047528495452233727 -0.032060250579349463 -0.00036173360467315783 0.0077890698473884858 0.010890718718140346
leaf_weight=5776 5351 923 1207 2391 1192 49 1074 299 426 175 775 5864 1828 230
leaf_count=5776 5351 923 1207 2391 1192 49 1074 299 426 175 775 5864 1828 230
internal_value=6.33061e-07 0.00294974 0.00603885 0.00443245 0.00853466 0.0143323 -0.00130771 -0.00592289 -0.0155378 0.00763768 -0.0238728 -0.00403286 0.0133818 0.0267219
internal_weight=27560 15920 10569 9362 5460 3069 3902 2574 1500 1328 1074 11640 3020 405
internal_count=27560 15920 10569 9362 5460 3069 3902 2574 1500 1328 1074 11640 3020 405
cat_boundaries=0 1
cat_threshold=28
is_linear=0
shrinkage=0.05


Tree=98
num_leaves=15
num_cat=1
split_feature=31 37 42 16 50 1 45 5 32 10 26 37 23 25
split_gain=124.104 114.44 108.554 87.5999 108.313 104.185 103.793 113.69 116.039 95.4857 79.5721 77.8518 63.9242 57.2639
threshold=1.0000000180025095e-35 54.862500000000004 131.71428571428575 -0.22252093395631442 0 31.437500000000004 4.5000000000000009 0.47916666666666669 7.5000000000000009 3.5000000000000004 16.144345238095241 96.262500000000017 17.979166666666668 1.9070453811377039
decision_type=2 2 2 2 1 2 10 2 2 2 2 2 2 2
left_child=12 -2 3 4 5 -3 -5 8 10 -7 -8 -4 -1 -13
right_child=1 2 11 6 -6 9 7 -9 -10 -11 -12 13 -14 -15
leaf_value=-0.010232627461286449 -0.0063415260262309541 -0.0056269690311459833 0.0078998143107203989 -0.0018806704235984095 0.00085106682517205486 -0.002367312638423168 0.022890745478920629 0.00025422937252470002 0.061038826340394342 -0.042591399534332025 0.0063065110161979318 0.0048926393711759206 -0.052314691194578225 0.046858386156717474
leaf_weight=1802 4486 1735 3255 4385 5146 223 1169 2442 129 436 1897 124 95 236
leaf_count=1802 4486 1735 3255 4385 5146 223 1169 2442 129 436 1897 124 95 236
internal_value=7.38898e-07 0.000912966 0.00244971 0.000825554 -0.00324568 -0.0120052 0.00388853 0.00837637 0.0145843 -0.0289799 0.0126297 0.01034 -0.0123401 0.0324035
internal_weight=27560 25663 21177 17562 7540 2394 10022 5637 3195 659 3066 3615 1897 360
internal_count=27560 25663 21177 17562 7540 2394 10022 5637 3195 659 3066 3615 1897 360
cat_boundaries=0 1
cat_threshold=65
is_linear=0
shrinkage=0.05


Tree=99
num_leaves=15
num_cat=2
split_feature=34 45 31 4 16 50 50 31 1 45 10 20 16 27
split_gain=119.706 142.08 132.009 114.357 87.7443 95.2749 85.3353 81.3159 74.1773 74.1628 64.2914 58.1054 78.5337 56.7286
threshold=6.5000000000000009 16.500000000000004 8.5000000000000018 0.60416666666666685 -0.22252093395631442 0 1 11.500000000000002 31.729166666666668 4.5000000000000009 3.5000000000000004 17.395833333333339 -0.22252093395631442 3.8533195033411265
decision_type=2 8 2 2 2 1 1 2 2 10 2 2 2 2
left_child=2 -2 4 7 6 9 -1 11 -8 -6 -10 -4 13 -13
right_child=1 -3 3 -5 5 -7 8 -9 10 -11 -12 12 -14 -15
leaf_value=-0.0015326539383667139 0.0017939179652016403 0.019271936650245416 0.034740853077900695 -0.0029828527071638594 -0.010603479351391616 -0.0023972903050001643 -0.0095300366623390208 0.055184954096456879 -0.003122041111525435 0.012459232894852497 -0.045843496710580571 0.0025321552113089108 0.021660613963829737 -0.06756611289370254
leaf_weight=4114 4785 1536 254 599 418 8953 3900 184 130 2099 273 62 199 54
leaf_count=4114 4785 1536 254 599 418 8953 3900 184 130 2099 273 62 199 54
internal_value=7.17418e-07 0.00604107 -0.00179697 0.0133213 -0.00282477 2.02932e-05 -0.00670179 0.026291 -0.0116133 0.00859504 -0.0320624 0.0169474 0.00259964 -0.0300998
internal_weight=27560 6321 21239 1352 19887 11470 8417 753 4303 2517 403 569 315 116
internal_count=27560 6321 21239 1352 19887 11470 8417 753 4303 2517 403 569 315 116
cat_boundaries=0 1 2
cat_threshold=33 60
is_linear=0
shrinkage=0.05


Tree=100
num_leaves=15
num_cat=1
split_feature=32 50 6 20 4 31 20 13 38 15 45 45 20 42
split_gain=112.089 121.984 82.8778 118.264 82.1827 93.258 94.3022 97.0617 100.034 80.3568 136.908 75.8698 106.93 90.9055
threshold=5.5000000000000009 0 0.99945175438596501 20.312500000000004 0.77083333333333337 15.500000000000002 20.062500000000004 110.50000000000001 192.50000000000003 1.0000000180025095e-35 17.500000000000004 33.500000000000007 15.895833333333334 89.500000000000014
decision_type=2 1 2 2 2 2 2 2 2 2 10 10 2 2
left_child=1 9 11 -4 5 6 -2 -8 -9 -1 -11 12 -3 -14
right_child=4 2 3 -5 -6 -7 7 8 -10 10 -12 -13 13 -15
leaf_value=0.00041067580754541763 0.019520585152676961 -0.003110361780680341 0.00079725333611445608 0.034368433089525356 0.00073931856414464385 0.071789972678973121 0.025161639816540571 -0.013823639890503349 0.046336351978396507 0.0067734359937739637 0.041756902344607758 0.016115887175541337 -0.026359326509425449 -0.0082403079599688723
leaf_weight=1883 1465 10628 3593 283 3198 65 291 761 76 1044 382 414 954 2523
leaf_count=1883 1465 10628 3593 283 3198 65 291 761 76 1044 382 414 954 2523
internal_value=6.10241e-07 -0.0016557 -0.00324538 0.0032484 0.00613937 0.0126365 0.0111537 0.000287066 -0.00836108 0.0071696 0.0161449 -0.0049812 -0.00560043 -0.0132117
internal_weight=27560 21704 18395 3876 5856 2658 2593 1128 837 3309 1426 14519 14105 3477
internal_count=27560 21704 18395 3876 5856 2658 2593 1128 837 3309 1426 14519 14105 3477
cat_boundaries=0 1
cat_threshold=32
is_linear=0
shrinkage=0.05


Tree=101
num_leaves=15
num_cat=2
split_feature=34 37 16 50 50 45 32 1 1 1 31 30 20 10
split_gain=107.329 162.163 105.785 145.385 106.61 92.1684 89.4769 82.5847 69.6875 62.6517 60.731 56.7635 52.6373 51.5693
threshold=8.5000000000000018 73.387500000000017 -0.22252093395631442 0 1 16.500000000000004 7.5000000000000009 41.895833333333336 57.645833333333336 37.895833333333336 1.0000000180025095e-35 0.42857142857142866 17.020833333333339 3.5000000000000004
decision_type=2 2 2 1 1 10 2 2 2 2 2 2 2 2
left_child=2 7 4 5 9 8 -7 -2 -4 13 12 -3 -6 -1
right_child=1 11 3 -5 10 6 -8 -9 -10 -11 -12 -13 -14 -15
leaf_value=-0.0013769609378400628 0.0041054580973120718 0.040590853942043065 0.0076052248110881184 -0.0011465875723738739 -0.013105490633155196 0.022550347756636752 0.099564871611073621 -0.059574237150641585 -0.055848665455017578 -0.035603963463749409 0.00024426313091310879 0.009717147901280877 -0.069657621152051125 -0.014077848914732386
leaf_weight=1196 2438 452 2605 10653 390 660 40 52 44 253 6100 222 46 2409
leaf_count=1196 2438 452 2605 10653 390 660 40 52 44 253 6100 222 46 2409
internal_value=5.79713e-07 0.00866483 -0.00112312 0.00171361 -0.00494454 0.010783 0.0269512 0.0027756 0.00655125 -0.0115223 -0.00104268 0.0304218 -0.019072 -0.00986418
internal_weight=27560 3164 24396 14002 10394 3349 700 2490 2649 3858 6536 674 436 3605
internal_count=27560 3164 24396 14002 10394 3349 700 2490 2649 3858 6536 674 436 3605
cat_boundaries=0 1 2
cat_threshold=33 67
is_linear=0
shrinkage=0.05


Tree=102
num_leaves=15
num_cat=0
split_feature=38 25 38 37 31 23 20 4 0 20 31 37 22 25
split_gain=102.08 79.4328 74.8898 69.873 57.3851 64.9989 55.9947 137.985 92.295 74.8345 50.9019 49.3079 85.5268 48.1313
threshold=75.500000000000014 0.66963624335357075 165.50000000000003 100.33750000000001 1.0000000180025095e-35 17.770833333333339 25.562500000000004 0.97916666666666685 27.854166666666668 35.812500000000007 9.5000000000000018 64.612500000000011 24.020833333333339 3.4705333061243802
decision_type=2 2 2 2 2 2 2 2 2 2 2 2 2 2
left_child=11 -2 3 4 5 -3 8 9 10 -8 -6 12 -1 -4
right_child=1 2 13 -5 6 -7 7 -9 -10 -11 -12 -13 -14 -15
leaf_value=-0.0074707900605779642 -0.0024455747687682026 -0.0086434840330621224 0.0096374183055139145 0.019321110968630647 0.0026252071540994715 -0.071878823846140333 -0.011940090914549728 0.016032293625643398 0.051062202455276366 -0.070630938464187484 0.016853453071069186 -0.0010641868755063943 -0.068622606062201857 0.030250371318396703
leaf_weight=4031 6081 200 1007 627 7170 51 1152 523 105 57 689 5415 58 394
leaf_count=4031 6081 200 1007 627 7170 51 1152 523 105 57 689 5415 58 394
internal_value=5.29948e-07 0.00220824 0.00457149 0.00313222 0.00211176 -0.0214921 0.0027228 -0.00542498 0.00449476 -0.0147072 0.0038726 -0.00419375 -0.00833819 0.0154344
internal_weight=27560 18056 11975 10574 9947 251 9696 1732 7964 1209 7859 9504 4089 1401
internal_count=27560 18056 11975 10574 9947 251 9696 1732 7964 1209 7859 9504 4089 1401
is_linear=0
shrinkage=0.05


Tree=103
num_leaves=15
num_cat=0
split_feature=31 45 15 41 0 20 24 0 37 20 10 4 23 16
split_gain=96.3778 86.5989 104.347 75.763 67.1397 82.1946 67.9842 59.508 48.4403 52.3947 48.4729 46.8391 58.9147 45.6069
threshold=1.5000000000000002 29.500000000000004 1.0000000180025095e-35 115.50000000000001 33.270833333333336 32.854166666666679 30.300595238095241 30.312500000000004 54.862500000000004 5.229166666666667 5.5000000000000009 0.52083333333333337 30.604166666666668 -0.22252093395631442
decision_type=2 10 2 2 2 2 2 2 2 2 2 2 2 2
left_child=13 4 3 -3 5 7 -7 8 -2 -10 -11 -9 -13 -1
right_child=1 2 -4 -5 -6 6 -8 11 9 10 -12 12 -14 -15
leaf_value=-0.011346789787870883 -0.0051800392440788413 -0.013515679173595098 0.03330416203932976 0.023871183614807837 0.015172456468900778 -0.07665061036060597 -0.013567382895192246 0.03844485389567464 0.020728586253031502 -0.00017993247827830089 0.0078757037920695033 0.027038109180284667 -0.033532758681373537 -0.0019337542854790009
leaf_weight=2319 3490 343 460 224 777 58 162 183 340 13993 2155 96 69 2891
leaf_count=2319 3490 343 460 224 777 58 162 183 340 13993 2155 96 69 2891
internal_value=5.03449e-07 0.00142808 0.0156097 0.00125444 0.000745035 0.000199425 -0.0301984 0.000528438 0.000171375 0.0013041 0.000895117 0.0210267 0.00170847 -0.00612355
internal_weight=27560 22350 1027 567 21323 20546 220 20326 19978 16488 16148 348 165 5210
internal_count=27560 22350 1027 567 21323 20546 220 20326 19978 16488 16148 348 165 5210
is_linear=0
shrinkage=0.05


Tree=104
num_leaves=15
num_cat=0
split_feature=32 6 16 45 10 45 24 4 31 45 37 1 20 20
split_gain=90.2649 81.301 88.9091 148.528 85.7269 99.0829 84.1562 78.4975 92.6602 78.477 78.4531 73.7613 71.7569 71.418
threshold=3.5000000000000004 0.99799999199996814 -0.22252093395631442 6.5000000000000009 3.5000000000000004 1.0000000180025095e-35 15.139880952380954 0.72916666666666685 15.500000000000002 17.500000000000004 99.912500000000009 31.562500000000004 34.395833333333336 34.687500000000007
decision_type=2 2 2 8 2 10 2 2 2 10 2 2 2 2
left_child=1 2 4 -4 9 -6 -3 8 10 -1 13 -7 -9 -2
right_child=7 6 3 -5 5 11 -8 12 -10 -11 -12 -13 -14 -15
leaf_value=-0.0049165249753647458 0.0066626788595750084 0.0010033457140373129 -0.0084651448268643018 0.005447010885812318 -0.00018143868014431242 -0.014048637068245207 0.022197116549919557 -0.0022872814648784074 0.068521040858280272 0.021715673665940041 0.046039604246320705 -0.034331171453496533 0.019059079702675209 -0.055910790727838222
leaf_weight=1587 5247 2470 3384 4430 1034 2072 578 5191 62 335 126 572 426 46
leaf_count=1587 5247 2470 3384 4430 1034 2072 578 5191 62 335 126 572 426 46
internal_value=4.78281e-07 -0.002349 -0.00402396 -0.00057791 -0.00883243 -0.0133045 0.00502237 0.00348553 0.00774247 -0.000274596 0.00704709 -0.0184365 -0.000668348 0.00611887
internal_weight=27560 16462 13414 7814 5600 3678 3048 11098 5481 1922 5419 2644 5617 5293
internal_count=27560 16462 13414 7814 5600 3678 3048 11098 5481 1922 5419 2644 5617 5293
is_linear=0
shrinkage=0.05


Tree=105
num_leaves=15
num_cat=0
split_feature=18 1 31 20 34 10 33 37 36 42 43 21 0 21
split_gain=87.5197 97.2354 58.5295 50.0575 52.3855 49.1028 50.9148 48.9501 45.5923 50.7308 45.0543 43.4376 41.1995 39.633
threshold=-0.5 11.812500000000002 9.5000000000000018 32.062500000000007 8.5000000000000018 5.5000000000000009 7.5000000000000009 83.575000000000017 5.6428571428571432 124.50000000000001 18.214285714285719 34.729166666666679 16.395833333333339 29.479166666666668
decision_type=2 2 2 2 2 2 2 2 2 2 2 2 2 2
left_child=2 -2 3 4 8 6 11 -6 -1 10 -10 -3 -4 -5
right_child=1 5 12 13 7 -7 -8 -9 9 -11 -12 -13 -14 -15
leaf_value=-0.0042426248704432621 -0.0035145360152515322 0.0024099327857391422 0.049599468341672469 -0.065004929552068477 0.0024191038601523306 0.01225133718570282 0.057550207385928698 0.037754409203766992 -0.018293606208516822 -0.062077407567135867 0.036445830135447221 0.019606434523306418 0.0074157791551122329 -0.00096305392682552351
leaf_weight=8191 5373 10153 68 61 408 1770 43 129 452 61 41 381 389 40
leaf_count=8191 5373 10153 68 61 408 1770 43 129 452 61 41 381 389 40
internal_value=4.54352e-07 0.00210011 -0.00378064 -0.00463167 -0.00425072 0.00454342 0.00325355 0.0109075 -0.00518153 -0.0190635 -0.0137412 0.00303191 0.0136926 -0.0396418
internal_weight=27560 17720 9840 9383 9282 12347 10577 537 8745 554 493 10534 457 101
internal_count=27560 17720 9840 9383 9282 12347 10577 537 8745 554 493 10534 457 101
is_linear=0
shrinkage=0.05


Tree=106
num_leaves=15
num_cat=0
split_feature=31 45 15 42 37 20 41 0 15 24 32 5 0 37
split_gain=83.5734 75.0978 99.9636 63.6029 75.9772 64.4148 61.9347 59.9487 57.8474 55.4495 51.2045 94.9437 75.0092 51.648
threshold=1.0000000180025095e-35 29.500000000000004 1.0000000180025095e-35 132.21428571428575 96.262500000000017 26.354166666666668 115.50000000000001 29.145833333333339 1.0000000180025095e-35 14.764880952380954 6.5000000000000009 0.64583333333333337 11.145833333333334 56.01250000000001
decision_type=2 10 2 2 2 2 2 2 2 2 2 2 2 2
left_child=9 3 6 5 -5 7 -3 10 -7 -1 13 12 -12 -2
right_child=1 2 -4 4 -6 8 -8 -9 -10 -11 11 -13 -14 -15
leaf_value=-0.0074101087879704375 -0.0067435002923529669 -0.012063202563134071 0.031147165787581518 0.0038707224831026517 0.028780639264314341 -0.024875448287515214 0.020506492667666437 0.051760505258359693 0.0024518209128009697 -0.037026709955367637 0.059061932983361966 -0.002809243995219866 0.012890646536369319 -5.7250678129648561e-05
leaf_weight=1723 3672 380 465 3666 334 516 237 55 310 174 96 1350 1051 13531
leaf_count=1723 3672 380 465 3666 334 516 237 55 310 174 96 1350 1051 13531
internal_value=4.31629e-07 0.000749022 0.0136409 0.000181551 0.0059507 -0.000939706 0.000447361 -0.000367726 -0.0146195 -0.0101267 -0.000513262 0.00617763 0.016755 -0.00148444
internal_weight=27560 25663 1082 24581 4000 20581 617 19755 826 1897 19700 2497 1147 17203
internal_count=27560 25663 1082 24581 4000 20581 617 19755 826 1897 19700 2497 1147 17203
is_linear=0
shrinkage=0.05


Tree=107
num_leaves=15
num_cat=0
split_feature=34 45 32 6 37 20 4 43 45 45 7 10 41 6
split_gain=77.7447 105.066 90.9715 129.93 72.6614 78.6611 71.0873 67.7592 66.1923 63.0561 62.6993 51.655 51.5713 47.4413
threshold=6.5000000000000009 16.500000000000004 6.5000000000000009 0.80041889904401731 99.912500000000009 20.187500000000004 0.10416666666666667 11.214285714285717 33.500000000000007 21.500000000000004 0.31006545742049962 1.0000000180025095e-35 202.50000000000003 0.99799999199996814
decision_type=2 8 2 2 2 2 2 2 10 10 2 2 2 2
left_child=2 13 4 6 5 8 10 -7 -1 -6 -4 -12 -9 -2
right_child=1 -3 3 -5 9 7 -8 12 -10 -11 11 -13 -14 -15
leaf_value=-0.0025276913477831242 -0.0030813953167394548 0.016245951232095501 -0.012576117539019497 -0.0011278078418918522 0.0056015758329592347 -0.053719805229032781 0.054186816145444211 -0.012270453005034689 0.028132508430902044 0.045807192066271422 0.059026811698843773 0.017084590210653224 0.03874923193863794 0.0069837826616554709
leaf_weight=15942 2742 1536 135 1206 1219 97 168 1719 178 106 95 323 51 2043
leaf_count=15942 2742 1536 135 1206 1219 97 168 1719 178 106 95 323 51 2043
internal_value=4.10058e-07 0.00486829 -0.00144833 0.00891092 -0.00248201 -0.00331442 0.0257025 -0.0130303 -0.00218914 0.00881803 0.017049 0.0266169 -0.0108004 0.00121603
internal_weight=27560 6321 21239 1927 19312 17987 721 1867 16120 1325 553 418 1770 4785
internal_count=27560 6321 21239 1927 19312 17987 721 1867 16120 1325 553 418 1770 4785
is_linear=0
shrinkage=0.05


Tree=108
num_leaves=15
num_cat=0
split_feature=18 29 9 37 4 31 20 25 34 20 37 45 37 45
split_gain=75.658 80.3484 49.9714 57.9495 51.1372 48.3312 44.9871 51.8897 44.7618 41.6818 73.3685 55.6606 40.1296 39.3335
threshold=-0.5 1.2414956552944976 0.99273157538877632 99.912500000000009 0.47916666666666669 9.5000000000000018 31.479166666666668 4.9013962430763263 8.5000000000000018 15.97916666666667 97.312500000000014 23.500000000000004 85.770833333333357 31.500000000000004
decision_type=2 2 2 2 2 2 2 2 2 2 2 10 2 10
left_child=5 -2 -3 -4 -5 6 8 -8 9 -1 13 -12 -10 -11
right_child=1 2 3 4 -6 -7 7 -9 12 10 11 -13 -14 -15
leaf_value=-0.0027224936840770583 -0.002737050317739765 0.0087074231072053927 0.00063882019285037717 0.035173678506189625 0.0047299261630368641 0.012362961770092388 -0.0097162436542881508 -0.078780511977031911 0.0028849776991636232 -0.016234162610076989 0.0027813799165158077 0.06058959765056128 0.036065929131502777 0.0073056421713043138
leaf_weight=6490 6027 4235 6888 234 336 457 74 43 412 1789 209 52 117 197
leaf_count=6490 6027 4235 6888 234 336 457 74 43 412 1789 209 52 117 197
internal_value=3.89554e-07 0.00195259 0.0043698 0.00190669 0.0172279 -0.00351515 -0.0042885 -0.0350988 -0.00389946 -0.00475458 -0.0106238 0.0142987 0.0102237 -0.0138991
internal_weight=27560 17720 11693 7458 570 9840 9383 117 9266 8737 2247 261 529 1986
internal_count=27560 17720 11693 7458 570 9840 9383 117 9266 8737 2247 261 529 1986
is_linear=0
shrinkage=0.05


Tree=109
num_leaves=15
num_cat=0
split_feature=31 37 34 45 20 37 43 31 5 24 24 41 30 45
split_gain=72.7552 65.6314 63.0729 71.6834 52.7008 86.5491 70.5698 61.5825 65.8544 57.3555 49.9402 47.2157 47.0031 43.2583
threshold=1.0000000180025095e-35 54.862500000000004 6.5000000000000009 16.500000000000004 20.187500000000004 99.912500000000009 11.214285714285717 8.5000000000000018 0.64583333333333337 21.127976190476193 14.764880952380954 202.50000000000003 0.5744047619047622 33.500000000000007
decision_type=2 2 2 8 2 2 2 2 2 2 2 2 2 10
left_child=10 -2 4 -4 7 6 9 13 -9 -6 -1 -8 -5 -3
right_child=1 2 3 12 5 -7 11 8 -10 -11 -12 -13 -14 -15
leaf_value=-0.0068704909341022764 -0.0047949936472112091 0.00037177205372459246 0.0029899582924157765 0.020383608125291285 -0.0078188423776910428 0.024125614671662198 -0.0086544906564860174 0.028824290122568139 -0.0029217621086418686 -0.086045845738559404 -0.034977308146678314 0.037070030057481655 -0.0014110405191655655 0.026783934477598043
leaf_weight=1723 4486 12324 4033 1180 42 212 2124 409 272 53 174 58 313 157
leaf_count=1723 4486 12324 4033 1180 42 212 2124 409 272 53 174 58 313 157
internal_value=3.70075e-07 0.000698831 0.00186261 0.00645485 0.000241195 -0.0064308 -0.00927576 0.0015029 0.0161445 -0.0514613 -0.00944855 -0.00743908 0.0158145 0.000704014
internal_weight=27560 25663 21177 5526 15651 2489 2277 13162 681 95 1897 2182 1493 12481
internal_count=27560 25663 21177 5526 15651 2489 2277 13162 681 95 1897 2182 1493 12481
is_linear=0
shrinkage=0.05


Tree=110
num_leaves=15
num_cat=1
split_feature=38 0 20 25 10 31 6 29 10 45 50 37 22 15
split_gain=69.5379 54.6983 81.1171 49.9712 47.7639 52.9683 83.761 41.0532 40.7551 101.357 88.7386 39.4963 75.5527 37.3621
threshold=75.500000000000014 37.187500000000007 37.187500000000007 0.59016688967775022 5.5000000000000009 12.500000000000002 0.84724035393095465 3.554128539433949 3.5000000000000004 27.500000000000004 0 64.612500000000011 24.020833333333339 1.0000000180025095e-35
decision_type=2 2 2 2 2 2 2 2 2 10 1 2 2 2
left_child=11 2 3 -2 5 8 7 -7 9 -5 -10 12 -1 -13
right_child=1 -3 -4 4 -6 6 -8 -9 10 -11 -12 13 -14 -15
leaf_value=-0.0063554136911588488 -0.0020879513359577631 0.028723939574189131 -0.050004901994313844 0.0016581587202902127 0.011098397120195539 0.089625804200768475 0.0013995721479882017 0.032452435002260374 0.0066828661902226839 0.022086858764499603 -0.0098699123769726387 -0.0045918366028771971 -0.063830961441171591 0.0037271535282216873
leaf_weight=4031 5721 187 76 5812 1800 40 278 146 1375 678 1943 2856 58 2559
leaf_count=4031 5721 187 76 5812 1800 40 278 146 1375 678 1943 2856 58 2559
internal_value=3.5159e-07 0.0018225 0.00154097 0.00176115 0.00358526 0.0022687 0.0187762 0.0447478 0.00148776 0.00379231 -0.00301994 -0.00346142 -0.00717067 -0.00066048
internal_weight=27560 18056 17869 17793 12072 10272 464 186 9808 6490 3318 9504 4089 5415
internal_count=27560 18056 17869 17793 12072 10272 464 186 9808 6490 3318 9504 4089 5415
cat_boundaries=0 1
cat_threshold=28
is_linear=0
shrinkage=0.05


Tree=111
num_leaves=15
num_cat=1
split_feature=18 1 20 25 9 39 23 13 29 50 34 39 34 20
split_gain=66.1469 68.6052 48.377 46.3792 43.2172 41.9696 46.6615 58.6284 41.2221 41.1379 43.4052 43.3954 36.4673 48.878
threshold=-0.5 11.812500000000002 10.47916666666667 2.4729355064583349 0.98120039682539695 23.500000000000004 32.770833333333336 154.50000000000003 4.0410535189672521 0 8.5000000000000018 14.500000000000002 8.5000000000000018 20.729166666666668
decision_type=2 2 2 2 2 2 2 2 2 1 2 2 2 2
left_child=5 -2 3 -3 8 -1 12 -8 -4 10 -6 -11 13 -7
right_child=1 2 4 -5 9 6 7 -9 -10 11 -12 -13 -14 -15
leaf_value=-0.0062236212025239936 -0.0028905178630098728 0.0084799751358767255 0.013064092329698899 0.034160254972692559 0.0068529431863245688 0.0024092731185770934 0.010783817347858035 -0.055237952621494668 0.062341538867649607 -0.015391429176937286 0.03416164900129072 0.0017825821584113361 0.015225440107166803 -0.012185920586217822
leaf_weight=5440 5373 736 213 231 1840 3137 57 82 53 384 158 8732 422 702
leaf_count=5440 5373 736 213 231 1840 3137 57 82 53 384 158 8732 422 702
internal_value=2.76173e-07 0.00182565 0.00387796 0.0146146 0.00296563 -0.00328687 0.000344017 -0.0281643 0.0228825 0.00248895 0.00896761 0.00105799 0.001274 -0.000259606
internal_weight=27560 17720 12347 967 11380 9840 4400 139 266 11114 1998 9116 4261 3839
internal_count=27560 17720 12347 967 11380 9840 4400 139 266 11114 1998 9116 4261 3839
cat_boundaries=0 1
cat_threshold=32
is_linear=0
shrinkage=0.05


Tree=112
num_leaves=15
num_cat=0
split_feature=31 37 42 20 15 0 45 1 37 6 29 37 1 34
split_gain=61.93 55.1256 53.4899 72.5435 71.6623 54.0235 49.3653 48.9085 48.4763 71.6417 50.3284 46.913 46.1396 45.0082
threshold=1.0000000180025095e-35 54.862500000000004 131.71428571428575 26.354166666666668 1.0000000180025095e-35 26.729166666666668 32.500000000000007 57.770833333333336 90.21250000000002 0.80805826118326129 5.5526934377931374 96.262500000000017 19.645833333333339 6.5000000000000009
decision_type=2 2 2 2 2 2 10 2 2 2 2 2 2 2
left_child=12 -2 3 5 8 6 -3 -6 9 10 -5 -4 -1 -11
right_child=1 2 11 4 7 -7 -8 -9 -10 13 -12 -13 -14 -15
leaf_value=-0.0065762532453336386 -0.0043902823606903714 0.00055339666273457051 0.0053556688628064696 -0.040999107842799282 -0.0019529128102390972 0.025446043220068038 0.018144795561983808 0.054659126859835608 -0.006952883582928871 -0.052817732580872467 -0.099768496385528427 0.024377138069054734 -0.037116009226643057 0.0079143169096537996
leaf_weight=1764 4486 16000 3255 142 287 229 409 44 254 43 49 360 133 105
leaf_count=1764 4486 16000 3255 142 287 229 409 44 254 43 49 360 133 105
internal_value=2.62389e-07 0.00064467 0.00171124 0.000571148 -0.0130652 0.00132845 0.000991868 0.00557255 -0.0234683 -0.0358427 -0.0560761 0.00724992 -0.00871742 -0.00973081
internal_weight=27560 25663 21177 17562 924 16638 16409 331 593 339 191 3615 1897 148
internal_count=27560 25663 21177 17562 924 16638 16409 331 593 339 191 3615 1897 148
is_linear=0
shrinkage=0.05


Tree=113
num_leaves=15
num_cat=2
split_feature=16 45 50 50 1 45 20 34 33 29 45 34 34 20
split_gain=61.2535 126.753 91.6058 84.7157 75.5129 55.7216 89.2867 73.9821 60.3803 50.0397 53.2921 55.3562 50.0174 44.2938
threshold=-0.22252093395631442 8.5000000000000018 0 1 37.895833333333336 19.500000000000004 16.937500000000004 2.5000000000000004 2.5000000000000004 6.0670838715947397 30.500000000000004 8.5000000000000018 8.5000000000000018 16.770833333333339
decision_type=2 10 1 1 2 10 2 2 2 2 10 2 2 2
left_child=3 -2 5 4 12 6 -3 -8 -7 10 -4 -12 -1 -6
right_child=1 2 9 -5 13 8 7 -9 -10 -11 11 -13 -14 -15
leaf_value=-0.0080098992597741076 -0.0016774347344564507 0.026596690550204218 0.0015928277442457347 0.00055967031152155634 0.016770722621932944 0.04739707813700661 -0.026872310186935856 0.0082884859884244499 0.014049590993453107 -0.037063555845192504 0.013977747668948354 0.07193327807902318 0.010584176514417615 -0.034873298138348656
leaf_weight=3605 9367 615 3547 7350 47 250 175 1031 297 77 395 46 402 356
leaf_count=3605 9367 615 3547 7350 47 250 175 1031 297 77 395 46 402 356
internal_value=2.49243e-07 0.00203387 0.00743786 -0.002732 -0.0082008 0.015232 0.0110927 0.00318638 0.0292907 0.00285301 0.00363087 0.020023 -0.00614446 -0.0288503
internal_weight=27560 15800 6433 11760 4410 2368 1821 1206 547 4065 3988 441 4007 403
internal_count=27560 15800 6433 11760 4410 2368 1821 1206 547 4065 3988 441 4007 403
cat_boundaries=0 1 2
cat_threshold=33 67
is_linear=0
shrinkage=0.05


Tree=114
num_leaves=15
num_cat=1
split_feature=38 25 6 37 16 45 50 10 1 45 32 5 21 29
split_gain=57.737 60.4957 65.2285 55.0368 51.7814 83.0933 74.707 119.45 149.105 73.1499 53.9235 86.2791 66.2345 51.0275
threshold=165.50000000000003 3.4705333061243802 0.61720619019138767 100.33750000000001 -0.22252093395631442 7.5000000000000009 0 3.5000000000000004 31.562500000000004 26.500000000000004 6.5000000000000009 0.85416666666666685 30.312500000000004 2.4836695201461017
decision_type=2 2 2 2 2 10 1 2 2 10 2 2 2 2
left_child=3 -2 -3 4 6 -6 -1 9 -9 -8 -7 12 -12 -5
right_child=1 2 -4 13 5 10 7 8 -10 -11 11 -13 -14 -15
leaf_value=0.0014126079912962428 0.0038649641673811682 0.078543449930992784 0.017938992825985694 0.00085742186498899647 -0.0025728225773212362 0.0039303689748249318 -0.00087215009478707178 -0.0072487538252113794 -0.030257171939231432 0.029447908329081025 0.048998387057623938 -0.010318125681164128 -0.014860752418789328 0.02013566786685702
leaf_weight=4053 1566 51 343 815 7890 5579 1914 3210 902 222 237 136 49 593
leaf_count=4053 1566 51 343 815 7890 5579 1914 3210 902 222 237 136 49 593
internal_value=2.46958e-07 0.00827108 0.0257837 -0.000632989 -0.00119229 0.000799736 -0.00387855 -0.00730143 -0.0122958 0.00227909 0.00523391 0.0224672 0.0380575 0.00897674
internal_weight=27560 1960 394 25600 24192 13891 10301 6248 4112 2136 6001 422 286 1408
internal_count=27560 1960 394 25600 24192 13891 10301 6248 4112 2136 6001 422 286 1408
cat_boundaries=0 1
cat_threshold=28
is_linear=0
shrinkage=0.05


Tree=115
num_leaves=15
num_cat=1
split_feature=18 27 9 37 20 1 32 50 6 31 20 22 36 6
split_gain=56.6494 54.3442 53.5912 58.9513 39.0569 85.9432 41.9136 50.9822 48.5901 36.8763 40.561 36.865 52.6449 35.9796
threshold=-0.5 1.8665790739153223 0.99273157538877632 99.912500000000009 11.97916666666667 20.854166666666668 5.5000000000000009 0 0.99945175438596501 9.5000000000000018 34.562500000000007 23.229166666666668 5.2142857142857153 0.35637645270672802
decision_type=2 2 2 2 2 2 2 1 2 2 2 2 2 2
left_child=9 -2 13 4 5 -4 7 -6 -9 10 -1 -11 -13 -3
right_child=1 2 3 -5 6 -7 -8 8 -10 11 -12 12 -14 -15
leaf_value=-0.0034968387173811019 -0.00071669033158008053 0.04828556627335568 0.0063069698324699011 0.021320978687791568 0.0056750517935606828 0.076042039121719127 0.0048650829115250843 -0.013343019733978388 0.015064745689156707 0.021808469400438318 -0.05274315463112933 -0.048374155350029473 0.01130964971290758 0.0097398136521752859
leaf_weight=9341 10096 62 737 360 680 47 1474 1526 167 286 42 54 117 2571
leaf_count=9341 10096 62 737 360 680 47 1474 1526 167 286 42 54 117 2571
internal_value=2.60219e-07 0.00168951 0.00487589 0.00183111 0.000316021 0.0104875 -0.00175688 -0.00587014 -0.0104789 -0.00304176 -0.00371727 0.0108277 -0.00753787 0.0106475
internal_weight=27560 17720 7624 4991 4631 784 3847 2373 1693 9840 9383 457 171 2633
internal_count=27560 17720 7624 4991 4631 784 3847 2373 1693 9840 9383 457 171 2633
cat_boundaries=0 1
cat_threshold=48
is_linear=0
shrinkage=0.05


Tree=116
num_leaves=15
num_cat=2
split_feature=39 16 50 45 50 29 24 45 1 32 34 32 20 34
split_gain=54.1915 43.6167 75.3589 72.51 67.261 58.7022 82.3805 65.904 57.565 54.863 45.6559 45.6539 42.7112 57.8645
threshold=17.500000000000004 -0.22252093395631442 0 17.500000000000004 1 6.0670838715947397 21.127976190476193 30.500000000000004 37.895833333333336 7.5000000000000009 8.5000000000000018 4.5000000000000009 16.520833333333339 2.5000000000000004
decision_type=2 2 1 10 1 2 2 10 2 2 2 2 2 2
left_child=-1 4 3 12 8 7 -7 -4 11 -5 -9 -2 -3 -14
right_child=1 2 5 9 -6 6 -8 10 -10 -11 -12 -13 13 -15
leaf_value=-0.00447869901772686 -0.0084291971363670264 0.013983887205159976 0.00030214156427139265 0.019970267322146518 0.0017925124677368892 0.006555115979720365 -0.079625482748141865 0.014853532678882281 -0.026868938326009052 0.072069070210511038 0.068152771211332744 0.0052266864515541148 -0.024431364557506583 0.0043419950400893949
leaf_weight=5424 2371 969 9021 622 5875 57 54 375 329 55 45 825 201 1337
leaf_count=5424 2371 969 9021 622 5875 57 54 375 329 55 45 825 201 1337
internal_value=3.50166e-07 0.00109785 0.00300461 0.00965255 -0.00148559 0.000777707 -0.0353706 0.00120353 -0.00693451 0.0242028 0.0205642 -0.00490413 0.00576184 0.000581627
internal_weight=27560 22136 12736 3184 9400 9552 111 9441 3525 677 420 3196 2507 1538
internal_count=27560 22136 12736 3184 9400 9552 111 9441 3525 677 420 3196 2507 1538
cat_boundaries=0 1 2
cat_threshold=33 67
is_linear=0
shrinkage=0.05


Tree=117
num_leaves=15
num_cat=0
split_feature=31 21 24 45 15 38 37 30 0 20 4 20 22 26
split_gain=51.3155 44.1934 42.8558 41.4767 67.3991 54.8087 58.9529 40.0641 42.5774 38.4346 86.3282 68.2631 66.3875 59.0531
threshold=1.0000000180025095e-35 31.104166666666668 14.764880952380954 29.500000000000004 1.0000000180025095e-35 127.50000000000001 85.487500000000026 0.34226190476190493 16.645833333333339 26.562500000000004 0.97916666666666685 32.479166666666679 32.395833333333336 21.992559523809529
decision_type=2 2 2 10 2 2 2 2 2 2 2 2 2 2
left_child=2 3 -1 9 5 6 -5 8 -6 12 11 13 -2 -11
right_child=1 -3 -4 4 7 -7 -8 -9 -10 10 -12 -13 -14 -15
leaf_value=-0.005546932975471635 1.1671563824730506e-05 0.010067651242978247 -0.0315839351556296 -0.04252501266226838 -0.0064847119684730255 0.020316125825513155 0.00018479807848303484 -0.0099152763728314729 0.038554937946521178 -0.048271886697940289 0.0078708720975772667 -0.045957197666661266 0.036266869827224983 -0.0057614067953961371
leaf_weight=1723 21842 1173 174 112 63 200 290 71 314 93 536 170 127 672
leaf_count=1723 21842 1173 174 112 63 200 290 71 314 93 536 170 127 672
internal_value=3.65192e-07 0.000586955 -0.00793515 0.000132857 0.00985499 -0.00107306 -0.0117145 0.0245396 0.0310284 -0.000302648 -0.00812705 -0.017298 0.000221258 -0.0109293
internal_weight=27560 25663 1897 24490 1050 602 402 448 377 23440 1471 935 21969 765
internal_count=27560 25663 1897 24490 1050 602 402 448 377 23440 1471 935 21969 765
is_linear=0
shrinkage=0.05


Tree=118
num_leaves=15
num_cat=0
split_feature=18 25 10 31 6 41 39 23 13 34 20 37 30 38
split_gain=49.113 48.4113 41.0873 57.5773 97.9308 34.3228 32.6871 40.7586 51.1124 30.5771 44.4584 37.4228 35.1129 45.7508
threshold=-0.5 0.59016688967775022 5.5000000000000009 12.500000000000002 0.84724035393095465 210.50000000000003 23.500000000000004 32.770833333333336 144.50000000000003 8.5000000000000018 20.729166666666668 83.725000000000009 0.053571428571428527 150.50000000000003
decision_type=2 2 2 2 2 2 2 2 2 2 2 2 2 2
left_child=6 -2 3 5 -5 -3 -1 9 -9 10 -8 -11 13 -12
right_child=1 2 -4 4 -6 -7 7 8 -10 11 12 -13 -14 -15
leaf_value=-0.0054238236938894107 -0.0019384921983739041 0.0010047041794750695 0.010807413234025415 0.05469057205059439 0.0037304778077954324 0.021892762122286566 0.0023824285391772721 0.014819251046496996 -0.048643822421630227 0.0062641209607673196 -0.0067446403353577647 0.042614096833858639 -0.022251569975280112 0.049623813380191971
leaf_weight=5440 6316 9118 1653 139 293 201 3137 49 90 332 295 90 366 41
leaf_count=5440 6316 9118 1653 139 293 201 3137 49 90 332 295 90 366 41
internal_value=3.46923e-07 0.00157322 0.00351815 0.00228247 0.0201274 0.00145524 -0.00283211 0.000372197 -0.0262719 0.00124137 -0.00016293 0.0140165 -0.0115373 0.000133653
internal_weight=27560 17720 11404 9751 432 9319 9840 4400 139 4261 3839 422 702 336
internal_count=27560 17720 11404 9751 432 9319 9840 4400 139 4261 3839 422 702 336
is_linear=0
shrinkage=0.05


Tree=119
num_leaves=15
num_cat=0
split_feature=34 32 20 42 37 30 1 37 4 0 38 5 34 6
split_gain=45.7158 73.8238 64.6533 62.8643 54.0292 56.4841 53.3671 52.1072 50.4874 43.7565 40.5386 54.0513 39.257 38.4207
threshold=4.5000000000000009 7.5000000000000009 20.312500000000004 75.500000000000014 88.112500000000011 0.47916666666666685 41.895833333333336 99.912500000000009 0.77083333333333337 11.145833333333334 212.50000000000003 0.47916666666666669 8.5000000000000018 0.59014369560817659
decision_type=2 2 2 2 2 2 2 2 2 2 2 2 2 2
left_child=1 2 -1 -4 6 12 10 -5 9 -3 -2 -12 -6 -8
right_child=4 8 3 7 5 -7 13 -9 -10 -11 11 -13 -14 -15
leaf_value=-0.0014525497510504406 0.00072263348884073122 0.073246791603606795 -0.071621165358357969 -0.015260226439117312 0.011145321944076655 -0.00044349820090994608 -0.013540510708310952 0.018287741598310588 -0.0044972041242224703 0.019912872787892492 0.055871977036197985 0.0043166721789868008 0.031386010082704682 -0.067644961573006146
leaf_weight=14483 8585 43 45 994 1078 900 150 131 213 364 78 146 308 42
leaf_count=14483 8585 43 45 994 1078 900 150 131 213 364 78 146 308 42
internal_value=3.29589e-07 -0.00169564 -0.00236589 -0.0136717 0.00244549 0.00930989 0.000702132 -0.0113538 0.0152258 0.0255477 0.00127053 0.022269 0.0156433 -0.0253759
internal_weight=27560 16273 15653 1170 11287 2286 9001 1125 620 407 8809 224 1386 192
internal_count=27560 16273 15653 1170 11287 2286 9001 1125 620 407 8809 224 1386 192
is_linear=0
shrinkage=0.05


Tree=120
num_leaves=15
num_cat=0
split_feature=31 37 34 20 37 43 24 45 6 32 24 37 20 35
split_gain=44.4954 41.4609 43.0732 50.885 61.8861 52.8526 51.4314 49.8934 47.8322 83.6378 59.6084 42.9889 52.4541 41.7755
threshold=1.0000000180025095e-35 54.862500000000004 6.5000000000000009 20.187500000000004 99.912500000000009 11.214285714285717 21.127976190476193 16.500000000000004 0.91632632649319046 6.5000000000000009 20.919642857142861 63.412500000000009 12.85416666666667 6.0714285714285721
decision_type=2 2 2 2 2 2 2 8 2 2 2 2 2 2
left_child=-1 -2 3 8 5 6 -5 -4 9 11 -11 12 -3 -9
right_child=1 2 7 4 -6 -7 -8 13 -10 10 -12 -13 -14 -15
leaf_value=-0.0073890710888339295 -0.0038200154650239087 0.0028691172418775076 0.0023757814896211396 -0.0040109019992606984 0.019414066317280369 -0.0072406580411494212 -0.078087918607974954 0.021787767825315205 -0.0021745850215411648 0.016057205534250774 0.064334976213524908 0.0047652706729299325 -0.014186288393754652 0.0050462895107054092
leaf_weight=1897 4486 1106 4033 42 212 2182 53 716 5521 515 73 5186 761 777
leaf_count=1897 4486 1106 4033 42 212 2182 53 716 5521 515 73 5186 761 777
internal_value=3.13098e-07 0.000546534 0.00147152 0.000131605 -0.00642445 -0.00883014 -0.0453381 0.00526647 0.00137139 0.00393353 0.0220509 0.00242311 -0.00408276 0.013075
internal_weight=27560 25663 21177 15651 2489 2277 95 5526 13162 7641 588 7053 1867 1493
internal_count=27560 25663 21177 15651 2489 2277 95 5526 13162 7641 588 7053 1867 1493
is_linear=0
shrinkage=0.05


Tree=121
num_leaves=15
num_cat=0
split_feature=10 10 45 45 4 1 29 32 29 45 33 4 45 36
split_gain=44.4498 56.3971 120.785 103.013 108.252 62.6926 59.7135 89.812 69.3906 50.1328 46.023 50.3392 43.8055 43.5661
threshold=5.5000000000000009 3.5000000000000004 8.5000000000000018 1.5000000000000002 0.97916666666666685 27.979166666666668 5.2190411958639471 6.5000000000000009 5.9400558288874743 35.500000000000007 2.5000000000000004 0.64583333333333337 15.500000000000002 2.5000000000000004
decision_type=2 2 10 10 2 2 2 2 2 10 2 2 10 2
left_child=1 2 -1 -3 5 -5 9 8 12 10 11 -4 -8 -10
right_child=-2 3 6 4 -6 -7 7 -9 13 -11 -12 -13 -14 -15
leaf_value=-0.002737846689608062 0.0049023007502414246 0.0028602202800792377 0.01223345952377212 -0.0092323022304997681 0.0017052114957011655 -0.024117033441776299 -0.0027256039563905111 0.062207533853318266 0.020393128294639198 0.032897888636216524 -0.002514662500317739 0.00055719108709219691 0.038805091695190135 -0.02598704171188651
leaf_weight=9318 3960 3068 2070 2103 1603 1066 88 108 79 152 1910 1666 228 141
leaf_count=9318 3960 3068 2070 2103 1603 1066 88 108 79 152 1910 1666 228 141
internal_value=2.97426e-07 -0.000822242 0.000901698 -0.00428771 -0.00888324 -0.0142393 0.0061661 0.0206103 0.0122287 0.00456175 0.00379889 0.00702664 0.0272396 -0.00933234
internal_weight=27560 23600 15760 7840 4772 3169 6442 644 536 5798 5646 3736 316 220
internal_count=27560 23600 15760 7840 4772 3169 6442 644 536 5798 5646 3736 316 220
is_linear=0
shrinkage=0.05


Tree=122
num_leaves=15
num_cat=0
split_feature=18 1 20 25 9 29 33 8 38 4 35 45 1 20
split_gain=43.8956 41.1793 42.5555 38.4744 38.0276 37.063 30.4443 29.5431 33.5175 46.0328 36.3199 28.7825 54.5338 46.1558
threshold=-0.5 11.812500000000002 10.47916666666667 2.6096569108902306 0.98120039682539695 4.0410535189672521 7.5000000000000009 0.0036300505050505054 178.50000000000003 0.64583333333333337 12.928571428571431 19.500000000000004 37.770833333333336 15.562500000000002
decision_type=2 2 2 2 2 2 2 2 2 2 2 10 2 2
left_child=11 -2 3 -3 5 -4 7 8 10 -10 -6 13 -13 -1
right_child=1 2 4 -5 6 -7 -8 -9 9 -11 -12 12 -14 -15
leaf_value=-0.0013975472807097261 -0.0021665749847164547 0.0081186369001827931 0.011594511423983607 0.032927919582615858 0.0008208365123675565 0.058319928122789792 0.044263423931053175 -0.017238137766527838 0.024123934463368597 0.0022490562442117295 0.037489262782037257 -0.0016874231914445537 0.022416469846997182 -0.0095210494133964301
leaf_weight=6164 5373 771 213 196 9781 53 42 204 389 630 68 920 315 2441
leaf_count=6164 5373 771 213 196 9781 53 42 204 389 630 68 920 315 2441
internal_value=2.82586e-07 0.00148727 0.0030773 0.0131472 0.00222162 0.0209045 0.00177447 0.0016133 0.00196715 0.0105997 0.001074 -0.0026775 0.00446053 -0.00370196
internal_weight=27560 17720 12347 967 11380 266 11114 11072 10868 1019 9849 9840 1235 8605
internal_count=27560 17720 12347 967 11380 266 11114 11072 10868 1019 9849 9840 1235 8605
is_linear=0
shrinkage=0.05


Tree=123
num_leaves=15
num_cat=1
split_feature=39 6 20 29 3 50 20 34 45 15 33 4 31 5
split_gain=41.2785 38.0336 55.9593 52.2018 37.4606 37.2634 90.3548 59.6932 55.6243 56.8456 49.7651 47.7645 88.7877 73.3483
threshold=17.500000000000004 0.99799999199996814 13.062500000000002 5.3956091039456711 2.5625000000000004 0 12.520833333333334 8.5000000000000018 19.500000000000004 -0.8783796973249266 2.5000000000000004 0.97916666666666685 16.500000000000004 0.77083333333333337
decision_type=2 2 2 2 2 1 2 2 10 2 2 2 2 2
left_child=1 2 -1 -4 5 6 -2 -7 11 -10 -11 12 13 -8
right_child=4 -3 3 -5 -6 7 8 -9 9 10 -12 -13 -14 -15
leaf_value=-0.0024876919033706081 0.014844761951828531 0.0053009357493855984 -0.017937839211594565 0.024905961013160109 -0.02601262195430536 -0.0016810188570810444 -0.0028648368944552203 0.017216966230570788 -0.018148649822299679 0.034841493772640571 0.0080850225670044042 0.004102342205631034 0.06992483185377063 -0.040286467711406732
leaf_weight=3317 1442 929 1102 76 128 10607 4358 435 120 294 425 4151 41 135
leaf_count=3317 1442 929 1102 76 128 10607 4358 435 120 294 425 4151 41 135
internal_value=2.68431e-07 -0.00390888 -0.00581231 -0.0151737 0.000958129 0.00111499 0.00317784 -0.000935685 0.00141472 0.0137088 0.0190258 0.000227071 -0.00332085 -0.00398923
internal_weight=27560 5424 4495 1178 22136 22008 10966 11042 9524 839 719 8685 4534 4493
internal_count=27560 5424 4495 1178 22136 22008 10966 11042 9524 839 719 8685 4534 4493
cat_boundaries=0 1
cat_threshold=45
is_linear=0
shrinkage=0.05


Tree=124
num_leaves=15
num_cat=0
split_feature=10 10 45 45 4 1 4 32 6 37 38 20 45 7
split_gain=39.5464 50.3118 106.508 92.0637 95.7771 57.7049 53.7331 87.4357 53.4521 45.7286 47.8926 46.9191 44.2481 44.5324
threshold=5.5000000000000009 3.5000000000000004 8.5000000000000018 1.5000000000000002 0.97916666666666685 31.562500000000004 0.81250000000000011 6.5000000000000009 0.81841450641529201 98.012500000000017 165.50000000000003 32.854166666666679 33.500000000000007 0.2690238072501136
decision_type=2 2 10 10 2 2 2 2 2 2 2 2 10 2
left_child=1 2 -1 -3 5 -5 7 12 -9 10 11 -7 13 -4
right_child=-2 3 6 4 -6 9 -8 8 -10 -11 -12 -13 -14 -15
leaf_value=-0.0025649978851558343 0.004623982506231499 0.0027086219676500187 0.014186365102474112 -0.0089100559399618983 0.0015664684815723717 -0.027718207083588905 -0.00073310370036937375 0.046489298945071839 0.003464468739156683 0.0030712875678277703 0.011117376438859437 -0.071505515143942475 0.026939010002303782 0.002078885938315761
leaf_weight=9318 3960 3068 1062 2187 1603 704 2116 236 104 139 72 67 258 2666
leaf_count=9318 3960 3068 1062 2187 1603 704 2116 236 104 139 72 67 258 2666
internal_value=2.55012e-07 -0.000775591 0.000852689 -0.00404877 -0.0083932 -0.0134312 0.00579619 0.00898989 0.0333288 -0.0235001 -0.0278814 -0.0315233 0.00691382 0.00552796
internal_weight=27560 23600 15760 7840 4772 3169 6442 4326 340 982 843 771 3986 3728
internal_count=27560 23600 15760 7840 4772 3169 6442 4326 340 982 843 771 3986 3728
is_linear=0
shrinkage=0.05


Tree=125
num_leaves=15
num_cat=0
split_feature=18 29 9 37 4 6 25 20 7 41 21 31 28 20
split_gain=38.2232 35.8151 41.4799 36.0543 37.002 36.6569 32.2577 30.7644 29.3623 27.8737 30.6564 27.5644 27.5279 41.8773
threshold=-0.5 1.2414956552944976 0.99273157538877632 99.912500000000009 0.47916666666666669 0.74347123566504758 2.565059535555307 7.3125000000000009 0.65576505821593389 215.50000000000003 37.437500000000007 13.500000000000002 27.981250000000006 25.354166666666668
decision_type=2 2 2 2 2 2 2 2 2 2 2 2 2 2
left_child=11 -2 8 7 5 6 -5 -4 9 10 -3 12 -1 -14
right_child=1 2 3 4 -6 -7 -8 -9 -10 -11 -12 -13 13 -15
leaf_value=-0.0022468831475911197 -0.0017431769762952902 0.0052670856961380677 0.013215275939102867 -0.011533194639831519 0.0022113229568709531 0.053140172946473802 0.035801266202677602 -0.0010722027257849388 0.0403000410187703 0.029784595464016385 0.047711081581926627 0.032480723818298432 0.013045072844010089 -0.030380148109254525
leaf_weight=9508 6027 4003 400 71 336 90 73 6488 65 124 43 56 77 199
leaf_count=9508 6027 4003 400 71 336 90 73 6488 65 124 43 56 77 199
internal_value=2.42268e-07 0.00138783 0.00300166 0.000757564 0.0128426 0.0281079 0.0124627 -0.0002425 0.0069536 0.00643382 0.00571817 -0.00249854 -0.00269875 -0.0182651
internal_weight=27560 17720 11693 7458 570 234 144 6888 4235 4170 4046 9840 9784 276
internal_count=27560 17720 11693 7458 570 234 144 6888 4235 4170 4046 9840 9784 276
is_linear=0
shrinkage=0.05


Tree=126
num_leaves=15
num_cat=0
split_feature=0 20 31 28 1 10 34 37 20 31 5 36 0 38
split_gain=36.9364 69.6456 36.4211 37.4275 36.5705 34.0226 36.5747 48.7919 37.8197 51.833 51.0426 39.726 38.8639 33.7748
threshold=37.187500000000007 37.187500000000007 1.0000000180025095e-35 17.971527777777784 31.812500000000004 5.5000000000000009 7.5000000000000009 64.112500000000011 20.187500000000004 8.5000000000000018 0.72916666666666685 7.6428571428571432 18.729166666666668 185.50000000000003
decision_type=2 2 2 2 2 2 2 2 2 2 2 2 2 2
left_child=1 2 3 -1 -5 6 8 -8 9 -4 -11 12 -10 -13
right_child=-2 -3 5 4 -6 -7 7 -9 11 10 -12 13 -14 -15
leaf_value=-0.0050710695328581397 0.021969648734911494 -0.047331402484232038 -0.00093666836193993103 -0.07283577931726852 -0.010686560617094595 0.0050788623928693438 -0.00048143636517548319 0.011046414499783839 -0.03227416959014677 0.021111193897482526 -0.0039046169411449229 0.0030897129298563101 -0.0072994976941192589 0.050654981693341622
leaf_weight=1799 190 78 14567 41 56 3474 2255 1548 168 539 328 335 2140 42
leaf_count=1799 190 78 14567 41 56 3474 2255 1548 168 539 328 335 2140 42
internal_value=2.3014e-07 -0.00015228 -1.74425e-05 -0.0067023 -0.0369558 0.000481632 -0.000246895 0.00421094 -0.00118255 -0.000229767 0.0116473 -0.00665938 -0.00911741 0.00838876
internal_weight=27560 27370 27292 1896 97 25396 21922 3803 18119 15434 867 2685 2308 377
internal_count=27560 27370 27292 1896 97 25396 21922 3803 18119 15434 867 2685 2308 377
is_linear=0
shrinkage=0.05


Tree=127
num_leaves=15
num_cat=1
split_feature=40 8 45 15 41 27 50 20 1 32 39 31 25 38
split_gain=35.7288 34.1623 33.2059 55.7697 45.4569 42.714 38.4087 69.7071 58.4592 48.6944 47.1176 39.3878 45.1143 37.8985
threshold=9.5000000000000018 0.010995370370370372 29.500000000000004 1.0000000180025095e-35 76.500000000000014 2.8475456937659422 0 8.5208333333333339 27.979166666666668 5.5000000000000009 74.500000000000014 10.500000000000002 2.584980913223244 83.500000000000014
decision_type=2 2 10 2 2 2 1 2 2 2 2 2 2 2
left_child=-1 2 6 4 -4 -5 7 13 11 -10 -9 12 -8 -2
right_child=1 -3 3 5 -6 -7 8 10 9 -11 -12 -13 -14 -15
leaf_value=-0.0030827554673655395 0.017748652627094911 -0.014346689036172568 -0.033243695958409196 -0.0073865007139309984 0.0061156757952102311 0.032611257037721005 -0.00091592242804948453 0.0020353228880617821 -0.020193605424841884 0.014139398419850969 0.038787714613929651 -0.039346130948979409 0.014291114590506858 0.06325964252390559
leaf_weight=7008 167 354 86 84 499 325 7855 9680 644 123 88 64 520 63
leaf_count=7008 167 354 86 84 499 325 7855 9680 644 123 88 64 520 63
internal_value=2.18656e-07 0.00105148 0.00132135 0.0102324 0.000329512 0.0243966 0.00086012 0.00300406 -0.00146993 -0.0146878 0.00236643 -0.000270333 2.82757e-05 0.0302147
internal_weight=27560 20552 20198 994 585 409 19204 9998 9206 767 9768 8439 8375 230
internal_count=27560 20552 20198 994 585 409 19204 9998 9206 767 9768 8439 8375 230
cat_boundaries=0 1
cat_threshold=45
is_linear=0
shrinkage=0.05


Tree=128
num_leaves=15
num_cat=0
split_feature=37 30 32 22 27 42 8 45 45 15 1 40 23 23
split_gain=34.0781 40.6678 39.2785 53.094 64.6624 38.8581 35.943 35.7588 31.6711 43.7078 38.2915 36.5587 32.8214 38.4628
threshold=101.31250000000001 0.2083333333333334 1.5000000000000002 29.729166666666668 3.8533195033411265 91.785714285714292 0.010995370370370372 8.5000000000000018 30.500000000000004 1.0000000180025095e-35 31.812500000000004 14.500000000000002 19.395833333333339 23.104166666666668
decision_type=2 2 2 2 2 2 2 10 10 2 2 2 2 2
left_child=2 7 3 5 -5 -1 8 -2 -4 10 11 -10 -12 -14
right_child=1 -3 6 4 -6 -7 -8 -9 9 -11 12 -13 13 -15
leaf_value=-0.0054881548529711992 -0.0026842559178722868 0.0018259459032508728 0.00071519598170304705 -0.083861563122934774 -0.0074575461899965174 0.0021114649480647603 -0.015877285533911798 0.029760161393149926 -0.016707941981836817 0.02686117241608112 0.0068453777840742002 0.027173789455031856 -0.072221467226016814 -0.0091732646869416585
leaf_weight=4938 118 896 17618 45 72 2551 316 303 66 280 88 169 41 59
leaf_count=4938 118 896 17618 45 72 2551 316 303 66 280 88 169 41 59
internal_value=2.07713e-07 0.00784862 -0.000393663 -0.00342162 -0.0368437 -0.00289947 0.000842086 0.0206665 0.00113046 0.0115375 0.00139418 0.0148496 -0.0154251 -0.035023
internal_weight=27560 1317 26243 7606 117 7489 18637 421 18321 703 423 235 188 100
internal_count=27560 1317 26243 7606 117 7489 18637 421 18321 703 423 235 188 100
is_linear=0
shrinkage=0.05


Tree=129
num_leaves=15
num_cat=0
split_feature=21 20 6 0 37 22 40 21 18 31 27 13 38 42
split_gain=32.6331 38.8048 81.087 56.0504 46.6347 52.6421 73.5504 46.5973 62.853 50.4846 59.0583 38.0636 37.7801 35.5879
threshold=31.104166666666668 26.562500000000004 0.99945175438596501 29.145833333333339 98.304166666666688 34.520833333333336 18.500000000000004 27.312500000000004 0.6830127018922193 5.5000000000000009 5.9986776717148889 116.50000000000001 86.500000000000014 132.21428571428575
decision_type=2 2 2 2 2 2 2 2 2 2 2 2 2 2
left_child=1 3 4 -1 5 7 -7 9 12 10 -3 -8 -9 -6
right_child=-2 2 -4 -5 13 6 11 8 -10 -11 -12 -13 -14 -15
leaf_value=-1.3743229568533437e-05 0.0081459865668619316 -0.011902839569332843 0.01786637801354744 0.036947704915373213 -0.0061220254632644361 -0.10043416850690155 0.015764296893030407 -0.084376618384224611 0.0070492357454592525 0.0062741199976182813 -0.074832069656501216 -0.053213570155203338 -0.032003290676681034 0.040604669556244095
leaf_weight=24577 1177 332 263 103 104 42 40 41 96 421 42 40 215 67
leaf_count=24577 1177 332 263 103 104 42 40 41 96 421 42 40 215 67
internal_value=1.9734e-07 -0.000363203 -0.00766308 0.000140512 -0.0123258 -0.0156288 -0.0468541 -0.0123075 -0.0274529 -0.00560162 -0.0189698 -0.0187246 -0.0403912 0.0121861
internal_weight=27560 26383 1703 24680 1440 1269 122 1147 352 795 374 80 256 171
internal_count=27560 26383 1703 24680 1440 1269 122 1147 352 795 374 80 256 171
is_linear=0
shrinkage=0.05


Tree=130
num_leaves=15
num_cat=1
split_feature=10 10 45 45 4 50 45 1 39 45 33 33 31 45
split_gain=32.6841 43.7919 95.1239 79.5569 82.0751 59.9954 51.1166 50.2928 44.6993 43.3516 52.6384 51.4175 50.6779 43.2918
threshold=5.5000000000000009 3.5000000000000004 5.5000000000000009 1.5000000000000002 0.97916666666666685 0 38.500000000000007 31.562500000000004 15.500000000000002 18.500000000000004 2.5000000000000004 1.5000000000000002 11.500000000000002 22.500000000000004
decision_type=2 2 10 10 2 1 10 2 2 10 2 2 2 10
left_child=1 2 8 -3 7 9 -7 -5 -1 11 13 -4 -12 -11
right_child=-2 3 5 4 -6 6 -8 -9 -10 10 12 -13 -14 -15
leaf_value=-0.01187352003636041 0.0042036509711922713 0.0025227757337177603 0.015570048956644461 -0.0082403681759827818 0.001422317191062418 0.00054355740359254498 0.041859152344802981 -0.021861209665972405 -0.0015267426032965197 0.021811454840590834 0.0061533546258667202 0.0010117012090463816 0.060553806424528983 0.06890909328397489
leaf_weight=1252 3960 3068 1031 2187 1603 5009 76 982 6278 108 396 1473 48 89
leaf_count=1252 3960 3068 1031 2187 1603 5009 76 982 6278 108 396 1473 48 89
internal_value=1.87465e-07 -0.000705139 0.000813975 -0.00375887 -0.00779745 0.00452962 0.00115878 -0.0124612 -0.00324708 0.00994447 0.0215786 0.00700597 0.0120345 0.0430891
internal_weight=27560 23600 15760 7840 4772 8230 5085 3169 7530 3145 641 2504 444 197
internal_count=27560 23600 15760 7840 4772 8230 5085 3169 7530 3145 641 2504 444 197
cat_boundaries=0 1
cat_threshold=33
is_linear=0
shrinkage=0.05


Tree=131
num_leaves=15
num_cat=1
split_feature=34 32 20 50 1 37 6 20 1 43 37 30 1 5
split_gain=31.3077 55.4182 56.4698 50.7306 59.0093 47.1828 67.9471 46.5724 46.7708 45.6121 42.6811 47.1686 45.872 40.6877
threshold=4.5000000000000009 7.5000000000000009 20.312500000000004 0 27.687500000000004 85.287500000000023 0.61356142011588122 24.562500000000004 31.979166666666668 14.500000000000002 88.112500000000011 0.46130952380952384 41.895833333333336 0.52083333333333337
decision_type=2 2 2 1 2 2 2 2 2 2 2 2 2 2
left_child=1 2 -1 4 -4 7 -7 -6 -9 -8 12 -12 -2 -3
right_child=10 13 3 -5 5 6 9 8 -10 -11 11 -13 -14 -15
leaf_value=-0.0011304517894274242 0.0010011378548576313 0.023264864214224284 0.015041236960225635 -0.0011247794751615128 -0.068261829891011247 0.037832514660355331 0.022416718440448367 -0.058594475477002562 0.016108984026041898 -0.034529637947804885 0.014051182073821753 -0.00057934136517541176 -0.023703322117701951 -0.0031368961554278244
leaf_weight=14483 8809 385 90 543 117 48 41 40 44 247 1360 926 192 235
leaf_count=14483 8809 385 90 543 117 48 41 40 44 247 1360 926 192 235
internal_value=1.78082e-07 -0.00140332 -0.00198403 -0.0125502 -0.0220749 -0.0287065 -0.0172434 -0.0478687 -0.0194641 -0.0264227 0.00202367 0.00812473 0.000474168 0.0132577
internal_weight=27560 16273 15653 1170 627 537 336 201 84 288 11287 2286 9001 620
internal_count=27560 16273 15653 1170 627 537 336 201 84 288 11287 2286 9001 620
cat_boundaries=0 1
cat_threshold=193
is_linear=0
shrinkage=0.05


Tree=132
num_leaves=15
num_cat=0
split_feature=18 25 10 31 4 40 35 39 21 13 27 28 43 41
split_gain=31.2888 29.8734 29.8647 38.7985 80.4846 27.498 44.2583 35.1937 30.4436 47.9642 29.953 26.0002 37.697 25.6714
threshold=-0.5 0.59016688967775022 5.5000000000000009 12.500000000000002 0.39583333333333343 24.500000000000004 8.071428571428573 46.500000000000007 21.562500000000004 104.50000000000001 3.1328450040225575 20.281250000000004 18.500000000000004 210.50000000000003
decision_type=2 2 2 2 2 2 2 2 2 2 2 2 2 2
left_child=-1 -2 3 13 -5 6 8 -7 11 -10 -8 -4 -13 -3
right_child=1 2 5 4 -6 7 10 -9 9 -11 -12 12 -14 -15
leaf_value=-0.0022606341068895134 -0.0015030255371678821 0.00066120254274210522 0.0085663760866559174 0.050011044900332181 0.0025297847566738106 0.054012826145593808 0.0079280752930980247 0.012539894603029953 -0.0076370561113733738 0.04713023009806358 -0.042471697116018954 -0.036824319614157955 0.023008734025061133 0.01872593500878458
leaf_weight=9840 6316 9118 982 126 306 71 49 183 61 116 74 77 40 201
leaf_count=9840 6316 9118 982 126 306 71 49 183 61 116 74 77 40 201
internal_value=1.48781e-07 0.00125557 0.0027834 0.0017299 0.0163785 0.00899793 0.00625009 0.0241327 0.00901121 0.0282556 -0.0223937 0.00591179 -0.0163686 0.00105084
internal_weight=27560 17720 11404 9751 432 1653 1399 254 1276 177 123 1099 117 9319
internal_count=27560 17720 11404 9751 432 1653 1399 254 1276 177 123 1099 117 9319
is_linear=0
shrinkage=0.05


Tree=133
num_leaves=15
num_cat=0
split_feature=38 3 10 10 45 4 45 4 32 6 1 7 37 0
split_gain=29.4577 31.7222 28.9878 34.0169 81.6391 74.509 71.0342 53.601 79.3559 56.5236 46.9232 40.1946 38.9191 29.9964
threshold=48.500000000000007 2.5625000000000004 5.5000000000000009 3.5000000000000004 1.5000000000000002 0.97916666666666685 10.500000000000002 0.81250000000000011 6.5000000000000009 0.81841450641529201 31.562500000000004 0.2690238072501136 64.112500000000011 34.395833333333336
decision_type=2 2 2 2 10 2 10 2 2 2 2 2 2 2
left_child=-1 2 3 6 -5 10 -2 8 11 -10 -6 -8 -12 -9
right_child=1 -3 -4 4 5 -7 7 13 9 -11 12 -13 -14 -15
leaf_value=-0.0052448489369519057 -0.0012131677293417357 -0.023396891841759394 0.0047618065339157696 0.0038035454865790784 -0.0073830381922764298 0.0019031977397627393 0.016404942994963909 -0.0039376772153734826 0.048387648915580665 0.0010610187151986693 -0.045416099639783658 0.0037386732247675827 -0.016762975517833265 0.019622483442227046
leaf_weight=2440 9271 138 3646 2798 1934 1500 875 1360 211 90 139 2204 804 150
leaf_count=2440 9271 138 3646 2798 1934 1500 875 1360 211 90 139 2204 804 150
internal_value=1.41328e-07 0.000509607 0.000641666 -6.24039e-05 -0.00286717 -0.00713143 0.0013587 0.00623472 0.00973362 0.0342368 -0.0118419 0.00733821 -0.0209865 -0.00159726
internal_weight=27560 25120 24982 21336 7175 4377 14161 4890 3380 301 2877 3079 943 1510
internal_count=27560 25120 24982 21336 7175 4377 14161 4890 3380 301 2877 3079 943 1510
is_linear=0
shrinkage=0.05


Tree=134
num_leaves=15
num_cat=0
split_feature=37 30 45 32 22 27 6 4 6 20 28 8 45 15
split_gain=28.5504 35.7934 31.8901 31.2331 48.1401 58.7098 35.2516 32.6007 39.9415 31.8279 34.2578 30.5024 27.9905 35.3985
threshold=101.31250000000001 0.2083333333333334 5.5000000000000009 1.5000000000000002 29.729166666666668 3.8533195033411265 0.99701269437565554 0.14583333333333334 0.76552114060963627 27.437500000000004 21.275694444444451 0.010995370370370372 30.500000000000004 1.0000000180025095e-35
decision_type=2 2 10 2 2 2 2 2 2 2 2 2 10 2
left_child=3 2 -2 4 6 -6 7 8 -1 10 -9 12 -5 -14
right_child=1 -3 -4 11 5 -7 -8 9 -10 -11 -12 -13 13 -15
leaf_value=-0.0028993102256761692 -0.015217724765233441 0.0015336530635977398 0.024709748997630107 0.00061683017738378644 -0.079686674492226717 -0.0068842751362050581 0.0059505514118528393 -0.010562075041131283 0.020962744358681389 -0.051473406289258727 0.035825131597315395 -0.014660531861535892 0.0016625154537509854 0.024581256435230573
leaf_weight=4812 58 896 363 17618 45 72 1046 1362 182 46 41 316 423 280
leaf_count=4812 58 896 363 17618 45 72 1046 1362 182 46 41 316 423 280
internal_value=1.34275e-07 0.00718388 0.0192091 -0.00036038 -0.00306048 -0.0348852 -0.00256329 -0.00394548 -0.00202969 -0.0105483 -0.0092065 0.000741567 0.00100722 0.0107909
internal_weight=27560 1317 421 26243 7606 117 7489 6443 4994 1449 1403 18637 18321 703
internal_count=27560 1317 421 26243 7606 117 7489 6443 4994 1449 1403 18637 18321 703
is_linear=0
shrinkage=0.05


Tree=135
num_leaves=15
num_cat=0
split_feature=0 20 40 24 14 32 31 31 31 1 29 37 0 20
split_gain=27.992 69.9364 57.2136 43.5212 37.4614 54.12 32.3654 31.0994 25.9794 35.3814 32.3032 26.8332 48.5524 38.8424
threshold=33.270833333333336 32.854166666666679 26.500000000000004 31.104166666666671 10.500000000000002 10.500000000000002 16.500000000000004 5.5000000000000009 1.0000000180025095e-35 19.645833333333339 3.8994680071424477 54.862500000000004 27.270833333333339 7.0208333333333348
decision_type=2 2 2 2 2 2 2 2 2 2 2 2 2 2
left_child=1 6 3 -3 5 -2 8 -6 9 -1 -11 12 -10 -13
right_child=4 2 -4 -5 7 -7 -8 -9 11 10 -12 13 -14 -15
leaf_value=-0.0039023685463776235 0.042783952706757888 -0.069363624123235545 0.020362719677388671 -0.020321610367350414 -0.027671604810748252 -0.00025649403162384619 0.036347359171534172 0.0063688418786243192 -0.0026459458213337764 -0.057033523851104322 -0.0071319597225417116 0.0093320776805026606 -0.052197591222822672 0.00050906749865443869
leaf_weight=1764 162 75 50 114 80 133 61 416 4375 62 68 1336 50 18814
leaf_count=1764 162 75 50 114 80 133 61 416 4375 62 68 1336 50 18814
internal_value=1.2755e-07 -0.00027379 -0.0272 -0.0397827 0.00927003 0.0233793 -3.12206e-05 0.000878447 -0.000115058 -0.00575757 -0.0309312 0.000319811 -0.00320585 0.00109406
internal_weight=27560 26769 239 189 791 295 26530 496 26469 1894 130 24575 4425 20150
internal_count=27560 26769 239 189 791 295 26530 496 26469 1894 130 24575 4425 20150
is_linear=0
shrinkage=0.05


Tree=136
num_leaves=15
num_cat=0
split_feature=18 33 21 30 35 22 45 15 16 37 9 26 10 32
split_gain=26.9596 27.5203 24.3464 43.111 43.3777 26.8938 24.3273 53.694 41.2015 47.0068 46.2315 29.6947 44.8311 32.1529
threshold=-0.5 7.5000000000000009 34.437500000000007 0.60714285714285732 12.214285714285717 28.270833333333339 10.500000000000002 1.0000000180025095e-35 1.0000000180025095e-35 66.912500000000009 0.99323830409356739 26.400297619047624 3.5000000000000004 1.5000000000000002
decision_type=2 2 2 2 2 2 10 2 2 2 2 2 2 2
left_child=6 2 -2 -4 5 -5 11 8 -8 10 -10 13 -13 -1
right_child=1 -3 3 4 -6 -7 7 -9 9 -11 -12 12 -14 -15
leaf_value=-0.008076136442717716 0.00073755358858270835 0.040216997062994378 0.028168318991083654 -0.051482036090455957 0.023683560849167409 -0.005496921016113653 -0.011202742233121997 0.008817993053332196 0.0048404006518611162 -0.0029920938713211788 0.050532786207496308 -0.051081966013880445 0.0066531561539861662 -0.00069861299434076168
leaf_weight=2317 17138 45 226 40 116 155 982 1403 139 696 92 80 58 4073
leaf_count=2317 17138 45 226 40 116 155 982 1403 139 696 92 80 58 4073
internal_value=1.21197e-07 0.00116546 0.00106604 0.0115494 -0.000527367 -0.0149298 -0.00209844 0.00139187 -0.00406588 0.00349443 0.0230382 -0.00386926 -0.0268165 -0.00337369
internal_weight=27560 17720 17675 537 311 195 9840 3312 1909 927 231 6528 138 6390
internal_count=27560 17720 17675 537 311 195 9840 3312 1909 927 231 6528 138 6390
is_linear=0
shrinkage=0.05


Tree=137
num_leaves=15
num_cat=1
split_feature=50 15 45 33 21 32 7 20 15 4 7 5 13 6
split_gain=25.8548 38.3204 63.7902 33.6132 34.4605 28.6914 58.6258 79.5899 92.9177 61.5559 91.0991 63.8871 56.2665 45.9503
threshold=0 1.0000000180025095e-35 17.500000000000004 2.5000000000000004 25.770833333333339 5.5000000000000009 0.37500000000000011 18.729166666666668 -0.8783796973249266 1.0000000180025095e-35 0.22507880311699843 0.062500000000000014 134.50000000000003 0.99945175438596501
decision_type=1 2 10 2 2 2 2 2 2 2 2 2 2 2
left_child=1 -1 -3 4 -4 13 9 -8 -9 -7 -11 -12 -10 -2
right_child=5 2 3 -5 -6 6 7 8 12 10 11 -13 -14 -15
leaf_value=-0.00050585093903579863 -0.0028323723312350235 0.0037652644764868516 0.081316398508846754 0.018259653692421992 0.025112487034251292 -0.015703043831124582 0.030940291851352997 -0.065269859624551799 0.053959109091751833 0.0003442526645314227 0.013205633429547683 0.058132848234122826 -0.0052577347996143192 0.0032954148957225595
leaf_weight=1970 14519 1071 50 294 60 514 390 51 54 4151 296 108 156 3876
leaf_count=1970 14519 1071 50 294 60 514 390 51 54 4151 296 108 156 3876
internal_value=1.15135e-07 0.00404544 0.0101515 0.0270815 0.0506597 -0.000579225 0.00251335 0.0166383 -0.00473248 0.000699318 0.00255021 0.0252159 0.00996945 -0.00154119
internal_weight=27560 3445 1475 404 110 24115 5720 651 261 5069 4555 404 210 18395
internal_count=27560 3445 1475 404 110 24115 5720 651 261 5069 4555 404 210 18395
cat_boundaries=0 1
cat_threshold=32
is_linear=0
shrinkage=0.05


Tree=138
num_leaves=15
num_cat=0
split_feature=10 10 45 45 4 4 32 7 30 28 1 35 23 4
split_gain=25.8277 32.5312 74.8299 60.786 62.2115 52.3837 72.8887 44.6628 48.8999 43.6676 41.9899 38.883 37.9407 37.6286
threshold=5.5000000000000009 3.5000000000000004 5.5000000000000009 1.5000000000000002 0.97916666666666685 0.81250000000000011 6.5000000000000009 0.2690238072501136 0.053571428571428617 31.317361111111115 27.979166666666668 6.2142857142857153 35.270833333333336 0.97916666666666685
decision_type=2 2 10 10 2 2 2 2 2 2 2 2 2 2
left_child=1 2 13 -3 10 6 7 8 -4 -8 -5 -10 -9 -1
right_child=-2 3 5 4 -6 -7 9 12 11 -11 -12 -13 -14 -15
leaf_value=-0.0056219351265299061 0.003736751247075917 0.0022319325321531781 0.029456551356699862 -0.0067516337015034004 0.0012379206556280557 -0.0015816057732188698 0.035005232819251289 0.0029462209494892583 0.012335599910736156 -0.012810941854695557 -0.018933263226565345 -0.011791381160191333 -0.0413483840180561 0.0017033076434408109
leaf_weight=4752 3960 3068 337 2103 1603 2797 324 3612 847 56 1066 208 49 2778
leaf_count=4752 3960 3068 337 2103 1603 2797 324 3612 847 56 1066 208 49 2778
internal_value=1.09348e-07 -0.000626886 0.000682428 -0.00325888 -0.00678901 0.00397797 0.00684014 0.00525197 0.0128754 0.0279586 -0.0108493 0.00757881 0.00235337 -0.00291948
internal_weight=27560 23600 15760 7840 4772 8230 5433 5053 1392 380 3169 1055 3661 7530
internal_count=27560 23600 15760 7840 4772 8230 5433 5053 1392 380 3169 1055 3661 7530
is_linear=0
shrinkage=0.05


Tree=139
num_leaves=15
num_cat=0
split_feature=0 20 6 21 26 40 42 41 41 28 24 42 31 29
split_gain=25.2997 62.0571 27.6043 24.6066 34.4947 68.188 42.9649 48.8936 39.6977 32.1643 66.2442 29.0146 40.8249 29.166
threshold=37.187500000000007 37.187500000000007 0.99945175438596501 31.770833333333339 29.519345238095241 15.500000000000002 161.64285714285717 153.50000000000003 201.50000000000003 28.293055555555558 30.729166666666671 164.35714285714289 10.500000000000002 5.0867605203338577
decision_type=2 2 2 2 2 2 2 2 2 2 2 2 2 2
left_child=1 3 -2 4 8 -6 7 -7 -1 -5 -11 13 -13 -12
right_child=2 -3 -4 9 5 6 -8 -9 -10 10 11 12 -14 -15
leaf_value=-0.0002889583475563766 -0.0010774588331263115 -0.044660826686483163 0.037041021555584551 -0.0095181191212669099 -0.053138536924703252 0.00051626560806825354 0.024311035948462394 -0.049719160877996021 0.015991258327205864 0.040766312105087452 -0.017607401312404389 0.033095981412273094 -0.0034900019731139765 0.026881286737752027
leaf_weight=25604 94 78 96 201 90 148 95 72 380 166 185 152 153 46
leaf_count=25604 94 78 96 201 90 148 95 72 380 166 185 152 153 46
internal_value=1.03904e-07 -0.000126116 0.0181824 1.16339e-06 -0.000276559 -0.0147563 -0.00378992 -0.0159244 -5.08702e-05 0.00811723 0.0131667 0.00461901 0.014743 -0.00874818
internal_weight=27560 27370 190 27292 26389 405 315 220 25984 903 702 536 305 231
internal_count=27560 27370 190 27292 26389 405 315 220 25984 903 702 536 305 231
is_linear=0
shrinkage=0.05


Tree=140
num_leaves=15
num_cat=0
split_feature=37 25 5 43 38 25 6 20 6 20 0 23 22 45
split_gain=24.7537 32.0765 27.3089 33.2903 25.4535 40.5536 50.4424 31.45 96.5879 77.086 55.3437 53.0971 46.9183 35.3515
threshold=101.31250000000001 1.5951548040984891 0.14583333333333334 20.500000000000004 165.50000000000003 3.4705333061243802 0.61720619019138767 25.354166666666668 0.99945175438596501 37.187500000000007 27.854166666666668 36.020833333333336 32.770833333333336 38.500000000000007
decision_type=2 2 2 2 2 2 2 2 2 2 2 2 2 10
left_child=4 -2 3 -3 7 -6 -7 10 9 11 12 -9 13 -1
right_child=1 2 -4 -5 5 6 -8 8 -10 -11 -12 -13 -14 -15
leaf_value=-0.00068564614362938696 -0.00022250143740614681 0.017895006394738729 8.2256555469939488e-05 0.064091718560931363 0.0016135716954638656 0.067835123797218941 0.012945646415181554 -0.010537242895488236 0.024459515802453653 -0.063018398882070586 0.037080951162961999 0.026105214379550448 0.034492379003980507 0.026640262242265733
leaf_weight=21946 738 343 192 44 1521 48 327 1692 223 67 99 105 96 119
leaf_count=21946 738 343 192 44 1521 48 327 1692 223 67 99 105 96 119
internal_value=9.87008e-08 0.00668915 0.0154988 0.0231473 -0.00033559 0.00524449 0.0199715 -0.000770134 -0.00663906 -0.0103595 -0.000219888 -0.0083962 -0.000386523 -0.000538273
internal_weight=27560 1317 579 387 26243 1896 375 24347 2087 1864 22260 1797 22161 22065
internal_count=27560 1317 579 387 26243 1896 375 24347 2087 1864 22260 1797 22161 22065
is_linear=0
shrinkage=0.05


Tree=141
num_leaves=15
num_cat=1
split_feature=34 20 50 1 32 28 32 5 0 13 45 37 43 5
split_gain=23.8344 47.2175 46.7701 49.1669 50.7231 44.3387 41.3795 37.527 39.667 36.411 36.3112 36.6304 33.9725 32.2126
threshold=4.5000000000000009 20.312500000000004 0 27.687500000000004 4.5000000000000009 24.911805555555556 7.5000000000000009 0.56250000000000011 11.270833333333334 130.50000000000003 38.500000000000007 93.50833333333334 20.928571428571434 0.14583333333333334
decision_type=2 2 1 2 2 2 2 2 2 2 10 2 2 2
left_child=1 6 3 -3 5 -5 -1 8 -8 12 11 -2 -6 -10
right_child=10 2 -4 4 9 -7 7 -9 13 -11 -12 -13 -14 -15
leaf_value=-0.0009062505315391682 0.00054468597724725832 0.01258553782952767 -0.0002299179863096274 -0.029679278759033041 0.053611300345510253 -0.082107258122414359 0.070325126049176942 -0.0045243112651374316 0.0019772419702840617 -0.021756036890755323 0.035983927533417552 0.0098165073868402633 -0.011155735960275663 0.037083306672990833
leaf_weight=14483 10018 102 622 327 40 46 41 174 148 132 77 1192 41 117
leaf_count=14483 10018 102 622 327 40 46 41 174 148 132 77 1192 41 117
internal_value=9.37674e-08 -0.00122449 -0.010327 -0.0191734 -0.0250286 -0.0361449 -0.000427571 0.0140156 0.0245579 -0.00556211 0.00176563 0.00153059 0.020828 0.0174769
internal_weight=27560 16273 1310 688 586 373 14963 480 306 213 11287 11210 81 265
internal_count=27560 16273 1310 688 586 373 14963 480 306 213 11287 11210 81 265
cat_boundaries=0 1
cat_threshold=193
is_linear=0
shrinkage=0.05


Tree=142
num_leaves=15
num_cat=1
split_feature=10 45 21 1 25 50 23 10 45 45 4 4 32 7
split_gain=23.7771 33.041 48.8199 37.7555 37.343 35.7622 39.1696 29.1732 66.7857 54.5696 55.2888 47.5232 64.1086 40.3789
threshold=5.5000000000000009 15.500000000000002 29.479166666666668 41.312500000000007 4.6612734404402536 0 20.270833333333339 3.5000000000000004 5.5000000000000009 1.5000000000000002 0.97916666666666685 0.81250000000000011 6.5000000000000009 0.2690238072501136
decision_type=2 10 2 2 2 1 2 2 10 10 2 2 2 2
left_child=7 3 4 -2 5 6 -3 8 -1 -9 -11 12 13 -10
right_child=1 2 -4 -5 -6 -7 -8 9 11 10 -12 -13 -14 -15
leaf_value=-0.0027644068108312225 0.0021386353149016732 0.063725069951679966 0.057492960074491672 -0.036954403302026172 -0.017662712559103965 0.006740402151375763 0.011006532253130624 0.0021085224330643858 0.012237039656241089 -0.010266465669826016 0.0011284443460149165 -0.0015436068685374838 0.026283651371670297 0.0022323797602582392
leaf_weight=7530 3143 72 57 63 108 448 69 3068 1392 3169 1603 2797 380 3661
leaf_count=7530 3143 72 57 63 108 448 69 3068 1392 3169 1603 2797 380 3661
internal_value=8.48996e-08 0.00358533 0.013003 0.00137043 0.00936469 0.0143205 0.0354149 -0.000601506 0.000638391 -0.00309395 -0.00643871 0.00375176 0.00647791 0.00498846
internal_weight=27560 3960 754 3206 697 589 141 23600 15760 7840 4772 8230 5433 5053
internal_count=27560 3960 754 3206 697 589 141 23600 15760 7840 4772 8230 5433 5053
cat_boundaries=0 1
cat_threshold=33
is_linear=0
shrinkage=0.05


Tree=143
num_leaves=15
num_cat=0
split_feature=38 3 35 28 10 45 21 25 1 48 28 34 37 1
split_gain=22.9157 27.1429 25.9742 39.3119 22.6217 24.7743 44.6464 39.639 34.1913 28.9812 24.1398 23.1336 53.1291 63.764
threshold=48.500000000000007 2.5625000000000004 6.5000000000000009 19.929861111111116 5.5000000000000009 15.500000000000002 29.479166666666668 4.6612734404402536 41.312500000000007 0.98214285714285732 21.585416666666671 8.5000000000000018 73.387500000000017 41.895833333333336
decision_type=2 2 2 2 2 10 2 2 2 2 2 2 2 2
left_child=2 4 3 -1 11 8 7 9 -6 -7 -11 -2 13 -13
right_child=1 -3 -4 -5 5 6 -8 -9 -10 10 -12 12 -14 -15
leaf_value=-0.0047520099180958612 -0.00067587449014865834 -0.021664188083504204 -0.041043014108436186 0.044051860973593739 0.002927268330474716 0.023610663229554848 0.055346957261541069 -0.019184036714569579 -0.035526654099003747 0.01208234075087463 -0.021840712338497367 0.0016627072991012267 0.01691188028791726 -0.059871042736394466
leaf_weight=2350 18644 138 48 42 2857 333 56 106 59 156 79 2013 636 43
leaf_count=2350 18644 138 48 42 2857 333 56 106 59 156 79 2013 636 43
internal_value=2.02958e-07 0.00044955 -0.00462586 -0.00389509 0.000571706 0.00421142 0.0124489 0.00888468 0.00214922 0.0141229 0.000678421 -5.02659e-05 0.00428252 0.000375766
internal_weight=27560 25120 2440 2392 24982 3646 730 674 2916 568 235 21336 2692 2056
internal_count=27560 25120 2440 2392 24982 3646 730 674 2916 568 235 21336 2692 2056
is_linear=0
shrinkage=0.05


Tree=144
num_leaves=15
num_cat=0
split_feature=18 33 30 26 34 7 37 28 1 20 27 26 21 20
split_gain=21.6494 23.0668 20.9093 45.6842 48.8873 31.1237 27.0759 32.0557 54.047 28.2957 34.2883 34.4754 25.7965 38.2876
threshold=-0.5 7.5000000000000009 0.10714285714285719 23.697916666666671 4.5000000000000009 0.29025932953826694 54.862500000000004 17.871527777777782 20.895833333333339 31.104166666666668 4.9668611445842945 26.400297619047624 30.895833333333339 26.562500000000004
decision_type=2 2 2 2 2 2 2 2 2 2 2 2 2 2
left_child=2 -2 5 -4 -5 6 -1 8 -8 10 11 -9 13 -7
right_child=1 -3 3 4 -6 12 7 9 -10 -11 -12 -13 -14 -15
leaf_value=-0.017677395374293588 0.00095345360121729345 0.036796862176722948 -0.0029376459507755395 -0.053391603392722843 -0.01042633097381197 -0.0013540989972811682 0.0088586522971330836 0.029231719572071432 -0.036574962204070513 -0.016095343178936416 0.068519994381958077 -0.017982245161336789 0.035541117241930056 -0.033149287158373703
leaf_weight=95 17675 45 4311 91 243 3965 567 218 74 42 44 47 46 97
leaf_count=95 17675 45 4311 91 243 3965 567 218 74 42 44 47 46 97
internal_value=1.92814e-07 0.00104448 -0.00188037 -0.00431785 -0.0221324 0.000299055 0.00782261 0.0102647 0.00361359 0.0224109 0.0276448 0.0208579 -0.00169172 -0.00211336
internal_weight=27560 17720 9840 4645 334 5195 1087 992 641 351 309 265 4108 4062
internal_count=27560 17720 9840 4645 334 5195 1087 992 641 351 309 265 4108 4062
is_linear=0
shrinkage=0.05


Tree=145
num_leaves=15
num_cat=1
split_feature=0 20 6 50 15 45 32 1 45 4 33 15 25 17
split_gain=21.3942 51.9214 23.3818 20.6229 57.5061 57.4437 67.6745 51.3627 40.7962 40.319 39.5134 48.6622 41.2734 37.1867
threshold=37.187500000000007 37.187500000000007 0.99945175438596501 0 -0.8783796973249266 16.500000000000004 7.5000000000000009 37.854166666666679 4.5000000000000009 0.64583333333333337 1.0000000180025095e-35 1.0000000180025095e-35 1.8754959658593391 0.93301270189221952
decision_type=2 2 2 1 2 10 2 2 10 2 2 2 2 2
left_child=1 3 -2 4 -1 7 10 8 -6 -10 12 -12 -7 -9
right_child=2 -3 -4 -5 5 6 -8 13 9 -11 11 -13 -14 -15
leaf_value=-0.0090824163794052098 -0.0010054332413462961 -0.040851678899847546 0.034076724615685332 -0.00077752865069718752 -0.0060963537386745474 -0.01899973846971989 0.056466373238155898 -0.0068638154045318331 0.012900072150651618 0.0012600829883304323 -0.0098918035037444205 0.014681782192325086 0.036195215499407837 -0.045037016702789659
leaf_weight=932 94 78 96 20670 790 40 87 629 1392 1598 321 541 221 71
leaf_count=932 94 78 96 20670 790 40 87 629 1392 1598 321 541 221 71
internal_value=1.83151e-07 -0.000115886 0.0167203 5.35826e-07 0.00242671 0.00431612 0.0139829 0.00170523 0.0040091 0.0066791 0.0106917 0.00553083 0.0277362 -0.0107357
internal_weight=27560 27370 190 27292 6622 5690 1210 4480 3780 2990 1123 862 261 700
internal_count=27560 27370 190 27292 6622 5690 1210 4480 3780 2990 1123 862 261 700
cat_boundaries=0 1
cat_threshold=33
is_linear=0
shrinkage=0.05


Tree=146
num_leaves=15
num_cat=1
split_feature=0 20 40 24 14 32 31 31 33 45 15 50 45 26
split_gain=20.6172 59.99 49.0171 37.2426 29.09 47.36 26.6139 25.3794 25.3066 34.1184 45.5619 62.2431 48.1673 34.9795
threshold=33.270833333333336 32.854166666666679 26.500000000000004 31.104166666666671 10.500000000000002 10.500000000000002 16.500000000000004 5.5000000000000009 3.5000000000000004 11.500000000000002 -0.8783796973249266 0 18.500000000000004 33.087797619047628
decision_type=2 2 2 2 2 2 2 2 2 10 2 1 10 2
left_child=1 6 3 -3 5 -2 8 -6 9 13 -11 12 -12 -1
right_child=4 2 -4 -5 7 -7 -8 -9 -10 10 11 -13 -14 -15
leaf_value=-0.00088912654449654991 0.038541334017789294 -0.064183699522788337 0.01885114236176014 -0.018816909208697708 -0.025230190541187771 -0.0017214348909963288 0.032978028634975315 0.0055208488225896597 -0.006161298430042113 -0.0059530827214636147 0.0080129072302430084 0.00201650271471694 0.027582485131402209 0.045345620502059057
leaf_weight=18394 162 75 50 114 80 133 61 416 1610 1074 989 3900 461 41
leaf_count=18394 162 75 50 114 80 133 61 416 1610 1074 989 3900 461 41
internal_value=1.59901e-07 -0.000234921 -0.025173 -0.0368196 0.00795576 0.020389 -1.02619e-05 0.000561004 -8.62861e-05 0.000307164 0.00344508 0.00533174 0.0141372 -0.000786299
internal_weight=27560 26769 239 189 791 295 26530 496 26469 24859 6424 5350 1450 18435
internal_count=27560 26769 239 189 791 295 26530 496 26469 24859 6424 5350 1450 18435
cat_boundaries=0 1
cat_threshold=33
is_linear=0
shrinkage=0.05


Tree=147
num_leaves=15
num_cat=0
split_feature=38 7 20 37 35 1 3 10 22 37 27 40 26 0
split_gain=20.2938 24.7761 40.8738 32.0672 25.2677 40.4687 24.478 19.1497 22.1827 61.6638 47.907 36.6623 26.9802 26.329
threshold=48.500000000000007 0.0024154730301350629 8.7708333333333339 54.037500000000016 6.3571428571428585 31.895833333333339 2.5625000000000004 5.5000000000000009 23.854166666666668 57.312500000000007 4.7385181247878485 13.500000000000002 23.266369047619055 24.562500000000004
decision_type=2 2 2 2 2 2 2 2 2 2 2 2 2 2
left_child=1 -1 -3 -4 5 -5 7 -2 10 -10 13 -12 -13 -9
right_child=6 2 3 4 -6 -7 -8 8 9 -11 11 12 -14 -15
leaf_value=0.0077971932961145036 -3.320077253523509e-05 0.00052299204189146882 -0.044316211696236563 -0.012020973996259274 -0.048897344352943559 0.030458743039829036 -0.020577094199446342 0.0030790129806363745 -0.03116925019061282 0.02236471798255282 -0.062508170906980728 0.015830743748624372 -0.036504420119783158 0.034099372306871899
leaf_weight=358 21336 1047 78 855 42 60 138 3000 63 368 46 53 46 70
leaf_count=358 21336 1047 78 855 42 60 138 3000 63 368 46 53 46 70
internal_value=1.88488e-07 -0.00435319 -0.00644245 -0.0134887 -0.0109761 -0.00923542 0.000423049 0.000539053 0.00388782 0.0145396 0.00245986 -0.0256245 -0.00848661 0.00378632
internal_weight=27560 2440 2082 1035 957 915 25120 24982 3646 431 3215 145 99 3070
internal_count=27560 2440 2082 1035 957 915 25120 24982 3646 431 3215 145 99 3070
is_linear=0
shrinkage=0.05


Tree=148
num_leaves=15
num_cat=0
split_feature=37 45 43 31 28 45 25 21 29 29 3 38 7 31
split_gain=19.8701 27.7036 28.7827 21.9841 50.6661 20.983 29.965 20.3155 19.9052 37.6759 18.7344 19.6355 45.6904 50.4034
threshold=101.31250000000001 21.500000000000004 16.642857142857149 1.0000000180025095e-35 13.778472222222224 38.500000000000007 2.2982139508239841 17.854166666666668 3.8994680071424477 2.7812640357822316 1.0208333333333337 198.50000000000003 0.060197304634477374 12.500000000000002
decision_type=2 10 2 2 2 10 2 2 2 2 2 2 2 2
left_child=3 -2 -3 4 -1 10 -7 -8 9 -6 11 -5 -13 -14
right_child=1 2 -4 5 8 6 7 -9 -10 -11 -12 12 13 -15
leaf_value=-0.0029330732128700666 0.0035424079739113609 0.0052037956405963223 0.051409655002017433 -0.00011698723121594709 -0.020683583580568189 0.054587940565709564 -0.022352686474498895 0.022263662219047547 -0.010516797551023428 -0.082662692756914513 -0.013835515461609616 -0.0060986244026324694 0.011921108429449075 0.061039085494121542
leaf_weight=1636 1182 70 65 23415 61 42 42 65 67 41 243 283 284 64
leaf_count=1636 1182 70 65 23415 61 42 42 65 67 41 243 283 284 64
internal_value=1.79074e-07 0.00599318 0.0274511 -0.000300579 -0.00562549 9.27211e-05 0.0187988 0.0047507 -0.0316893 -0.0455968 -2.20306e-05 0.000117563 0.00882121 0.0209543
internal_weight=27560 1317 135 26243 1805 24438 149 107 169 102 24289 24046 631 348
internal_count=27560 1317 135 26243 1805 24438 149 107 169 102 24289 24046 631 348
is_linear=0
shrinkage=0.05


Tree=149
num_leaves=15
num_cat=1
split_feature=34 20 42 32 25 50 1 45 32 28 22 6 43 37
split_gain=19.2424 46.7202 43.3377 36.4756 33.7951 33.1793 37.3009 31.0223 29.1138 48.7266 35.2705 34.0413 31.3826 28.6323
threshold=4.5000000000000009 20.312500000000004 75.500000000000014 7.5000000000000009 2.9242673075000529 0 27.687500000000004 40.500000000000007 4.5000000000000009 24.911805555555556 22.604166666666668 0.61063197298884331 20.071428571428573 93.50833333333334
decision_type=2 2 2 2 2 1 2 10 2 2 2 2 2 2
left_child=1 3 -3 -1 -5 6 -4 13 9 11 -10 -8 -12 -2
right_child=7 2 5 4 -6 -7 8 -9 10 -11 12 -13 -14 -15
leaf_value=-0.00075685040874678164 0.00055753289703031701 -0.057826452680013109 0.011478380649807114 0.0070106882443849291 0.04145054502637479 0.00015144373377457763 0.0044515853444765134 0.045000048872174292 -0.029219698621486517 -0.078081770388045077 0.038994480084095687 -0.033035311504499988 -0.014179635914889251 0.0087382023542521888
leaf_weight=14483 10049 46 102 393 87 606 83 41 92 46 56 224 55 1197
leaf_count=14483 10049 46 102 393 87 606 83 41 92 46 56 224 55 1197
internal_value=1.70104e-07 -0.00110014 -0.0101546 -0.000307429 0.0132529 -0.0084197 -0.0160716 0.00158654 -0.0214147 -0.0300912 -0.0063271 -0.0229004 0.0126469 0.00142827
internal_weight=27560 16273 1310 14963 480 1264 658 11287 556 353 203 307 111 11246
internal_count=27560 16273 1310 14963 480 1264 658 11287 556 353 203 307 111 11246
cat_boundaries=0 1
cat_threshold=193
is_linear=0
shrinkage=0.05


Tree=150
num_leaves=15
num_cat=0
split_feature=45 15 37 38 27 10 41 9 21 18 0 13 4 29
split_gain=18.7477 34.6066 34.5682 47.4641 34.5022 25.3456 28.4856 25.2503 23.8655 23.3689 20.6431 25.7959 32.1809 25.5522
threshold=29.500000000000004 1.0000000180025095e-35 85.487500000000026 131.50000000000003 2.8475456937659422 5.5000000000000009 87.500000000000014 0.99081307870370383 22.104166666666668 0.25000000000000017 17.645833333333339 253.50000000000003 0.64583333333333337 4.9312438115777821
decision_type=10 2 2 2 2 2 2 2 2 2 2 2 2 2
left_child=-1 2 3 -2 -3 6 8 -7 -4 -8 -6 12 -12 -13
right_child=1 4 5 -5 10 7 9 -9 -10 -11 11 13 -14 -15
leaf_value=-0.00026648263868102594 -0.036359500637650491 -0.0103749439363031 -0.0026574263798779456 0.023525199372735291 -0.00014116392986899292 -0.0081573085766285663 0.020564512112369277 0.039753899929928595 -0.051812464280357198 -0.011503348311269156 0.052673741225945828 0.030312753645855874 0.0072816907764515944 -0.019677793171087449
leaf_weight=26454 125 94 58 45 74 40 146 88 43 93 141 61 54 44
leaf_count=26454 125 94 58 45 74 40 146 88 43 93 141 61 54 44
internal_value=1.64341e-07 0.00637799 -0.00119704 -0.0205077 0.0167046 0.0058175 -0.00132194 0.0247816 -0.0235848 0.00808622 0.0235107 0.0293449 0.0401036 0.00936433
internal_weight=27560 1106 638 170 468 468 340 128 101 239 374 300 195 105
internal_count=27560 1106 638 170 468 468 340 128 101 239 374 300 195 105
is_linear=0
shrinkage=0.05


Tree=151
num_leaves=15
num_cat=0
split_feature=18 25 9 29 5 31 20 22 37 42 4 35 7 0
split_gain=18.7096 20.6515 27.997 37.4842 27.6851 46.1545 54.9927 51.6986 48.701 45.6376 41.6958 50.7413 37.0984 34.5381
threshold=-0.5 0.59016688967775022 0.98071199633699646 4.0032918919013962 0.56250000000000011 12.500000000000002 12.85416666666667 17.812500000000004 114.17500000000001 102.35714285714288 0.97916666666666685 7.5000000000000009 0.058130870273455156 25.770833333333339
decision_type=2 2 2 2 2 2 2 2 2 2 2 2 2 2
left_child=-1 -2 3 -3 5 6 7 -4 9 -8 11 12 -6 -7
right_child=1 2 4 -5 10 13 8 -9 -10 -11 -12 -13 -14 -15
leaf_value=-0.0017480652728142478 -0.0013226677579691003 0.0093436260190575809 0.0074999220871367666 0.056255056186780041 -0.025487324219546283 0.05467034863006022 -0.0079748540387167954 0.042733207867062147 0.052560757135235996 0.0029844974230633127 0.00082125606695127105 -0.051469338794549305 0.00083248464706825248 0.011373957984371791
leaf_weight=9840 6316 258 2323 51 200 74 1477 109 43 2662 3605 75 405 122
leaf_count=9840 6316 258 2323 51 200 74 1477 109 43 2662 3605 75 405 122
internal_value=1.56143e-07 0.000970952 0.00224125 0.0170863 0.00182781 0.00380902 0.00310043 0.00907905 -0.000376378 -0.000926341 -0.00132086 -0.0126772 -0.00786828 0.0277206
internal_weight=27560 17720 11404 309 11095 6810 6614 2432 4182 4139 4285 680 605 196
internal_count=27560 17720 11404 309 11095 6810 6614 2432 4182 4139 4285 680 605 196
is_linear=0
shrinkage=0.05


Tree=152
num_leaves=15
num_cat=0
split_feature=34 37 1 6 29 20 42 25 28 37 6 6 6 22
split_gain=18.2379 59.6875 52.8391 37.9489 36.4013 29.7724 44.5419 40.0843 38.8419 29.6553 37.6422 60.7829 41.0681 37.6673
threshold=8.5000000000000018 73.387500000000017 41.895833333333336 0.87429852337210401 4.2712287127113298 25.979166666666668 143.92857142857147 0.5488684797697897 20.156250000000004 91.475000000000009 0.67975023342670415 0.77321071071071079 0.61720619019138767 22.437500000000004
decision_type=2 2 2 2 2 2 2 2 2 2 2 2 2 2
left_child=5 2 -2 4 -3 -1 8 -8 -7 10 12 -12 -10 -13
right_child=1 3 -4 -5 -6 6 7 -9 9 -11 11 13 -14 -15
leaf_value=3.0872097570311856e-06 0.0010625239858501499 0.05060447955537322 -0.049873925698921087 0.0063985181844017141 0.014960967238392143 0.018001638189086629 -0.032762339113812364 0.0072591677148777407 -0.02192093683858809 -0.0063934806900409358 -0.066704532069771894 0.0078099037532376337 0.034076963295835115 -0.033974496190819672
leaf_weight=22774 2438 126 52 382 166 87 70 589 103 375 101 79 48 170
leaf_count=22774 2438 126 52 382 166 87 70 589 103 375 101 79 48 170
internal_value=1.48322e-07 0.00357172 -1.2091e-06 0.0167714 0.0303414 -0.00046306 -0.00700809 0.00300802 -0.0138623 -0.0170269 -0.024986 -0.0339881 -0.00412028 -0.0207176
internal_weight=27560 3164 2490 674 292 24396 1622 659 963 876 501 350 151 249
internal_count=27560 3164 2490 674 292 24396 1622 659 963 876 501 350 151 249
is_linear=0
shrinkage=0.05


Tree=153
num_leaves=15
num_cat=0
split_feature=0 20 40 5 32 14 32 13 48 20 31 33 27 22
split_gain=17.5126 53.8816 42.9578 34.9606 29.7379 26.2824 41.6149 25.348 31.4343 59.618 22.0261 23.777 29.7883 41.2302
threshold=33.270833333333336 32.854166666666679 26.500000000000004 0.27083333333333343 2.5000000000000004 10.500000000000002 10.500000000000002 98.500000000000014 0.94642857142857151 34.562500000000007 16.500000000000004 3.5000000000000004 4.8841025060104784 26.270833333333339
decision_type=2 2 2 2 2 2 2 2 2 2 2 2 2 2
left_child=1 10 3 4 -3 6 -2 -7 9 -9 11 12 -1 -14
right_child=5 2 -4 -5 -6 7 -8 8 -10 -11 -12 -13 13 -15
leaf_value=-3.0699334016571365e-05 0.036166120829408482 -0.052986907252731419 0.017362494140863421 -0.069201566208645982 -0.0040616945977407426 -0.030758125505185335 -0.0015756226117596647 0.021038833779819084 0.013985667035690156 -0.042803780674343796 0.030006962714594656 -0.0059613144808840762 0.0011464433161181846 0.023157935674562993
leaf_weight=23939 162 48 50 53 88 58 133 66 290 82 61 1610 586 334
leaf_count=23939 162 48 50 53 88 58 133 66 290 82 61 1610 586 334
internal_value=1.40904e-07 -0.000216519 -0.0238509 -0.0347539 -0.0213294 0.00733234 0.0191504 0.000303478 0.00441666 -0.0143334 -3.60485e-06 -7.27667e-05 0.000308607 0.00913757
internal_weight=27560 26769 239 189 136 791 295 496 438 148 26530 26469 24859 920
internal_count=27560 26769 239 189 136 791 295 496 438 148 26530 26469 24859 920
is_linear=0
shrinkage=0.05


Tree=154
num_leaves=15
num_cat=0
split_feature=38 7 20 37 35 1 3 30 10 9 18 22 30 10
split_gain=17.4085 22.0723 36.6199 28.9829 22.1374 36.8663 20.8066 17.7052 17.5713 22.2817 26.6843 24.6615 21.2027 19.0082
threshold=48.500000000000007 0.0024154730301350629 8.7708333333333339 54.037500000000016 6.3571428571428585 31.895833333333339 2.5625000000000004 0.19047619047619063 5.5000000000000009 0.99875372023809539 -0.24999999999999994 13.35416666666667 0.22321428571428578 3.5000000000000004
decision_type=2 2 2 2 2 2 2 2 2 2 2 2 2 2
left_child=1 -1 -3 -4 5 -5 8 -8 13 -10 11 -11 -13 -2
right_child=6 2 3 4 -6 -7 7 -9 9 10 -12 12 -14 -15
leaf_value=0.007436353732760562 0.0010128735330089773 0.00058913491328023177 -0.041980914379923774 -0.011314077119309623 -0.045779337867030076 0.029230879896786067 -0.0032619579420544403 -0.039389386217420302 0.0024469394320442012 0.0072039924039516692 0.0033950191896505708 0.069891631603240967 0.021052013177395565 -0.0021460527729421316
leaf_weight=358 14161 1047 78 855 42 60 78 60 3303 62 191 50 40 7175
leaf_count=358 14161 1047 78 855 42 60 78 60 3303 62 191 50 40 7175
internal_value=1.33855e-07 -0.00403192 -0.00600389 -0.0126734 -0.0102847 -0.00865539 0.000391783 -0.0189695 0.000498734 0.00370653 0.015836 0.0314691 0.0481851 -4.94294e-05
internal_weight=27560 2440 2082 1035 957 915 25120 138 24982 3646 343 152 90 21336
internal_count=27560 2440 2082 1035 957 915 25120 138 24982 3646 343 152 90 21336
is_linear=0
shrinkage=0.05


Tree=155
num_leaves=15
num_cat=0
split_feature=31 29 36 45 42 26 26 25 33 30 21 45 9 34
split_gain=17.1723 29.9091 22.3182 19.0961 29.0764 31.9486 35.5085 32.8515 31.6411 27.6818 32.6783 22.3733 26.103 21.7175
threshold=1.0000000180025095e-35 2.7812640357822316 2.785714285714286 29.500000000000004 80.071428571428584 16.266369047619051 17.174107142857146 2.3511578251813003 3.5000000000000004 0.053571428571428527 24.354166666666668 38.500000000000007 0.99465460526315796 4.5000000000000009
decision_type=2 2 2 10 2 2 2 2 2 2 2 10 2 2
left_child=1 -1 -3 -2 13 7 -7 -6 11 -10 -11 12 -8 -5
right_child=3 2 -4 4 5 6 8 -9 9 10 -12 -13 -14 -15
leaf_value=-0.0025701462976704123 5.3302832529444986e-05 -0.010345660065309153 -0.046889193273330139 -0.046263589588708659 0.0097192706850667797 -0.0354485177823032 0.022631350154315222 0.070663183982052458 0.0081047964595676019 -0.059536890755924915 0.0014168542961395065 0.037718750522363675 0.0012155312268801192 0.0049222250824095684
leaf_weight=1719 24581 111 67 43 48 48 249 41 107 45 43 86 332 40
leaf_count=1719 24581 111 67 43 48 48 249 41 107 45 43 86 332 40
internal_value=1.27196e-07 -0.00459042 -0.0241008 0.000339459 0.00684038 0.00920294 0.00640662 0.0377946 0.0087373 -0.0089796 -0.0297527 0.0139169 0.0103937 -0.0215957
internal_weight=27560 1897 178 25663 1082 999 910 89 862 195 88 667 581 83
internal_count=27560 1897 178 25663 1082 999 910 89 862 195 88 667 581 83
is_linear=0
shrinkage=0.05


Tree=156
num_leaves=15
num_cat=0
split_feature=37 30 37 45 7 18 28 32 32 0 20 37 34 18
split_gain=16.6303 25.8686 23.9797 32.4693 19.4089 17.9747 26.027 41.8986 28.0921 42.3559 29.591 45.9435 43.6863 49.1909
threshold=101.31250000000001 0.089285714285714302 102.58750000000001 17.500000000000004 0.51541353383458655 -0.24999999999999994 30.718750000000004 6.5000000000000009 5.5000000000000009 8.6458333333333339 12.97916666666667 58.737500000000004 2.5000000000000004 -0.9330127018922193
decision_type=2 2 2 10 2 2 2 2 2 2 2 2 2 2
left_child=5 2 3 -2 -4 6 8 -8 10 -10 -1 -12 13 -13
right_child=1 -3 4 -5 -6 -7 7 -9 9 -11 11 12 -14 -15
leaf_value=-0.00045788067082811964 0.009926705562123439 0.001406312282134474 0.016215784730541222 0.07324471320491284 -0.020670381348666757 0.00089416154506433891 -0.0011354694673075126 -0.065209245291494189 0.050928243210024031 0.0028626196464898324 -0.018967861674624692 0.013632761699113032 -0.00090048262568118923 -0.024077125627490904
leaf_weight=6026 41 984 209 40 43 14593 65 42 47 1847 588 108 2493 434
leaf_count=6026 41 984 209 40 43 14593 65 42 47 1847 588 108 2493 434
internal_value=1.20822e-07 0.00548281 0.0175287 0.0411949 0.00992172 -0.000275027 -0.00173957 -0.0262859 -0.00151204 0.00405538 -0.00260486 -0.00617586 -0.00369754 -0.016563
internal_weight=27560 1317 333 81 252 26243 11650 107 11543 1894 9649 3623 3035 542
internal_count=27560 1317 333 81 252 26243 11650 107 11543 1894 9649 3623 3035 542
is_linear=0
shrinkage=0.05


Tree=157
num_leaves=15
num_cat=2
split_feature=0 20 6 50 15 45 33 45 25 38 25 20 49 27
split_gain=16.3869 47.0691 20.7595 16.4049 48.2083 50.2914 45.2319 37.522 36.1365 34.5301 31.3552 29.508 28.7264 29.5954
threshold=37.187500000000007 37.187500000000007 0.99945175438596501 0 -0.8783796973249266 4.5000000000000009 1.5000000000000002 20.500000000000004 3.6522817100285736 166.50000000000003 2.6779507652892538 15.72916666666667 1 3.2696505175563346
decision_type=2 2 2 1 2 10 2 10 2 2 2 2 1 2
left_child=1 3 -2 4 10 9 7 11 -9 -6 12 -7 13 -1
right_child=2 -3 -4 -5 5 6 -8 8 -10 -11 -12 -13 -14 -15
leaf_value=0.0038853807161863458 -0.0020688651339832121 -0.038887115749411096 0.030987558776299315 -0.0006845734888607331 -0.005120108975359145 0.015916239911844713 0.00096244632558596113 0.050093853449548732 0.0044974964767904354 -0.052721591317094862 -0.021386652443298779 0.004270181336349094 -0.0095509734887552142 0.050316895752452143
leaf_weight=170 94 78 96 20670 801 899 2390 112 71 40 309 1377 410 43
leaf_count=170 94 78 96 20670 801 899 2390 112 71 40 309 1377 410 43
internal_value=1.14779e-07 -0.000101468 0.0146333 9.38099e-06 0.00217325 0.00390312 0.00586076 0.0106216 0.0324035 -0.00738415 -0.00836453 0.00887027 -0.00190573 0.0126643
internal_weight=27560 27370 190 27292 6622 5690 4849 2459 183 841 932 2276 623 213
internal_count=27560 27370 190 27292 6622 5690 4849 2459 183 841 932 2276 623 213
cat_boundaries=0 1 2
cat_threshold=33 20
is_linear=0
shrinkage=0.05


Tree=158
num_leaves=15
num_cat=0
split_feature=34 20 32 20 42 35 1 6 0 45 38 22 32 5
split_gain=16.3001 42.5229 37.1117 46.4782 38.0948 38.1401 36.2951 35.996 55.3227 41.2568 34.4973 34.4713 31.5936 31.5262
threshold=4.5000000000000009 20.312500000000004 4.5000000000000009 22.895833333333339 76.642857142857153 4.5000000000000009 27.687500000000004 0.61356142011588122 20.437500000000004 23.500000000000004 109.50000000000001 22.604166666666668 7.5000000000000009 0.56250000000000011
decision_type=2 2 2 2 2 2 2 2 2 10 2 2 2 2
left_child=1 12 4 -4 -3 10 -7 9 -9 -8 -6 -5 -1 -14
right_child=-2 2 3 11 5 6 7 8 -10 -11 -12 -13 13 -15
leaf_value=-0.0006747770825691426 0.0014599811555549595 -0.061904395544944812 -0.01670088320726347 -0.010354234959168422 0.045273870054860506 0.015336910734028632 -0.024323810517162713 -0.077903415608135143 -0.023503180813355749 0.01718101224057304 -0.014056808227787213 0.027062905322439892 0.022026479386707792 -0.0046292917342621023
leaf_weight=14483 11287 43 205 92 49 74 143 55 311 103 49 186 306 174
leaf_count=14483 11287 43 205 92 49 74 143 55 311 103 49 186 306 174
internal_value=-7.66639e-08 -0.00101278 -0.00965094 0.00136114 -0.0160824 -0.0135692 -0.0177375 -0.0217367 -0.0316781 -0.00694577 0.0156085 0.0146803 -0.000256512 0.0123638
internal_weight=27560 16273 1310 483 827 784 686 612 366 246 98 278 14963 480
internal_count=27560 16273 1310 483 827 784 686 612 366 246 98 278 14963 480
is_linear=0
shrinkage=0.05


Tree=159
num_leaves=15
num_cat=0
split_feature=43 28 27 35 1 45 20 21 13 22 29 30 6 25
split_gain=15.8637 51.5115 52.1586 39.7107 35.573 39.1217 30.8157 30.6781 28.1613 40.3457 34.9776 25.7219 33.2734 33.9241
threshold=16.071428571428573 21.896527777777781 5.5311086852588947 8.071428571428573 37.729166666666679 23.500000000000004 30.312500000000004 26.354166666666668 220.50000000000003 20.562500000000004 4.5559544024134597 0.023809523809523839 0.66413001543209893 4.095190510508492
decision_type=2 2 2 2 2 10 2 2 2 2 2 2 2 2
left_child=1 -1 3 4 -3 8 7 -4 9 -6 -10 12 -2 -14
right_child=11 2 6 -5 5 -7 -8 -9 10 -11 -12 -13 13 -15
leaf_value=-0.0002140583059586753 0.0023710019413966162 -0.028237753271531715 0.0063387320444257145 -0.061678230064980535 0.014980862807715312 0.014224861084290273 -0.025236657916102558 0.056231107988527845 -0.018134403230214959 -0.036580733585464695 0.040174213832049353 0.00017338928048315266 0.020191668438121022 -0.011341290084179492
leaf_weight=17291 1616 291 83 47 48 159 40 49 64 181 43 6968 580 100
leaf_count=17291 1616 291 83 47 48 159 40 49 64 181 43 6968 580 100
internal_value=-7.28296e-08 -0.000853671 -0.0118582 -0.0170342 -0.0143646 -0.00620887 0.0132091 0.0248594 -0.0158784 -0.0257731 0.00529803 0.00168575 0.00627551 0.0155545
internal_weight=27560 18296 1005 833 786 495 172 132 336 229 107 9264 2296 680
internal_count=27560 18296 1005 833 786 495 172 132 336 229 107 9264 2296 680
is_linear=0
shrinkage=0.05


Tree=160
num_leaves=15
num_cat=0
split_feature=0 20 40 24 26 14 32 20 9 27 0 30 31 33
split_gain=15.3633 47.4194 38.2054 32.8316 25.5081 22.8633 37.5323 23.0692 27.8745 36.5339 37.3274 25.0664 19.7308 21.2062
threshold=33.270833333333336 32.854166666666679 26.500000000000004 31.104166666666671 32.028273809523817 10.500000000000002 10.500000000000002 37.770833333333336 0.99208059660645864 4.1458119641255129 36.562500000000007 0.52083333333333359 16.500000000000004 3.5000000000000004
decision_type=2 2 2 2 2 2 2 2 2 2 2 2 2 2
left_child=1 12 3 -3 -5 6 -2 8 -7 10 11 -10 13 -1
right_child=5 2 -4 4 -6 7 -8 -9 9 -11 -12 -13 -14 -15
leaf_value=0.00029144826368951421 0.034049536152685314 -0.058349592814221973 0.016492030687630176 0.01197962850953142 -0.035924098496748644 -0.016961490078482869 -0.0017931116505918142 -0.035140941833101569 -0.04361757347886 0.025872624309079068 0.033108660004033549 0.005406104857102037 0.028400611483537758 -0.0056298302244380564
leaf_weight=24859 162 75 50 48 66 121 133 42 62 185 41 45 61 1610
leaf_count=24859 162 75 50 48 66 121 133 42 62 185 41 45 61 1610
internal_value=-6.91713e-08 -0.000202998 -0.0223748 -0.0326571 -0.0157541 0.00686745 0.01789 0.000311726 0.00359149 0.0110597 -0.00745648 -0.0230001 -3.25959e-06 -6.87187e-05
internal_weight=27560 26769 239 189 114 791 295 496 454 333 148 107 26530 26469
internal_count=27560 26769 239 189 114 791 295 496 454 333 148 107 26530 26469
is_linear=0
shrinkage=0.05


Tree=161
num_leaves=15
num_cat=0
split_feature=45 15 27 37 38 10 41 9 23 18 6 0 42 17
split_gain=15.5168 30.5212 30.9132 30.6292 41.8609 22.3986 24.1119 22.7731 21.3505 21.1713 18.1921 18.0906 24.7425 30.0813
threshold=29.500000000000004 1.0000000180025095e-35 2.8475456937659422 85.487500000000026 131.50000000000003 5.5000000000000009 87.500000000000014 0.99081307870370383 19.395833333333339 0.25000000000000017 0.66683283482884692 17.645833333333339 95.928571428571445 -0.24999999999999994
decision_type=10 2 2 2 2 2 2 2 2 2 2 2 2 2
left_child=-1 3 -3 4 10 6 8 -7 -5 -8 -2 -4 -13 -14
right_child=1 2 11 5 -6 7 9 -9 -10 -11 -12 12 13 -15
leaf_value=-0.00024265048342820628 -0.019820308309237037 -0.010132286333023235 -0.00019883237326064626 -0.00045600145089405559 0.021863400811950366 -0.0081627850001677865 0.019112533588695566 0.037337582055161793 -0.046544159592149109 -0.011410297299184467 -0.059372770166753436 0.052055928236069651 -0.0025076243164453733 0.034620839347346472
leaf_weight=26454 79 94 74 54 45 40 146 88 47 93 46 76 94 130
leaf_count=26454 79 94 74 54 45 40 146 88 47 93 46 76 94 130
internal_value=-6.57357e-08 0.00580223 0.0155002 -0.00131165 -0.0194888 0.00529117 -0.00142037 0.0231187 -0.021903 0.00723545 -0.0343756 0.0219426 0.0274041 0.0190401
internal_weight=27560 1106 468 638 170 468 340 128 101 239 125 374 300 224
internal_count=27560 1106 468 638 170 468 340 128 101 239 125 374 300 224
is_linear=0
shrinkage=0.05


Tree=162
num_leaves=15
num_cat=0
split_feature=31 24 0 37 20 0 5 9 29 31 39 0 21 45
split_gain=15.2349 27.0649 17.4864 17.1093 38.1666 26.68 44.5623 22.8663 47.621 22.6747 20.2556 31.1999 25.3737 18.8219
threshold=1.0000000180025095e-35 14.764880952380954 16.645833333333339 54.862500000000004 5.229166666666667 27.270833333333339 0.39583333333333343 0.9810064935064936 4.0410535189672521 3.5000000000000004 17.500000000000004 10.270833333333334 10.270833333333334 9.5000000000000018
decision_type=2 2 2 2 2 2 2 2 2 2 2 2 2 10
left_child=1 -1 -3 5 9 10 -7 8 13 -5 11 -2 -13 -6
right_child=3 2 -4 4 7 6 -8 -9 -10 -11 -12 12 -14 -15
leaf_value=-0.0024260125596868663 -0.0031734620289544033 -0.038786832569696179 -0.0070835905301189703 0.0091352901824773673 0.011559354268490142 -0.06281834880743796 0.0033935803678576595 0.00032648188957028456 0.051000081457084782 0.035444451957055839 -0.00035082398624337001 -0.061799318678677086 -0.017358044730042297 -0.014021133169737049
leaf_weight=1723 549 88 86 433 278 48 54 20202 66 101 3632 40 163 97
leaf_count=1723 549 88 86 433 278 48 54 20202 66 101 3632 40 163 97
internal_value=-6.24503e-08 -0.00432391 -0.0231174 0.000319555 0.000913751 -0.00248546 -0.027765 0.000572351 0.0118355 0.0141114 -0.0018973 -0.00936644 -0.0261149 0.00494253
internal_weight=27560 1897 174 25663 21177 4486 102 20643 441 534 4384 752 203 375
internal_count=27560 1897 174 25663 21177 4486 102 20643 441 534 4384 752 203 375
is_linear=0
shrinkage=0.05


Tree=163
num_leaves=15
num_cat=1
split_feature=38 45 35 21 34 20 6 20 32 39 3 50 20 45
split_gain=14.7321 20.1314 30.164 23.2459 22.6971 31.2221 29.7359 24.9957 21.7281 19.5805 19.0887 15.8805 77.02 46.2669
threshold=48.500000000000007 6.5000000000000009 6.0714285714285721 15.270833333333334 6.5000000000000009 8.3958333333333339 0.81357790663098439 13.770833333333334 3.5000000000000004 12.500000000000002 2.5625000000000004 0 12.520833333333334 19.500000000000004
decision_type=2 10 2 2 2 2 2 2 2 2 2 1 2 10
left_child=1 4 3 -3 5 -1 7 -7 -8 -5 11 12 -2 -14
right_child=10 2 -4 9 -6 6 8 -9 -10 -11 -12 -13 13 -15
leaf_value=-0.0014707816555477654 0.010842631819184694 0.001378177097262045 -0.040397589383646848 0.053158003659475421 0.013043083967123595 -0.019581453489943661 0.0035213247489308606 -0.053403433039784433 -0.032747465609481524 0.0048774226646249499 -0.018184561952923263 -0.00079366992036044746 -0.00099299810123809162 0.010792507510593984
leaf_weight=679 1954 806 40 42 126 373 217 64 51 42 138 12533 9583 912
leaf_count=679 1954 806 40 42 126 373 217 64 51 42 138 12533 9583 912
internal_value=-5.93242e-08 -0.00370923 0.00207784 0.00398685 -0.00727346 -0.00912309 -0.0164932 -0.0245348 -0.00338057 0.0290177 0.000360227 0.000462668 0.00172673 3.11449e-05
internal_weight=27560 2440 930 890 1510 1384 705 437 268 84 25120 24982 12449 10495
internal_count=27560 2440 930 890 1510 1384 705 437 268 84 25120 24982 12449 10495
cat_boundaries=0 1
cat_threshold=45
is_linear=0
shrinkage=0.05


Tree=164
num_leaves=15
num_cat=0
split_feature=41 31 20 6 0 31 20 23 9 39 0 9 37 38
split_gain=14.6381 15.453 15.3608 53.9965 38.9841 57.0838 45.3055 51.4258 44.8668 42.8441 34.9853 30.562 29.7424 28.3887
threshold=233.50000000000003 10.500000000000002 27.437500000000004 0.99945175438596501 26.187500000000004 4.5000000000000009 37.187500000000007 36.020833333333336 0.99516806722689088 47.500000000000007 31.770833333333339 0.98623084291187757 56.662500000000016 142.50000000000003
decision_type=2 2 2 2 2 2 2 2 2 2 2 2 2 2
left_child=2 -2 10 4 5 -4 7 11 -7 -8 -1 13 -13 -6
right_child=1 -3 3 -5 6 8 9 -9 -10 -11 -12 12 -14 -15
leaf_value=0.00017092282568628465 0.022060971944332385 -0.010474753588894194 -0.048059756088036081 0.014117983925834243 -0.0065118410184011599 -0.02903965646540051 -0.059532427502985021 0.026334396873036743 0.031027347844993249 0.0055066537298262127 0.044794630867280916 -0.031596476720789302 -0.0050443888277524789 0.045276209278540182
leaf_weight=25180 143 49 135 340 51 67 69 142 58 40 44 117 1070 55
leaf_count=25180 143 49 135 340 51 67 69 142 58 40 44 117 1070 55
internal_value=-7.07536e-08 0.0137576 -9.65875e-05 -0.00415961 -0.00760439 -0.0255159 -0.0045882 -0.00222767 -0.00116857 -0.0356649 0.000248763 -0.00536442 -0.00766157 0.0203593
internal_weight=27560 192 27368 2144 1804 260 1544 1435 125 109 25224 1293 1187 106
internal_count=27560 192 27368 2144 1804 260 1544 1435 125 109 25224 1293 1187 106
is_linear=0
shrinkage=0.05


Tree=165
num_leaves=15
num_cat=0
split_feature=10 45 21 6 27 0 20 26 0 34 1 29 9 10
split_gain=14.71 22.1874 35.282 30.9445 31.9955 31.6745 63.3003 41.2156 30.3156 28.8084 27.6045 25.7421 20.9744 19.9702
threshold=5.5000000000000009 15.500000000000002 29.479166666666668 0.61063197298884331 3.6306985702109933 18.395833333333339 26.562500000000004 21.165178571428577 23.895833333333339 3.5000000000000004 41.312500000000007 4.6087865348596102 0.99097842261904778 3.5000000000000004
decision_type=2 10 2 2 2 2 2 2 2 2 2 2 2 2
left_child=13 10 3 5 8 7 -7 12 -5 -6 -2 -11 -3 -1
right_child=1 2 -4 4 9 6 -8 -9 -10 11 -12 -13 -14 -15
leaf_value=0.00055260294549558235 0.0016617600713369441 0.0023710646213860147 0.048358915432503348 -0.00056551568756476244 -0.049330709701911973 0.071091774809382752 -0.0066398399946994563 -0.028238758123640358 0.04191392056161055 0.024951925208526002 -0.031765397437035096 -0.030083531169437395 0.040277154246782507 -0.0025354219500343103
leaf_weight=15760 3143 72 57 189 55 67 43 58 54 42 63 43 74 7840
leaf_count=15760 3143 72 57 189 55 67 43 58 54 42 63 43 74 7840
internal_value=-6.72171e-08 0.00281991 0.0105373 0.00744431 -0.00209486 0.0190797 0.0407058 0.00741852 0.00887436 -0.0211343 0.00100489 -0.00288954 0.0215837 -0.000473249
internal_weight=27560 3960 754 697 383 314 110 204 243 140 3206 85 146 23600
internal_count=27560 3960 754 697 383 314 110 204 243 140 3206 85 146 23600
is_linear=0
shrinkage=0.05


Tree=166
num_leaves=15
num_cat=0
split_feature=18 33 44 0 24 20 45 0 26 29 20 39 37 29
split_gain=14.4139 19.3119 19.7223 47.194 56.9507 27.7133 32.2401 33.0376 23.3083 22.2302 49.9 37.1464 45.1269 36.3248
threshold=-0.5 7.5000000000000009 5.5000000000000009 30.645833333333339 26.491071428571434 22.729166666666668 34.500000000000007 23.229166666666668 21.343750000000004 4.4523595250411292 25.979166666666668 22.500000000000004 56.51250000000001 4.2284019470622694
decision_type=2 2 2 2 2 2 10 2 2 2 2 2 2 2
left_child=-1 2 9 4 5 6 7 -4 -7 13 -11 -12 -13 -2
right_child=1 -3 3 -5 -6 8 -8 -9 -10 10 11 12 -14 -15
leaf_value=-0.0015345257708061146 0.00089232979451865776 0.033565331631236608 -0.010207880779720818 0.027636674689646396 -0.040658744342735337 -0.051893179880624467 0.037036633276838364 0.026710904710681035 -0.010801489496843716 0.01617354330272221 -0.037213029198841577 -0.047023635846045284 0.0046937270879290199 -0.017922094799810131
leaf_weight=9840 15025 45 299 90 131 44 59 76 160 744 68 45 673 261
leaf_count=9840 15025 45 299 90 131 44 59 76 160 744 68 45 673 261
internal_value=-6.38442e-08 0.00085203 0.000768743 -0.00662107 -0.0106304 -0.00446474 0.0026798 -0.00272567 -0.0196644 0.00114623 0.00689245 -0.00189271 0.00145239 0.000571084
internal_weight=27560 17720 17675 859 769 638 434 375 204 16816 1530 786 718 15286
internal_count=27560 17720 17675 859 769 638 434 375 204 16816 1530 786 718 15286
is_linear=0
shrinkage=0.05


Tree=167
num_leaves=15
num_cat=0
split_feature=34 20 32 25 21 21 27 43 18 28 35 28 38 20
split_gain=14.2601 37.0192 31.6753 31.6159 31.2815 47.6593 44.8896 40.9584 32.4642 32.0645 31.4097 31.9626 28.9918 27.739
threshold=4.5000000000000009 20.187500000000004 7.5000000000000009 2.9242673075000529 18.770833333333339 21.187500000000004 3.0300014026058988 13.785714285714286 0.25000000000000017 27.657638888888894 4.6428571428571432 21.275694444444451 96.500000000000014 22.270833333333339
decision_type=2 2 2 2 2 2 2 2 2 2 2 2 2 2
left_child=1 2 -1 -4 7 8 13 -3 12 10 -8 -12 -6 -7
right_child=-2 4 3 -5 5 6 9 -9 -10 -11 11 -13 -14 -15
leaf_value=-0.00065153273834695185 0.0013655815075309086 -0.055393762373675909 0.0064490366899354811 0.040094632127267472 0.0024740531454207721 -0.060166774939675371 0.025232937578492022 -0.012210759099618329 -0.0065225104280911828 0.012831684733940236 0.022588514013304598 -0.024395757369370066 0.049771234963411168 -0.019607154365845966
leaf_weight=14460 11287 75 391 85 54 53 49 205 102 208 42 262 81 206
leaf_count=14460 11287 75 391 85 54 53 49 205 102 208 42 262 81 206
internal_value=-6.0673e-08 -0.000947274 -0.000233767 0.0124572 -0.00891806 -0.00498175 -0.0106896 -0.0237776 0.014767 -0.00274076 -0.0119166 -0.0179045 0.0308524 -0.027907
internal_weight=27560 16273 14936 476 1337 1057 820 280 237 561 353 304 135 259
internal_count=27560 16273 14936 476 1337 1057 820 280 237 561 353 304 135 259
is_linear=0
shrinkage=0.05


Tree=168
num_leaves=15
num_cat=0
split_feature=45 15 38 37 23 27 18 36 43 16 27 40 33 25
split_gain=14.0594 27.1868 27.4386 39.365 29.1653 27.0017 22.5798 21.3805 21.8845 20.9433 29.5418 18.9157 17.9383 17.5489
threshold=29.500000000000004 1.0000000180025095e-35 130.50000000000003 85.487500000000026 19.854166666666668 2.8475456937659422 1.0000000180025095e-35 3.6428571428571437 17.214285714285719 1.0000000180025095e-35 3.6677838686316515 24.500000000000004 2.5000000000000004 3.6982093836751213
decision_type=10 2 2 2 2 2 2 2 2 2 2 2 2 2
left_child=-1 2 3 -2 9 12 13 8 -4 -5 -11 -9 -3 -6
right_child=1 5 7 4 6 -7 -8 11 -10 10 -12 -13 -14 -15
leaf_value=-0.0002309690660376166 -0.032005538936795259 0.01210224797105184 0.019820193785662747 -0.0047263238742645533 -0.01896414536302193 0.020696958732874665 -0.044390256642881369 0.057139562261177272 -0.028918096530971871 0.060925115979361268 0.0057328029328750241 0.012093737365298526 -0.031592120222099451 0.02165477545724975
leaf_weight=26454 123 48 51 74 65 374 45 41 42 44 54 54 46 45
leaf_count=26454 123 48 51 74 65 374 45 41 42 44 54 54 46 45
internal_value=-5.76173e-08 0.00552303 -0.00119101 -0.00789315 0.00117664 0.0146759 -0.0145533 0.0148513 -0.00219065 0.0153519 0.030513 0.0315346 -0.0092801 -0.00234731
internal_weight=27560 1106 638 450 327 468 155 188 93 172 98 95 94 110
internal_count=27560 1106 638 450 327 468 155 188 93 172 98 95 94 110
is_linear=0
shrinkage=0.05


Tree=169
num_leaves=15
num_cat=0
split_feature=43 28 27 35 1 45 31 28 42 20 21 16 30 25
split_gain=13.8288 46.615 46.8934 35.6227 30.3274 33.7155 27.8878 39.4153 32.1175 26.1413 27.2136 24.6459 22.5746 30.0982
threshold=16.071428571428573 21.896527777777781 5.5311086852588947 8.071428571428573 37.729166666666679 23.500000000000004 6.5000000000000009 24.006250000000005 89.928571428571445 30.312500000000004 26.354166666666668 -0.22252093395631442 0.023809523809523839 1.3866152024181633
decision_type=2 2 2 2 2 10 2 2 2 2 2 2 2 2
left_child=1 -1 3 4 -3 6 8 -8 -6 10 -4 -7 13 -2
right_child=12 2 9 -5 5 11 7 -9 -10 -11 -12 -13 -14 -15
leaf_value=-0.00018857398731472719 -0.0010144114954182867 -0.026454332311152837 0.0057897576546094504 -0.058456991327569846 -0.021102439203033493 -0.010212473421176869 -0.0062446706860825639 -0.060291798113647738 0.019135412758116851 -0.022907026847824457 0.052780589294068675 0.0296541267560552 0.00015711798438048394 0.010631541472892943
leaf_weight=17291 938 291 83 47 112 67 69 66 89 40 49 92 6968 1358
leaf_count=17291 938 291 83 47 112 67 69 66 89 40 49 92 6968 1358
internal_value=-5.47691e-08 -0.000797028 -0.0112655 -0.0161732 -0.0136448 -0.00611438 -0.015091 -0.0326677 -0.00328568 0.012503 0.0232333 0.012855 0.00157393 0.00587374
internal_weight=27560 18296 1005 833 786 495 336 135 201 172 132 159 9264 2296
internal_count=27560 18296 1005 833 786 495 336 135 201 172 132 159 9264 2296
is_linear=0
shrinkage=0.05


Tree=170
num_leaves=15
num_cat=0
split_feature=45 15 10 1 31 6 30 44 27 24 12 21 21 6
split_gain=13.7054 52.6917 52.3462 43.437 45.2628 43.8099 49.805 38.6056 66.1101 36.3715 29.095 48.5792 30.012 28.9579
threshold=10.500000000000002 1.0000000180025095e-35 5.5000000000000009 27.979166666666668 13.500000000000002 0.99945175438596501 0.64583333333333359 2.5000000000000004 4.1458119641255129 15.616071428571432 5.5000000000000009 21.562500000000004 19.687500000000004 0.71439248345077955
decision_type=10 2 2 2 2 2 2 2 2 2 2 2 2 2
left_child=-1 2 3 -2 5 6 9 8 -3 -5 -4 12 -12 -13
right_child=1 7 10 4 -6 -7 -8 -9 -10 -11 11 13 -14 -15
leaf_value=-0.0007846414519126271 9.9061860713182295e-06 0.0084854579781457936 -0.0025059209859070526 0.015182238994087993 0.036746937922221057 0.035049357675961804 -0.05090597284115142 0.0022713825950842598 0.041036631293365912 -0.013613531180826111 0.0094761437544128007 0.051429646101419459 -0.029495728021936007 0.011050032543622561
leaf_weight=18433 2226 1213 507 119 49 48 84 2486 179 1397 580 111 54 74
leaf_count=18433 2226 1213 507 119 49 48 84 2486 179 1397 580 111 54 74
internal_value=-5.20324e-08 0.00158451 -0.00168093 -0.00458386 -0.0106096 -0.0120177 -0.0134297 0.0060044 0.0126713 -0.0113532 0.00690745 0.0127348 0.00615677 0.0352778
internal_weight=27560 9127 5249 3923 1697 1648 1600 3878 1392 1516 1326 819 634 185
internal_count=27560 9127 5249 3923 1697 1648 1600 3878 1392 1516 1326 819 634 185
is_linear=0
shrinkage=0.05


Tree=171
num_leaves=15
num_cat=0
split_feature=40 7 20 37 23 22 23 31 32 1 22 16 34 24
split_gain=13.5558 22.0803 39.2873 59.2501 35.425 38.7685 37.8526 26.6385 25.2496 34.0384 24.2605 19.9367 18.8868 30.1345
threshold=9.5000000000000018 0.0021008496082975396 13.60416666666667 63.562500000000007 11.395833333333334 24.437500000000004 22.812500000000004 8.5000000000000018 1.5000000000000002 20.895833333333339 16.520833333333339 1.0000000180025095e-35 2.5000000000000004 14.431547619047622
decision_type=2 2 2 2 2 2 2 2 2 2 2 2 2 2
left_child=1 -1 8 4 11 6 -6 12 -3 10 -10 -4 13 -5
right_child=-2 2 3 7 5 -7 -8 -9 9 -11 -12 -13 -14 -15
leaf_value=0.0039930110268094855 0.00064748552173920799 -0.0040272018280468041 -0.028634523939998713 0.015444728495045143 -0.0160679779887089 -0.063300375975668441 0.033897934060134909 0.031809387695893913 0.0037372200088137152 0.042579735917123884 -0.029167097485784828 -0.070721754078598084 0.00013743805490686866 -0.033644449042966935
leaf_weight=1296 20552 2399 68 44 502 40 41 57 1640 55 58 48 652 108
leaf_count=1296 20552 2399 68 44 502 40 41 57 1640 55 58 48 652 108
internal_value=-4.94218e-08 -0.00189904 -0.00323589 -0.0100009 -0.0208156 -0.0157947 -0.0122952 -0.00122101 -0.000694129 0.00386722 0.00261328 -0.0460499 -0.00356271 -0.0194344
internal_weight=27560 7008 5712 1560 699 583 543 861 4152 1753 1698 116 804 152
internal_count=27560 7008 5712 1560 699 583 543 861 4152 1753 1698 116 804 152
is_linear=0
shrinkage=0.05


Tree=172
num_leaves=15
num_cat=0
split_feature=37 4 45 30 43 24 22 45 23 45 41 0 20 9
split_gain=13.3788 26.8492 30.9944 24.2339 25.2716 23.0414 24.9337 29.504 22.9449 17.2989 21.0507 16.3225 54.3206 44.5594
threshold=99.912500000000009 0.47916666666666669 7.5000000000000009 0.71130952380952406 21.500000000000004 21.93154761904762 24.229166666666668 21.500000000000004 28.812500000000004 16.500000000000004 74.500000000000014 33.270833333333336 32.854166666666679 0.99875372023809539
decision_type=2 2 8 2 2 2 2 10 2 8 2 2 2 2
left_child=11 2 -2 4 5 9 -7 -8 -3 10 -4 12 -1 -14
right_child=1 8 3 -5 -6 6 7 -9 -10 -11 -12 -13 13 -15
leaf_value=-0.00026670627815018926 -0.004974449801701834 0.00063687392997467207 0.038379659721647037 -0.017815613303156126 0.058829302764275962 -0.021981979381485744 -0.0042296700793991076 0.043244279772043231 -0.034583049636258155 0.058845227691344919 0.004188218505060788 0.0071960203173986291 -0.011136315812626363 -0.061723759715430072
leaf_weight=25073 196 822 97 42 42 58 72 60 49 40 84 712 152 61
leaf_count=25073 196 822 97 42 42 58 72 60 49 40 84 712 152 61
internal_value=-4.69327e-08 0.00449433 0.0118541 0.0185175 0.0218862 0.018111 0.00534298 0.0173494 -0.0013445 0.029088 0.0225118 -0.000270076 -0.000480305 -0.0256238
internal_weight=27560 1562 691 495 453 411 190 132 871 221 181 25998 25286 213
internal_count=27560 1562 691 495 453 411 190 132 871 221 181 25998 25286 213
is_linear=0
shrinkage=0.05


Tree=173
num_leaves=15
num_cat=0
split_feature=45 18 28 39 28 20 35 24 29 0 1 48 0 44
split_gain=12.8587 13.1445 21.9229 52.9741 22.4656 24.101 40.7813 31.1283 30.0827 28.8067 22.9075 22.2336 20.9483 16.5183
threshold=41.500000000000007 -0.24999999999999994 30.718750000000004 37.500000000000007 30.252083333333335 32.062500000000007 8.6428571428571441 30.300595238095241 4.77411459362862 31.104166666666668 34.979166666666679 0.98214285714285732 26.354166666666668 5.5000000000000009
decision_type=10 2 2 2 2 2 2 2 2 2 2 2 2 2
left_child=1 2 4 -4 5 6 7 9 12 -1 -10 -7 -8 -3
right_child=-2 13 3 -5 -6 11 8 -9 10 -11 -12 -13 -14 -15
leaf_value=-0.0013253530639896912 0.022744819930484217 0.0013021867631371326 0.011010860519432383 -0.055711857064695031 0.031729089060368448 -0.042287071912056384 0.069855437863225234 -0.043296939092264938 -0.025552351736440895 0.03670802327618003 0.025587496782177466 -0.0032870093997143489 0.021726476658995339 -0.0062406679321292558
leaf_weight=11614 62 14528 59 60 52 68 40 44 41 50 47 79 52 764
leaf_count=11614 62 14528 59 60 52 68 40 44 41 50 47 79 52 764
internal_value=-4.46022e-08 -5.13277e-05 -0.00127492 -0.0226308 -0.00106467 -0.00120636 -0.00095755 -0.00132066 0.0226609 -0.00116232 0.00176098 -0.0213279 0.0426521 0.00092534
internal_weight=27560 27498 12206 119 12087 12035 11888 11708 180 11664 88 147 92 15292
internal_count=27560 27498 12206 119 12087 12035 11888 11708 180 11664 88 147 92 15292
is_linear=0
shrinkage=0.05


Tree=174
num_leaves=15
num_cat=0
split_feature=31 29 36 4 30 45 45 42 26 26 33 25 30 21
split_gain=12.7442 25.6595 18.3978 16.4507 27.8961 16.1377 14.3788 25.4873 26.5084 32.7586 28.6642 28.0482 23.1018 29.4501
threshold=1.0000000180025095e-35 2.7812640357822316 2.785714285714286 0.93750000000000011 0.73214285714285732 1.0000000180025095e-35 29.500000000000004 80.071428571428584 16.266369047619051 17.174107142857146 3.5000000000000004 2.3511578251813003 0.053571428571428527 24.354166666666668
decision_type=2 2 2 2 2 10 10 2 2 2 2 2 2 2
left_child=1 3 -3 4 -1 -6 -2 -8 11 -10 -11 -9 -12 -14
right_child=6 2 -4 -5 5 -7 7 8 9 10 12 -13 13 -15
leaf_value=-0.0020991110175910301 4.3974356963408196e-05 -0.0095372129894524538 -0.042716256668009288 0.0088196153825265359 -0.0048897894537624194 -0.041247899137976531 -0.020689939907808083 0.0082474623670956756 -0.034603559738025071 0.012766738705800616 0.0065811292738077081 0.064559980995226196 -0.056277859769761567 0.0015868934943492332
leaf_weight=1304 24581 111 67 288 51 76 83 48 48 667 107 41 45 43
leaf_count=1304 24581 111 67 288 51 76 83 48 48 667 107 41 45 43
internal_value=-4.23617e-08 -0.00395468 -0.022026 -0.00208343 -0.00427775 -0.0266474 0.000292283 0.00593339 0.00814534 0.00559819 0.00783681 0.0341892 -0.00902608 -0.028003
internal_weight=27560 1897 178 1719 1431 127 25663 1082 999 910 862 89 195 88
internal_count=27560 1897 178 1719 1431 127 25663 1082 999 910 862 89 195 88
is_linear=0
shrinkage=0.05


Tree=175
num_leaves=15
num_cat=0
split_feature=10 45 21 23 1 6 42 28 0 9 21 26 5 29
split_gain=12.5037 17.9009 30.9643 27.1039 24.7171 23.797 38.1165 44.6808 32.666 30.5699 28.6764 26.1799 23.7762 18.2535
threshold=5.5000000000000009 15.500000000000002 29.479166666666668 27.437500000000004 41.312500000000007 0.61063197298884331 137.78571428571431 20.156250000000004 18.395833333333339 0.99097842261904778 21.395833333333339 15.659226190476193 0.64583333333333337 4.1917730189047715
decision_type=2 10 2 2 2 2 2 2 2 2 2 2 2 2
left_child=-1 4 3 5 -2 8 7 12 9 11 -10 -3 -7 -9
right_child=1 2 -4 -5 -6 6 -8 13 10 -11 -12 -13 -14 -15
leaf_value=-0.00043629694379782074 0.0015911524434448301 0.017999965134076774 0.044963678011768746 -0.023353274519938759 -0.030039524062285352 0.036139711834214348 0.031293267047462554 -0.011105367279163114 0.019070750325876622 0.027193127974572753 0.072350131461153863 -0.035583076513600799 -0.0060053559363289176 -0.051336232061750434
leaf_weight=23600 3143 40 57 68 63 54 78 54 56 101 46 53 88 59
leaf_count=23600 3143 40 57 68 63 54 78 54 56 101 46 53 88 59
internal_value=-4.02329e-08 0.00259987 0.00953183 0.00663424 0.000969589 0.00987614 0.000706968 -0.00864884 0.0201915 0.00814743 0.0430987 -0.0125366 0.0100216 -0.0321109
internal_weight=27560 3960 754 697 3206 629 333 255 296 194 102 93 142 113
internal_count=27560 3960 754 697 3206 629 333 255 296 194 102 93 142 113
is_linear=0
shrinkage=0.05


Tree=176
num_leaves=15
num_cat=0
split_feature=41 42 20 22 38 6 39 20 25 42 41 41 31 45
split_gain=12.181 14.4438 13.2378 53.0144 47.1738 46.4733 37.3567 39.2942 42.9264 37.868 41.5792 39.3744 35.1022 29.4004
threshold=233.50000000000003 178.85714285714289 25.979166666666668 33.187500000000007 125.50000000000001 0.99945175438596501 74.500000000000014 37.187500000000007 0.56464537846516072 145.85714285714289 156.50000000000003 190.50000000000003 8.5000000000000018 33.500000000000007
decision_type=2 2 2 2 2 2 2 2 2 2 2 2 2 10
left_child=2 -2 3 13 -5 6 7 8 -4 10 -10 -11 -7 -1
right_child=1 -3 5 4 -6 12 -8 -9 9 11 -12 -13 -14 -15
leaf_value=-0.00012741809533688725 0.036303026263097608 0.0046322167682875367 -0.048451160384636177 0.066818605217744007 0.0084030484570370573 0.028818628254036111 0.033221297350443775 -0.037099629842962785 -0.006214034341765433 0.010066434835617241 -0.033128951003409332 -0.019521939125505913 -0.001580780476507782 0.013506612553497527
leaf_weight=24110 48 144 57 55 93 180 59 104 1199 607 163 138 201 402
leaf_count=24110 48 144 57 55 93 180 59 104 1199 607 163 138 201 402
internal_value=-3.82256e-08 0.0125499 -8.80824e-05 0.000276323 0.0301115 -0.00340648 -0.00605688 -0.00707867 -0.00563589 -0.00447762 -0.00943513 0.00458564 0.0127811 9.61818e-05
internal_weight=27560 192 27368 24660 148 2708 2327 2268 2164 2107 1362 745 381 24512
internal_count=27560 192 27368 24660 148 2708 2327 2268 2164 2107 1362 745 381 24512
is_linear=0
shrinkage=0.05


Tree=177
num_leaves=15
num_cat=0
split_feature=37 4 36 27 23 37 39 41 26 37 25 0 20 9
split_gain=12.4161 24.3243 29.4654 21.6088 20.1569 18.8132 29.6578 24.4661 18.4752 15.8578 21.9449 15.1237 47.0612 39.7097
threshold=99.912500000000009 0.47916666666666669 1.2142857142857146 2.3415616041370066 28.812500000000004 102.58750000000001 31.500000000000004 125.50000000000001 12.316964285714286 108.21250000000002 1.9070453811377039 33.270833333333336 32.854166666666679 0.99875372023809539
decision_type=2 2 2 2 2 2 2 2 2 2 2 2 2 2
left_child=11 2 3 8 -3 6 -4 9 -2 -7 -11 12 -1 -14
right_child=1 4 5 -5 -6 7 -8 -9 -10 10 -12 -13 13 -15
leaf_value=-0.00026371567738503465 -0.0043531743942240124 0.00062920614332640477 0.014293187233545869 0.020152151606638326 -0.032381669892834468 0.0076610685909875263 0.055283141975774525 -0.013014873174861783 -0.045484292237088088 0.0086528453641854554 0.056062770144154256 0.0069265224078141705 -0.010189330899217901 -0.057944583727932368
leaf_weight=25073 86 822 114 55 49 142 72 84 40 46 52 712 152 61
leaf_count=25073 86 822 114 55 49 142 72 84 40 46 52 712 152 61
internal_value=-3.63192e-08 0.00432961 0.0113348 -0.00599655 -0.00122789 0.0174857 0.0301603 0.0102096 -0.0174107 0.0183382 0.0338091 -0.000260168 -0.00046253 -0.0238657
internal_weight=27560 1562 691 181 871 510 186 324 126 240 98 25998 25286 213
internal_count=27560 1562 691 181 871 510 186 324 126 240 98 25998 25286 213
is_linear=0
shrinkage=0.05


Tree=178
num_leaves=15
num_cat=0
split_feature=34 20 32 5 0 21 21 27 6 6 43 39 28 40
split_gain=12.233 34.0097 28.3316 30.2843 32.0789 27.9146 43.7749 40.7557 36.3695 30.2097 62.873 29.3558 28.2959 28.7791
threshold=4.5000000000000009 20.187500000000004 7.5000000000000009 0.56250000000000011 11.270833333333334 18.770833333333339 21.187500000000004 3.0300014026058988 0.72526757097069605 0.61356142011588122 13.928571428571431 40.500000000000007 27.657638888888894 12.500000000000002
decision_type=2 2 2 2 2 2 2 2 2 2 2 2 2 2
left_child=1 2 -1 4 -4 8 11 -8 9 10 -3 -7 13 -9
right_child=-2 5 3 -5 -6 6 7 12 -10 -11 -12 -13 -14 -15
leaf_value=-0.00058855563629131948 0.0012648244912665939 -0.059606281964591258 0.062497329580165996 -0.0048061826426921226 0.014923203026544003 0.0036538544393676731 -0.026674612290738333 0.014846648456367816 -0.00015235284343361854 -0.065225026708956982 0.016345354464243757 0.043692180922915859 0.011933590154624724 -0.019105629899765039
leaf_weight=14460 11287 54 41 174 261 175 259 81 110 61 55 62 208 272
leaf_count=14460 11287 54 41 174 261 175 259 81 110 61 55 62 208 272
internal_value=-3.44997e-08 -0.000877344 -0.000193455 0.011809 0.0213819 -0.00851726 -0.00479882 -0.0102691 -0.0225544 -0.0370498 -0.0212821 0.014128 -0.00269513 -0.0113149
internal_weight=27560 16273 14936 476 302 1337 1057 820 280 170 109 237 561 353
internal_count=27560 16273 14936 476 302 1337 1057 820 280 170 109 237 561 353
is_linear=0
shrinkage=0.05


Tree=179
num_leaves=15
num_cat=1
split_feature=50 15 45 20 43 45 36 13 22 33 6 23 45 20
split_gain=11.8258 46.9755 40.6521 42.2856 44.4349 41.5924 40.4987 33.3928 32.2798 29.8434 48.2588 30.6291 28.7927 27.144
threshold=0 -0.8783796973249266 4.5000000000000009 16.645833333333339 11.785714285714286 19.500000000000004 2.5000000000000004 214.50000000000003 34.520833333333336 1.5000000000000002 0.46405448962863144 36.020833333333336 17.500000000000004 10.020833333333334
decision_type=1 2 10 2 2 10 2 2 2 2 2 2 10 2
left_child=1 -1 -3 6 7 9 -4 -5 -7 11 -11 -6 13 -8
right_child=-2 2 3 4 5 8 12 -9 -10 10 -12 -13 -14 -15
leaf_value=-0.0083435852328857078 -0.00059808318710663662 -0.0066276837993555857 0.0057896547588132874 -0.0037612356624675963 0.0046297502464901505 0.019143819095637039 0.056004160538626217 -0.034130730195090907 -0.015102258448799453 -0.056146742149510168 -0.0027495393735106504 0.040002721576736525 0.059842238073115762 0.015550220499095636
leaf_weight=980 20670 852 1098 288 1046 584 45 132 78 44 1104 65 46 528
leaf_count=980 20670 852 1098 288 1046 584 45 132 78 44 1104 65 46 528
internal_value=-3.27807e-08 0.00179239 0.00347617 0.00517813 0.00190077 0.00408729 0.0115553 -0.0133059 0.0151088 0.000857436 -0.00479612 0.00669928 0.0217826 0.0187272
internal_weight=27560 6890 5910 5058 3341 2921 1717 420 662 2259 1148 1111 619 573
internal_count=27560 6890 5910 5058 3341 2921 1717 420 662 2259 1148 1111 619 573
cat_boundaries=0 1
cat_threshold=33
is_linear=0
shrinkage=0.05


Tree=180
num_leaves=15
num_cat=0
split_feature=34 37 1 6 29 32 31 9 20 6 31 32 22 41
split_gain=11.502 47.7087 46.366 31.9233 33.9527 27.7045 25.5858 23.2184 21.5184 35.9719 47.6834 43.5966 30.6402 31.0895
threshold=8.5000000000000018 73.387500000000017 41.895833333333336 0.87429852337210401 4.2712287127113298 2.5000000000000004 8.5000000000000018 0.99565184513006677 18.729166666666668 0.99945175438596501 7.5000000000000009 2.5000000000000004 13.35416666666667 202.50000000000003
decision_type=2 2 2 2 2 2 2 2 2 2 2 2 2 2
left_child=8 2 -2 4 5 -3 -5 -6 -1 11 -11 -10 -13 -14
right_child=1 3 -4 6 7 -7 -8 -9 9 10 -12 12 13 -15
leaf_value=0.00037798824708194805 0.00063840832825409364 0.022451171209772317 -0.047076161793218212 0.011145361289142848 -0.0071588219219120217 0.069365857828121921 -0.022683090368381648 0.030264832344729195 -0.012766733431212341 0.019305917583456587 -0.0099535438966605796 -0.028508736350510308 -0.0016944682532669397 0.027527122332298377
leaf_weight=19481 2438 61 52 314 80 65 68 86 1253 368 224 103 2873 94
leaf_count=19481 2438 61 52 314 80 65 68 86 1253 368 224 103 2873 94
internal_value=-4.19929e-08 0.0028363 -0.000358041 0.0146373 0.0270835 0.0466532 0.00512354 0.0122293 -0.000367896 -0.00332427 0.00823477 -0.00490719 -0.00169937 -0.000768675
internal_weight=27560 3164 2490 674 292 126 382 166 24396 4915 592 4323 3070 2967
internal_count=27560 3164 2490 674 292 126 382 166 24396 4915 592 4323 3070 2967
is_linear=0
shrinkage=0.05


Tree=181
num_leaves=15
num_cat=0
split_feature=38 3 45 35 21 34 20 6 20 32 39 30 23 27
split_gain=11.538 17.5815 17.0774 25.1228 21.3257 19.7352 28.0052 26.6162 21.4118 19.5132 17.112 15.139 13.9996 15.9339
threshold=48.500000000000007 2.5625000000000004 6.5000000000000009 6.0714285714285721 15.270833333333334 6.5000000000000009 8.3958333333333339 0.81357790663098439 13.770833333333334 3.5000000000000004 12.500000000000002 0.19047619047619063 11.020833333333334 1.7648317216632765
decision_type=2 2 10 2 2 2 2 2 2 2 2 2 2 2
left_child=2 -2 5 4 -4 6 -1 8 12 -9 -6 -3 13 -8
right_child=1 11 3 -5 10 -7 7 9 -10 -11 -12 -13 -14 -15
leaf_value=-0.0010426855670205566 0.00041711979544937637 -0.0029541398353803046 0.0012910745040341407 -0.03671643320238218 0.050331774642247529 0.012379221860799821 -0.052367789827287195 0.0036762252700523676 -0.049597270361846316 -0.030694335458033226 0.0051970961414987138 -0.036360965433220066 -0.0090389834672737965 -0.019082645744038021
leaf_weight=679 24982 78 806 40 42 126 50 217 64 51 42 60 195 128
leaf_count=679 24982 78 806 40 42 126 50 217 64 51 42 60 195 128
internal_value=-3.99058e-08 0.000318806 -0.00328258 0.00204749 0.00378968 -0.00656534 -0.00829006 -0.0152702 -0.0228782 -0.00286444 0.0277644 -0.0174788 -0.0182938 -0.0284324
internal_weight=27560 25120 2440 930 890 1510 1384 705 437 268 84 138 373 178
internal_count=27560 25120 2440 930 890 1510 1384 705 437 268 84 138 373 178
is_linear=0
shrinkage=0.05


Tree=182
num_leaves=15
num_cat=0
split_feature=37 25 38 5 5 37 34 20 6 22 20 23 22 38
split_gain=11.322 15.3642 12.3893 25.5831 34.2459 23.878 23.865 21.7792 66.0377 57.7979 34.9829 36.252 35.4202 33.1846
threshold=111.81250000000001 1.5951548040984891 178.50000000000003 0.52083333333333337 0.062500000000000014 55.88750000000001 7.5000000000000009 25.979166666666668 0.99945175438596501 32.770833333333336 37.187500000000007 36.020833333333336 36.020833333333336 125.50000000000001
decision_type=2 2 2 2 2 2 2 2 2 2 2 2 2 2
left_child=2 -2 7 4 -4 -6 -7 9 10 -1 11 12 -9 -11
right_child=1 -3 3 -5 5 6 -8 8 -10 13 -12 -13 -14 -15
leaf_value=-9.0584708554894566e-05 -0.00052799784972443274 0.022862098289756327 0.0039244739818341083 -0.0026749798632759447 -0.0037863813499186905 0.022301490909515699 0.061489075106248015 -0.0067745253766466678 0.018416681393145267 0.061013124277025967 -0.039454786189247013 0.019395314767669009 -0.035261990287954098 0.010432826776781845
leaf_weight=23561 157 127 510 651 47 107 61 1619 263 59 86 123 117 72
leaf_count=23561 157 127 510 651 47 107 61 1619 263 59 86 123 117 72
internal_value=-3.79082e-08 0.00993166 -0.000103448 0.00451977 0.0109802 0.0277169 0.0365303 -0.000349067 -0.00509851 9.3562e-05 -0.0082782 -0.00683593 -0.00869448 0.0332133
internal_weight=27560 284 27276 1376 725 215 168 25900 2208 23692 1945 1859 1736 131
internal_count=27560 284 27276 1376 725 215 168 25900 2208 23692 1945 1859 1736 131
is_linear=0
shrinkage=0.05


Tree=183
num_leaves=15
num_cat=0
split_feature=45 15 10 1 31 6 30 4 32 33 24 44 35 44
split_gain=11.357 44.9934 44.8478 36.4193 38.4441 38.7765 37.6243 34.8471 43.0313 52.9452 31.7623 28.9551 27.1283 46.5811
threshold=10.500000000000002 1.0000000180025095e-35 5.5000000000000009 27.979166666666668 13.500000000000002 0.94448113899897268 0.64583333333333359 0.81250000000000011 6.5000000000000009 1.5000000000000002 15.616071428571432 4.5000000000000009 6.5000000000000009 1.5000000000000002
decision_type=10 2 2 2 2 2 2 2 2 2 2 2 2 2
left_child=-1 2 3 -2 5 6 10 8 12 -10 -5 -11 -3 -14
right_child=1 7 -4 4 -6 -7 -8 -9 9 11 -12 -13 13 -15
leaf_value=-0.00071424874572525445 -5.5729440724039343e-05 0.0088952604809245921 0.0063744027548059429 0.013075877951346657 0.033864357595198923 0.012811277264898474 -0.051673070031158147 -0.0012337004852693619 0.074128665353329681 -0.0051153495841260469 -0.014109894732976538 0.040591467059557407 0.033862649478053432 -0.018544689151853817
leaf_weight=18433 2226 2142 1326 117 49 154 62 1278 53 77 1315 63 53 212
leaf_count=18433 2226 2142 1326 117 49 154 62 1278 53 77 1315 63 53 212
internal_value=-3.59929e-08 0.0014424 -0.00157509 -0.00426208 -0.00977965 -0.0110773 -0.0135397 0.00552667 0.00884965 0.0315658 -0.0118887 0.0154527 0.00702821 -0.00806322
internal_weight=27560 9127 5249 3923 1697 1648 1494 3878 2600 193 1432 140 2407 265
internal_count=27560 9127 5249 3923 1697 1648 1494 3878 2600 193 1432 140 2407 265
is_linear=0
shrinkage=0.05


Tree=184
num_leaves=15
num_cat=1
split_feature=50 15 45 1 32 17 30 33 21 20 22 35 45 4
split_gain=11.4325 40.7956 38.1821 44.202 43.8245 30.0322 28.1918 33.0647 44.4497 43.2724 38.6023 33.3867 27.8987 29.2974
threshold=0 -0.8783796973249266 16.500000000000004 37.854166666666679 7.5000000000000009 0.93301270189221952 0.60416666666666685 2.5000000000000004 29.479166666666668 15.85416666666667 31.729166666666668 4.5000000000000009 4.5000000000000009 0.64583333333333337
decision_type=1 2 10 2 2 2 2 2 2 2 2 2 8 2
left_child=1 -1 3 12 6 -5 7 9 10 -4 -9 -11 -3 -14
right_child=-2 2 4 5 -6 -7 -8 8 -10 11 -12 -13 13 -15
leaf_value=-0.0076832854334379034 -0.00058805450979342337 -0.0052050833330727119 0.067010191465831467 -0.0064185462510748179 0.042026180847404671 -0.038808087120996787 -0.018722959520916144 -0.00053987597226902537 0.022552870524896667 0.045533313415944576 -0.046444077961719954 0.0089997894500010236 0.010799506446611033 0.0010216867536404284
leaf_weight=980 20670 761 45 679 104 80 90 384 198 76 52 353 1409 1679
leaf_count=980 20670 761 45 679 104 80 90 384 198 76 52 353 1409 1679
internal_value=-3.41849e-08 0.00176232 0.00333158 0.00119531 0.0108922 -0.00983246 0.00818941 0.0103754 0.00290704 0.0203648 -0.00601469 0.0154719 0.00336993 0.00548313
internal_weight=27560 6890 5910 4608 1302 759 1198 1108 634 474 436 429 3849 3088
internal_count=27560 6890 5910 4608 1302 759 1198 1108 634 474 436 429 3849 3088
cat_boundaries=0 1
cat_threshold=33
is_linear=0
shrinkage=0.05


Tree=185
num_leaves=15
num_cat=0
split_feature=45 18 20 0 25 42 28 1 20 31 9 29 41 27
split_gain=11.299 11.7031 19.0783 41.3369 30.3147 30.8113 28.849 35.3562 29.1034 22.7939 27.3483 56.5915 23.4928 21.7879
threshold=42.500000000000007 -0.5 15.937500000000002 17.812500000000004 6.3981643159611332 69.928571428571445 27.981250000000006 37.770833333333336 25.354166666666668 8.5000000000000018 0.99043040293040308 3.2661856570618424 87.500000000000014 3.4265107671611301
decision_type=10 2 2 2 2 2 2 2 2 2 2 2 2 2
left_child=1 2 -1 9 5 -5 7 -7 -8 10 11 12 -4 -12
right_child=-2 -3 3 4 -6 6 8 -9 -10 -11 13 -13 -14 -15
leaf_value=8.9978820157013265e-05 0.024237624163894606 0.00072608332158718199 0.0072664677201268769 -0.023718997515526509 -0.038107392578213301 0.00011134244291561675 0.015900919934520957 0.017754103004915155 -0.023575423519365753 0.016976919986440669 -0.017158822160905085 -0.070970798266353094 -0.041066256716915571 0.0030821112895952191
leaf_weight=6666 48 17690 65 131 54 1487 61 351 199 56 460 64 41 187
leaf_count=6666 48 17690 65 131 54 1487 61 351 199 56 460 64 41 187
internal_value=-4.31427e-08 -4.23304e-05 -0.00142629 -0.0046289 -0.00109036 -0.000193578 0.00127536 0.00348055 -0.0143137 -0.0138826 -0.0159978 -0.0338443 -0.0114283 -0.0113087
internal_weight=27560 27512 9822 3156 2283 2229 2098 1838 260 873 817 170 106 647
internal_count=27560 27512 9822 3156 2283 2229 2098 1838 260 873 817 170 106 647
is_linear=0
shrinkage=0.05


Tree=186
num_leaves=15
num_cat=0
split_feature=0 20 20 28 6 45 9 33 27 22 23 20 22 42
split_gain=11.2565 36.5768 34.0531 22.4406 37.4542 31.7947 29.9171 22.0342 27.2357 43.3903 31.0139 31.837 43.8983 30.4732
threshold=31.770833333333339 34.687500000000007 27.729166666666668 27.981250000000006 0.88191710411198609 16.500000000000004 0.9911497493734337 3.5000000000000004 4.8841025060104784 26.270833333333339 15.85416666666667 15.85416666666667 20.062500000000004 109.64285714285715
decision_type=2 2 2 2 2 8 2 2 2 2 2 2 2 2
left_child=1 7 -2 6 5 -5 -4 8 -1 10 -10 12 -12 -11
right_child=2 -3 3 4 -6 -7 -8 -9 9 13 11 -13 -14 -15
leaf_value=-8.8299763680324181e-05 0.045800595091921942 -0.0462767627588365 -0.017346381756695027 -0.063845057743601497 0.0034387994587195812 -0.0064844915047898646 0.028027512457192646 -0.0058389485224187125 -0.028303333233041624 0.0036145899387062062 0.069281032951992186 -0.00099169723645207443 0.0013960081067952244 0.034407958102072568
leaf_weight=23957 49 43 47 40 677 61 160 1586 81 129 42 420 55 213
leaf_count=23957 49 43 47 40 677 61 160 1586 81 129 42 420 55 213
internal_value=-4.10111e-08 -0.000199547 0.00511805 0.00309425 -0.000798572 -0.0292015 0.0177252 -0.000124733 0.000239277 0.00858796 0.000464048 0.00497112 0.0307895 0.0227929
internal_weight=27560 26526 1034 985 778 101 207 26483 24897 940 598 517 97 342
internal_count=27560 26526 1034 985 778 101 207 26483 24897 940 598 517 97 342
is_linear=0
shrinkage=0.05


Tree=187
num_leaves=15
num_cat=0
split_feature=31 1 29 4 4 30 5 6 37 20 31 1 26 36
split_gain=11.0636 23.4166 24.829 16.5643 25.0727 18.026 14.026 13.8723 13.8212 36.4047 30.7006 24.4111 24.125 34.8551
threshold=1.0000000180025095e-35 19.645833333333339 3.8994680071424477 0.93750000000000011 0.18750000000000003 0.76488095238095244 0.35416666666666669 0.75350474942679335 54.862500000000004 7.0208333333333348 4.5000000000000009 11.35416666666667 26.400297619047624 9.6428571428571441
decision_type=2 2 2 2 2 2 2 2 2 2 2 2 2 2
left_child=1 3 -3 4 5 7 -6 -1 12 10 -10 -11 -2 -14
right_child=8 2 -4 -5 6 -7 -8 -9 9 11 -12 -13 13 -15
leaf_value=-0.001525990110029491 -0.0016674411956035435 -0.046687966548941202 -0.003421042332691806 0.0087866207115804527 -0.035964972602910011 -0.029507962122027366 -0.0089325038476838411 0.027067119065164166 0.0059404701273763974 -0.0037235409466653451 0.028917811010369516 0.0010389469111924609 -0.056207311457023026 0.00031745885188380878
leaf_weight=1181 4376 63 70 289 87 56 107 44 1170 3210 166 16631 50 60
leaf_count=1181 4376 63 70 289 87 56 107 44 1170 3210 166 16631 50 60
internal_value=-3.89461e-08 -0.00368471 -0.0239159 -0.00215934 -0.00430401 -0.00176712 -0.0210553 -0.000498972 0.000272331 0.000806387 0.00879544 0.000268442 -0.00224878 -0.0253756
internal_weight=27560 1897 133 1764 1475 1281 194 1225 25663 21177 1336 19841 4486 110
internal_count=27560 1897 133 1764 1475 1281 194 1225 25663 21177 1336 19841 4486 110
is_linear=0
shrinkage=0.05


Tree=188
num_leaves=15
num_cat=0
split_feature=39 45 20 14 20 7 33 31 6 36 12 4 22 0
split_gain=10.6259 38.5225 35.4382 28.7582 21.241 25.736 17.2586 36.4263 30.9122 25.227 63.5687 43.2213 39.6524 36.4419
threshold=15.500000000000002 5.5000000000000009 16.020833333333339 22.500000000000004 8.7708333333333339 0.0048309460602701812 2.5000000000000004 13.500000000000002 0.9466003081773261 4.9285714285714297 4.5000000000000009 0.68750000000000011 33.979166666666679 29.145833333333339
decision_type=2 10 2 2 2 2 2 2 2 2 2 2 2 2
left_child=1 2 4 -4 -1 -6 -2 9 -9 13 11 -11 -12 -8
right_child=6 -3 3 -5 5 -7 7 8 -10 10 12 -13 -14 -15
leaf_value=0.00013877349577531999 0.00091345690300173523 0.0029763627831622653 0.0027497181798829592 -0.046297377114165199 0.0090185394662613463 -0.013883674305214339 -0.004494867449522791 0.048059871813489335 -0.0061989484065108832 -0.077894882041522687 0.011895854439866196 -0.022366010102892429 -0.042703321094556553 0.013887808841546296
leaf_weight=910 20676 1745 43 98 144 828 2323 63 45 51 176 112 41 305
leaf_count=910 20676 1745 43 98 144 828 2323 63 45 51 176 112 41 305
internal_value=-3.70063e-08 -0.00246706 -0.00716245 -0.0313398 -0.00535108 -0.0104908 0.000390672 -0.00307823 0.025452 -0.00410259 -0.0161442 -0.0397401 0.00157988 -0.00236141
internal_weight=27560 3768 2023 141 1882 972 23792 3116 108 3008 380 163 217 2628
internal_count=27560 3768 2023 141 1882 972 23792 3116 108 3008 380 163 217 2628
is_linear=0
shrinkage=0.05


Tree=189
num_leaves=15
num_cat=0
split_feature=34 20 0 25 20 38 6 0 30 9 32 9 27 45
split_gain=10.5325 28.9035 33.8774 25.1912 49.5957 48.2461 34.6571 28.9776 33.0795 24.7206 24.1571 25.7595 23.3028 22.7184
threshold=4.5000000000000009 15.35416666666667 12.937500000000002 2.4729355064583349 11.812500000000002 107.50000000000001 0.27025262860772004 13.062500000000002 0.083333333333333412 0.99690934065934078 3.5000000000000004 0.99863056752873569 3.2975739002589712 38.500000000000007
decision_type=2 2 2 2 2 2 2 2 2 2 2 2 2 10
left_child=1 3 9 -1 6 7 -5 8 -6 -3 12 -12 -8 -2
right_child=13 2 -4 4 5 -7 10 -9 -10 -11 11 -13 -14 -15
leaf_value=-0.00039116613652542213 0.00098770645969883117 -0.044094233727082613 -0.0037812650556503544 0.061233178935945036 -0.052682794130678424 0.021886805027005737 0.011500314511923695 0.00085291630064602934 -0.0098525988088832023 -0.00069436861896047413 0.032457374184849432 -0.0036587031552699047 -0.01919812311694841 0.028239834365471228
leaf_weight=11535 11210 92 3457 40 79 122 272 160 105 51 216 64 80 77
leaf_count=11535 11210 92 3457 40 79 122 272 160 105 51 216 64 80 77
internal_value=-3.51393e-08 -0.000814086 -0.00476775 0.000309026 0.00740632 -0.00512834 0.0160985 -0.0147093 -0.0282417 -0.028616 0.0132419 0.0242023 0.0045234 0.00117362
internal_weight=27560 16273 3600 12673 1138 466 672 344 184 143 632 280 352 11287
internal_count=27560 16273 3600 12673 1138 466 672 344 184 143 632 280 352 11287
is_linear=0
shrinkage=0.05


Tree=190
num_leaves=15
num_cat=1
split_feature=50 20 45 25 42 26 28 1 40 37 4 38 10 20
split_gain=10.5572 28.2214 34.9487 37.6136 42.1217 28.4266 43.131 33.9978 28.6604 31.0472 28.2498 27.6003 26.4533 25.4969
threshold=0 11.520833333333334 19.500000000000004 2.565059535555307 84.357142857142875 20.605654761904766 20.057638888888892 41.895833333333336 8.5000000000000018 88.112500000000011 1.0000000180025095e-35 174.50000000000003 3.5000000000000004 17.020833333333339
decision_type=1 2 10 2 2 2 2 2 2 2 2 2 2 2
left_child=1 -1 3 -3 13 6 -4 10 -9 -10 -7 12 -12 -5
right_child=-2 2 5 4 -6 7 -8 8 9 -11 11 -13 -14 -15
leaf_value=0.0078672427707160344 -0.00075792592595005351 0.001425607047030803 0.0096563982988979377 -0.0081698726905533505 -0.0017402587165410649 0.028870857968986793 0.072941667480128147 0.027409707580227406 -0.045054831100152987 -0.003084770489173631 0.0086499141041366835 0.037958889341027272 -0.036462179283207323 -0.027153259776040568
leaf_weight=1399 17225 5549 75 423 1710 216 42 64 51 324 84 41 53 304
leaf_count=1399 17225 5549 75 423 1710 216 42 64 51 324 84 41 53 304
internal_value=-3.33993e-08 0.00126263 0.000230043 -0.000848434 -0.00602638 0.00929606 0.0323742 0.00605459 -0.0035149 -0.0087927 0.016717 0.00196861 -0.00880221 -0.0161079
internal_weight=27560 10335 8936 7986 2437 950 117 833 439 375 394 178 137 727
internal_count=27560 10335 8936 7986 2437 950 117 833 439 375 394 178 137 727
cat_boundaries=0 1
cat_threshold=41
is_linear=0
shrinkage=0.05


Tree=191
num_leaves=15
num_cat=0
split_feature=8 0 0 23 21 38 23 43 28 27 35 24 9 20
split_gain=10.4622 14.4847 16.9937 12.82 14.2998 18.1377 14.6834 11.9203 41.5541 41.3316 34.4858 27.3045 29.3593 28.7229
threshold=0.0077380952380952392 10.145833333333334 24.770833333333339 22.437500000000004 13.895833333333334 80.500000000000014 18.770833333333339 16.071428571428573 21.896527777777781 5.5311086852588947 8.071428571428573 20.717261904761909 0.98915571975916816 20.437500000000004
decision_type=2 2 2 2 2 2 2 2 2 2 2 2 2 2
left_child=7 -2 3 4 -3 -6 -7 8 11 10 -10 13 -13 -1
right_child=1 2 -4 -5 5 6 -8 -9 9 -11 -12 12 -14 -15
leaf_value=-4.7416530108614741e-05 0.0043201831267905685 -0.036966654825575498 0.016624494155403229 -0.04143320917869367 0.020514114322545737 -0.02928436348919132 0.0062497652687496796 0.001605560953372779 -0.012694051569267626 0.012164812237697553 -0.057252714199864344 -0.018996679189313258 0.015484513861400885 -0.012733271582239037
leaf_weight=15999 172 49 40 49 46 79 46 9090 775 166 46 71 473 459
leaf_count=15999 172 49 40 49 46 79 46 9090 775 166 46 71 473 459
internal_value=-4.54694e-08 -0.0073095 -0.013783 -0.0183045 -0.0131531 -0.00632939 -0.0162078 0.000129791 -0.000615928 -0.0105898 -0.0151906 -3.69238e-05 0.0109842 -0.000401215
internal_weight=27560 481 309 269 220 171 125 27079 17989 987 821 17002 544 16458
internal_count=27560 481 309 269 220 171 125 27079 17989 987 821 17002 544 16458
is_linear=0
shrinkage=0.05


Tree=192
num_leaves=15
num_cat=0
split_feature=10 9 13 21 35 13 29 27 29 20 1 43 18 22
split_gain=10.2912 17.2474 19.8562 35.5006 84.144 29.226 24.8711 23.9527 21.7643 21.0966 25.5115 22.3765 19.183 22.9297
threshold=5.5000000000000009 0.99875372023809539 242.50000000000003 21.395833333333339 6.0714285714285721 228.50000000000003 4.1590804966261912 4.2390558155888307 1.9868985883756176 10.47916666666667 12.895833333333334 10.357142857142859 -0.24999999999999994 13.35416666666667
decision_type=2 2 2 2 2 2 2 2 2 2 2 2 2 2
left_child=-1 2 5 7 -5 -2 -6 8 -4 10 -10 -11 13 -3
right_child=1 12 3 4 6 -7 -8 -9 9 11 -12 -13 -14 -15
leaf_value=-0.00039582413870235637 -5.1591226513120551e-05 0.0044558724473145878 -0.001962972408486374 0.06883788933304863 -0.024485423081313018 -0.02325002104770553 0.01989440636412167 -0.030117118597592946 0.0073231934063622481 -0.016627874282093193 0.059701534156548858 0.013584599725145127 0.0020958129598259594 0.041083714786994581
leaf_weight=23600 2132 77 596 72 54 145 76 53 46 78 47 286 202 96
leaf_count=23600 2132 77 596 72 54 145 76 53 46 78 47 286 202 96
internal_value=-4.3202e-08 0.00235865 0.00129143 0.00620108 0.0254757 -0.00152887 0.00145971 0.00268076 0.00433156 0.0125406 0.033794 0.0071105 0.0125613 0.0247811
internal_weight=27560 3960 3585 1308 202 2277 130 1106 1053 457 93 364 375 173
internal_count=27560 3960 3585 1308 202 2277 130 1106 1053 457 93 364 375 173
is_linear=0
shrinkage=0.05


Tree=193
num_leaves=15
num_cat=0
split_feature=45 15 37 38 27 33 17 1 43 28 21 6 32 0
split_gain=9.86076 20.7864 23.3845 31.868 22.8822 18.0017 19.3971 23.5896 24.6964 20.3306 16.6395 15.9415 19.8251 15.9385
threshold=29.500000000000004 1.0000000180025095e-35 85.487500000000026 131.50000000000003 2.8475456937659422 3.5000000000000004 -0.93301270189221908 31.812500000000004 17.357142857142858 19.929861111111116 22.437500000000004 0.61356142011588122 4.5000000000000009 17.645833333333339
decision_type=10 2 2 2 2 2 2 2 2 2 2 2 2 2
left_child=-1 2 3 10 -3 6 -4 11 9 -9 -2 -8 -13 -6
right_child=1 4 5 -5 13 -7 7 8 -10 -11 -12 12 -14 -15
leaf_value=-0.00019342368030610384 -0.015956205468720352 -0.00942426469830915 0.03640650561044239 0.018952444390290313 -0.0026112861094392233 -0.021808213057106757 0.038228861932401305 -0.022159710589875568 -0.042150406464934349 0.022259964323357532 -0.053617762179767839 -0.0052939710529329624 0.03338108591269702 0.023297861480367527
leaf_weight=26454 78 94 53 45 74 57 54 47 45 57 47 107 48 300
leaf_count=26454 78 94 53 45 74 57 54 47 45 57 47 107 48 300
internal_value=-4.10306e-08 0.00462541 -0.00124537 -0.017128 0.0126287 0.00452397 0.00817587 0.00399648 -0.0112044 0.00218569 -0.030117 0.0148335 0.00668282 0.0181715
internal_weight=27560 1106 638 170 468 468 411 358 149 104 125 209 155 374
internal_count=27560 1106 638 170 468 468 411 358 149 104 125 209 155 374
is_linear=0
shrinkage=0.05


Tree=194
num_leaves=15
num_cat=0
split_feature=0 20 27 24 37 25 25 36 29 23 22 37 42 27
split_gain=9.88038 45.4258 22.4605 16.3031 11.5092 16.7334 16.0956 10.6043 27.1999 54.7589 57.0837 33.5165 31.152 28.7498
threshold=36.562500000000007 37.187500000000007 4.6778099880620596 33.223214285714292 111.81250000000001 1.8122890316921123 2.1973935377597789 7.6428571428571432 5.0300367833254604 33.979166666666679 26.104166666666668 66.312500000000014 131.07142857142858 4.5623275092583926
decision_type=2 2 2 2 2 2 2 2 2 2 2 2 2 2
left_child=1 4 3 -2 7 -6 -7 -1 11 10 12 13 -10 -9
right_child=2 -3 -4 -5 5 6 -8 8 9 -11 -12 -13 -14 -15
leaf_value=-0.00037085327854903175 0.039436715791552245 -0.047235020980531096 -0.012569217215437299 0.007838344478231167 0.0013512035755253316 0.050805441262881938 0.009084111938850498 0.0028081502358276817 -0.021046179424851173 0.041426577294109077 -0.048964889773103121 0.049646858881812458 0.031709711737565552 0.028233881495615915
leaf_weight=25192 66 51 77 107 184 41 53 1370 62 41 101 43 51 121
leaf_count=25192 66 51 77 107 184 41 53 1370 62 41 101 43 51 121
internal_value=-3.89918e-08 -9.06178e-05 0.00989479 0.0198932 -2.41333e-06 0.0101191 0.0272817 -0.000106701 0.003613 -0.0115084 -0.0216501 0.00612665 0.002764 0.00487154
internal_weight=27560 27310 250 173 27259 278 94 26981 1789 255 214 1534 113 1491
internal_count=27560 27310 250 173 27259 278 94 26981 1789 255 214 1534 113 1491
is_linear=0
shrinkage=0.05


Tree=195
num_leaves=15
num_cat=1
split_feature=50 15 45 33 30 43 25 22 21 42 37 30 29 37
split_gain=9.67898 35.8389 34.4449 27.1157 27.5892 33.8569 36.611 31.0998 45.3995 35.3389 25.7184 32.817 24.9615 22.6182
threshold=0 -0.8783796973249266 3.5000000000000004 1.5000000000000002 0.089285714285714371 14.071428571428573 1.6098705522881971 20.979166666666668 21.729166666666668 81.785714285714292 73.387500000000017 0.80654761904761929 3.2400731946081387 62.687500000000007
decision_type=1 2 10 2 2 2 2 2 2 2 2 2 2 2
left_child=1 10 12 4 5 7 -7 8 -4 -9 11 -1 -3 -5
right_child=-2 2 3 13 -6 6 -8 9 -10 -11 -12 -13 -14 -15
leaf_value=-0.022590981255119654 -0.00054108643006389409 -0.0037439108993017932 0.0085746887590532807 -0.01080368449333321 0.0040182171647882544 -0.018123637472745032 0.032694522726351032 -0.039516690070393372 0.063417262929241838 0.014565932086922907 0.00055995800656820913 0.0094507959881322649 -0.03118548003812004 0.002524702413463616
leaf_weight=369 20670 424 474 371 1783 40 311 67 41 55 509 102 103 2241
leaf_count=369 20670 424 474 371 1783 40 311 67 41 55 509 102 103 2241
internal_value=-3.70315e-08 0.00162154 0.00309234 0.00428669 0.00773206 0.0144343 0.0269033 0.00756361 0.0129408 -0.0151352 -0.00723171 -0.015652 -0.00910725 0.000631582
internal_weight=27560 6890 5910 5383 2771 988 351 637 515 122 980 471 527 2612
internal_count=27560 6890 5910 5383 2771 988 351 637 515 122 980 471 527 2612
cat_boundaries=0 1
cat_threshold=33
is_linear=0
shrinkage=0.05


Tree=196
num_leaves=15
num_cat=1
split_feature=31 22 4 30 50 29 29 45 5 4 20 31 5 20
split_gain=9.63128 21.8651 16.4036 23.55 14.9163 17.1201 15.6393 13.3484 11.9895 61.3187 49.2438 42.9122 42.6592 36.237
threshold=1.0000000180025095e-35 21.937500000000004 0.93750000000000011 0.73214285714285732 0 2.7628917461306481 2.468822389741705 1.0000000180025095e-35 0.64583333333333337 0.97916666666666685 15.562500000000002 16.500000000000004 0.77083333333333337 19.062500000000004
decision_type=2 2 2 2 1 2 2 10 2 2 2 2 2 2
left_child=1 2 3 4 -1 6 -6 -5 11 10 -10 13 -12 -2
right_child=8 -3 -4 7 5 -7 -8 -9 9 -11 12 -13 -14 -15
leaf_value=0.0011315763105741066 0.0024189792615161212 -0.037875010046280098 0.0081661012291795367 -0.0052250523823222112 -0.009184337806601538 -0.033194820780251454 0.021856219841995175 -0.038121294195596608 -0.0048433274946910682 0.00018597232704893574 -0.012906676320181715 0.052821546243503693 -0.048889166199002576 -0.0029601966205966761
leaf_weight=901 11609 45 297 51 413 67 45 78 627 8765 189 40 146 4287
leaf_count=901 11609 45 297 51 413 67 45 78 627 8765 189 40 146 4287
internal_value=-4.50072e-08 -0.00343794 -0.00260119 -0.0046577 -0.002807 -0.0094087 -0.0061345 -0.0251158 0.000254083 -0.00112922 -0.0131122 0.00109842 -0.0285886 0.000968267
internal_weight=27560 1897 1852 1555 1426 525 458 129 25663 9727 962 15936 335 15896
internal_count=27560 1897 1852 1555 1426 525 458 129 25663 9727 962 15936 335 15896
cat_boundaries=0 1
cat_threshold=98
is_linear=0
shrinkage=0.05


Tree=197
num_leaves=15
num_cat=1
split_feature=34 28 32 38 50 40 45 29 16 0 6 6 22 31
split_gain=9.92573 27.2272 37.6134 42.1101 47.3667 41.0431 43.3812 47.9182 35.7654 55.8319 28.8156 44.6494 32.6911 24.1048
threshold=4.5000000000000009 21.275694444444451 4.5000000000000009 151.50000000000003 0 12.500000000000002 16.500000000000004 5.0867605203338577 -0.22252093395631442 24.145833333333339 0.56924876560763138 0.62680608931390958 21.187500000000004 9.5000000000000018
decision_type=2 2 2 2 1 2 8 2 2 2 2 2 2 2
left_child=1 13 3 4 5 6 -3 -8 -5 -10 -4 -12 -13 -1
right_child=-2 2 10 8 -6 -7 7 -9 9 -11 11 12 -14 -15
leaf_value=-0.00043195114410376681 0.0011393250401353909 -0.0219958822368286 -0.016145509324996966 -0.026502895109513976 -0.031327913175946659 -0.017360631982498122 0.0032457120406130949 0.073987304332644444 0.053588844427967144 -0.017997923829696245 0.052936265893619175 -0.028728559602540539 0.012443489393867229 0.014563891304752384
leaf_weight=14573 11287 52 128 47 349 294 54 43 69 45 55 61 230 273
leaf_count=14573 11287 52 128 47 349 294 54 43 69 45 55 61 230 273
internal_value=-2.22229e-08 -0.000790277 -0.00738703 -0.013112 -0.0178508 -0.0063821 0.0148519 0.0346054 0.0101993 0.0253309 0.00412327 0.0116215 0.00381292 -0.000156196
internal_weight=27560 16273 1427 953 792 443 149 97 161 114 474 346 291 14846
internal_count=27560 16273 1427 953 792 443 149 97 161 114 474 346 291 14846
cat_boundaries=0 1
cat_threshold=33
is_linear=0
shrinkage=0.05


Tree=198
num_leaves=15
num_cat=0
split_feature=45 15 10 44 45 1 39 29 22 44 22 1 12 22
split_gain=10.0751 37.984 36.2542 32.0527 57.9841 30.4098 31.1692 29.3569 34.941 36.8768 31.0865 27.0859 26.9048 38.7577
threshold=10.500000000000002 1.0000000180025095e-35 5.5000000000000009 2.5000000000000004 22.500000000000004 27.979166666666668 53.500000000000007 5.2804929093666475 17.937500000000004 5.5000000000000009 14.562500000000002 37.854166666666679 5.5000000000000009 23.854166666666668
decision_type=10 2 2 2 10 2 2 2 2 2 2 2 2 2
left_child=-1 2 5 4 -3 -2 7 -7 10 -10 -9 -6 -4 -14
right_child=1 3 12 -5 11 6 -8 8 9 -11 -12 -13 13 -15
leaf_value=-0.00067328943219852869 1.3300607193040481e-05 0.0080510628588320778 -0.0033192377103572063 0.0017091994794370903 0.025680901714273403 -0.01507131955370304 0.011638422314465203 -0.0039677359210327267 0.00096778745354322198 -0.045528670307248831 0.055714755559650567 0.074539110238623363 0.0068961090348855641 0.037979571586554378
leaf_weight=18433 2226 1272 507 2486 74 1153 167 40 237 52 48 46 702 117
leaf_count=18433 2226 1272 507 2486 74 1153 167 40 237 52 48 46 702 117
internal_value=-5.89467e-07 0.001358 -0.0014145 0.00511068 0.0111854 -0.00383037 -0.00887221 -0.011111 0.00100126 -0.00739836 0.0285864 0.0444099 0.0057329 0.0113366
internal_weight=27560 9127 5249 3878 1392 3923 1697 1530 377 289 88 120 1326 819
internal_count=27560 9127 5249 3878 1392 3923 1697 1530 377 289 88 120 1326 819
is_linear=0
shrinkage=0.05


Tree=199
num_leaves=15
num_cat=0
split_feature=45 42 26 1 38 45 14 26 20 35 29 25 31 34
split_gain=9.80842 20.2021 24.503 17.7659 27.7515 30.8008 25.8499 25.423 21.7217 44.3134 19.4733 23.4578 18.9282 15.3821
threshold=29.500000000000004 80.071428571428584 15.563988095238097 57.395833333333336 116.50000000000001 40.500000000000007 44.500000000000007 22.953869047619051 25.562500000000004 5.7857142857142865 5.1438188051145621 4.4619291854669276 7.5000000000000009 4.5000000000000009
decision_type=10 2 2 2 2 10 2 2 2 2 2 2 2 2
left_child=-1 13 -3 4 5 10 8 -8 9 -6 11 -4 -10 -2
right_child=1 2 3 -5 6 -7 7 -9 12 -11 -12 -13 -14 -15
leaf_value=-0.00019342869547800152 -0.03886138199932046 0.036268041408978977 -0.0095903078138354289 0.031362688319821808 0.015321281488489855 0.037115996163338424 0.014908750746620909 -0.040788756171241405 0.016915796157450248 0.069606949393546169 0.0073679895778359086 -0.047100586090617041 -0.025046478841942166 0.0037524361396208405
leaf_weight=26454 45 65 279 58 143 40 42 40 78 51 135 49 41 40
leaf_count=26454 45 65 279 58 143 40 42 40 78 51 135 49 41 40
internal_value=-5.59999e-07 0.00461259 0.00656238 0.00454265 0.0028104 -0.00497874 0.0127292 -0.0122608 0.0192761 0.0295923 -0.00861543 -0.015194 0.00245821 -0.0188078
internal_weight=27560 1106 1021 956 898 503 395 82 313 194 463 328 119 85
internal_count=27560 1106 1021 956 898 503 395 82 313 194 463 328 119 85
is_linear=0
shrinkage=0.05


end of trees

feature_importances:
occupied_beds=400
n_admissions=348
surgeries_scheduled_next_7d=187
staffed_beds=185
occupied_lag_1=136
occupancy_rate=115
median_los_roll30=115
day_of_week=88
occupied_roll_mean_30=82
n_emergency_admissions=72
ward=72
hours_ge_85pct=68
dow_cos=56
dow_sin=54
ed_arrivals=53
ed_admitted=52
occupied_roll_std_30=51
n_admissions_lag1=50
occupied_roll_std_7=44
occupied_lag_7=40
occupied_lag_14=38
bottleneck_roll7_ge90pct=38
ed_arrivals_roll7=37
occupied_roll_std_14=33
hours_ge_90pct=32
occupied_roll_mean_14=31
occupied_roll_mean_7=29
n_elective_admissions=29
available_bed_ratio=27
month_cos=27
staffed_bed_ratio=26
occupied_lag_28=25
n_admissions_roll7=25
ed_high_acuity_arrivals_roll7=24
ed_arrivals_lag1=22
ed_high_acuity_arrivals=15
n_scheduled=15
day_of_year=14
n_emergency_admissions_roll7=14
closed_beds=8
week_of_year=6
closed_bed_ratio=5
month_sin=4
month=3
safe_staffing_rate_roll7_lag1=3
hospital_id=2

parameters:
[boosting: gbdt]
[objective: regression]
[metric: l2]
[tree_learner: serial]
[device_type: cpu]
[data_sample_strategy: bagging]
[data: ]
[valid: ]
[num_iterations: 200]
[learning_rate: 0.05]
[num_leaves: 15]
[num_threads: 4]
[seed: 42]
[deterministic: 0]
[force_col_wise: 0]
[force_row_wise: 0]
[histogram_pool_size: -1]
[max_depth: 8]
[min_data_in_leaf: 40]
[min_sum_hessian_in_leaf: 0.001]
[bagging_fraction: 1]
[pos_bagging_fraction: 1]
[neg_bagging_fraction: 1]
[bagging_freq: 0]
[bagging_seed: 400]
[bagging_by_query: 0]
[feature_fraction: 1]
[feature_fraction_bynode: 1]
[feature_fraction_seed: 30056]
[extra_trees: 0]
[extra_seed: 12879]
[early_stopping_round: 0]
[early_stopping_min_delta: 0]
[first_metric_only: 0]
[max_delta_step: 0]
[lambda_l1: 0]
[lambda_l2: 0]
[linear_lambda: 0]
[min_gain_to_split: 0]
[drop_rate: 0.1]
[max_drop: 50]
[skip_drop: 0.5]
[xgboost_dart_mode: 0]
[uniform_drop: 0]
[drop_seed: 17869]
[top_rate: 0.2]
[other_rate: 0.1]
[min_data_per_group: 100]
[max_cat_threshold: 32]
[cat_l2: 10]
[cat_smooth: 10]
[max_cat_to_onehot: 4]
[top_k: 20]
[monotone_constraints: ]
[monotone_constraints_method: basic]
[monotone_penalty: 0]
[feature_contri: ]
[forcedsplits_filename: ]
[refit_decay_rate: 0.9]
[cegb_tradeoff: 1]
[cegb_penalty_split: 0]
[cegb_penalty_feature_lazy: ]
[cegb_penalty_feature_coupled: ]
[path_smooth: 0]
[interaction_constraints: ]
[verbosity: -1]
[saved_feature_importance_type: 0]
[use_quantized_grad: 0]
[num_grad_quant_bins: 4]
[quant_train_renew_leaf: 0]
[stochastic_rounding: 1]
[linear_tree: 0]
[max_bin: 255]
[max_bin_by_feature: ]
[min_data_in_bin: 3]
[bin_construct_sample_cnt: 200000]
[data_random_seed: 175]
[is_enable_sparse: 1]
[enable_bundle: 1]
[use_missing: 1]
[zero_as_missing: 0]
[feature_pre_filter: 1]
[pre_partition: 0]
[two_round: 0]
[header: 0]
[label_column: ]
[weight_column: ]
[group_column: ]
[ignore_column: ]
[categorical_feature: 49,50,51]
[forcedbins_filename: ]
[precise_float_parser: 0]
[parser_config_file: ]
[objective_seed: 16083]
[num_class: 1]
[is_unbalance: 0]
[scale_pos_weight: 1]
[sigmoid: 1]
[boost_from_average: 1]
[reg_sqrt: 0]
[alpha: 0.9]
[fair_c: 1]
[poisson_max_delta_step: 0.7]
[tweedie_variance_power: 1.5]
[lambdarank_truncation_level: 30]
[lambdarank_norm: 1]
[label_gain: ]
[lambdarank_position_bias_regularization: 0]
[eval_at: ]
[multi_error_top_k: 1]
[auc_mu_weights: ]
[num_machines: 1]
[local_listen_port: 12400]
[time_out: 120]
[machine_list_filename: ]
[machines: ]
[gpu_platform_id: -1]
[gpu_device_id: -1]
[gpu_use_dp: 0]
[num_gpu: 1]

end of parameters

pandas_categorical:[["HHN-BIR-01", "HHN-EDI-01", "HHN-LON-01", "HHN-LON-02", "HHN-MAN-01"], ["Cardiology Ward", "Day Case Unit", "General Medicine Ward A", "General Medicine Ward B", "ICU", "Oncology Ward", "Orthopaedics Ward A", "Orthopaedics Ward B"], ["Critical Care", "Day Case", "Standard"]]
