tree
version=v4
num_class=1
num_tree_per_iteration=1
label_index=0
max_feature_idx=51
objective=regression
feature_names=occupied_beds staffed_beds total_beds closed_beds hours_ge_85pct hours_ge_90pct occupancy_rate available_bed_ratio closed_bed_ratio staffed_bed_ratio day_of_week is_weekend month day_of_year week_of_year dow_sin dow_cos month_sin month_cos is_holiday occupied_lag_1 occupied_lag_7 occupied_lag_14 occupied_lag_28 occupied_roll_mean_7 occupied_roll_std_7 occupied_roll_mean_14 occupied_roll_std_14 occupied_roll_mean_30 occupied_roll_std_30 bottleneck_roll7_ge90pct n_admissions n_emergency_admissions n_elective_admissions n_admissions_lag1 n_admissions_roll7 n_emergency_admissions_roll7 median_los_roll30 ed_arrivals ed_admitted ed_high_acuity_arrivals ed_arrivals_lag1 ed_arrivals_roll7 ed_high_acuity_arrivals_roll7 n_scheduled surgeries_scheduled_next_7d safe_staffing_rate safe_staffing_rate_lag1 safe_staffing_rate_roll7_lag1 hospital_id ward bed_type
feature_infos=[0:42.583333333333336] [2.6666666666666665:58] [3:58] [0:8] [0:1] [0:1] [0:1] [0:1] [0:0.33333333333333331] [0.88888888888888884:1] [0:6] [0:1] [1:12] [1:366] [1:52] [-0.97492791218182362:0.97492791218182362] [-0.90096886790241903:1] [-1:1] [-1:1] [0:1] [0:43.333333333333336] [0:43.333333333333336] [0:43.333333333333336] [0:43.333333333333336] [0.065476190476190535:39.363095238095241] [0.020331251519280748:10.980344090656066] [0.11011904761904763:37.645833333333329] [0.02638848724072158:8.7140379294572359] [0.13333333333333333:36.677777777777777] [0.038531471935446135:7.960723849109943] [0:1] [0:28] [0:28] [0:12] [0:28] [0.14285714285714285:16.142857142857142] [0:15.857142857142858] [4.5499999999999998:141.40000000000001] [19:329] [4:102] [1:60] [19:329] [37.428571428571431:235.14285714285714] [4.1428571428571432:39.857142857142854] [0:15] [0:52] [0.25:1] [0.25:1] [0.5:1] -1:0:1:2:3:4 -1:0:1:2:3:4:5:6:7 -1:2:0:1
tree_sizes=2709 2810 2825 2806 2802 2825 2815 2817 2823 2808 2812 2817 2816 2815 2813 2818 2809 2815 2825 2812 2822 2818 2822 2851 2831 2827 2842 2843 2848 2840 2841 2883 2826 2843 2848 2890 2874 2857 2858 2843 2854 2878 2864 2884 2895 2875 2885 2888 2895 2877 2893 2891 2859 2870 2859 2878 2877 2884 2876 2876 2885 2858 2892 2873 2877 2886 2900 2880 2884 2886 2899 2900 2898 2898 2894 2902 2887 2897 2902 2892 2896 2896 2876 2901 2879 2923 2885 2907 2902 2914 2871 2901 2878 2867 2888 2888 2888 2897 2888 2834 2889 2872 2839 2905 2905 2907 2861 2877 2852 2881 2849 2806 2911 2852 2902 2880 2869 2840 2892 2874 2913 2875 2878 2880 2912 2700 2864 2874 2890 2900 2830 2915 2888 2888 2856 2861 2885 2054 2899 2864 2874 2883 2427 2866 2900 2876 2845 2844 2854 1964 2879 2890 2867 2902 2869 2822 2887 2689 2909 2847 2406 2881 2881 2842 2868 2413 2231 2614 2580 2520 2854 2836 2891 2605 2299 2878 2748 2880 2893 2897 2889 2891 1786 2821 2668 2895 2578 2782 2876 2835 2570 2888 2260 1950 2502 2850 2849 2844 2862 2669 2858 2869 2845 2875 2911 2857 2702 2502 2811 2893 2721 2606 2181 2865 2858 2845 2828 2318 2840 2809 2886 2869 2816 2845 2876 2873 2143 2185 2858 1799 2040 2825 2852 2821 2850 2870 2824 2142 2847 2722 1915 2155 2688 1714 2823 2866 2881 2842 2818 2515 1549 2319 2864 2851 2887 2059 1542 2828 2849 2838 2872 2830 2850 1621 2830 2018 2119 2848 2339 2833 2855 2757 2829 1706 2905 2718 2858 1992 2872 2856 2338 2686 1714 2683 2151 1543 2196 2861 2859 2514 2904 2833 2470 2551 2173 2830 2763 2867 2857 2861

Tree=0
num_leaves=31
num_cat=0
split_feature=0 0 0 0 0 0 0 0 31 0 0 0 0 0 31 31 31 31 0 31 31 1 31 0 31 31 0 7 1 0
split_gain=936645 218237 190359 33516.1 28295.6 22142.4 8149.03 4587.35 4435.02 4036.97 3754.9 3414.34 2367.1 2210.04 1539.13 1530.38 1519.58 1322.87 1215.69 857.137 802.366 747.786 714.054 698.748 691.509 663.45 658.51 616.844 455.634 336.525
threshold=14.437500000000002 23.979166666666668 5.3958333333333348 18.395833333333339 31.062500000000004 10.020833333333334 2.6041666666666674 21.395833333333339 8.5000000000000018 12.020833333333334 16.645833333333339 8.0208333333333339 34.395833333333336 27.520833333333339 4.5000000000000009 5.5000000000000009 6.5000000000000009 4.5000000000000009 28.020833333333339 2.5000000000000004 10.500000000000002 17.895833333333339 4.5000000000000009 11.020833333333334 4.5000000000000009 2.5000000000000004 36.812500000000007 0.21863893491800471 27.437500000000004 9.5208333333333339
decision_type=2 2 2 2 2 2 2 2 2 2 2 2 2 2 2 2 2 2 2 2 2 2 2 2 2 2 2 2 2 2
left_child=2 3 6 10 8 11 -1 15 13 23 17 19 20 24 -11 -5 -9 -2 -10 -4 -6 -19 -12 -7 -3 29 -14 -17 -24 -13
right_child=1 4 5 7 12 9 -8 16 18 14 22 25 26 -15 -16 27 -18 21 -20 -21 -22 -23 28 -25 -26 -27 -28 -29 -30 -31
leaf_value=13.498313511296816 14.205758613136972 14.634801641732352 13.811932692435501 14.431920986762115 15.020119706843591 14.012045350884263 13.716745952733035 14.555675348596704 14.874938942952863 14.105708873943833 14.308333330275294 13.893385607060686 15.183128389252396 14.837698592292787 14.214016359339055 14.493925264904259 14.680232717187573 14.258300907054529 15.030969501099584 13.900202966471012 15.170902659092352 14.347384574151711 14.358801607005429 14.062897902468478 14.737989028340531 13.97065904930423 15.301448675878534 14.577582647636083 14.444577902983937 13.947034085844555
leaf_weight=2597 873 258 866 854 289 1247 511 516 364 961 713 676 314 498 498 613 466 678 190 403 127 361 1146 1474 438 1083 188 344 179 515
leaf_count=2597 873 258 866 854 289 1247 511 516 364 961 713 676 314 498 498 613 466 678 190 403 127 361 1146 1474 438 1083 188 344 179 515
internal_value=14.1817 14.5466 13.8647 14.3952 14.9296 13.9976 13.5342 14.5278 14.8115 14.0756 14.3015 13.9057 15.1544 14.7573 14.1427 14.4806 14.6148 14.2511 14.9285 13.84 15.0662 14.2893 14.3487 14.0396 14.6997 13.9423 15.2274 14.524 14.3704 13.9166
internal_weight=20240 9409 10831 6743 2666 7723 3108 2793 1748 4180 3950 3543 918 1194 1459 1811 982 1912 554 1269 416 1039 2038 2721 696 2274 502 957 1325 1191
internal_count=20240 9409 10831 6743 2666 7723 3108 2793 1748 4180 3950 3543 918 1194 1459 1811 982 1912 554 1269 416 1039 2038 2721 696 2274 502 957 1325 1191
is_linear=0
shrinkage=1


Tree=1
num_leaves=31
num_cat=0
split_feature=0 0 0 0 0 0 0 0 31 0 0 0 0 0 31 31 31 31 0 0 31 1 31 0 31 7 31 1 39 15
split_gain=845322 196959 171799 30248.3 25536.8 19983.5 7354.5 4140.09 4002.61 3643.36 3388.79 3081.44 2174.85 2005.51 1389.06 1381.17 1371.42 1193.89 1097.16 841.881 786.967 683.563 644.434 630.621 598.763 556.702 481.08 411.21 393.916 386.223
threshold=14.437500000000002 23.979166666666668 5.3958333333333348 18.395833333333339 31.062500000000004 10.020833333333334 2.6041666666666674 21.395833333333339 8.5000000000000018 12.020833333333334 16.645833333333339 8.0208333333333339 33.270833333333336 27.020833333333339 4.5000000000000009 5.5000000000000009 6.5000000000000009 4.5000000000000009 28.020833333333339 36.812500000000007 3.5000000000000004 19.729166666666668 4.5000000000000009 11.020833333333334 2.5000000000000004 0.21863893491800471 4.5000000000000009 27.437500000000004 54.500000000000007 -1.0000000180025095e-35
decision_type=2 2 2 2 2 2 2 2 2 2 2 2 2 2 2 2 2 2 2 2 2 2 2 2 2 2 2 2 2 2
left_child=2 3 6 10 8 11 -1 15 13 23 17 20 28 26 -11 -5 -9 -2 -10 -14 -4 -19 -12 -7 -13 -17 -3 -24 -6 -15
right_child=1 4 5 7 12 9 -8 16 18 14 22 24 19 29 -16 25 -18 21 -20 -21 -22 -23 27 -25 -26 -27 -28 -29 -30 -31
leaf_value=-0.64919449678053065 0.022878355363395626 0.42038182147123204 -0.34300356827633394 0.23773260018188483 0.77846586651272254 -0.16114924864906224 -0.44168367969079958 0.35529923615562042 0.65859966513874779 -0.072168898689061498 0.12032433280781392 -0.25183778543691493 0.93783961399695837 0.56840801910059346 0.030723212430081578 0.29663667026998364 0.47362873354694879 0.078647955268935477 0.80682871216221863 1.0637839418776494 -0.24026527995580094 0.17203916761711355 0.16826919724979483 -0.11283932150704244 -0.20046624665708382 0.37611117767559932 0.51496734083368545 0.24975667528433509 0.92884445808551941 0.64724058598279965
leaf_weight=2597 873 216 1042 854 225 1247 511 516 364 961 713 1191 451 302 498 613 466 777 190 188 227 262 1146 1474 1083 344 356 179 54 320
leaf_count=2597 873 216 1042 854 225 1247 511 516 364 961 713 1191 451 302 498 613 466 777 190 188 227 262 1146 1474 1083 344 356 179 54 320
internal_value=-1.90424e-09 0.346688 -0.301171 0.202844 0.710504 -0.174845 -0.615077 0.328783 0.598361 -0.100797 0.113795 -0.262205 0.924041 0.546823 -0.0370488 0.283956 0.411452 0.0659814 0.709436 0.974894 -0.324626 0.102198 0.158653 -0.134979 -0.227372 0.325204 0.47925 0.179278 0.807571 0.608965
internal_weight=20240 9409 10831 6743 2666 7723 3108 2793 1748 4180 3950 3543 918 1194 1459 1811 982 1912 554 639 1269 1039 2038 2721 2274 957 572 1325 279 622
internal_count=20240 9409 10831 6743 2666 7723 3108 2793 1748 4180 3950 3543 918 1194 1459 1811 982 1912 554 639 1269 1039 2038 2721 2274 957 572 1325 279 622
is_linear=0
shrinkage=0.05


Tree=2
num_leaves=31
num_cat=0
split_feature=28 20 20 20 20 20 31 7 20 31 31 31 1 28 1 20 1 4 31 31 6 31 4 20 31 1 15 1 31 5
split_gain=719756 160424 148210 31160.9 22506.4 13917.4 10002.1 8110.53 6596.24 6144.48 4432.9 3911.95 3355.53 3273.24 2334.01 2198.83 2003.83 1877.97 1863.07 1811.48 1710.34 1668.91 1609.08 1439.02 1338.29 1318.08 1208.13 1195.88 973.626 943.151
threshold=14.847222222222225 4.2708333333333348 21.395833333333339 29.187500000000004 10.020833333333334 18.020833333333339 5.5000000000000009 0.10643289938749974 14.020833333333334 4.5000000000000009 5.5000000000000009 2.5000000000000004 5.854166666666667 26.888194444444448 27.437500000000004 7.9375000000000009 23.895833333333339 0.97916666666666685 8.5000000000000018 5.5000000000000009 0.91806961992245883 3.5000000000000004 0.97916666666666685 23.979166666666668 9.5000000000000018 33.041666666666679 1.0000000180025095e-35 12.35416666666667 5.5000000000000009 0.062500000000000014
decision_type=2 2 2 2 2 2 2 2 2 2 2 2 2 2 2 2 2 2 2 2 2 2 2 2 2 2 2 2 2 2
left_child=1 12 5 6 11 9 22 25 21 17 -7 15 -1 23 -12 -3 29 -2 -18 -9 -10 -6 26 -8 -15 -5 -4 -23 -13 -11
right_child=2 4 3 7 8 10 13 19 20 16 14 28 -14 24 -16 -17 18 -19 -20 -21 -22 27 -24 -25 -26 -27 -28 -29 -30 -31
leaf_value=-0.61896286683591462 -0.011347862023287376 -0.35521046436639853 0.27863691951113068 0.65710896650950124 -0.15132059900063322 0.19072150218232753 0.44733599299459659 0.53999730650733679 -0.056530483146419841 0.047117909519667073 0.27906681164544972 -0.21220241820970878 -0.4350592309128154 0.5973977731107033 0.43174233722044653 -0.25263457973740422 0.18392600083497454 0.11468480169211176 0.39200051760913546 0.72153318621295548 0.07273112400840144 -0.12129375243432428 0.48545276013585187 0.56454164264218831 0.78661502826433249 0.9147023922802946 0.4109565814538878 -0.029190714541505014 -0.11261276805593921 0.14734204433051507
leaf_weight=2530 1021 916 583 54 1878 907 513 262 420 280 605 1329 275 219 427 1216 387 416 149 289 655 777 173 535 163 618 245 645 301 1452
leaf_count=2530 1021 916 583 54 1878 907 513 262 420 280 605 1329 275 219 427 1216 387 416 149 289 655 777 173 535 163 618 245 645 301 1452
internal_value=-4.81778e-10 -0.274855 0.323453 0.571551 -0.162449 0.162831 0.467986 0.77741 -0.0853388 0.106031 0.271363 -0.252124 -0.600933 0.55284 0.342238 -0.296706 0.157284 0.0251376 0.241768 0.635213 0.0222289 -0.12038 0.346766 0.507169 0.678137 0.894003 0.317789 -0.0795171 -0.193812 0.13114
internal_weight=20240 10942 9298 3654 8137 5644 2431 1223 4375 3705 1939 3762 2805 1430 1032 2132 2268 1437 536 551 1075 3300 1001 1048 382 672 828 1422 1630 1732
internal_count=20240 10942 9298 3654 8137 5644 2431 1223 4375 3705 1939 3762 2805 1430 1032 2132 2268 1437 536 551 1075 3300 1001 1048 382 672 828 1422 1630 1732
is_linear=0
shrinkage=0.05


Tree=3
num_leaves=31
num_cat=0
split_feature=0 0 0 0 0 0 0 0 31 0 0 0 0 0 31 31 31 0 31 31 1 31 31 0 31 31 28 31 1 7
split_gain=690911 152058 148992 21474.3 20890.4 18877 6911.19 4495.06 3378.79 3190.89 2604.17 2220.08 1768.09 1694.65 1132.33 994.927 964.346 935.122 914.822 845.344 636.32 630.148 545.888 526.19 506.859 506.363 534.086 401.16 382.617 380.638
threshold=15.062500000000002 23.979166666666668 5.6458333333333348 18.562500000000004 31.062500000000004 11.020833333333334 2.6041666666666674 9.0625000000000018 8.5000000000000018 21.395833333333339 13.062500000000002 17.020833333333339 34.395833333333336 27.520833333333339 6.5000000000000009 4.5000000000000009 5.5000000000000009 28.020833333333339 1.5000000000000002 4.5000000000000009 17.687500000000004 10.500000000000002 3.5000000000000004 36.812500000000007 4.5000000000000009 2.5000000000000004 14.148611111111114 4.5000000000000009 11.35416666666667 0.21863893491800471
decision_type=2 2 2 2 2 2 2 2 2 2 2 2 2 2 2 2 2 2 2 2 2 2 2 2 2 2 2 2 2 2
left_child=2 3 6 11 8 7 -1 18 13 15 25 19 21 24 -11 -5 -12 -10 -4 -2 -21 -6 -9 -14 -3 -7 -27 -20 -24 -17
right_child=1 4 5 9 12 10 -8 22 17 14 16 -13 23 -15 -16 29 -18 -19 27 20 -22 -23 28 -25 -26 26 -28 -29 -30 -31
leaf_value=-0.58602846426187127 0.035046643592067994 0.38848636824377752 -0.30906608483326514 0.20597096248178853 0.7193641944740059 -0.12178428251635881 -0.39592935341210089 -0.18531654174520548 0.5969403344687525 0.31995441287867871 -0.02443262860845663 0.15251237749725072 0.8599427037937627 0.56488859312361983 0.42747592120211525 0.2635827152653813 0.076601136340236187 0.73378613045341101 -0.25333345175720751 0.067454765381368978 0.14640278663360493 0.85298904809426146 -0.162419121591626 0.96570947398530693 0.47682919834302445 -0.086770525646591837 -0.014798373955771825 -0.17816181111325746 -0.09635501521714461 0.32316186508374678
leaf_weight=2597 788 258 795 597 289 724 586 1726 364 516 784 1787 314 498 466 729 338 190 1040 553 474 127 592 188 438 1165 331 214 348 424
leaf_count=2597 788 258 795 597 289 724 586 1726 364 516 784 1787 314 498 466 729 338 190 1040 553 474 127 592 188 438 1165 331 214 348 424
internal_value=-7.5103e-10 0.326466 -0.261405 0.193131 0.643249 -0.146986 -0.551031 -0.211419 0.54182 0.298842 -0.0560807 0.112952 0.836385 0.494468 0.370978 0.258364 0.00600357 0.643873 -0.267106 0.0740023 0.103892 0.760158 -0.16862 0.899553 0.444081 -0.0874584 -0.0708462 -0.240505 -0.137961 0.285492
internal_weight=20240 9000 11240 6334 2666 8057 3183 4715 1748 2732 3342 3602 918 1194 982 1750 1122 554 2049 1815 1027 416 2666 502 696 2220 1496 1254 940 1153
internal_count=20240 9000 11240 6334 2666 8057 3183 4715 1748 2732 3342 3602 918 1194 982 1750 1122 554 2049 1815 1027 416 2666 502 696 2220 1496 1254 940 1153
is_linear=0
shrinkage=0.05


Tree=4
num_leaves=31
num_cat=0
split_feature=0 0 0 0 0 0 0 0 0 0 0 0 0 32 10 32 10 0 32 32 32 32 33 0 32 0 33 7 0 45
split_gain=623658 146063 126423 22272.8 18853.6 14244.4 6237.35 3019.68 2695.43 2581.48 2501.93 2118.47 1622.61 830.119 762.395 759.265 686.306 663.848 648.08 628.393 529.796 529.162 526.855 462.011 429.934 409.573 386.315 383.209 327.811 324.377
threshold=14.437500000000002 23.979166666666668 5.6458333333333348 18.395833333333339 31.062500000000004 10.020833333333334 2.6041666666666674 21.020833333333339 12.020833333333334 16.145833333333339 27.645833333333339 8.3958333333333339 33.270833333333336 4.5000000000000009 3.5000000000000004 5.5000000000000009 3.5000000000000004 36.812500000000007 3.5000000000000004 4.5000000000000009 8.5000000000000018 5.5000000000000009 5.5000000000000009 11.020833333333334 4.5000000000000009 17.479166666666668 1.5000000000000002 0.19469666532744082 6.979166666666667 21.500000000000004
decision_type=2 2 2 2 2 2 2 2 2 2 2 2 2 2 2 2 2 2 2 2 2 2 2 2 2 2 2 2 2 2
left_child=2 3 6 9 10 11 -1 21 23 24 15 18 -6 -10 29 16 -3 -14 28 -16 22 26 -12 -7 -2 -11 -5 -26 -4 -9
right_child=1 4 5 7 12 8 -8 14 13 25 20 -13 17 -15 19 -17 -18 -19 -20 -21 -22 -23 -24 -25 27 -27 -28 -29 -30 -31
leaf_value=-0.55672704040614007 0.025523299903122007 0.480369665555551 -0.31810685365931612 0.19519243481971316 0.69396406164306046 -0.13813134795480497 -0.37613288575065018 0.35505075720277168 -0.05411946923981481 0.1045337281941543 0.55054838571746767 -0.19062577522609545 0.80558651207291632 0.031382124115039788 0.24164550491375847 0.52255901051152309 0.37845901655919345 0.91742406905965612 -0.19188374155533636 0.35849699621084591 0.67778935597493106 0.27477033985437621 0.70929076342747133 -0.096781061883733699 0.061228978783159596 0.14780589216773848 0.25954580949255207 0.1577523242311204 -0.26430555417837687 0.42923111659956392
leaf_weight=2597 879 355 453 669 279 1247 586 404 1073 882 529 2036 451 386 240 367 309 188 224 221 130 669 58 1474 627 1439 358 123 755 232
leaf_count=2597 879 355 453 669 279 1247 586 404 1073 882 529 2036 451 386 240 367 309 188 224 221 130 669 58 1474 627 1439 358 123 755 232
internal_value=5.60899e-10 0.297783 -0.258688 0.173912 0.611087 -0.148485 -0.523479 0.281979 -0.0863306 0.0974989 0.514729 -0.223399 0.794566 -0.0314988 0.346622 0.464844 0.432944 0.83849 -0.269997 0.297663 0.58646 0.240167 0.566233 -0.115731 0.0492505 0.131362 0.217625 0.0770588 -0.284481 0.38211
internal_weight=20240 9409 10831 6743 2666 7648 3183 2793 4180 3950 1748 3468 918 1459 1097 1031 664 639 1432 461 717 1696 587 2721 1629 2321 1027 750 1208 636
internal_count=20240 9409 10831 6743 2666 7648 3183 2793 4180 3950 1748 3468 918 1459 1097 1031 664 639 1432 461 717 1696 587 2721 1629 2321 1027 750 1208 636
is_linear=0
shrinkage=0.05


Tree=5
num_leaves=31
num_cat=0
split_feature=26 20 20 20 20 20 31 7 31 31 31 20 31 1 28 4 1 20 29 1 31 20 31 31 1 1 28 28 6 1
split_gain=530618 117427 110245 22861.2 13959.4 11695.9 7874 6034.49 5114.59 3384.02 3095.01 3055.4 2462.82 2109.99 1980.2 1896.96 1825.14 1822.44 1566.66 1454.33 1429.27 1390.96 1309.94 1169.78 996.099 981.035 849.514 761.18 750.971 736.711
threshold=14.092261904761909 21.395833333333339 3.8125000000000004 29.187500000000004 10.020833333333334 18.020833333333339 7.5000000000000009 0.10643289938749974 5.5000000000000009 5.5000000000000009 2.5000000000000004 14.020833333333334 3.5000000000000004 23.770833333333339 26.888194444444448 0.97916666666666685 27.437500000000004 6.979166666666667 0.76866215767199064 19.645833333333339 5.5000000000000009 24.937500000000004 2.5000000000000004 8.5000000000000018 33.041666666666679 25.458333333333339 12.41527777777778 9.9534722222222225 0.90235012579002283 17.187500000000004
decision_type=2 2 2 2 2 2 2 2 2 2 2 2 2 2 2 2 2 2 2 2 2 2 2 2 2 2 2 2 2 2
left_child=2 5 18 6 10 8 12 24 15 -7 17 22 -3 29 25 19 -11 -4 -1 -2 -9 -14 -6 -15 -5 -8 -24 -12 -13 -10
right_child=1 3 4 7 11 9 14 20 13 16 27 28 21 23 -16 -17 -18 -19 -20 -21 -22 -23 26 -25 -26 -27 -28 -29 -30 -31
leaf_value=-0.53086609488087466 -0.050680165562752039 0.23776593237429286 -0.32993803340464067 0.56035903029971657 -0.14566582106335588 0.16217744462476169 0.34683880338668827 0.45849425154915863 0.05530896762651355 0.23883617593231882 -0.19206898420404894 -0.04867853171076468 0.31920905062423843 0.17957165978967826 0.63522679456387576 0.094860210162610814 0.37403171279898328 -0.22881544415106153 -0.38617031671623198 0.049299631993753264 0.61974565892071054 0.43156397599419327 -0.094858243215448279 0.35020800539507319 0.78429033418689353 0.50444265855426718 -0.0085987433418631548 -0.12094824592234035 0.056271313234177868 0.13606679488884602
leaf_weight=2531 733 467 624 54 1223 903 125 262 379 603 1064 301 557 282 267 798 426 1558 202 722 289 545 1653 156 618 470 345 582 393 1108
leaf_count=2531 733 467 624 54 1223 903 125 262 379 603 1064 301 557 282 267 798 426 1558 202 722 289 545 1653 156 618 470 345 582 393 1108
internal_value=-9.62646e-10 0.265179 -0.247157 0.489401 -0.150792 0.131087 0.400694 0.665726 0.084045 0.232817 -0.218686 -0.0844072 0.333995 0.143894 0.522098 0.0329091 0.294806 -0.257734 -0.520171 -0.0010682 0.543071 0.374775 -0.10491 0.240346 0.766296 0.471333 -0.0799636 -0.166922 0.0107527 0.115484
internal_weight=20240 9764 10476 3654 7743 6110 2431 1223 4178 1932 3828 3915 1569 1925 862 2253 1029 2182 2733 1455 551 1102 3221 438 672 595 1998 1646 694 1487
internal_count=20240 9764 10476 3654 7743 6110 2431 1223 4178 1932 3828 3915 1569 1925 862 2253 1029 2182 2733 1455 551 1102 3221 438 672 595 1998 1646 694 1487
is_linear=0
shrinkage=0.05


Tree=6
num_leaves=31
num_cat=0
split_feature=0 0 0 0 0 0 0 0 0 31 0 0 0 0 31 31 31 31 31 31 0 1 0 1 31 31 15 31 31 31
split_gain=510026 112812 109546 18714.2 14065.9 12643.2 4944.18 3454.76 3134.55 2174.06 2120.38 1664.54 1182.63 1026.34 1024.1 924.24 832.027 723.074 714.06 586.086 555.328 464.302 457.103 427.241 393.181 348.858 341.911 338.464 307.444 296.158
threshold=15.062500000000002 24.937500000000004 5.6458333333333348 18.562500000000004 10.395833333333334 31.479166666666668 2.6041666666666674 21.937500000000004 12.937500000000002 9.5000000000000018 8.7708333333333339 17.020833333333339 35.270833333333336 27.520833333333339 6.5000000000000009 5.5000000000000009 4.5000000000000009 1.5000000000000002 3.5000000000000004 5.5000000000000009 11.020833333333334 17.187500000000004 28.020833333333339 22.166666666666668 2.5000000000000004 3.5000000000000004 1.0000000180025095e-35 3.5000000000000004 4.5000000000000009 4.5000000000000009
decision_type=2 2 2 2 2 2 2 2 2 2 2 2 2 2 2 2 2 2 2 2 2 2 2 2 2 2 2 2 2 2
left_child=2 3 6 11 10 9 -1 15 20 13 17 18 19 29 -9 -5 -10 -4 -2 -7 -6 -20 -11 -17 -22 -13 -15 -12 -19 -3
right_child=1 5 4 7 8 12 -8 14 16 22 27 25 -14 26 -16 23 -18 28 21 -21 24 -23 -24 -25 -26 -27 -28 -29 -30 -31
leaf_value=-0.50253944186738331 0.013758931414786396 0.35214245208625589 -0.27915036586309999 0.18841326850425666 -0.1229481080071603 0.57274965821428503 -0.34175249219652737 0.29005407460516308 -0.032565848439922343 0.54577142946037327 -0.17658255622480265 0.089077266793302384 0.81414042940679598 0.46464423365890983 0.38733151045820519 0.22804476442341379 0.050411767612165051 -0.2252437017875642 0.05440272434822422 0.70857733474113049 -0.10902582200063016 0.11435978746301945 0.65863274851152975 0.29284383533876157 -0.062730070551618763 0.1427611226774935 0.53962647884542292 -0.13169522341892734 -0.15344542381945403 0.43011629180266309
leaf_weight=2597 521 183 677 891 1007 94 586 556 739 213 1405 386 265 340 527 549 511 846 675 512 679 619 155 474 1413 1401 275 599 181 364
leaf_count=2597 521 183 677 891 1007 94 586 556 739 213 1405 386 265 340 527 549 511 846 675 512 679 619 155 474 1413 1401 275 599 181 364
internal_value=7.27906e-10 0.280493 -0.224594 0.173715 -0.126484 0.573967 -0.472938 0.266024 -0.0654819 0.487397 -0.198031 0.0969104 0.726036 0.453856 0.33739 0.225643 0.0013554 -0.239034 0.063184 0.687508 -0.0924411 0.0830839 0.593308 0.258069 -0.0777563 0.131165 0.498173 -0.163166 -0.21259 0.40403
internal_weight=20240 9000 11240 6599 8057 2401 3183 2997 4349 1530 3708 3602 871 1162 1083 1914 1250 1704 1815 606 3099 1294 368 1023 2092 1787 615 2004 1027 547
internal_count=20240 9000 11240 6599 8057 2401 3183 2997 4349 1530 3708 3602 871 1162 1083 1914 1250 1704 1815 606 3099 1294 368 1023 2092 1787 615 2004 1027 547
is_linear=0
shrinkage=0.05


Tree=7
num_leaves=31
num_cat=0
split_feature=28 1 20 20 28 20 7 31 6 31 31 31 1 20 6 31 1 31 31 4 4 20 31 4 1 31 31 37 33 1
split_gain=432940 95905.8 87774.5 14156.5 13153.2 11942.8 6293.02 4956.05 4692.98 3989.51 2943.14 2924.25 2823.2 2456.77 1817.08 1788.74 1502.11 1410.4 1198.5 1112.21 1098.17 1096.34 1019.74 960.611 827.122 807.049 804.186 709.415 685.792 628.246
threshold=14.847222222222225 8.3541666666666696 23.562500000000004 18.187500000000004 26.888194444444448 11.020833333333334 0.10643289938749974 6.5000000000000009 0.47961233985980184 4.5000000000000009 5.5000000000000009 2.5000000000000004 27.437500000000004 14.437500000000002 0.73016747080623745 7.5000000000000009 20.812500000000004 8.5000000000000018 10.500000000000002 0.97916666666666685 0.97916666666666685 28.854166666666668 3.5000000000000004 0.93750000000000011 10.35416666666667 2.5000000000000004 3.5000000000000004 95.062500000000014 6.5000000000000009 10.85416666666667
decision_type=2 2 2 2 2 2 2 2 2 2 2 2 2 2 2 2 2 2 2 2 2 2 2 2 2 2 2 2 2 2
left_child=1 8 3 9 10 11 -6 22 -1 20 19 14 -9 26 29 27 -11 -18 -14 -4 25 28 -5 -15 -13 -2 -7 -8 -12 -3
right_child=2 5 4 7 6 13 15 12 -10 16 21 24 18 23 -16 -17 17 -19 -20 -21 -22 -23 -24 -25 -26 -27 -28 -29 -30 -31
leaf_value=-0.47608636658736048 -0.061531173196505674 -0.31398573707819638 0.26229094805840691 0.12202059200494966 0.70525300925532086 -0.10304236847073121 0.37637538629877931 0.23179367207073809 -0.2913032293017907 0.09691994242702788 0.40401690761082049 -0.17360497198043726 0.35053685974970883 -0.041630658528784198 -0.17375739452301786 0.58207271024362361 0.14042055491097796 0.28949821897867051 0.51765856078692851 0.40679306218078015 0.088686401856346436 0.5773913085581811 0.20802481106782161 0.059563119047156089 -0.1102123096864811 0.028449144131172228 -0.04265722895582591 0.50028214090802148 0.65265318689675178 -0.23199649346502815
leaf_weight=2641 411 367 520 549 626 1232 263 538 395 1516 635 780 459 391 1397 335 569 220 140 179 421 123 926 586 1512 633 998 206 29 643
leaf_count=2641 411 367 520 549 626 1232 263 538 395 1516 635 780 459 391 1397 335 569 220 140 179 421 123 926 586 1512 633 998 206 29 643
internal_value=-6.14498e-10 -0.21317 0.250861 0.147018 0.478132 -0.121438 0.586383 0.236483 -0.452045 0.0850333 0.37396 -0.172207 0.314928 -0.0470514 -0.210696 0.49383 0.126039 0.181988 0.389597 0.299295 0.020516 0.440275 0.176014 0.0190649 -0.131786 -0.00697414 -0.076018 0.430799 0.414876 -0.261789
internal_weight=20240 10942 9298 6382 2916 7906 1430 2612 3036 3770 1486 4699 1137 3207 2407 804 2305 789 599 699 1465 787 1475 977 2292 1044 2230 469 664 1010
internal_count=20240 10942 9298 6382 2916 7906 1430 2612 3036 3770 1486 4699 1137 3207 2407 804 2305 789 599 699 1465 787 1475 977 2292 1044 2230 469 664 1010
is_linear=0
shrinkage=0.05


Tree=8
num_leaves=31
num_cat=0
split_feature=0 0 0 0 0 0 0 0 0 31 0 0 0 0 31 31 31 31 31 31 1 31 45 1 31 31 10 1 31 15
split_gain=417300 92815.6 89348.7 15199.7 10660.1 10360.2 5240.74 2822.73 2486.91 1842.46 1626.54 1405.1 1022.28 920.529 827.325 764.406 685.34 586.034 530.787 482.8 375.283 361.587 322.513 318.947 310.895 309.661 294.115 292.576 291.027 290.079
threshold=15.062500000000002 24.937500000000004 6.0625000000000009 18.562500000000004 11.020833333333334 31.479166666666668 2.6041666666666674 21.937500000000004 9.0625000000000018 10.500000000000002 12.937500000000002 17.020833333333339 35.270833333333336 27.520833333333339 6.5000000000000009 4.5000000000000009 5.5000000000000009 3.5000000000000004 1.5000000000000002 10.500000000000002 17.187500000000004 3.5000000000000004 19.500000000000004 31.437500000000004 2.5000000000000004 4.5000000000000009 3.5000000000000004 17.187500000000004 3.5000000000000004 1.0000000180025095e-35
decision_type=2 2 2 2 2 2 2 2 2 2 2 2 2 2 2 2 2 2 2 2 2 2 2 2 2 2 2 2 2 2
left_child=2 3 6 11 8 9 -1 15 18 13 24 17 19 25 26 -5 -12 -2 -4 -7 -19 -10 -17 -11 -6 -3 -9 -26 -13 -15
right_child=1 5 4 7 10 12 -8 14 21 23 16 28 -14 29 -16 22 -18 20 -20 -21 -22 -23 -24 -25 27 -27 -28 -29 -30 -31
leaf_value=-0.45369039672496092 0.011883598897202145 0.31800608263641106 -0.23874308858813917 0.15969514674309496 -0.098562533845672373 0.58536020297925562 -0.30245992341617339 0.30067911088409555 -0.14375144648905261 0.44446762349870472 -0.021938950268901997 0.080676748003078377 0.73948406750301154 0.42735476023669394 0.34945114069181787 0.21379629614691181 0.060232781153566887 0.048901567137418576 -0.18431170033346372 0.67648392226085186 0.10280538266991086 -0.10521049429632803 0.2774191237805832 0.59133931133482187 -0.068906983778460162 0.39593919485452633 0.22781144922725477 -0.012427877291661895 0.12970951756167967 0.49317921706830248
leaf_weight=2597 521 183 723 654 679 364 735 261 1726 45 896 386 265 368 527 1012 354 675 1177 242 619 940 248 207 1125 420 295 288 1401 307
leaf_count=2597 521 183 723 654 679 364 735 261 1726 45 896 386 265 368 527 1012 354 675 1177 242 619 940 248 207 1125 420 295 288 1401 307
internal_value=-1.02464e-10 0.253718 -0.203155 0.156864 -0.111649 0.519914 -0.420331 0.240055 -0.161314 0.441549 -0.0437937 0.0876459 0.65757 0.417185 0.304564 0.203554 0.00133208 0.0566592 -0.205024 0.62175 0.0746871 -0.130162 0.226319 0.565112 -0.070757 0.372288 0.262017 -0.0573953 0.119118 0.457293
internal_weight=20240 9000 11240 6599 7908 2401 3332 2997 4566 1530 3342 3602 871 1278 1083 1914 1250 1815 1900 606 1294 2666 1260 252 2092 603 556 1413 1787 675
internal_count=20240 9000 11240 6599 7908 2401 3332 2997 4566 1530 3342 3602 871 1278 1083 1914 1250 1815 1900 606 1294 2666 1260 252 2092 603 556 1413 1787 675
is_linear=0
shrinkage=0.05


Tree=9
num_leaves=31
num_cat=0
split_feature=0 0 0 0 0 0 1 0 0 0 0 31 0 31 31 0 31 31 10 0 31 31 1 33 31 31 32 32 31 0
split_gain=376640 89202.9 75763.2 13296.4 11623.9 9131.02 2942.56 1811.67 1808.48 1666.2 1619.34 1589.31 1567.69 800.6 750.966 726.253 524.346 524.284 515.685 478.444 452.988 387.794 384.485 318.895 296.702 293.683 288.128 285.117 263.026 261.297
threshold=14.437500000000002 23.979166666666668 5.3958333333333348 18.395833333333339 29.937500000000004 10.020833333333334 5.854166666666667 33.270833333333336 21.937500000000004 12.020833333333334 16.145833333333339 8.5000000000000018 8.0208333333333339 6.5000000000000009 3.5000000000000004 26.395833333333339 11.500000000000002 4.5000000000000009 3.5000000000000004 36.812500000000007 3.5000000000000004 1.5000000000000002 22.166666666666668 1.5000000000000002 12.500000000000002 3.5000000000000004 4.5000000000000009 3.5000000000000004 8.5000000000000018 9.7291666666666696
decision_type=2 2 2 2 2 2 2 2 2 2 2 2 2 2 2 2 2 2 2 2 2 2 2 2 2 2 2 2 2 2
left_child=2 3 6 10 11 12 -1 16 13 26 20 15 21 -5 -11 -3 23 -12 -10 28 -2 -4 -15 -6 -13 29 -7 -20 -9 -14
right_child=1 4 5 8 7 9 -8 19 18 14 17 24 25 22 -16 -17 -18 -19 27 -21 -22 -23 -24 -25 -26 -27 -28 -29 -30 -31
leaf_value=-0.43274339266916506 -0.0022056968477114284 0.30598931638605992 -0.25242092680104461 0.16608526225659556 0.45928885283858278 -0.097571575769029015 -0.3077034473425635 0.57665996849536894 0.31530126985965362 -0.061951605058537862 0.070807671485994914 0.4446568840332728 -0.17799322135886952 0.1999246571733452 0.0099082715987818537 0.38905290402710058 0.63150582212082895 0.12027128211514178 0.17836254737339916 0.72116288504701975 0.054929054195008903 -0.19661976382983706 0.2699080201630974 0.55077816986898231 0.54445251469971034 -0.12196744406228716 -0.054272943716315192 0.2706166143708546 0.6556386351164154 -0.13712567045215271
leaf_weight=2530 501 454 548 1180 215 2258 578 168 464 688 839 374 1021 442 771 626 94 1482 136 188 1128 721 353 171 93 619 463 218 283 634
leaf_count=2530 501 454 548 1180 215 2258 578 168 464 688 839 374 1021 442 771 626 94 1482 136 188 1128 721 353 171 93 619 463 218 283 634
internal_value=6.53286e-10 0.231414 -0.201032 0.134611 0.476255 -0.117142 -0.40949 0.599012 0.218108 -0.0670881 0.0755708 0.387461 -0.176194 0.192215 -0.0239777 0.354135 0.525608 0.102391 0.280625 0.654152 0.0373572 -0.220717 0.230999 0.499819 0.464531 -0.151349 -0.090204 0.235174 0.626219 -0.162338
internal_weight=20240 9409 10831 6743 2666 7723 3108 1119 2793 4180 3950 1547 3543 1975 1459 1080 480 2321 818 639 1629 1269 795 386 467 2274 2721 354 451 1655
internal_count=20240 9409 10831 6743 2666 7723 3108 1119 2793 4180 3950 1547 3543 1975 1459 1080 480 2321 818 639 1629 1269 795 386 467 2274 2721 354 451 1655
is_linear=0
shrinkage=0.05


Tree=10
num_leaves=31
num_cat=0
split_feature=0 0 0 0 0 0 0 0 0 31 0 0 0 0 31 31 31 31 31 31 1 5 31 31 32 1 0 37 1 5
split_gain=339992 75686.2 72838.6 12392.5 8736.21 8439.83 4291.4 2010.08 1858.89 1530.2 1529.71 1326.03 841.76 766.907 702.99 584.695 552.801 481.29 464.875 439.177 397.765 357.123 302.712 301.443 284.443 277.781 273.729 271.08 264.973 247.414
threshold=15.062500000000002 24.937500000000004 6.0625000000000009 19.312500000000004 11.020833333333334 31.479166666666668 3.3541666666666674 9.0625000000000018 21.937500000000004 10.500000000000002 17.395833333333339 12.937500000000002 36.104166666666679 27.645833333333339 6.5000000000000009 5.5000000000000009 3.5000000000000004 7.5000000000000009 8.5000000000000018 3.5000000000000004 17.187500000000004 0.18750000000000003 4.5000000000000009 3.5000000000000004 4.5000000000000009 31.437500000000004 7.2708333333333348 87.887500000000017 11.35416666666667 0.56250000000000011
decision_type=2 2 2 2 2 2 2 2 2 2 2 2 2 2 2 2 2 2 2 2 2 2 2 2 2 2 2 2 2 2
left_child=2 3 6 10 7 9 -1 19 17 13 16 24 18 22 -10 -13 -2 -5 -7 26 -18 -19 -3 -9 -6 -11 -4 -16 -25 -12
right_child=1 5 4 8 11 12 -8 23 14 25 29 15 -14 -15 27 -17 20 21 -20 -21 -22 -23 -24 28 -26 -27 -28 -29 -30 -31
leaf_value=-0.40782178509798794 0.014010464005090607 0.28706807569993026 -0.23107273008349505 0.17163272671746066 -0.072980581495145344 0.51623117275191377 -0.26593082444714355 -0.13011548264488484 0.23526844062202562 0.3986807770199246 0.14478151388856461 -0.02007585891780244 0.67667776620493525 0.41648729280553587 0.29755279268650564 0.055822769796349495 0.043293147691697988 0.28974473742691015 0.60183914821226514 -0.13823813508823043 0.095953293607290227 0.2005485411198018 0.36106830507388127 -0.11527885628511776 -0.027157274643287939 0.53574687259784637 -0.18385814445549822 0.38608937818522848 -0.060301482709574285 0.10515821477954473
leaf_weight=2666 596 197 430 1119 1667 281 666 1726 556 45 567 896 226 618 418 354 675 169 364 397 765 334 463 592 425 207 1073 109 348 1291
leaf_count=2666 596 197 430 1119 1667 281 666 1726 556 45 567 896 226 618 418 354 675 169 364 397 765 334 463 592 425 207 1073 109 348 1291
internal_value=2.0496e-10 0.229013 -0.183374 0.141552 -0.100753 0.469394 -0.379461 -0.145714 0.223762 0.398664 0.0844447 -0.0393259 0.593639 0.37646 0.274488 0.00141863 0.0545076 0.189893 0.564543 -0.185011 0.0712689 0.230517 0.33898 -0.117708 -0.0636714 0.511271 -0.197366 0.315865 -0.0949255 0.11725
internal_weight=20240 9000 11240 6599 7908 2401 3332 4566 2705 1530 3894 3342 871 1278 1083 1250 2036 1622 645 1900 1440 503 660 2666 2092 252 1503 527 940 1858
internal_count=20240 9000 11240 6599 7908 2401 3332 4566 2705 1530 3894 3342 871 1278 1083 1250 2036 1622 645 1900 1440 503 660 2666 2092 252 1503 527 940 1858
is_linear=0
shrinkage=0.05


Tree=11
num_leaves=31
num_cat=0
split_feature=0 0 0 0 0 0 0 0 0 0 31 0 0 31 31 0 0 31 31 31 0 31 1 20 32 31 1 39 26 31
split_gain=306882 67831.6 66089.7 10483.4 8767.9 7616.95 3872.99 1839.39 1814.09 1462.86 1395.56 895.976 768.159 649.653 592.759 587.287 450.306 419.181 418.841 415.256 386.701 374.156 341.658 336.106 292.385 272.053 263.333 258.868 248.016 241.213
threshold=15.35416666666667 6.0625000000000009 24.937500000000004 20.187500000000004 11.020833333333334 31.479166666666668 3.3541666666666674 17.479166666666668 9.0625000000000018 13.22916666666667 8.5000000000000018 21.937500000000004 35.270833333333336 4.5000000000000009 3.5000000000000004 27.645833333333339 18.187500000000004 3.5000000000000004 1.5000000000000002 4.5000000000000009 28.020833333333339 7.5000000000000009 17.187500000000004 21.729166666666668 4.5000000000000009 3.5000000000000004 15.687500000000002 42.500000000000007 11.96577380952381 12.500000000000002
decision_type=2 2 2 2 2 2 2 2 2 2 2 2 2 2 2 2 2 2 2 2 2 2 2 2 2 2 2 2 2 2
left_child=1 6 3 7 8 10 -1 17 18 24 15 -5 19 -13 -11 27 -9 -2 -3 -7 -12 -18 -19 -15 -6 -10 -26 -4 -27 -22
right_child=2 4 5 11 9 12 -8 16 25 14 20 13 -14 23 -16 -17 21 22 -20 -21 29 -23 -24 -25 26 28 -28 -29 -30 -31
leaf_value=-0.38743069856934143 0.018808215958426352 -0.20571356923428891 0.28838319327995071 0.19581763545393538 -0.066515996136858921 0.40445442879409121 -0.25263428166284935 0.1037320752494473 -0.12360970796466841 -0.034512210445599614 0.41045938570620655 0.19747124732424648 0.63496383891915376 0.33194314431060445 0.036125409960145606 0.38549403934931958 0.13294565399288727 0.043748267955070252 -0.15736160648578404 0.54624276996364585 0.46910396248866348 0.21078722535471642 0.094217073025606043 0.2620017306716399 -0.068891025686657045 -0.10150337766848856 0.0083102264479664404 0.36522362416512089 -0.03193033142357736 0.59530321788787843
leaf_weight=2666 538 723 393 1042 1829 57 666 1376 1726 477 295 295 265 253 787 484 805 621 1177 549 156 191 729 535 182 787 281 152 153 50
leaf_count=2666 538 723 393 1042 1829 57 666 1376 1726 477 295 295 265 253 787 484 805 621 1177 549 156 191 729 535 182 787 281 152 153 50
internal_value=-2.17464e-10 -0.170517 0.222297 0.138205 -0.0925827 0.445925 -0.360488 0.0929549 -0.138428 -0.0337155 0.378731 0.228917 0.563957 0.260763 0.00946865 0.345411 0.122267 0.0561286 -0.175761 0.532906 0.447167 0.147873 0.0710014 0.284458 -0.0575309 -0.111823 -0.0220367 0.309814 -0.0901793 0.499735
internal_weight=20240 11454 8786 6385 8122 2401 3332 4260 4566 3556 1530 2125 871 1083 1264 1029 2372 1888 1900 606 501 996 1350 788 2292 2666 463 545 940 206
internal_count=20240 11454 8786 6385 8122 2401 3332 4260 4566 3556 1530 2125 871 1083 1264 1029 2372 1888 1900 606 501 996 1350 788 2292 2666 463 545 940 206
is_linear=0
shrinkage=0.05


Tree=12
num_leaves=31
num_cat=0
split_feature=0 0 0 0 0 0 29 0 0 0 0 31 0 31 31 31 0 20 31 31 0 31 31 15 1 31 1 31 20 39
split_gain=277016 65689.8 55770.6 9753.99 8612.54 7101.08 1754.51 1410.86 1364.36 1297.14 1234.33 1215.39 1139.32 615.459 591.104 565.481 544.395 423.102 391.223 365.46 351.465 348.293 251.591 249.138 248.416 241.576 231.569 229.638 228.559 227.827
threshold=14.437500000000002 23.979166666666668 5.1458333333333348 18.187500000000004 29.937500000000004 10.020833333333334 0.66732932025134029 21.020833333333339 33.270833333333336 7.9375000000000009 12.020833333333334 8.5000000000000018 16.145833333333339 5.5000000000000009 3.5000000000000004 4.5000000000000009 26.229166666666668 30.520833333333339 4.5000000000000009 3.5000000000000004 36.812500000000007 5.5000000000000009 1.5000000000000002 -1.0000000180025095e-35 17.687500000000004 12.500000000000002 17.895833333333339 10.500000000000002 26.229166666666668 54.500000000000007
decision_type=2 2 2 2 2 2 2 2 2 2 2 2 2 2 2 2 2 2 2 2 2 2 2 2 2 2 2 2 2 2
left_child=2 3 6 12 11 9 -1 15 17 19 -7 16 21 -9 -12 -5 28 -6 -14 -4 -10 -2 -11 -18 -16 -13 -23 -15 -3 -19
right_child=1 4 5 7 8 10 -8 13 20 22 14 25 18 27 24 -17 23 29 -20 -21 -22 26 -24 -25 -26 -27 -28 -29 -30 -31
leaf_value=-0.37130358241745648 0.013087318138793273 0.29110827293947467 -0.2067208643306902 0.11932219819181565 0.50051113674375747 -0.07717914862418139 -0.26872454068225948 0.18530963910753898 0.53814701309753887 -0.15637074942194992 -0.053868670911926833 0.38160337818896073 0.059090293213859113 0.24757552454563775 -0.017024660021814474 0.17868494886161532 0.300064792287496 0.38727942925609954 0.1024478491516075 -0.13597973900708699 0.61952266097068787 0.041803254911106584 -0.12066122491593044 0.36141847419951645 0.039818374321457919 0.47165212836316839 0.10834351615229035 0.32578731754369905 0.21662814064842204 0.52300728758176163
leaf_weight=2532 977 234 1028 619 225 2721 499 452 451 700 688 374 813 531 406 1140 326 219 1445 222 188 471 1670 336 365 93 181 114 184 36
leaf_count=2532 977 234 1028 619 225 2721 499 452 451 700 688 374 813 531 406 1140 326 219 1445 222 188 471 1670 336 365 93 181 114 184 36
internal_value=-1.90886e-10 0.198463 -0.172407 0.115392 0.408572 -0.10168 -0.354416 0.185547 0.514238 -0.152945 -0.0572834 0.33214 0.0638444 0.230048 -0.0201782 0.157795 0.302997 0.450536 0.0868368 -0.194157 0.562089 0.0319741 -0.131208 0.331205 0.00988547 0.399536 0.0602753 0.261399 0.258323 0.406441
internal_weight=20240 9409 10831 6743 2666 7800 3031 2856 1119 3620 4180 1547 3887 1097 1459 1759 1080 480 2258 1250 639 1629 2370 662 771 467 652 645 418 255
internal_count=20240 9409 10831 6743 2666 7800 3031 2856 1119 3620 4180 1547 3887 1097 1459 1759 1080 480 2258 1250 639 1629 2370 662 771 467 652 645 418 255
is_linear=0
shrinkage=0.05


Tree=13
num_leaves=31
num_cat=0
split_feature=0 0 0 0 0 0 0 0 0 0 31 0 0 31 31 10 39 1 31 33 0 31 0 35 10 37 20 31 31 31
split_gain=250085 55931.6 53293.2 8367.78 6892.23 6220.57 3971.16 1423.7 1258.75 1224.85 1180.6 723.835 711.629 626.085 544.297 406.424 383.078 367.544 468.303 335.552 335.088 326.792 317.198 314.801 312.349 261.98 244.599 239.095 235.491 228.396
threshold=15.47916666666667 6.479166666666667 24.937500000000004 20.187500000000004 11.020833333333334 31.062500000000004 3.3541666666666674 17.479166666666668 12.937500000000002 9.0625000000000018 8.5000000000000018 21.937500000000004 33.270833333333336 4.5000000000000009 7.5000000000000009 3.5000000000000004 42.500000000000007 18.645833333333339 7.5000000000000009 1.5000000000000002 28.020833333333339 4.5000000000000009 36.812500000000007 6.0714285714285721 3.5000000000000004 88.162500000000009 31.770833333333339 2.5000000000000004 3.5000000000000004 1.5000000000000002
decision_type=2 2 2 2 2 2 2 2 2 2 2 2 2 2 2 2 2 2 2 2 2 2 2 2 2 2 2 2 2 2
left_child=1 6 3 7 9 10 -1 19 27 21 15 -5 26 -10 24 23 -17 -9 -19 -2 -12 -3 -14 -4 -13 -16 -7 -6 -11 -8
right_child=2 4 5 11 8 12 29 17 13 28 20 14 22 -15 25 16 -18 18 -20 -21 -22 -23 -24 -25 -26 -27 -28 -29 -30 -31
leaf_value=-0.34975370253420202 0.042881687252219441 -0.16248535116020824 0.39998342308558921 0.17692695944632572 -0.078872394334972021 0.48168773126602177 -0.24922063043538262 0.089452264041690918 -0.022176381755206614 -0.11193603869305808 0.36992523471177635 0.24150752852638735 0.51123966425326872 0.042492426908036042 0.26241702176170584 0.2432092517318567 0.33481674463896272 0.11374967136722587 0.19030688953656988 0.10463869879804406 0.45506496655313589 -0.09381430336871209 0.58854655255662636 0.31380790980905293 0.1739722677313057 0.36668651393941931 0.38778916200002039 -0.042770498059541702 -0.080832986346460856 -0.19633960427749553
leaf_weight=2666 1562 1553 152 1042 679 150 425 1113 886 1726 295 348 451 648 324 318 178 1010 249 256 190 195 188 350 337 74 129 1413 940 393
leaf_count=2666 1562 1553 152 1042 679 150 425 1113 886 1726 295 348 451 648 324 318 178 1010 249 256 190 195 188 350 337 74 129 1413 940 393
internal_value=-1.90636e-10 -0.15285 0.202093 0.125858 -0.0803384 0.402604 -0.320185 0.0848694 -0.0292615 -0.122297 0.339284 0.206677 0.504895 0.00514134 0.235301 0.308185 0.276085 0.110385 0.128891 0.0515779 0.403279 -0.154825 0.533984 0.339901 0.208282 0.281804 0.438272 -0.0544881 -0.100969 -0.223814
internal_weight=20240 11524 8716 6315 8040 2401 3484 4190 3626 4414 1483 2125 918 1534 1083 998 496 2372 1259 1818 485 1748 639 502 685 398 279 2092 2666 818
internal_count=20240 11524 8716 6315 8040 2401 3484 4190 3626 4414 1483 2125 918 1534 1083 998 496 2372 1259 1818 485 1748 639 502 685 398 279 2092 2666 818
is_linear=0
shrinkage=0.05


Tree=14
num_leaves=31
num_cat=0
split_feature=0 0 0 0 0 0 1 0 0 0 31 0 0 0 31 31 31 31 31 31 32 4 0 6 45 31 33 38 31 31
split_gain=225722 50309.1 48375.9 7055.48 6909.09 6183.1 2475.74 1368.12 1098.73 1093.14 998.301 943.547 743.793 473.988 461.735 441.697 399.526 388.281 387.94 372.902 288.605 291.827 286.271 277.396 270.683 261.716 254.707 252.387 229.895 211.561
threshold=15.062500000000002 23.979166666666668 5.854166666666667 29.937500000000004 18.395833333333339 10.520833333333334 5.854166666666667 12.770833333333334 20.895833333333339 33.270833333333336 8.5000000000000018 8.7708333333333339 17.020833333333339 26.812500000000004 5.5000000000000009 4.5000000000000009 4.5000000000000009 5.5000000000000009 1.5000000000000002 11.500000000000002 4.5000000000000009 0.52083333333333337 36.812500000000007 0.78063793305015405 20.500000000000004 1.5000000000000002 1.5000000000000002 100.50000000000001 14.500000000000002 8.5000000000000018
decision_type=2 2 2 2 2 2 2 2 2 2 2 2 2 2 2 2 2 2 2 2 2 2 2 2 2 2 2 2 2 2
left_child=2 4 6 10 12 11 -1 20 16 19 13 18 17 27 -9 -10 -6 -2 -4 26 -7 -22 29 -19 -17 -8 -5 -3 -12 -11
right_child=1 3 5 9 8 7 25 14 15 22 28 -13 -14 -15 -16 24 -18 23 -20 -21 21 -23 -24 -25 -26 -27 -28 -29 -30 -31
leaf_value=-0.33529073852795388 0.021508844101806823 0.18869172085779246 -0.18863625133787199 0.34946368246577508 0.10605613050137053 -0.069846110291243185 -0.25584662348741577 -0.01908842740119086 0.15361097531576207 0.44123115312485467 0.35088690530689431 -0.10802765888451911 0.087027618655343794 0.30586063354174153 0.045641299218267713 0.20302544931343214 0.15953286658534682 0.12487767358481355 -0.13889569636156721 0.49673891435278228 0.0080349471646206129 -0.06616918511237159 0.55911921598809833 0.052262568841476315 0.26216353212636129 -0.19481911324843493 0.43122852714786752 0.26290033657767187 0.48591040758525628 0.51206292229911887
leaf_weight=2530 1053 167 652 215 563 2305 420 1054 346 168 433 2091 1726 548 373 696 920 169 983 94 266 264 188 593 268 302 171 365 34 283
leaf_count=2530 1053 167 652 215 563 2305 420 1054 346 168 433 2091 1726 548 373 696 920 169 983 94 266 264 188 593 268 302 171 365 34 283
internal_value=3.49338e-10 0.186601 -0.149414 0.368815 0.109907 -0.0832289 -0.311985 -0.042098 0.168706 0.464453 0.299636 -0.130277 0.0635285 0.273224 -0.00216888 0.202072 0.139231 0.0411817 -0.158731 0.407434 -0.0621964 -0.0289271 0.507285 0.0683675 0.219466 -0.23032 0.385686 0.239606 0.360717 0.485678
internal_weight=20240 9000 11240 2666 6334 7988 3252 4262 2793 1119 1547 3726 3541 1080 1427 1310 1483 1815 1635 480 2835 530 639 762 964 722 386 532 467 451
internal_count=20240 9000 11240 2666 6334 7988 3252 4262 2793 1119 1547 3726 3541 1080 1427 1310 1483 1815 1635 480 2835 530 639 762 964 722 386 532 467 451
is_linear=0
shrinkage=0.05


Tree=15
num_leaves=31
num_cat=0
split_feature=0 0 0 0 0 0 0 0 31 0 0 33 31 0 31 31 28 0 31 44 31 1 31 0 10 16 31 1 31 1
split_gain=203773 45624.1 43463.9 6815.81 5430.43 5065.2 3548.02 1155.84 1026.82 1022.22 894.342 640.63 524.408 509.33 487.112 384.416 416.136 323.709 317.782 311.73 310.172 301.087 410.427 271.342 251.634 236.869 231.468 227.717 222.248 249.362
threshold=15.47916666666667 6.6458333333333348 24.937500000000004 20.187500000000004 11.020833333333334 31.479166666666668 3.3541666666666674 17.479166666666668 10.500000000000002 13.22916666666667 9.1875000000000018 1.5000000000000002 10.500000000000002 27.520833333333339 3.5000000000000004 4.5000000000000009 22.550694444444449 34.395833333333336 8.5000000000000018 2.5000000000000004 3.5000000000000004 18.645833333333339 7.5000000000000009 35.270833333333336 3.5000000000000004 -0.22252093395631442 3.5000000000000004 19.729166666666668 2.5000000000000004 17.187500000000004
decision_type=2 2 2 2 2 2 2 2 2 2 2 2 2 2 2 2 2 2 2 2 2 2 2 2 2 2 2 2 2 2
left_child=1 6 3 7 10 8 -1 19 13 28 20 15 17 25 -11 -5 -17 -7 24 -2 -3 -9 -23 -14 -13 -4 -8 -16 -6 -30
right_child=2 4 5 11 9 12 26 21 -10 14 -12 18 23 -15 27 16 -18 -19 -20 -21 -22 22 -24 -25 -26 -27 -28 -29 29 -31
leaf_value=-0.31573386943080961 0.039307921458187095 -0.14764394736413056 0.22583661649178788 0.12950451868921192 -0.068909505649376659 0.38707813821023418 -0.20989995796651562 0.080628270586251369 0.40095124290664758 -0.03080512581791188 -0.090457731829972896 0.22125627019908278 0.47685880902384925 0.32035242992267016 0.013888941229249297 0.16255454856172122 0.2324039486570964 0.46623154824634772 0.27855828826320289 0.10547655365709217 -0.096592268643600973 0.10214902501869116 0.17381949316425976 0.57098556820835389 0.12913825334059997 0.28851185193149209 -0.13150203404512917 0.069828125936317528 -0.046278349537944706 0.0025859666062524548
leaf_weight=2666 1618 1384 302 456 750 252 784 1113 252 496 2578 400 242 675 571 660 315 265 203 200 379 1010 249 112 91 301 107 267 1209 333
leaf_count=2666 1618 1384 302 456 750 252 784 1113 252 496 2578 400 242 675 571 660 315 265 203 200 379 1010 249 112 91 301 107 267 1209 333
internal_value=2.46377e-10 -0.137973 0.182423 0.113576 -0.0714979 0.363502 -0.286865 0.0765839 0.308707 -0.026331 -0.109225 0.186517 0.459753 0.290518 0.00846728 0.167399 0.185121 0.42765 0.225939 0.0465872 -0.136669 0.0995746 0.116324 0.506639 0.204183 0.257122 -0.200485 0.031712 -0.0465844 -0.0357259
internal_weight=20240 11524 8716 6315 7967 2401 3557 4190 1530 3626 4341 2125 871 1278 1334 1431 975 517 694 1818 1763 2372 1259 354 491 603 891 838 2292 1542
internal_count=20240 11524 8716 6315 7967 2401 3557 4190 1530 3626 4341 2125 871 1278 1334 1431 975 517 694 1818 1763 2372 1259 354 491 603 891 838 2292 1542
is_linear=0
shrinkage=0.05


Tree=16
num_leaves=31
num_cat=0
split_feature=0 0 0 0 0 0 29 0 31 0 0 31 0 1 31 0 0 20 31 31 31 31 20 44 39 20 0 38 1 31
split_gain=183954 43675.8 37092.2 6335.37 5943.17 4767.89 1168.14 970.197 915.907 878.389 824.699 789.51 776.221 599.155 433.789 411.561 388.152 345.159 333.254 318.5 275.672 268.144 258.588 248.324 238.403 238.31 212.188 200.814 199.193 195.676
threshold=14.437500000000002 23.812500000000004 5.1458333333333348 29.604166666666668 18.187500000000004 10.020833333333334 0.66732932025134029 33.270833333333336 6.5000000000000009 7.9375000000000009 12.020833333333334 8.5000000000000018 16.020833333333339 22.166666666666668 3.5000000000000004 20.645833333333339 26.229166666666668 30.520833333333339 4.5000000000000009 11.500000000000002 1.5000000000000002 3.5000000000000004 20.312500000000004 1.5000000000000002 54.500000000000007 26.395833333333339 28.020833333333339 124.50000000000001 17.687500000000004 1.5000000000000002
decision_type=2 2 2 2 2 2 2 2 2 2 2 2 2 2 2 2 2 2 2 2 2 2 2 2 2 2 2 2 2 2
left_child=2 4 6 11 12 9 -1 17 15 20 -7 16 21 -10 -12 22 25 -5 -14 -15 -4 -2 -6 27 -19 -3 -13 -9 -16 -11
right_child=1 3 5 7 8 10 -8 23 13 29 14 26 18 19 28 -17 -18 24 -20 -21 -22 -23 -24 -25 -26 -27 -28 -29 -30 -31
leaf_value=-0.30270669710767972 -0.0064074951374368354 0.23544837706815902 -0.18531064122480201 0.40809994356304991 0.12092895344605481 -0.062697515354068381 -0.21900631942616436 0.35132720754260111 0.13703351309918851 -0.12912445230702205 -0.044966463211109614 0.30154707162679312 0.045413044013019488 0.19875995211742567 -0.014448027457213809 0.15074300147291564 0.26713708636547229 0.30782878849462703 0.084763643732231303 0.30306588734488893 -0.13798874427453003 0.038553702944002857 0.063476901294939048 0.49691583986282351 0.44143721079215026 0.16483193682929737 0.38728473266078667 0.44884020971374278 0.036452812339523681 -0.097632058118693091
leaf_weight=2532 477 311 548 255 529 2721 499 63 447 700 688 401 847 619 406 743 631 232 1475 83 702 1088 311 250 39 194 88 326 365 1670
leaf_count=2532 477 311 548 255 529 2721 499 63 447 700 688 401 847 619 406 743 631 232 1475 83 702 1088 311 250 39 194 88 326 365 1670
internal_value=4.34267e-10 0.161727 -0.140494 0.327652 0.0917868 -0.0828139 -0.288927 0.416637 0.1483 -0.124821 -0.0464348 0.263856 0.0520662 0.182281 -0.0161052 0.123635 0.240991 0.366346 0.0704097 0.211092 -0.158735 0.0248499 0.099658 0.458035 0.327057 0.20832 0.316976 0.433048 0.009649 -0.106934
internal_weight=20240 9409 10831 2790 6619 7800 3031 1165 2732 3620 4180 1625 3887 1149 1459 1583 1136 526 2322 702 1250 1565 840 639 271 505 489 389 771 2370
internal_count=20240 9409 10831 2790 6619 7800 3031 1165 2732 3620 4180 1625 3887 1149 1459 1583 1136 526 2322 702 1250 1565 840 639 271 505 489 389 771 2370
is_linear=0
shrinkage=0.05


Tree=17
num_leaves=31
num_cat=0
split_feature=0 0 0 0 0 0 0 0 0 0 1 31 44 31 10 10 45 20 31 39 28 31 31 6 44 36 32 32 0 31
split_gain=166027 37216.2 35461.2 5561.42 4447.24 4159.96 2881.78 949.102 854.368 792.321 737.393 647.727 557.581 490.956 385.908 357.78 315.27 312.475 307.443 300.445 285.28 281.85 275.733 282.827 273.452 269.382 255.043 247.376 230.442 226.018
threshold=15.47916666666667 6.6458333333333348 24.937500000000004 20.187500000000004 11.47916666666667 29.937500000000004 2.6041666666666674 17.479166666666668 9.3125000000000018 33.270833333333336 17.604166666666668 9.5000000000000018 1.0000000180025095e-35 2.5000000000000004 3.5000000000000004 3.5000000000000004 16.500000000000004 30.520833333333339 4.5000000000000009 39.500000000000007 25.771527777777781 7.5000000000000009 6.5000000000000009 0.79480431848852917 1.5000000000000002 3.9285714285714293 5.5000000000000009 4.5000000000000009 36.812500000000007 1.5000000000000002
decision_type=2 2 2 2 2 2 2 2 2 2 2 2 2 2 2 2 2 2 2 2 2 2 2 2 2 2 2 2 2 2
left_child=1 6 3 7 8 11 -1 22 18 17 27 14 20 -12 25 16 -14 -7 -3 -16 -5 -15 -2 -24 -9 -4 -22 -6 -11 -8
right_child=2 4 5 12 10 9 29 24 -10 28 13 -13 15 21 19 -17 -18 -19 -20 -21 26 -23 23 -25 -26 -27 -28 -29 -30 -31
leaf_value=-0.28637776171926999 0.029104872242994136 -0.12995530035198194 0.32735932950533969 0.13567814825842267 -0.048346649569280552 0.39307181614637376 -0.2076400293534727 0.079651966235745553 -0.078684197347354531 0.41574727830759967 -0.040104247545198951 0.33291080339912343 0.17050384891000114 0.018779867031486375 0.17845449693195406 0.13009091462576536 0.23629621144175036 0.31222982848391817 -0.066603058138390167 0.2574664710048537 0.15172320106958456 0.09934192301602815 0.1393817303950588 0.052501850697949132 0.11803296581179193 0.25130202541625629 0.27629202638995159 -0.0091554668469516036 0.48163955237003081 -0.15900326015665228
leaf_weight=2597 1271 1630 179 1020 1566 225 513 1739 2794 451 343 287 293 748 256 164 481 255 217 227 94 127 120 427 633 333 73 542 188 447
leaf_count=2597 1271 1630 179 1020 1566 225 513 1739 2794 451 343 287 293 748 256 164 481 255 217 227 94 127 120 427 633 333 73 542 188 447
internal_value=6.19607e-10 -0.124541 0.164663 0.102477 -0.0645022 0.328224 -0.259015 0.0690611 -0.0961266 0.398668 -0.0203744 0.266736 0.168364 0.0105977 0.247648 0.197176 0.21139 0.350125 -0.122512 0.215588 0.145596 0.0304729 0.0418792 0.0715614 0.0898945 0.277892 0.206175 -0.03827 0.435133 -0.184994
internal_weight=20240 11524 8716 6315 7967 2401 3557 4190 4641 1119 3326 1282 2125 1218 995 938 774 480 1847 483 1187 875 1818 547 2372 512 167 2108 639 960
internal_count=20240 11524 8716 6315 7967 2401 3557 4190 4641 1119 3326 1282 2125 1218 995 938 774 480 1847 483 1187 875 1818 547 2372 512 167 2108 639 960
is_linear=0
shrinkage=0.05


Tree=18
num_leaves=31
num_cat=0
split_feature=0 0 0 0 0 0 1 0 0 31 31 0 0 1 0 31 39 0 31 31 31 20 31 20 31 33 16 31 33 31
split_gain=149957 35686.8 30241.1 5572.12 4450.19 3903.85 943.013 871.587 809.148 790.43 652.067 628.654 601.785 569.51 428.079 348.138 341.735 332.323 319.376 297.866 274.928 247.983 235.333 231.182 226.145 217.684 209.335 208.608 208.336 198.887
threshold=14.437500000000002 23.562500000000004 5.1458333333333348 29.187500000000004 18.187500000000004 10.395833333333334 5.854166666666667 33.270833333333336 8.3958333333333339 7.5000000000000009 4.5000000000000009 16.770833333333339 12.395833333333334 27.437500000000004 25.854166666666668 11.500000000000002 27.500000000000004 20.729166666666668 3.5000000000000004 3.5000000000000004 11.500000000000002 21.729166666666668 10.500000000000002 20.312500000000004 8.5000000000000018 1.0000000180025095e-35 -0.22252093395631442 1.5000000000000002 1.5000000000000002 5.5000000000000009
decision_type=2 2 2 2 2 2 2 2 2 2 2 2 2 2 2 2 2 2 2 2 2 2 2 2 2 2 2 2 2 2
left_child=2 4 6 10 11 8 -1 15 18 17 -3 16 27 -11 21 28 -2 23 -4 -14 -15 -12 -16 -6 -9 -26 -19 -7 -5 -10
right_child=1 3 5 7 9 12 -8 24 29 13 14 -13 19 20 22 -17 -18 26 -20 -21 -22 -23 -24 -25 25 -27 -28 -29 -30 -31
leaf_value=-0.27328528448055855 0.0098030826084335443 0.17688460820377921 -0.1487089075876967 0.28131296512311538 0.11286710171769831 -0.083540595511073096 -0.19820210244023279 0.37565615315826573 -0.095751733890110033 0.13620120171642952 0.28677880195448702 0.067519112506942633 -0.037334665346949202 0.20190083736117337 0.26054871230651155 0.41153988608947167 0.0518764632836336 0.10892056050029414 -0.091112588710982267 0.011835544013824487 0.32154146998093047 0.20077479818473673 0.33017332235631214 0.063433801728490918 0.40495526643576601 0.48016252681880656 0.15938828224082902 -0.046670251565242987 0.34805691746565015 -0.041122178849892804
leaf_weight=2530 1161 398 1288 267 621 463 501 245 2095 442 103 1900 573 279 587 104 826 372 296 666 58 450 153 382 227 167 459 2238 208 181
leaf_count=2530 1161 398 1288 267 621 463 501 245 2095 442 103 1900 573 279 587 104 826 372 296 666 58 450 153 382 227 167 459 2238 208 181
internal_value=4.94883e-11 0.14602 -0.126849 0.291578 0.0808766 -0.0747676 -0.260875 0.373115 -0.110505 0.131336 0.232848 0.0469559 -0.0397557 0.173531 0.250074 0.328681 0.0272931 0.113413 -0.137946 -0.0109042 0.222492 0.216794 0.274944 0.0940401 0.413377 0.436832 0.136796 -0.0529905 0.31054 -0.0914073
internal_weight=20240 9409 10831 2909 6500 7800 3031 1218 3860 2613 1691 3887 3940 779 1293 579 1987 1834 1584 1239 337 553 740 1003 639 394 831 2701 475 2276
internal_count=20240 9409 10831 2909 6500 7800 3031 1218 3860 2613 1691 3887 3940 779 1293 579 1987 1834 1584 1239 337 553 740 1003 639 394 831 2701 475 2276
is_linear=0
shrinkage=0.05


Tree=19
num_leaves=31
num_cat=0
split_feature=0 0 0 0 0 0 0 31 31 31 0 0 1 0 0 6 0 31 31 31 16 20 45 42 32 26 31 31 33 37
split_gain=135381 34320.7 25539.6 5558.74 4046.38 3203.04 786.608 783.702 660.087 655.316 593.953 512.365 496.24 468.285 436.747 406.517 347.308 341.487 314.195 288.775 252.893 247.42 230.766 224.484 216.482 224.192 212.388 208.172 206.218 189.766
threshold=13.60416666666667 23.104166666666668 4.604166666666667 29.187500000000004 18.187500000000004 9.8541666666666696 33.270833333333336 4.5000000000000009 4.5000000000000009 6.5000000000000009 7.2708333333333348 11.812500000000002 17.187500000000004 25.854166666666668 1.5625000000000002 0.81187572590011625 17.020833333333339 11.500000000000002 11.500000000000002 6.5000000000000009 -0.22252093395631442 21.729166666666668 17.500000000000004 140.21428571428575 4.5000000000000009 11.96577380952381 10.500000000000002 10.500000000000002 1.0000000180025095e-35 90.21250000000002
decision_type=2 2 2 2 2 2 2 2 2 2 2 2 2 2 2 2 2 2 2 2 2 2 2 2 2 2 2 2 2 2
left_child=2 4 14 8 7 10 18 16 23 20 -4 24 -9 21 -1 17 -2 -11 29 -12 -6 -10 -22 -3 -7 -26 -15 -8 -29 -5
right_child=1 3 5 6 9 11 27 12 13 15 19 -13 -14 26 -16 -17 -18 -19 -20 -21 22 -23 -24 -25 25 -27 -28 28 -30 -31
leaf_value=-0.25967305759557441 0.001209981752400575 0.14110277658764511 -0.14863435189214205 0.2675930862387168 0.075948381308606649 -0.070846882596002414 0.36636310510877251 0.02345064891428179 0.26192826617483073 0.1715844569079801 -0.10481146234343773 -0.03077010047348689 0.072982037619513815 0.24752127720841113 -0.20007835628504733 0.12352948993156976 0.048487602154266091 0.30662825534928523 0.39096289033500048 0.0039023650395277418 0.09662764251159775 0.18781625210606268 0.1512929217244694 0.21919636170021617 -0.055561121448742791 0.030150045087846286 0.3136646546861705 0.38933461386371748 0.47476435975503117 0.3314380120705156
leaf_weight=2528 1253 315 987 271 630 2194 345 704 143 401 2009 1917 1795 587 350 554 563 53 104 63 489 530 319 130 244 111 153 176 118 204
leaf_count=2528 1253 315 987 271 630 2194 345 704 143 401 2009 1917 1795 587 350 554 563 53 104 63 489 530 319 130 244 111 153 176 118 204
internal_value=6.93415e-11 0.132981 -0.125746 0.271443 0.0699866 -0.0772966 0.354459 0.0408636 0.217022 0.121363 -0.116712 -0.0502988 0.0590284 0.233747 -0.252426 0.152274 0.0158671 0.187349 0.312247 -0.101506 0.0996946 0.203564 0.11821 0.163917 -0.0649856 -0.0287613 0.261197 0.392708 0.423623 0.295013
internal_weight=20240 9837 10403 3076 6761 7525 1218 4315 1858 2446 3059 4466 2499 1413 2878 1008 1816 454 579 2072 1438 673 808 445 2549 355 740 639 294 475
internal_count=20240 9837 10403 3076 6761 7525 1218 4315 1858 2446 3059 4466 2499 1413 2878 1008 1816 454 579 2072 1438 673 808 445 2549 355 740 639 294 475
is_linear=0
shrinkage=0.05


Tree=20
num_leaves=31
num_cat=0
split_feature=0 0 0 0 0 0 0 0 31 0 0 44 31 39 10 36 39 10 33 45 42 44 44 39 33 1 28 31 31 1
split_gain=122279 27976.5 25525.4 3931.91 3486.37 3059.41 2105.3 687.166 672.586 602.156 537.802 451.487 441.722 431.206 386.756 373.047 343.868 307.481 292.989 281.17 261.493 231.549 216.616 211.864 210.76 201.126 198.251 195.801 180.174 221.975
threshold=15.645833333333334 6.6458333333333348 24.937500000000004 20.187500000000004 11.020833333333334 31.062500000000004 3.3541666666666674 12.770833333333334 10.500000000000002 17.562500000000004 8.9791666666666696 1.0000000180025095e-35 4.5000000000000009 42.500000000000007 3.5000000000000004 4.0714285714285721 38.500000000000007 3.5000000000000004 3.5000000000000004 20.500000000000004 94.357142857142875 4.5000000000000009 1.5000000000000002 35.500000000000007 1.0000000180025095e-35 31.437500000000004 25.771527777777781 4.5000000000000009 3.5000000000000004 11.35416666666667
decision_type=2 2 2 2 2 2 2 2 2 2 2 2 2 2 2 2 2 2 2 2 2 2 2 2 2 2 2 2 2 2
left_child=1 6 3 9 10 8 -1 -6 14 21 27 20 -9 18 15 -4 -16 19 23 -13 -5 -2 -11 -7 -15 -10 -22 -3 -12 -30
right_child=2 4 5 11 7 13 -8 12 25 22 28 17 -14 24 16 -17 -18 -19 -20 -21 26 -23 -24 -25 -26 -27 -28 -29 29 -31
leaf_value=-0.24452284137678731 0.033673497460167588 -0.11403041464064739 0.29596833950803414 0.06146504470619233 -0.039882660243184827 0.24727029864637495 -0.1557459020724794 -0.017365118114291915 0.218134945763482 0.068168902960315747 -0.080621877663106786 0.15374026737345869 0.032367323757956756 0.36176573599113571 0.15331508249247738 0.21872987093601035 0.23020334558548947 0.10835266317377186 0.3849052534727701 0.2140128523689489 0.12372303447307918 0.10678142312400302 0.1028172851436584 0.32958442188842957 0.43096142577983088 0.33529297446614598 0.18469455788530423 -0.058655525429381267 -0.07217223223778281 -0.022383216676551482
leaf_weight=2666 1633 1411 255 146 1915 144 891 1099 45 1685 1789 389 752 319 284 404 298 164 116 385 884 116 616 171 168 197 157 180 606 355
leaf_count=2666 1633 1411 255 146 1915 144 891 1099 45 1685 1789 389 752 319 284 404 298 164 116 385 884 116 616 171 168 197 157 180 606 355
internal_value=6.58894e-11 -0.10538 0.143325 0.0895364 -0.0540877 0.281662 -0.222285 -0.0188846 0.237255 0.0606359 -0.0846279 0.144617 0.00283953 0.353398 0.222386 0.248617 0.192684 0.170543 0.316972 0.183721 0.12413 0.0385223 0.0774446 0.291955 0.385636 0.313507 0.132919 -0.107765 -0.0712418 -0.0537798
internal_weight=20240 11664 8576 6175 8107 2401 3557 3766 1483 4050 4341 2125 1851 918 1241 659 582 938 431 774 1187 1749 2301 315 487 242 1041 1591 2750 961
internal_count=20240 11664 8576 6175 8107 2401 3557 3766 1483 4050 4341 2125 1851 918 1241 659 582 938 431 774 1187 1749 2301 315 487 242 1041 1591 2750 961
is_linear=0
shrinkage=0.05


Tree=21
num_leaves=31
num_cat=0
split_feature=0 0 0 0 0 0 1 1 31 0 31 0 31 31 1 0 31 16 10 31 31 1 42 37 31 31 0 5 20 31
split_gain=110362 24737 23573.1 3474.66 3066.45 3056.09 1727.46 621.457 590.043 548.781 546.107 475.064 439.019 430.987 421.067 348.161 285.107 280.493 268.801 250.689 222.633 222.527 217.012 216.508 216.001 213.264 208.604 200.287 197.367 196.929
threshold=15.47916666666667 6.479166666666667 23.979166666666668 29.604166666666668 19.312500000000004 11.020833333333334 5.854166666666667 17.687500000000004 10.500000000000002 8.7708333333333339 8.5000000000000018 21.937500000000004 1.5000000000000002 3.5000000000000004 27.437500000000004 34.395833333333336 7.5000000000000009 -0.22252093395631442 3.5000000000000004 8.5000000000000018 9.5000000000000018 17.187500000000004 147.6428571428572 88.162500000000009 1.5000000000000002 1.5000000000000002 35.270833333333336 0.18750000000000003 30.229166666666668 4.5000000000000009
decision_type=2 2 2 2 2 2 2 2 2 2 2 2 2 2 2 2 2 2 2 2 2 2 2 2 2 2 2 2 2 2
left_child=1 6 4 10 13 9 -1 29 15 25 17 19 -9 -2 21 28 -14 22 23 -6 -16 -15 -4 -13 -8 -3 -10 -21 -5 -7
right_child=2 5 3 8 11 7 24 12 26 -11 -12 18 16 14 20 -17 -18 -19 -20 27 -22 -23 -24 -25 -26 -27 -28 -29 -30 -31
leaf_value=-0.23444185156124853 0.020311213215610129 -0.13183858350155184 0.14319559885787475 0.31405628158892757 0.096685810256816135 -0.045183311454294633 -0.17654204094451723 -0.062418285909452469 0.34899936968701023 -0.069221289760745305 0.25377773781166935 0.15798606169292251 0.010961928139550678 0.025138948830140503 0.092006711928866988 0.34206482267042376 0.088496100496224792 0.21396482520973592 0.12121696119159882 0.19634224640798162 0.20889506512218051 0.06076337602577965 0.2163716884601834 0.23440329718869179 -0.12860315025635152 -0.091732428181897252 0.42861484736204147 0.11771712868189327 0.24685168876523653 -0.014505159814620666
leaf_weight=2530 895 537 389 169 1256 1537 535 187 310 3011 452 336 974 598 430 265 135 523 354 121 45 1642 137 128 419 866 112 245 309 793
leaf_count=2530 895 537 389 169 1256 1537 535 187 310 3011 452 336 974 598 430 265 135 523 354 121 45 1642 137 128 419 866 112 245 309 793
internal_value=-4.04922e-10 -0.101539 0.134251 0.258121 0.0796664 -0.053316 -0.212822 -0.0193044 0.322914 -0.0812558 0.207833 0.122964 0.00845036 0.0504012 0.0603203 0.296097 0.0204003 0.188036 0.154031 0.107297 0.10308 0.0512529 0.162255 0.179067 -0.155487 -0.107083 0.37013 0.143711 0.270612 -0.0347422
internal_weight=20240 11524 8716 2666 6050 8040 3484 3626 1165 4414 1501 2440 1296 3610 2715 743 1109 1049 818 1622 475 2240 526 464 954 1403 422 366 478 2330
internal_count=20240 11524 8716 2666 6050 8040 3484 3626 1165 4414 1501 2440 1296 3610 2715 743 1109 1049 818 1622 475 2240 526 464 954 1403 422 366 478 2330
is_linear=0
shrinkage=0.05


Tree=22
num_leaves=31
num_cat=0
split_feature=0 0 0 0 0 0 0 31 31 31 31 0 0 4 0 0 1 32 31 20 16 45 31 31 45 10 31 1 37 0
split_gain=99714.1 25305.2 18809.3 4242.45 2849.22 2374.41 648.234 614.89 594.06 505.293 487.868 369.249 343.293 342.255 331.535 313.201 311.979 258.243 249.114 248.469 238.701 245.426 237.243 208.282 190.162 188.487 184.031 249.808 178.368 176.493
threshold=13.60416666666667 22.979166666666668 4.604166666666667 28.854166666666668 18.187500000000004 9.8541666666666696 33.270833333333336 5.5000000000000009 4.5000000000000009 7.5000000000000009 1.5000000000000002 11.812500000000002 17.020833333333339 0.47916666666666669 25.854166666666668 1.5625000000000002 17.187500000000004 6.5000000000000009 6.5000000000000009 21.729166666666668 -0.22252093395631442 16.500000000000004 12.500000000000002 1.5000000000000002 16.500000000000004 3.5000000000000004 5.5000000000000009 12.35416666666667 94.137500000000017 37.270833333333336
decision_type=2 2 2 2 2 2 2 2 2 2 2 2 2 2 2 2 2 2 2 2 2 2 2 2 2 2 2 2 2 2
left_child=2 4 15 8 7 10 18 12 25 20 -4 26 23 22 19 -1 -9 -12 -5 -10 -6 -22 -11 -2 -18 -3 -7 -28 -16 -8
right_child=1 3 5 6 9 11 29 16 14 13 17 -13 -14 -15 28 -17 24 -19 -20 -21 21 -23 -24 -25 -26 -27 27 -29 -30 -31
leaf_value=-0.22276960075184515 -0.040757332651801932 0.17607764745300469 -0.12618304056736329 0.22605641154717887 0.066813351468138674 -0.060552797356036282 0.3233458260538975 0.023178552322774576 0.22972053788556643 0.16349410272760845 -0.087760256024627489 -0.026516530575072611 0.045271543351555921 0.10764923707072103 0.21333909757160302 -0.17230292355907817 0.061974121284002343 0.032154987082796418 0.29092831944062381 0.15943345331468367 0.08397357384872664 0.13543640258385964 0.30929662912122668 0.012181311106969267 0.11918002125665997 0.10892665204349006 -0.054969548422255016 0.037415678254446062 0.28401470791725886 0.38593280219460191
leaf_weight=2528 214 165 1140 240 731 2240 493 514 163 279 1873 1917 797 389 596 350 1215 46 386 550 575 388 31 1410 165 285 190 119 105 146
leaf_count=2528 214 165 1140 240 731 2240 493 514 163 279 1873 1917 797 389 596 350 1215 46 386 550 575 388 31 1410 165 285 190 119 105 146
internal_value=3.6287e-10 0.114128 -0.107918 0.231546 0.0593568 -0.0663398 0.302219 0.0350897 0.183584 0.103115 -0.100276 -0.043095 0.0183953 0.138882 0.199508 -0.216632 0.0564293 -0.0848858 0.266057 0.175502 0.0883558 0.104708 0.178074 0.00520541 0.068814 0.133549 -0.055563 -0.0193908 0.223925 0.337646
internal_weight=20240 9837 10403 3129 6708 7525 1265 4315 1864 2393 3059 4466 2421 699 1414 2878 1894 1919 626 713 1694 963 310 1624 1380 450 2549 309 701 639
internal_count=20240 9837 10403 3129 6708 7525 1265 4315 1864 2393 3059 4466 2421 699 1414 2878 1894 1919 626 713 1694 963 310 1624 1380 450 2549 309 701 639
is_linear=0
shrinkage=0.05


Tree=23
num_leaves=31
num_cat=0
split_feature=0 0 0 0 0 0 0 31 31 1 0 31 45 31 15 36 39 1 0 32 31 31 6 0 31 1 32 33 31 30
split_gain=90014.4 20648.8 18839.2 2903.36 2548.28 2284.01 1518.92 646.674 559.942 455.881 445.875 407.403 378.395 357.419 350.763 441.907 346.409 320.901 271.168 249.506 217.105 195.787 233.833 190.757 190.731 190.677 164.601 162.232 161.805 161.21
threshold=15.645833333333334 6.6458333333333348 24.937500000000004 20.187500000000004 11.812500000000002 32.520833333333336 3.3541666666666674 10.500000000000002 2.5000000000000004 17.187500000000004 17.562500000000004 4.5000000000000009 16.500000000000004 1.5000000000000002 -1.0000000180025095e-35 3.9285714285714293 39.500000000000007 10.35416666666667 9.7291666666666696 6.5000000000000009 7.5000000000000009 6.5000000000000009 0.79480431848852917 36.104166666666679 8.5000000000000018 31.437500000000004 5.5000000000000009 1.0000000180025095e-35 3.5000000000000004 0.011904761904761868
decision_type=2 2 2 2 2 2 2 2 2 2 2 2 2 2 2 2 2 2 2 2 2 2 2 2 2 2 2 2 2 2
left_child=1 6 3 10 8 7 -1 14 18 26 21 -5 -13 -11 16 -16 -4 -10 -3 -19 -15 -2 -23 -7 -14 -9 -6 -12 -8 -29
right_child=2 4 5 11 9 23 28 25 17 13 27 12 24 20 15 -17 -18 19 -20 -21 -22 22 -24 -25 -26 -27 -28 29 -30 -31
leaf_value=-0.20973780182793189 0.021732182701989965 -0.10154579818568643 0.13342388578214068 0.08718029730511194 -0.032910786380082151 0.29861439961694675 -0.14220246104722514 0.18366025845209757 -0.079564560647805538 -0.05445585820649626 0.056697699322357777 0.11975585025359209 0.15471944123250198 0.014792195846805812 0.26984571274643876 0.18954779883327677 0.20628323551771122 -0.045431856346264045 -0.068095528469941102 0.03139432052694327 0.08294134106097828 0.1198321616511886 0.040432469227484301 0.35394993765296134 0.22513721518981178 0.29578144634123199 0.0057670481962692052 0.12623193148937492 -0.076655244405128969 0.072481946477876799
leaf_weight=2666 1210 1297 335 553 1628 501 784 45 750 171 1501 1049 396 914 272 463 318 1632 1137 113 134 119 420 226 127 241 331 180 107 620
leaf_count=2666 1210 1297 335 553 1628 501 784 45 750 171 1501 1049 396 914 272 463 318 1632 1137 113 134 119 420 226 127 241 331 180 107 620
internal_value=-9.58921e-11 -0.0904147 0.122971 0.0767607 -0.0463486 0.241816 -0.190849 0.209678 -0.0688578 -0.0114373 0.0519263 0.124092 0.137077 0.0125695 0.195572 0.219263 0.168905 -0.0522127 -0.0859201 -0.0404569 0.0235059 0.0328974 0.0579623 0.315816 0.171819 0.27814 -0.0263756 0.0663902 -0.134331 0.0845757
internal_weight=20240 11664 8576 6175 8107 2401 3557 1674 4929 3178 4050 2125 1572 1219 1388 735 653 2495 2434 1745 1048 1749 539 727 523 286 1959 2301 891 800
internal_count=20240 11664 8576 6175 8107 2401 3557 1674 4929 3178 4050 2125 1572 1219 1388 735 653 2495 2434 1745 1048 1749 539 727 523 286 1959 2301 891 800
is_linear=0
shrinkage=0.05


Tree=24
num_leaves=31
num_cat=0
split_feature=0 0 0 0 0 0 31 31 10 31 39 31 1 45 28 7 39 32 29 0 33 31 31 32 16 6 37 45 1 6
split_gain=81303.5 20686.8 15325.8 3393.33 2404.03 1942.12 535.865 524.901 471.327 467.648 436.598 407.774 365.534 343.097 296.85 286.246 286.03 280.864 260.627 232.171 224.405 212.702 207.38 199.302 197.579 177.783 216.639 176.837 176.71 176.237
threshold=13.60416666666667 23.104166666666668 4.604166666666667 29.187500000000004 18.187500000000004 9.8958333333333339 3.5000000000000004 10.500000000000002 3.5000000000000004 6.5000000000000009 38.500000000000007 1.5000000000000002 17.187500000000004 16.500000000000004 20.961805555555561 0.21591248400956756 38.500000000000007 6.5000000000000009 0.91513335940180995 11.812500000000002 3.5000000000000004 10.500000000000002 11.500000000000002 5.5000000000000009 -0.22252093395631442 0.99945175438596501 76.225000000000009 16.500000000000004 12.35416666666667 0.9791921352893237
decision_type=2 2 2 2 2 2 2 2 2 2 2 2 2 2 2 2 2 2 2 2 2 2 2 2 2 2 2 2 2 2
left_child=2 4 18 8 6 11 25 16 13 24 -10 -4 -8 21 -11 -15 20 19 -1 -7 -5 -3 -16 -13 29 26 -2 -14 -19 -6
right_child=1 3 5 7 9 17 12 -9 10 14 -12 23 27 15 22 -17 -18 28 -20 -21 -22 -23 -24 -25 -26 -27 -28 -29 -30 -31
leaf_value=-0.20104069621648277 -0.027584799076909219 0.14097453718350755 -0.11293945043663974 0.19876900564381625 0.037858572410547332 -0.051324443180901458 0.01551124079441661 0.3200076854065339 0.10344384243107572 0.099548444021550872 0.17614682661749059 -0.079945798689821407 0.047879581521701395 0.18688286287758382 0.14148883119506378 0.25816936077400732 0.28180026581102702 -0.048193787405124082 -0.15412381631933822 -0.027413180033770031 0.28284142338628071 0.22884289538159092 0.25407972805043488 -0.015245007841635173 0.091808625051141846 0.041537623121731634 0.020521839234984678 0.089316310035221613 0.052030459842439196 0.096595283832108039
leaf_weight=2543 535 363 1173 292 452 2330 891 428 412 646 414 1895 1935 347 315 237 389 65 335 1799 109 85 47 127 808 241 416 297 136 178
leaf_count=2543 535 363 1173 292 452 2330 891 428 412 646 414 1895 1935 347 315 237 389 65 335 1799 109 85 47 127 808 241 416 297 136 178
internal_value=-6.12392e-11 0.103055 -0.0974477 0.210552 0.0541474 -0.0599163 0.0316997 0.275414 0.168032 0.0937475 0.139883 -0.0894871 0.0425855 0.190562 0.11986 0.215812 0.251254 -0.0380967 -0.19558 -0.0409063 0.221622 0.157646 0.156107 -0.075882 0.0754433 0.00317935 -0.00654131 0.0533933 0.0196196 0.054454
internal_weight=20240 9837 10403 3076 6761 7525 4315 1218 1858 2446 826 3195 3123 1032 1008 584 790 4330 2878 4129 401 448 362 2022 1438 1192 951 2232 201 630
internal_count=20240 9837 10403 3076 6761 7525 4315 1218 1858 2446 826 3195 3123 1032 1008 584 790 4330 2878 4129 401 448 362 2022 1438 1192 951 2232 201 630
is_linear=0
shrinkage=0.05


Tree=25
num_leaves=31
num_cat=0
split_feature=0 0 0 0 0 0 0 31 44 31 1 39 44 31 16 10 1 36 0 38 31 45 44 31 39 31 1 31 27 32
split_gain=73429.9 16891.6 15459.3 2755.09 1904.35 1564.84 1453.26 431.896 429.794 422.624 377.608 360.898 343.882 310.173 290.821 287.27 285.732 270.922 262.455 225.23 214.134 206.282 194.081 185.453 182.673 181.766 167.486 163.049 160.004 222.842
threshold=15.645833333333334 6.979166666666667 25.854166666666668 20.562500000000004 11.812500000000002 32.520833333333336 3.3541666666666674 9.5000000000000018 1.5000000000000002 3.5000000000000004 17.187500000000004 31.500000000000004 1.0000000180025095e-35 1.5000000000000002 -0.22252093395631442 3.5000000000000004 11.97916666666667 3.6428571428571437 9.8125000000000018 156.50000000000003 6.5000000000000009 16.500000000000004 1.5000000000000002 7.5000000000000009 35.500000000000007 3.5000000000000004 34.395833333333336 13.500000000000002 3.4243059026757563 6.5000000000000009
decision_type=2 2 2 2 2 2 2 2 2 2 2 2 2 2 2 2 2 2 2 2 2 2 2 2 2 2 2 2 2 2
left_child=1 6 3 8 9 7 -1 14 11 18 -6 -2 19 -12 -4 21 -11 -16 -3 -5 -18 -14 24 -15 -7 -8 -21 -9 -10 -30
right_child=2 4 5 12 10 22 25 27 28 16 13 -13 15 23 17 -17 20 -19 -20 26 -22 -23 -24 -25 -26 -27 -28 -29 29 -31
leaf_value=-0.18931502422118043 0.025765698060842047 -0.084870621409412289 0.15530276645300745 0.088757695351041332 -0.024151249472496365 0.18084785581699439 -0.12787983264794553 0.2256478139207263 0.063073487047537333 -0.057302920106434077 -0.051145300133785571 0.059626419526610845 0.11996045296105583 0.01342767647110793 0.2635079218962828 0.084758609084625888 -0.026627717256796225 0.18406564387671068 -0.056408538229358665 0.11578980090648489 0.049958480274812749 0.17276485823865831 0.31834637535755855 0.076413423495728591 0.27741911672246766 -0.066104053727684228 0.20834410370460579 0.3074095906375291 0.092392152774155578 0.23130947239696981
leaf_weight=2666 1923 1632 566 949 1959 56 910 293 647 887 171 1332 296 914 151 192 536 371 1608 162 110 493 281 134 390 137 70 77 295 32
leaf_count=2666 1923 1632 566 949 1959 56 910 293 647 887 171 1332 296 914 151 192 536 371 1608 162 110 493 281 134 390 137 70 77 295 32
internal_value=-3.54464e-11 -0.081662 0.111066 0.0718141 -0.0405439 0.225877 -0.169712 0.195998 0.0483414 -0.0605109 -0.0105556 0.0396221 0.117728 0.0112932 0.180128 0.139608 -0.0388811 0.207046 -0.070745 0.0995538 -0.0135867 0.152955 0.2858 0.0214812 0.265294 -0.119796 0.143716 0.242663 0.0774806 0.105987
internal_weight=20240 11664 8576 6391 7951 2185 3713 1458 4229 4773 3178 3255 2162 1219 1088 981 1533 522 3240 1181 646 789 727 1048 446 1047 232 370 974 327
internal_count=20240 11664 8576 6391 7951 2185 3713 1458 4229 4773 3178 3255 2162 1219 1088 981 1533 522 3240 1181 646 789 727 1048 446 1047 232 370 974 327
is_linear=0
shrinkage=0.05


Tree=26
num_leaves=31
num_cat=0
split_feature=0 0 0 0 0 0 0 31 31 0 31 31 1 7 31 37 31 7 37 31 37 45 1 31 0 10 0 0 31 31
split_gain=66316 14904.5 14303 2517.26 1693.64 1563.13 1103.54 458.524 440.338 410.331 373.288 315.013 309.921 297.675 267.892 249.982 246.056 218.672 217.105 216.226 241.119 209.891 199.291 188.796 172.917 172.667 161.581 161.264 155.93 149.782
threshold=15.062500000000002 23.562500000000004 6.6458333333333348 28.854166666666668 18.395833333333339 10.645833333333334 1.5625000000000002 10.500000000000002 8.5000000000000018 12.770833333333334 4.5000000000000009 6.5000000000000009 27.437500000000004 0.21863893491800471 3.5000000000000004 96.125000000000014 3.5000000000000004 0.0023995209594629978 87.887500000000017 13.500000000000002 65.862500000000026 15.500000000000002 11.812500000000002 5.5000000000000009 17.729166666666668 3.5000000000000004 35.270833333333336 8.3958333333333339 1.5000000000000002 1.5000000000000002
decision_type=2 2 2 2 2 2 2 2 2 2 2 2 2 2 2 2 2 2 2 2 2 2 2 2 2 2 2 2 2 2
left_child=2 4 6 10 11 14 -1 15 16 28 -3 24 -10 -13 27 17 18 -5 -6 20 -12 -18 -16 -11 29 -17 -9 -4 -7 -2
right_child=1 3 5 7 8 9 -8 26 12 23 19 13 -14 -15 22 25 21 -19 -20 -21 -22 -23 -24 -25 -26 -27 -28 -29 -30 -31
leaf_value=-0.18164871621263934 -0.031401709019669773 0.11072712791379161 -0.093533749413187151 0.27452359599810022 0.01356423370141004 -0.059797386716362901 -0.12022859273601479 0.27083636316330817 0.096075575746213782 -0.011006613774713172 0.13172600154634742 0.043905264742174384 0.17346574115583768 0.11041728046741153 -0.066048012494765024 0.30879571167013004 0.073284329522313854 0.19402604757972275 0.076452906147684338 0.26017670601101245 0.17871797344821144 0.11252373405122217 -0.020084447703252944 0.030384181290315639 0.044490124506040257 0.22326900618033366 0.34044841974973683 -0.066830789190150217 -0.027895190267449927 0.019667649196297234
leaf_weight=2528 159 390 843 102 245 460 1029 326 312 1054 422 1006 221 202 503 126 918 488 312 59 773 542 444 373 694 111 112 1717 2289 1480
leaf_count=2528 159 390 843 102 245 460 1029 326 312 1054 422 1006 221 202 503 126 918 488 312 59 773 542 444 373 694 111 112 1717 2289 1480
internal_value=1.27899e-10 0.101143 -0.0809864 0.194249 0.0566763 -0.0426088 -0.163881 0.247273 0.0877455 -0.0219412 0.15345 0.0343023 0.128164 0.0550273 -0.067219 0.225365 0.0770647 0.207943 0.0487909 0.166737 0.162123 0.0878513 -0.044498 -0.000187576 0.0235711 0.268739 0.288637 -0.075624 -0.0332335 0.0147134
internal_weight=20240 9000 11240 2909 6091 7683 3557 1265 2550 4176 1644 3541 533 1208 3507 827 2017 590 557 1254 1195 1460 947 1427 2333 237 438 2560 2749 1639
internal_count=20240 9000 11240 2909 6091 7683 3557 1265 2550 4176 1644 3541 533 1208 3507 827 2017 590 557 1254 1195 1460 947 1427 2333 237 438 2560 2749 1639
is_linear=0
shrinkage=0.05


Tree=27
num_leaves=31
num_cat=0
split_feature=0 0 0 0 0 0 31 39 29 31 31 31 39 32 33 38 28 31 7 33 1 31 1 0 31 1 20 37 1 0
split_gain=59869.2 15271.5 11304.1 2627.98 1698.22 1292.12 558.005 435.492 358.674 345.149 343.222 331.333 301.628 232.108 217.603 208.552 205.8 229.22 195.428 198.201 181.833 229.871 177.821 176.354 171.902 199.036 162.429 162.132 156.391 150.354
threshold=13.60416666666667 22.979166666666668 5.1458333333333348 27.937500000000004 18.187500000000004 9.9375000000000018 10.500000000000002 24.500000000000004 0.66732932025134029 3.5000000000000004 3.5000000000000004 1.0000000180025095e-35 38.500000000000007 6.5000000000000009 3.5000000000000004 100.50000000000001 20.813194444444445 11.500000000000002 0.0020060200722730741 1.5000000000000002 19.729166666666668 9.5000000000000018 57.604166666666679 8.0208333333333339 1.5000000000000002 17.687500000000004 21.729166666666668 87.71250000000002 35.937500000000007 34.562500000000007
decision_type=2 2 2 2 2 2 2 2 2 2 2 2 2 2 2 2 2 2 2 2 2 2 2 2 2 2 2 2 2 2
left_child=2 4 8 10 7 11 12 18 -1 27 -3 -4 14 24 -5 22 -11 -18 -2 -20 -9 -22 -12 -13 -7 -26 -17 -6 -8 -14
right_child=1 3 5 6 9 13 28 20 -10 16 15 23 29 -15 -16 26 17 -19 19 -21 21 -23 -24 -25 25 -27 -28 -29 -30 -31
leaf_value=-0.17254187802991597 0.034924563821699277 0.082644915738962155 -0.11640653735585511 0.16077677734366763 0.013414726586705901 -0.055722163214335922 0.24627971008950073 0.031412916300543443 -0.1261618412644761 0.07694799437549904 0.099489761669085255 -0.083329623958592142 0.21680031014679957 0.021473208641535686 0.23524046247278838 0.20803210517785847 0.10378666331676983 0.22045728339089288 -0.011886117500473421 0.040893932660651763 0.052372969357001087 0.15347346310335838 0.21037502795821283 -0.057831100794902252 -0.034998060592480978 -0.0022428817954265302 0.14974083984975903 0.068826099213262742 0.30378209741802903 0.2773414274721388
leaf_weight=2532 475 249 400 374 237 755 253 1816 499 1160 306 1114 329 196 133 137 653 45 1030 215 718 61 41 1733 2610 564 936 298 222 149
leaf_count=2532 475 249 400 374 237 755 253 1816 499 1160 306 1114 329 196 133 137 653 45 1030 215 718 61 41 1733 2610 564 936 298 222 149
internal_value=5.97132e-11 0.088433 -0.0836216 0.179649 0.0458844 -0.0502014 0.228642 0.0271495 -0.164906 0.0796667 0.136792 -0.0737952 0.207176 -0.0316294 0.180311 0.146287 0.0898563 0.111308 0.00763876 -0.00277149 0.0400815 0.0602897 0.112591 -0.0678084 -0.0342785 -0.0291777 0.157183 0.0442794 0.273155 0.235672
internal_weight=20240 9837 10403 3129 6708 7372 1460 4315 3031 2393 1669 3247 985 4125 507 1420 1858 698 1720 1245 2595 779 347 2847 3929 3174 1073 535 475 478
internal_count=20240 9837 10403 3129 6708 7372 1460 4315 3031 2393 1669 3247 985 4125 507 1420 1858 698 1720 1245 2595 779 347 2847 3929 3174 1073 535 475 478
is_linear=0
shrinkage=0.05


Tree=28
num_leaves=31
num_cat=1
split_feature=0 0 0 0 0 0 0 0 31 16 1 31 28 39 10 45 39 1 31 39 31 31 50 31 44 38 42 31 31 27
split_gain=54129.9 13000.4 10913.6 1837.56 1633.8 1173.09 1072.94 419.69 392.624 357.182 364.131 318.272 322.727 286.117 252.754 306.228 235.336 228.795 199.489 195.844 180.005 179.291 172.719 166.269 158.788 152.756 147.969 140.054 133.351 121.242
threshold=15.85416666666667 6.979166666666667 25.854166666666668 20.729166666666668 12.020833333333334 32.520833333333336 3.8125000000000004 10.395833333333334 2.5000000000000004 -0.22252093395631442 35.937500000000007 3.5000000000000004 18.175694444444449 37.500000000000007 3.5000000000000004 16.500000000000004 27.500000000000004 31.937500000000004 3.5000000000000004 58.500000000000007 6.5000000000000009 12.500000000000002 0 8.5000000000000018 1.5000000000000002 91.500000000000014 156.07142857142858 3.5000000000000004 1.0000000180025095e-35 2.2819035253859306
decision_type=2 2 2 2 2 2 2 2 2 2 2 2 2 2 2 2 2 2 2 2 2 2 1 2 2 2 2 2 2 2
left_child=1 6 3 11 7 9 -1 20 -6 18 -11 22 -13 14 15 -5 -10 -15 -4 -12 28 -19 -2 -14 26 -20 -7 -8 -3 -22
right_child=2 4 5 13 8 24 27 -9 16 10 19 12 23 17 -16 -17 -18 21 25 -21 29 -23 -24 -25 -26 -27 -28 -29 -30 -31
leaf_value=-0.16171032905225283 0.048981830917852701 -0.093168384221101574 0.08378219713646351 0.079134285086558925 -0.033703845859370161 0.17929914950942383 -0.1081197978643564 -0.032676524496981232 -0.0032247338468643937 0.1626145537309725 0.22092544812761195 0.04007604790855384 0.0640749625657588 0.10647164036251935 0.059491310244878387 0.14341221176797436 0.032219788603255702 0.14747587210456242 0.099192799901699324 0.35728889457110702 -0.043175719296712371 0.26858066490718296 0.0051504627239029469 0.11180911177445366 0.27558030727654165 0.16637885613515299 0.24476761736858943 -0.052562133879009779 -0.058826676383149729 0.063679135194484232
leaf_weight=2736 333 315 118 450 655 117 846 2481 1163 427 286 1913 882 518 486 315 784 241 102 29 61 35 678 230 281 496 329 131 2755 47
leaf_count=2736 333 315 118 450 655 117 846 2481 1163 427 286 1913 882 518 486 315 784 241 102 29 61 35 678 230 281 496 329 131 2755 47
internal_value=-3.42318e-11 -0.0679378 0.0984137 0.0639751 -0.0330097 0.194259 -0.145649 -0.0480874 -0.000217552 0.168388 0.192699 0.0444103 0.0525275 0.102588 0.0876883 0.105602 0.0110477 0.126063 0.143195 0.23348 -0.0601184 0.162833 0.0201229 0.073948 0.246141 0.154919 0.227593 -0.10067 -0.0623503 0.00332593
internal_weight=20240 11974 8266 6081 8261 2185 3713 5659 2602 1458 742 4036 3025 2045 1251 765 1947 794 716 315 3178 276 1011 1112 727 598 446 977 3070 108
internal_count=20240 11974 8266 6081 8261 2185 3713 5659 2602 1458 742 4036 3025 2045 1251 765 1947 794 716 315 3178 276 1011 1112 727 598 446 977 3070 108
cat_boundaries=0 1
cat_threshold=32
is_linear=0
shrinkage=0.05


Tree=29
num_leaves=31
num_cat=0
split_feature=0 0 0 0 0 0 0 31 31 31 38 1 36 33 16 45 31 31 0 1 1 31 31 1 44 39 16 15 31 20
split_gain=48854.3 11732.9 9848.86 1658 1478.85 1058.71 971.352 335.32 320.837 309.507 301.555 279.226 262.448 259.502 258.565 285.845 282.872 232.839 205.226 182.171 181.823 160.829 159.282 148.527 146.21 205.258 144.645 140.218 128.07 123.882
threshold=15.85416666666667 6.979166666666667 25.854166666666668 20.729166666666668 11.812500000000002 32.520833333333336 1.5625000000000002 5.5000000000000009 4.5000000000000009 6.5000000000000009 113.50000000000001 12.35416666666667 2.9285714285714293 1.5000000000000002 -0.22252093395631442 16.500000000000004 2.5000000000000004 15.500000000000002 9.6458333333333339 19.854166666666668 19.812500000000004 4.5000000000000009 1.0000000180025095e-35 17.979166666666668 4.5000000000000009 35.500000000000007 -0.22252093395631442 1.0000000180025095e-35 9.5000000000000018 18.854166666666668
decision_type=2 2 2 2 2 2 2 2 2 2 2 2 2 2 2 2 2 2 2 2 2 2 2 2 2 2 2 2 2 2
left_child=1 6 3 10 8 7 -1 27 18 23 13 -10 -9 21 16 -16 -5 -14 -3 -11 -12 -2 -8 -6 25 -7 -25 -4 -18 -22
right_child=2 4 5 14 9 24 22 12 11 19 20 -13 17 -15 15 -17 28 -19 -20 -21 29 -23 -24 26 -26 -27 -28 -29 -30 -31
leaf_value=-0.15587568610340735 0.01020021014655092 -0.068513549986936234 0.10610741517138755 -0.021825717240154967 -0.019577129278902282 0.15960580675095759 -0.13500415714394845 0.24069148049946279 -0.045173590354528462 0.011779133292393509 0.041875310218820239 0.012831154744132753 0.16078797081253429 0.062207643329798661 0.091854657831957898 0.14194748771338894 0.075855246526416731 0.29252777542386738 -0.04542434543628978 0.079230369676259307 0.10311373742254465 0.037903903840060253 -0.091127317609754455 -0.02246999033204071 0.28722569559692246 0.23722865971079632 0.026408692290318538 0.16281243906228129 0.12801328078433349 0.061148201953619724
leaf_weight=2528 1032 1712 314 67 2234 102 267 138 516 487 640 347 804 574 680 490 665 35 2198 126 299 1064 918 245 109 516 396 167 143 427
leaf_count=2528 1032 1712 314 67 2234 102 267 138 516 487 640 347 804 574 680 490 665 35 2198 126 299 1064 918 245 109 516 396 167 143 427
internal_value=1.3374e-06 -0.0645409 0.0934963 0.0607808 -0.0313592 0.184546 -0.138366 0.159969 -0.0494438 -0.00661214 0.0421965 -0.0218507 0.176794 0.0324208 0.0974586 0.112834 0.0768998 0.166284 -0.055534 0.0256435 0.0613042 0.0242635 -0.101013 -0.0134896 0.233834 0.224417 0.00772651 0.125795 0.0850862 0.0784315
internal_weight=20240 11974 8266 6081 8261 2185 3713 1458 4773 3488 4036 863 977 2670 2045 1170 875 839 3910 613 1366 2096 1185 2875 727 618 641 481 808 726
internal_count=20240 11974 8266 6081 8261 2185 3713 1458 4773 3488 4036 863 977 2670 2045 1170 875 839 3910 613 1366 2096 1185 2875 727 618 641 481 808 726
is_linear=0
shrinkage=0.05


Tree=30
num_leaves=31
num_cat=0
split_feature=0 0 0 0 0 0 31 31 31 16 31 39 45 42 28 31 31 4 10 6 45 31 20 29 37 31 1 31 28 0
split_gain=44134.2 11297.3 8320.7 2358.51 1056.41 991.532 449.444 350.769 307.223 284.302 280.765 247.955 223.997 211.732 198.706 288.979 194.089 293.461 191.816 180.361 177.004 172.568 149.36 136.523 134.272 132.448 128.436 123.51 122.988 119.601
threshold=13.60416666666667 21.937500000000004 4.604166666666667 27.937500000000004 9.8541666666666696 17.562500000000004 10.500000000000002 9.5000000000000018 2.5000000000000004 -0.22252093395631442 1.0000000180025095e-35 38.500000000000007 16.500000000000004 135.57142857142858 18.175694444444449 2.5000000000000004 5.5000000000000009 0.68750000000000011 3.5000000000000004 0.89716583917445492 16.500000000000004 6.5000000000000009 19.062500000000004 0.91513335940180995 94.387500000000017 14.500000000000002 35.937500000000007 13.500000000000002 6.6104166666666666 11.812500000000002
decision_type=2 2 2 2 2 2 2 2 2 2 2 2 2 2 2 2 2 2 2 2 2 2 2 2 2 2 2 2 2 2
left_child=2 5 23 7 10 8 11 9 -2 13 -4 18 -11 -3 -7 24 29 -18 -5 25 -10 28 -17 -1 -16 -9 -8 -28 -12 -6
right_child=1 3 4 6 16 14 26 19 20 12 21 -13 -14 -15 15 22 17 -19 -20 -21 -22 -23 -24 -25 -26 -27 27 -29 -30 -31
leaf_value=-0.14805464823790718 -0.018616869530670183 0.062606997232263289 -0.1052808062287002 0.17896003218098022 -0.040496552757183189 0.041881211098674084 0.2123162822496043 0.16826015181295861 0.018095193413908344 0.092100881941994464 -0.091653732406375421 0.20329386559623114 0.14412318848044661 0.11678390462639138 -0.019330770666993253 0.099562149238885178 0.028862684548264097 -0.035695911839808504 0.11652495044017477 0.10473099732608127 0.060057562088280669 0.015530704227340823 0.064586836655492766 -0.11409817135823307 0.061243595994789818 0.28724142175454359 0.23724936605013652 0.31560456659886743 -0.058794111284961176 -0.022328853652856015
leaf_weight=2543 543 510 410 297 2240 1550 253 233 2183 345 326 478 517 279 132 414 340 365 210 114 284 72 1162 335 85 26 145 77 2251 1521
leaf_count=2543 543 510 410 297 2240 1550 253 233 2183 345 326 478 517 279 132 414 340 365 210 114 284 72 1162 335 85 26 145 77 2251 1521
internal_value=1.27045e-06 0.075929 -0.0717954 0.148285 -0.0441411 0.0362487 0.196722 0.113345 0.0154316 0.103452 -0.0667772 0.177458 0.123302 0.0817646 0.0549921 0.0663261 -0.0286364 -0.00456127 0.153099 0.157137 0.0229259 -0.0608178 0.0737745 -0.144102 0.0122306 0.180204 0.236671 0.264427 -0.062951 -0.0331493
internal_weight=20240 9837 10403 3484 7525 6353 1460 2024 3010 1651 3059 985 862 789 3343 1793 4466 705 507 373 2467 2649 1576 2878 217 259 475 222 2577 3761
internal_count=20240 9837 10403 3484 7525 6353 1460 2024 3010 1651 3059 985 862 789 3343 1793 4466 705 507 373 2467 2649 1576 2878 217 259 475 222 2577 3761
is_linear=0
shrinkage=0.05


Tree=31
num_leaves=31
num_cat=1
split_feature=28 28 26 28 31 31 1 37 34 1 31 6 31 31 32 7 5 37 31 31 38 15 4 43 1 31 50 6 5 15
split_gain=38440.9 9421.66 7062.98 1352.39 1234.21 1170.21 986.837 553.004 509.267 477.33 422.661 477.296 384.101 380.295 378.839 359.024 356.498 296.196 241.944 237.68 223.262 258.259 221.58 205.166 186.308 174.153 164.614 149.612 149.309 139.954
threshold=15.677083333333336 6.6104166666666666 25.235119047619055 12.265972222222222 6.5000000000000009 5.5000000000000009 22.166666666666668 83.037500000000023 7.5000000000000009 35.937500000000007 2.5000000000000004 0.99619046236902453 1.5000000000000002 4.5000000000000009 11.500000000000002 0.53812656641604029 0.97916666666666685 90.045833333333363 2.5000000000000004 9.5000000000000018 178.50000000000003 1.0000000180025095e-35 0.97916666666666685 16.214285714285719 10.35416666666667 1.0000000180025095e-35 0 0.81951911589008375 0.97916666666666685 -0.8783796973249266
decision_type=2 2 2 2 2 2 2 2 2 2 2 2 2 2 2 2 2 2 2 2 2 2 2 2 2 2 1 2 2 2
left_child=1 15 4 10 7 17 -6 16 12 14 11 25 -9 22 28 -1 18 27 -2 23 21 -11 26 -8 -12 -3 -5 -4 -7 -19
right_child=2 3 5 13 6 9 19 8 -10 20 24 -13 -14 -15 -16 -17 -18 29 -20 -21 -22 -23 -24 -25 -26 -27 -28 -29 -30 -31
leaf_value=-0.093724883395609346 -0.035832859506559761 -0.10090296638207441 0.034613677469866086 -0.047480496394985833 0.048518374016758306 0.11630743175904808 0.073962302323552484 -0.018131810458622836 0.12568104386353129 0.1593651041240863 -0.053186556021374946 -0.027947924653724993 0.056940645459129295 0.021378750686877473 0.21221879685551603 -0.13975263008160377 0.049544576791086425 0.076674213814972483 0.015696931273913094 0.14272398542029044 0.26410756874715258 0.22817314154806312 0.013732834000197145 0.12201453057129757 -0.024776302498094496 -0.064115459496309743 -0.0047580871995193362 0.10933197255221171 0.16959446773249565 0.14857767750461404
leaf_weight=504 282 403 169 577 1177 373 463 197 238 246 756 916 1261 1117 220 2658 682 88 1185 418 163 306 390 427 2438 1595 384 111 203 293
leaf_count=504 282 403 169 577 1177 373 463 197 238 246 756 916 1261 1117 220 2658 682 88 1185 418 163 306 390 427 2438 1595 384 111 203 293
internal_value=1.20694e-06 -0.058643 0.0809664 -0.0314426 0.0542713 0.158766 0.0817342 0.0365222 0.0578669 0.18304 -0.0440639 -0.057834 0.0467971 -0.000206592 0.156405 -0.132416 0.0196768 0.103277 0.00579141 0.111623 0.212691 0.197509 -0.0180532 0.0970166 -0.0315008 -0.0715356 -0.0309529 0.0642341 0.135087 0.13197
internal_weight=20240 11738 8502 8576 6330 2172 2485 3845 1696 1511 6108 2914 1458 2468 796 3162 2149 661 1467 1308 715 552 1351 890 3194 1998 961 280 576 381
internal_count=20240 11738 8502 8576 6330 2172 2485 3845 1696 1511 6108 2914 1458 2468 796 3162 2149 661 1467 1308 715 552 1351 890 3194 1998 961 280 576 381
cat_boundaries=0 1
cat_threshold=13
is_linear=0
shrinkage=0.05


Tree=32
num_leaves=31
num_cat=0
split_feature=0 0 0 0 0 0 0 0 16 1 31 31 39 6 1 20 1 37 39 31 37 29 31 31 0 39 31 33 39 16
split_gain=36166.4 9185.56 6852.33 1324.33 1063.77 805.8 688.827 302.752 281.072 291.77 248.099 243.232 221.078 216.401 215.351 201.947 195.665 163.502 156.479 156.379 143.523 141.438 129.826 129.604 127.678 113.008 111.639 111.096 142.343 106.525
threshold=16.020833333333339 6.979166666666667 25.854166666666668 12.270833333333334 20.729166666666668 32.520833333333336 3.8125000000000004 10.395833333333334 -0.22252093395631442 35.937500000000007 3.5000000000000004 4.5000000000000009 37.500000000000007 0.99945175438596501 27.437500000000004 25.604166666666668 34.979166666666679 88.162500000000009 58.500000000000007 2.5000000000000004 73.675000000000026 4.660508174669407 9.5000000000000018 6.5000000000000009 37.270833333333336 39.500000000000007 3.5000000000000004 3.5000000000000004 35.500000000000007 1.0000000180025095e-35
decision_type=2 2 2 2 2 2 2 2 2 2 2 2 2 2 2 2 2 2 2 2 2 2 2 2 2 2 2 2 2 2
left_child=1 6 4 7 11 8 -1 23 19 -10 -5 13 15 20 -13 17 -14 -6 -11 -4 -2 -12 -16 -3 27 -21 -8 28 -7 -17
right_child=2 3 5 10 12 24 26 -9 9 18 21 14 16 -15 22 29 -18 -19 -20 25 -22 -23 -24 -25 -26 -27 -28 -29 -30 -31
leaf_value=-0.131856266300164 -0.010909665299229208 -0.051049209300734644 0.041490093935281039 -0.016087020118934241 0.069042582766014812 0.12243330573595793 -0.089598917891078766 -0.026212210416565591 0.13242391738822507 0.18463635691213651 0.010603107640413112 0.040048266275821767 0.091626760513600469 0.055506498437926925 0.066836211094172954 -0.0036196541063850973 0.15253069314347234 0.11617229498689995 0.30652712213582012 0.10234043273469505 0.026862850679588459 0.069632871017825823 0.13976424097216555 0.0046790391110537004 0.24402910310213699 0.14401065056088555 -0.039996227315619935 0.24117790024335448 0.19433910966834642 0.066059220251580231
leaf_weight=2736 444 3070 65 1091 789 83 846 2626 427 286 1680 1683 627 361 476 123 167 240 29 331 580 108 70 108 146 320 131 95 403 99
leaf_count=2736 444 3070 65 1091 789 83 846 2626 427 286 1680 1683 627 361 476 123 167 240 29 331 580 108 70 108 146 320 131 95 403 99
internal_value=-1.43866e-07 -0.0531676 0.0840212 -0.025022 0.0549826 0.159229 -0.118987 -0.0387748 0.137788 0.159354 0.00270324 0.0386755 0.0838011 0.0222198 0.0489003 0.0707039 0.104437 0.0800349 0.195858 0.11544 0.0104849 0.0141687 0.076186 -0.0491554 0.202229 0.122823 -0.082948 0.191726 0.182059 0.0274534
internal_weight=20240 12396 7844 8683 5659 2185 3713 5804 1458 742 2879 3614 2045 1385 2229 1251 794 1029 315 716 1024 1788 546 3178 727 651 977 581 486 222
internal_count=20240 12396 7844 8683 5659 2185 3713 5804 1458 742 2879 3614 2045 1385 2229 1251 794 1029 315 716 1024 1788 546 3178 727 651 977 581 486 222
is_linear=0
shrinkage=0.05


Tree=33
num_leaves=31
num_cat=0
split_feature=0 0 0 0 0 1 0 31 10 31 1 26 10 45 32 45 6 6 39 31 39 26 44 39 38 1 31 38 1 31
split_gain=32640.2 8293.25 6184.23 1145.57 960.052 746.669 733.354 305.704 222.656 219.516 218.392 209.902 209.817 357.528 215.867 203.169 197.765 195.302 184.872 183.84 177.738 165.112 140.863 139.111 133.164 128.34 114.203 108.89 107.208 104.799
threshold=16.020833333333339 7.2708333333333348 25.854166666666668 12.770833333333334 20.729166666666668 8.8541666666666696 31.479166666666668 2.5000000000000004 2.5000000000000004 4.5000000000000009 37.354166666666679 11.96577380952381 3.5000000000000004 10.500000000000002 3.5000000000000004 17.500000000000004 0.99619046236902453 0.99945175438596501 27.500000000000004 6.5000000000000009 42.500000000000007 26.980654761904766 4.5000000000000009 39.500000000000007 113.50000000000001 19.729166666666668 8.5000000000000018 169.50000000000003 10.35416666666667 1.0000000180025095e-35
decision_type=2 2 2 2 2 2 2 2 2 2 2 2 2 2 2 2 2 2 2 2 2 2 2 2 2 2 2 2 2 2
left_child=1 5 4 7 9 -1 8 16 10 17 -4 28 13 -6 -14 -11 29 24 -5 -13 22 -16 -8 -10 -2 -20 -15 -12 -9 -3
right_child=2 3 6 18 12 -7 20 11 23 15 27 19 14 26 21 -17 -18 -19 25 -21 -22 -23 -24 -25 -26 -27 -28 -29 -30 -31
leaf_value=-0.12370114339308186 -0.00020535822445796409 -0.085454574847152756 0.12564884977108909 -0.0055510879981761534 0.063395795139341002 -0.072420508557762095 0.14509951805565072 -0.048044911408406145 0.090243337284171249 0.040207403822160842 0.17658424174570769 -0.011661736321638271 0.024817968370704463 0.10621594054512372 0.06855791489269189 0.082926801940143402 -0.028729041586787015 0.052731173710366765 0.009930976730876848 0.059219269416536449 0.20761317253168043 0.15206505665694603 0.21365133401006464 0.13235216272664171 0.0419404747801633 0.04931681667467 0.15474147153163134 0.27768693547095025 -0.025355452170167561 -0.052263986134776723
leaf_weight=2928 777 285 309 1613 545 937 299 715 402 1903 189 598 281 482 508 326 890 361 671 108 472 67 100 383 247 299 162 31 1915 1437
leaf_count=2928 777 285 309 1613 545 937 299 715 402 1903 189 598 281 482 508 326 890 361 671 108 472 67 100 383 247 299 162 31 1915 1437
internal_value=-1.37017e-07 -0.0505092 0.0798202 -0.0229817 0.0522334 -0.111269 0.151268 -0.0350559 0.127684 0.0367417 0.152757 -0.0250257 0.079611 0.0932001 0.0607355 0.0464553 -0.0478663 0.0211088 0.00482211 -0.00081875 0.186847 0.0782883 0.16228 0.110788 0.00996068 0.0220716 0.118423 0.190831 -0.0315239 -0.0577572
internal_weight=20240 12396 7844 8531 5659 3865 2185 5948 1314 3614 529 3336 2045 1189 856 2229 2612 1385 2583 706 871 575 399 785 1024 970 644 220 2630 1722
internal_count=20240 12396 7844 8531 5659 3865 2185 5948 1314 3614 529 3336 2045 1189 856 2229 2612 1385 2583 706 871 575 399 785 1024 970 644 220 2630 1722
is_linear=0
shrinkage=0.05


Tree=34
num_leaves=31
num_cat=0
split_feature=0 0 0 0 0 0 29 31 31 16 32 31 45 16 31 7 36 31 39 0 10 45 42 31 28 37 37 7 31 25
split_gain=29486.5 6749.15 6327.92 1192.5 774.229 737.239 446.188 250.082 237.217 219.157 211.636 204.682 192.142 220.282 178.481 177.813 175.438 165.806 155.632 144.103 141.211 180.145 140.48 136.908 157.659 134.385 123.843 121.348 110.553 110.215
threshold=15.062500000000002 23.562500000000004 6.479166666666667 29.187500000000004 19.312500000000004 10.645833333333334 0.66732932025134029 6.5000000000000009 1.5000000000000002 -0.22252093395631442 6.5000000000000009 8.5000000000000018 16.500000000000004 -0.22252093395631442 2.5000000000000004 0.095704926374709801 3.785714285714286 1.5000000000000002 31.500000000000004 35.270833333333336 3.5000000000000004 15.500000000000002 135.57142857142858 2.5000000000000004 12.554861111111112 94.720833333333346 64.787500000000009 0.2950547957612536 12.500000000000002 2.6147601944498331
decision_type=2 2 2 2 2 2 2 2 2 2 2 2 2 2 2 2 2 2 2 2 2 2 2 2 2 2 2 2 2 2
left_child=2 4 6 9 8 17 -1 25 -2 14 23 20 18 -14 -3 -13 -11 -4 -10 -9 21 -6 -16 26 -25 29 -7 -12 -17 -5
right_child=1 3 5 7 11 10 -8 19 12 16 27 15 13 -15 22 28 -18 -19 -20 -21 -22 -23 -24 24 -26 -27 -28 -29 -30 -31
leaf_value=-0.12087853087749317 -0.024565439641158635 0.0044057289510965351 -0.061611793822908094 0.15284388143083324 0.04761121181973621 -0.061861244601136414 -0.080605929136746107 0.17086991968297999 0.014124377072407586 0.15485248488585057 0.0067146889359287728 0.061408694606417652 0.0062009385836954492 0.079377124750361142 0.071781699754387501 0.10682900582047745 0.10588830898090174 -0.038317862311439271 0.03691161508222153 0.21889164458558549 0.036479035160813453 0.091304999355488692 0.11610708212476983 -0.020875906548481454 0.0047270660836426712 0.16517345510066753 -0.023300500020227814 0.077971928563492846 0.20223311967112953 0.073040195687770329
leaf_weight=2541 235 65 1105 69 575 259 943 667 1968 256 236 260 149 332 415 194 641 2475 1210 204 732 400 314 1561 978 162 1062 80 36 116
leaf_count=2541 235 65 1105 69 575 259 943 667 1968 256 236 260 149 332 415 194 641 2475 1210 204 732 400 314 1561 978 162 1062 80 36 116
internal_value=-1.29941e-07 0.0674431 -0.0540027 0.130097 0.0375204 -0.0288585 -0.109978 0.167817 0.0241305 0.102927 -0.0145855 0.0612529 0.027258 0.0567092 0.0837952 0.0897377 0.119862 -0.0455077 0.0228004 0.182117 0.0530762 0.0655369 0.0908738 -0.0178061 -0.0110139 0.131922 -0.0308609 0.0247545 0.121762 0.102805
internal_weight=20240 9000 11240 2909 6091 7756 3484 1218 3894 1691 4176 2197 3659 481 794 490 897 3580 3178 871 1707 975 729 3860 2539 347 1321 316 230 185
internal_count=20240 9000 11240 2909 6091 7756 3484 1218 3894 1691 4176 2197 3659 481 794 490 897 3580 3178 871 1707 975 729 3860 2539 347 1321 316 230 185
is_linear=0
shrinkage=0.05


Tree=35
num_leaves=31
num_cat=1
split_feature=0 0 0 0 0 0 29 31 31 31 37 31 31 50 39 44 26 31 31 31 4 31 1 16 7 39 16 31 44 39
split_gain=26642.1 6378.78 5446.52 908.994 804.096 600.861 522.266 237.341 233.412 209.565 202.007 199.66 189.752 257.56 179.426 151.658 149.29 159.142 146.94 142.56 133.623 130.085 129.95 128.598 124.583 118.314 117.532 113.092 111.9 104.085
threshold=15.85416666666667 6.979166666666667 25.854166666666668 20.187500000000004 11.812500000000002 33.270833333333336 0.71480869369740763 2.5000000000000004 13.500000000000002 2.5000000000000004 87.887500000000017 6.5000000000000009 3.5000000000000004 0 33.500000000000007 1.0000000180025095e-35 11.96577380952381 5.5000000000000009 11.500000000000002 1.5000000000000002 0.81250000000000011 8.5000000000000018 19.812500000000004 -0.22252093395631442 0.0041076248313089989 24.500000000000004 -0.22252093395631442 1.0000000180025095e-35 5.5000000000000009 35.500000000000007
decision_type=2 2 2 2 2 2 2 2 2 2 2 2 2 1 2 2 2 2 2 2 2 2 2 2 2 2 2 2 2 2
left_child=1 6 3 14 9 8 -1 26 12 24 18 25 -4 -14 15 -2 -11 -18 -9 -8 -13 -12 -16 -24 -3 -6 -5 -26 29 -7
right_child=2 4 5 7 11 28 19 10 -10 16 21 20 13 -15 22 -17 17 -19 -20 -21 -22 -23 23 -25 27 -27 -28 -29 -30 -31
leaf_value=-0.11468981744422374 0.012744280083483923 -0.029447382608448841 0.071090850071601971 -0.032013380657642698 -0.019797968903413524 0.12457467622658479 -0.090567509758375242 0.059575555729963904 0.19582221721348012 -0.032200423438294511 0.088891564630159473 0.040200815575934107 0.17002542860513559 0.10541536450277277 0.030102225954435548 0.038895954141798396 -0.016880577380534778 0.052891563890484453 0.10835651579189164 -0.055335124232589475 -0.0073621639141140715 0.15347750027802715 0.032037869469185763 0.080774915061159983 -0.083041999264799479 0.0005597796197227081 0.049013883138430261 -0.048669385161415391 0.24136561169739693 0.18045871615448494
leaf_weight=2559 1638 690 211 78 1558 101 617 1434 95 1992 457 365 283 957 689 838 346 107 173 537 248 94 218 357 291 1317 105 1347 62 476
leaf_count=2559 1638 690 211 78 1558 101 617 1434 95 1992 457 365 283 957 689 838 346 107 173 537 248 94 218 357 291 1317 105 1347 62 476
internal_value=-1.23354e-07 -0.0476627 0.0690431 0.0447144 -0.0231965 0.136752 -0.102097 0.0691486 0.119895 -0.0365318 0.0737847 -0.00494854 0.114924 0.122382 0.0294201 0.0215953 -0.0263086 -0.000400182 0.064827 -0.0741725 0.0209584 0.0999099 0.0447479 0.0622972 -0.0472687 -0.0104723 0.0144777 -0.0547759 0.177535 0.170677
internal_weight=20240 11974 8266 6081 8261 2185 3713 2341 1546 4773 2158 3488 1451 1240 3740 2476 2445 453 1607 1154 613 551 1264 575 2328 2875 183 1638 639 577
internal_count=20240 11974 8266 6081 8261 2185 3713 2341 1546 4773 2158 3488 1451 1240 3740 2476 2445 453 1607 1154 613 551 1264 575 2328 2875 183 1638 639 577
cat_boundaries=0 1
cat_threshold=32
is_linear=0
shrinkage=0.05


Tree=36
num_leaves=31
num_cat=1
split_feature=0 0 1 0 0 0 31 31 37 10 31 6 31 1 42 31 37 7 31 7 31 28 50 20 31 1 37 31 31 37
split_gain=24095.2 6256.92 4538.16 1344.45 545.718 515.536 285.815 249.831 189.228 210.926 186.289 179.591 173.026 197.665 167.96 158.098 192.32 176.845 155.962 144.065 137.522 184.541 151.67 128.632 121.761 124.379 112.705 111.161 105.011 96.7316
threshold=13.60416666666667 21.937500000000004 8.8541666666666696 27.937500000000004 17.479166666666668 8.7708333333333339 10.500000000000002 3.5000000000000004 90.21250000000002 3.5000000000000004 2.5000000000000004 0.50993384454256951 2.5000000000000004 17.187500000000004 158.14285714285717 10.500000000000002 83.162500000000023 0.20950246104649337 1.0000000180025095e-35 0.0034782713898567912 2.5000000000000004 18.175694444444449 0 19.062500000000004 8.5000000000000018 20.166666666666668 86.062500000000014 8.5000000000000018 4.5000000000000009 88.162500000000009
decision_type=2 2 2 2 2 2 2 2 2 2 2 2 2 2 2 2 2 2 2 2 2 2 1 2 2 2 2 2 2 2
left_child=2 4 11 7 10 18 8 29 14 -10 -2 -1 19 -14 -5 16 -9 -17 -4 -7 22 -22 -6 -23 26 -26 -12 -15 -20 -3
right_child=1 3 5 6 20 12 -8 15 9 -11 24 -13 13 27 -16 17 -18 -19 28 -21 21 23 -24 -25 25 -27 -28 -29 -30 -31
leaf_value=-0.10868878936548526 -0.015900016751849728 0.013651522485275023 -0.08802174034284517 0.09170094943456665 -0.028771840400062504 -0.019733810070397644 0.17838443806532184 0.065002112639500009 0.19105062135216277 0.11738840244969735 0.0075042253755951251 -0.073184435854132299 -0.022312151267832495 0.0058512932720781148 0.14613436145925934 0.078494613943621519 0.1015881112570652 0.16405916309191124 -0.05307511311496943 -0.045925849818313658 0.030750115854897665 0.07884599334901965 0.035577666245120342 0.046804148616879565 0.026322980722957481 0.097104650367928536 0.039866424377031529 0.12310784872665646 -0.012609080946236684 0.068286486060616131
leaf_weight=2670 535 148 294 357 140 900 475 658 217 176 1778 411 2780 539 235 104 791 144 1346 1260 1449 428 229 1168 223 86 317 21 182 179
leaf_count=2670 535 148 294 357 140 900 475 658 217 176 1778 411 2780 539 235 104 791 144 1346 1260 1449 428 229 1168 223 86 317 21 182 179
internal_value=6.68732e-06 0.0561087 -0.053043 0.109957 0.0265783 -0.0316209 0.146527 0.0835767 0.131165 0.158062 0.0107842 -0.103953 -0.0239847 -0.0168529 0.113309 0.0912879 0.0849742 0.128177 -0.054672 -0.0350125 0.040175 0.0436684 0.0113477 0.0553968 0.0167226 0.0460227 0.012401 0.0102484 -0.0482552 0.0435587
internal_weight=20240 9837 10403 3484 6353 7322 1460 2024 985 393 2939 3081 5500 3340 592 1697 1449 248 1822 2160 3414 3045 369 1596 2404 309 2095 560 1528 327
internal_count=20240 9837 10403 3484 6353 7322 1460 2024 985 393 2939 3081 5500 3340 592 1697 1449 248 1822 2160 3414 3045 369 1596 2404 309 2095 560 1528 327
cat_boundaries=0 1
cat_threshold=197
is_linear=0
shrinkage=0.05


Tree=37
num_leaves=31
num_cat=0
split_feature=0 0 28 0 0 0 39 38 38 33 31 0 31 16 1 5 20 7 33 31 10 28 31 1 20 7 31 29 15 37
split_gain=21746.1 5656.21 4097.36 982.149 656.312 441.759 256.9 238.703 230.01 182.359 182.133 176.908 171.401 160.382 160.441 156.49 155.398 129.579 123.262 121.235 121.147 117.015 114.995 124.773 114.073 108.539 105.034 104.564 134.973 99.9486
threshold=13.60416666666667 23.104166666666668 6.6104166666666666 28.270833333333339 18.395833333333339 9.9375000000000018 38.500000000000007 79.500000000000014 84.500000000000014 3.5000000000000004 8.5000000000000018 1.5625000000000002 1.0000000180025095e-35 -0.22252093395631442 37.270833333333336 0.97916666666666685 22.437500000000004 0.095704926374709801 1.0000000180025095e-35 12.500000000000002 3.5000000000000004 25.220833333333335 1.5000000000000002 17.687500000000004 27.729166666666668 0.0020060200722730741 5.5000000000000009 4.0714114104069283 -0.8783796973249266 100.72500000000001
decision_type=2 2 2 2 2 2 2 2 2 2 2 2 2 2 2 2 2 2 2 2 2 2 2 2 2 2 2 2 2 2
left_child=2 4 11 8 7 12 9 25 24 29 13 -1 -4 15 -15 -6 -10 -12 -8 -19 -11 -18 -7 -24 -3 -2 -14 -9 -29 -5
right_child=1 3 5 6 10 22 18 27 16 20 17 -13 26 14 -16 -17 21 19 -20 -21 -22 -23 23 -25 -26 -27 -28 28 -30 -31
leaf_value=-0.10381068076911847 0.021660261630274232 0.055308428008316292 -0.07516673987539238 0.087199738005595551 0.0088182244250553515 -0.036591582530402587 0.1434509170962133 0.021503039073680216 0.12918880878999636 0.17949128281394605 0.051261387964667275 -0.074306786336984385 -0.042075797870654491 0.04468007226520939 0.092839500129244523 0.056115212756051781 0.071360782367312997 0.087104549647925134 0.18325967008618149 0.18559046212483099 0.079361135665422841 0.10243699353153134 -0.019503989557352028 0.0054069942595035871 -0.03369574699635533 -0.0074638174629819533 -0.0028637710470156594 -0.038340887670229015 0.063066130764702147 0.1838789995053205
leaf_weight=2526 445 198 383 342 526 751 503 2468 233 134 258 636 2557 884 215 262 707 201 317 37 39 530 2752 615 44 1138 183 37 290 29
leaf_count=2526 445 198 383 342 526 751 503 2468 233 134 258 636 2557 884 215 262 707 201 317 37 39 530 2752 615 44 1138 183 37 290 29
internal_value=6.52071e-06 0.0533036 -0.0503908 0.109514 0.0277302 -0.0296548 0.141166 0.0162369 0.0842951 0.114525 0.0488454 -0.0978763 -0.0438363 0.0417585 0.0541016 0.0245439 0.0917311 0.0758071 0.15884 0.102415 0.156919 0.0846756 -0.0188999 -0.0149539 0.0391259 0.000723305 -0.0394569 0.0250233 0.0515919 0.0947569
internal_weight=20240 9837 10403 3076 6761 7241 1364 4378 1712 544 2383 3162 3123 1887 1099 788 1470 496 820 238 173 1237 4118 3367 242 1583 2740 2795 327 371
internal_count=20240 9837 10403 3076 6761 7241 1364 4378 1712 544 2383 3162 3123 1887 1099 788 1470 496 820 238 173 1237 4118 3367 242 1583 2740 2795 327 371
is_linear=0
shrinkage=0.05


Tree=38
num_leaves=31
num_cat=0
split_feature=1 28 1 31 1 31 31 31 37 5 26 1 31 34 6 37 7 31 39 1 5 6 31 31 32 18 4 1 31 15
split_gain=19093.8 4237.46 3948.17 1164.49 618.382 550.154 500.771 499.226 432.918 359.464 273.024 245.718 231.758 217.842 200.806 197.14 195.578 162.911 159.984 152.489 149.662 145.79 132.813 118.652 115.786 113.155 98.7391 85.0075 78.7994 97.1551
threshold=17.187500000000004 25.469444444444449 8.8541666666666696 6.5000000000000009 27.520833333333339 8.5000000000000018 2.5000000000000004 2.5000000000000004 81.612500000000011 0.97916666666666685 32.218750000000007 12.35416666666667 13.500000000000002 6.5000000000000009 0.99945175438596501 86.062500000000014 0.0020060200722730741 3.5000000000000004 20.500000000000004 35.937500000000007 1.0000000180025095e-35 0.50993384454256951 5.5000000000000009 1.0000000180025095e-35 13.500000000000002 -0.5 0.60416666666666685 20.166666666666668 13.500000000000002 1.0000000180025095e-35
decision_type=2 2 2 2 2 2 2 2 2 2 2 2 2 2 2 2 2 2 2 2 2 2 2 2 2 2 2 2 2 2
left_child=2 3 21 6 27 10 14 9 16 23 15 -9 20 -10 25 22 -8 -17 26 24 -6 -1 -3 -4 -7 -2 -13 -5 29 -21
right_child=1 5 7 4 12 19 8 11 13 -11 -12 18 -14 -15 -16 17 -18 -19 -20 28 -22 -23 -24 -25 -26 -27 -28 -29 -30 -31
leaf_value=-0.098148595699935823 -0.029826619632972892 0.020410585465433544 -0.079516615530462395 0.028830780898798494 0.071684164097430988 0.11000906957900823 0.039975280836888234 -0.027476986345202088 0.038496609614887274 -0.020186929700852393 0.14018916957415642 -0.02935240942085008 0.19545777377729515 0.082927650005913789 0.054869261913393676 0.063831803731315237 0.0049929063114147586 0.12391047817698429 0.0098071874025568353 0.12926503475565387 0.11236152323076803 -0.066159431348665823 0.077939092508451435 -0.048837552429860577 0.16545612243935467 0.0023528825642311867 0.001659594801420003 0.052055573955857505 0.2139495259449806 0.18591545256189046
leaf_weight=2670 587 160 394 790 733 306 535 2220 1250 1192 250 665 49 354 114 174 1578 321 1081 147 327 411 269 1575 136 511 418 786 81 156
leaf_count=2670 587 160 394 790 733 306 535 2220 1250 1192 250 665 49 354 114 174 1578 321 1081 147 327 411 269 1575 136 511 418 786 81 156
internal_value=6.19482e-06 0.0510618 -0.046187 0.0340489 0.0605423 0.11583 0.0196169 -0.026711 0.0287174 -0.0418575 0.0938336 -0.0157899 0.0891471 0.0483025 -0.00829274 0.0812915 0.0138503 0.102792 -0.0038004 0.147094 0.0842327 -0.0938813 0.0564832 -0.0549765 0.12707 -0.0148505 -0.0173829 0.0404137 0.170142 0.158432
internal_weight=20240 9614 10626 7614 2685 2000 4929 7545 3717 3161 1174 4384 1109 1604 1212 924 2113 495 2164 826 1060 3081 429 1969 442 1098 1083 1576 384 303
internal_count=20240 9614 10626 7614 2685 2000 4929 7545 3717 3161 1174 4384 1109 1604 1212 924 2113 495 2164 826 1060 3081 429 1969 442 1098 1083 1576 384 303
is_linear=0
shrinkage=0.05


Tree=39
num_leaves=31
num_cat=0
split_feature=0 0 0 0 0 1 0 16 1 31 31 38 31 5 16 1 1 20 0 32 45 16 7 20 31 45 41 31 44 38
split_gain=17817.7 4536.5 3456.41 637.842 626.162 393.479 330.406 195.712 200.9 173.948 168.667 159.042 158.571 162.373 149.097 166.321 139.743 123.337 134.829 120.991 118.554 214.481 110.313 108.773 99.943 99.0887 97.7944 95.38 91.3964 94.9728
threshold=16.020833333333339 7.2708333333333348 26.812500000000004 20.729166666666668 12.770833333333334 8.8541666666666696 33.270833333333336 -0.22252093395631442 34.854166666666679 1.5000000000000002 2.5000000000000004 95.500000000000014 7.5000000000000009 0.56250000000000011 -0.22252093395631442 35.937500000000007 10.35416666666667 20.312500000000004 19.145833333333339 6.5000000000000009 11.500000000000002 -0.22252093395631442 0.0034782713898567912 25.145833333333339 4.5000000000000009 28.500000000000004 60.500000000000007 2.5000000000000004 5.5000000000000009 110.50000000000001
decision_type=2 2 2 2 2 2 2 2 2 2 2 2 2 2 2 2 2 2 2 2 2 2 2 2 2 2 2 2 2 2
left_child=1 5 3 12 9 -1 14 10 25 22 -5 -10 17 -14 24 -16 -11 18 -2 -18 27 -22 -3 -17 -4 -9 -19 -6 29 -8
right_child=2 4 6 7 20 -7 28 8 11 16 -12 -13 13 -15 15 23 19 26 -20 -21 21 -23 -24 -25 -26 -27 -28 -29 -30 -31
leaf_value=-0.091275098321601855 0.019916003115446685 -0.020831068703358012 0.048432914261426124 -0.023405643258901206 -0.020916297923908589 -0.05404877577397204 0.09020327920048142 0.051899427682485261 0.061346035221087863 -0.036541718275258199 0.050222757303133851 0.12416722221062942 0.07417359542969193 0.029386713538012824 0.096881053588233831 0.20878815013786844 -0.018342480745016539 -0.094401406041449976 0.050853823452497442 0.023991357372403984 -0.024885455156297628 0.05744471863571865 -0.050918872956682217 0.13223348765596743 0.096009067727987896 0.096798791112126525 0.0035392456431105573 0.004605806211442267 0.2042858642435843 0.1485980726847981
leaf_weight=2928 1814 448 143 85 462 937 81 724 159 1112 916 275 315 566 367 58 3258 27 437 178 118 240 952 232 484 148 455 1763 62 496
leaf_count=2928 1814 448 143 85 462 937 81 724 159 1112 916 275 315 566 367 58 3258 27 437 178 118 240 952 232 484 148 455 1763 62 496
internal_value=5.88513e-06 -0.0373121 0.0589801 0.0400652 -0.0169527 -0.0822502 0.11722 0.0606051 0.0733548 -0.0258794 0.0439706 0.101152 0.0269535 0.0454002 0.102599 0.119244 -0.0211354 0.0210071 0.0259221 -0.0161494 0.00360316 0.030308 -0.0412908 0.147544 0.0851584 0.05952 -0.00194706 -0.000693615 0.146599 0.140401
internal_weight=20240 12396 7844 5921 8531 3865 1923 2307 1306 5948 1001 434 3614 881 1284 657 4548 2733 2251 3436 2583 358 1400 290 627 872 482 2225 639 577
internal_count=20240 12396 7844 5921 8531 3865 1923 2307 1306 5948 1001 434 3614 881 1284 657 4548 2733 2251 3436 2583 358 1400 290 627 872 482 2225 639 577
is_linear=0
shrinkage=0.05


Tree=40
num_leaves=31
num_cat=0
split_feature=0 0 0 0 0 0 0 39 10 45 31 1 31 7 23 20 45 0 1 39 31 37 1 20 4 5 20 7 31 44
split_gain=16080.5 4094.19 3119.41 575.652 565.111 356.987 298.191 188.311 162.897 181.273 160.369 192.152 146.759 152.3 144.24 144.412 132.253 118.562 117.323 114.401 109.878 109.504 93.9273 93.036 90.5756 88.345 84.1298 89.0381 83.6715 82.4852
threshold=16.020833333333339 7.2708333333333348 26.812500000000004 20.729166666666668 12.770833333333334 3.8125000000000004 33.270833333333336 38.500000000000007 3.5000000000000004 20.500000000000004 5.5000000000000009 12.895833333333334 4.5000000000000009 0.0020060200722730741 34.937500000000007 25.145833333333339 17.500000000000004 9.6458333333333339 31.937500000000004 27.500000000000004 15.500000000000002 57.01250000000001 19.729166666666668 12.937500000000002 0.10416666666666667 0.93750000000000011 13.60416666666667 0.0023995209594629978 3.5000000000000004 5.5000000000000009
decision_type=2 2 2 2 2 2 2 2 2 2 2 2 2 2 2 2 2 2 2 2 2 2 2 2 2 2 2 2 2 2
left_child=1 5 3 12 10 -1 14 8 9 -5 17 -12 13 -2 15 -4 -14 -3 -9 26 -17 -15 -21 -19 -20 -10 -6 -28 -7 -8
right_child=2 4 6 7 19 28 29 18 25 -11 11 -13 16 21 -16 20 -18 23 24 22 -22 -23 -24 -25 -26 -27 27 -29 -30 -31
leaf_value=-0.087899096596772613 0.040748421706316013 -0.038569665731371272 0.13392794158150043 0.043561135279218989 0.011225931260000486 -0.060033400448212121 0.13338050903039025 0.061910781952583663 0.014859149142685388 0.091218811219813858 -0.02353542441548569 0.028679080418535147 0.028507235371283197 -0.044887179453100001 0.14942429335710924 0.081698009752686554 0.062973987755324243 -0.019760616314757562 0.092582053463842906 0.006606063968557287 0.17887417356173196 0.0085641211816622608 0.040300251900204413 -0.046957263985200441 0.19358974316467842 0.06154710251298226 0.011909980487975258 -0.021312283516664018 -0.021106014758209637 0.19407157172118464
leaf_weight=2736 361 1687 175 577 546 968 577 538 436 305 442 293 1903 107 121 958 326 3177 295 671 30 917 299 349 24 132 270 797 161 62
leaf_count=2736 361 1687 175 577 546 968 577 538 436 305 442 293 1903 107 121 958 326 3177 295 671 30 917 299 349 24 132 270 797 161 62
internal_value=5.59097e-06 -0.0354465 0.0560311 0.0380619 -0.0161051 -0.0781377 0.111359 0.0575749 0.0465926 0.0600414 -0.0245855 -0.00272066 0.0256058 0.0128235 0.0974694 0.0920639 0.0335481 -0.0276683 0.0761562 0.003423 0.0846487 0.00297888 0.0169922 -0.0224525 0.100181 0.0257092 -0.00473703 -0.0129055 -0.0544822 0.139269
internal_weight=20240 12396 7844 5921 8531 3865 1923 2307 1450 882 5948 735 3614 1385 1284 1163 2229 5213 857 2583 988 1024 970 3526 319 568 1613 1067 1129 639
internal_count=20240 12396 7844 5921 8531 3865 1923 2307 1450 882 5948 735 3614 1385 1284 1163 2229 5213 857 2583 988 1024 970 3526 319 568 1613 1067 1129 639
is_linear=0
shrinkage=0.05


Tree=41
num_leaves=31
num_cat=2
split_feature=0 0 0 0 0 1 0 20 31 1 31 1 39 39 20 0 16 31 50 7 39 16 39 50 16 45 25 20 0 45
split_gain=14523.3 3908.24 2608.52 591.078 454.927 362.669 269.118 213.118 152.158 154.743 149.852 150.474 148.262 146.757 134.489 146.756 126.391 125.222 121.662 113.477 112.538 109.323 104.271 101.669 96.9468 119.228 94.5897 88.9648 78.0546 77.4818
threshold=16.770833333333339 7.4375000000000009 26.812500000000004 12.770833333333334 21.729166666666668 8.8541666666666696 33.270833333333336 21.937500000000004 3.5000000000000004 12.35416666666667 2.5000000000000004 57.520833333333336 46.500000000000007 24.500000000000004 31.770833333333339 30.229166666666668 -0.22252093395631442 6.5000000000000009 0 0.0034782713898567912 36.500000000000007 -0.22252093395631442 25.500000000000004 1 1.0000000180025095e-35 5.5000000000000009 5.1508089939629746 16.270833333333339 37.270833333333336 14.500000000000002
decision_type=2 2 2 2 2 2 2 2 2 2 2 2 2 2 2 2 2 2 1 2 2 2 2 1 2 2 2 2 2 2
left_child=1 5 4 8 10 -1 14 22 19 -10 18 20 16 27 15 21 -9 -11 -2 -3 -12 -4 -6 -21 -15 -26 -16 29 -8 -5
right_child=2 3 6 13 7 -7 28 12 9 17 11 -13 -14 24 26 -17 -18 -19 -20 23 -22 -23 -24 -25 25 -27 -28 -29 -30 -31
leaf_value=-0.082406309078981319 0.018246334021802927 -0.017622277012716198 0.07039343549186404 -0.0040394740026116508 0.048452918823206369 -0.047699376432921527 0.12279589020734008 0.021389842603503812 -0.0233030570836514 -0.0050638939718645028 0.024495526496691292 0.10963614658422527 0.083500888114865918 0.0030714775635214361 0.073341438268438322 0.1331970422932108 0.057737384726673738 0.044236224185221516 -0.037098987317967715 -0.0117158526619688 0.043827415807434773 0.10822931999555574 0.10790978516331169 -0.040494461918111319 0.013139588303085301 0.055361969484292506 -0.01024528903886676 -0.03236836022697389 0.16441758845562804 0.050873544533490481
leaf_weight=2946 326 1346 374 1161 99 1011 493 440 1309 697 2228 62 263 777 220 260 524 158 131 398 1137 390 289 1948 459 263 40 277 146 68
leaf_count=2946 326 1346 374 1161 99 1011 493 440 1309 697 2228 62 263 777 220 260 524 158 131 398 1137 390 289 1948 459 263 40 277 146 68
internal_value=5.31128e-06 -0.0322237 0.0556657 -0.0137739 0.0381368 -0.0735388 0.105791 0.0604393 -0.0230245 -0.0124972 0.0288633 0.0324497 0.0502255 0.00425336 0.0925959 0.10075 0.0411472 0.00404654 0.00196895 -0.029195 0.0310276 0.0897076 0.0927391 -0.0358347 0.0153288 0.0285198 0.0604819 -0.00677056 0.132306 -0.00100116
internal_weight=20240 12818 7422 8861 5499 3957 1923 1615 5856 2164 3884 3427 1227 3005 1284 1024 964 855 457 3692 3365 764 388 2346 1499 722 260 1506 639 1229
internal_count=20240 12818 7422 8861 5499 3957 1923 1615 5856 2164 3884 3427 1227 3005 1284 1024 964 855 457 3692 3365 764 388 2346 1499 722 260 1506 639 1229
cat_boundaries=0 1 2
cat_threshold=184 32
is_linear=0
shrinkage=0.05


Tree=42
num_leaves=31
num_cat=1
split_feature=0 1 0 0 0 0 7 10 45 16 32 1 39 32 26 1 39 32 20 1 45 1 16 50 39 44 20 21 7 32
split_gain=13122.3 2942.44 2928.19 517.449 406.963 333.831 196.555 154.415 280.938 141.107 137.624 129.594 129.528 129.32 162.831 124.974 124.487 123.357 122.081 115.311 102.605 96.7235 111.003 96.2621 92.5326 91.3322 81.5655 90.4496 78.1306 77.3199
threshold=15.47916666666667 8.9791666666666696 25.604166666666668 19.687500000000004 10.645833333333334 31.062500000000004 0.49130216754134942 3.5000000000000004 20.500000000000004 -0.22252093395631442 6.5000000000000009 37.562500000000007 36.500000000000007 3.5000000000000004 26.980654761904766 19.812500000000004 42.500000000000007 1.5000000000000002 18.395833333333339 35.937500000000007 15.500000000000002 17.979166666666668 -0.22252093395631442 0 58.500000000000007 4.5000000000000009 28.270833333333339 37.187500000000007 0.15441727665578978 5.5000000000000009
decision_type=2 2 2 2 2 2 2 2 2 2 2 2 2 2 2 2 2 2 2 2 2 2 2 1 2 2 2 2 2 2
left_child=1 6 3 12 17 9 -1 8 -5 26 21 -10 18 23 -15 -14 25 -3 20 -11 -2 -6 -23 -9 -21 -7 -4 -28 -18 -17
right_child=2 4 5 7 10 16 -8 13 11 19 -12 -13 15 14 -16 29 28 -19 -20 24 -22 22 -24 -25 -26 -27 27 -29 -30 -31
leaf_value=-0.050770468007361229 0.013569176772264708 -0.041885911458731072 0.075555147460201783 0.042358193619352336 -0.014574244537489296 0.085865858050593796 -0.080043527431839845 0.038444866862393429 0.072922585099533685 0.078293893034995066 0.021331169300077418 0.13256597674391685 0.019028499331135238 0.037194520630626421 0.12014287773233195 0.0364058991427312 0.13093750810177276 -0.023201888476513301 -0.0096928143481745388 0.11098157021476107 0.048452779197165924 -0.020562913571214703 0.020360628670921713 -0.010555525441179235 0.21181615310907365 0.13897968017392689 0.027480959430823678 0.13658695080805391 0.21423395415147148 0.083267726061435843
leaf_weight=728 2126 1514 415 1082 3384 323 2701 157 343 408 357 124 562 659 65 202 457 2121 522 253 234 259 460 245 25 108 199 21 30 156
leaf_count=728 2126 1514 415 1082 3384 323 2701 157 343 408 357 124 562 659 65 202 457 2121 522 253 234 259 460 245 25 108 199 21 30 156
internal_value=3.29015e-06 -0.0350094 0.0462959 0.0292567 -0.0185658 0.0955873 -0.0738287 0.0461052 0.0563474 0.0794929 -0.00844483 0.0887594 0.0174025 0.0320152 0.0446415 0.0337367 0.118747 -0.0309839 0.0121882 0.0952152 0.017028 -0.0110356 0.00561905 0.00927521 0.120049 0.0991751 0.0625078 0.0378956 0.136069 0.0568261
internal_weight=20240 11524 8716 6477 8095 2239 3429 2675 1549 1321 4460 467 3802 1126 724 920 918 3635 2882 686 2360 4103 719 402 278 431 635 220 487 358
internal_count=20240 11524 8716 6477 8095 2239 3429 2675 1549 1321 4460 467 3802 1126 724 920 918 3635 2882 686 2360 4103 719 402 278 431 635 220 487 358
cat_boundaries=0 1
cat_threshold=32
is_linear=0
shrinkage=0.05


Tree=43
num_leaves=31
num_cat=2
split_feature=0 0 0 0 0 28 31 20 0 39 15 36 31 39 31 6 20 1 50 39 50 7 32 1 39 20 1 31 1 45
split_gain=11866.2 3200.14 2129.61 478.218 373.104 292.977 238.098 190.854 159.141 146.627 130.358 207.889 128.478 126.264 125.046 133.981 122.597 112.998 109.511 92.0433 88.6038 87.3284 86.1807 84.5405 83.0392 81.4664 73.3979 97.3558 67.9731 67.1002
threshold=16.770833333333339 7.4375000000000009 26.812500000000004 12.770833333333334 21.937500000000004 5.2055555555555566 12.500000000000002 22.437500000000004 36.104166666666679 46.500000000000007 0.6078576107927941 3.6428571428571437 1.5000000000000002 24.500000000000004 2.5000000000000004 0.36226191958172543 37.270833333333336 17.812500000000004 0 36.500000000000007 1 0.0034782713898567912 1.0000000180025095e-35 35.937500000000007 25.500000000000004 16.270833333333339 19.729166666666668 9.5000000000000018 10.35416666666667 14.500000000000002
decision_type=2 2 2 2 2 2 2 2 2 2 2 2 2 2 2 2 2 2 1 2 1 2 2 2 2 2 2 2 2 2
left_child=1 5 4 12 14 -1 8 24 10 20 16 -12 21 25 18 -16 -4 28 -2 -17 -9 -3 -7 -8 -6 29 -15 -28 -14 -5
right_child=2 3 6 13 7 22 23 9 -10 -11 11 -13 17 26 15 19 -18 -19 -20 -21 -22 -23 -24 -25 -26 -27 27 -29 -30 -31
leaf_value=-0.075580923602623987 0.017166102109203007 -0.016093834258936113 0.075507697008630512 -0.0037499950879871023 0.045367140172604931 -0.069057142265974938 0.11406776653800875 0.069350156471534058 0.13402504687292313 0.078955495255662422 0.16354505827307309 0.084441338943962774 -0.030204059370141825 0.0062627958780897691 0.10623921673063055 0.022396873103775791 -0.038851104505981011 0.0054877028238557862 -0.035120512037472407 0.039726415144322187 0.025951320462619377 -0.043027179019328621 -0.03838808429543733 0.16687300574826444 0.094624384265642833 -0.030938758009990897 0.023959306803612062 0.11412217660108581 -0.015518280745461206 0.047351924598436151
leaf_weight=2740 330 448 997 1161 114 306 188 148 167 235 114 306 1082 1002 56 2261 24 510 132 1159 721 917 911 127 343 277 465 32 2899 68
leaf_count=2740 330 448 997 1161 114 306 188 148 167 235 114 306 1082 1002 56 2261 24 510 132 1159 721 917 911 127 343 277 465 32 2899 68
internal_value=3.81466e-06 -0.0291282 0.0503157 -0.0124333 0.0344774 -0.0665137 0.0956067 0.0551635 0.0878197 0.0439151 0.0824649 0.105912 -0.020754 0.00378185 0.0262776 0.0295258 0.0728195 -0.016671 0.00183845 0.0282697 0.0344393 -0.0341875 -0.0460994 0.135357 0.082337 -0.00644346 0.0140549 0.0297646 -0.0195097 -0.00092255
internal_weight=20240 12818 7422 8861 5499 3957 1923 1561 1608 1104 1441 420 5856 3005 3938 3476 1021 4491 462 3420 869 1365 1217 315 457 1506 1499 497 3981 1229
internal_count=20240 12818 7422 8861 5499 3957 1923 1561 1608 1104 1441 420 5856 3005 3938 3476 1021 4491 462 3420 869 1365 1217 315 457 1506 1499 497 3981 1229
cat_boundaries=0 1 2
cat_threshold=184 32
is_linear=0
shrinkage=0.05


Tree=44
num_leaves=31
num_cat=1
split_feature=0 0 0 0 0 27 31 20 0 16 23 31 31 4 6 6 39 31 28 31 31 50 35 31 16 39 45 20 20 31
split_gain=10710.7 2888.4 1921.51 444.253 337.532 241.633 215.591 171.838 164.723 136.475 122.875 121.019 114.648 160.317 117.592 116.208 114.42 101.072 93.9181 89.9293 88.3828 85.9916 84.3161 81.8656 77.2869 74.9428 73.1393 70.8599 69.9152 79.538
threshold=16.770833333333339 7.2708333333333348 26.812500000000004 12.770833333333334 21.937500000000004 0.55637005828202046 13.500000000000002 22.437500000000004 35.270833333333336 1.0000000180025095e-35 35.145833333333336 1.5000000000000002 6.5000000000000009 0.77083333333333337 0.36226191958172543 0.99945175438596501 27.500000000000004 2.5000000000000004 10.786111111111113 5.5000000000000009 1.0000000180025095e-35 0 5.5000000000000009 12.500000000000002 -0.22252093395631442 25.500000000000004 1.0000000180025095e-35 16.395833333333339 13.60416666666667 1.5000000000000002
decision_type=2 2 2 2 2 2 2 2 2 2 2 2 2 2 2 2 2 2 2 2 2 1 2 2 2 2 2 2 2 2
left_child=1 5 4 11 12 -1 8 25 10 17 19 21 14 23 -2 -16 28 -9 -13 -4 -7 -3 -11 -14 -12 -6 -8 -20 -5 -30
right_child=2 3 6 16 7 20 26 9 -10 22 24 18 13 -15 15 -17 -18 -19 27 -21 -22 -23 -24 -25 -26 -27 -28 -29 29 -31
leaf_value=-0.072893024054932698 0.079309418410258861 -0.027805326343703279 0.05446442452094824 0.01051805954672568 0.043098784223394963 -0.070467398757852948 0.11381314409119513 -0.030610916548518136 0.12483638796351247 0.10974352008934263 0.091007878552650065 -0.022870174421314157 0.053170080589050567 0.024020031870375238 0.0079063899986812521 0.031393255764116106 0.015888759646204297 0.0338098464444875 -0.0075018539672021683 0.082662983313812444 -0.039691601104930176 -0.068710549913768501 0.052907444055626786 0.1382323748866717 0.16956788318098659 0.089893165504581596 0.17186425066228664 -0.092171591460704805 -0.042568567158212091 -0.005750414860627843
leaf_weight=2527 76 1251 404 564 114 301 139 68 222 79 71 2388 495 1019 1509 809 1161 582 2135 942 1037 149 375 30 56 343 89 25 169 1111
leaf_count=2527 76 1251 404 564 114 301 139 68 222 79 71 2388 495 1019 1509 809 1161 582 2135 942 1037 149 375 30 56 343 89 25 169 1111
internal_value=5.53469e-06 -0.0276718 0.0478051 -0.0120771 0.0327606 -0.063796 0.0908264 0.0524359 0.0846863 0.0417625 0.0786351 -0.0199936 0.0249614 0.0355846 0.01811 0.0161035 0.00359276 0.0270704 -0.0160367 0.0741992 -0.046615 -0.0328482 0.0627974 0.0580308 0.125649 0.0782202 0.136473 -0.00848183 -0.00414892 -0.0106116
internal_weight=20240 12818 7422 8953 5499 3865 1923 1561 1695 1104 1473 5948 3938 1544 2394 2318 3005 650 4548 1346 1338 1400 454 525 127 457 228 2160 1844 1280
internal_count=20240 12818 7422 8953 5499 3865 1923 1561 1695 1104 1473 5948 3938 1544 2394 2318 3005 650 4548 1346 1338 1400 454 525 127 457 228 2160 1844 1280
cat_boundaries=0 1
cat_threshold=240
is_linear=0
shrinkage=0.05


Tree=45
num_leaves=31
num_cat=1
split_feature=0 1 0 0 31 0 1 0 31 15 45 1 7 10 29 50 31 45 42 27 45 20 1 31 20 36 38 45 16 10
split_gain=9680.35 2187.69 2170.41 423.756 342.954 244.404 209.077 160.503 160.014 156.066 151.292 188.337 138.134 134.531 133.928 132.251 123.126 122.56 116.119 114.081 105.383 103.925 132.547 102.204 95.2658 92.0077 91.3679 87.9714 85.0602 79.5119
threshold=15.47916666666667 8.9791666666666696 23.562500000000004 29.187500000000004 3.5000000000000004 18.395833333333339 12.35416666666667 9.8125000000000018 8.5000000000000018 -0.8783796973249266 20.500000000000004 37.562500000000007 0.49130216754134942 3.5000000000000004 3.5613009379598837 0 6.5000000000000009 12.500000000000002 136.07142857142858 3.3518693874237635 16.500000000000004 18.395833333333339 19.770833333333339 9.5000000000000018 28.270833333333339 4.6428571428571432 92.500000000000014 5.5000000000000009 -0.22252093395631442 3.5000000000000004
decision_type=2 2 2 2 2 2 2 2 2 2 2 2 2 2 2 1 2 2 2 2 2 2 2 2 2 2 2 2 2 2
left_child=1 12 5 13 7 21 -6 -3 27 14 -11 -12 -1 17 -7 -9 25 -4 24 -19 26 22 -2 -24 -15 28 -18 -8 -5 -22
right_child=2 4 3 16 6 9 8 15 -10 10 11 -13 -14 18 -16 -17 20 19 -20 -21 29 -23 23 -25 -26 -27 -28 -29 -30 -31
leaf_value=-0.044211761367114383 0.01085386083364487 -0.035844734926861514 0.045658713756785846 0.067392195003678851 -0.018543151659004997 0.031340873923688901 -0.0033564313616724784 -0.011278236646712639 0.059284517594042109 0.030782036360162392 0.044542381851651998 0.11083726102720735 -0.068751828459697309 0.039395113438026756 -0.029354917004127946 -0.036606568249236457 -0.0056778270972981347 0.059128300761525976 0.065398647597226328 0.10203868180617426 0.15607714887708427 -0.012795153657113598 0.031040178313022717 0.10457828163814087 -0.01542567749736163 0.038845345627718658 0.10038993206785177 0.021968806380906133 0.13156771225233874 0.094507401775664246
leaf_weight=728 2340 1863 312 134 1336 198 1322 2306 137 1597 446 141 2701 314 168 668 21 268 324 367 160 348 517 52 106 129 612 463 84 78
leaf_count=728 2340 1863 312 134 1336 198 1322 2306 137 1597 446 141 2701 314 168 668 21 268 324 367 160 348 517 52 106 129 612 463 84 78
internal_value=2.87365e-06 -0.0300695 0.0397635 0.0750158 -0.0158908 0.022104 -0.00335093 -0.0243371 0.00720933 0.0336968 0.0387605 0.0604667 -0.0635418 0.0588198 0.00348051 -0.0171283 0.0975013 0.0713201 0.0429087 0.0839285 0.107535 0.0130277 0.0161168 0.0377607 0.0255594 0.072315 0.0968711 0.00321252 0.0921204 0.135899
internal_weight=20240 11524 8716 2909 8095 5807 3258 4837 1922 2550 2184 587 3429 1691 366 2974 1218 947 744 635 871 3257 2909 569 420 347 633 1785 218 238
internal_count=20240 11524 8716 2909 8095 5807 3258 4837 1922 2550 2184 587 3429 1691 366 2974 1218 947 744 635 871 3257 2909 569 420 347 633 1785 218 238
cat_boundaries=0 1
cat_threshold=240
is_linear=0
shrinkage=0.05


Tree=46
num_leaves=31
num_cat=1
split_feature=0 0 0 0 0 28 31 20 0 39 16 45 16 23 31 4 31 6 2 50 31 6 37 20 39 31 38 31 32 37
split_gain=8757.71 2438.95 1497.34 364.041 249.34 244.116 187.33 158.795 139.856 117.875 112.183 144.753 108.36 126.054 102.249 144.243 95.1891 105.943 95.1622 91.0069 87.5183 86.2393 83.3581 80.6421 78.3349 77.9691 77.7336 77.2507 74.2879 69.1912
threshold=17.020833333333339 7.6875000000000009 26.812500000000004 12.770833333333334 21.729166666666668 5.2055555555555566 13.500000000000002 21.937500000000004 35.270833333333336 43.500000000000007 1.0000000180025095e-35 11.500000000000002 -0.22252093395631442 35.145833333333336 4.5000000000000009 0.68750000000000011 2.5000000000000004 0.36226191958172543 36.500000000000007 0 2.5000000000000004 0.99945175438596501 63.112500000000004 18.395833333333339 25.500000000000004 8.5000000000000018 112.50000000000001 1.0000000180025095e-35 6.5000000000000009 94.387500000000017
decision_type=2 2 2 2 2 2 2 2 2 2 2 2 2 2 2 2 2 2 2 1 2 2 2 2 2 2 2 2 2 2
left_child=1 5 4 14 16 -1 8 24 12 19 23 -12 20 -14 22 25 21 -18 -8 -9 -4 29 -3 -5 -6 -16 -19 -7 -13 -2
right_child=2 3 6 10 7 27 18 9 -10 -11 11 28 13 -15 15 -17 17 26 -20 -21 -22 -23 -24 -25 -26 -27 -28 -29 -30 -31
leaf_value=-0.064870172238748067 -0.028399121987515902 -0.036589223897854732 -0.0043877916479552236 -0.0022845061624606404 0.036388543865295372 -0.06307180200473228 0.10020365438841541 0.06216181184567468 0.11336494339210493 0.063261028194042807 0.0060319956931065904 0.038617779113958348 0.07819568884357278 0.15614237976925716 0.0088653953137852529 -0.020468891486505231 0.094377426660087499 0.017985485324437819 0.16733829324324448 0.020101466799119061 0.061818585220025861 0.039127591094044852 -0.017945112190826604 -0.051100357841658464 0.087922901193575875 0.089115247945301235 0.03373390057957807 -0.033068847878462544 0.13846154641360045 0.02269062838992492
leaf_weight=2748 214 715 54 1712 99 267 145 159 222 337 1149 272 703 56 559 688 56 1759 83 731 660 109 3712 89 289 32 1413 1092 20 96
leaf_count=2748 214 715 54 1712 99 267 145 159 222 337 1149 272 703 56 559 688 56 1759 83 731 660 109 3712 89 289 32 1413 1092 20 96
internal_value=1.54701e-06 -0.0243982 0.0443354 -0.00975678 0.0305369 -0.0562977 0.0820928 0.0468927 0.0763693 0.0380762 0.00362277 0.0140208 0.0707935 0.0839467 -0.0173587 -0.0049063 0.0232941 0.0262043 0.124643 0.0285399 0.0568114 0.000873021 -0.0209563 -0.00469684 0.0747737 0.0132106 0.0250008 -0.0389635 0.0454564 -0.0125778
internal_weight=20240 13055 7185 8948 5262 4107 1923 1615 1695 1227 3242 1441 1473 759 5706 1279 3647 3228 228 890 714 419 4427 1801 388 591 3172 1359 292 310
internal_count=20240 13055 7185 8948 5262 4107 1923 1615 1695 1227 3242 1441 1473 759 5706 1279 3647 3228 228 890 714 419 4427 1801 388 591 3172 1359 292 310
cat_boundaries=0 1
cat_threshold=32
is_linear=0
shrinkage=0.05


Tree=47
num_leaves=31
num_cat=1
split_feature=0 0 1 0 31 31 4 37 28 7 20 39 20 31 6 41 31 15 39 6 31 25 37 45 1 1 50 20 23 44
split_gain=7905.85 1858.27 1717.14 350.965 262.041 231.393 279.888 181.998 167.76 143.988 124.341 115.295 125.009 113.967 110.09 109.362 109.246 108.625 106.506 104.252 100.268 96.5217 94.0896 87.8165 84.5405 79.7474 79.4046 70.5401 70.2012 68.3817
threshold=15.062500000000002 23.562500000000004 8.9791666666666696 28.854166666666668 2.5000000000000004 7.5000000000000009 0.72916666666666685 86.312500000000014 12.41527777777778 0.0034782713898567912 25.354166666666668 36.500000000000007 27.854166666666668 12.500000000000002 0.50993384454256951 90.500000000000014 1.0000000180025095e-35 -0.8783796973249266 43.500000000000007 0.99298655517297929 8.5000000000000018 3.5518409698690472 90.21250000000002 5.5000000000000009 37.562500000000007 57.187500000000007 0 20.812500000000004 34.812500000000007 1.5000000000000002
decision_type=2 2 2 2 2 2 2 2 2 2 2 2 2 2 2 2 2 2 2 2 2 2 2 2 2 2 1 2 2 2
left_child=2 5 14 10 9 7 13 15 -6 -4 21 12 -5 -7 -1 27 -11 -9 19 -12 23 25 -14 -10 -19 -3 -18 -2 -20 -13
right_child=1 3 4 11 8 6 -8 17 20 16 18 29 22 -15 -16 -17 26 24 28 -21 -22 -23 -24 -25 -26 -27 -28 -29 -30 -31
leaf_value=-0.062105971941614428 0.0010678267097627779 0.052259094716525581 -0.0075862105892559985 0.1265392916144005 -0.013814720367805412 0.055857006356055887 0.019316166861877624 -0.0046469221373724679 -0.0049919534017754518 -0.054217219504497649 0.019790447585270272 0.088019579985536209 0.029280094304485044 0.13398341536521913 -0.040198108607360707 0.015044439199032152 -0.0037404420774713246 0.028739150244242864 0.056097350209066491 0.086085879780463323 0.054907944707181494 0.097015296775484233 0.082310006870447025 0.022951542510461987 0.065141785386549605 0.14375282311439516 -0.031028365332550059 -0.030412445165039527 0.14025895122990564 0.1179718230723996
leaf_weight=2701 1166 503 829 70 3032 551 999 205 952 441 516 571 186 51 728 1775 332 942 301 67 101 205 152 399 192 25 1725 210 27 286
leaf_count=2701 1166 503 829 70 3032 551 999 205 952 441 516 571 186 51 728 1775 332 942 301 67 101 205 152 399 192 25 1725 210 27 286
internal_value=3.50181e-06 0.0349256 -0.0279591 0.0678014 -0.0150106 0.0192245 0.0355448 0.0134052 -0.00712203 -0.0256424 0.052567 0.0876001 0.065723 0.0624757 -0.0574548 0.00684302 -0.0316346 0.0288476 0.0402326 0.0274093 0.00685333 0.0678967 0.0531279 0.00326079 0.0349026 0.0565912 -0.0267931 -0.00373658 0.0630253 0.0980153
internal_weight=20240 9000 11240 2909 7811 6091 1601 4490 4484 3327 1644 1265 408 602 3429 3151 2498 1339 911 583 1452 733 338 1351 1134 528 2057 1376 328 857
internal_count=20240 9000 11240 2909 7811 6091 1601 4490 4484 3327 1644 1265 408 602 3429 3151 2498 1339 911 583 1452 733 338 1351 1134 528 2057 1376 328 857
cat_boundaries=0 1
cat_threshold=32
is_linear=0
shrinkage=0.05


Tree=48
num_leaves=31
num_cat=1
split_feature=0 0 0 31 31 5 22 31 0 37 2 31 0 31 37 15 42 49 37 15 16 37 16 2 31 6 31 31 20 20
split_gain=7172.33 1990.31 1223.64 307.557 210.198 284.975 196.582 174.069 160.698 157.505 152.353 149.167 131.234 119.048 104.531 143.463 97.7067 97.2033 88.2845 85.6554 78.5318 73.4175 91.2969 70.1231 67.502 126.55 66.4162 65.3536 72.8527 61.4459
threshold=17.020833333333339 7.6875000000000009 26.395833333333339 5.5000000000000009 7.5000000000000009 0.56250000000000011 4.9375000000000009 13.500000000000002 11.812500000000002 91.33750000000002 14.500000000000002 11.500000000000002 34.395833333333336 2.5000000000000004 66.662500000000009 1.0000000180025095e-35 116.07142857142858 0 64.112500000000011 -0.8783796973249266 -0.22252093395631442 56.187500000000007 -0.22252093395631442 36.500000000000007 9.5000000000000018 0.70325646164961442 1.0000000180025095e-35 1.0000000180025095e-35 11.812500000000002 27.020833333333339
decision_type=2 2 2 2 2 2 2 2 2 2 2 2 2 2 2 2 2 1 2 2 2 2 2 2 2 2 2 2 2 2
left_child=1 6 4 8 9 11 -1 12 27 13 -5 18 14 29 16 -16 -4 19 -6 -11 -15 -10 -23 -9 -12 -26 -8 28 -3 -2
right_child=2 3 7 10 5 -7 26 23 21 17 24 -13 -14 20 15 -17 -18 -19 -20 -21 -22 22 -24 -25 25 -27 -28 -29 -30 -31
leaf_value=-0.058431890659726898 -0.0061860684892495301 -0.03068009592538537 -0.020598525371834903 -0.01598437912358695 0.032652030197684381 0.022922487177891929 -0.057347547087868281 0.092894164102789556 -0.026726655090928204 0.0053237626346902198 0.013028060390605563 0.1154445650767747 0.093509076705752356 0.0078798659501677151 0.052153607141364848 0.091353201632890083 0.049771380038135617 0.022744751285196915 0.071262633190002228 0.069534595977165742 0.026337543692746671 -0.012851918704251886 0.0053996161571572068 0.14980643706286653 0.11940250946208836 0.0226694290995062 -0.029393165882439384 -0.018324153587496016 -0.091648881174466124 -0.073174582288051265
leaf_weight=2785 280 289 56 453 255 874 266 149 351 62 1218 123 387 1032 505 434 414 512 353 320 1305 1204 1590 85 44 146 1056 3594 59 39
leaf_count=2785 280 289 56 453 255 874 266 149 351 62 1218 123 387 1032 505 434 414 512 353 320 1305 1204 1590 85 44 146 1056 3594 59 39
internal_value=2.46783e-06 -0.0220786 0.0401233 -0.0088522 0.0271749 0.0421906 -0.0508952 0.0730047 -0.0136024 0.0203861 0.00923735 0.065228 0.0677198 0.0142758 0.0606364 0.0702714 0.0413869 0.038539 0.055069 0.057605 0.0181868 -0.00517309 -0.0024654 0.113567 0.017352 0.0450708 -0.0350179 -0.0203275 -0.0410168 -0.0143759
internal_weight=20240 13055 7185 8948 5155 1605 4107 2030 7087 3550 1861 731 1796 2656 1409 939 470 894 608 382 2337 3145 2794 234 1408 190 1322 3942 348 319
internal_count=20240 13055 7185 8948 5155 1605 4107 2030 7087 3550 1861 731 1796 2656 1409 939 470 894 608 382 2337 3145 2794 234 1408 190 1322 3942 348 319
cat_boundaries=0 1
cat_threshold=12
is_linear=0
shrinkage=0.05


Tree=49
num_leaves=31
num_cat=1
split_feature=0 0 0 0 0 0 16 39 15 37 45 1 42 20 39 39 50 20 26 32 38 20 1 15 22 39 45 15 32 1
split_gain=6473.37 1796.25 1109.74 275.703 265.321 180.377 139.717 127.546 115.479 164.581 107.523 111.648 107.423 105.553 94.5767 93.2653 173.111 87.9504 97.3386 87.7791 82.4232 93.4575 95.5913 78.0938 75.6024 76.7313 75.2458 102.031 68.8049 62.6216
threshold=17.020833333333339 7.6875000000000009 27.937500000000004 21.937500000000004 12.770833333333334 4.2708333333333348 -0.22252093395631442 38.500000000000007 1.0000000180025095e-35 64.612500000000011 16.500000000000004 31.437500000000004 135.57142857142858 28.270833333333339 15.500000000000002 20.500000000000004 0 15.270833333333334 20.343750000000004 6.5000000000000009 112.50000000000001 21.020833333333339 57.520833333333336 -0.8783796973249266 21.187500000000004 21.500000000000004 24.500000000000004 -1.0000000180025095e-35 3.5000000000000004 57.770833333333336
decision_type=2 2 2 2 2 2 2 2 2 2 2 2 2 2 2 2 1 2 2 2 2 2 2 2 2 2 2 2 2 2
left_child=1 5 3 20 15 -1 12 8 24 -10 28 -12 13 -5 -6 -3 19 18 -16 -17 21 22 -2 -23 -4 -26 -22 -28 -8 -11
right_child=2 4 7 6 14 -7 10 -9 9 29 11 -13 -14 -15 17 16 -18 -19 -20 -21 26 23 -24 -25 25 -27 27 -29 -30 -31
leaf_value=-0.055477367688003237 0.015897496258228991 -0.022588474251557591 0.090193107366269717 0.02339053561519587 -0.0175230702795439 -0.03294432228440964 -0.00056644153955858205 0.089079507233269947 0.026315637466459707 0.09278971281055215 0.0448768368922174 0.087706164736233605 0.051348084659848962 -0.044567308720434087 0.013458300035217172 0.0067638571189723266 -0.014999326692373451 -0.0015224098197912617 0.082706044298016812 0.061373293995857239 0.024615749321974328 -0.07191296238064146 0.092188623263722375 -0.0013460051694832674 -0.059827365577220917 0.033134780119577746 0.013860891618533062 0.086881372620578587 0.046885852434035563 0.16687761483823552
leaf_weight=2808 1833 2332 51 533 478 1299 96 877 98 177 271 347 339 64 1194 548 2741 1517 53 85 1365 48 42 214 25 198 80 119 374 34
leaf_count=2808 1833 2332 51 533 478 1299 96 877 98 177 271 347 339 64 1194 548 2741 1517 53 85 1365 48 42 214 25 198 80 119 374 34
internal_value=2.90643e-06 -0.0209747 0.0381187 0.0281954 -0.00840959 -0.0483504 0.0430328 0.0770302 0.0589046 0.0798594 0.0552175 0.068925 0.0288695 0.0161053 0.00301268 -0.0148994 -0.00958501 0.00656409 0.0164015 0.0138776 0.0200812 0.0136978 0.0176064 -0.0142743 0.0352732 0.022713 0.0288032 0.0575264 0.0371935 0.104728
internal_weight=20240 13055 7185 5725 8948 4107 2024 1460 583 309 1088 618 936 597 3242 5706 3374 2764 1247 633 3701 2137 1875 262 274 223 1564 199 470 211
internal_count=20240 13055 7185 5725 8948 4107 2024 1460 583 309 1088 618 936 597 3242 5706 3374 2764 1247 633 3701 2137 1875 262 274 223 1564 199 470 211
cat_boundaries=0 1
cat_threshold=45
is_linear=0
shrinkage=0.05


Tree=50
num_leaves=31
num_cat=1
split_feature=0 1 0 31 0 31 1 50 31 15 31 6 30 45 6 10 6 16 16 45 20 28 32 1 15 36 15 35 28 23
split_gain=5844.21 1417.59 1226 270.688 221.923 191.498 191.224 188.92 168.868 121.83 116.829 112.469 111.013 104.598 102.854 98.0117 93.7192 91.3607 86.9864 139.951 119.452 82.5291 81.8915 73.2162 72.9846 79.6535 72.6596 74.2286 67.9708 63.3249
threshold=15.85416666666667 8.9791666666666696 25.604166666666668 1.5000000000000002 19.687500000000004 5.5000000000000009 17.812500000000004 0 14.500000000000002 -0.8783796973249266 9.5000000000000018 0.99945175438596501 0.19940476190476197 16.500000000000004 0.99524937937260227 3.5000000000000004 0.99736494931259556 1.0000000180025095e-35 -0.22252093395631442 15.500000000000002 19.229166666666668 0.65486111111111123 4.5000000000000009 12.35416666666667 1.0000000180025095e-35 3.2142857142857149 1.0000000180025095e-35 9.9285714285714306 26.006944444444446 22.020833333333339
decision_type=2 2 2 2 2 2 2 1 2 2 2 2 2 2 2 2 2 2 2 2 2 2 2 2 2 2 2 2 2 2
left_child=1 21 4 14 18 11 22 24 16 12 -8 26 -6 -11 17 -15 -9 -3 20 29 -2 -1 -5 -24 25 -7 -4 -28 -14 -20
right_child=2 3 5 6 9 7 10 8 -10 13 -12 -13 28 15 -16 -17 -18 -19 19 -21 -22 -23 23 -25 -26 -27 27 -29 -30 -31
leaf_value=-0.055298505325982295 0.0086486694615297791 -0.046135705342174427 0.01854976609346605 -0.014479712233070549 -0.024925030926995748 0.051107823913296074 0.0069758895140006249 0.04813651035681616 0.10911449340289865 0.027350121201558521 0.087158247606551401 0.097790885066026692 0.019704758674454162 0.06077921034388796 -0.0069563885840993843 0.0246748799668117 0.081168262496378207 -0.020675178178228767 0.0099139112632554739 0.046420782188150461 -0.032191830039999397 -0.039139843859157419 -0.016400262463263215 0.0094219517018294674 0.13286380440134693 0.13307776017760745 0.070603869861612725 -0.029764865764549803 0.11261682198806243 0.051760751851058252
leaf_weight=2194 1123 790 352 4075 170 75 1359 871 174 1427 47 73 187 594 433 275 285 636 1551 369 213 1235 423 782 189 49 150 21 22 96
leaf_count=2194 1123 790 352 4075 170 75 1359 871 174 1427 47 73 187 594 433 275 285 636 1551 369 213 1235 423 782 189 49 150 21 22 96
internal_value=2.39043e-06 -0.0223208 0.0323394 -0.0114226 0.0206027 0.0639324 -0.00673011 0.0727395 0.0627207 0.0313429 0.00965624 0.039654 0.00507943 0.0356782 -0.0282995 0.0493538 0.0562802 -0.0347802 0.0120317 0.0185887 0.00213742 -0.0494787 -0.0110936 0.00035739 0.109799 0.0834992 0.0315393 0.0582779 0.029485 0.0123531
internal_weight=20240 11974 8266 8545 6027 2239 6686 1643 1330 2675 1406 596 379 2296 1859 869 1156 1426 3352 2016 1336 3429 5280 1205 313 124 523 171 209 1647
internal_count=20240 11974 8266 8545 6027 2239 6686 1643 1330 2675 1406 596 379 2296 1859 869 1156 1426 3352 2016 1336 3429 5280 1205 313 124 523 171 209 1647
cat_boundaries=0 1
cat_threshold=32
is_linear=0
shrinkage=0.05


Tree=51
num_leaves=31
num_cat=1
split_feature=1 28 1 31 31 37 31 1 31 7 37 15 6 34 6 30 31 31 50 31 45 41 28 4 31 20 6 1 29 31
split_gain=5265.02 1277.34 1048.15 450.825 211.441 232.233 209.004 207.451 156.347 155.767 148.86 146.413 138.507 129.527 94.5436 89.8259 85.8283 85.0336 84.3355 79.4049 79.3978 79.38 74.4825 72.135 64.4781 61.7733 61.5157 60.6862 56.2701 53.9242
threshold=17.187500000000004 26.006944444444446 8.9791666666666696 6.5000000000000009 1.5000000000000002 81.937500000000014 8.5000000000000018 22.166666666666668 2.5000000000000004 0.0034782713898567912 94.387500000000017 1.0000000180025095e-35 0.9980099482784569 8.5000000000000018 0.99945175438596501 0.0059523809523809651 3.5000000000000004 13.500000000000002 0 12.500000000000002 27.500000000000004 139.50000000000003 0.65486111111111123 0.56250000000000011 1.0000000180025095e-35 24.354166666666668 0.96200125138374171 11.35416666666667 5.4745539574070348 4.5000000000000009
decision_type=2 2 2 2 2 2 2 2 2 2 2 2 2 2 2 2 2 2 1 2 2 2 2 2 2 2 2 2 2 2
left_child=2 3 22 4 18 12 10 -5 9 -4 14 21 -6 -7 16 28 -3 20 -2 -17 -9 -12 -1 -19 -11 -21 -20 -10 -8 -29
right_child=1 6 8 7 5 13 15 17 27 24 11 -13 -14 -15 -16 19 -18 23 26 25 -22 -23 -24 -25 -26 -27 -28 29 -30 -31
leaf_value=-0.052533579598891544 -0.0039398198572980518 -0.012071226918542724 -0.0047846862598527051 0.019616077643484206 -0.0042998260967606235 0.021220923082879872 0.16481309887021781 0.038348452589191687 -0.016650232077675679 -0.048963245036060976 0.027733051296730607 0.11298468323300281 0.024128226160445326 0.065666981381881581 0.088639953289483042 0.063551879670366407 0.037576028351907216 0.14878751330480383 -0.056743152456388612 0.16832178224410332 0.067701174550580945 0.085699538661877517 -0.037182851480523797 0.042417362212602588 -0.025803191677399015 0.090286077455129329 0.019423268338845626 -0.010254367993259805 0.078822004397710171 0.0030491993209034855
leaf_weight=2194 352 106 878 1301 1868 1835 52 1106 1246 367 151 150 556 180 74 402 487 37 183 28 291 97 1235 28 1659 269 31 1512 30 1535
leaf_count=2194 352 106 878 1301 1868 1835 52 1106 1246 367 151 150 556 180 74 402 487 37 183 28 291 97 1235 28 1659 269 31 1512 30 1535
internal_value=2.27097e-06 0.0268123 -0.0242544 0.0179278 0.00897814 0.0126478 0.0641985 0.0341396 -0.0134151 -0.0223753 0.0497912 0.0739906 0.0022208 0.0251913 0.0353513 0.0838448 0.0287015 0.0470638 -0.0198023 0.0780369 0.0444627 0.0504054 -0.0470048 0.102967 -0.0299985 0.097643 -0.0436691 -0.0073539 0.133353 -0.00355237
internal_weight=20240 9614 10626 7768 5005 4439 1846 2763 7197 2904 1065 398 2424 2015 667 781 593 1462 566 699 1397 248 3429 65 2026 297 214 4293 82 3047
internal_count=20240 9614 10626 7768 5005 4439 1846 2763 7197 2904 1065 398 2424 2015 667 781 593 1462 566 699 1397 248 3429 65 2026 297 214 4293 82 3047
cat_boundaries=0 1
cat_threshold=48
is_linear=0
shrinkage=0.05


Tree=52
num_leaves=31
num_cat=2
split_feature=0 0 0 39 31 0 1 31 4 39 15 36 45 15 31 31 50 50 45 31 41 42 31 1 39 0 4 28 6 32
split_gain=4780.79 1342.83 836.855 206.538 190.095 183.854 159.054 126.891 122.87 105.195 107.403 153.566 97.8954 97.6927 95.0102 94.9327 93.7039 92.8181 147.035 100.842 87.9823 85.2763 83.1265 76.0331 67.3809 62.9407 62.77 60.7639 59.8242 52.4852
threshold=17.020833333333339 8.3958333333333339 27.937500000000004 38.500000000000007 5.5000000000000009 4.604166666666667 27.437500000000004 8.5000000000000018 0.72916666666666685 54.500000000000007 1.0000000180025095e-35 4.9285714285714297 10.500000000000002 -0.8783796973249266 1.0000000180025095e-35 9.5000000000000018 0 1 23.500000000000004 2.5000000000000004 139.50000000000003 69.642857142857153 8.5000000000000018 37.770833333333336 49.500000000000007 30.229166666666668 0.56250000000000011 24.414583333333336 0.69654930475826016 5.5000000000000009
decision_type=2 2 2 2 2 2 2 2 2 2 2 2 2 2 2 2 1 1 2 2 2 2 2 2 2 2 2 2 2 2
left_child=1 5 3 7 14 -1 -5 17 15 10 20 -12 -9 24 -3 -6 -16 18 -2 -19 -4 -18 -13 -15 -8 -22 -11 -14 -17 -7
right_child=2 4 9 6 8 29 13 12 -10 26 11 22 27 23 16 28 21 19 -20 -21 25 -23 -24 -25 -26 -27 -28 -29 -30 -31
leaf_value=-0.047464587338373283 0.019840638624061144 -0.033277955888994938 0.02257390439800051 0.020474186520377094 0.014995884073167829 -0.028346356048890926 -0.014757625377019759 0.022658803995205638 -0.005171561167464961 0.13360728347215101 0.10482321681756201 0.025180685113331203 0.051778868602082972 0.050533865763712674 0.0073704493624703639 0.11240461575685115 -0.021340695646807607 -0.020022541776249903 0.080670704999938614 0.012638235944153376 0.017861915962208832 -0.0071417025020290795 0.076069397263002922 0.089638436613166894 0.044248009175745721 0.074114851751838323 0.080109540892116138 0.11585045341560817 0.035723049438266617 0.024146953042672607
leaf_weight=2878 577 415 262 778 829 1688 87 340 894 69 241 152 174 750 800 41 1444 263 120 2331 63 3950 170 149 109 236 267 47 67 49
leaf_count=2878 577 415 262 778 829 1688 87 340 894 69 241 152 174 750 800 41 1444 263 120 2331 63 3950 170 149 109 236 267 47 67 49
internal_value=2.06013e-06 -0.0180256 0.032758 0.0241407 -0.00616774 -0.0397115 0.03776 0.0175184 0.00808861 0.0665483 0.0592103 0.0746388 0.0394982 0.0500417 -0.0101174 0.0207403 -0.00856565 0.0137716 0.0298848 0.00929101 0.0437269 -0.0109226 0.0520474 0.057015 0.0180567 0.0622622 0.0910957 0.065405 0.0648336 -0.0268655
internal_weight=20240 13055 7185 5725 8440 4615 1873 3852 1831 1460 1124 563 561 1095 6609 937 6194 3291 697 2594 561 5394 322 899 196 299 336 221 108 1737
internal_count=20240 13055 7185 5725 8440 4615 1873 3852 1831 1460 1124 563 561 1095 6609 937 6194 3291 697 2594 561 5394 322 899 196 299 336 221 108 1737
cat_boundaries=0 1 2
cat_threshold=32 32
is_linear=0
shrinkage=0.05


Tree=53
num_leaves=31
num_cat=2
split_feature=0 0 28 31 50 15 6 39 1 29 15 31 39 31 41 4 1 45 50 22 6 1 16 45 32 6 31 39 1 20
split_gain=4333.07 1167.88 822.871 259.193 238.394 241.086 181.898 164.609 124.871 122.197 173.103 119.679 110.091 108.36 106.002 98.3978 97.3449 86.8293 78.9596 77.6643 67.4221 63.2313 53.7109 54.3933 53.4663 50.4921 46.0453 45.9982 43.6588 42.154
threshold=13.60416666666667 22.437500000000004 6.6104166666666666 10.500000000000002 0 1.0000000180025095e-35 0.99736494931259556 33.500000000000007 31.854166666666668 3.7006237386048659 -0.8783796973249266 1.5000000000000002 38.500000000000007 1.5000000000000002 139.50000000000003 0.97916666666666685 57.520833333333336 16.500000000000004 1 11.020833333333334 0.9980099482784569 37.812500000000007 -0.22252093395631442 6.5000000000000009 8.5000000000000018 0.25360785402067582 16.500000000000004 22.500000000000004 3.8125000000000004 20.020833333333339
decision_type=2 2 2 2 1 2 2 2 2 2 2 2 2 2 2 2 2 2 1 2 2 2 2 2 2 2 2 2 2 2
left_child=2 7 28 4 5 14 12 13 -5 -9 29 15 -6 18 -3 22 20 26 -2 -13 -15 -12 -4 -24 25 -21 -10 -7 -1 -11
right_child=1 3 11 8 6 27 -8 9 17 10 21 19 -14 16 -16 -17 -18 -19 -20 24 -22 -23 23 -25 -26 -27 -28 -29 -30 -31
leaf_value=-0.05203041537394984 -0.04955149021310111 0.023634930994881165 -0.044770361688394933 0.025155780550579883 0.013189128749304398 0.056856849098888544 0.064109821441288239 0.015924849268416971 0.066879753893403976 0.023573829188373769 0.04682489763757261 -0.014835432155329021 0.040256195621660509 0.0027024306224565837 0.077701180019028426 -0.0079164800419527035 0.061365886666767656 0.1214367723672605 0.0001101336102001369 0.075328818038105969 0.017055505610545085 0.093904502644841931 -0.03453661072626113 -0.0058575071960507603 0.05313121710150015 -0.0044535212287923299 0.10749301284551621 0.11041962114764461 -0.039593457816168992 -0.045536407164967901
leaf_weight=1063 134 268 515 107 944 48 344 1658 390 36 359 3005 624 2754 137 611 84 122 190 20 1164 89 429 269 42 2350 85 243 2099 57
leaf_count=1063 134 268 515 107 944 48 344 1658 390 36 359 3005 624 2754 137 611 84 122 190 20 1164 89 429 269 42 2350 85 243 2099 57
internal_value=2.13914e-06 0.023793 -0.0224944 0.0479745 0.0407072 0.0659211 0.0310219 0.0115189 0.0748963 0.0226576 0.0432915 -0.0132017 0.0239607 0.00585678 0.041924 -0.0242794 0.00810841 0.0838112 -0.0219549 -0.00947169 0.00696659 0.0561778 -0.0325215 -0.0234841 -0.00278926 -0.00378025 0.0741474 0.101585 -0.0437745 -0.0187841
internal_weight=20240 9837 10403 3312 2608 696 1912 6525 704 2199 541 7241 1568 4326 405 1824 4002 597 324 5417 3918 448 1213 698 2412 2370 475 291 3162 93
internal_count=20240 9837 10403 3312 2608 696 1912 6525 704 2199 541 7241 1568 4326 405 1824 4002 597 324 5417 3918 448 1213 698 2412 2370 475 291 3162 93
cat_boundaries=0 1 2
cat_threshold=32 197
is_linear=0
shrinkage=0.05


Tree=54
num_leaves=31
num_cat=0
split_feature=1 28 0 39 10 45 0 4 7 15 1 10 39 32 30 6 39 45 45 20 37 1 36 20 6 15 38 0 43 7
split_gain=3915.74 1119.61 668.193 273.562 211.145 230.142 184.279 172.247 137.874 127.371 128.893 119.934 115.788 109.437 93.0348 90.6207 90.2436 89.9946 85.3155 76.4088 93.0196 73.9011 55.8864 55.0911 55.0634 54.1278 50.291 54.5989 50.0822 50.0814
threshold=19.645833333333339 8.7409722222222239 27.937500000000004 34.500000000000007 3.5000000000000004 16.500000000000004 15.47916666666667 0.93750000000000011 0.53812656641604029 -0.8783796973249266 37.770833333333336 5.5000000000000009 17.500000000000004 7.5000000000000009 0.047619047619047609 0.69448070786190907 38.500000000000007 4.5000000000000009 30.500000000000004 26.604166666666668 100.36250000000001 11.97916666666667 3.5000000000000004 15.895833333333334 0.99736494931259556 1.0000000180025095e-35 205.50000000000003 34.562500000000007 18.785714285714288 0.0020060200722730741
decision_type=2 2 2 2 2 2 2 2 2 2 2 2 2 2 2 2 2 2 2 2 2 2 2 2 2 2 2 2 2 2
left_child=1 8 3 4 5 29 12 11 -1 15 18 -6 17 -12 -7 -5 19 -3 -11 -4 24 -14 25 -23 -21 -18 27 -24 -22 -2
right_child=2 6 16 9 7 14 -8 -9 -10 10 13 -13 21 -15 -16 -17 22 -19 -20 20 28 23 26 -25 -26 -27 -28 -29 -30 -31
leaf_value=-0.025240700163340082 0.031290903498115308 -0.03141824177398158 0.089071509205470134 -0.022354681898364204 -0.024065653718271813 0.056390780339812464 0.0062864383887152805 0.032992426075791621 -0.043380073844331013 0.032174128880963236 0.058710312531574771 0.010946325229112722 -0.011986190278614455 0.14466147958908393 0.018715896803001779 0.0272604573602384 0.071876853605499488 -0.0093191261977690551 0.069860048208408007 0.02345113786173823 0.048960608802735811 0.0029813969149134374 0.047662603611537777 -0.027484658408211543 0.079669691960574426 0.14055485109297128 0.092127880185738309 0.078327953849035792 0.14193986182411511 0.0047666414046161985
leaf_weight=1688 218 946 84 141 680 531 2350 274 2761 1491 190 382 2342 46 237 265 64 898 167 392 28 2044 385 160 49 52 143 233 30 969
leaf_count=1688 218 946 84 141 680 531 2350 274 2761 1491 190 382 2342 46 237 265 64 898 167 392 28 2044 385 160 49 52 143 233 30 969
internal_value=8.10884e-07 -0.0160794 0.0300791 0.0222135 0.0129676 0.0234371 -0.00568562 -0.00235271 -0.0364978 0.0354433 0.040891 -0.0114719 -0.0100885 0.0754635 0.0447645 0.0100296 0.0601997 -0.0206563 0.03597 0.0449533 0.0375266 -0.00580185 0.070335 0.000769705 0.0296976 0.102664 0.0654071 0.0592241 0.0970533 0.00963799
internal_weight=20240 13189 7051 5591 3291 1955 8740 1336 4449 2300 1894 1062 6390 236 768 406 1460 1844 1658 583 499 4546 877 2204 441 116 761 618 58 1187
internal_count=20240 13189 7051 5591 3291 1955 8740 1336 4449 2300 1894 1062 6390 236 768 406 1460 1844 1658 583 499 4546 877 2204 441 116 761 618 58 1187
is_linear=0
shrinkage=0.05


Tree=55
num_leaves=31
num_cat=1
split_feature=0 0 0 31 45 10 10 27 6 30 4 31 50 22 31 31 32 4 37 37 25 1 31 37 6 25 31 31 1 39
split_gain=3549.71 1038.98 583.593 160.44 150.944 296.459 230.681 132.803 130.356 113.477 106.373 96.7648 88.6007 87.5026 86.6273 84.5497 83.1237 78.3794 73.2317 72.9963 66.6095 64.9104 63.2624 61.0219 60.0744 62.9043 59.3181 56.796 54.5877 54.1503
threshold=17.479166666666668 8.3958333333333339 27.937500000000004 5.5000000000000009 16.500000000000004 3.5000000000000004 5.5000000000000009 0.53731698176309861 0.77548658352229793 0.047619047619047609 0.72916666666666685 9.5000000000000018 0 33.770833333333336 1.5000000000000002 6.5000000000000009 6.5000000000000009 0.93750000000000011 91.612500000000011 103.26250000000002 2.4092832820658336 37.354166666666679 13.500000000000002 56.01250000000001 0.99945175438596501 4.0267684567904753 16.500000000000004 4.5000000000000009 37.270833333333336 20.500000000000004
decision_type=2 2 2 2 2 2 2 2 2 2 2 2 1 2 2 2 2 2 2 2 2 2 2 2 2 2 2 2 2 2
left_child=1 7 4 12 13 9 8 -1 -7 16 11 -5 -3 26 17 19 -6 -14 22 24 -11 -8 -17 -16 25 -4 29 -9 -24 -2
right_child=2 3 15 10 5 6 21 27 -10 20 -12 -13 14 -15 23 18 -18 -19 -20 -21 -22 -23 28 -25 -26 -27 -28 -29 -30 -31
leaf_value=-0.041858473890736686 -0.002939675432309264 0.0056674251024123731 0.043707681135746725 0.013412285825907019 0.060924897281814543 -0.028697106884241198 0.029906095161352605 -0.027365348810996327 0.021003057405999115 0.013068281879330974 -0.004291927777010528 0.061451578803923962 -0.036003437646310046 0.062397515301391031 -0.024802629768120824 0.051123402484661934 0.13063781354972656 -0.0099635903069641395 0.094310631277927562 0.10807311360325132 0.049068789239825002 0.080950878545181043 0.064245324929737876 -0.0058979550162698707 0.089391302157725616 0.001313846250808479 0.096090723787942395 0.0020346529158349665 0.11808636966678832 0.016081930033374065
leaf_weight=2555 427 944 212 880 474 321 174 1880 224 217 941 119 583 97 475 637 47 573 177 35 315 97 136 4212 42 149 22 180 72 3023
leaf_count=2555 427 944 212 880 474 321 174 1880 224 217 941 119 583 97 475 637 47 573 177 35 315 97 136 4212 42 149 22 180 72 3023
internal_value=7.70333e-07 -0.0150553 0.029122 -0.00490879 0.0215864 0.0330977 0.0104765 -0.0342425 -0.00826988 0.0506276 0.00777157 0.0191347 -0.00853335 0.0155581 -0.0108188 0.0571897 0.0672138 -0.0230961 0.0650667 0.03881 0.0343844 0.0481767 0.0589411 -0.00781383 0.0327946 0.0262099 0.0142495 -0.0247964 0.0828826 0.0137277
internal_weight=20240 13342 6898 8727 5438 1869 816 4615 545 1053 1940 999 6787 3569 5843 1460 521 1156 1022 438 532 271 845 4687 403 361 3472 2060 208 3450
internal_count=20240 13342 6898 8727 5438 1869 816 4615 545 1053 1940 999 6787 3569 5843 1460 521 1156 1022 438 532 271 845 4687 403 361 3472 2060 208 3450
cat_boundaries=0 1
cat_threshold=32
is_linear=0
shrinkage=0.05


Tree=56
num_leaves=31
num_cat=0
split_feature=0 0 1 31 37 15 16 45 6 31 31 43 1 32 20 27 45 20 39 1 20 6 28 39 45 0 28 31 1 13
split_gain=3223.3 878.449 609.641 202.899 146.952 162.113 133.272 180.242 132.557 111.226 104.881 102.352 101.384 90.7854 82.8776 74.3758 73.4498 73.2422 70.2455 95.1891 79.8421 66.5826 61.896 56.8641 54.4462 53.284 47.6588 45.98 44.5737 40.4973
threshold=13.60416666666667 22.437500000000004 8.9791666666666696 10.500000000000002 90.21250000000002 1.0000000180025095e-35 -0.22252093395631442 11.500000000000002 0.99945175438596501 1.0000000180025095e-35 3.5000000000000004 14.071428571428573 31.854166666666668 6.5000000000000009 20.645833333333339 3.3518693874237635 16.500000000000004 21.562500000000004 20.500000000000004 12.35416666666667 12.770833333333334 0.94228245507773079 18.884027777777778 15.500000000000002 4.5000000000000009 19.437500000000004 0.59791666666666676 1.5000000000000002 11.35416666666667 99.500000000000014
decision_type=2 2 2 2 2 2 2 2 2 2 2 2 2 2 2 2 2 2 2 2 2 2 2 2 2 2 2 2 2 2
left_child=2 6 26 4 8 21 11 23 10 -4 -3 14 -5 -9 27 -7 -14 25 24 -20 -21 -6 -15 -8 -11 -13 -1 -2 -26 -19
right_child=1 3 9 12 5 15 7 13 -10 18 -12 17 16 22 -16 -17 -18 29 19 20 -22 -23 -24 -25 28 -27 -28 -29 -30 -31
leaf_value=-0.041560267469686898 -0.045126906908313995 -0.013793977870269439 -0.0327986776014293 0.020492634575848826 0.024292868666669885 0.043916106837923116 -0.016044403444396324 0.028564592954122354 0.058358665628485573 -0.023462457384585043 0.025923462416162418 0.0066631126318084585 0.064456560524450132 0.010306553418437642 -0.05595757063559216 0.092471847101392987 0.10795020165349373 0.019900517573114486 -0.010272338895316785 0.016492147678338332 -0.0097796362943173565 0.071091354802805692 0.10318785544065104 0.011074261881674118 -0.016432365097237854 0.027730878825590218 -0.029567474814408343 -0.0033710445551711449 0.00062857800046842638 -0.03327158818133704
leaf_weight=2029 71 191 536 107 397 115 209 995 279 1151 1281 935 475 24 92 251 122 48 2486 776 461 94 71 2574 895 442 1400 923 669 141
leaf_count=2029 71 191 536 107 397 115 209 995 279 1151 1281 935 475 24 92 251 122 48 2486 776 461 94 71 2574 895 442 1400 923 669 141
internal_value=8.71848e-07 0.0205202 -0.0194021 0.0414923 0.0350625 0.0520276 0.00987506 0.0157881 0.0267592 -0.0109147 0.0207699 0.0012396 0.0653118 0.0330234 -0.0105558 0.0772153 0.0733447 0.00941953 -0.00909277 -0.0046327 0.00670129 0.0332523 0.0797231 0.00903768 -0.0152087 0.0134256 -0.0366638 -0.00635361 -0.00913456 -0.0197676
internal_weight=20240 9837 10403 3312 2608 857 6525 3873 1751 6974 1472 2652 704 1090 1086 366 597 1566 6438 3723 1237 491 95 2783 2715 1377 3429 994 1564 189
internal_count=20240 9837 10403 3312 2608 857 6525 3873 1751 6974 1472 2652 704 1090 1086 366 597 1566 6438 3723 1237 491 95 2783 2715 1377 3429 994 1564 189
is_linear=0
shrinkage=0.05


Tree=57
num_leaves=31
num_cat=1
split_feature=1 28 31 50 6 28 16 45 15 31 7 6 39 1 0 39 1 32 45 43 6 45 32 41 1 36 43 0 31 34
split_gain=2914.17 771.845 553.475 237.839 193.336 191.816 181.153 154.473 141.637 140.814 139.69 127.545 122.295 111.469 97.2162 86.6967 70.8776 60.5089 59.8422 89.295 59.4624 57.1699 56.0777 55.2739 54.1209 47.8741 47.0183 45.8416 45.2902 41.6374
threshold=17.979166666666668 8.7409722222222239 7.5000000000000009 0 0.99945175438596501 22.550694444444449 -0.22252093395631442 16.500000000000004 -0.8783796973249266 4.5000000000000009 0.36430627117857312 0.99945175438596501 40.500000000000007 35.937500000000007 7.2708333333333348 17.500000000000004 15.72916666666667 11.500000000000002 16.500000000000004 16.214285714285719 0.77802503408349977 30.500000000000004 7.5000000000000009 127.50000000000001 23.854166666666668 2.9285714285714293 23.928571428571434 12.645833333333334 1.5000000000000002 6.5000000000000009
decision_type=2 2 2 1 2 2 2 2 2 2 2 2 2 2 2 2 2 2 2 2 2 2 2 2 2 2 2 2 2 2
left_child=1 14 3 7 6 21 10 26 29 11 -5 15 -8 17 -1 25 -11 -7 19 -15 -19 -4 -20 -10 -6 -3 28 -13 -2 -9
right_child=2 9 5 4 24 13 12 8 23 16 -12 27 -14 18 -16 -17 -18 20 22 -21 -22 -23 -24 -25 -26 -27 -28 -29 -30 -31
leaf_value=-0.035572416795807152 -0.01559065953027631 -0.016820514341655986 0.024653497021004181 0.002092549842096187 0.026760179015865415 0.035204269575695189 0.008204377609218735 -0.024512074876463775 0.05146998371175239 -0.0095075498396748944 -0.030851262866719464 -0.0044879204494614458 0.041160505840698164 -0.017316365511053141 -0.018040151914388874 -0.0097221153463437782 0.0080099823958625551 0.12306036927762468 0.07555197505572768 0.066515891333455576 0.054317247730588339 0.068024879433896124 0.12627212133717866 0.087003125747234178 0.06373276948176014 -0.035531847117584607 0.064061761172670942 0.013567347106336872 0.019798509347473001 0.037860711266597118
leaf_weight=3414 107 708 1035 923 291 599 1510 66 329 795 494 1299 346 36 1029 2126 2110 37 215 270 210 82 73 164 150 661 51 482 583 45
leaf_count=3414 107 708 1035 923 291 599 1510 66 329 795 494 1299 346 36 1029 2126 2110 37 215 270 210 82 73 164 150 661 51 482 583 45
internal_value=8.28181e-07 -0.0147354 0.0244271 0.0148444 0.00823528 0.0433864 0.00406998 0.0327893 0.0518014 -0.00562431 -0.00939245 -0.0104919 0.0143481 0.0554477 -0.0315119 -0.0160414 0.00321603 0.043791 0.0720496 0.0566533 0.0646148 0.0278374 0.0884081 0.0632903 0.0393359 -0.025855 0.0177348 0.000398457 0.0143106 0.00077419
internal_weight=20240 12624 7616 5059 3714 2557 3273 1345 604 8181 1417 5276 1856 1440 4443 3495 2905 846 594 306 247 1117 288 493 441 1369 741 1781 690 111
internal_count=20240 12624 7616 5059 3714 2557 3273 1345 604 8181 1417 5276 1856 1440 4443 3495 2905 846 594 306 247 1117 288 493 441 1369 741 1781 690 111
cat_boundaries=0 1
cat_threshold=32
is_linear=0
shrinkage=0.05


Tree=58
num_leaves=31
num_cat=0
split_feature=1 0 1 31 31 37 0 31 15 31 6 6 37 20 20 39 30 39 4 16 45 43 21 37 45 39 6 20 31 22
split_gain=2635.26 652.898 552.884 172.328 147.214 122.988 115.592 114.015 110.001 105.086 146.848 95.5138 93.4416 80.6535 79.5827 78.7087 70.7498 66.9257 65.2287 63.5617 79.7991 67.3756 54.2254 53.3406 50.4875 50.0982 69.4955 53.6512 49.7089 48.224
threshold=17.812500000000004 23.104166666666668 8.9791666666666696 3.5000000000000004 5.5000000000000009 95.912500000000023 10.72916666666667 14.500000000000002 -0.8783796973249266 9.5000000000000018 0.88655828823676075 0.99945175438596501 87.362500000000011 11.270833333333334 25.604166666666668 15.500000000000002 0.66964285714285743 24.500000000000004 0.68750000000000011 -0.22252093395631442 5.5000000000000009 14.357142857142859 27.354166666666668 86.71250000000002 15.500000000000002 17.500000000000004 0.99619046236902453 15.062500000000002 12.500000000000002 11.187500000000002
decision_type=2 2 2 2 2 2 2 2 2 2 2 2 2 2 2 2 2 2 2 2 2 2 2 2 2 2 2 2 2 2
left_child=2 3 -1 8 11 7 13 17 16 19 28 14 22 29 23 -16 -2 -6 -9 21 -21 -5 -10 -3 -14 26 27 -8 -11 -4
right_child=1 4 6 9 5 -7 25 18 12 10 -12 -13 24 -15 15 -17 -18 -19 -20 20 -22 -23 -24 -25 -26 -27 -28 -29 -30 -31
leaf_value=-0.033145594580586211 -0.042668698038274458 0.011147702447114848 -0.016665639472760143 -0.0092585732569211553 0.0054851571688195695 0.079623224688418814 -0.014512422385540012 0.1239607658237219 -0.0056032348699626179 0.054175392325820505 0.015393834521409733 0.070842750974292504 0.0067531827154521974 -0.044779136152439086 -0.081383348349481827 0.010978129455500911 0.020302489386363462 0.040424953331744902 0.059566514126524556 0.0078779586001827741 0.026789051513101625 0.012867133495603518 -0.077572747982210588 0.063921254578153536 0.035902132625001131 -0.00026486425776585517 0.004270871115162448 -0.0475515538599433 0.11112332797395841 -0.00084785552338465366
leaf_weight=3429 236 78 2609 554 150 237 490 55 854 190 373 89 413 224 24 593 55 1588 138 1054 1185 908 27 124 232 3156 372 164 48 591
leaf_count=3429 236 78 2609 554 150 237 490 55 854 190 373 89 413 224 24 593 55 1588 138 1054 1185 908 27 124 232 3156 372 164 48 591
internal_value=7.86757e-07 0.0197546 -0.0164771 0.010321 0.0385513 0.0456302 -0.00896252 0.0414581 -0.00259463 0.0157634 0.0349741 0.0216493 0.00277768 -0.0157746 0.0163035 0.00738546 -0.0307669 0.0374094 0.0779172 0.0125919 0.0178867 0.00448297 -0.00780888 0.0435433 0.0172378 -0.00338515 -0.0129832 -0.0227975 0.0656607 -0.0137443
internal_weight=20240 9205 11035 6129 3076 2168 7606 1931 1817 4312 611 908 1526 3424 819 617 291 1738 193 3701 2239 1462 881 202 645 4182 1026 654 238 3200
internal_count=20240 9205 11035 6129 3076 2168 7606 1931 1817 4312 611 908 1526 3424 819 617 291 1738 193 3701 2239 1462 881 202 645 4182 1026 654 238 3200
is_linear=0
shrinkage=0.05


Tree=59
num_leaves=31
num_cat=3
split_feature=0 0 0 31 50 15 6 31 45 1 31 7 37 41 39 10 28 39 45 50 50 45 39 31 16 45 16 45 40 31
split_gain=2387.03 647.667 459.374 155.351 168.861 173.252 124.367 113.233 97.8488 84.2296 81.3662 96.3697 91.5516 80.2717 77.2465 71.3229 69.8811 63.0786 61.5826 59.6217 52.5183 52.4406 56.9705 51.4201 46.3598 41.1599 37.9314 36.328 35.5057 33.5282
threshold=13.60416666666667 22.437500000000004 5.854166666666667 10.500000000000002 0 1.0000000180025095e-35 0.99736494931259556 1.5000000000000002 33.500000000000007 31.854166666666668 9.5000000000000018 0.091241411513574858 91.33750000000002 139.50000000000003 38.500000000000007 3.5000000000000004 9.5847222222222239 24.500000000000004 16.500000000000004 1 2 4.5000000000000009 14.500000000000002 9.5000000000000018 -0.22252093395631442 17.500000000000004 -0.22252093395631442 9.5000000000000018 16.500000000000004 16.500000000000004
decision_type=2 2 2 2 1 2 2 2 2 2 2 2 2 2 2 2 2 2 2 1 1 2 2 2 2 2 2 2 2 2
left_child=2 7 26 4 5 13 14 20 10 -5 12 -12 -9 -3 -6 -10 -4 21 29 23 -2 22 -18 -19 -23 -7 -1 -28 -17 -11
right_child=1 3 16 9 6 25 -8 8 15 18 11 -13 -14 -15 -16 28 17 19 -20 -21 -22 24 -24 -25 -26 -27 27 -29 -30 -31
leaf_value=-0.038527007641893873 -0.045263542383812215 0.014836719335289673 -0.016729957762554797 0.015657186512530685 0.0070880735922586053 0.048831743981740248 0.049309084156316949 0.0040730795124773482 0.066951390447502493 0.049490693479012221 0.011889415841326464 0.051499997949816329 0.022342382158081275 0.061885792177415244 0.029760814159444406 -0.025779098783415267 -0.034912205343230716 0.010749123546924116 0.095517670928088383 -0.0047807740503781589 -0.0049637680381816943 -0.015434169171018761 -0.011602374141872171 0.081460217469268376 0.0029506405567264935 0.092209193969376116 -0.032635588579076419 -0.017903255864640508 0.04580155565092961 0.084146854941021004
leaf_weight=1390 110 268 2326 107 944 73 344 4440 128 390 458 231 811 137 624 41 388 538 122 1663 276 599 808 27 802 218 1227 635 30 85
leaf_count=1390 110 268 2326 107 944 73 344 4440 128 390 458 231 811 137 624 41 388 538 122 1663 276 599 808 27 802 218 1227 635 30 85
internal_value=7.47472e-07 0.0176587 -0.0166965 0.0356665 0.0300403 0.0511628 0.0219689 0.00851826 0.0101699 0.056509 0.00901448 0.0251696 0.00689471 0.0307521 0.0161109 0.0446577 -0.0096111 -0.00617929 0.0638308 -7.08288e-06 -0.0177494 -0.0114745 -0.0191644 0.0138825 -0.00490982 0.0813276 -0.0322771 -0.0276114 0.00446625 0.0556923
internal_weight=20240 9837 10403 3312 2608 696 1912 6525 6139 704 5940 689 5251 405 1568 199 7151 4825 597 2228 386 2597 1196 565 1401 291 3252 1862 71 475
internal_count=20240 9837 10403 3312 2608 696 1912 6525 6139 704 5940 689 5251 405 1568 199 7151 4825 597 2228 386 2597 1196 565 1401 291 3252 1862 71 475
cat_boundaries=0 1 2 3
cat_threshold=32 45 196
is_linear=0
shrinkage=0.05


Tree=60
num_leaves=31
num_cat=2
split_feature=1 28 31 50 6 16 6 24 31 6 45 39 28 39 31 45 50 15 1 13 14 1 36 28 29 38 20 39 20 40
split_gain=2162.08 616.652 402.243 210.27 184.943 169.131 136.89 125.093 115.852 114.976 114.027 98.9221 81.8251 76.2562 74.4361 62.0484 61.1567 58.8946 53.1575 57.7432 67.4632 48.1504 44.6147 43.6361 42.9548 40.5942 40.1657 40.5678 39.4702 49.4727
threshold=19.729166666666668 8.7409722222222239 7.5000000000000009 0 0.99945175438596501 -0.22252093395631442 0.61916174883464614 25.092261904761909 4.5000000000000009 0.99945175438596501 22.500000000000004 33.500000000000007 0.68819444444444455 17.500000000000004 2.5000000000000004 27.500000000000004 1 -0.8783796973249266 35.937500000000007 74.500000000000014 14.500000000000002 12.35416666666667 2.9285714285714293 21.309722222222227 4.429435768254681 149.50000000000003 8.1458333333333339 20.500000000000004 19.062500000000004 16.500000000000004
decision_type=2 2 2 1 2 2 2 2 2 2 2 2 2 2 2 2 1 2 2 2 2 2 2 2 2 2 2 2 2 2
left_child=1 12 3 10 5 6 -5 15 9 13 14 -7 -1 22 23 28 26 -12 -9 -20 -21 -11 -3 -2 -16 -19 27 -10 29 -4
right_child=2 8 7 4 -6 11 -8 18 16 21 17 -13 -14 -15 24 -17 -18 25 19 20 -22 -23 -24 -25 -26 -27 -28 -29 -30 -31
leaf_value=-0.033682931826099258 0.019391372278468669 -0.014189071284206659 0.017484638131026065 -0.033373035708771127 0.042182269858790748 0.0047114112812415201 0.0010153681146891536 0.04150268446713621 0.0075056584635084236 -0.0035846945327732446 0.0093190157984165446 0.029736528110598338 -0.020117660346515815 -0.0079901479378723939 0.023266911799608568 0.057767999098167655 -0.0082038181439533075 0.061955937560762946 0.089446404890778167 -0.0071399764202180367 0.060604661629221651 0.014065619719638068 -0.03189847801062367 -0.022479989723171712 0.050650077173270774 0.12118425043847632 0.0061004888944363837 0.06853547193250567 0.018550042508637371 0.053920028496927487
leaf_weight=2276 137 742 165 427 341 1097 898 612 56 1299 47 617 2173 2327 425 161 831 194 150 42 294 550 683 114 216 34 2244 53 821 214
leaf_count=2276 137 742 165 427 341 1097 898 612 56 1299 47 617 2173 2327 425 161 831 194 150 42 294 550 683 114 216 34 2244 53 821 214
internal_value=-6.48799e-07 -0.0118909 0.0224594 0.013649 0.00724529 0.00334892 -0.0100668 0.0387509 -0.00421009 -0.00853927 0.0318611 0.0137199 -0.0270573 -0.0135682 0.023456 0.0286217 0.0034054 0.0602826 0.0513065 0.063652 0.0521366 0.00166553 -0.0226772 0.0003741 0.0324943 0.0707882 0.00750833 0.0371807 0.0247112 0.0380577
internal_weight=20240 13234 7006 4547 3380 3039 1325 2459 8785 5601 1167 1714 4449 3752 892 1361 3184 275 1098 486 336 1849 1425 251 641 228 2353 109 1200 379
internal_count=20240 13234 7006 4547 3380 3039 1325 2459 8785 5601 1167 1714 4449 3752 892 1361 3184 275 1098 486 336 1849 1425 251 641 228 2353 109 1200 379
cat_boundaries=0 1 2
cat_threshold=32 45
is_linear=0
shrinkage=0.05


Tree=61
num_leaves=31
num_cat=0
split_feature=1 28 28 31 37 4 34 31 27 20 31 0 45 38 20 31 25 38 45 15 45 43 4 10 41 1 24 25 39 39
split_gain=1956.03 484.591 413.473 200.256 123.902 105.108 100.611 99.701 88.9419 83.3791 81.929 81.6208 79.7251 92.879 74.8689 66.3426 64.7996 63.3486 57.3249 56.0255 98.2102 48.8416 45.8956 44.5449 43.5446 39.5746 39.3667 38.7873 38.3449 38.2008
threshold=17.812500000000004 26.515972222222228 7.500694444444445 6.5000000000000009 86.312500000000014 0.97916666666666685 8.5000000000000018 3.5000000000000004 2.4127962866682373 30.854166666666668 1.0000000180025095e-35 10.72916666666667 16.500000000000004 100.50000000000001 11.020833333333334 13.500000000000002 0.44871767380895328 173.50000000000003 27.500000000000004 -0.8783796973249266 22.500000000000004 16.214285714285719 0.52083333333333337 2.5000000000000004 117.50000000000001 3.8125000000000004 20.43154761904762 2.6872192816378719 20.500000000000004 17.500000000000004
decision_type=2 2 2 2 2 2 2 2 2 2 2 2 2 2 2 2 2 2 2 2 2 2 2 2 2 2 2 2 2 2
left_child=2 3 25 4 5 9 10 19 -5 -2 -6 14 13 23 27 18 -14 -18 -10 -3 24 -15 -17 -9 -21 -1 -7 -4 -29 -13
right_child=1 7 11 8 6 26 -8 12 15 -11 -12 29 16 21 -16 22 17 -19 -20 20 -22 -23 -24 -25 -26 -27 -28 28 -30 -31
leaf_value=-0.03631600209177574 -0.0062431159295655569 -0.030199076625285672 -0.012615305372231357 0.0128763171171079 -0.034543446578331048 0.0077382301168923365 0.051827761991635746 0.029432568065822125 0.023790194156948673 -0.10411372686820952 0.014172316330853288 -0.011267332964725194 -0.025824124999344351 -0.029439877815868543 -0.038997125851668549 0.12932169558303683 0.057395855101061315 0.10512194593820501 0.049756650139397091 -0.049435507429933009 0.085305395722389224 0.044364988227667018 0.041009276969388372 -0.040750287017390995 0.021464398645219349 -0.024792526844031326 0.033317923577511829 -0.0043064683869481089 0.045177772084635019 -0.00016093750831412031
leaf_weight=1063 2009 64 2855 1284 91 636 171 40 1108 22 1673 1026 20 23 263 28 382 85 263 33 47 883 31 52 63 2491 197 125 57 3155
leaf_count=1063 2009 64 2855 1284 91 636 171 40 1108 22 1673 1026 20 23 263 28 382 85 263 33 47 883 31 52 63 2491 197 125 57 3155
internal_value=-8.19024e-07 0.0170179 -0.0141972 0.0115736 0.0054348 -0.00116892 0.015209 0.0411921 0.0224285 -0.00730326 0.0116592 -0.00752629 0.0457236 0.0376307 -0.0134049 0.0310055 0.0623082 0.0660826 0.0287714 0.00868357 0.0260856 0.0424914 0.0829203 -0.010236 -0.00290744 -0.0282392 0.0137877 -0.0111886 0.0111913 -0.0028864
internal_weight=20240 9205 11035 7513 4799 2864 1935 1692 2714 2031 1764 7481 1485 998 3300 1430 487 467 1371 207 143 906 59 92 96 3554 833 3037 182 4181
internal_count=20240 9205 11035 7513 4799 2864 1935 1692 2714 2031 1764 7481 1485 998 3300 1430 487 467 1371 207 143 906 59 92 96 3554 833 3037 182 4181
is_linear=0
shrinkage=0.05


Tree=62
num_leaves=31
num_cat=1
split_feature=1 0 31 50 31 15 45 43 1 0 0 41 20 6 20 37 31 6 37 31 34 6 39 0 20 18 32 25 39 41
split_gain=1768.84 524.488 345.47 232.487 178.801 130.384 153.802 129.575 86.2705 81.2376 68.4643 68.3756 63.5054 61.5813 55.3398 54.9256 54.5287 52.2335 47.619 64.7161 61.1656 43.7019 43.3663 42.7816 49.6503 42.2592 41.3064 40.7038 40.1173 43.0947
threshold=19.729166666666668 8.3958333333333339 9.5000000000000018 0 2.5000000000000004 1.0000000180025095e-35 17.500000000000004 19.214285714285719 31.770833333333339 15.47916666666667 0.93750000000000011 141.50000000000003 28.270833333333339 0.89167217084984596 15.145833333333334 55.32500000000001 1.0000000180025095e-35 0.96200125138374171 65.862500000000026 12.500000000000002 11.500000000000002 0.86385557569841509 47.500000000000007 11.395833333333334 11.270833333333334 -0.24999999999999994 1.0000000180025095e-35 1.9195651787294563 15.500000000000002 91.500000000000014
decision_type=2 2 2 1 2 2 2 2 2 2 2 2 2 2 2 2 2 2 2 2 2 2 2 2 2 2 2 2 2 2
left_child=1 10 3 5 16 11 -7 12 13 14 -1 -2 -6 -4 23 -9 -5 -18 19 20 -10 -21 -8 24 -3 -20 -12 -13 29 -16
right_child=2 9 8 4 7 6 22 15 18 -11 26 27 -14 -15 28 -17 17 -19 25 21 -22 -23 -24 -25 -26 -27 -28 -29 -30 -31
leaf_value=-0.030704110720932001 0.011817635761947706 -0.0065562727747081389 0.05876617741665429 -0.073704958956857969 0.0079070440924419796 0.02679588901044247 0.072063979024582725 -0.0099254612847077608 0.016031504232717757 0.0043509603617842441 -0.030937104725305233 0.0098089391572607904 -0.028360475564199523 0.012973983956590322 -0.034981658387401825 0.028047596560999612 -0.020331092836184346 0.047279020661728517 0.044183670556575988 0.088907667060325657 0.062574840582907201 0.04859165824323057 0.13498161810059703 -5.6031934205689626e-05 -0.025148219771525718 0.086010153107345111 -0.01502584093068806 0.061227168479183719 -0.015238766753361286 -0.1167427022010088
leaf_weight=2218 588 2996 97 44 2434 291 235 103 240 2392 522 54 127 302 83 1262 364 31 97 98 100 214 31 2389 408 160 1866 134 340 20
leaf_count=2218 588 2996 97 44 2434 291 235 103 240 2392 522 54 127 302 83 1262 364 31 97 98 100 214 31 2389 408 160 1866 134 340 20
internal_value=-7.78094e-07 -0.0107555 0.0203143 0.0149947 0.00933482 0.0332092 0.0519157 0.0127401 0.0434882 -0.00348272 -0.0243789 0.0202099 0.00610854 0.0241064 -0.00648756 0.0251822 -0.0209063 -0.015025 0.0519957 0.0448108 0.0297207 0.061255 0.0793965 -0.00518504 -0.00878468 0.0702235 -0.0185039 0.0464581 -0.0235203 -0.0508576
internal_weight=20240 13234 7006 5698 4365 1333 557 3926 1308 8628 4606 776 2561 399 6236 1365 439 395 909 652 340 312 266 5793 3404 257 2388 188 443 103
internal_count=20240 13234 7006 5698 4365 1333 557 3926 1308 8628 4606 776 2561 399 6236 1365 439 395 909 652 340 312 266 5793 3404 257 2388 188 443 103
cat_boundaries=0 1
cat_threshold=32
is_linear=0
shrinkage=0.05


Tree=63
num_leaves=31
num_cat=3
split_feature=1 0 23 31 50 31 31 0 16 30 7 15 39 50 6 22 4 20 17 28 50 15 35 41 6 1 22 6 16 39
split_gain=1601.78 401.49 342.716 115.938 133.765 114.535 111.019 90.7881 85.4768 103.317 88.269 82.6047 77.0674 67.7884 65.3731 61.9239 59.5435 54.0922 53.1639 52.1006 47.8228 47.155 40.6739 40.4955 39.2152 40.5844 37.0054 35.859 33.8375 32.2014
threshold=17.812500000000004 22.437500000000004 5.2708333333333348 3.5000000000000004 0 1.5000000000000002 14.500000000000002 10.645833333333334 -0.22252093395631442 0.017857142857142877 0.30418915685075387 1.0000000180025095e-35 25.500000000000004 1 0.44657318762042392 17.645833333333339 0.68750000000000011 10.72916666666667 0.93301270189221952 28.531944444444452 2 -0.8783796973249266 4.9285714285714297 161.50000000000003 0.98607080204046993 31.979166666666668 10.72916666666667 0.59646034513590851 -0.22252093395631442 15.500000000000002
decision_type=2 2 2 2 1 2 2 2 2 2 2 2 2 1 2 2 2 2 2 2 1 2 2 2 2 2 2 2 2 2
left_child=2 5 28 18 11 15 12 17 10 20 -7 14 -6 -12 -5 -2 -8 26 21 -11 -10 -3 -23 -20 25 -17 -4 -19 -1 -9
right_child=1 3 7 4 6 8 16 29 9 19 13 -13 -14 -15 -16 24 -18 27 23 -21 -22 22 -24 -25 -26 -27 -28 -29 -30 -31
leaf_value=-0.033362394022614643 0.00014144481131417444 -0.01416203874365791 -0.013736867516603286 -0.032400648300573535 -0.00038455797479890869 0.0094073906069719621 0.10700419215884592 -0.012019185528451316 -0.0044819387852150045 0.0081273927812559286 0.0042984284632715886 0.074074205971870422 0.02766950577229417 -0.0253949666205769 0.044700525763517428 -0.057090484080004646 0.045809824133876464 -0.056583803259573955 -0.067109798421946962 0.087248724344230838 0.031792077764891603 0.081481551458793031 0.017253730639146227 0.018272458429315262 0.030325819195131772 -0.0046124757011421031 -0.0010010791483516682 -0.021660670579962987 -0.022649074216507831 -0.00039040000723074747
leaf_weight=1288 263 115 2730 31 282 1387 56 718 106 2256 358 296 1856 406 243 140 137 101 41 21 886 28 206 21 20 50 721 270 1723 3484
leaf_count=1288 263 115 2730 31 282 1387 56 718 106 2256 358 296 1856 406 243 140 137 101 41 21 886 28 206 21 20 50 721 270 1723 3484
internal_value=-7.39204e-07 0.0154 -0.0128475 0.0293289 0.0328501 0.00757159 0.0271313 -0.00744974 0.00963081 0.0147242 0.00189008 0.0547996 0.0239692 -0.0117572 0.0359774 -0.0160245 0.0635657 -0.0130264 0.00447527 0.0088571 0.0281913 0.0120548 0.0249391 -0.03819 -0.0362704 -0.0432805 -0.011076 -0.031168 -0.0272319 -0.00237742
internal_weight=20240 9205 11035 3312 2901 5893 2331 8024 5420 3269 2151 570 2138 764 274 473 193 3822 411 2277 992 349 234 62 210 190 3451 371 3011 4202
internal_count=20240 9205 11035 3312 2901 5893 2331 8024 5420 3269 2151 570 2138 764 274 473 193 3822 411 2277 992 349 234 62 210 190 3451 371 3011 4202
cat_boundaries=0 1 2 3
cat_threshold=32 60 20
is_linear=0
shrinkage=0.05


Tree=64
num_leaves=31
num_cat=0
split_feature=0 0 0 16 1 4 10 45 32 16 45 20 43 45 32 27 22 42 20 31 20 28 31 31 25 1 4 21 45 32
split_gain=1453.51 396.169 283.367 105.947 142.401 112.575 106.596 124.218 109.545 85.917 110.725 81.426 74.7444 66.7301 65.7441 72.8622 64.6594 63.1262 55.0952 54.4333 42.7677 74.2431 53.2674 40.3381 40.0417 38.4411 37.6988 37.3136 37.1539 60.4043
threshold=13.60416666666667 22.437500000000004 5.854166666666667 -0.22252093395631442 37.270833333333336 0.97916666666666685 3.5000000000000004 15.500000000000002 3.5000000000000004 -0.22252093395631442 5.5000000000000009 21.562500000000004 14.071428571428573 19.500000000000004 7.5000000000000009 2.434130121318272 22.354166666666668 136.50000000000003 15.645833333333334 1.0000000180025095e-35 13.47916666666667 14.148611111111114 6.5000000000000009 2.5000000000000004 2.9105945847330488 11.812500000000002 0.93750000000000011 11.72916666666667 28.500000000000004 5.5000000000000009
decision_type=2 2 2 2 2 2 2 2 2 2 2 2 2 2 2 2 2 2 2 2 2 2 2 2 2 2 2 2 2 2
left_child=2 9 -1 5 28 6 7 -3 -8 11 -11 12 23 16 18 -16 -6 -13 -12 26 21 25 24 -2 -22 -21 -4 -23 29 -5
right_child=1 3 19 4 13 -7 8 -9 -10 10 14 17 -14 -15 15 -17 -18 -19 -20 20 22 27 -24 -25 -26 -27 -28 -29 -30 -31
leaf_value=-0.02526693334272816 -0.028992709312384408 -0.0050205638311829762 -0.032251303920553726 0.0023656709276933651 0.0028502341809457745 0.036357414804308888 -0.028138924239827709 0.056195951256071644 0.013429297367036222 0.0040012046613485857 0.037885705079320799 -0.0405182613064679 0.010086464384095715 0.072978760523900274 0.010625567321607379 0.089652994233848801 0.050882012428450654 0.025212186864680713 0.013784909784116209 -0.010927328974793076 -0.018315760466767424 0.050975955424483049 0.031259295708783295 -0.0031220514675680657 -0.056622984143624822 -0.0026324443035552272 -0.005293312337587351 0.0085609009655200127 0.046113438933459393 0.029968585494523969
leaf_weight=3252 183 141 356 305 87 558 267 201 390 2199 292 194 1377 271 50 70 360 45 1262 2712 383 59 46 853 83 2880 204 428 166 566
leaf_count=3252 183 141 356 305 87 558 267 201 390 2199 292 194 1377 271 50 70 360 45 1262 2712 383 59 46 853 83 2880 204 428 166 566
internal_value=-5.48694e-07 0.0137786 -0.01303 0.0278625 0.0362857 0.0183682 0.00832014 0.0309576 -0.00346372 0.00662975 0.0113774 -0.000303812 0.0024535 0.0534021 0.021067 0.0567249 0.0415335 -0.0281422 0.0183135 -0.00746507 -0.00619351 -0.00502463 -0.0200717 -0.00769187 -0.0251387 -0.00665529 -0.0224309 0.0136995 0.0244345 0.0203028
internal_weight=20240 9837 10403 3312 1755 1557 999 342 657 6525 3873 2652 2413 718 1674 120 447 239 1554 7151 6591 6079 512 1036 466 5592 560 487 1037 871
internal_count=20240 9837 10403 3312 1755 1557 999 342 657 6525 3873 2652 2413 718 1674 120 447 239 1554 7151 6591 6079 512 1036 466 5592 560 487 1037 871
is_linear=0
shrinkage=0.05


Tree=65
num_leaves=31
num_cat=2
split_feature=0 0 0 31 16 29 50 27 31 22 45 10 50 40 20 13 37 20 22 26 6 9 9 23 31 16 45 32 20 16
split_gain=1322.9 408.87 229.498 94.9001 80.3083 94.0422 77.279 74.9101 73.6888 86.0478 77.9305 135.613 76.0643 72.5506 70.4174 86.0267 109.484 55.1211 53.2883 52.6372 51.6887 46.4571 59.9568 46.211 45.9835 38.4917 37.4391 37.1118 32.9831 32.5117
threshold=17.729166666666668 8.3958333333333339 28.270833333333339 8.5000000000000018 -0.22252093395631442 5.2888113251039632 0 2.0818046114366235 2.5000000000000004 34.145833333333336 26.500000000000004 3.5000000000000004 1 17.500000000000004 25.604166666666668 71.500000000000014 55.087500000000013 18.020833333333339 28.145833333333339 0.54017857142857151 0.9980099482784569 0.99097842261904778 0.99516806722689088 25.229166666666668 1.5000000000000002 1.0000000180025095e-35 11.500000000000002 5.5000000000000009 10.520833333333334 -0.22252093395631442
decision_type=2 2 2 2 2 2 1 2 2 2 2 2 1 2 2 2 2 2 2 2 2 2 2 2 2 2 2 2 2 2
left_child=1 19 8 4 17 6 -6 -5 12 10 25 -12 18 -7 -4 -16 -17 24 -2 -1 -18 -11 -23 -14 -3 -10 -19 28 29 -21
right_child=2 3 14 7 5 13 -8 -9 9 21 11 -13 23 -15 15 16 20 26 -20 27 -22 22 -24 -25 -26 -27 -28 -29 -30 -31
leaf_value=-0.027945893806490527 0.014497089257647255 -0.020506887454543155 0.080068433867103758 0.0022642750302497229 0.010720042879673175 0.022611078859539703 -0.0043509079301363362 0.043372349448609342 0.0073651686317509658 0.11706060817092656 0.046680228338703854 0.0012971136104156168 -0.022401480411243596 0.11366873332715062 0.051201302126643228 -0.076957095371415984 0.02255933354496268 -0.017226681964328656 -0.047305952074627088 -0.023340329315368901 0.061316818386620411 -0.018429140883187454 0.065533414457554687 -0.093968982156366121 -0.0057029156291158248 0.017339442154737646 -0.073277943852272903 0.024541256741954471 -0.053174516013677932 -0.012334409887511387
leaf_weight=1728 330 644 87 264 1094 100 3697 191 2260 25 440 263 116 28 449 26 704 65 39 1141 98 30 73 28 2828 1691 55 53 64 1629
leaf_count=1728 330 644 87 264 1094 100 3697 191 2260 25 440 263 116 28 449 26 704 65 39 1141 98 30 73 28 2828 1691 55 53 64 1629
internal_value=-5.2128e-07 -0.00895144 0.0182548 -0.00272724 -0.00391662 0.000233776 -0.000896241 0.0195206 0.0135437 0.0154756 0.0143633 0.0297019 -0.0044651 0.0425299 0.0365435 0.0335782 0.0240217 -0.00960031 0.0077549 -0.0210438 0.0272953 0.0559186 0.0410783 -0.0339591 -0.00844881 0.0116341 -0.0429168 -0.0169126 -0.0176878 -0.0168679
internal_weight=20240 13581 6659 8966 8511 4919 4791 455 5295 4782 4654 703 513 128 1364 1277 828 3592 369 4615 802 128 103 144 3472 3951 120 2887 2834 2770
internal_count=20240 13581 6659 8966 8511 4919 4791 455 5295 4782 4654 703 513 128 1364 1277 828 3592 369 4615 802 128 103 144 3472 3951 120 2887 2834 2770
cat_boundaries=0 1 2
cat_threshold=33 184
is_linear=0
shrinkage=0.05


Tree=66
num_leaves=31
num_cat=1
split_feature=0 0 0 31 6 16 45 6 39 25 45 20 13 20 20 50 45 31 13 28 30 31 15 39 31 45 30 31 45 31
split_gain=1193.92 373.124 203.775 91.0784 77.1874 75.1517 88.7374 104.06 70.5668 77.4813 73.6144 63.5517 77.6391 54.2818 52.9262 52.4981 116.13 52.0168 50.9676 48.9468 45.0876 44.9243 52.7578 44.0618 43.263 50.9543 42.746 41.2561 39.0934 38.1498
threshold=17.770833333333339 8.3958333333333339 28.270833333333339 8.5000000000000018 0.80209114192903563 -0.22252093395631442 4.5000000000000009 0.91147079346092508 38.500000000000007 2.2943346407330258 29.500000000000004 25.604166666666668 71.500000000000014 18.020833333333339 28.854166666666668 0 23.500000000000004 2.5000000000000004 261.50000000000006 0.59791666666666676 0.60714285714285732 14.500000000000002 -0.8783796973249266 15.500000000000002 4.5000000000000009 17.500000000000004 0.28571428571428586 1.5000000000000002 16.500000000000004 1.0000000180025095e-35
decision_type=2 2 2 2 2 2 2 2 2 2 2 2 2 2 2 1 2 2 2 2 2 2 2 2 2 2 2 2 2 2
left_child=1 19 8 5 -5 13 23 -8 14 10 -10 -4 -13 27 15 16 -2 -17 20 -1 -14 22 -11 -7 25 -16 -12 -3 -15 -21
right_child=2 3 11 4 -6 6 7 -9 9 21 26 12 18 28 24 17 -18 -19 -20 29 -22 -23 -24 -25 -26 -27 -28 -29 -30 -31
leaf_value=-0.025804849172603367 0.012571778216654284 -0.019455355815336747 0.076065012424429562 0.052040607923299835 0.0065053978070304013 -0.021277299037375578 0.017783974678782885 -0.0026423862088546172 0.0081782681638224893 0.0035351525079458956 0.11570648473501206 0.048641237246913875 0.018378272089422047 -0.022498134906381008 -0.10571379709243774 -0.017723286538384855 0.066563438649679868 0.0087918366815133899 0.03861099070894438 -0.028451874155099643 -0.028437425748541439 0.095813173986971381 0.036480276121574208 -0.0034255222595454453 0.015861910803332217 -0.017683675136261932 0.028447519009932878 -0.0054537050752185411 -0.083308156388692378 -0.012598116008372779
leaf_weight=2029 506 645 87 128 341 416 1173 1331 928 150 25 449 454 82 25 200 124 2461 316 462 58 27 640 2044 42 48 32 2854 39 2124
leaf_count=2029 506 645 87 128 341 416 1173 1331 928 150 25 449 454 82 25 200 124 2461 316 462 58 27 640 2044 42 48 32 2854 39 2124
internal_value=-3.37852e-07 -0.00842103 0.0175124 -0.00252264 0.0189329 -0.0036949 0.000300254 0.00692635 0.0130067 0.0210083 0.0115659 0.0347163 0.0318993 -0.00917333 0.00877328 0.00993839 0.0228362 0.00677351 0.0228206 -0.0199916 0.0130749 0.0323924 0.0302249 -0.00644436 -0.0245692 -0.047831 0.066719 -0.00803475 -0.0420981 -0.0154305
internal_weight=20240 13668 6572 9053 469 8584 4964 2504 5208 1802 985 1364 1277 3620 3406 3291 630 2661 828 4615 512 817 790 2460 115 73 57 3499 121 2586
internal_count=20240 13668 6572 9053 469 8584 4964 2504 5208 1802 985 1364 1277 3620 3406 3291 630 2661 828 4615 512 817 790 2460 115 73 57 3499 121 2586
cat_boundaries=0 1
cat_threshold=32
is_linear=0
shrinkage=0.05


Tree=67
num_leaves=31
num_cat=2
split_feature=1 0 31 50 6 16 6 15 45 39 6 31 0 5 41 18 32 10 0 5 50 31 36 39 16 45 1 25 39 36
split_gain=1084.93 317.183 245.637 173.631 156.409 140.963 118.256 98.9191 111.239 94.3788 67.5965 94.9039 80.026 54.6866 53.949 53.7602 50.1781 47.9776 47.5295 44.1189 42.6896 41.2505 38.248 37.1206 36.9959 35.8924 36.5646 32.6264 30.3127 40.7164
threshold=19.729166666666668 8.7708333333333339 9.5000000000000018 0 0.99945175438596501 -0.22252093395631442 0.68155617717441641 1.0000000180025095e-35 17.500000000000004 33.500000000000007 0.84678992381174678 15.500000000000002 33.270833333333336 0.35416666666666669 141.50000000000003 0.25000000000000017 1.5000000000000002 1.5000000000000002 15.47916666666667 0.56250000000000011 1 12.500000000000002 6.5000000000000009 47.500000000000007 -0.22252093395631442 8.5000000000000018 11.97916666666667 1.9195651787294563 15.500000000000002 3.0714285714285716
decision_type=2 2 2 1 2 2 2 2 2 2 2 2 2 2 2 2 2 2 2 2 1 2 2 2 2 2 2 2 2 2
left_child=1 16 3 7 5 6 -5 14 -9 -7 11 15 13 -12 -2 17 24 -4 22 -15 -18 -17 28 -10 -1 -26 -27 -16 29 -3
right_child=2 18 10 4 -6 9 -8 8 23 -11 12 -13 -14 19 27 21 20 -19 -20 -21 -22 -23 -24 -25 25 26 -28 -29 -30 -31
leaf_value=-0.028855743331800049 0.0083666912710121302 -0.0047043002193857889 0.057352780689346711 -0.024392202372962832 0.031800799431594355 0.002789298226482482 0.0029353692008181466 0.022074435386547492 0.060024616537576028 0.023996817664055512 -0.039877361303402324 0.15610036559402943 0.044849871354896612 0.061221409109062874 0.0063245901768958128 0.053646361129763336 0.0047864187525452247 0.019373473773545057 0.0034399017223164679 0.011899255903294763 -0.01541971073570011 0.11104878622085551 -0.053629999347031124 0.11823544920452181 -0.023159167877281613 -0.011546089006661313 0.037748221897054464 0.052359209463709214 -0.002824289772744527 -0.024268579926796346
leaf_weight=1291 588 725 136 661 538 1299 987 291 235 880 45 20 329 52 54 115 319 214 2392 354 1440 43 40 31 1149 632 40 134 4786 420
leaf_count=1291 588 725 136 661 538 1299 987 291 235 880 45 20 329 52 54 115 319 214 2392 354 1440 43 40 31 1149 632 40 134 4786 420
internal_value=-3.20987e-07 -0.00842309 0.0159099 0.0114242 0.00654247 0.00300874 -0.00802551 0.0271571 0.0434376 0.0113541 0.0354505 0.0492658 0.0260987 0.0124199 0.0158212 0.0450597 -0.0185657 0.0341311 -0.00251554 0.0182164 -0.0118157 0.0692685 -0.0049013 0.0668086 -0.0223811 -0.0177908 -0.0086119 0.0391365 -0.00457266 -0.0118807
internal_weight=20240 13234 7006 5698 4365 3827 1648 1333 557 2179 1308 528 780 451 776 508 4871 350 8363 406 1759 158 5971 266 3112 1821 672 188 5931 1145
internal_count=20240 13234 7006 5698 4365 3827 1648 1333 557 2179 1308 528 780 451 776 508 4871 350 8363 406 1759 158 5971 266 3112 1821 672 188 5931 1145
cat_boundaries=0 1 2
cat_threshold=32 193
is_linear=0
shrinkage=0.05


Tree=68
num_leaves=31
num_cat=1
split_feature=0 28 0 39 31 38 15 30 16 31 6 35 37 31 25 0 37 50 13 21 20 24 23 31 30 4 38 20 35 0
split_gain=982.328 274.594 192.539 109.921 77.2349 71.2763 73.2811 68.7631 64.1663 56.915 56.7583 55.9003 53.8448 51.4386 47.2527 46.1654 44.1816 43.5213 41.5441 41.0712 40.2003 43.676 40.7222 38.6322 44.6197 41.743 38.4434 33.4799 29.6309 29.2552
threshold=13.60416666666667 26.515972222222228 4.604166666666667 38.500000000000007 2.5000000000000004 94.500000000000014 0.6078576107927941 0.011904761904761913 -0.22252093395631442 1.0000000180025095e-35 0.99945175438596501 6.9285714285714297 64.612500000000011 13.500000000000002 3.8164147117211882 37.270833333333336 55.712500000000013 0 83.500000000000014 28.687500000000004 16.020833333333339 15.872023809523812 10.937500000000002 15.500000000000002 0.0059523809523809651 0.64583333333333337 38.500000000000007 11.270833333333334 5.3571428571428585 30.854166666666668
decision_type=2 2 2 2 2 2 2 2 2 2 2 2 2 2 2 2 2 1 2 2 2 2 2 2 2 2 2 2 2 2
left_child=2 3 -1 4 10 6 12 8 11 26 17 -5 -3 16 -9 23 -6 -2 -10 -14 22 -22 -11 24 -7 -25 -4 -24 -16 -8
right_child=1 5 9 7 13 15 29 14 18 20 -12 -13 19 -15 28 -17 -18 -19 -20 -21 21 -23 27 25 -26 -27 -28 -29 -30 -31
leaf_value=-0.021711045533832542 -0.026310696816993735 -0.078567820402054955 -0.055125695976473967 0.027742411578374527 -0.0057141035365962344 0.04856528981464605 0.023521564254651267 0.0099687536333418654 0.096036688211218774 -0.0082001991817444355 0.019981247581635345 -0.043052599737198126 -0.029002957436023283 0.082765762948177085 0.0051653160813397601 0.062291179967905924 0.0079593983835618814 -0.0022471229467259418 0.043038111126848633 0.03114384354329577 -0.089914654514619288 -0.015555081629053578 0.0054830783208445893 0.11232920970235552 0.023959215775483832 0.040913712892583332 -0.016370218554106745 -0.0050969742699024569 0.048112712274502284 0.094057928522427892
leaf_weight=2878 384 29 72 155 681 225 49 1491 48 3753 139 34 64 22 56 128 4459 377 161 51 28 67 1343 28 1017 76 575 1687 142 21
leaf_count=2878 384 29 72 155 681 225 49 1491 48 3753 139 34 64 22 56 128 4459 377 161 51 28 67 1343 28 1017 76 575 1687 142 21
internal_value=-5.67634e-07 0.0113271 -0.0107119 0.00752506 0.00411776 0.0296819 0.00271707 0.0174221 0.0361185 -0.00650524 -0.00939851 0.0150068 -0.0176828 0.00647433 0.0130164 0.0335968 0.00614779 -0.0147649 0.05521 -0.00232916 -0.00517156 -0.0374716 -0.00471918 0.030868 0.0284168 0.060141 -0.020683 -0.000407532 0.035966 0.0446825
internal_weight=20240 9837 10403 8149 6062 1688 214 2087 398 7525 900 189 144 5162 1689 1474 5140 761 209 115 6878 95 6783 1346 1242 104 647 3030 198 70
internal_count=20240 9837 10403 8149 6062 1688 214 2087 398 7525 900 189 144 5162 1689 1474 5140 761 209 115 6878 95 6783 1346 1242 104 647 3030 198 70
cat_boundaries=0 1
cat_threshold=77
is_linear=0
shrinkage=0.05


Tree=69
num_leaves=31
num_cat=2
split_feature=1 28 31 41 10 45 50 10 0 7 31 0 39 7 50 1 0 18 5 37 24 5 1 29 20 14 1 31 7 36
split_gain=894.795 237.995 212.673 144.487 152.873 195.489 111.133 136.366 77.5638 63.0316 80.4769 71.3807 60.3096 61.6262 59.6877 51.3606 49.8165 49.5504 47.2067 44.7295 43.3702 42.1272 39.0658 38.6211 37.7686 51.5634 36.5492 36.5227 34.1098 31.2897
threshold=17.979166666666668 8.7409722222222239 9.5000000000000018 143.50000000000003 3.5000000000000004 11.500000000000002 0 5.5000000000000009 30.229166666666668 0.15441727665578978 15.500000000000002 33.270833333333336 18.500000000000004 0.0020060200722730741 1 12.35416666666667 28.270833333333339 0.25000000000000017 0.35416666666666669 65.437500000000014 26.854166666666671 0.56250000000000011 34.645833333333336 5.7470842361365433 10.520833333333334 34.500000000000007 3.8541666666666674 12.500000000000002 0.33565624190624194 3.0714285714285716
decision_type=2 2 2 2 2 2 1 2 2 2 2 2 2 2 1 2 2 2 2 2 2 2 2 2 2 2 2 2 2 2
left_child=1 26 3 4 5 20 -6 -8 -7 11 17 18 13 -3 22 -14 -16 19 -4 -11 -2 -20 -5 -18 25 -17 -1 -19 -26 -15
right_child=2 12 9 14 6 8 7 -9 -10 10 -12 -13 15 29 16 24 23 27 21 -21 -22 -23 -24 -25 28 -27 -28 -29 -30 -31
leaf_value=-0.025138676392812927 0.0022370903513545671 0.0041003636101058557 -0.037523128782682449 0.022542661008691151 0.0071635685268893953 0.0229174802399119 -0.027766614337765547 0.010989135654717229 0.066808773896768009 0.015159430496947608 0.1433846255391836 0.040831210763946656 -0.0057656960224565755 -0.0081630485925159972 0.02185449720869867 0.0079724667502266196 0.049442353531849961 0.049701806105997254 0.057074282102769727 0.051142798003887657 -0.033124467723762561 0.0099236841293861931 -0.027260651820235782 -0.022340155020356179 0.0031986632388007392 0.048829952311600644 -0.014796494180862216 0.10371464281234631 -0.017968359949725978 -0.021361423227086881
leaf_weight=1154 1282 601 46 70 1029 1315 742 327 109 200 20 329 2485 952 897 328 297 115 54 152 93 386 90 20 2659 101 3289 43 205 850
leaf_count=1154 1282 601 46 70 1029 1315 742 327 109 200 20 329 2485 952 897 328 297 115 54 152 93 386 90 20 2659 101 3289 43 205 850
internal_value=-1.24472e-06 -0.00816691 0.0135339 0.00966436 0.00564419 0.0132926 -0.00455979 -0.015764 0.0262771 0.0315752 0.0449976 0.0228466 -0.00310761 -0.00976451 0.0239924 -0.000339084 0.0276479 0.0411393 0.0106718 0.0306977 -0.000154637 0.0157103 -0.00514984 0.0449135 0.00375601 0.0175916 -0.0174827 0.0644015 0.00168357 -0.0143887
internal_weight=20240 12624 7616 6271 4897 2799 2098 1069 1424 1345 530 815 8181 2403 1374 5778 1214 510 486 352 1375 440 160 317 3293 429 4443 158 2864 1802
internal_count=20240 12624 7616 6271 4897 2799 2098 1069 1424 1345 530 815 8181 2403 1374 5778 1214 510 486 352 1375 440 160 317 3293 429 4443 158 2864 1802
cat_boundaries=0 1 2
cat_threshold=44 4
is_linear=0
shrinkage=0.05


Tree=70
num_leaves=31
num_cat=1
split_feature=1 0 39 10 41 1 1 32 1 10 27 37 38 30 15 0 7 43 16 50 37 44 0 39 1 6 20 42 20 4
split_gain=807.912 238.55 188.204 119.937 144.7 137.526 105.541 67.0819 63.834 62.7492 62.0179 60.9071 57.7661 57.6104 52.1122 50.4667 49.5729 49.0806 42.3231 51.061 41.638 37.2395 39.1332 37.1916 47.7099 46.9378 54.5825 34.9148 32.9098 40.6417
threshold=19.729166666666668 8.7708333333333339 38.500000000000007 3.5000000000000004 149.50000000000003 37.479166666666679 27.520833333333339 6.5000000000000009 31.604166666666668 5.5000000000000009 4.6326193095419592 85.812500000000014 165.50000000000003 0.053571428571428541 -0.8783796973249266 24.354166666666668 0.0020060200722730741 19.071428571428573 -0.22252093395631442 0 62.787500000000009 2.5000000000000004 19.020833333333339 15.500000000000002 12.35416666666667 0.99524937937260227 12.97916666666667 137.50000000000003 12.770833333333334 0.97916666666666685
decision_type=2 2 2 2 2 2 2 2 2 2 2 2 2 2 2 2 2 2 2 1 2 2 2 2 2 2 2 2 2 2
left_child=1 18 3 5 6 13 -5 11 -4 -8 -9 -7 14 17 15 -10 -15 -2 -1 -20 -16 22 -14 25 -25 26 -3 -6 -26 -30
right_child=2 23 8 4 27 7 9 10 12 -11 -12 -13 21 16 20 -17 -18 -19 19 -21 -22 -23 -24 24 28 -27 -28 -29 29 -31
leaf_value=-0.021518910938396224 0.014308101362023021 -0.0070287123268879832 0.015181845185112576 0.010469365330356965 0.016070953594765278 0.010861141504852061 -0.025280047256353685 0.034519508639548689 -0.037618538175637907 0.00093466621052530608 0.11922451400198042 0.040975251489877185 0.10080115885727786 0.018802179880567444 0.013787315305358814 0.024220888083105657 -0.0043398887853048785 0.056975183810274568 0.0020087005678090875 -0.015284974321249213 0.037859606451309757 0.063839921402114058 0.032536248908294998 -0.0057453742869242206 0.010232030575422891 0.0035513794339747406 -0.032508541676873046 0.057653806595334069 -0.007411659957736379 0.0044096556186501174
leaf_weight=2056 496 582 1089 532 99 317 712 47 65 336 40 357 22 302 307 67 990 78 529 2286 433 155 459 2793 1075 447 329 103 1145 1992
leaf_count=2056 496 582 1089 532 99 317 712 47 65 336 40 357 22 302 307 67 990 78 529 2286 433 155 459 2793 1075 447 329 103 1145 1992
internal_value=-1.00551e-06 -0.00726936 0.0137286 0.00743908 -0.00257367 0.0142311 -0.00766813 0.0321453 0.0244064 -0.0168753 0.0734643 0.0268118 0.0310679 0.00692532 0.0227104 -0.00623034 0.00106948 0.0201061 -0.0160654 -0.0120823 0.0278729 0.0425267 0.0356586 -0.00214615 -0.000678046 -0.00971911 -0.0162305 0.0372741 0.00268213 9.48943e-05
internal_weight=20240 13234 7006 4409 1782 2627 1580 761 2597 1048 87 674 1508 1866 872 132 1292 574 4871 2815 740 636 481 8363 7005 1358 911 202 4212 3137
internal_count=20240 13234 7006 4409 1782 2627 1580 761 2597 1048 87 674 1508 1866 872 132 1292 574 4871 2815 740 636 481 8363 7005 1358 911 202 4212 3137
cat_boundaries=0 1
cat_threshold=225
is_linear=0
shrinkage=0.05


Tree=71
num_leaves=31
num_cat=1
split_feature=0 0 0 31 50 45 31 31 15 15 6 39 17 31 6 20 45 16 41 5 15 24 20 20 2 31 38 41 25 39
split_gain=732.169 208.642 145.286 69.995 86.1303 62.7211 60.9971 55.546 54.9869 52.985 54.8532 52.4379 49.9977 48.5882 48.0036 47.3263 47.1394 67.501 45.6343 40.9361 40.8247 39.0254 38.9103 37.2369 45.0352 38.081 34.2298 31.9079 30.7585 30.2785
threshold=13.60416666666667 22.437500000000004 4.604166666666667 3.5000000000000004 0 33.500000000000007 14.500000000000002 2.5000000000000004 -1.0000000180025095e-35 1.0000000180025095e-35 0.44657318762042392 25.500000000000004 0.93301270189221952 1.0000000180025095e-35 0.99945175438596501 13.60416666666667 19.500000000000004 -0.22252093395631442 73.500000000000014 0.56250000000000011 -0.8783796973249266 18.086309523809529 27.645833333333339 13.770833333333334 11.500000000000002 6.5000000000000009 38.500000000000007 161.50000000000003 2.9105945847330488 24.500000000000004
decision_type=2 2 2 2 1 2 2 2 2 2 2 2 2 2 2 2 2 2 2 2 2 2 2 2 2 2 2 2 2 2
left_child=2 5 -1 12 9 7 11 14 -7 10 -5 -6 16 26 20 21 22 -18 -17 -8 -2 -9 -3 24 -15 28 -4 -14 -25 -26
right_child=1 3 13 4 6 8 19 15 -10 -11 -12 -13 27 23 -16 18 17 -19 -20 -21 -22 -23 -24 25 29 -27 -28 -29 -30 -31
leaf_value=-0.018803296720857555 -0.038227478728482603 0.012835131399333477 -0.051194536927828771 -0.037538869823178944 -0.0042357883934618524 -0.001255925139412284 0.079487574491649879 0.017365016681091708 0.051353109212732652 0.055607717192135565 0.033086773132284482 0.018905254070749177 -0.066358414165130483 -0.0080531766174440078 0.017544682206610193 -0.0052528883997682088 -0.0034856577999732002 0.052200271256295686 0.0066200084586742411 0.029736731537876832 -0.0076411584708256626 0.079348492215353034 -0.041932448540019859 -0.016370017591780469 -0.0037597158603352634 0.026568449821409792 -0.014624601260941153 0.0094317919086842322 -0.051602598117958559 0.0055174400665237624
leaf_weight=2878 133 62 72 31 282 80 60 427 131 296 243 1856 41 2863 154 1018 118 101 3948 133 607 27 68 335 1976 43 575 21 76 1585
leaf_count=2878 133 62 72 31 282 80 60 427 131 296 243 1856 41 2863 154 1018 118 101 3948 133 607 27 68 335 1976 43 575 21 76 1585
internal_value=-1.2832e-06 0.00977825 -0.00924874 0.019999 0.022735 0.00459032 0.018205 0.00369418 0.0314066 0.0402349 0.0250963 0.015853 0.000687747 -0.00559452 -0.00785297 0.00559882 0.00803808 0.022196 0.00418614 0.0452033 -0.0131384 0.0210513 -0.0158125 -0.00436226 -0.00338423 -0.0182011 -0.0186942 -0.0406875 -0.022885 0.000369543
internal_weight=20240 9837 10403 3312 2901 6525 2331 6314 211 570 274 2138 411 7525 894 5420 349 219 4966 193 740 454 130 6878 6424 454 647 62 411 3561
internal_count=20240 9837 10403 3312 2901 6525 2331 6314 211 570 274 2138 411 7525 894 5420 349 219 4966 193 740 454 130 6878 6424 454 647 62 411 3561
cat_boundaries=0 1
cat_threshold=32
is_linear=0
shrinkage=0.05


Tree=72
num_leaves=31
num_cat=0
split_feature=2 31 23 26 6 37 16 45 20 45 20 45 24 31 2 13 34 26 15 32 10 26 24 38 4 20 23 20 5 10
split_gain=663.925 196.619 141.22 119.225 100.88 88.9871 76.2011 67.7435 64.3458 67.688 57.7069 53.5189 50.9882 49.9218 47.0898 52.3432 44.4584 40.3802 40.0392 39.4436 38.2761 37.7103 36.4835 34.3898 32.3619 27.228 26.7511 28.1566 43.5256 26.1759
threshold=17.500000000000004 5.5000000000000009 5.2708333333333348 25.235119047619055 0.99945175438596501 86.062500000000014 -0.22252093395631442 33.500000000000007 17.562500000000004 15.500000000000002 18.020833333333339 19.500000000000004 16.687500000000004 1.0000000180025095e-35 36.500000000000007 51.500000000000007 8.5000000000000018 16.056547619047624 1.0000000180025095e-35 5.5000000000000009 4.5000000000000009 24.864583333333339 25.782738095238098 108.50000000000001 0.93750000000000011 9.8958333333333339 10.97916666666667 9.8541666666666696 1.0000000180025095e-35 3.5000000000000004
decision_type=2 2 2 2 2 2 2 2 2 2 2 2 2 2 2 2 2 2 2 2 2 2 2 2 2 2 2 2 2 2
left_child=2 4 29 11 5 8 16 -8 9 -2 -6 21 -10 24 20 -16 -7 -13 -17 -19 23 22 -3 -5 25 -4 -15 -28 -29 -1
right_child=1 3 13 14 10 6 7 -9 12 -11 -12 17 -14 26 15 18 -18 19 -20 -21 -22 -23 -24 -25 -26 -27 27 28 -30 -31
leaf_value=-0.013723536388243408 -0.0036779048273609463 0.008017913001261005 -0.019090583172172399 -0.02225825851477805 0.0064004889202275489 -0.0084971633666886225 0.012423927949064158 0.060089217862229295 -0.046750436524950693 0.036474238907507922 0.035686116323072031 0.078427957760868597 -0.0126389173001046 -0.0065841877518267103 0.069157067911530076 0.018519372806248786 0.031054619973218896 0.012486707784317354 0.044250870572589945 0.038079375228741108 0.038367494856257262 -0.050628335691160632 0.053915465517308227 0.017385567865874793 -0.0017540648506837897 -0.04844617410079699 0.0099947300040772249 -0.017335069480707215 0.0002935485248662733 -0.023137239211196592
leaf_weight=1713 950 2710 310 61 365 706 935 81 124 118 312 32 940 3864 110 296 79 455 309 225 205 27 44 530 192 106 542 417 2184 1298
leaf_count=1713 950 2710 310 61 365 706 935 81 124 118 312 32 940 3864 110 296 79 455 309 225 205 27 44 530 192 106 542 417 2184 1298
internal_value=-1.21906e-06 0.00951922 -0.00861495 0.0163824 0.00206952 -0.000999178 0.00718374 0.016224 -0.00791167 0.000758381 0.019897 0.0113063 -0.0166143 -0.0049904 0.0281168 0.0374301 -0.00451679 0.0235379 0.0316616 0.0209549 0.0197512 0.00817471 0.00875121 0.0132937 -0.0187338 -0.0265706 -0.00379788 -0.000372405 -0.00253272 -0.0177817
internal_weight=20240 9614 10626 5004 4610 3933 1801 1016 2132 1068 677 3493 1064 7615 1511 715 785 712 605 680 796 2781 2754 591 608 416 7007 3143 2601 3011
internal_count=20240 9614 10626 5004 4610 3933 1801 1016 2132 1068 677 3493 1064 7615 1511 715 785 712 605 680 796 2781 2754 591 608 416 7007 3143 2601 3011
is_linear=0
shrinkage=0.05


Tree=73
num_leaves=31
num_cat=1
split_feature=1 1 38 10 45 5 10 50 32 28 0 22 32 45 18 15 5 4 13 32 29 6 30 21 42 42 29 9 16 45
split_gain=603.247 163.937 151.466 132.58 203.018 128.924 103.463 144.786 81.9693 76.3344 75.3229 59.0972 51.6714 81.0712 56.7491 42.4149 45.1434 41.7253 41.6507 40.6116 37.0409 35.5411 34.1849 33.1283 33.1236 47.473 31.3021 31.175 30.9667 32.4094
threshold=17.979166666666668 10.35416666666667 158.50000000000003 3.5000000000000004 10.500000000000002 0.93750000000000011 5.5000000000000009 0 6.5000000000000009 31.826388888888893 30.854166666666668 29.770833333333339 3.5000000000000004 4.5000000000000009 -0.5 -0.8783796973249266 0.89583333333333337 0.72916666666666685 46.500000000000007 8.5000000000000018 2.4568311498288522 0.99945175438596501 0.6517857142857143 24.937500000000004 158.14285714285717 148.71428571428575 4.9001211263694486 0.98340517241379322 -0.22252093395631442 9.5000000000000018
decision_type=2 2 2 2 2 2 2 1 2 2 2 2 2 2 2 2 2 2 2 2 2 2 2 2 2 2 2 2 2 2
left_child=1 21 3 4 19 6 7 -5 10 -10 -6 22 13 14 -3 16 -15 24 -8 26 -14 28 27 -7 25 -13 -2 -4 -1 -30
right_child=2 12 11 5 8 23 18 -9 9 -11 -12 17 20 15 -16 -17 -18 -19 -20 -21 -22 -23 -24 -25 -26 -27 -28 -29 29 -31
leaf_value=-0.020622288331790972 0.00059671919658613518 -0.022922912765587895 -0.024177037956642694 0.0026194043021421569 0.018134225380509426 0.014631994541563116 0.059715625977045619 -0.030868218517030251 0.067951044519542758 -0.024112955423501822 0.05338904490446237 0.059079069960121577 -0.00080422079958310233 -0.037713164940523319 -0.0056976214842483844 0.0032905631930121196 -0.000300119394948221 0.028085542458222448 0.005820622510610717 0.018457066100786835 0.010804853839740669 -0.0046140682545383607 0.0059274779585763238 0.04713643716767113 0.083826134730584159 -0.017819373717961405 -0.022650419890972006 0.029058289004724361 -0.015841287062186054 -0.0033147077695308497
leaf_weight=1772 1297 847 29 608 1633 472 38 684 168 26 167 88 2272 139 1098 2031 192 264 633 291 985 892 325 94 78 26 163 532 1643 753
leaf_count=1772 1297 847 29 608 1633 472 38 684 168 26 167 88 2272 139 1098 2031 192 264 633 291 985 892 325 94 78 26 163 532 1643 753
internal_value=-1.15811e-06 -0.00670583 0.0111123 0.00785112 0.013824 -0.000993664 -0.00705558 -0.015328 0.0247332 0.0556126 0.0214051 0.0263584 -0.00204557 -0.00563927 -0.0131988 0.000585682 -0.0160113 0.0409839 0.0088728 0.00140088 0.00270666 -0.0136723 0.018831 0.0200303 0.0587192 0.0415408 -0.00199868 0.0263064 -0.0156108 -0.0119045
internal_weight=20240 12624 7616 6274 3745 2529 1963 1292 1994 194 1800 1342 7564 4307 1945 2362 331 456 671 1751 3257 5060 886 566 192 114 1460 561 4168 2396
internal_count=20240 12624 7616 6274 3745 2529 1963 1292 1994 194 1800 1342 7564 4307 1945 2362 331 456 671 1751 3257 5060 886 566 192 114 1460 561 4168 2396
cat_boundaries=0 1
cat_threshold=60
is_linear=0
shrinkage=0.05


Tree=74
num_leaves=31
num_cat=1
split_feature=1 1 31 50 6 16 6 45 15 45 6 31 31 6 37 32 43 5 1 22 18 20 10 15 38 6 28 31 39 6
split_gain=545.546 162.791 142.046 122.491 119.287 90.058 88.6326 67.6058 65.1698 71.3114 52.019 64.0576 46.5552 91.2363 57.6093 44.124 43.0498 41.5985 43.3098 41.5347 38.9434 37.5398 37.5225 37.3411 36.8761 36.561 32.6385 30.5422 30.2093 25.0802
threshold=19.812500000000004 10.35416666666667 9.5000000000000018 0 0.99945175438596501 -0.22252093395631442 0.61916174883464614 10.500000000000002 1.0000000180025095e-35 17.500000000000004 0.84678992381174678 15.500000000000002 3.5000000000000004 0.99945175438596501 64.612500000000011 3.5000000000000004 23.928571428571434 0.35416666666666669 34.312500000000007 29.770833333333339 0.25000000000000017 8.1458333333333339 1.5000000000000002 -0.8783796973249266 42.500000000000007 0.86913441307432615 0.55763888888888891 12.500000000000002 47.500000000000007 0.5143043154761906
decision_type=2 2 2 1 2 2 2 2 2 2 2 2 2 2 2 2 2 2 2 2 2 2 2 2 2 2 2 2 2 2
left_child=1 26 3 8 5 6 -5 -7 15 29 11 20 13 14 24 19 -17 25 -19 -2 22 -14 -4 -16 -3 -12 -1 -22 -11 -10
right_child=2 12 10 4 -6 7 -8 -9 9 28 17 -13 21 -15 23 16 -18 18 -20 -21 27 -23 -24 -25 -26 -27 -28 -29 -30 -31
leaf_value=-0.018237965141587698 0.011931179452334049 -0.042693429078687645 0.046111723895677748 -0.026114430841136752 0.025963985377128088 -0.0030686567762666862 -0.00057741026226765745 0.014836178448899191 -0.02249739918857813 0.047244467300924568 -0.068822341799736023 0.12610444165766241 0.020458116220913165 0.0069567846658613666 -0.021395263138857454 0.020329852007853335 0.07862792172469199 0.0084232690723870293 0.032829720021746757 -0.021798669290529867 0.042039009714904041 0.00079347170834085604 0.012524525972657671 -0.0020677538992329453 -0.015928410072509131 0.015862867150169154 -0.009916682851183722 0.091432062114134086 0.099770528799103156 0.022809294187657845
leaf_weight=1868 415 153 136 479 538 894 1169 1285 35 234 25 20 258 1059 297 152 40 351 377 117 115 4091 214 1576 810 26 3192 43 31 240
leaf_count=1868 415 153 136 479 538 894 1169 1285 35 234 25 20 258 1059 297 152 40 351 377 117 115 4091 214 1576 810 26 3192 43 31 240
internal_value=-1.79803e-06 -0.00592892 0.0113671 0.00791918 0.00390993 0.000819782 -0.00799988 0.00749018 0.0215629 0.0348795 0.0262164 0.0383326 -0.0015958 -0.00556612 -0.0102423 0.0119285 0.0324753 0.0180042 0.0210623 0.00451315 0.034877 0.00196006 0.0255756 -0.0051325 -0.0201808 -0.0256495 -0.0129887 0.0554814 0.053389 0.017043
internal_weight=20240 13304 6936 5629 4365 3827 1648 2179 1264 540 1307 528 8244 3895 2836 724 192 779 728 532 508 4349 350 1873 963 51 5060 158 265 275
internal_count=20240 13304 6936 5629 4365 3827 1648 2179 1264 540 1307 528 8244 3895 2836 724 192 779 728 532 508 4349 350 1873 963 51 5060 158 265 275
cat_boundaries=0 1
cat_threshold=32
is_linear=0
shrinkage=0.05


Tree=75
num_leaves=31
num_cat=1
split_feature=0 28 37 31 37 31 37 22 31 32 25 24 0 42 9 34 1 45 6 10 32 30 45 5 41 20 16 50 6 4
split_gain=500.378 154.489 91.2743 74.7613 58.3643 55.1104 67.4616 53.1304 52.3504 47.7177 72.4894 43.3154 48.4143 41.7451 41.741 40.8059 40.1643 43.7002 39.0994 37.0122 34.312 40.7046 33.5512 33.084 30.6515 27.9155 28.3999 36.3365 27.7653 26.42
threshold=12.770833333333334 23.336111111111112 53.612500000000004 5.5000000000000009 98.316666666666677 1.5000000000000002 67.537500000000009 17.645833333333339 1.0000000180025095e-35 6.5000000000000009 2.6365878642237894 24.633928571428577 22.312500000000004 176.78571428571431 0.99214260057471271 8.5000000000000018 34.854166666666679 16.500000000000004 0.98840803017137147 3.5000000000000004 3.5000000000000004 0.44940476190476197 26.500000000000004 0.56250000000000011 103.50000000000001 16.395833333333339 1.0000000180025095e-35 0 0.7995064831002332 0.93750000000000011
decision_type=2 2 2 2 2 2 2 2 2 2 2 2 2 2 2 2 2 2 2 2 2 2 2 2 2 2 2 1 2 2
left_child=2 5 -1 4 11 7 9 -2 29 10 -7 12 -3 -13 22 19 -16 -18 -9 -8 21 -6 24 -24 -5 26 -10 -28 -11 -4
right_child=1 3 8 14 20 6 15 18 25 28 -12 13 -14 -15 16 -17 17 -19 -20 -21 -22 -23 23 -25 -26 -27 27 -29 -30 -31
leaf_value=-0.015825858001770689 -0.00073529752996840682 -0.00086798227303439663 -0.02386053978281755 -0.0016542574018239978 0.03236580598129591 0.0014296340780387468 0.014317184954327468 -0.045771342276079624 -0.0063960047307537867 0.022364926449937515 -0.018225330331724795 -0.013838278408314052 0.041458885884324531 0.027680985207802485 0.0065300516629631213 0.030339993052294581 0.016113345056380977 0.039162538643423589 0.025966622239105744 0.0015678492532076188 0.073943047087002348 -0.038915790151804686 0.10327873003076425 0.025160560910792457 0.035061694024045638 -0.053470261202060755 0.013967771783171835 -0.0020353865773796941 0.004965561321208227 -0.002098926289509299
leaf_weight=2754 319 168 517 65 121 2125 1434 139 3551 274 602 448 113 70 470 254 557 326 22 944 38 24 33 23 453 28 407 2365 1405 191
leaf_count=2754 319 168 517 65 121 2125 1434 139 3551 274 602 448 113 70 470 254 557 326 22 944 38 24 33 23 453 28 407 2365 1405 191
internal_value=-1.70813e-06 0.00762496 -0.00810558 0.017409 0.00618052 0.00383914 0.00495712 -0.0125531 -0.00509359 0.00117361 -0.00290931 0.000346875 0.0161531 -0.00822757 0.0231311 0.0112907 0.0183379 0.024623 -0.0359686 0.00925605 0.0316509 0.0205675 0.0344291 0.0711945 0.0304545 -0.00365594 -0.00343535 0.00035733 0.00780501 -0.0179898
internal_weight=20240 10427 9813 2909 982 7518 7038 480 7059 4406 2727 799 281 518 1927 2632 1353 883 161 2378 183 145 574 56 518 6351 6323 2772 1679 708
internal_count=20240 10427 9813 2909 982 7518 7038 480 7059 4406 2727 799 281 518 1927 2632 1353 883 161 2378 183 145 574 56 518 6351 6323 2772 1679 708
cat_boundaries=0 1
cat_threshold=33
is_linear=0
shrinkage=0.05


Tree=76
num_leaves=31
num_cat=0
split_feature=0 0 20 37 45 41 43 15 37 30 4 31 42 25 39 31 16 27 20 5 9 24 22 18 9 31 37 34 28 25
split_gain=451.554 139.61 90.6381 82.3887 79.7656 67.3599 66.3432 83.4694 68.3748 58.0381 48.6566 47.2527 46.287 52.586 44.0645 48.3863 43.9077 48.5467 43.0366 42.8929 42.2122 40.7029 39.2327 38.8289 37.8956 37.7802 26.576 26.2678 45.6783 37.8642
threshold=12.770833333333334 20.562500000000004 20.312500000000004 53.612500000000004 33.500000000000007 60.500000000000007 16.214285714285719 1.0000000180025095e-35 68.27500000000002 0.0059523809523809286 0.10416666666666667 1.0000000180025095e-35 160.57142857142858 0.56354620400795785 26.500000000000004 4.5000000000000009 1.0000000180025095e-35 5.9506337651009504 12.85416666666667 0.93750000000000011 0.99774610136452246 20.163690476190478 27.187500000000004 1.0000000180025095e-35 0.99500547345374935 8.5000000000000018 55.562500000000007 2.5000000000000004 21.121527777777782 2.2113728671422552
decision_type=2 2 2 2 2 2 2 2 2 2 2 2 2 2 2 2 2 2 2 2 2 2 2 2 2 2 2 2 2 2
left_child=3 2 4 -1 18 -4 7 16 20 10 23 -5 26 -14 -6 -16 19 -18 -2 -3 -9 -7 -20 -8 -10 -23 -11 28 29 -13
right_child=1 6 5 11 14 21 9 8 24 12 -12 27 13 -15 15 -17 17 -19 22 -21 -22 25 -24 -25 -26 -27 -28 -29 -30 -31
leaf_value=-0.015034565040910178 0.016837714637881706 -0.025181350593236004 -0.084359316346900803 -0.01709033085006496 0.011361076544832302 -0.035598448778103989 0.046247371034175894 0.017368175393805422 0.012084759825731518 -0.0098826731802646797 0.070951659292853506 -0.0080948344641786369 -0.0018276105280364717 0.03025418842896388 0.1253089606260451 0.037250965145918045 0.014692427189349815 -0.066440858570858838 0.0011429591110481852 0.019438058255582293 -0.023706917767836289 -0.0089716982626888778 0.028777172025575334 0.012863573915434674 0.049191680827142044 0.046406922401750789 0.012427211099637179 -0.00013007804613703508 -0.069041318549164413 0.0078896423225168644
leaf_weight=2754 534 340 35 708 54 139 152 145 111 145 77 2843 155 726 26 39 236 20 4760 64 110 327 132 204 181 34 1681 3053 29 426
leaf_count=2754 534 340 35 708 54 139 152 145 111 145 77 2843 155 726 26 39 236 20 4760 64 110 327 132 204 181 34 1681 3053 29 426
internal_value=-1.32795e-06 0.00724372 0.00235165 -0.00769969 0.00424792 -0.0173022 0.0140861 0.0041232 0.0185662 0.0179158 0.0349123 -0.00483807 0.0151971 0.0246098 0.0447422 0.0724742 -0.00784701 0.00835389 0.00335983 -0.0181129 -0.000350492 -0.0126082 0.00188861 0.0271173 0.035086 -0.00375598 0.0106556 -0.0034722 -0.00656605 -0.00601182
internal_weight=20240 10427 6080 9813 5545 535 4347 1207 547 3140 433 7059 2707 881 119 65 660 256 5426 404 255 500 4892 356 292 361 1826 6351 3298 3269
internal_count=20240 10427 6080 9813 5545 535 4347 1207 547 3140 433 7059 2707 881 119 65 660 256 5426 404 255 500 4892 356 292 361 1826 6351 3298 3269
is_linear=0
shrinkage=0.05


Tree=77
num_leaves=31
num_cat=1
split_feature=1 31 22 23 6 50 45 15 45 1 45 13 16 4 37 34 16 40 40 23 42 20 31 31 22 22 10 45 40 4
split_gain=413.259 138.028 88.1368 87.1611 78.5375 67.7926 79.9707 83.9288 62.3021 78.891 52.5448 46.7285 45.6295 56.2149 44.5734 42.6368 41.875 39.5806 41.4894 39.2351 38.3149 37.779 34.872 33.4409 33.1667 27.7862 22.6127 21.9777 21.1839 24.0369
threshold=17.187500000000004 3.5000000000000004 29.770833333333339 5.2708333333333348 0.9980099482784569 0 22.500000000000004 -0.8783796973249266 20.500000000000004 35.937500000000007 32.500000000000007 70.500000000000014 1.0000000180025095e-35 1.0000000180025095e-35 95.912500000000023 6.5000000000000009 -0.22252093395631442 10.500000000000002 12.500000000000002 34.937500000000007 147.6428571428572 26.604166666666668 11.500000000000002 1.0000000180025095e-35 29.770833333333339 13.395833333333334 3.5000000000000004 9.5000000000000018 7.5000000000000009 0.97916666666666685
decision_type=2 2 2 2 2 1 2 2 2 2 2 2 2 2 2 2 2 2 2 2 2 2 2 2 2 2 2 2 2 2
left_child=3 4 8 26 5 6 24 -8 12 15 20 14 13 -3 -4 -10 -12 21 -19 -14 -7 -13 -11 25 -2 -5 27 -1 29 -25
right_child=1 2 11 23 -6 10 7 -9 9 22 16 17 19 -15 -16 -17 -18 18 -20 -21 -22 -23 -24 28 -26 -27 -28 -29 -30 -31
leaf_value=-0.014449290208075262 0.00052537714813578483 -0.010423889347539772 0.031150142900675942 -0.013078486491153894 0.023362375284917653 -0.022349816019796132 -0.023968891061667819 0.072750097855304674 0.0046242910032390002 0.035316569291782694 -0.020775251550599935 0.022081394369403522 0.010567893934977243 0.0059190588187982606 0.079549763759496281 0.024784384537375564 0.0379898006918949 0.071132820459535798 0.016629273990552213 0.071233230632626349 0.01638666766230017 -0.068085612865308162 0.098107876783857739 -0.012798708449450455 -0.039870171760709061 -0.06910512667635213 -0.018976392418572421 -0.0026305593668290933 -0.001543611401489467 0.00061317432699448408
leaf_weight=1101 861 722 316 585 250 853 32 75 751 281 50 21 2069 1940 56 403 77 37 620 27 69 26 24 987 54 23 1298 612 5515 505
leaf_count=1101 861 722 316 585 250 853 32 75 751 281 50 21 2069 1940 56 403 77 37 620 27 69 26 24 987 54 23 1298 612 5515 505
internal_value=-1.26155e-06 0.00750992 0.0108897 -0.0067971 -0.00310989 -0.00630548 0.00289594 0.0438248 0.00860297 0.0176419 -0.0151532 0.024102 0.00583127 0.00148645 0.0384361 0.0116646 0.014854 0.0165278 0.0196987 0.0113494 -0.0194509 -0.0277982 0.0402575 -0.00394958 -0.00185862 -0.0151979 -0.0139986 -0.0102268 -0.00297355 -0.00825916
internal_weight=20240 9614 7293 10626 2321 2071 1022 107 6217 1459 1049 1076 4758 2662 372 1154 127 704 657 2096 922 47 305 7615 915 608 3011 1713 7007 1492
internal_count=20240 9614 7293 10626 2321 2071 1022 107 6217 1459 1049 1076 4758 2662 372 1154 127 704 657 2096 922 47 305 7615 915 608 3011 1713 7007 1492
cat_boundaries=0 1
cat_threshold=48
is_linear=0
shrinkage=0.05


Tree=78
num_leaves=31
num_cat=1
split_feature=1 1 31 50 6 16 6 40 15 45 6 31 0 5 39 6 32 45 43 20 18 41 29 20 28 6 5 22 31 4
split_gain=374.164 110.902 108.711 96.5918 98.6496 74.6685 70.4365 60.2296 53.078 55.9688 46.8514 56.6492 39.5575 46.5717 38.9346 45.9821 34.9865 38.536 35.6714 33.8241 33.5734 33.0927 31.1091 35.7645 34.2603 29.8581 29.5282 27.5993 27.0725 26.3268
threshold=19.812500000000004 10.35416666666667 9.5000000000000018 0 0.99945175438596501 -0.22252093395631442 0.61916174883464614 18.500000000000004 1.0000000180025095e-35 17.500000000000004 0.84678992381174678 15.500000000000002 33.270833333333336 0.35416666666666669 18.500000000000004 0.99945175438596501 3.5000000000000004 19.500000000000004 23.928571428571434 10.645833333333334 0.25000000000000017 124.50000000000001 2.4981804089746902 12.395833333333334 11.379861111111113 0.61254722367318204 0.56250000000000011 18.562500000000004 12.500000000000002 0.81250000000000011
decision_type=2 2 2 1 2 2 2 2 2 2 2 2 2 2 2 2 2 2 2 2 2 2 2 2 2 2 2 2 2 2
left_child=1 -1 3 8 5 6 -5 -7 16 -10 11 20 13 -12 15 19 17 -2 -18 -3 21 -4 -16 24 -24 -21 -15 -11 -22 -14
right_child=2 14 10 4 -6 7 -8 -9 9 27 12 -13 29 26 22 -17 18 -19 -20 25 28 -23 23 -25 -26 -27 -28 -29 -30 -31
leaf_value=-0.010736781718732213 -0.0089476400655940647 -0.0024174050238589132 0.032219471992089306 -0.024150039441494704 0.022895143870532611 0.00031173338793946941 -0.0013847848284680683 0.018035194211543978 0.014720192037141797 -0.0080825465775671464 -0.043278373686803713 0.11644375495612623 0.077109990000724798 0.045514741462941932 -0.0011411866499878521 0.0064978598167645014 0.017049501807042889 0.018106053149323741 0.070117052239365874 -0.040852022380568093 0.037129014687531672 -0.0011519875860485796 0.00085568580809353015 0.0012145686055230413 0.027932480645686153 -0.013359023311802554 0.0051570028059709574 0.051653604704474457 0.083631879775676626 0.023732200726609386
leaf_weight=5060 293 765 243 479 538 1467 1169 712 275 21 45 20 25 52 4544 511 152 239 40 110 115 107 184 844 320 966 353 244 43 304
leaf_count=5060 293 765 243 479 538 1467 1169 712 275 21 45 20 25 52 4544 511 152 239 40 110 115 107 184 844 320 966 353 244 43 304
internal_value=-1.19849e-06 -0.00490982 0.00941406 0.00639776 0.00284098 2.91844e-05 -0.00800163 0.00610297 0.0185115 0.0305218 0.0224047 0.0339033 0.014611 0.00497703 -0.00133334 -0.00677187 0.00980925 0.00320618 0.0281052 -0.0104551 0.0306537 0.0220173 0.000837642 0.00750811 0.0180473 -0.0161696 0.0103387 0.0469198 0.0497849 0.0277883
internal_weight=20240 13304 6936 5629 4365 3827 1648 2179 1264 540 1307 528 779 450 8244 2352 724 532 192 1841 508 350 5892 1348 504 1076 405 265 158 329
internal_count=20240 13304 6936 5629 4365 3827 1648 2179 1264 540 1307 528 779 450 8244 2352 724 532 192 1841 508 350 5892 1348 504 1076 405 265 158 329
cat_boundaries=0 1
cat_threshold=32
is_linear=0
shrinkage=0.05


Tree=79
num_leaves=31
num_cat=0
split_feature=31 28 6 37 15 45 45 1 10 10 42 32 0 1 23 45 16 1 45 24 34 32 31 36 38 1 30 1 31 38
split_gain=343.537 171.483 151.771 91.5885 57.3791 53.0043 52.4985 65.1 83.0277 81.5769 61.7237 61.5977 52.3167 48.7949 46.0444 45.3933 64.9753 55.1616 40.7916 40.4613 38.2753 38.9487 34.344 34.0705 33.3315 35.3483 29.0553 28.0227 27.1548 29.3043
threshold=3.5000000000000004 18.320833333333336 0.9980099482784569 89.925000000000026 -0.8783796973249266 8.5000000000000018 16.500000000000004 31.854166666666668 3.5000000000000004 5.5000000000000009 117.35714285714288 7.5000000000000009 31.062500000000004 12.35416666666667 20.687500000000004 22.500000000000004 -0.22252093395631442 37.770833333333336 1.0000000180025095e-35 17.949404761904766 6.5000000000000009 5.5000000000000009 13.500000000000002 6.3571428571428585 103.50000000000001 34.604166666666679 0.10119047619047625 12.937500000000002 1.0000000180025095e-35 88.500000000000014
decision_type=2 2 2 2 2 2 2 2 2 2 2 2 2 2 2 2 2 2 2 2 2 2 2 2 2 2 2 2 2 2
left_child=2 13 3 4 18 23 10 20 11 -10 12 -9 22 -2 -7 28 -17 -18 -1 -4 21 -8 -3 -6 25 -12 -26 -20 29 -5
right_child=1 6 19 15 5 14 7 8 9 -11 24 -13 -14 -15 -16 16 17 -19 27 -21 -22 -23 -24 -25 26 -27 -28 -29 -30 -31
leaf_value=-0.0094965451633392487 -0.0060728282036543839 -0.0009414416995332151 0.0041106980463658871 -0.012236635364431717 -0.013346535787098816 0.00011805497586679208 -0.0065473710300235112 0.032684219467449351 -0.0064541795744178856 0.050453843551138078 0.016798277189082 0.085149794688723135 -0.075728200570396753 0.003510126400705148 -0.025689102034084501 -0.010697317850377681 0.019076452298980695 0.089762502443045386 -0.024251914947026172 0.0362369390965726 0.022581274107793637 0.023573996566517274 0.058410424694418907 -0.04069046908042441 0.030230455807732478 -0.019555754577907335 0.013457188963291787 -0.046494358562517407 0.00014800191180237989 -0.068792239645565009
leaf_weight=327 1965 973 1701 151 3294 1360 413 675 261 83 128 61 23 4100 198 83 69 46 463 104 339 145 25 118 324 140 1271 204 1169 27
leaf_count=327 1965 973 1701 151 3294 1360 413 675 261 83 128 61 23 4100 198 83 69 46 463 104 339 145 25 118 324 140 1271 204 1169 27
internal_value=-1.13855e-06 0.00601321 -0.00705641 -0.0101857 -0.0129963 -0.010803 0.0130101 0.019286 0.0275547 0.00727654 0.00870791 0.0370326 -0.00117288 0.000405344 -0.00316167 0.000663667 0.0230175 0.0473509 -0.0239626 0.00596174 0.00933023 0.00127987 0.000545329 -0.0142922 0.014123 -0.00219263 0.0168644 -0.0310547 -0.0026222 -0.0208153
internal_weight=20240 10926 9314 7509 5964 4970 4861 1977 1080 344 2884 736 1021 6065 1558 1545 198 115 994 1805 897 558 998 3412 1863 268 1595 667 1347 178
internal_count=20240 10926 9314 7509 5964 4970 4861 1977 1080 344 2884 736 1021 6065 1558 1545 198 115 994 1805 897 558 998 3412 1863 268 1595 667 1347 178
is_linear=0
shrinkage=0.05


Tree=80
num_leaves=31
num_cat=2
split_feature=31 37 28 34 50 45 16 28 45 29 21 1 37 38 45 4 42 42 50 9 29 24 43 24 35 41 29 45 39 0
split_gain=312.54 141.062 116.606 105.367 68.5195 60.9672 55.2059 80.2457 44.0979 41.1408 38.4261 35.5232 40.5168 34.496 45.5711 39.8651 36.5987 35.0841 33.0012 29.7059 27.9792 27.7307 27.1522 27.5093 42.4998 27.0709 24.914 24.648 23.9413 22.0759
threshold=5.5000000000000009 56.01250000000001 22.550694444444449 4.5000000000000009 0 40.500000000000007 1.0000000180025095e-35 21.629166666666666 23.500000000000004 2.1331379183327313 20.979166666666668 41.687500000000007 95.062500000000014 164.50000000000003 27.500000000000004 0.64583333333333337 134.07142857142858 158.14285714285717 1 0.99351203304597713 4.8437969857271197 27.294642857142858 24.214285714285719 25.580357142857149 7.9285714285714297 53.500000000000007 5.2341159736979153 19.500000000000004 17.500000000000004 12.145833333333334
decision_type=2 2 2 2 1 2 2 2 2 2 2 2 2 2 2 2 2 2 1 2 2 2 2 2 2 2 2 2 2 2
left_child=1 28 9 4 8 18 7 -6 21 -2 22 29 -13 14 16 17 -12 -15 27 -10 -20 -3 23 24 -4 -8 -16 -5 -1 -11
right_child=2 3 10 5 6 -7 25 -9 19 11 13 12 -14 15 26 -17 -18 -19 20 -21 -22 -23 -24 -25 -26 -27 -28 -29 -30 -31
leaf_value=-0.020937724239219736 -0.00068655856496850024 0.0048141751693105408 0.047040593776731726 0.0067258139410361064 -0.0099951303277185724 0.085171376805131649 -0.012863529474581673 -0.050544735894897802 -0.0016355518783841814 0.026923942427667536 -0.0015322820024521629 -0.018833078157363667 0.050327840913087132 0.028504850715084153 0.027257563257948137 0.01664300008663578 0.016584301788094339 0.070118932380014418 0.00267733171787316 0.061439517376129515 -0.018263193527871573 -0.027357003048167263 -0.014935071055184712 0.091590973870972037 -0.018908296859469906 0.00058643957378322093 0.07832701773412766 0.020798369293320459 -0.010900693914764517 0.0094385619508792762
leaf_weight=781 2065 1184 155 1119 3104 24 454 127 28 201 517 180 24 148 104 418 605 77 1703 56 176 71 22 26 29 2126 31 431 2483 1771
leaf_count=781 2065 1184 155 1119 3104 24 454 127 28 201 517 180 24 148 104 418 605 77 1703 56 176 71 22 26 29 2126 31 431 2483 1771
internal_value=-1.08161e-06 -0.00421318 0.00916401 -0.0014152 -0.004879 0.00575719 -0.00722167 -0.011589 0.00530204 0.00436868 0.0187029 0.00916605 -0.0106965 0.0163573 0.0115388 0.0257771 0.00823646 0.0427461 0.00520136 0.0404145 0.000712109 0.00299413 0.0379127 0.0434491 0.0366465 -0.00178034 0.0389846 0.0105707 -0.0133023 0.0112208
internal_weight=20240 13867 6373 10603 7150 3453 5811 3231 1339 4241 2132 2176 204 1900 1257 643 1122 225 3429 84 1879 1255 232 210 184 2580 135 1550 3264 1972
internal_count=20240 13867 6373 10603 7150 3453 5811 3231 1339 4241 2132 2176 204 1900 1257 643 1122 225 3429 84 1879 1255 232 210 184 2580 135 1550 3264 1972
cat_boundaries=0 1 2
cat_threshold=32 168
is_linear=0
shrinkage=0.05


Tree=81
num_leaves=31
num_cat=0
split_feature=31 28 7 37 15 45 20 45 34 16 10 37 42 0 30 1 20 16 45 45 28 25 10 27 42 40 31 0 38 20
split_gain=287.512 142.149 133.156 76.8896 51.2302 47.0441 50.5398 45.0437 58.9661 80.3429 88.8671 53.6444 52.4904 46.871 43.2302 41.1439 49.7951 38.6674 70.6105 36.7673 36.4196 35.8335 33.4343 32.6594 31.8561 31.51 30.8084 30.7736 30.4838 29.3342
threshold=3.5000000000000004 18.320833333333336 0.0020060200722730741 89.925000000000026 -0.8783796973249266 8.5000000000000018 26.812500000000004 16.500000000000004 6.5000000000000009 -0.22252093395631442 3.5000000000000004 69.225000000000009 117.35714285714288 31.062500000000004 0.42261904761904773 12.35416666666667 12.937500000000002 -0.22252093395631442 22.500000000000004 1.0000000180025095e-35 15.677083333333336 0.71870326855142486 3.5000000000000004 5.2495316171844673 119.07142857142858 16.500000000000004 13.500000000000002 22.645833333333339 92.500000000000014 8.0208333333333339
decision_type=2 2 2 2 2 2 2 2 2 2 2 2 2 2 2 2 2 2 2 2 2 2 2 2 2 2 2 2 2 2
left_child=2 15 20 4 19 -6 -7 12 9 10 -9 -11 13 26 17 -2 -17 23 -19 -4 -1 -10 -16 -5 27 -23 -3 -14 -26 -21
right_child=1 7 3 14 5 6 -8 8 21 11 -12 -13 24 -15 22 16 -18 18 -20 29 -22 25 -24 -25 28 -27 -28 -29 -30 -31
leaf_value=0.0031681326287954269 -0.0055532920102677845 -0.0010072356795380994 -0.0085898490558424332 -0.0078261253985405805 -0.013176448559399265 -0.00098400170537978689 -0.05021623391808977 0.022786531215006973 -0.02116374967619777 0.066531175464170728 -0.023150985043655398 0.016829162177574988 0.023315149290097315 -0.07179383862277737 0.0016738497421570086 0.012431795741892786 -5.918867181383004e-05 0.0078207386200729468 0.055829296637441697 -0.01999996987303124 0.025364753805573265 0.018228476549790918 -0.020248276720638742 0.04568855802213112 -0.013613361019607901 0.039053089792204197 0.055206642642617224 0.097157411414775116 0.013323918461544158 -0.041196559905646406
leaf_weight=1596 1965 973 327 355 3412 1504 54 168 35 59 282 680 43 23 369 1085 3015 364 97 382 209 306 329 31 112 447 25 21 1687 285
leaf_count=1596 1965 973 327 355 3412 1504 54 168 35 59 282 680 43 23 369 1085 3015 364 97 382 209 306 329 31 112 447 25 21 1687 285
internal_value=-1.02753e-06 0.00550109 -0.00645542 -0.00938651 -0.0119617 -0.00988927 -0.00269038 0.0118715 0.0176847 0.0106549 -0.00600098 0.0207973 0.00788643 -0.0012254 0.000554193 0.000395355 0.00324635 0.00814671 0.0179223 -0.0223238 0.00573827 0.0282918 -0.00865907 -0.00352831 0.0128801 0.0305905 0.000400928 0.0475446 0.0116469 -0.029057
internal_weight=20240 10926 9314 7509 5964 4970 1558 4861 1977 1189 450 739 2884 1021 1545 6065 4100 847 461 994 1805 788 698 386 1863 753 998 64 1799 667
internal_count=20240 10926 9314 7509 5964 4970 1558 4861 1977 1189 450 739 2884 1021 1545 6065 4100 847 461 994 1805 788 698 386 1863 753 998 64 1799 667
is_linear=0
shrinkage=0.05


Tree=82
num_leaves=31
num_cat=2
split_feature=31 28 6 16 45 50 9 50 36 37 22 45 10 40 10 1 20 39 27 27 25 10 13 20 20 18 13 20 9 28
split_gain=259.479 128.289 120.173 70.1944 145.291 59.3322 58.9684 53.4776 48.0807 43.6789 42.8686 45.272 46.1681 44.9119 42.2359 37.1324 44.9401 39.9141 36.9847 56.894 36.2238 35.2018 34.9471 33.7805 32.4399 32.2863 31.0815 29.567 28.7894 26.4091
threshold=3.5000000000000004 18.320833333333336 0.9980099482784569 -0.22252093395631442 8.5000000000000018 0 0.99029034690799411 1 6.3571428571428585 55.32500000000001 29.770833333333339 30.500000000000004 3.5000000000000004 10.500000000000002 3.5000000000000004 12.35416666666667 12.937500000000002 21.500000000000004 4.3019365669452281 5.1379845452418804 4.0954933024629447 5.5000000000000009 137.50000000000003 19.354166666666668 9.3958333333333339 -0.5 167.50000000000003 8.1458333333333339 0.99043040293040308 19.250694444444449
decision_type=2 2 2 2 2 1 2 1 2 2 2 2 2 2 2 2 2 2 2 2 2 2 2 2 2 2 2 2 2 2
left_child=2 15 3 7 8 6 -6 -1 25 18 11 21 -13 26 -9 -2 17 -17 -3 22 -7 -11 -20 -4 -16 -5 -12 -19 -15 -10
right_child=1 9 23 4 5 20 -8 14 29 10 13 12 -14 28 24 16 -18 27 19 -21 -22 -23 -24 -25 -26 -27 -28 -29 -30 -31
leaf_value=-0.0073645114490268754 -0.0052756274117990139 0.0021637690356654214 0.0037342855716439652 -0.017178838038432464 -0.0083025013155477879 -0.00032089752948304064 0.024037556348182262 -0.00816837297493604 -0.081519990837251824 0.0061059771763014954 0.0073679484667316568 0.039947322870436265 0.003676384471889053 0.04061572526653226 -0.019137970856385685 0.0011635464761758784 -5.6229231110168254e-05 0.050741797688246618 -0.026001876770030886 0.024403972405454388 -0.053022187838659564 0.022561261139597503 -0.11521485713513002 0.032699790681390284 -0.035748032812274309 -0.0058249916098153135 -0.072580491355620322 0.0163748525678977 0.01955821249771552 -0.022174856351002269
leaf_weight=1507 1965 271 1698 1120 182 795 625 498 37 2782 31 235 140 208 782 486 3015 71 21 23 34 368 23 107 471 1420 20 528 739 38
leaf_count=1507 1965 271 1698 1120 182 795 625 498 37 2782 31 235 140 208 782 486 3015 71 21 23 34 368 23 107 471 1420 20 528 739 38
internal_value=-9.76151e-07 0.00522604 -0.00613265 -0.00891719 -0.00468504 0.00700156 0.0165391 -0.0144392 -0.0119964 0.0112779 0.0125735 0.00998346 0.0264062 0.0217218 -0.0203697 0.000375587 0.00308403 0.0118102 -0.00606008 -0.0393237 -0.00245276 0.00802837 -0.0726359 0.00545135 -0.0253817 -0.0108314 -0.0239844 0.0204484 0.0241833 -0.0514518
internal_weight=20240 10926 9314 7509 4251 1636 807 3258 2615 4861 4523 3525 375 998 1751 6065 4100 1085 338 67 829 3150 44 1805 1253 2540 51 599 947 75
internal_count=20240 10926 9314 7509 4251 1636 807 3258 2615 4861 4523 3525 375 998 1751 6065 4100 1085 338 67 829 3150 44 1805 1253 2540 51 599 947 75
cat_boundaries=0 1 2
cat_threshold=97 60
is_linear=0
shrinkage=0.05


Tree=83
num_leaves=31
num_cat=1
split_feature=23 37 31 6 28 37 31 13 6 50 32 6 35 9 1 16 43 45 10 44 42 45 37 38 7 7 26 31 26 37
split_gain=238.109 74.7579 73.2427 55.0487 51.073 45.4231 50.1364 46.6613 42.8856 41.626 48.8844 59.3934 42.9903 41.2469 41.4699 66.3051 33.3781 33.3732 53.2241 80.1945 49.0927 31.4405 28.6513 27.9142 27.0852 33.1732 25.5897 24.0933 31.9571 19.9114
threshold=15.937500000000002 56.01250000000001 3.5000000000000004 0.9980099482784569 22.856250000000003 100.06250000000001 1.0000000180025095e-35 41.500000000000007 0.861300541158872 0 1.5000000000000002 0.99945175438596501 5.6428571428571432 0.99214260057471271 37.770833333333336 -0.22252093395631442 18.928571428571434 19.500000000000004 3.5000000000000004 2.5000000000000004 123.35714285714288 17.500000000000004 101.77500000000002 85.500000000000014 0.49130216754134942 0.4354354354354355 17.849702380952383 3.5000000000000004 15.141369047619049 102.72500000000001
decision_type=2 2 2 2 2 2 2 2 2 1 2 2 2 2 2 2 2 2 2 2 2 2 2 2 2 2 2 2 2 2
left_child=1 27 3 5 17 6 -2 -8 -7 21 11 12 -11 22 16 -16 -15 24 19 -19 -20 -3 23 -6 25 -4 -26 28 -1 -10
right_child=2 9 4 -5 13 8 7 -9 29 10 -12 -13 -14 14 15 -17 -18 18 20 -21 -22 -23 -24 -25 26 -27 -28 -29 -30 -31
leaf_value=-0.012969996688065651 -0.044871624573814071 0.0059518468607244503 0.0034333034021522841 0.022378625976734887 -0.016991026699542999 0.037894422630340145 0.035894852771704636 -0.0082205770217916949 -0.047403270751237875 -0.012918995900507971 -0.00062855848667720373 0.0031353312773144018 -0.064737710792843892 -0.012093405395462619 0.0013318571679443621 0.031776741331226058 0.0088795414119467644 0.10279515567085436 -0.017407002340470042 0.019527218270841123 0.035672068558954474 0.051789951119094325 0.081823584437370311 0.024977937179857579 0.0069341744296252733 0.032194200025584839 -0.027209186041042867 -0.0044281481308008743 -0.058623551109280338 0.015904933886359569
leaf_weight=2237 89 917 2787 197 42 106 63 1234 27 1684 5423 698 41 243 299 445 865 31 175 430 58 39 21 699 92 104 136 996 39 23
leaf_count=2237 89 917 2787 197 42 106 63 1234 27 1684 5423 698 41 243 299 445 865 31 175 430 58 39 21 699 92 104 136 996 39 23
internal_value=-1.10927e-06 -0.00446108 0.00659326 -0.0025101 0.00905643 -0.00568979 -0.00856882 -0.00607773 0.0198893 -0.0020623 -0.00326248 -0.00917102 -0.0141506 0.0144396 0.0104109 0.0195415 0.00427988 0.00536596 0.0152826 0.0251266 -0.00419419 0.00774084 0.0242313 0.0225991 0.00315944 0.00446794 -0.013432 -0.010914 -0.0137523 -0.0182815
internal_weight=20240 12074 8166 1739 6427 1542 1386 1297 156 8802 7846 2423 1725 2614 1852 744 1108 3813 694 461 233 956 762 741 3119 2891 228 3272 2276 50
internal_count=20240 12074 8166 1739 6427 1542 1386 1297 156 8802 7846 2423 1725 2614 1852 744 1108 3813 694 461 233 956 762 741 3119 2891 228 3272 2276 50
cat_boundaries=0 1
cat_threshold=32
is_linear=0
shrinkage=0.05


Tree=84
num_leaves=31
num_cat=2
split_feature=31 37 29 34 45 16 50 28 38 31 37 10 45 20 16 45 6 5 5 10 1 17 0 6 50 20 20 21 34 42
split_gain=217.624 104.652 87.3365 85.4555 55.3007 52.7351 49.9217 48.5369 50.237 44.306 53.1134 45.0076 35.785 36.0849 35.159 34.953 32.2437 47.4864 34.5594 33.1936 31.9305 30.5406 30.2859 29.6825 28.3995 40.7897 26.7133 25.1107 24.8634 21.0137
threshold=5.5000000000000009 56.01250000000001 2.1331379183327313 4.5000000000000009 38.500000000000007 -0.22252093395631442 0 21.786805555555556 163.50000000000003 9.5000000000000018 89.46250000000002 5.5000000000000009 23.500000000000004 27.187500000000004 1.0000000180025095e-35 15.500000000000002 0.84678992381174678 0.10416666666666667 0.35416666666666669 3.5000000000000004 37.854166666666679 0.68301270189221941 24.145833333333339 0.87159520524627765 1 28.562500000000004 23.104166666666668 21.562500000000004 11.500000000000002 57.642857142857146
decision_type=2 2 2 2 2 2 1 2 2 2 2 2 2 2 2 2 2 2 2 2 2 2 2 2 1 2 2 2 2 2
left_child=1 -1 -2 6 24 -6 12 14 -9 10 11 20 13 -3 -8 -13 17 19 23 -11 -4 -14 26 -18 29 -26 -12 -24 -20 -5
right_child=2 3 9 4 5 -7 7 8 -10 16 22 15 21 -15 -16 -17 18 -19 28 -21 -22 -23 27 -25 25 -27 -28 -29 -30 -31
leaf_value=-0.011344562400570206 -0.00018494634427864803 0.0044133803892720622 0.0053744037564620057 -0.013339910244879625 0.0037634630465791341 0.11335391797449278 -0.0087459780702415675 -0.03577904952208287 0.024893497317098084 0.031617452464236875 0.015021401616152039 0.015648769170309516 0.055161118259032575 -0.033038577924975575 -0.00071865146692648429 0.061609516048110005 -0.062831032248558835 0.064074960849191773 0.0086473716062005473 0.0017242333151485404 -0.011656871583810966 -0.01157592081775268 0.057749294989729583 0.016428051995379583 0.0021755629960442629 -0.031452761033647941 -0.033939274112063066 0.024603396089315527 0.030495427190848835 0.01117978435963583
leaf_weight=3264 2284 1187 1683 93 21 23 3108 232 40 319 275 219 60 68 2431 51 27 83 388 131 329 24 73 21 1775 95 31 263 196 1446
leaf_count=3264 2284 1187 1683 93 21 23 3108 232 40 319 275 219 60 68 2431 51 27 83 388 131 329 24 73 21 1775 95 31 263 196 1446
internal_value=-1.05384e-06 -0.00351584 0.00764676 -0.00110587 0.00535336 0.0610494 -0.00422526 -0.0062248 -0.0268566 0.0120213 0.00873609 0.00516178 0.00446546 0.00238411 -0.00522288 0.0243302 0.0202669 0.0293247 0.0126279 0.0229152 0.00258947 0.0360934 0.0214411 -0.0281552 0.00463449 0.000464687 0.0100613 0.0318047 0.0159799 0.00963548
internal_weight=20240 13867 6373 10603 3453 44 7150 5811 272 4089 2924 2282 1339 1255 5539 270 1165 533 632 450 2012 84 642 48 3409 1870 306 336 584 1539
internal_count=20240 13867 6373 10603 3453 44 7150 5811 272 4089 2924 2282 1339 1255 5539 270 1165 533 632 450 2012 84 642 48 3409 1870 306 336 584 1539
cat_boundaries=0 1 2
cat_threshold=32 168
is_linear=0
shrinkage=0.05


Tree=85
num_leaves=31
num_cat=1
split_feature=31 1 6 38 16 45 50 31 6 7 5 24 28 20 22 22 5 6 37 20 31 34 22 1 20 37 32 18 20 4
split_gain=199.705 113.633 86.2491 53.1811 52.4795 67.1255 51.2592 56.4454 53.7646 50.8828 68.4546 44.9001 41.8964 31.3516 29.9172 69.0887 29.7501 35.9757 28.4763 30.1151 46.6866 27.6225 27.2478 26.6556 25.0165 23.6708 32.8456 31.5315 21.9377 42.5263
threshold=2.5000000000000004 19.812500000000004 0.99945175438596501 157.50000000000003 1.0000000180025095e-35 10.500000000000002 0 9.5000000000000018 0.99945175438596501 0.15124954805911936 0.062500000000000014 18.401785714285719 15.591666666666667 17.395833333333339 25.145833333333339 30.937500000000004 0.062500000000000014 0.4272841011790996 99.71250000000002 10.645833333333334 1.0000000180025095e-35 3.5000000000000004 9.9375000000000018 12.895833333333334 34.395833333333336 56.01250000000001 3.5000000000000004 1.0000000180025095e-35 12.145833333333334 1.0000000180025095e-35
decision_type=2 2 2 2 2 2 1 2 2 2 2 2 2 2 2 2 2 2 2 2 2 2 2 2 2 2 2 2 2 2
left_child=2 23 4 6 18 12 14 8 -8 24 11 -11 -6 -9 -3 -16 17 -7 19 22 -21 -20 -1 -2 -5 26 27 -25 29 -27
right_child=1 3 -4 9 5 16 7 13 -10 10 -12 -13 -14 -15 15 -17 -18 -19 21 20 -22 -23 -24 25 -26 28 -28 -29 -30 -31
leaf_value=-0.014556143895348404 -0.0040864668699809193 0.0091722203869899332 0.0055046860740088632 0.0037845228608681027 -0.0072959012634658277 0.0021666513936599691 -0.0012552703442918233 0.043546756193973128 0.018057111399141765 0.070702678967444671 0.070990929765892885 0.016258367305808982 -0.036303578040528077 0.012596349969728169 0.04771268933661061 0.0043874005695113353 -0.010960628282899659 0.027770602415902845 -0.0094396468689260278 -0.052574722764307059 -0.018546015021821207 0.031541983657371021 0.001135450502956851 -0.04289648953918368 0.02340052221244909 0.0023053795902743795 -0.00098355257655327382 0.0060630370083512089 0.0014957474303496658 0.025739787788985332
leaf_weight=1635 3279 492 1117 560 1597 293 2978 96 410 42 84 385 135 554 202 169 150 258 115 116 769 64 333 100 229 530 713 49 2481 305
leaf_count=1635 3279 492 1117 560 1597 293 2978 96 410 42 84 385 135 554 202 169 150 258 115 116 769 64 333 100 229 530 713 49 2481 305
internal_value=-1.00115e-06 0.00344682 -0.0071554 0.00844808 -0.00974302 -0.00427332 0.0060633 0.00366208 0.00108182 0.0174387 0.0297304 0.0216135 -0.00955689 0.0171675 0.0170586 0.0279769 0.0087811 0.0141554 -0.0141321 -0.0153459 -0.0230063 0.005213 -0.011901 -0.000712072 0.00947789 0.00193624 -0.00544528 -0.0267957 0.00385508 0.0108653
internal_weight=20240 13658 6582 6201 5465 2433 4901 4038 3388 1300 511 427 1732 650 863 371 701 551 3032 2853 885 179 1968 7457 789 4178 862 149 3316 835
internal_count=20240 13658 6582 6201 5465 2433 4901 4038 3388 1300 511 427 1732 650 863 371 701 551 3032 2853 885 179 1968 7457 789 4178 862 149 3316 835
cat_boundaries=0 1
cat_threshold=32
is_linear=0
shrinkage=0.05


Tree=86
num_leaves=31
num_cat=2
split_feature=23 34 45 16 37 36 10 45 29 45 1 32 28 5 31 50 1 4 6 18 24 1 1 20 50 27 15 37 42 30
split_gain=181.724 62.6373 62.4608 60.8378 56.428 55.6461 60.6911 68.0036 66.2506 54.8223 50.659 78.3381 40.1359 35.6123 33.7512 57.0088 33.4003 31.417 35.0332 30.5821 29.6251 26.1538 33.4806 22.9316 23.4912 22.0661 20.8057 20.3522 24.8754 44.0704
threshold=15.937500000000002 8.5000000000000018 17.500000000000004 -0.22252093395631442 56.01250000000001 9.2142857142857171 3.5000000000000004 26.500000000000004 3.5334654028272579 10.500000000000002 37.770833333333336 6.5000000000000009 16.323611111111116 0.31250000000000006 1.5000000000000002 0 37.979166666666679 0.97916666666666685 0.92312309539200299 -0.5 18.086309523809529 57.729166666666679 41.937500000000007 3.8125000000000004 1 3.6072209225176048 0.6078576107927941 55.562500000000007 116.64285714285715 0.42857142857142866
decision_type=2 2 2 2 2 2 2 2 2 2 2 2 2 2 2 1 2 2 2 2 2 2 2 2 1 2 2 2 2 2
left_child=4 3 27 5 -1 6 7 -2 -8 16 12 -12 -11 -7 15 -6 19 18 -17 -5 -4 22 -22 -16 -25 -26 -18 -3 -29 -30
right_child=1 2 20 9 14 13 8 -9 -10 10 11 -13 -14 -15 23 17 26 -19 -20 -21 21 -23 -24 24 25 -27 -28 28 29 -31
leaf_value=-0.0095035214557794151 0.0012262120913439786 -0.0047599166462995056 0.089564358368515978 -0.0062960405102648054 -0.037915686308078365 0.082878332039148642 -0.00028533212310722966 0.040745367166974883 -0.020178595134319535 0.049651226956735961 0.019217479633587619 0.075399706416278023 0.0058724539852151149 0.013482940085597485 0.029057738474055902 -0.0074885730180377658 -0.067964626331296227 0.0035555980375856855 -0.041416661547105993 0.007557100333229351 0.028791637255784444 0.071477362681781093 -0.018978889452338946 0.0085471926765024256 -0.00061328145869627402 -0.014073805186769126 -0.0074645923310890788 0.00093643261345403145 0.031479818230650075 0.008008984825321629
leaf_weight=3272 762 236 20 609 132 29 927 127 763 55 492 71 1088 51 67 1254 27 696 81 1152 348 31 41 658 5592 322 30 407 300 600
leaf_count=3272 762 236 20 609 132 29 927 127 763 55 492 71 1088 51 67 1254 27 696 81 1152 348 31 41 658 5592 322 30 407 300 600
internal_value=-9.51093e-07 0.00575996 0.0134925 0.00328001 -0.00389723 -0.00242972 -0.00370366 0.00687181 -0.00926673 0.00758823 0.014026 0.0263026 0.00797904 0.0386388 -0.00181318 -0.00723752 0.00154703 -0.0050322 -0.00954713 0.00276632 0.0301101 0.0272789 0.0237567 -4.59169e-05 -0.000342622 -0.0013439 -0.0361225 0.00875381 0.0111939 0.0158326
internal_weight=20240 8166 1983 6183 12074 2659 2579 889 1690 3524 1706 563 1143 80 8802 2163 1818 2031 1335 1761 440 420 389 6639 6572 5914 57 1543 1307 900
internal_count=20240 8166 1983 6183 12074 2659 2579 889 1690 3524 1706 563 1143 80 8802 2163 1818 2031 1335 1761 440 420 389 6639 6572 5914 57 1543 1307 900
cat_boundaries=0 1 2
cat_threshold=5 32
is_linear=0
shrinkage=0.05


Tree=87
num_leaves=31
num_cat=1
split_feature=31 1 4 36 15 45 43 50 20 40 44 39 32 37 15 45 41 4 1 20 6 18 8 20 28 35 42 39 44 41
split_gain=168.932 94.2577 74.7623 54.9883 53.6359 73.0831 47.8775 46.0295 47.4631 64.8157 35.8398 39.0852 34.9179 34.8565 30.8547 31.4335 28.8082 23.9911 22.8279 23.5939 32.3137 31.2634 23.0396 21.6606 20.5646 20.1301 21.6546 19.4358 18.108 15.9384
threshold=2.5000000000000004 19.812500000000004 0.97916666666666685 5.9285714285714297 -0.8783796973249266 10.500000000000002 11.214285714285717 0 18.729166666666668 10.500000000000002 4.5000000000000009 13.500000000000002 6.5000000000000009 94.387500000000017 1.0000000180025095e-35 26.500000000000004 141.50000000000003 0.22916666666666671 12.895833333333334 8.5208333333333339 0.5389182735400645 0.25000000000000017 0.10947712418300655 16.937500000000004 22.856250000000003 4.5000000000000009 82.785714285714292 20.500000000000004 5.5000000000000009 58.500000000000007
decision_type=2 2 2 2 2 2 2 1 2 2 2 2 2 2 2 2 2 2 2 2 2 2 2 2 2 2 2 2 2 2
left_child=2 18 3 4 25 17 10 14 12 -10 11 -3 -9 -7 16 -16 -8 -6 -2 21 29 27 -22 -13 -4 -1 -27 -20 -12 -21
right_child=1 6 24 -5 5 13 7 8 9 -11 28 23 -14 -15 15 -17 -18 -19 19 20 22 -23 -24 -25 -26 26 -28 -29 -30 -31
leaf_value=-0.016798896003566474 -0.0037410632647858128 0.043260170260201333 0.002176694494604824 -0.050986901444347602 -0.0083912654279029372 0.00092388933009784034 0.0019245991099456974 0.010341294154593672 -0.017203745581662582 0.0060296334873611128 0.060835654042999857 -0.0077679438805840556 0.03026849365398436 0.025609847515561553 0.023006366591541452 0.063674782214791711 0.027725651530841462 -0.020336485466838857 -0.00041270706929082493 -0.043759850137945963 0.0019600349461281002 0.060102374308875633 -0.038795265252036713 -0.038261540870724337 0.053197006955742837 -0.075125947122772541 -0.027155006709380439 0.029708740822679831 0.0015224487550797002 -0.0042526259645819667
leaf_weight=753 3279 23 1582 79 2483 848 353 808 329 3428 22 103 302 172 459 53 156 506 162 59 3762 35 35 134 20 30 109 80 31 45
leaf_count=753 3279 23 1582 79 2483 848 353 808 329 3428 22 103 302 172 459 53 156 506 162 59 3762 35 35 134 20 30 109 80 31 45
internal_value=-1.62902e-06 0.00316944 -0.00658176 -0.00960414 -0.00893709 -0.0064698 0.00772441 0.00873738 0.00666525 0.00399509 -0.0113309 -0.0189698 0.0157629 0.00508662 0.0183698 0.0272162 0.00983219 -0.0104134 -0.000618332 0.00183247 0.000831227 0.0159329 0.00158436 -0.025009 0.00281365 -0.0200261 -0.0375084 0.0095448 0.026143 -0.0266654
internal_weight=20240 13658 6582 4980 4901 4009 6201 5888 4867 3757 313 260 1110 1020 1021 512 509 2989 7457 4178 3901 277 3797 237 1602 892 139 242 53 104
internal_count=20240 13658 6582 4980 4901 4009 6201 5888 4867 3757 313 260 1110 1020 1021 512 509 2989 7457 4178 3901 277 3797 237 1602 892 139 242 53 104
cat_boundaries=0 1
cat_threshold=32
is_linear=0
shrinkage=0.05


Tree=88
num_leaves=31
num_cat=3
split_feature=31 37 34 25 45 16 31 39 1 37 45 16 28 16 50 50 40 9 46 20 50 20 6 30 20 31 25 42 20 27
split_gain=153.381 76.7947 69.0179 63.3902 49.9168 46.4968 40.9845 49.0667 50.9732 40.0358 47.2353 39.2353 38.4282 30.6414 63.3761 37.6833 26.0203 24.3041 23.0417 35.8374 22.9403 35.1206 22.4237 21.4608 19.0612 18.7827 18.6021 18.473 21.0244 18.1439
threshold=5.5000000000000009 56.187500000000007 4.5000000000000009 1.1057472214028163 38.500000000000007 -0.22252093395631442 9.5000000000000018 54.500000000000007 31.604166666666668 99.71250000000002 23.500000000000004 1.0000000180025095e-35 21.786805555555556 -0.22252093395631442 0 1 24.500000000000004 0.98110569985569995 0.87500000000000011 15.85416666666667 2 28.562500000000004 0.4272841011790996 0.029761904761904791 16.770833333333339 14.500000000000002 3.2790155213201659 70.642857142857153 13.10416666666667 4.3019365669452281
decision_type=2 2 2 2 2 2 2 2 2 2 2 2 2 2 1 1 2 2 2 2 1 2 2 2 2 2 2 2 2 2
left_child=1 18 9 24 20 -6 7 13 -9 11 26 12 -3 14 -5 -15 -13 -8 19 -1 -4 -22 -19 -10 -2 -24 -11 28 -20 -29
right_child=3 2 4 6 5 -7 17 8 23 10 -12 16 -14 15 -16 -17 -18 22 27 -21 21 -23 25 -25 -26 -27 -28 29 -30 -31
leaf_value=-0.0085285764113659911 -0.006443683188716254 -0.0072360125034050997 0.0087628444771614862 -0.014036435851364696 0.0040705879263225053 0.10697506892940273 0.072521104444749657 0.01065072577409658 0.096130124893453392 0.0067132342047655259 0.075081606507301335 -0.0016464587674328451 -0.030414224115924704 0.018763570884447307 0.0091411663998012191 0.0034361855105444691 0.021409835429949453 0.061122646921181259 -0.013277884944966293 -0.067737398136320501 0.0020883082528169879 -0.029277360562155859 0.013155724870351049 0.042589057511726369 0.0032693731344146785 0.031514420731713073 -0.037223792979493735 -0.0060830611999729903 -0.045871836156584328 -0.039633089194937451
leaf_weight=63 859 3322 1533 517 21 23 20 143 27 662 25 2782 189 651 660 1059 128 28 744 43 1765 94 959 61 1226 163 25 2354 53 41
leaf_count=63 859 3322 1533 517 21 23 20 143 27 662 25 2782 189 651 660 1059 128 28 744 43 1765 94 959 61 1226 163 25 2354 53 41
internal_value=-1.54758e-06 -0.00295229 -0.000873776 0.00641896 0.00494784 0.0578616 0.00989621 0.00690182 0.0290758 -0.00367807 0.00757108 -0.00492545 -0.00848371 0.0051276 -0.00108124 0.00940117 -0.000632299 0.0178761 -0.00961323 -0.0325472 0.00426146 0.000499621 0.0169258 0.0590164 -0.000732313 0.0158228 0.00511436 -0.00885164 -0.0154454 -0.0066574
internal_weight=20240 13867 10569 6373 3436 44 4288 3118 231 7133 712 6421 3511 2887 1177 1710 2910 1170 3298 106 3392 1859 1150 88 2085 1122 687 3192 797 2395
internal_count=20240 13867 10569 6373 3436 44 4288 3118 231 7133 712 6421 3511 2887 1177 1710 2910 1170 3298 106 3392 1859 1150 88 2085 1122 687 3192 797 2395
cat_boundaries=0 1 2 3
cat_threshold=9 33 168
is_linear=0
shrinkage=0.05


Tree=89
num_leaves=31
num_cat=1
split_feature=31 26 6 16 45 29 23 22 50 32 27 6 32 0 23 27 44 29 15 10 20 20 0 35 21 20 28 45 28 26
split_gain=143.741 76.7244 66.7115 42.4767 51.6855 39.0504 31.1069 30.215 30.4558 35.5208 48.7057 48.2046 31.6423 46.6042 28.925 39.4759 28.6593 38.969 26.1258 25.905 26.4623 23.4052 34.0949 24.9226 27.0119 22.1969 18.5929 18.1157 17.5959 12.2869
threshold=2.5000000000000004 19.531250000000004 0.99945175438596501 1.0000000180025095e-35 10.500000000000002 3.4402746261760089 31.145833333333339 12.562500000000002 0 6.5000000000000009 5.0542260428078469 0.99945175438596501 4.5000000000000009 26.062500000000004 27.979166666666668 4.8878627288419434 8.5000000000000018 4.2829232393001426 1.0000000180025095e-35 5.5000000000000009 20.187500000000004 19.229166666666668 19.312500000000004 6.6428571428571432 12.937500000000002 21.395833333333339 15.677083333333336 8.5000000000000018 14.572222222222225 13.069940476190478
decision_type=2 2 2 2 2 2 2 2 1 2 2 2 2 2 2 2 2 2 2 2 2 2 2 2 2 2 2 2 2 2
left_child=2 6 3 21 5 28 16 -3 12 11 -11 -10 18 -14 15 -6 19 -18 -9 20 -2 23 -23 24 -1 -21 -4 -24 -5 -7
right_child=1 7 26 4 14 29 -8 8 9 10 -12 -13 13 -15 -16 -17 17 -19 -20 25 -22 22 27 -25 -26 -27 -28 -29 -30 -31
leaf_value=-0.012643924297458399 -0.00049233722474511501 -0.050292580913413654 0.0031310357664571225 -0.0050087113172886805 0.0069893453464595582 -0.017013069411570377 0.061027192754582286 0.0026004223849061723 -0.00069666316430890755 0.0089648402981536909 0.036400597734417728 0.021705293539539067 -0.0054914546482588943 0.053983258579632848 -0.038409619801677765 0.055479180121587382 -8.3562041468480055e-06 0.082224624648690237 0.022245432733069243 0.0061450325959907445 -0.014594566074117014 -0.063825431779026984 0.024044242954772452 -0.059690179245976305 0.00097321674714934223 0.056895203439688138 0.026595667800701567 -0.023065379425080607 -0.023013008420586886 -0.063533637665095746
leaf_weight=2320 7543 22 1025 1521 624 22 21 336 1848 1455 182 276 46 116 32 45 34 25 341 1043 348 50 23 26 432 22 92 181 149 40
leaf_count=2320 7543 22 1025 1521 624 22 21 336 1848 1455 182 276 46 116 32 45 34 25 341 1043 348 50 23 26 432 22 92 181 149 40
internal_value=-8.26253e-07 0.00292427 -0.00607056 -0.0083463 -0.00342541 -0.00806168 0.000244052 0.00816409 0.00844367 0.006463 0.0120151 0.00221433 0.0170423 0.0370954 0.00802968 0.010251 0.000102461 0.0348361 0.0124955 -0.000126356 -0.00111426 -0.012295 -0.0268232 -0.0109667 -0.0105063 0.00719339 0.00506366 -0.017754 -0.00661508 -0.0470263
internal_weight=20240 13658 6582 5465 2433 1732 9036 4622 4600 3761 1637 2124 839 162 701 669 9015 59 677 8956 7891 3032 254 2778 2752 1065 1117 204 1670 62
internal_count=20240 13658 6582 5465 2433 1732 9036 4622 4600 3761 1637 2124 839 162 701 669 9015 59 677 8956 7891 3032 254 2778 2752 1065 1117 204 1670 62
cat_boundaries=0 1
cat_threshold=32
is_linear=0
shrinkage=0.05


Tree=90
num_leaves=31
num_cat=0
split_feature=31 1 4 5 35 15 45 35 38 27 34 37 10 25 25 25 30 48 7 24 21 28 41 25 6 27 29 20 9 21
split_gain=129.726 70.9544 60.3524 51.1503 47.6774 41.8751 62.5356 42.0487 40.3675 37.5153 36.1864 51.8175 79.2987 35.7028 34.9773 30.4601 29.4395 36.2268 28.3737 27.6518 45.266 30.6731 26.9119 29.2774 24.3913 20.2645 20.1413 34.7764 19.6466 19.0305
threshold=2.5000000000000004 19.812500000000004 0.97916666666666685 0.14583333333333334 5.9285714285714297 -0.8783796973249266 15.500000000000002 6.7857142857142865 165.50000000000003 4.8268713389874032 3.5000000000000004 64.612500000000011 3.5000000000000004 5.9444174996093997 3.3177711969292472 1.1057472214028163 0.0059523809523809703 0.94642857142857151 0.20238987649032633 22.017857142857146 18.395833333333339 23.902083333333334 132.50000000000003 4.1617381555335022 0.94228245507773079 4.0814949101490479 1.1543271743872061 3.8125000000000004 0.99964080459770133 10.85416666666667
decision_type=2 2 2 2 2 2 2 2 2 2 2 2 2 2 2 2 2 2 2 2 2 2 2 2 2 2 2 2 2 2
left_child=2 26 3 5 18 25 7 -7 10 -8 19 13 -13 -12 16 -6 17 -10 24 21 -21 -3 23 -16 -5 -1 -2 -28 -18 -20
right_child=1 8 -4 4 15 6 9 -9 14 -11 11 12 -14 -15 22 -17 28 -19 29 20 -22 -23 -24 -25 -26 -27 27 -29 -30 -31
leaf_value=-0.014511627407095018 -0.0038111997047646632 0.00035354554089430518 0.0026745138527070377 -0.0086464727511206142 -0.011716181725602258 -0.0058936334887043527 0.0082535136169395781 -0.07233412813705703 0.012252008889077438 0.051285094718138385 0.0020689252546560273 0.019282007785107937 -0.00036461158882622696 -0.042988522011372779 0.073903538175890668 -0.083001501779963682 0.01033210359113582 0.092585385558397876 -0.029757882646003438 -0.072198798885989582 -0.0091309867224944052 0.052193658600250881 0.018092933553394187 0.024481907332571405 -0.035608193613957652 -0.044313818139715064 0.047954334560781721 0.0011294687077687922 -0.013830536826998183 -0.088793794289231301
leaf_weight=713 2851 584 1602 495 22 3068 325 24 36 60 1912 1422 804 45 58 47 560 23 43 31 346 30 189 62 101 62 40 4566 99 20
leaf_count=713 2851 584 1602 495 22 3068 325 24 36 60 1912 1422 804 45 58 47 560 23 43 31 346 30 189 62 101 62 40 4566 99 20
internal_value=-7.84913e-07 0.00277806 -0.00576703 -0.00848256 -0.020729 -0.0063858 -0.00404319 -0.00640934 0.00673006 0.0149597 0.00493273 0.00696801 0.0121859 0.00103286 0.0157849 -0.0602728 0.0097316 0.0435684 -0.0165886 -0.00365813 -0.0143169 0.00288645 0.0298506 0.048369 -0.0132155 -0.0168958 -0.000508301 0.00153611 0.00670221 -0.0484994
internal_weight=20240 13658 6582 4980 728 4252 3477 3092 6201 385 5174 4183 2226 1957 1027 69 718 59 659 991 377 614 309 120 596 775 7457 4606 659 63
internal_count=20240 13658 6582 4980 728 4252 3477 3092 6201 385 5174 4183 2226 1957 1027 69 718 59 659 991 377 614 309 120 596 775 7457 4606 659 63
is_linear=0
shrinkage=0.05


Tree=91
num_leaves=31
num_cat=1
split_feature=28 31 39 30 10 10 34 6 31 20 0 20 37 32 39 41 16 42 39 20 50 43 25 0 27 18 22 20 34 29
split_gain=119.48 56.712 51.7388 47.8204 69.8319 49.227 46.6904 36.08 35.9233 39.8064 35.3471 60.3361 26.9692 28.4976 26.1789 25.2428 19.9796 19.2414 17.6209 28.6781 17.9994 17.6559 16.2725 16.0961 15.5572 15.1074 14.2684 13.3637 12.8123 16.5212
threshold=12.41527777777778 1.0000000180025095e-35 24.500000000000004 0.005952380952380959 3.5000000000000004 5.5000000000000009 3.5000000000000004 0.9980099482784569 9.5000000000000018 19.479166666666668 36.104166666666679 37.270833333333336 61.287500000000016 6.5000000000000009 25.500000000000004 102.50000000000001 -0.56174490092936669 74.785714285714292 19.500000000000004 13.10416666666667 0 8.7857142857142865 1.5854726557890102 13.312500000000002 5.1379845452418804 -0.9330127018922193 13.937500000000002 23.687500000000004 2.5000000000000004 3.4402746261760089
decision_type=2 2 2 2 2 2 2 2 2 2 2 2 2 2 2 2 2 2 2 2 1 2 2 2 2 2 2 2 2 2
left_child=12 14 7 4 6 -6 -4 8 9 -3 11 -5 13 18 17 -16 -10 -2 19 23 21 -20 -19 -1 -12 -21 28 -9 -14 -30
right_child=1 2 3 10 5 -7 -8 27 16 -11 24 -13 26 -15 15 -17 -18 22 20 25 -22 -23 -24 -25 -26 -27 -28 -29 29 -31
leaf_value=-0.011522618505903345 0.021692652255296707 -0.0010884371894410499 0.0056296239807098001 0.0038370254252293105 -0.0079514382395454077 0.021228538072386453 0.030457603641233351 0.0083974367854810824 -0.0061320799216628072 -0.015451483965465897 0.030803929567860561 -0.077304682848246209 -0.0046323278675849764 0.027789955995311696 -0.099529960192739964 -0.023472079564817252 0.055334919687503807 -0.059859501415242759 -0.0040443011175806598 -0.0037052781805396087 -0.0065168700321591643 0.037632767048974836 -0.012706700966137087 0.029873795326178273 -0.0088353329948310192 -0.048105011725934538 0.018160057770694758 0.049040826653972983 0.00055080256013771397 -0.033086913631524183
leaf_weight=1088 30 1778 270 5867 441 215 634 548 20 662 169 23 2977 56 20 24 39 24 54 25 2154 48 77 24 29 82 86 21 2718 37
leaf_count=1088 30 1778 270 5867 441 215 634 548 20 662 169 23 2977 56 20 24 39 24 54 25 2154 48 77 24 29 82 86 21 2718 37
internal_value=-7.45688e-07 0.00355852 0.0040196 0.00622007 0.0140306 0.00161212 0.0230422 -0.00146579 -0.0040531 -0.0049853 0.0042187 0.00352017 -0.00414707 -0.00759421 -0.0246754 -0.0580438 0.0344986 -0.0134677 -0.00816443 -0.0130081 -0.00554722 0.0141784 -0.0239113 -0.0106292 0.0249982 -0.0377312 -0.00205497 0.00989746 -0.00235826 9.90438e-05
internal_weight=20240 10891 10716 7648 1560 656 904 3068 2499 2440 6088 5890 9349 3531 175 44 59 131 3475 1219 2256 102 101 1112 198 107 5818 569 5732 2755
internal_count=20240 10891 10716 7648 1560 656 904 3068 2499 2440 6088 5890 9349 3531 175 44 59 131 3475 1219 2256 102 101 1112 198 107 5818 569 5732 2755
cat_boundaries=0 1
cat_threshold=5
is_linear=0
shrinkage=0.05


Tree=92
num_leaves=31
num_cat=2
split_feature=31 1 6 43 20 0 37 15 25 50 40 31 38 23 34 0 20 28 23 23 38 50 1 21 29 20 37 31 43 28
split_gain=107.964 59.0388 53.5575 40.229 37.7448 57.6855 44.2674 35.9867 34.0008 32.849 31.3192 36.9883 30.2713 30.8389 30.0813 28.469 27.6638 31.1016 27.2658 26.7303 24.7306 18.4721 19.6509 18.734 17.6655 31.4834 17.1118 26.5946 24.3856 16.4842
threshold=2.5000000000000004 19.812500000000004 0.99945175438596501 11.214285714285717 18.729166666666668 20.312500000000004 96.71250000000002 -0.8783796973249266 1.8393884493833503 0 6.5000000000000009 9.5000000000000018 143.50000000000003 27.979166666666668 3.5000000000000004 22.437500000000004 10.895833333333334 10.300694444444446 20.937500000000004 8.1458333333333339 145.50000000000003 1 14.250000000000002 12.395833333333334 1.4851881830612623 3.8125000000000004 56.01250000000001 3.5000000000000004 7.3571428571428585 15.677083333333336
decision_type=2 2 2 2 2 2 2 2 2 1 2 2 2 2 2 2 2 2 2 2 2 1 2 2 2 2 2 2 2 2
left_child=2 24 7 10 15 8 -7 21 -6 12 18 14 13 -9 -12 20 17 -11 -3 -18 -5 22 -1 -24 -2 -26 27 -27 -28 -4
right_child=1 3 29 4 5 6 -8 9 -10 16 11 -13 -14 -15 -16 -17 19 -19 -20 -21 -22 -23 23 -25 25 26 28 -29 -30 -31
leaf_value=-0.014392251899392396 -0.0029589606772884181 0.069201373853831599 0.002895281991171764 0.010617148886765565 0.005072315337871309 0.0056090252195305701 0.023533123306422959 0.004676857749796791 -0.017012174477176217 -0.0067859993506166495 -0.051975732977901194 0.031314245129332827 0.058134051706641911 -0.03942189520845811 -0.012963275187731988 0.055154178433475046 -0.047383138238162294 0.010690030457240575 -0.012371593378484251 -0.012954596710594443 0.031973045668865163 -0.012359435485124713 -0.091618989557027825 -0.036659796687139978 0.047808166419634146 -0.027888342836640975 -0.012713801350317928 -0.0013048850251481871 0.0042726578313337189 0.024989311508429441
leaf_weight=76 3635 21 1025 1081 294 3506 382 707 428 2619 70 34 25 42 168 42 61 282 20 744 155 820 20 69 37 113 228 562 2882 92
leaf_count=76 3635 21 1025 1081 294 3506 382 707 428 2619 70 34 25 42 168 42 61 282 20 744 155 820 20 69 37 113 228 562 2882 92
internal_value=-8.694e-07 0.0025342 -0.00526128 0.00613913 0.00706766 0.00495986 0.00737009 -0.00730035 -0.00801932 -0.00539785 -0.011328 -0.0174686 0.0039594 0.00220403 -0.0244375 0.0146709 -0.00734299 -0.00508719 0.0294097 -0.0155635 0.0132953 -0.0159533 -0.0311755 -0.0490102 -0.000463537 0.00190979 0.00146112 -0.00575515 0.00302735 0.00471502
internal_weight=20240 13658 6582 6201 5888 4610 3888 5465 722 4480 313 272 774 749 238 1278 3706 2901 41 805 1236 985 165 89 7457 3822 3785 675 3110 1117
internal_count=20240 13658 6582 6201 5888 4610 3888 5465 722 4480 313 272 774 749 238 1278 3706 2901 41 805 1236 985 165 89 7457 3822 3785 675 3110 1117
cat_boundaries=0 1 2
cat_threshold=33 65
is_linear=0
shrinkage=0.05


Tree=93
num_leaves=31
num_cat=3
split_feature=31 50 18 45 25 21 25 45 15 32 45 31 6 16 4 50 20 36 41 25 23 45 4 6 50 27 23 15 39 0
split_gain=99.2325 60.9908 50.9378 52.3585 48.2889 37.8627 39.6184 37.0649 55.3084 39.8906 35.1915 32.8358 44.6257 31.197 48.4044 43.8555 29.622 44.115 32.584 28.2677 35.0378 26.8252 32.3566 83.6365 30.9752 27.5226 30.8826 24.908 24.1232 23.1638
threshold=5.5000000000000009 0 -0.5 39.500000000000007 1.1057472214028163 25.604166666666668 5.7165824815765598 29.500000000000004 1.0000000180025095e-35 1.5000000000000002 22.500000000000004 12.500000000000002 0.67523740120804165 1.0000000180025095e-35 0.97916666666666685 1 27.354166666666668 2.3571428571428572 141.50000000000003 2.6365878642237894 27.895833333333339 30.500000000000004 1.0000000180025095e-35 0.6876548648202192 2 3.4243059026757563 25.020833333333339 0.6078576107927941 25.500000000000004 22.312500000000004
decision_type=2 1 2 2 2 2 2 2 2 2 2 2 2 2 2 1 2 2 2 2 2 2 2 2 1 2 2 2 2 2
left_child=1 10 3 5 -2 6 -3 13 9 -9 16 21 -13 14 -4 -15 29 -18 -19 20 -12 22 24 -24 -6 27 -27 -23 -7 -1
right_child=4 2 7 -5 11 28 -8 8 -10 -11 19 12 -14 15 -16 -17 17 18 -20 -21 -22 25 23 -25 -26 26 -28 -29 -30 -31
leaf_value=0.0045289714508077398 -0.0010784375401324319 -0.0069169385707623394 -0.0090246760170632264 0.073025786568177861 0.014285997805639595 -0.013598523283643383 -0.066573710713003373 -0.049093397778849447 0.053969306558370594 0.014423650653544265 0.092735254907359677 0.063826495436104858 0.015179642836358682 0.021904792445748032 0.0023193362591200049 0.00030126739637422991 -0.064089849420093201 -0.024225797099856342 0.022776733784338657 0.013765166817941297 0.014965190728461104 0.014723701785008113 0.071334823955483032 0.0077842934476732547 -0.0044247218970909592 0.020750766859738253 0.066914441527760757 -0.042904969215393073 -0.055732865003643162 0.033393523765549264
leaf_weight=1452 2085 4591 2415 20 269 70 28 31 75 122 30 55 330 247 1540 2751 37 82 67 142 28 75 53 2235 1058 139 49 25 66 73
leaf_count=1452 2085 4591 2415 20 269 70 28 31 75 122 30 55 330 247 1540 2751 37 82 67 142 28 75 53 2235 1058 139 49 25 66 73
internal_value=-1.13123e-06 -0.00237454 -0.00369927 -0.0077046 0.00516316 -0.00804416 -0.00727857 -0.00104108 0.018796 0.00155418 0.00590199 0.00819809 0.0221292 -0.00169157 -0.00460754 0.00215521 0.00361309 -0.0152247 -0.00309043 0.0257787 0.0551911 0.00682389 0.0056539 0.0092564 -0.000557505 0.0215098 0.0327828 0.000316534 -0.0340461 0.00591068
internal_weight=20240 13867 11956 4775 6373 4755 4619 7181 228 153 1911 4288 385 6953 3955 2998 1711 186 149 200 58 3903 3615 2288 1327 288 188 100 136 1525
internal_count=20240 13867 11956 4775 6373 4755 4619 7181 228 153 1911 4288 385 6953 3955 2998 1711 186 149 200 58 3903 3615 2288 1327 288 188 100 136 1525
cat_boundaries=0 1 2 3
cat_threshold=32 1 32
is_linear=0
shrinkage=0.05


Tree=94
num_leaves=31
num_cat=2
split_feature=34 45 32 50 6 16 50 5 15 25 45 30 0 20 45 5 5 25 39 15 37 44 37 27 20 29 28 0 35 5
split_gain=95.4073 72.8321 67.6114 73.0795 55.5666 46.6169 42.3062 38.9059 43.9212 37.9563 33.3854 32.3074 31.6166 30.4273 30.1942 27.5106 32.7291 30.797 26.1188 40.1041 62.0118 32.8362 25.6696 31.9091 31.3051 26.3199 24.7067 38.1329 27.3762 24.6461
threshold=6.5000000000000009 16.500000000000004 6.5000000000000009 0 0.78372554448135856 -0.22252093395631442 1 1.0000000180025095e-35 -0.8783796973249266 1.9352105008343956 9.5000000000000018 0.66369047619047639 36.812500000000007 20.312500000000004 11.500000000000002 0.10416666666666667 0.64583333333333337 2.0657191884653883 52.500000000000007 -0.8783796973249266 76.862500000000026 2.5000000000000004 54.862500000000004 3.8286154313784277 24.145833333333339 3.7904492844293762 33.215972222222227 32.104166666666679 10.785714285714286 0.56250000000000011
decision_type=2 2 2 1 2 2 1 2 2 2 2 2 2 2 2 2 2 2 2 2 2 2 2 2 2 2 2 2 2 2
left_child=2 22 3 12 7 6 -5 8 -4 -8 -7 18 -1 -12 -10 17 -17 -6 19 20 -3 -21 23 25 -25 -2 -24 -28 -29 -20
right_child=1 11 4 5 15 10 9 -9 14 -11 13 -13 -14 -15 -16 16 -18 -19 29 21 -22 -23 26 24 -26 -27 27 28 -30 -31
leaf_value=0.0051035013973615949 -0.0063359940210940824 -0.0783250712864101 -0.027498556557111444 -0.0010356684503063805 -0.070817141476328727 -0.0043532041053883355 -0.0080272988977833099 0.050965041286851233 0.010496952959318769 -0.019803613784941897 0.0054243615686073998 -0.0018320923808654958 0.064056069954581893 -0.0094277495045792768 0.041718672938858635 0.017436665202938906 -0.0030074864293380328 -0.00058571656008024468 0.066810929605720992 0.042875505725194697 0.0094606147192924928 0.016796188925541678 0.0032430235322906138 -0.015720098302699628 -0.086665121360641473 0.037193887430782384 0.062178253907371653 -0.030149994648116477 0.019603323880614514 0.021261390096380287
leaf_weight=2036 403 25 52 1523 27 4437 2670 95 212 920 2040 182 23 415 122 292 594 37 57 157 103 522 2899 48 23 38 44 34 148 62
leaf_count=2036 403 25 52 1523 27 4437 2670 95 212 920 2040 182 23 415 122 292 594 37 57 157 103 522 2899 48 23 38 44 34 148 62
internal_value=-2.82508e-07 0.00620317 -0.00189995 -0.00295349 0.00845431 -0.0044446 -0.00806569 0.022301 0.0152464 -0.0110145 -0.00176465 0.0174263 0.00573418 0.00291372 0.0219013 0.0014435 0.00373032 -0.0302146 0.0212115 0.0179868 -0.00768503 0.0228263 0.00278407 -0.00759356 -0.0387023 -0.00258512 0.00448434 0.0204072 0.0103087 0.0430792
internal_weight=20240 4745 15495 14064 1431 12005 5113 481 386 3590 6892 1108 2059 2455 334 950 886 64 926 807 128 679 3637 512 71 441 3125 226 182 119
internal_count=20240 4745 15495 14064 1431 12005 5113 481 386 3590 6892 1108 2059 2455 334 950 886 64 926 807 128 679 3637 512 71 441 3125 226 182 119
cat_boundaries=0 1 2
cat_threshold=32 20
is_linear=0
shrinkage=0.05


Tree=95
num_leaves=31
num_cat=1
split_feature=34 45 32 50 21 4 32 20 16 10 39 20 34 30 29 39 15 37 34 24 7 25 0 37 27 20 29 28 0 35
split_gain=86.1059 65.731 61.6045 65.8075 48.4456 43.4134 37.132 36.4677 36.071 34.4238 33.0809 37.528 34.4576 29.4618 27.3128 26.4621 35.364 57.0908 27.455 26.2256 24.5259 24.1004 24.0729 23.1668 28.798 28.2528 23.7538 22.2978 34.4149 24.707
threshold=6.5000000000000009 16.500000000000004 5.5000000000000009 0 26.812500000000004 0.81250000000000011 1.0000000180025095e-35 15.47916666666667 -0.56174490092936669 5.5000000000000009 62.500000000000007 32.104166666666679 4.5000000000000009 0.57440476190476208 4.429435768254681 52.500000000000007 -0.8783796973249266 76.862500000000026 13.500000000000002 25.967261904761909 0.059880239520958063 1.6447341594389797 36.812500000000007 54.862500000000004 3.8286154313784277 24.145833333333339 3.7904492844293762 33.215972222222227 32.104166666666679 10.785714285714286
decision_type=2 2 2 1 2 2 2 2 2 2 2 2 2 2 2 2 2 2 2 2 2 2 2 2 2 2 2 2 2 2
left_child=2 23 3 22 6 10 7 -5 -6 -8 11 19 -12 15 -15 16 17 -3 -18 -4 -16 -10 -1 24 26 -26 -2 -25 -29 -30
right_child=1 13 5 4 8 -7 9 -9 21 -11 12 -13 -14 14 20 -17 18 -19 -20 -21 -22 -23 -24 27 25 -27 -28 28 29 -31
leaf_value=0.0046908372731738843 -0.0060191942403143824 -0.074408817004412417 0.0089787610612376782 -0.0088733317787505067 -0.050749641490639541 -0.002181911292451232 -0.0040171700713557048 -0.042937464690653654 -0.047379665939431444 0.0045436446325104705 0.019899727275506374 -0.048069322516244878 0.096034033288774287 0.009361787225097359 -0.00081509401878485316 0.044318523173043065 0.020146040680294672 0.010153378815757055 0.07259404263817347 0.033585766676721002 -0.073464935414847873 -0.002339932933340178 0.059819119572639468 0.0030808724176880735 -0.014934093167539686 -0.082331865086503656 0.035334193803627338 0.059069340388205917 -0.028642495370963042 0.018623157900858774
leaf_weight=2005 403 25 1030 1878 93 927 7687 82 38 1386 42 27 23 187 26 105 619 99 26 121 21 136 20 2899 48 23 38 44 34 148
leaf_count=2005 403 25 1030 1878 93 927 7687 82 38 1386 42 27 23 187 26 105 619 99 26 121 21 136 20 2899 48 23 38 44 34 148
internal_value=-2.93948e-07 0.00589301 -0.00180499 -0.00307725 -0.00456285 0.00600741 -0.0040576 -0.0102985 -0.0256119 -0.00270941 0.0121148 0.0101988 0.0468396 0.016555 0.000797855 0.0207737 0.0175589 -0.00689545 0.0222602 0.0115656 -0.0332757 -0.0121762 0.00520959 0.00264487 -0.00721388 -0.0367672 -0.00245586 0.00426012 0.0193869 0.00979331
internal_weight=20240 4745 15495 13325 11300 2170 11033 1960 267 9073 1243 1178 65 1108 234 874 769 124 645 1151 47 174 2025 3637 512 71 441 3125 226 182
internal_count=20240 4745 15495 13325 11300 2170 11033 1960 267 9073 1243 1178 65 1108 234 874 769 124 645 1151 47 174 2025 3637 512 71 441 3125 226 182
cat_boundaries=0 1
cat_threshold=32
is_linear=0
shrinkage=0.05


Tree=96
num_leaves=31
num_cat=0
split_feature=31 6 22 37 45 15 41 20 40 38 20 15 20 32 5 3 10 22 15 45 23 27 26 39 29 9 36 26 42 4
split_gain=81.6498 45.7159 44.5527 41.3895 33.7154 69.8189 70.5368 43.2451 39.7853 32.3789 36.0316 35.3175 43.2546 31.2969 51.7989 37.738 32.2544 35.8154 30.4694 46.8897 37.862 34.1632 30.7203 29.9074 28.5533 26.4666 26.2623 25.6364 53.1188 24.8591
threshold=2.5000000000000004 0.99945175438596501 25.145833333333339 96.312500000000014 30.500000000000004 1.0000000180025095e-35 108.50000000000001 21.187500000000004 18.500000000000004 107.50000000000001 21.729166666666668 0.6078576107927941 28.270833333333339 6.5000000000000009 0.64583333333333337 0.68750000000000011 5.5000000000000009 23.937500000000004 -0.8783796973249266 10.500000000000002 27.354166666666668 4.8878627288419434 17.700892857142861 32.500000000000007 5.2888113251039632 0.99853756157635476 2.3571428571428572 27.663690476190478 132.50000000000003 0.93750000000000011
decision_type=2 2 2 2 2 2 2 2 2 2 2 2 2 2 2 2 2 2 2 2 2 2 2 2 2 2 2 2 2 2
left_child=1 18 4 9 13 6 -6 8 -7 11 25 12 -4 16 15 -15 17 -2 -1 22 21 -21 -20 -22 -18 -11 -13 -5 -29 -24
right_child=2 -3 3 27 5 7 -8 -9 -10 10 -12 26 -14 14 -16 -17 24 -19 19 20 23 -23 29 -25 -26 -27 -28 28 -30 -31
leaf_value=-0.014420913629970151 -0.0015448032542852964 0.0046421525687656319 -0.0033926777505114969 0.045129918684721541 -0.02844687954286311 0.040298866112452918 0.024180086214962319 0.0047152847530586382 0.11159148084310194 0.03858843533799234 0.0060759634352647342 0.062404689873042318 -0.04516706771813752 0.016981905435734013 -0.00055995061755926667 -0.035974602986659325 0.0090019958638866034 -0.024885675983941407 -0.0067487381602476864 0.0044236274935305119 -0.057473999010615576 0.044555315296955611 -0.043846379366244873 0.0052784634384271858 -0.039745852723717695 0.002894351757621687 0.0048116227203625931 -0.022199238790915565 0.032621642077962559 0.011208086632765256
leaf_weight=985 7569 1117 204 109 132 106 123 70 24 164 1209 23 89 867 1345 35 969 168 3224 1000 43 56 97 34 31 76 142 65 138 26
leaf_count=985 7569 1117 204 109 132 106 123 70 24 164 1209 23 89 867 1345 35 969 168 3224 1000 43 56 97 34 31 76 142 65 138 26
internal_value=-2.79274e-07 -0.00457492 0.00220431 0.0086881 0.000946549 0.0142838 -0.00306211 0.0363997 0.0534606 0.00592601 0.0095889 -0.00566248 -0.0160818 0.000394071 0.00565691 0.0149271 -0.000959437 -0.00205162 -0.00645881 -0.00470822 0.00408368 0.00655182 -0.00768438 -0.0297651 0.00749081 0.0272853 0.0128397 0.0255705 0.0150682 -0.0322088
internal_weight=20240 6582 13658 2219 11439 455 255 200 130 1907 1449 458 293 10984 2247 902 8737 7737 5465 4480 1133 1056 3347 77 1000 240 165 312 203 123
internal_count=20240 6582 13658 2219 11439 455 255 200 130 1907 1449 458 293 10984 2247 902 8737 7737 5465 4480 1133 1056 3347 77 1000 240 165 312 203 123
is_linear=0
shrinkage=0.05


Tree=97
num_leaves=31
num_cat=2
split_feature=34 45 16 50 50 10 45 2 45 2 32 40 28 30 42 33 25 20 23 6 38 3 40 34 45 37 27 4 29 29
split_gain=75.1011 57.6633 56.4795 75.6864 60.6789 60.2764 53.1302 51.8596 46.6031 44.2063 43.5822 42.9639 42.9538 34.128 32.8206 29.9872 27.6781 25.8866 36.0021 25.4045 24.6958 23.4323 22.4629 22.396 21.6305 20.9803 23.3354 31.6615 27.2689 23.1294
threshold=6.5000000000000009 16.500000000000004 -0.22252093395631442 0 1 3.5000000000000004 16.500000000000004 30.000000000000004 31.500000000000004 40.000000000000007 7.5000000000000009 12.500000000000002 17.815972222222225 0.45535714285714307 169.57142857142858 3.5000000000000004 0.63269077679981967 25.604166666666668 24.854166666666668 0.99945175438596501 48.500000000000007 1.0208333333333337 9.5000000000000018 13.500000000000002 29.500000000000004 55.562500000000007 3.8286154313784277 0.64583333333333337 5.5512514978644871 5.9402150625030243
decision_type=2 2 2 1 1 2 2 2 2 2 2 2 2 2 2 2 2 2 2 2 2 2 2 2 2 2 2 2 2 2
left_child=2 25 4 6 14 8 9 -7 -6 13 11 -8 -11 -4 17 -9 19 22 -19 -3 -5 24 -1 -18 -22 26 -2 28 -28 -27
right_child=1 16 3 20 5 7 10 15 -10 12 -12 -13 -14 -15 -16 -17 23 18 -20 -21 21 -23 -24 -25 -26 29 27 -29 -30 -31
leaf_value=-0.0068992282961812396 -0.0018657048775538071 -0.057674832334337026 0.015973460591927689 -0.010918905946873763 -0.002608657756134385 -0.011802372248294526 0.044528636062574206 -0.028886530468453887 0.048274669162136442 0.044187497383072261 0.090149134630337358 0.010118041080999758 -0.033375022366071642 0.000669708126765025 0.031931809924373576 -0.080258340085856625 0.016127785805759669 -0.059727479019310581 -0.0065213651541376205 0.0056235116506999768 -0.0010700319245041249 -0.036607798659760098 0.0027022007150394808 0.054286377544049171 0.012542759881127158 0.0047921979884195491 -0.072310577984899288 0.01408350038631209 -0.0025291427615143007 -0.027363479745231178
leaf_weight=853 529 23 671 647 1057 1926 132 253 47 21 24 290 119 797 77 32 994 43 122 51 5901 45 2131 40 307 2959 42 29 21 57
leaf_count=853 529 23 671 647 1057 1926 132 253 47 21 24 290 119 797 77 32 994 43 122 51 5901 45 2131 40 307 2959 42 29 21 57
internal_value=-2.65291e-07 0.00550357 -0.00168569 0.000894386 -0.00521758 -0.0099538 0.0092945 -0.014748 -0.000442429 0.00510464 0.0246089 0.0208815 -0.0217406 0.00766482 -0.000318848 -0.0346546 0.0154898 -0.00110846 -0.0203872 -0.0140503 -0.0016173 -0.000657442 -4.24437e-05 0.0176039 -0.000396848 0.00246129 -0.00590772 -0.0291493 -0.0490501 0.00418448
internal_weight=20240 4745 15495 8954 6541 3315 2054 2211 1104 1608 446 422 140 1468 3226 285 1108 3149 165 74 6900 6253 2984 1034 6208 3637 621 92 63 3016
internal_count=20240 4745 15495 8954 6541 3315 2054 2211 1104 1608 446 422 140 1468 3226 285 1108 3149 165 74 6900 6253 2984 1034 6208 3637 621 92 63 3016
cat_boundaries=0 1 2
cat_threshold=33 60
is_linear=0
shrinkage=0.05


Tree=98
num_leaves=31
num_cat=2
split_feature=34 37 16 30 39 50 36 34 1 37 20 30 32 27 36 29 16 29 50 45 0 30 26 32 6 21 21 43 22 39
split_gain=70.8988 48.0355 44.853 74.399 44.5127 42.6491 57.9288 39.7874 36.9136 35.1498 33.7238 33.3081 30.0462 28.912 28.2658 26.9955 26.8598 32.5396 28.5414 26.0801 24.9065 23.8953 23.7381 23.3265 39.2457 18.2295 17.7125 52.3245 29.2189 19.3238
threshold=3.5000000000000004 55.712500000000013 -0.22252093395631442 0.005952380952380959 37.500000000000007 0 4.5000000000000009 7.5000000000000009 34.895833333333336 67.537500000000009 17.937500000000004 0.4970238095238097 1.5000000000000002 5.5249561025763496 9.2142857142857171 5.5512514978644871 -0.22252093395631442 5.6194567016410604 1 29.500000000000004 24.354166666666668 0.47321428571428575 11.941964285714288 11.500000000000002 0.7921885958474012 15.562500000000002 26.062500000000004 24.357142857142858 31.145833333333339 17.500000000000004
decision_type=2 2 2 2 2 1 2 2 2 2 2 2 2 2 2 2 2 2 1 2 2 2 2 2 2 2 2 2 2 2
left_child=12 23 5 4 19 6 10 14 15 -8 -3 -9 13 16 -7 -5 18 25 -1 -4 -6 -10 -20 26 -25 -18 29 28 -28 -2
right_child=1 2 3 8 20 7 9 11 21 -11 -12 -13 -14 -15 -16 -17 17 -19 22 -21 -22 -23 -24 24 -26 -27 27 -29 -30 -31
leaf_value=-0.0068386859845535808 -0.01859836262991792 -0.014790956758097121 0.010666291097611143 0.0032533499690218927 0.028037017878491135 -0.0011309300264397025 -0.0051662495572024807 0.02158037255042343 0.02682611154258608 0.030485852882266046 -0.049651099087808424 0.0021105538794343802 -0.0007155727886326024 -0.0649596020889779 0.043518668777930244 -0.033028715973523505 -0.0020898307085787274 0.056385180370315258 -0.01712281511314924 0.035985066383799988 0.066512673854160667 0.0038859868645177865 -0.04799310438210766 0.081068200059235096 0.0028569686022460647 -0.018231629458942303 -0.07437801404263486 0.034722602926194668 -0.0075223582796752455 -0.0027469905586088922
leaf_weight=1170 226 194 638 3643 113 2303 509 448 282 80 108 431 5267 21 36 52 2202 23 367 121 67 190 75 20 81 190 44 25 26 1288
leaf_count=1170 226 194 638 3643 113 2303 509 448 282 80 108 431 5267 21 36 52 2202 23 367 121 67 190 75 20 81 190 44 25 26 1288
internal_value=-2.5205e-07 0.00273228 0.00416048 0.00728977 0.0200041 0.00027191 -0.00934797 0.00295533 0.00442471 -0.000323859 -0.0272575 0.0120337 -0.00320507 -0.00644425 -0.000443719 0.00274275 -0.0061391 -0.00280288 -0.0111372 0.0147026 0.0423585 0.0175917 -0.0218663 -0.00496417 0.0183443 -0.003372 -0.00642729 -0.02737 -0.0495459 -0.00511318
internal_weight=20240 10925 9215 5106 939 4109 891 3218 4167 589 302 879 9315 4048 2339 3695 4027 2415 1612 759 180 472 442 1710 101 2392 1609 95 70 1514
internal_count=20240 10925 9215 5106 939 4109 891 3218 4167 589 302 879 9315 4048 2339 3695 4027 2415 1612 759 180 472 442 1710 101 2392 1609 95 70 1514
cat_boundaries=0 1 2
cat_threshold=1 50
is_linear=0
shrinkage=0.05


Tree=99
num_leaves=31
num_cat=0
split_feature=32 37 22 4 7 45 40 45 9 1 35 40 43 0 23 34 26 39 30 38 10 45 23 6 25 27 42 43 17 25
split_gain=65.2326 52.3876 43.1949 37.9937 68.4928 41.2144 44.0365 33.1299 37.7228 36.244 31.1147 47.1036 42.6438 35.2512 48.014 30.6083 30.0776 37.4264 29.5602 32.9445 29.4877 38.5243 26.4811 25.8344 25.0833 22.4285 26.8516 22.331 22.2554 38.5757
threshold=3.5000000000000004 91.50833333333334 29.770833333333339 0.97916666666666685 0.069481580510992361 33.500000000000007 14.500000000000002 26.500000000000004 0.99081307870370383 31.562500000000004 8.2142857142857171 17.500000000000004 20.500000000000004 25.354166666666668 26.812500000000004 11.500000000000002 16.819940476190482 26.500000000000004 0.22916666666666669 151.50000000000003 5.5000000000000009 15.500000000000002 19.854166666666668 0.6876548648202192 4.3902559025345118 4.6326193095419592 112.78571428571429 24.500000000000004 -0.93301270189221908 2.3320574740420348
decision_type=2 2 2 2 2 2 2 2 2 2 2 2 2 2 2 2 2 2 2 2 2 2 2 2 2 2 2 2 2 2
left_child=1 3 7 4 -1 22 -7 20 9 -9 11 25 13 -12 -15 28 -10 -18 19 -14 -2 24 -6 -20 -22 -4 -27 -23 29 -3
right_child=2 15 10 -5 5 6 -8 8 16 -11 12 -13 18 14 -16 -17 17 -19 23 -21 21 27 -24 -25 -26 26 -28 -29 -30 -31
leaf_value=-0.034785949254175649 -2.9635488298407761e-05 0.0095739380396781086 -0.028992736614064169 0.0016152646882580286 -0.0045974489990780569 -0.0063358876172845309 0.041681195946875964 0.020620376607082016 0.057932635769248009 0.08690616521053017 0.038511174516752365 0.045072714632134081 0.090830618172884001 -0.09696566551599814 -0.012378664780408145 0.058762604415416725 -0.043460525311152076 0.0097803004253412193 0.06388379448936099 0.011862812018288035 0.0073107147890053951 0.047334478288464578 -0.014316050307801809 0.0071271042115607936 -0.03848677049240759 -0.0038943601724429015 0.067363636512309311 -0.0067621724680066112 0.0021261436415160504 0.075017537615661115
leaf_weight=200 5920 115 38 2175 5868 95 96 58 28 32 20 161 25 23 62 25 37 306 21 28 841 93 796 443 31 39 20 24 2592 28
leaf_count=200 5920 115 38 2175 5868 95 96 58 28 32 20 161 25 23 62 25 37 306 21 28 841 93 796 443 31 39 20 24 2592 28
internal_value=-4.08369e-07 -0.00235499 0.00342159 -0.00416229 -0.00594346 -0.00510196 0.0177984 0.00217143 0.0151493 0.0441887 0.0138917 0.0284898 0.00783654 -0.0212139 -0.0352669 0.00368896 0.00810471 0.00403712 0.0137365 0.0491118 0.00130548 0.00929731 -0.00575831 0.00969583 0.00568259 0.000965657 0.0202609 0.0362377 0.00318554 0.0223881
internal_weight=20240 11990 8250 9230 7055 6855 191 7370 461 90 880 258 622 105 85 2760 371 343 517 53 6909 989 6664 464 872 97 59 117 2735 143
internal_count=20240 11990 8250 9230 7055 6855 191 7370 461 90 880 258 622 105 85 2760 371 343 517 53 6909 989 6664 464 872 97 59 117 2735 143
is_linear=0
shrinkage=0.05


Tree=100
num_leaves=31
num_cat=2
split_feature=34 45 15 27 41 50 27 32 27 7 26 4 22 40 5 32 27 16 29 50 48 7 40 27 7 8 26 32 25 24
split_gain=61.208 40.9443 65.1779 39.0435 36.6417 34.0503 33.447 32.5003 47.0191 40.5972 39.0393 37.6849 32.1781 25.6742 26.2658 25.6584 26.0947 24.231 29.3044 25.7311 23.5548 39.6946 27.229 21.5435 24.1798 21.1963 21.1182 19.2934 30.9554 18.8214
threshold=3.5000000000000004 30.500000000000004 1.0000000180025095e-35 2.8637384281844049 116.50000000000001 0 2.9987286037441643 6.5000000000000009 5.0542260428078469 1.0000000180025095e-35 32.218750000000007 0.52083333333333337 18.729166666666668 11.500000000000002 0.14583333333333334 1.5000000000000002 5.5249561025763496 -0.22252093395631442 5.6194567016410604 1 0.98214285714285732 0.36111111111111116 15.500000000000002 0.81357640203044101 0.014101077050538592 0.032320384294068506 11.941964285714288 4.5000000000000009 2.1385345385694681 26.562500000000007
decision_type=2 2 2 2 2 1 2 2 2 2 2 2 2 2 2 2 2 2 2 1 2 2 2 2 2 2 2 2 2 2
left_child=15 5 4 -4 20 23 -6 9 25 12 -11 -10 -7 -5 -15 16 17 19 -19 -1 22 -22 -3 24 -2 -9 -21 29 -29 -25
right_child=1 2 3 13 6 7 -8 8 11 10 -12 -13 -14 14 -16 -17 -18 18 -20 26 21 -23 -24 27 -26 -27 -28 28 -30 -31
leaf_value=-0.0063509606101532405 0.0035193193772876706 -0.025876378962753473 -0.0094864899106323723 0.011991989253716463 0.072327011704444888 0.0023527013425890006 0.0068730328922693654 0.0043189279028433948 0.048732387274503713 -0.004310866855928068 0.036294619099547468 -0.0006896696472540498 0.02121947504888657 0.068030688077838061 0.022138808466578751 -0.0006775866436099418 -0.061562765957344147 -0.0030528976058985641 0.053655862532879996 -0.016138743820672537 -0.082509415192079966 0.0044204892086175587 0.025443792450823823 0.01394005645520696 -0.047816224198322745 -0.033809530664537402 -0.045255686098088825 -0.00679470759774135 0.043025810208833108 -0.0013239178064045629
leaf_weight=1170 81 56 40 46 25 1822 89 2454 108 4403 60 60 258 107 44 5267 21 2392 23 367 29 24 48 660 32 37 75 44 107 291
leaf_count=1170 81 56 40 46 25 1822 89 2454 108 4403 60 60 258 107 44 5267 21 2392 23 367 29 24 48 660 32 37 75 44 107 291
internal_value=-3.87944e-07 0.00253853 0.0163996 0.0355509 -0.000349008 0.00186258 0.021227 0.000817151 0.00547928 -0.00107624 -0.00376497 0.0310817 0.00469291 0.0446955 0.0546582 -0.00297814 -0.00597147 -0.00568157 -0.00251281 -0.0104288 -0.0160156 -0.0431449 -0.00219015 0.00969381 -0.0110182 0.00375259 -0.020613 0.0119056 0.0285086 0.00926938
internal_weight=20240 10925 508 237 271 10417 114 9202 2659 6543 4463 168 2080 197 151 9315 4048 4027 2415 1612 157 53 104 1215 113 2491 442 1102 151 951
internal_count=20240 10925 508 237 271 10417 114 9202 2659 6543 4463 168 2080 197 151 9315 4048 4027 2415 1612 157 53 104 1215 113 2491 442 1102 151 951
cat_boundaries=0 1 2
cat_threshold=32 50
is_linear=0
shrinkage=0.05


Tree=101
num_leaves=31
num_cat=0
split_feature=31 23 24 34 30 4 9 8 41 31 28 28 37 20 39 22 1 27 1 9 22 5 42 24 38 22 5 40 25 22
split_gain=57.5105 45.4706 32.9878 31.0425 41.4041 42.1292 57.6396 30.7016 28.3128 27.776 25.3421 23.0066 22.1761 28.0575 24.7332 50.2625 23.0079 22.7238 32.3418 23.1993 23.5546 22.8916 19.2691 16.0571 15.4082 15.6945 14.7118 13.4099 13.1321 12.969
threshold=1.0000000180025095e-35 15.937500000000002 23.69940476190477 8.5000000000000018 0.42857142857142866 0.27083333333333343 0.99516806722689088 0.10947712418300655 204.50000000000003 12.500000000000002 32.295138888888893 30.954166666666669 63.112500000000004 20.895833333333339 19.500000000000004 17.812500000000004 34.645833333333336 3.7915660325602634 12.895833333333334 0.99690934065934078 23.645833333333339 1.0000000180025095e-35 86.500000000000014 28.413690476190478 38.500000000000007 9.3125000000000018 0.27083333333333343 11.500000000000002 2.6365878642237894 34.562500000000007
decision_type=2 2 2 2 2 2 2 2 2 2 2 2 2 2 2 2 2 2 2 2 2 2 2 2 2 2 2 2 2 2
left_child=2 12 24 7 10 6 -6 8 9 -3 11 -5 13 14 15 -2 -16 18 -14 20 -19 -21 -20 -10 25 -1 -7 -15 -29 -12
right_child=1 3 -4 4 5 26 -8 -9 23 -11 29 -13 17 27 16 -17 -18 19 22 21 -22 -23 -24 -25 -26 -27 -28 28 -30 -31
leaf_value=-0.012174506255383964 -0.0077061637040666646 0.00092689771211744594 -0.067964383649329344 0.017027602587666387 -0.090435306727886203 0.036601627974721072 0.011953165295913264 -0.036094044795576131 0.035403882264954424 0.018541880430605725 0.078926346078515064 -0.01762845985518367 -0.0012750772774651538 -0.0013058700048449365 -0.0014205356630371177 -0.073143408341954153 0.049898478337986905 -0.040426616023045661 0.003051596643094269 0.015693677919715595 0.0071707160717674667 -0.040828460829494442 0.013977304869985656 -0.0059333707055737898 -0.0071661749564370233 -0.04969782979989594 0.0036208582552529501 -0.025562693833683932 -0.0751840315759182 0.028650255270045378
leaf_weight=76 1344 5663 24 785 28 35 27 53 97 233 23 51 4270 22 3010 30 22 101 1212 81 35 23 605 31 1235 44 997 30 24 29
leaf_count=76 1344 5663 24 785 28 35 27 53 97 233 23 51 4270 22 3010 30 22 101 1212 81 35 23 605 31 1235 44 997 30 24 29
internal_value=-5.25456e-07 0.000720148 -0.00985739 0.00356457 0.00901032 0.00246697 -0.0401719 0.00179472 0.00212807 0.00162301 0.01702 0.0149134 -0.00139876 -0.00408957 -0.00357 -0.00913492 -0.00104817 0.000507388 0.00110239 -0.0145832 -0.0281773 0.00319359 0.00668949 0.0253925 -0.00882819 -0.0259331 0.00473939 -0.0342109 -0.0476166 0.0508878
internal_weight=20240 18861 1379 8052 1975 1087 55 6077 6024 5896 888 836 10809 4482 4406 1374 3032 6327 6087 240 136 104 1817 128 1355 120 1032 76 54 52
internal_count=20240 18861 1379 8052 1975 1087 55 6077 6024 5896 888 836 10809 4482 4406 1374 3032 6327 6087 240 136 104 1817 128 1355 120 1032 76 54 52
is_linear=0
shrinkage=0.05


Tree=102
num_leaves=31
num_cat=0
split_feature=45 10 10 44 34 30 29 29 45 41 32 20 35 39 37 42 1 42 28 26 6 9 1 13 1 25 44 6 13 1
split_gain=51.9088 65.1699 86.9176 54.2678 51.2545 45.4129 44.4318 56.772 41.7651 41.4726 40.035 54.2457 35.2904 35.1204 34.2591 34.8424 33.3294 39.5362 65.5353 36.2418 33.0721 32.0836 31.3589 29.6691 29.1577 29.0741 26.3912 24.8071 24.3924 23.0124
threshold=16.500000000000004 3.5000000000000004 5.5000000000000009 2.5000000000000004 7.5000000000000009 0.60416666666666685 5.0534938663273001 5.9402150625030243 35.500000000000007 75.500000000000014 2.5000000000000004 27.354166666666668 6.5000000000000009 24.500000000000004 69.225000000000009 106.35714285714288 37.770833333333336 118.64285714285715 20.407638888888894 20.825892857142861 0.9980099482784569 0.99885651629072703 27.979166666666668 285.50000000000006 41.395833333333336 2.943161969579156 6.5000000000000009 0.94796823432343247 166.50000000000003 41.562500000000007
decision_type=2 2 2 2 2 2 2 2 2 2 2 2 2 2 2 2 2 2 2 2 2 2 2 2 2 2 2 2 2 2
left_child=10 3 4 5 22 12 8 9 21 -8 11 20 -2 -13 15 -6 17 18 -4 -18 -1 -5 -3 -19 -12 -21 -10 -24 -14 -26
right_child=1 2 16 6 14 -7 7 -9 26 -11 24 13 28 -15 -16 -17 19 23 -20 25 -22 -23 27 -25 29 -27 -28 -29 -30 -31
leaf_value=-0.0049643134860288905 0.028732365889497749 -0.0049367475388516187 0.011924366268879959 0.0050126118950716697 -0.074583289189183194 0.00093641080863979026 0.087805515944081203 -0.0047898158497576213 0.059152722818662934 0.02822082529726308 0.0015762621219781504 -0.090325778430061676 0.091275993497534236 -0.019863457543154561 0.016548556073166135 0.0091625097518165909 0.096720429820319032 0.015537936841785317 -0.048418399920937286 0.057147598630260858 0.0033807463405611821 -0.013865801385902987 -0.028860503011459343 0.071575747543413726 -0.066464132709162571 0.0036096955998800697 0.010226631288727125 0.022407140791416171 0.02468028098344803 -0.011507640127076406
leaf_weight=6226 243 294 137 782 23 118 34 126 49 207 8727 28 44 48 217 27 21 151 67 42 1467 316 420 28 21 64 63 25 20 205
leaf_count=6226 243 294 137 782 23 118 34 126 49 207 8727 28 44 48 217 27 21 151 67 42 1467 316 420 28 21 64 63 25 20 205
internal_value=-4.99192e-07 0.00552004 -0.00230035 0.011442 -0.0108247 0.0272993 0.00716843 0.0224076 0.00254631 0.036627 -0.00116192 -0.00378824 0.0374323 -0.0458233 0.00795134 -0.0293606 0.0145143 0.00715393 -0.00789409 0.0367114 -0.00337297 -0.00042052 -0.0176084 0.0243036 0.00111708 0.0248228 0.0316318 -0.0259803 0.0704648 -0.0166142
internal_weight=20240 3518 1516 2002 1006 425 1577 367 1210 241 16722 7769 307 76 267 50 510 383 204 127 7693 1098 739 179 8953 106 112 445 64 226
internal_count=20240 3518 1516 2002 1006 425 1577 367 1210 241 16722 7769 307 76 267 50 510 383 204 127 7693 1098 739 179 8953 106 112 445 64 226
is_linear=0
shrinkage=0.05


Tree=103
num_leaves=31
num_cat=2
split_feature=31 18 29 9 37 5 31 5 13 24 10 50 50 20 21 32 20 1 26 38 35 0 23 0 38 42 26 36 28 28
split_gain=49.7651 40.4717 50.6513 55.6284 37.2581 41.6528 36.1734 29.165 35.6551 28.8359 27.7933 68.3528 44.9381 36.9237 31.7097 29.8744 26.5708 20.9104 18.6666 13.848 14.3961 12.7908 32.9628 11.2499 17.3504 10.2785 8.99306 8.44543 7.05552 7.37914
threshold=1.0000000180025095e-35 -0.5 1.7963309704758914 0.99260329131652669 100.06250000000001 0.14583333333333334 13.500000000000002 0.52083333333333337 72.500000000000014 23.69940476190477 3.5000000000000004 0 1 28.270833333333339 27.895833333333339 7.5000000000000009 10.645833333333334 34.937500000000007 34.654761904761912 38.500000000000007 2.3571428571428572 19.145833333333339 17.979166666666668 20.437500000000004 113.50000000000001 112.07142857142858 14.852678571428575 6.2142857142857153 0.36319444444444454 19.817361111111111
decision_type=2 2 2 2 2 2 2 2 2 2 2 1 1 2 2 2 2 2 2 2 2 2 2 2 2 2 2 2 2 2
left_child=9 6 23 7 16 -6 10 8 -4 19 11 15 17 -14 -13 -2 -5 -12 -9 20 -1 22 26 28 -25 -8 -21 -26 -3 -30
right_child=1 2 3 4 5 -7 25 18 -10 -11 12 14 13 -15 -16 -17 -18 -19 -20 21 -22 -23 -24 24 27 -27 -28 -29 29 -31
leaf_value=-0.012633837058749079 0.0069195811849547253 -0.0092402775974089139 0.030194833160602487 0.012163833739568914 0.041286953425837492 0.0040559754919844626 0.019073195063642093 0.0037740055019123975 0.011603665891039503 -0.063496913520308826 -0.0013037584937111433 -0.0044666413520831781 -0.010758388055336455 -0.041769241133274945 -0.046389653809044674 0.0415817181694393 -0.00090095919142490089 0.038955176915183215 0.041532427817583088 -0.0051175006985328883 -0.049863065092971448 0.032057098645184724 -0.061929043134053556 0.022878164940413614 -0.029156319255178628 0.068543026915618352 -0.026189444087586312 0.002893066120186312 -0.000826925101818387 -0.01368887717059503
leaf_weight=82 1424 281 361 442 123 193 21 878 903 24 1426 2319 1246 104 46 65 3256 33 34 1134 38 21 27 121 22 21 53 313 5115 114
leaf_count=82 1424 281 361 442 123 193 21 878 903 24 1426 2319 1246 104 46 65 3256 33 34 1134 38 21 27 121 22 21 53 313 5115 114
internal_value=-4.74217e-07 0.000669915 0.00239007 0.00555866 0.00206876 0.0185478 -0.00244868 0.0119964 0.0169133 -0.00916959 -0.00274026 1.66658e-05 -0.00652282 -0.0130507 -0.00525982 0.00837645 0.000660598 -0.000390496 0.00518167 -0.00820734 -0.0244231 -0.00663172 -0.00730096 -0.00089749 0.00664989 0.0438081 -0.00605837 0.00078833 -0.0015221 -0.00110733
internal_weight=20240 18861 12156 6190 4014 316 6705 2176 1264 1379 6663 3854 2809 1350 2365 1489 3698 1459 912 1355 120 1235 1214 5966 456 42 1187 335 5510 5229
internal_count=20240 18861 12156 6190 4014 316 6705 2176 1264 1379 6663 3854 2809 1350 2365 1489 3698 1459 912 1355 120 1235 1214 5966 456 42 1187 335 5510 5229
cat_boundaries=0 1 2
cat_threshold=97 156
is_linear=0
shrinkage=0.05


Tree=104
num_leaves=31
num_cat=1
split_feature=34 37 16 30 40 50 36 37 3 34 1 20 30 40 31 26 36 37 45 45 31 6 45 45 25 27 31 41 22 41
split_gain=47.8245 37.2226 35.7314 61.927 51.1548 36.9811 48.2577 31.6544 31.2371 30.1935 30.0643 29.39 27.7359 27.4577 25.2407 28.5036 24.1968 23.6412 44.5074 21.1191 19.8793 39.4927 19.4449 19.4405 19.3675 19.3265 29.885 28.6418 18.1568 26.5907
threshold=3.5000000000000004 55.712500000000013 -0.22252093395631442 0.005952380952380959 15.500000000000002 0 4.5000000000000009 67.537500000000009 1.0000000180025095e-35 7.5000000000000009 34.895833333333336 17.937500000000004 0.4970238095238097 14.500000000000002 1.0000000180025095e-35 17.197916666666671 9.2142857142857171 100.06250000000001 23.500000000000004 6.5000000000000009 11.500000000000002 0.74048217219055001 33.500000000000007 15.500000000000002 3.2790155213201659 3.0845311552703847 2.5000000000000004 155.50000000000003 17.979166666666668 183.50000000000003
decision_type=2 2 2 2 2 1 2 2 2 2 2 2 2 2 2 2 2 2 2 2 2 2 2 2 2 2 2 2 2 2
left_child=14 20 5 4 13 6 11 -8 10 16 -5 -3 -11 -4 15 -1 -7 28 19 -19 25 -22 -6 -10 -21 -2 -27 -28 -16 -30
right_child=1 2 3 8 22 9 7 -9 23 12 -12 -13 -14 -15 17 -17 -18 18 -20 24 21 -23 -24 -25 -26 26 27 -29 29 -31
leaf_value=-0.0081793096127187031 -0.0034633221299382546 -0.013639212819776432 0.012691194635416304 0.0027097254913696668 0.029570800415080208 -0.0010668682361207021 -0.0052897120216424069 0.028543314766138795 -0.012773900974541903 0.019150045993819732 0.016187457189091523 -0.046182431816554598 0.0013833064951646529 -0.024340081523087892 -0.0015373754338278314 -0.050674287384807518 0.040244144221974747 -0.0096413331480399989 0.069565327172832828 0.014481877255066703 0.079582753889262683 0.0019064167553248506 0.06852449057623744 -0.071101275687105961 -0.031931752020803589 -0.072636361403957669 -0.0067541246883434441 -0.058862482607364652 -0.010703423467009913 0.038808849164550858
leaf_weight=1051 1329 194 557 3630 291 2303 509 80 50 448 467 108 431 55 6758 41 36 171 28 354 20 90 36 20 24 23 218 30 860 28
leaf_count=1051 1329 194 557 3630 291 2303 509 80 50 448 467 108 431 55 6758 41 36 171 28 354 20 90 36 20 24 23 218 30 860 28
internal_value=-4.50514e-07 0.0022438 0.00350102 0.00629405 0.0178938 3.03016e-05 -0.00892642 -0.000694394 0.00368014 0.00253012 0.004246 -0.0252772 0.0104385 0.00936322 -0.00263259 -0.00977482 -0.000431042 -0.00168412 0.00807519 0.00493908 -0.00453125 0.0160294 0.0338593 -0.0294389 0.011535 -0.00594479 -0.0181141 -0.0130576 -0.0024206 -0.00914223
internal_weight=20240 10925 9215 5106 939 4109 891 589 4167 3218 4097 302 879 612 9315 1092 2339 8223 577 549 1710 110 327 70 378 1600 271 248 7646 888
internal_count=20240 10925 9215 5106 939 4109 891 589 4167 3218 4097 302 879 612 9315 1092 2339 8223 577 549 1710 110 327 70 378 1600 271 248 7646 888
cat_boundaries=0 1
cat_threshold=1
is_linear=0
shrinkage=0.05


Tree=105
num_leaves=31
num_cat=1
split_feature=34 31 45 50 21 32 6 9 37 43 30 20 0 29 24 29 18 28 32 32 21 43 29 30 43 24 4 38 27 25
split_gain=43.3005 36.9756 36.5086 26.7585 31.982 27.6692 30.2307 23.7073 23.6928 29.9676 69.5983 35.2904 45.5998 29.7703 28.9066 28.8793 26.2544 25.6237 28.6033 21.6771 32.6143 21.539 21.4089 20.8263 22.7223 18.948 16.0252 12.8184 11.8057 22.2693
threshold=4.5000000000000009 9.5000000000000018 41.500000000000007 0 26.062500000000004 5.5000000000000009 0.5143043154761906 0.98134074410163341 60.787500000000009 17.357142857142858 0.49107142857142871 20.020833333333339 21.729166666666668 4.0714114104069283 23.55654761904762 4.3800444907821889 1.0000000180025095e-35 30.463888888888892 6.5000000000000009 1.0000000180025095e-35 15.562500000000002 11.785714285714286 5.0534938663273001 0.077380952380952425 19.642857142857149 25.782738095238098 0.27083333333333343 176.50000000000003 4.8268713389874032 3.9488399104620719
decision_type=2 2 2 1 2 2 2 2 2 2 2 2 2 2 2 2 2 2 2 2 2 2 2 2 2 2 2 2 2 2
left_child=1 3 8 7 19 6 -6 -1 16 11 15 14 -13 -12 -10 -11 17 18 -2 20 -5 26 -21 24 -9 -7 -3 -25 -18 -30
right_child=2 21 -4 4 5 25 -8 23 9 10 13 12 -14 -15 -16 -17 28 -19 -20 22 -22 -23 -24 27 -26 -27 -28 -29 29 -31
leaf_value=-0.032149016861286427 -0.010138184140940944 0.07214168138228931 0.059740534877138478 -0.0068617041671977632 0.0048857899609862305 -0.02757312498055399 -0.04464022715636079 0.0089991313382282428 0.0044305724933069463 0.011447103585394084 0.0033754659233301218 -0.025534101593784577 -0.00012912696499350296 -0.020753627871939295 0.062042546975003048 0.028084382175807679 0.002425683549192148 -0.057171467753748095 0.005151481664754546 -0.0022954992654583609 -0.04908183162358213 0.0092654972149651838 0.013350777494514155 -0.00067764071208705346 0.042568077918674264 0.035256032546361289 0.014846290911183412 0.034905512215426336 0.06090372437238694 -0.0020782162740943023
leaf_weight=45 921 26 28 1708 41 20 124 505 2107 663 865 238 685 150 22 430 1764 24 458 7724 47 275 225 953 56 30 23 26 25 32
leaf_count=45 921 26 28 1708 41 20 124 505 2107 663 865 238 685 150 22 430 1764 24 458 7724 47 275 225 953 56 30 23 26 25 32
internal_value=-4.27964e-07 -0.00195075 0.00274189 -0.0024199 -0.00338221 -0.0224598 -0.0323338 0.00360089 0.00255153 0.00465253 0.0092374 0.00148577 -0.00667992 -0.00019041 0.00502591 0.0179924 -0.000811107 -0.00595154 -0.00506011 -0.00296302 -0.00799239 0.0147073 -0.00185262 0.00466891 0.01235 0.0101244 0.0452479 0.000267366 0.00314937 0.0255454
internal_weight=20240 11828 8412 11504 9919 215 165 1585 8384 5160 2108 3052 923 1015 2129 1093 3224 1403 1379 9704 1755 324 7949 1540 561 50 49 979 1821 57
internal_count=20240 11828 8412 11504 9919 215 165 1585 8384 5160 2108 3052 923 1015 2129 1093 3224 1403 1379 9704 1755 324 7949 1540 561 50 49 979 1821 57
cat_boundaries=0 1
cat_threshold=32
is_linear=0
shrinkage=0.05


Tree=106
num_leaves=31
num_cat=3
split_feature=32 37 45 40 6 20 49 29 4 29 37 37 28 39 20 26 21 13 15 50 22 28 24 50 6 30 9 42 40 23
split_gain=40.5886 36.9033 33.797 39.7835 35.4283 38.6623 47.0569 35.8289 34.1421 33.6612 29.8142 28.9839 27.971 25.2932 35.7336 33.9665 38.7852 28.7775 25.1475 24.6833 20.3714 19.5515 19.1046 16.4409 16.1251 15.47 31.9381 29.3861 31.1784 21.5523
threshold=3.5000000000000004 95.512500000000017 33.500000000000007 14.500000000000002 0.9980099482784569 19.062500000000004 0 5.4745539574070348 0.10416666666666667 2.1476030011619143 101.21250000000002 88.287500000000023 19.583333333333339 20.500000000000004 12.145833333333334 22.772321428571434 27.187500000000004 141.50000000000003 -1.0000000180025095e-35 1 23.520833333333339 19.343750000000004 18.526785714285719 2 0.81681278814904401 0.13392857142857154 0.98714133089133105 130.21428571428575 22.500000000000004 28.437500000000004
decision_type=2 2 2 2 2 2 1 2 2 2 2 2 2 2 2 2 2 2 2 1 2 2 2 1 2 2 2 2 2 2
left_child=1 2 4 8 5 7 -7 -1 12 23 13 -5 -4 15 19 21 -17 -16 -13 -15 -12 -11 -6 -2 -22 26 -3 -28 -29 -27
right_child=9 25 3 11 22 6 -8 -9 -10 10 20 18 -14 14 17 16 -18 -19 -20 -21 24 -23 -24 -25 -26 29 27 28 -30 -31
leaf_value=-0.0039961588713579351 -0.0098537593202609533 -0.026214760467957926 0.034332532063126565 0.01513660237015713 0.0015708936761050854 -0.0042458137819091748 -0.025797775447987489 0.025293045303397727 -0.054828734638599254 -0.004167928761990871 0.012237582344794646 0.028977833072776384 -0.020897050869719283 -0.0010328384641653452 0.0094001687565564672 -0.093708511069417008 -0.0017980935871795131 0.00068672601738665301 0.10142212605476381 0.027859713738297872 0.091915729306638244 0.025654208464700668 0.023081175995228645 0.00022597253698854004 0.029183743787663325 0.0030273035508204373 0.011349252582369974 0.086687060658420842 0.0071459332819689405 -0.027913935804518605
leaf_weight=6978 462 51 52 63 1676 592 452 106 26 555 50 23 41 107 1768 22 24 2042 25 283 20 61 110 2835 21 1221 465 28 22 59
leaf_count=6978 462 51 52 63 1676 592 452 106 26 555 50 23 41 107 1768 22 24 2042 25 283 20 61 110 2835 21 1221 465 28 22 59
internal_value=-4.06584e-07 -0.00185772 -0.00304104 0.015907 -0.00348063 -0.00488173 -0.0138645 -0.0035579 -0.00417676 0.00269888 0.00530464 0.0374383 0.00998401 0.00477392 0.00620568 -0.00430972 -0.0457552 0.00473013 0.0667092 0.0206207 0.0336599 -0.00121476 0.00289572 -0.00121568 0.0597847 0.00464481 0.0115281 0.0152657 0.051689 0.00160111
internal_weight=20240 11990 10144 230 9914 8128 1044 7084 119 8250 4953 111 93 4862 4200 662 46 3810 48 390 91 616 1786 3297 41 1846 566 515 50 1280
internal_count=20240 11990 10144 230 9914 8128 1044 7084 119 8250 4953 111 93 4862 4200 662 46 3810 48 390 91 616 1786 3297 41 1846 566 515 50 1280
cat_boundaries=0 1 2 3
cat_threshold=12 208 48
is_linear=0
shrinkage=0.05


Tree=107
num_leaves=31
num_cat=1
split_feature=45 10 10 44 49 34 6 0 45 42 26 38 7 20 1 42 28 26 40 45 13 25 24 39 20 6 30 8 29 29
split_gain=38.8807 52.65 77.4058 49.9779 43.5109 46.2072 40.3224 38.7428 49.5625 45.7858 32.533 35.48 30.5903 45.759 28.495 33.0351 57.0708 32.9634 27.421 32.3365 26.7334 25.2733 25.1424 23.4202 23.7372 39.0981 22.5869 18.8676 19.1405 50.461
threshold=16.500000000000004 3.5000000000000004 5.5000000000000009 2.5000000000000004 0 7.5000000000000009 0.9204783187523774 31.479166666666668 30.500000000000004 80.500000000000014 17.197916666666671 131.50000000000003 0.49130216754134942 23.104166666666668 37.770833333333336 118.64285714285715 20.407638888888894 20.825892857142861 6.5000000000000009 25.500000000000004 285.50000000000006 2.943161969579156 22.017857142857146 15.500000000000002 12.97916666666667 0.99524937937260227 0.0059523809523809408 0.10471491228070177 4.7422364860616719 4.429435768254681
decision_type=2 2 2 2 1 2 2 2 2 2 2 2 2 2 2 2 2 2 2 2 2 2 2 2 2 2 2 2 2 2
left_child=12 3 4 6 5 -3 18 8 22 -10 -6 -12 23 -14 15 16 -4 -16 -2 -20 -17 -19 -5 24 -1 -26 -9 28 29 -25
right_child=1 2 14 7 10 -7 -8 26 9 -11 11 -13 13 -15 17 20 -18 21 19 -21 -22 -23 -24 27 25 -27 -28 -29 -30 -31
leaf_value=-0.0015390117121930644 -0.02291698794346303 -0.010702183665637759 0.011549269683475532 0.0067625026471084954 0.0032078925652406463 0.019006517070606556 -0.002629759084583834 0.062633227375222408 -0.051328074648266747 0.024870175996465214 -0.043321571477408553 -0.0023352387584221197 -0.0045104861582296622 -0.057640202761423301 0.091370601490849551 0.014165909770900841 -0.044761898999672332 0.052939970773600402 0.0280868809300121 0.065542243880086712 0.067359127400309915 0.0030239968764362857 -0.0084266398323292104 0.001119764361670664 -0.02217795681215854 0.0090520446613017065 0.018086320008601872 -0.021598388945035962 -0.0076926095245559659 0.025316874562836763
leaf_weight=1309 20 466 137 497 81 182 99 41 21 322 206 71 3511 41 21 151 67 42 229 77 28 64 603 10443 389 135 93 92 582 220
leaf_count=1309 20 466 137 497 81 182 99 41 21 322 206 71 3511 41 21 151 67 42 229 77 28 64 603 10443 389 135 93 92 582 220
internal_value=-7.03549e-07 0.0047771 -0.00225206 0.0100999 -0.0102965 -0.00232224 0.0253176 0.00599873 0.00361054 0.020205 -0.0239951 -0.032816 -0.00100586 -0.00512375 0.0136159 0.00681021 -0.00694508 0.0341401 0.0338046 0.0375119 0.0224866 0.022802 -0.00156391 0.000104745 -0.00513899 -0.0141321 0.0317163 0.000952568 0.00113707 0.001619
internal_weight=20240 3518 1516 2002 1006 648 425 1577 1443 343 358 277 16722 3552 510 383 204 127 326 306 179 106 1100 13170 1833 524 134 11337 11245 10663
internal_count=20240 3518 1516 2002 1006 648 425 1577 1443 343 358 277 16722 3552 510 383 204 127 326 306 179 106 1100 13170 1833 524 134 11337 11245 10663
cat_boundaries=0 1
cat_threshold=14
is_linear=0
shrinkage=0.05


Tree=108
num_leaves=31
num_cat=0
split_feature=18 25 10 21 31 20 23 25 45 15 31 28 20 45 37 37 1 41 38 28 45 20 9 7 26 35 42 7 39 20
split_gain=36.8854 42.1528 34.1498 34.7998 31.8182 32.4923 40.1787 36.5642 32.4296 26.5329 25.4314 26.3811 25.142 23.2817 36.7686 35.9293 32.6405 22.08 34.1968 21.8739 21.8301 37.1607 22.6346 19.6631 41.2104 43.6766 25.0079 19.1942 18.6726 18.2015
threshold=-0.5 0.58767516702492106 5.5000000000000009 34.687500000000007 4.5000000000000009 27.520833333333339 27.895833333333339 4.2273018591030871 11.500000000000002 -0.8783796973249266 13.500000000000002 30.954166666666669 15.97916666666667 15.500000000000002 68.58750000000002 86.062500000000014 41.437500000000007 168.50000000000003 102.50000000000001 31.826388888888893 29.500000000000004 21.187500000000004 0.99260329131652669 1.0000000180025095e-35 24.047619047619055 12.214285714285717 172.92857142857147 0.27010887098203684 39.500000000000007 34.562500000000007
decision_type=2 2 2 2 2 2 2 2 2 2 2 2 2 2 2 2 2 2 2 2 2 2 2 2 2 2 2 2 2 2
left_child=4 23 3 20 5 6 8 27 12 -10 11 29 -1 16 -15 -16 19 18 -5 -4 22 -22 -3 -2 -25 26 -26 -7 -19 -6
right_child=1 2 13 17 10 7 -8 -9 9 -11 -12 -13 -14 14 15 -17 -18 28 -20 -21 21 -23 -24 24 25 -27 -28 -29 -30 -31
leaf_value=-0.0060762594462429398 0.0012781966265889393 0.0052774931490954281 0.011189989666100186 0.088154599329699657 0.0020685529642506697 0.032434165610798767 0.031900430281923429 -0.065512312580137816 -0.013515454300325445 0.0053899743593218471 0.0402555447027442 -0.044083848217269406 -0.018880897479975831 0.072540036545080303 -0.014093320944127352 0.027848227525175347 -0.04767095241695643 -0.039918510509388792 0.022369347593214895 -0.022892637081444265 0.031457294544285058 0.00064917700593264741 -0.0011239527894159516 -0.0040551497999230931 -0.031919303601202757 0.01690893109355654 -0.10416223524510862 -0.032407582670450207 0.012794436600857549 -0.037775670814103102
leaf_weight=2978 2280 2075 805 23 2464 21 74 47 229 979 42 32 440 34 68 205 26 21 140 50 163 245 4128 2464 23 21 25 25 84 29
leaf_count=2978 2280 2075 805 23 2464 21 74 47 229 979 42 32 440 34 68 205 26 21 140 50 163 245 4128 2464 23 21 25 25 84 29
internal_value=-6.68372e-07 0.00161285 0.00382226 0.00247033 -0.00282432 -0.00523023 -0.00465113 -0.0344962 -0.00523583 0.00180608 0.00166789 0.00102603 -0.0077246 0.0116505 0.0235078 0.0174012 0.00751858 0.0201332 0.0316519 0.00919685 0.0017543 0.0129573 0.00101743 -0.00209032 -0.00512239 -0.0432335 -0.0695458 -0.00280591 0.00225185 0.00160506
internal_weight=20240 12880 8067 6879 7360 4793 4700 93 4626 1208 2567 2525 3418 1188 307 273 881 268 163 855 6611 408 6203 4813 2533 69 48 46 105 2493
internal_count=20240 12880 8067 6879 7360 4793 4700 93 4626 1208 2567 2525 3418 1188 307 273 881 268 163 855 6611 408 6203 4813 2533 69 48 46 105 2493
is_linear=0
shrinkage=0.05


Tree=109
num_leaves=31
num_cat=3
split_feature=34 16 50 45 50 10 28 2 30 45 45 29 33 42 20 23 30 37 43 34 49 6 43 29 27 27 22 22 37 43
split_gain=35.0154 34.8693 48.4939 44.6729 43.4969 46.527 42.535 39.7784 35.3373 33.2941 31.5893 31.4556 27.1432 25.7139 24.4156 30.3608 21.1681 21.1633 20.1388 18.8363 19.9682 26.1057 18.8368 18.5615 45.1566 39.0044 28.4684 21.4135 22.4175 18.5459
threshold=6.5000000000000009 -0.22252093395631442 0 4.5000000000000009 1 3.5000000000000004 33.488194444444453 30.000000000000004 0.72023809523809545 16.500000000000004 31.500000000000004 3.4402746261760089 3.5000000000000004 169.57142857142858 25.604166666666668 24.854166666666668 0.66369047619047639 95.062500000000014 6.7857142857142865 13.500000000000002 2 0.62591836106687604 16.500000000000004 4.9001211263694486 4.9714603295577371 2.7716095468509274 26.062500000000004 28.729166666666668 61.537500000000009 9.6428571428571441
decision_type=2 2 1 2 1 2 2 2 2 2 2 2 2 2 2 2 2 2 2 2 1 2 2 2 2 2 2 2 2 2
left_child=1 4 3 11 13 10 8 29 -5 23 -6 -3 -9 14 18 -16 19 -8 -1 20 22 -22 -11 -2 25 -25 -27 -26 -29 -7
right_child=9 2 -4 6 5 7 17 12 -10 16 -12 -13 -14 -15 15 -17 -18 -19 -20 -21 21 -23 -24 24 27 26 -28 28 -30 -31
leaf_value=-0.024352644230651706 0.0026387953676119268 -0.005565264409450793 -0.0011350977403870542 0.016006041145941348 -0.0013611599598018793 -0.018413845969995724 -0.075929070578422408 -0.024092825633987212 -0.0004624513308453553 -0.0036972079223262207 0.040531520204658208 -0.064275189101696023 -0.072967965621501207 0.028765769482608401 -0.055329257652683317 -0.0064691856847007264 -0.0042430478060850874 -0.0062876142949486779 0.0012332152942844336 0.049866844434291124 0.017491479104944342 -0.0056143239595760723 0.026277154323110591 0.035482322991542192 -0.0065604090570442145 -0.014430201128125193 -0.055157707747435426 0.0024585437316160938 0.056420165367767609 -0.0068454851220096716
leaf_weight=79 3272 261 6900 1288 1057 453 20 253 436 62 47 25 32 77 43 122 182 24 2905 36 243 246 339 23 93 90 82 39 38 1473
leaf_count=79 3272 261 6900 1288 1057 453 20 253 436 62 47 25 32 77 43 122 182 24 2905 36 243 246 339 23 93 90 82 39 38 1473
internal_value=-6.34941e-07 -0.00115148 0.000875779 0.00759944 -0.0039266 -0.00793657 0.0106022 -0.0121462 0.0118412 0.0037575 0.000422315 -0.0106973 -0.0295806 0.000217922 -0.000479443 -0.0192024 0.0113457 -0.0379428 0.000555842 0.0144095 0.0129753 0.00575011 0.0211161 0.00144578 -0.00924884 -0.0256695 -0.0338468 0.00958666 0.029089 -0.00956639
internal_weight=20240 15495 8954 2054 6541 3315 1768 2211 1724 4745 1104 286 285 3226 3149 165 1108 44 2984 926 890 489 401 3637 365 195 172 170 77 1926
internal_count=20240 15495 8954 2054 6541 3315 1768 2211 1724 4745 1104 286 285 3226 3149 165 1108 44 2984 926 890 489 401 3637 365 195 172 170 77 1926
cat_boundaries=0 1 2 3
cat_threshold=33 60 4
is_linear=0
shrinkage=0.05


Tree=110
num_leaves=31
num_cat=1
split_feature=32 4 26 31 24 25 6 20 45 50 6 20 18 5 15 45 45 7 25 10 32 30 29 6 41 5 0 22 34 35
split_gain=33.4705 41.7057 37.6941 36.5224 31.9215 43.576 49.9458 40.6989 40.0922 39.8369 31.7501 47.3367 27.3746 27.1835 53.763 48.9698 45.9672 39.9838 41.1007 26.3091 23.0277 34.8896 23.2936 21.4487 29.3376 24.7712 16.9644 13.8596 14.6789 13.5937
threshold=6.5000000000000009 0.72916666666666685 32.653273809523817 15.500000000000002 27.529761904761909 1.6145369264488285 0.99945175438596501 32.104166666666679 12.500000000000002 0 0.99072999914067217 37.270833333333336 -0.5 1.0000000180025095e-35 -0.8783796973249266 10.500000000000002 6.5000000000000009 0.22691027964099139 4.6598855917491546 1.5000000000000002 3.5000000000000004 0.61607142857142871 4.2381982484126377 0.91806961992245883 180.50000000000003 0.43750000000000006 34.687500000000007 36.104166666666679 10.500000000000002 6.9285714285714297
decision_type=2 2 2 2 2 2 2 2 2 1 2 2 2 2 2 2 2 2 2 2 2 2 2 2 2 2 2 2 2 2
left_child=2 3 4 13 7 6 29 8 12 -10 11 -7 -1 14 16 -16 -2 18 -15 -19 21 22 -4 24 25 -3 -25 28 -22 -6
right_child=1 23 20 -5 5 10 -8 -9 9 -11 -12 -13 -14 17 15 -17 -18 19 -20 -21 27 -23 -24 26 -26 -27 -28 -29 -30 -31
leaf_value=-0.0050828536722725363 0.0013472235143686144 0.027480921329509828 -0.010120755831964992 0.058159820122144573 -0.051318865472620184 -0.007126419054547712 0.01335299230579819 -0.051730075808844936 0.014427922857349 0.0014120418061932538 0.04409431610256434 -0.079128566663712263 -0.00017584399782653891 0.016084199505002048 -0.0016201000457726257 0.029147015622351322 -0.067268912911253129 0.092171950483073806 -0.041832374497740105 0.032483714061818318 0.069787316487693207 -0.033551238531148747 0.057151179111772969 -0.00050703509303045798 -0.073045045950196008 -0.028054110695232167 0.01414997072228997 0.014493082091212273 0.017538667777553203 -0.10573168806731702
leaf_weight=4637 52 31 22 41 22 467 21 39 695 3583 28 24 7343 427 366 200 46 24 33 80 41 38 31 1561 22 57 226 39 20 24
leaf_count=4637 52 31 22 41 22 467 21 39 695 3583 28 24 7343 427 366 200 46 24 33 80 41 38 31 1561 22 57 226 39 20 24
internal_value=-6.31249e-07 0.00472117 -0.000876187 0.0117376 -0.00112607 -0.0125915 -0.0505397 -0.000713796 -0.000591417 0.00356362 -0.00769264 -0.0106459 -0.00207516 0.0101877 0.00333152 0.00925167 -0.0308604 0.0182594 0.0119293 0.0462579 0.0212113 0.0030119 0.029227 2.75408e-05 -0.0214015 -0.00849063 0.00134662 0.0377728 0.0526566 -0.0797082
internal_weight=20240 3166 17074 1269 16883 586 67 16297 16258 4278 519 491 11980 1228 664 566 98 564 460 104 191 91 53 1897 110 88 1787 100 61 46
internal_count=20240 3166 17074 1269 16883 586 67 16297 16258 4278 519 491 11980 1228 664 566 98 564 460 104 191 91 53 1897 110 88 1787 100 61 46
cat_boundaries=0 1
cat_threshold=32
is_linear=0
shrinkage=0.05


Tree=111
num_leaves=30
num_cat=0
split_feature=31 45 37 15 37 22 34 32 4 31 27 26 24 20 25 38 32 30 24 34 23 30 23 29 0 23 38 22 20
split_gain=32.6329 29.2794 41.8884 35.4087 34.0589 34.5296 28.8911 26.6255 34.8362 35.5879 30.2091 28.7463 31.461 56.3053 36.7058 26.2091 25.3141 29.5536 24.1374 19.2629 20.0035 18.5615 16.3411 13.58 12.1882 26.6529 12.7089 13.649 8.16966
threshold=1.0000000180025095e-35 29.500000000000004 100.36250000000001 1.0000000180025095e-35 86.312500000000014 14.22916666666667 2.5000000000000004 6.5000000000000009 0.64583333333333337 16.500000000000004 5.0542260428078469 32.653273809523817 27.529761904761909 32.104166666666679 1.6145369264488285 126.50000000000001 3.5000000000000004 0.61607142857142871 23.69940476190477 11.500000000000002 27.812500000000004 0.0059523809523809651 26.229166666666668 4.1988584807440903 19.145833333333339 17.979166666666668 38.500000000000007 9.3125000000000018 17.770833333333339
decision_type=2 2 2 2 2 2 2 2 2 2 2 2 2 2 2 2 2 2 2 2 2 2 2 2 2 2 2 2 2
left_child=18 7 3 4 15 -6 -5 11 9 10 -9 12 13 -2 -14 -3 17 -13 24 20 -10 -8 -21 -18 25 26 27 -1 -28
right_child=1 2 -4 6 5 -7 21 8 19 -11 -12 16 14 -15 -16 -17 23 -19 -20 22 -22 -23 -24 -25 -26 -27 28 -29 -30
leaf_value=-0.0087999909626025902 -0.00041055088456022626 -0.035547722553834323 0.074827776799793355 -0.030674714480455108 -0.040573214762138599 0.01344259967490171 0.035459259291284184 0.0069081443834764673 -0.00016684005514632546 0.071494425561589511 0.031963642467370761 0.023794884976072642 -0.048207812481201616 -0.066809163766447452 -0.0080565725211216768 0.011132191538507509 0.021151326594446771 -0.034904110159825634 -0.057129783183336259 -0.0020065522460406358 -0.017845351526060899 0.011164173582049252 0.01870649397994081 0.058927909151101722 0.031250526685090291 -0.056312017815394536 -0.0039996141701601554 -0.043792790233750239 -0.035465392647754578
leaf_weight=76 14188 100 24 26 33 286 169 987 1380 24 137 51 65 32 458 43 61 37 24 162 181 147 231 39 21 27 1166 44 21
leaf_count=76 14188 100 24 26 33 286 169 987 1380 24 137 51 65 32 458 43 61 37 24 162 181 147 231 39 21 27 1166 44 21
internal_value=-2.08407e-07 0.000542658 0.00973629 0.00779327 -0.00123468 0.00785476 0.0199889 0.000120524 0.00433563 0.0112485 0.00996206 -0.000755187 -0.00100293 -0.000559971 -0.0130467 -0.0215111 0.0186729 -0.000885374 -0.00742515 0.000274253 -0.00221669 0.0241574 0.0101683 0.0358842 -0.00654477 -0.00713975 -0.00612395 -0.0216307 -0.0045563
internal_weight=20240 18861 828 804 462 319 342 18033 3102 1148 1124 14931 14743 14220 523 143 188 88 1379 1954 1561 316 393 100 1355 1334 1307 120 1187
internal_count=20240 18861 828 804 462 319 342 18033 3102 1148 1124 14931 14743 14220 523 143 188 88 1379 1954 1561 316 393 100 1355 1334 1307 120 1187
is_linear=0
shrinkage=0.05


Tree=112
num_leaves=31
num_cat=1
split_feature=34 37 9 16 30 40 50 18 3 34 29 31 21 25 37 29 22 39 36 25 31 27 48 0 31 6 21 43 4 48
split_gain=30.8071 28.9325 26.7101 26.8284 50.5091 41.0505 33.7381 41.5225 25.9889 22.3151 21.1544 17.207 30.1471 20.1375 16.9765 22.6068 20.3931 23.3765 22.9234 21.721 22.4793 16.2772 15.0693 23.023 14.9199 34.5077 18.8907 44.3634 28.5951 14.5373
threshold=3.5000000000000004 55.712500000000013 0.98142056530214428 -0.22252093395631442 0.005952380952380959 15.500000000000002 0 0.25000000000000017 1.0000000180025095e-35 7.5000000000000009 4.0258825868576045 1.0000000180025095e-35 14.812500000000002 1.5995152622198006 100.06250000000001 2.471536760314077 17.979166666666668 62.500000000000007 7.2142857142857153 1.5854726557890102 8.5000000000000018 3.0597156432429071 0.91071428571428592 25.354166666666668 11.500000000000002 0.74048217219055001 25.604166666666668 23.214285714285719 0.18750000000000003 0.91071428571428592
decision_type=2 2 2 2 2 2 1 2 2 2 2 2 2 2 2 2 2 2 2 2 2 2 2 2 2 2 2 2 2 2
left_child=11 24 10 6 5 -5 7 -4 -6 -8 -3 12 -1 -14 16 -16 19 18 -18 21 -21 -13 -17 -24 26 -26 29 28 -28 -2
right_child=1 2 3 4 8 -7 9 -9 -10 -11 -12 14 13 -15 15 22 17 -19 -20 20 -22 -23 23 -25 25 -27 27 -29 -30 -31
leaf_value=-0.0059715599243589049 -0.022939456105477325 0.012148995087026229 -0.017179452934613103 0.0077678342665424976 0.0030474320612176881 0.029885476119584919 -0.00072475956719804608 0.0057993526327253216 -0.027903368406375684 0.0087408247155420348 0.049957910157821105 -0.0024340163531307532 -0.07897727622286134 -0.019988063051819039 -0.00043436745789643839 0.057462395727634431 -0.012007572142561589 0.037633777529789282 0.033213560373104849 0.0024784934663181716 0.030427902919550737 -0.028855319042548035 0.021733954244565149 -0.03392871742447217 0.073047216013073929 0.00043860644234680678 -0.028241024178234819 0.022790681856173663 -0.099623098224401477 -0.0027307511038828195
leaf_weight=1030 95 189 574 602 3980 322 2277 299 69 857 46 4860 23 39 371 24 833 26 29 1764 75 59 161 21 20 90 47 31 20 1407
leaf_count=1030 95 189 574 602 3980 322 2277 299 69 857 46 4860 23 39 371 24 833 26 29 1764 75 59 161 21 20 90 47 31 20 1407
internal_value=-1.97968e-07 0.00180104 0.00290946 0.00247399 0.00492717 0.0154755 -0.000570599 -0.00920385 0.00251999 0.0018577 0.0195499 -0.00211276 -0.00800982 -0.0418712 -0.00132964 0.0069404 -0.00195374 -0.00907729 -0.0104862 -0.0010177 0.00361836 -0.00275092 0.0202221 0.0153113 -0.00417209 0.0136402 -0.00539668 -0.0266661 -0.0495491 -0.00400893
internal_weight=20240 10925 9215 8980 4973 924 4007 873 4049 3134 235 9315 1092 62 8223 577 7646 888 862 6758 1839 4919 206 182 1710 110 1600 98 67 1502
internal_count=20240 10925 9215 8980 4973 924 4007 873 4049 3134 235 9315 1092 62 8223 577 7646 888 862 6758 1839 4919 206 182 1710 110 1600 98 67 1502
cat_boundaries=0 1
cat_threshold=1
is_linear=0
shrinkage=0.05


Tree=113
num_leaves=31
num_cat=0
split_feature=18 29 10 31 21 15 20 45 0 40 1 20 0 0 27 45 10 20 29 31 45 37 37 1 43 13 0 21 39 31
split_gain=29.1535 34.0192 29.7653 25.0479 23.7099 31.271 24.1996 44.0186 27.3464 23.327 22.9831 20.3593 47.6118 44.1241 36.9881 24.8081 34.7211 23.6953 20.9093 18.3176 17.7659 34.6751 38.0483 30.99 23.9608 13.6071 12.0575 17.5961 20.0912 14.1121
threshold=-0.5 1.553930813204049 5.5000000000000009 13.500000000000002 34.687500000000007 1.0000000180025095e-35 22.437500000000004 33.500000000000007 25.145833333333339 26.500000000000004 37.562500000000007 27.520833333333339 27.729166666666668 25.604166666666668 5.7741237810269013 10.500000000000002 3.5000000000000004 25.854166666666668 4.1988584807440903 4.5000000000000009 15.500000000000002 68.58750000000002 86.062500000000014 41.437500000000007 20.357142857142858 150.50000000000003 20.437500000000004 20.729166666666668 34.500000000000007 6.5000000000000009
decision_type=2 2 2 2 2 2 2 2 2 2 2 2 2 2 2 2 2 2 2 2 2 2 2 2 2 2 2 2 2 2
left_child=3 26 4 11 6 10 7 -3 -8 -7 -6 12 15 25 18 19 -17 -14 -15 -1 23 -22 -23 24 -4 -13 27 -2 -29 -28
right_child=1 2 20 -5 5 9 8 -9 -10 -11 -12 13 17 14 -16 16 -18 -19 -20 -21 21 22 -24 -25 -26 -27 29 28 -30 -31
leaf_value=-0.0067348499434057019 -0.0017257384238346845 0.0030170422774175357 0.014050178270554171 0.035991923506593422 0.026987105235457422 0.041849038080449721 -0.013243054747372078 0.038572490610852002 0.00072421820512703244 -0.0030139008806528231 -0.016151298791584039 -0.09288039959967137 0.066729852718275959 -0.028761336460243911 -0.056303075706476684 0.0069642166881527263 -0.0054391981911057763 0.0051258945492682634 0.0079725287703060824 0.00011853732153693634 0.070177019472149285 -0.01611512595841634 0.02702888777186423 -0.04621531298527351 -0.008292242483309422 -0.035896737890487369 0.022683882081600014 -0.05334331695522581 0.0060529741691425446 0.0011881974196972346
leaf_weight=3260 5328 3971 570 42 47 122 492 89 1218 38 90 20 37 50 34 1319 986 27 172 1391 33 69 197 26 152 22 106 35 24 273
leaf_count=3260 5328 3971 570 42 47 122 492 89 1218 38 90 20 37 50 34 1319 986 27 172 1391 33 69 197 26 152 22 106 35 24 273
internal_value=-1.88069e-07 0.00143428 0.0037477 -0.00251051 0.00240415 0.0161813 0.001695 0.00379646 -0.00329444 0.0311941 -0.00135199 -0.00273148 -0.00218812 -0.0155317 -0.00773866 -0.00258309 0.00165846 0.0407407 -0.000300864 -0.00468517 0.0115331 0.0218347 0.0158374 0.00741522 0.00934651 -0.0630318 -0.00141998 -0.00202645 -0.0291821 0.00720018
internal_weight=20240 12880 7114 7360 6067 297 5770 4060 1710 160 137 7318 7020 298 256 6956 2305 64 222 4651 1047 299 266 748 722 42 5766 5387 59 379
internal_count=20240 12880 7114 7360 6067 297 5770 4060 1710 160 137 7318 7020 298 256 6956 2305 64 222 4651 1047 299 266 748 722 42 5766 5387 59 379
is_linear=0
shrinkage=0.05


Tree=114
num_leaves=31
num_cat=3
split_feature=39 7 29 31 9 13 26 16 50 50 39 20 21 31 20 37 0 23 3 20 1 49 7 30 31 39 31 41 28 27
split_gain=26.6452 29.0834 27.0915 36.2656 30.4508 29.4415 30.1227 27.6416 32.8317 30.1954 27.5161 23.8222 28.6543 23.383 32.0883 17.152 14.455 13.812 9.84026 8.36129 7.94775 7.26113 7.46721 6.57511 5.69061 4.88579 4.37827 4.35992 3.76097 3.23467
threshold=24.500000000000004 0.0020060200722730741 2.1331379183327313 1.0000000180025095e-35 0.99260329131652669 114.50000000000001 29.602678571428573 1.0000000180025095e-35 0 1 28.500000000000004 34.395833333333336 33.770833333333336 9.5000000000000018 19.479166666666668 65.862500000000026 14.270833333333334 12.47916666666667 1.9166666666666667 23.687500000000004 34.895833333333336 2 0.086724077416766923 0.55059523809523825 4.5000000000000009 20.500000000000004 7.5000000000000009 36.500000000000007 14.264583333333336 2.4127962866682373
decision_type=2 2 2 2 2 2 2 2 1 1 2 2 2 2 2 2 2 2 2 2 2 1 2 2 2 2 2 2 2 2
left_child=1 17 18 16 5 10 -7 9 -9 -6 -5 12 13 14 -3 -15 -4 27 20 24 21 23 -23 -2 25 -19 -20 -1 -26 -29
right_child=2 11 3 4 7 6 -8 8 -10 -11 -12 -13 -14 15 -16 -17 -18 19 26 -21 -22 22 -24 -25 28 -27 -28 29 -30 -31
leaf_value=-0.018069593593358035 -0.0018291613597985321 -0.002772331850229666 -0.011110715702590016 0.044779388832394039 0.00434832677436418 0.0072277428592798041 -0.018646224881550075 0.013149416424075225 -0.00064763905571565321 -0.007361060059943034 0.013811697378700603 -0.052346247032284736 0.054866846012217668 -0.0073126961031685705 -0.014511709470994944 0.047128346122992347 -0.057689030576617485 0.0091996038552542136 -0.0093400037093531521 0.040849695744968599 -0.027768670050082385 -0.006354240714993401 0.00035535723354635721 0.0022288489066731704 0.016317922978608599 0.023133213920316295 -0.042028027325868605 0.0015372063300799169 0.00092498238979306022 -0.011480087723582983
leaf_weight=31 1699 5969 36 80 1021 1049 126 888 836 1174 694 25 21 23 645 39 31 199 21 21 27 929 749 2420 48 92 20 1048 229 50
leaf_count=31 1699 5969 36 80 1021 1049 126 888 836 1174 694 25 21 23 645 39 31 199 21 21 27 929 749 2420 48 92 20 1048 229 50
internal_value=-1.78673e-07 -0.00214526 0.0015341 0.0039157 0.00433334 0.00944081 0.00445317 0.00179329 0.00653148 -0.00192819 0.0170125 -0.00362909 -0.00344723 -0.00363066 -0.00391716 0.0269325 -0.0326619 0.0036605 -0.000875927 0.00986741 -0.000704089 -0.000578033 -0.00333941 0.000553662 0.00872193 0.0136047 -0.0252854 0.000422348 0.00359235 0.000944433
internal_weight=20240 8440 11800 5935 5868 1949 1175 3919 1724 2195 774 6722 6697 6676 6614 62 67 1718 5865 589 5824 5797 1678 4119 568 291 41 1129 277 1098
internal_count=20240 8440 11800 5935 5868 1949 1175 3919 1724 2195 774 6722 6697 6676 6614 62 67 1718 5865 589 5824 5797 1678 4119 568 291 41 1129 277 1098
cat_boundaries=0 1 2 3
cat_threshold=41 100 28
is_linear=0
shrinkage=0.05


Tree=115
num_leaves=31
num_cat=2
split_feature=34 16 50 45 25 20 36 45 45 48 20 44 10 45 45 36 25 0 4 25 20 45 32 44 49 37 4 24 24 4
split_gain=25.8593 32.6446 37.3026 36.3618 40.0131 35.6378 40.4131 38.6534 30.0588 25.2923 25.122 24.7905 23.423 77.5947 57.8004 34.8863 36.4855 32.4185 32.3088 32.1892 29.1028 25.4187 25.6534 22.9028 22.3946 39.9349 30.7413 36.3853 30.6833 42.6154
threshold=8.5000000000000018 1.0000000180025095e-35 0 20.500000000000004 5.1508089939629746 15.562500000000002 1.642857142857143 14.500000000000002 29.500000000000004 0.98214285714285732 21.020833333333339 2.5000000000000004 3.5000000000000004 1.5000000000000002 8.5000000000000018 9.2142857142857171 1.4609811316054933 21.187500000000004 0.97916666666666685 1.6931794957617827 27.645833333333339 26.500000000000004 6.5000000000000009 2.5000000000000004 1 60.787500000000009 0.77083333333333337 34.101190476190482 19.830357142857149 0.89583333333333337
decision_type=2 2 1 2 2 2 2 2 2 2 2 2 2 2 2 2 2 2 2 2 2 2 2 2 1 2 2 2 2 2
left_child=1 12 3 5 11 7 -7 -3 24 -6 -10 -5 14 15 17 -14 -17 -1 20 -19 -15 22 -16 -23 25 28 27 -27 -2 -30
right_child=8 2 -4 4 9 6 -8 -9 10 -11 -12 -13 13 18 21 16 -18 19 -20 -21 -22 23 -24 -25 -26 26 -28 -29 29 -31
leaf_value=-0.0033088803564352721 0.02888345889923339 0.010636675113671229 -0.00018741783343729183 0.052398295421592612 0.019628920786730623 -0.042367085601602288 0.0014554809123339021 0.058483414202928546 0.075261198651666444 -0.056266767034928 0.017819573857464684 0.016032177547458559 0.0018981414435500583 -0.011360270750337935 0.0027245707811217657 -0.0050456333454981777 0.078069887717344591 0.011202198156814386 -0.002337934681025534 -0.040456870641853465 -0.03180232419882386 0.064107661854682696 0.029852060977187334 0.015689760063105497 -0.0011760070479986898 0.039106342548810069 0.008730507008670273 -0.031625346709042788 -0.02248373620042747 0.0080811063599015836
leaf_weight=2835 74 681 5864 106 23 56 869 45 24 21 92 84 1850 1969 1653 23 31 41 1011 114 191 27 92 256 1185 200 343 20 209 251
leaf_count=2835 74 681 5864 106 23 56 869 45 24 21 92 84 1850 1969 1653 23 31 41 1011 114 191 27 92 256 1185 200 343 20 209 251
internal_value=6.46795e-08 -0.000655139 0.00178571 0.00788305 0.0263709 0.00531047 -0.00119756 0.0136024 0.00487502 -0.016594 0.029704 0.0363206 -0.00252913 -0.00492425 -0.000106791 0.00305445 0.0426688 -0.00452624 -0.009715 -0.0267922 -0.0131679 0.00640907 0.00415479 0.0203091 0.0036129 0.00871722 0.0180876 0.0326762 -0.000998815 -0.00580596
internal_weight=20240 17842 7749 1885 234 1651 925 726 2398 44 116 190 10093 5075 5018 1904 54 2990 3171 155 2160 2028 1745 283 2282 1097 563 220 534 460
internal_count=20240 17842 7749 1885 234 1651 925 726 2398 44 116 190 10093 5075 5018 1904 54 2990 3171 155 2160 2028 1745 283 2282 1097 563 220 534 460
cat_boundaries=0 1 2
cat_threshold=33 6
is_linear=0
shrinkage=0.05


Tree=116
num_leaves=31
num_cat=0
split_feature=18 25 9 27 5 39 31 37 5 43 20 27 45 10 44 37 27 28 31 27 25 25 25 33 6 26 35 42 41 26
split_gain=25.0513 28.7989 27.7921 26.2979 22.6512 26.9282 21.8688 21.8309 21.1701 31.6112 18.1148 37.8828 24.4837 31.6759 45.6029 28.908 22.0434 24.1074 19.3147 26.6288 22.0451 16.8863 15.7332 14.8514 14.016 34.0427 35.393 20.9961 13.1415 10.7827
threshold=-0.5 0.58767516702492106 0.99273157538877632 1.4430847795226718 0.52083333333333337 61.500000000000007 13.500000000000002 100.06250000000001 0.14583333333333334 13.357142857142859 27.520833333333339 5.7741237810269013 10.500000000000002 3.5000000000000004 2.5000000000000004 97.850000000000009 4.8878627288419434 27.868750000000006 4.5000000000000009 4.6326193095419592 4.2273018591030871 5.1508089939629746 5.1508089939629746 7.5000000000000009 0.99945175438596501 24.047619047619055 12.214285714285717 172.92857142857147 58.500000000000007 34.342261904761912
decision_type=2 2 2 2 2 2 2 2 2 2 2 2 2 2 2 2 2 2 2 2 2 2 2 2 2 2 2 2 2 2
left_child=6 24 3 -3 5 -5 10 23 9 -9 12 16 18 14 -14 -15 17 -12 20 -20 -1 -13 -18 28 25 -2 27 -27 -4 -6
right_child=1 2 7 4 29 -7 -8 8 -10 -11 11 21 13 15 -16 -17 22 -19 19 -21 -22 -23 -24 -25 -26 26 -28 -29 -30 -31
leaf_value=-0.0066652455130340781 -0.0033210552681758633 -0.00083728494492585868 -0.0077438073136503445 0.012026179166748975 0.0021082311362091702 0.044279013218714254 0.033649178598369918 0.003886326707433909 0.0022501529391837837 0.048197808558190308 -0.0010087885214267549 -0.025368820186704402 0.01843269385815402 -0.0073762574573487567 -0.00030678990155931485 0.021902051471644434 0.00024532278872687707 -0.037145347030291077 0.0025444942776216939 -0.02601472197807041 0.032679400355037712 -0.088848669928583243 0.052031444046985023 0.039180227803687261 0.0011128179070548964 -0.028139118526292885 0.015209935641004927 -0.09433422361698468 0.00069104128892765642 0.036127007496543233
leaf_weight=3224 2464 798 520 1340 791 68 42 80 217 81 111 20 537 902 821 93 44 79 1320 87 36 22 22 24 2280 23 21 25 4124 24
leaf_count=3224 2464 798 520 1340 791 68 42 80 217 81 111 20 537 902 821 93 44 79 1320 87 36 22 22 24 2280 23 21 25 4124 24
internal_value=2.77617e-08 0.00132975 0.00315597 0.00694888 0.00974391 0.0135838 -0.00232698 0.000885179 0.0124424 0.0261797 -0.00253346 -0.0146074 -0.00202092 0.00213769 0.00710345 -0.00463969 -0.00738661 -0.016034 -0.0041176 0.000778573 -0.00623076 -0.0586202 0.0175074 -5.06855e-05 -0.00173115 -0.00429105 -0.0389297 -0.0626157 -0.000253429 0.00311001
internal_weight=20240 12880 8067 3021 2223 1408 7360 5046 378 161 7318 298 7020 2353 1358 995 256 190 4667 1407 3260 42 66 4668 4813 2533 69 48 4644 815
internal_count=20240 12880 8067 3021 2223 1408 7360 5046 378 161 7318 298 7020 2353 1358 995 256 190 4667 1407 3260 42 66 4668 4813 2533 69 48 4644 815
is_linear=0
shrinkage=0.05


Tree=117
num_leaves=31
num_cat=0
split_feature=34 45 1 0 13 27 37 10 13 34 24 27 17 48 41 22 1 42 38 25 25 41 7 30 21 32 26 28 36 44
split_gain=23.2205 25.3166 24.8697 31.6157 22.6356 20.2216 20.0866 25.4505 19.9772 16.2062 15.516 15.1337 21.2894 30.3942 43.4494 37.5736 28.4035 26.631 25.1872 20.8769 20.6922 38.1205 54.6614 26.479 26.2584 25.5978 27.442 25.6098 16.655 14.3256
threshold=3.5000000000000004 40.500000000000007 57.770833333333336 22.437500000000004 106.50000000000001 4.0814949101490479 55.712500000000013 5.5000000000000009 158.50000000000003 16.500000000000004 29.220238095238098 3.9986082340844189 -0.24999999999999994 0.91071428571428592 81.500000000000014 25.604166666666668 27.979166666666668 99.214285714285737 151.50000000000003 4.8874019206878527 1.6583497841343846 127.50000000000001 0.56905830213609343 0.10714285714285719 26.812500000000004 4.5000000000000009 24.245535714285719 22.270833333333336 2.3571428571428572 1.5000000000000002
decision_type=2 2 2 2 2 2 2 2 2 2 2 2 2 2 2 2 2 2 2 2 2 2 2 2 2 2 2 2 2 2
left_child=11 2 6 -4 -3 -5 -2 9 -9 -8 -7 20 17 14 -14 -16 -15 19 -18 29 24 25 23 -23 -1 27 -27 -22 -19 -13
right_child=1 4 3 5 -6 10 7 8 -10 -11 -12 12 13 16 15 -17 18 28 -20 -21 21 22 -24 -25 -26 26 -28 -29 -30 -31
leaf_value=-0.0025850116799224316 -0.0038451698702735024 0.0012909765071842981 -0.021155908466740092 0.0015405376385332961 0.069385660525697931 0.064662439697513396 0.0008278516471993115 0.0033354022025539388 0.016711418980969697 0.023732492993943966 0.01885666732258838 -0.0093243095961709817 0.067086232724514874 0.028924274316855843 -0.031322127489362507 0.041245107610399526 -0.026691022879933402 0.031391497448086739 0.025153939298319595 -0.076845651197022413 -0.00066384719267923266 0.038440927055974801 0.095153303573960846 0.00094216033325852456 -0.054981448749701178 0.0080068300444601156 0.058356461237216821 -0.026428207655627173 -0.017690282009009805 -0.055392861628422031
leaf_weight=6478 1710 23 33 33 26 51 7801 654 487 78 29 45 33 35 44 30 177 25 27 29 1517 72 23 136 24 405 29 103 56 27
leaf_count=6478 1710 23 33 33 26 51 7801 654 487 78 29 45 33 35 44 30 177 25 27 29 1517 72 23 136 24 405 29 103 56 27
internal_value=2.63722e-08 0.00156383 0.00140227 0.0218995 0.0374228 0.0344731 0.00112337 0.0020653 0.00904453 0.0010546 0.0480578 -0.00183406 -0.0100556 -0.00277393 0.0193741 -0.00190298 -0.0126896 -0.0238989 -0.0198292 -0.041027 -0.00134004 0.00275289 0.0220104 0.0139225 -0.00277842 0.000587119 0.0113712 -0.00230195 -0.00254158 -0.0266
internal_weight=20240 10925 10876 146 49 113 10730 9020 1141 7879 80 9315 528 346 107 74 239 182 204 101 8787 2285 231 208 6502 2054 434 1620 81 72
internal_count=20240 10925 10876 146 49 113 10730 9020 1141 7879 80 9315 528 346 107 74 239 182 204 101 8787 2285 231 208 6502 2054 434 1620 81 72
is_linear=0
shrinkage=0.05


Tree=118
num_leaves=31
num_cat=1
split_feature=18 25 9 29 32 21 27 37 21 37 26 10 24 28 0 50 6 13 37 21 7 43 45 42 6 6 20 42 23 6
split_gain=22.0415 24.7041 25.159 24.5268 19.8672 29.7653 31.9476 19.7988 31.5632 29.1401 25.5712 21.3822 40.3382 54.0102 27.0803 24.4132 30.5671 23.9061 19.5727 19.4283 18.5141 26.5657 17.814 43.1156 32.8338 17.7369 15.1702 28.5504 21.0783 14.7116
threshold=-0.5 0.58767516702492106 0.99260329131652669 1.9425178604924309 6.5000000000000009 30.062500000000004 4.9714603295577371 61.712500000000006 25.354166666666668 61.537500000000009 23.072916666666671 3.5000000000000004 25.580357142857149 24.964583333333337 21.562500000000004 0 0.73016747080623745 154.50000000000003 100.06250000000001 26.812500000000004 0.12456130829624802 13.071428571428573 10.500000000000002 82.214285714285737 0.84678992381174678 0.65003276539973809 9.5208333333333339 64.785714285714292 10.97916666666667 0.90459270791482538
decision_type=2 2 2 2 2 2 2 2 2 2 2 2 2 2 2 1 2 2 2 2 2 2 2 2 2 2 2 2 2 2
left_child=4 -2 3 -3 7 22 -7 8 9 10 -1 15 14 -14 -13 17 -17 -9 26 -10 -20 -22 -6 -24 -25 -21 28 -28 -4 -5
right_child=1 2 18 29 5 6 -8 11 19 -11 -12 12 13 -15 -16 16 -18 -19 20 25 21 -23 23 24 -26 -27 27 -29 -30 -31
leaf_value=-0.0058098235112510888 -0.0015876329032342756 0.00053402269873968741 0.0012352821414095758 0.013374051446941274 0.0047096378840179448 -0.059961207846508303 0.015384461639526613 0.015096547328751077 -0.079089795340868574 -0.055625104122987858 0.041466164007654481 -0.0052959542185459342 -0.077908168282619747 -0.0088651435157979831 0.014532632545635608 -0.013735061519037925 0.0036133917267227918 0.0015584917684558072 0.001393652800007246 0.0077643863235910731 0.0045245425589382649 0.043271400225509349 -0.030215093176122067 0.065592030537102317 0.0064972679829224944 -0.05438978157260202 -0.016657743994448092 -5.9199967811838151e-05 0.020717622582504897 0.0041556205405211682
leaf_weight=2089 4813 1056 476 1203 556 34 24 492 22 29 29 1597 43 83 193 451 581 967 201 24 90 87 27 57 40 22 278 3804 196 676
leaf_count=2089 4813 1056 476 1203 556 34 24 492 22 29 29 1597 43 83 193 451 581 967 201 24 90 87 27 57 40 22 278 3804 196 676
internal_value=2.50595e-08 0.00124731 0.00293872 0.00663104 -0.00218273 0.00559883 -0.0287837 -0.00304996 -0.00690634 -0.00584412 -0.00516251 -0.0011117 -0.00508283 -0.0324274 -0.00315801 0.00194277 -0.00393007 0.00608207 0.000827074 -0.0404442 0.0117776 0.0235696 0.00853145 0.025668 0.0412231 -0.0219615 -4.36267e-05 -0.00118963 0.00691763 0.0100576
internal_weight=20240 12880 8067 2935 7360 738 58 6622 2215 2147 2118 4407 1916 126 1790 2491 1032 1459 5132 68 378 177 680 124 97 46 4754 4082 672 1879
internal_count=20240 12880 8067 2935 7360 738 58 6622 2215 2147 2118 4407 1916 126 1790 2491 1032 1459 5132 68 378 177 680 124 97 46 4754 4082 672 1879
cat_boundaries=0 1
cat_threshold=105
is_linear=0
shrinkage=0.05


Tree=119
num_leaves=31
num_cat=0
split_feature=31 45 37 15 37 22 40 34 24 26 32 4 31 21 26 24 20 6 32 30 6 20 20 22 38 20 21 21 29 21
split_gain=21.3519 20.5273 35.3739 26.5328 29.6484 31.6808 30.2699 24.1038 19.5081 17.9917 17.204 28.5076 27.3025 22.9756 20.3983 29.6273 50.2224 30.8064 22.8203 25.2116 17.1658 26.8715 12.5786 11.9513 10.6259 12.6737 7.77007 25.1187 14.2793 9.22722
threshold=1.0000000180025095e-35 29.500000000000004 100.36250000000001 1.0000000180025095e-35 86.312500000000014 14.22916666666667 15.500000000000002 2.5000000000000004 23.69940476190477 15.763392857142859 6.5000000000000009 0.72916666666666685 16.500000000000004 26.229166666666668 32.653273809523817 27.529761904761909 32.104166666666679 0.99945175438596501 3.5000000000000004 0.61607142857142871 0.91806961992245883 32.104166666666679 34.395833333333336 36.104166666666679 38.500000000000007 10.020833333333334 15.72916666666667 16.854166666666668 4.0714114104069283 12.145833333333334
decision_type=2 2 2 2 2 2 2 2 2 2 2 2 2 2 2 2 2 2 2 2 2 2 2 2 2 2 2 2 2 2
left_child=8 10 3 4 6 -6 -3 -5 24 -9 14 12 13 -12 15 16 -2 -17 19 -16 21 -13 -22 -20 25 -1 29 -28 -29 -26
right_child=1 2 -4 7 5 -7 -8 9 -10 -11 11 20 -14 -15 18 17 -18 -19 23 -21 22 -23 -24 -25 26 -27 27 28 -30 -31
leaf_value=-0.011294433365886411 -0.00025595670459806528 -0.047053151156325815 0.067953205923549836 -0.029367613061689415 -0.039370221757527551 0.012369458235627679 -0.00054042389660380872 0.065432087349749743 -0.050690710280711454 0.017532866585652455 0.012602249901528069 -0.0054125212220242254 0.059125798954455945 -0.0028090140785761403 0.019972856372010475 -0.015911161520124711 -0.062965429940959439 0.030838527530431748 0.045910290905014903 -0.034242898215715953 -0.00094154089996855133 -0.062922130249164723 0.01108299109014118 0.010471324235774003 -0.0038235260498563381 -0.051917331595905128 -0.064419988610527737 -0.018270966014329423 0.0313218616658733 0.015573698957092486
leaf_weight=96 14188 61 24 26 33 286 82 21 24 295 863 82 27 336 51 485 32 38 61 37 1513 27 254 39 1080 24 22 47 21 65
leaf_count=96 14188 61 24 26 33 286 82 21 24 295 863 82 27 336 51 485 32 38 61 37 1513 27 254 39 1080 24 22 47 21 65
internal_value=2.37911e-08 0.000439143 0.00813705 0.0063515 -0.00146344 0.00701708 -0.0203815 0.0169085 -0.00600594 0.020716 8.56871e-05 0.00347392 0.00940319 0.0082835 -0.000618238 -0.000826932 -0.000397075 -0.0125144 0.0157475 -0.0028224 -0.000400957 -0.019658 0.000786943 0.0320891 -0.00521448 -0.019419 -0.00383428 -0.0179802 -0.00295553 -0.00272237
internal_weight=20240 18861 828 804 462 319 143 342 1379 316 18033 3102 1226 1199 14931 14743 14220 523 188 88 1876 109 1767 100 1355 120 1235 90 68 1145
internal_count=20240 18861 828 804 462 319 143 342 1379 316 18033 3102 1226 1199 14931 14743 14220 523 188 88 1876 109 1767 100 1355 120 1235 90 68 1145
is_linear=0
shrinkage=0.05


Tree=120
num_leaves=31
num_cat=0
split_feature=34 16 37 1 4 32 24 35 45 27 42 29 37 10 45 45 5 6 1 24 27 24 45 38 32 4 29 23 0 45
split_gain=20.3972 27.5407 25.1059 27.355 22.3151 45.2497 28.3113 28.705 26.9531 24.8507 24.749 22.0853 20.4877 19.5636 68.1362 47.9405 39.8361 30.5498 29.6232 28.4626 30.1805 29.8413 20.2462 22.2758 21.7979 19.3529 17.3628 16.9813 32.2438 26.0767
threshold=8.5000000000000018 1.0000000180025095e-35 67.987500000000011 41.895833333333336 0.52083333333333337 4.5000000000000009 23.104166666666671 9.2142857142857171 4.5000000000000009 3.9572855031626424 153.35714285714286 3.5838080523663769 99.71250000000002 3.5000000000000004 1.5000000000000002 8.5000000000000018 0.97916666666666685 0.97398222477064234 34.812500000000007 26.854166666666671 3.0331251751788906 23.82440476190477 26.500000000000004 96.500000000000014 6.5000000000000009 0.97916666666666685 3.5078884182618073 16.145833333333339 23.979166666666668 19.500000000000004
decision_type=2 2 2 2 2 2 2 2 2 2 2 2 2 2 2 2 2 2 2 2 2 2 2 2 2 2 2 2 2 2
left_child=1 13 3 27 5 8 10 -8 11 -6 -7 -3 -10 15 19 18 17 -16 25 21 -21 -15 24 -24 -17 -1 -20 28 -2 -29
right_child=2 4 -4 -5 9 6 7 -9 12 -11 -12 -13 -14 14 16 22 -18 -19 26 20 -22 -23 23 -25 -26 -27 -28 29 -30 -31
leaf_value=-0.0061274771542509082 -0.0040064068983971177 -0.0026732914517373189 0.013215546347807323 -0.041763081505066822 -0.00082871208953269647 0.010115493661268744 0.036159573705831109 -0.0056987893712871218 0.0033028218290424545 -0.026417251665867409 -0.045096925707046126 -0.028905015034996363 0.021850919661422573 0.0025698406497667494 -0.011891322138180024 0.0025145206019768357 -0.00019513028284718638 -0.063543291055950621 -0.064671614438295374 -0.0015008502406999469 0.064403675247817066 -0.050386486347350816 0.0034579612516255965 0.031553332272748272 0.027520532978941567 0.0024439597054547405 -0.01847084120787475 0.0036406083732117623 -0.069521212326362727 0.051539403148766219
leaf_weight=1826 308 1198 597 36 2983 606 208 51 2339 98 21 86 159 1807 2225 1653 917 29 25 32 38 27 134 149 92 1030 109 1408 20 29
leaf_count=1826 308 1198 597 36 2983 606 208 51 2339 98 21 86 159 1807 2225 1653 917 29 25 32 38 27 134 149 92 1030 109 1408 20 29
internal_value=2.26144e-08 -0.000581884 0.00432962 0.00138409 0.00166005 0.0038399 0.0140107 0.0279172 0.00145721 -0.00164263 0.00826627 -0.00443024 0.00448343 -0.00230315 -0.00449208 -8.93587e-05 -0.00898136 -0.0125559 -0.00411425 0.00298455 0.0342759 0.00179022 0.00584478 0.0182502 0.00383289 -0.00303624 -0.0270904 0.00226415 -0.00800121 0.00460725
internal_weight=20240 17842 2398 1801 7749 4668 886 259 3782 3081 627 1284 2498 10093 5075 5018 3171 2254 2990 1904 70 1834 2028 283 1745 2856 134 1765 328 1437
internal_count=20240 17842 2398 1801 7749 4668 886 259 3782 3081 627 1284 2498 10093 5075 5018 3171 2254 2990 1904 70 1834 2028 283 1745 2856 134 1765 328 1437
is_linear=0
shrinkage=0.05


Tree=121
num_leaves=31
num_cat=0
split_feature=10 10 45 45 5 7 32 7 20 28 9 45 1 12 13 21 32 24 4 4 29 31 22 6 27 1 29 1 38 26
split_gain=19.3476 24.1119 65.7675 62.5172 47.2463 34.9281 42.2578 29.7873 29.3567 31.1155 23.8307 21.3756 46.9697 22.356 35.4917 32.2135 23.9674 29.3799 21.242 31.5458 36.4369 22.3883 21.0195 20.6179 36.7231 20.3957 18.4534 17.6989 15.7896 15.6326
threshold=5.5000000000000009 3.5000000000000004 6.5000000000000009 1.5000000000000002 0.93750000000000011 0.077032747057542886 8.5000000000000018 0.27501375137513762 37.270833333333336 32.295138888888893 0.99249188311688319 15.500000000000002 41.437500000000007 5.5000000000000009 139.50000000000003 21.395833333333339 4.5000000000000009 26.562500000000007 0.97916666666666685 0.77083333333333337 3.7599645044281438 11.500000000000002 17.895833333333339 0.74048217219055001 3.917156132041693 33.041666666666679 2.8032117447511311 35.937500000000007 169.50000000000003 22.772321428571434
decision_type=2 2 2 2 2 2 2 2 2 2 2 2 2 2 2 2 2 2 2 2 2 2 2 2 2 2 2 2 2 2
left_child=1 2 18 22 8 -4 7 -7 9 -5 -8 12 -2 14 16 -15 17 -13 19 21 -21 -1 25 24 -24 -3 -6 -18 -25 -17
right_child=11 3 5 4 26 6 10 -9 -10 -11 -12 13 -14 15 -16 29 27 -19 -20 20 -22 -23 23 28 -26 -27 -28 -29 -30 -31
leaf_value=-0.0046118110573297828 0.0025820967911091325 0.0012555516892914843 -0.00096650731157642668 -0.011684963494797801 -0.0020342128098553955 0.013149535642307626 0.075499965394696888 0.0034077866711951302 -0.067576164185352949 0.026706281463029211 0.023066376550640498 0.0086364039507674864 -0.052749820177333998 0.010553385984773438 -0.061544583775103093 0.084551852231933955 0.012378599477681117 -0.038124312409623107 0.0007379550957178618 -0.015085301706819116 -0.073812235043994312 0.023585093836623452 0.048571257715430596 0.011636491444509515 -0.0025298637862838178 -0.041781136832599132 0.014347342618904408 0.060605270316203434 -0.011470656317708616 0.035523078422476019
leaf_weight=3163 2314 1639 1954 2332 928 1129 31 2573 23 54 72 142 39 186 20 21 52 44 2241 296 29 72 87 301 59 28 211 30 98 72
leaf_count=3163 2314 1639 1954 2332 928 1129 31 2573 23 54 72 142 39 186 20 21 52 44 2241 296 29 72 87 301 59 28 211 30 98 72
internal_value=2.14714e-08 -0.000634719 0.000682154 -0.00327761 -0.00739062 0.00446723 0.00725764 0.00637873 -0.011358 -0.0108161 0.0388474 0.00376499 0.00166499 0.0124798 0.00270782 0.022567 0.00750278 -0.00242527 -0.00307552 -0.00547608 -0.0203256 -0.00398424 0.00331956 0.0118438 0.0279208 0.00053268 0.00100047 0.0300225 0.00596105 0.0465941
internal_weight=20240 17320 11560 5760 3548 5759 3805 3702 2409 2386 103 2920 2353 567 288 279 268 186 5801 3560 325 3235 2212 545 146 1667 1139 82 399 93
internal_count=20240 17320 11560 5760 3548 5759 3805 3702 2409 2386 103 2920 2353 567 288 279 268 186 5801 3560 325 3235 2212 545 146 1667 1139 82 399 93
is_linear=0
shrinkage=0.05


Tree=122
num_leaves=31
num_cat=1
split_feature=18 25 10 21 41 38 41 20 31 39 20 0 27 27 27 45 50 1 20 37 42 28 29 27 4 6 0 36 1 23
split_gain=18.7367 20.3285 22.8147 21.4376 17.8197 30.8165 17.5915 21.2578 17.2525 16.2489 16.127 49.1544 44.0948 26.9372 22.0135 20.9448 22.7496 18.2293 16.0772 15.2339 15.0297 13.521 13.1307 12.2091 10.3217 8.93232 22.0492 34.1334 14.8516 8.25992
threshold=-0.5 0.58767516702492106 5.5000000000000009 34.687500000000007 168.50000000000003 102.50000000000001 215.50000000000003 22.437500000000004 13.500000000000002 41.500000000000007 26.062500000000004 27.729166666666668 2.5482232800772722 5.7741237810269013 3.0845311552703847 11.500000000000002 0 37.895833333333336 20.645833333333339 52.275000000000006 162.07142857142858 33.488194444444453 1.9249334983170412 3.639433783520289 0.31250000000000006 0.99945175438596501 23.812500000000004 10.928571428571431 20.979166666666668 17.020833333333339
decision_type=2 2 2 2 2 2 2 2 2 2 2 2 2 2 2 2 1 2 2 2 2 2 2 2 2 2 2 2 2 2
left_child=8 23 3 6 5 -5 7 -3 10 -6 11 15 -12 14 -14 18 -17 -15 -1 -4 -8 22 -21 25 -10 26 28 -28 -2 -27
right_child=1 2 19 4 9 -7 20 -9 24 -11 12 -13 13 17 -16 16 -18 -19 -20 21 -22 -23 -24 -25 -26 29 27 -29 -30 -31
leaf_value=-0.0029776589491965306 -0.0031582868735181807 0.0022814837722680207 -0.021649490621609566 0.07942781104989674 -0.027286435422059652 0.016978549511238401 -0.01843380890343161 -0.004403447255386635 0.054728629856946924 0.013887398135642904 0.054391735627480869 0.055106007150913544 -0.047939135610525097 -0.070512969535775488 -0.0061926124912280098 0.014044890736138464 -5.3150904680548531e-05 -0.012101449478756299 -0.015402941909902122 0.0031966469750385469 0.02813649657229432 -0.019201903275557257 0.014853896050487286 -0.034949733013356174 0.0051550012170558891 -0.00098856629016514644 -0.073197917094720275 0.0063614223582240254 0.024107794449025513 0.0055199773050490127
leaf_weight=4588 2408 4923 39 23 37 140 21 1568 21 68 24 38 35 34 323 337 1641 22 276 355 99 38 756 27 21 1565 28 26 51 708
leaf_count=4588 2408 4923 39 23 37 140 21 1568 21 68 24 38 35 34 323 337 1641 22 276 355 99 38 756 27 21 1565 28 26 51 708
internal_value=2.04078e-08 0.00115001 0.00268433 0.00157932 0.0154425 0.0257904 0.00101733 0.000666637 -0.00201245 -0.000621477 -0.00219585 -0.00160361 -0.0114985 -0.0153183 -0.010274 -0.00191857 0.00241953 -0.0475656 -0.00368271 0.00908279 0.0199867 0.0101259 0.011129 -0.00142165 0.0299418 -0.0012325 -0.00328683 -0.0348916 -0.00259278 0.00103873
internal_weight=20240 12880 8067 6879 268 163 6611 6491 7360 105 7318 6880 438 414 358 6842 1978 56 4864 1188 120 1149 1111 4813 42 4786 2513 54 2459 2273
internal_count=20240 12880 8067 6879 268 163 6611 6491 7360 105 7318 6880 438 414 358 6842 1978 56 4864 1188 120 1149 1111 4813 42 4786 2513 54 2459 2273
cat_boundaries=0 1
cat_threshold=32
is_linear=0
shrinkage=0.05


Tree=123
num_leaves=31
num_cat=1
split_feature=34 45 32 28 38 50 16 38 7 25 18 1 43 21 45 27 6 0 45 38 6 20 37 27 34 7 20 36 5 7
split_gain=17.6453 26.1686 15.5489 30.2888 48.1519 49.3487 40.0256 37.8292 33.5289 24.4685 26.3605 23.9168 20.6311 36.1361 36.6952 22.0152 18.4085 17.4255 17.3936 14.4374 42.6476 24.7191 16.1663 23.8991 22.7703 21.9707 19.8114 16.8732 14.3926 23.1961
threshold=4.5000000000000009 41.500000000000007 4.5000000000000009 21.786805555555556 151.50000000000003 0 -0.22252093395631442 134.50000000000003 0.36999127399650966 5.0045570210749064 -0.5 27.687500000000004 13.642857142857144 15.895833333333334 18.500000000000004 5.6618609004608631 0.98366392174803396 20.437500000000004 14.500000000000002 212.50000000000003 0.93548680205351875 27.520833333333339 60.787500000000009 1.6976247965460767 13.500000000000002 0.11700953454511288 24.937500000000004 7.6428571428571432 1.0000000180025095e-35 0.21863893491800471
decision_type=2 2 2 2 2 1 2 2 2 2 2 2 2 2 2 2 2 2 2 2 2 2 2 2 2 2 2 2 2 2
left_child=2 19 3 12 5 7 -6 -5 -8 16 -11 -7 13 18 -15 17 28 -14 -1 22 21 -21 23 -2 27 -26 -25 -24 -4 -30
right_child=1 -3 9 4 6 11 8 -9 -10 10 -12 -13 15 14 -16 -17 -18 -19 -20 20 -22 -23 24 26 25 -27 -28 -29 29 -31
leaf_value=-0.0027329286893905836 0.0030418735722093897 0.050007604368563212 -0.00044411498643824143 0.0043581935381227007 -0.029867880110396074 0.009977348121228042 0.0084682404549549454 -0.049380092058134706 0.073947873393840652 -0.0011738720337234555 0.060798081146502814 -0.039657805754201643 0.0016415382492643257 -0.022863496344849046 0.017293221745362033 -0.04078672908712179 -0.0067670009451127862 0.024450327824194765 0.0084810833762889032 0.021133890882768531 -0.0015365329926867433 0.078651932050143522 0.0016835110597743703 -0.0026310840676664286 0.01263852016285689 0.062013163802952603 -0.015444777399655323 0.013682597121387459 0.0053334204034524183 0.028613737458007712
leaf_weight=5088 1478 28 712 237 32 27 46 38 34 32 37 240 3183 377 67 30 476 86 371 47 151 31 4581 1256 101 29 397 313 584 131
leaf_count=5088 1478 28 712 237 32 27 46 38 34 32 37 240 3183 377 67 30 476 86 371 47 151 31 4581 1256 101 29 397 313 584 131
internal_value=3.65041e-07 0.00175096 -0.00124465 -0.00205554 -0.0124527 -0.01862 0.0173928 -0.00295983 0.0362971 0.0028082 0.0320575 -0.033388 -0.00131661 -0.00308649 -0.0168038 0.0018503 0.00174767 0.00224159 -0.00197081 0.0015898 0.0139716 0.0439936 0.0012421 -0.00157788 0.00299954 0.0236529 -0.00570854 0.00245092 0.00458788 0.00959877
internal_weight=20240 8412 11828 9856 654 542 112 275 80 1972 69 267 9202 5903 444 3299 1903 3269 5459 8384 229 78 8155 3131 5024 130 1653 4894 1427 715
internal_count=20240 8412 11828 9856 654 542 112 275 80 1972 69 267 9202 5903 444 3299 1903 3269 5459 8384 229 78 8155 3131 5024 130 1653 4894 1427 715
cat_boundaries=0 1
cat_threshold=32
is_linear=0
shrinkage=0.05


Tree=124
num_leaves=31
num_cat=1
split_feature=37 45 34 20 22 22 29 38 21 41 32 37 37 49 24 21 6 30 42 27 0 20 40 22 29 25 5 45 24 34
split_gain=17.8021 30.3203 19.8338 24.8764 32.0977 28.7261 29.6599 26.6012 26.8472 23.3964 22.2177 21.055 19.7477 27.2959 33.5839 35.449 33.569 31.8224 25.7577 21.2589 18.1419 17.6455 34.7244 32.2634 17.2063 18.3745 36.9117 23.6815 17.5529 17.2185
threshold=100.06250000000001 29.500000000000004 6.5000000000000009 18.729166666666668 27.187500000000004 23.937500000000004 5.1096455838367563 68.500000000000014 16.020833333333339 204.50000000000003 1.5000000000000002 66.512500000000017 60.787500000000009 0 26.377976190476193 31.854166666666668 0.56092274632679862 0.37202380952380965 126.92857142857144 3.6072209225176048 15.645833333333334 24.145833333333339 13.500000000000002 32.145833333333336 2.1174997591770199 3.1087474159829491 0.14583333333333334 22.500000000000004 32.687500000000007 8.5000000000000018
decision_type=2 2 2 2 2 2 2 2 2 2 2 2 2 1 2 2 2 2 2 2 2 2 2 2 2 2 2 2 2 2
left_child=2 24 3 4 5 6 -1 8 -5 10 -9 -10 19 14 16 -16 -14 18 -15 -4 -7 23 -23 -21 -2 26 27 -26 -28 -27
right_child=1 -3 12 7 -6 20 -8 9 11 -11 -12 -13 13 17 15 -17 -18 -19 -20 21 -22 22 -24 -25 25 29 28 -29 -30 -31
leaf_value=-0.0006599739312039732 -0.0017851154599338771 0.056498929781132738 0.0012774343608321726 -0.066718063149000376 0.027694815584449192 -0.04658718029623507 0.021012641485576751 -0.018990513331051846 -0.043979653309139874 0.028658897720966848 -0.0033235911724334858 -0.0035292701717361667 0.022779417022360558 0.0078056396121579472 -0.03961737886597605 0.021478806632512715 0.00023042877001588238 0.0027504551405172608 0.029868991206838297 -0.0083433108411442771 -0.0067949029326927471 -0.077520220307633281 -0.013954579344064725 0.055901061528469576 0.026730602393474651 -0.013169866705981968 0.0077051186146624533 0.083353704356011901 -0.040911191329360011 0.032544046543538568
leaf_weight=11834 535 29 1623 31 101 54 160 259 46 52 1792 107 191 236 92 32 1215 512 301 130 61 24 205 23 153 117 259 21 20 25
leaf_count=11834 535 29 1623 31 101 54 160 259 46 52 1792 107 191 236 92 32 1215 512 301 130 61 24 205 23 153 117 259 21 20 25
internal_value=3.46776e-07 0.00601706 -0.000365115 -0.00127159 -0.000375195 -0.000609324 -0.000370861 -0.00605733 -0.0242878 -0.00446227 -0.00530201 -0.0156908 0.00250163 0.00539523 0.0010866 -0.0238506 0.00329363 0.011559 0.0201726 -0.00122035 -0.02548 -0.0118327 -0.0206165 0.00131434 0.00472151 0.010572 0.0154914 0.0335644 0.00422008 -0.00512164
internal_weight=20240 1159 19081 14497 12210 12109 11994 2287 184 2103 2051 153 4584 2579 1530 124 1406 1049 537 2005 115 382 229 153 1130 595 453 174 279 142
internal_count=20240 1159 19081 14497 12210 12109 11994 2287 184 2103 2051 153 4584 2579 1530 124 1406 1049 537 2005 115 382 229 153 1130 595 453 174 279 142
cat_boundaries=0 1
cat_threshold=25
is_linear=0
shrinkage=0.05


Tree=125
num_leaves=29
num_cat=0
split_feature=31 24 45 37 42 26 10 26 1 10 25 9 20 42 0 12 36 6 6 6 35 9 29 0 23 38 35 26
split_gain=16.6862 16.5833 15.4995 28.8405 24.0579 24.8041 22.2891 28.6055 26.5482 13.6404 26.012 28.679 34.4245 27.9308 37.44 19.8511 17.9339 31.3715 53.503 26.5018 25.7859 31.5571 19.8546 11.0919 22.7642 9.99177 11.8295 6.79168
threshold=1.0000000180025095e-35 23.69940476190477 29.500000000000004 100.36250000000001 80.357142857142875 16.819940476190482 3.5000000000000004 15.638392857142859 31.812500000000004 5.5000000000000009 4.2273018591030871 0.99774610136452246 21.020833333333339 90.928571428571445 24.937500000000004 8.5000000000000018 7.6428571428571432 0.6876548648202192 0.70838353413654631 0.65323403644378242 9.2142857142857171 0.99796626984126979 5.1612233359612976 19.145833333333339 17.979166666666668 38.500000000000007 2.3571428571428572 14.852678571428575
decision_type=2 2 2 2 2 2 2 2 2 2 2 2 2 2 2 2 2 2 2 2 2 2 2 2 2 2 2 2
left_child=1 23 9 4 5 -4 7 -6 -8 16 11 15 -13 -12 -15 -11 20 19 -19 -18 22 -22 -2 24 25 26 -1 -27
right_child=2 -3 3 -5 6 -7 8 -9 -10 10 13 12 -14 14 -16 -17 17 18 -20 -21 21 -23 -24 -25 -26 27 -28 -29
leaf_value=-0.0072708712493228488 -0.0012343727609418328 -0.046508114319294691 0.013262644299261628 0.061088116699829699 0.070978984338316051 -0.058089728139597799 0.0096646588056019563 0.012382702874924864 -0.018792381966282634 4.1665185816889817e-05 -0.061069715742407174 0.011045977017060201 0.056208373826962935 0.026702790646528713 -0.031776999471889389 0.011338646465648288 0.015797169660843574 -0.078083089448045942 0.0044019481781858022 0.073720486528639287 -0.0051722365583540229 -0.070978699579578017 0.0074366897364131577 0.031476204061792017 -0.050590715281389378 -0.002000480812150538 -0.041018670101306942 -0.020312644557078492
leaf_weight=82 13543 24 21 24 22 29 204 391 137 1542 29 193 54 49 62 520 67 20 1154 28 49 29 694 21 27 1134 38 53
leaf_count=82 13543 24 21 24 22 29 204 391 137 1542 29 193 54 49 62 520 67 20 1154 28 49 29 694 21 27 1134 38 53
internal_value=3.29458e-07 -0.00530905 0.000388519 0.00707758 0.00546533 -0.0281217 0.00769258 0.0155041 -0.00176823 8.13848e-05 0.00355031 0.00481917 0.0209195 -0.0173768 -0.0059616 0.00289056 -0.000463751 0.00523307 0.00299675 0.0328693 -0.000968765 -0.0296387 -0.000811691 -0.00457932 -0.00514692 -0.00420814 -0.0179577 -0.00281813
internal_weight=20240 1379 18861 828 804 50 754 413 341 18033 2449 2309 247 140 111 2062 15584 1269 1174 95 14315 78 14237 1355 1334 1307 120 1187
internal_count=20240 1379 18861 828 804 50 754 413 341 18033 2449 2309 247 140 111 2062 15584 1269 1174 95 14315 78 14237 1355 1334 1307 120 1187
is_linear=0
shrinkage=0.05


Tree=126
num_leaves=31
num_cat=0
split_feature=18 25 9 30 45 5 26 38 20 0 30 36 6 24 21 41 0 20 36 16 6 30 39 30 33 20 23 42 27 6
split_gain=15.3609 17.4856 21.9672 21.1652 19.2151 26.067 20.2722 15.9019 16.6619 55.5589 43.3328 37.2877 31.6691 25.65 24.7943 37.3379 20.001 19.8471 17.8083 15.1596 21.2603 15.8364 13.4449 26.7504 13.2496 11.6094 23.9861 22.7618 10.8955 7.73818
threshold=-0.5 0.58767516702492106 0.99273157538877632 0.4166666666666668 25.500000000000004 0.31250000000000006 34.342261904761912 165.50000000000003 20.562500000000004 20.437500000000004 0.10714285714285719 8.071428571428573 0.98366392174803396 25.580357142857149 15.35416666666667 60.500000000000007 19.145833333333339 15.97916666666667 5.7857142857142865 -0.22252093395631442 0.73016747080623745 0.38988095238095249 66.500000000000014 0.017857142857142894 7.5000000000000009 10.645833333333334 10.97916666666667 64.785714285714292 3.639433783520289 0.99945175438596501
decision_type=2 2 2 2 2 2 2 2 2 2 2 2 2 2 2 2 2 2 2 2 2 2 2 2 2 2 2 2 2 2
left_child=7 28 3 19 6 -6 -5 8 13 14 11 -11 -12 16 -10 -16 17 -1 -18 20 -3 -21 23 -9 25 26 -4 -27 29 -2
right_child=1 2 24 4 5 -7 -8 22 9 10 12 -13 -14 -15 15 -17 18 -19 -20 21 -22 -23 -24 -25 -26 27 -28 -29 -30 -31
leaf_value=-0.00075422411531475217 -0.003076902767325976 -0.004816837360128258 -0.00031658835906860793 -0.0008184591450759917 0.069510391106208172 0.0044655201480139134 0.030414839952977168 0.078692362901000748 -0.07830955280922354 0.0030030149320984835 -0.023434018186100705 0.055641239270981815 0.010041556632526781 0.045071177656451862 -0.087487944996073139 -0.016332030708944758 0.014947348275717587 -0.0089046336082298106 -0.013307441176627488 0.012835584051244282 0.012965494984967544 0.044319243365455244 -0.0065485859766340583 0.0073109479833926476 0.034144969104692856 -0.017087441208493415 0.016312798346220719 -6.4476293804523175e-05 -0.033016620976505456 0.00094915356746201336
leaf_weight=4847 2513 326 664 1370 24 43 54 21 25 514 294 36 93 30 21 151 310 883 68 815 347 42 32 35 29 207 322 3824 27 2273
leaf_count=4847 2513 326 664 1370 24 43 54 21 25 514 294 36 93 30 21 151 310 883 68 815 347 42 32 35 29 207 322 3824 27 2273
internal_value=3.12971e-07 0.00104156 0.00246456 0.00583665 0.00159717 0.0277652 0.00036595 -0.00182187 -0.00207753 -0.0076457 -0.00257108 0.00644843 -0.0153895 -0.00104881 -0.0317823 -0.0250197 -0.00127533 -0.00201021 0.00986448 0.00996807 0.00435176 0.0143785 0.0193053 0.034079 0.00044571 0.000250917 0.0051141 -0.00093864 -0.0013435 -0.00116482
internal_weight=20240 12880 8067 3021 1491 67 1424 7360 7272 1134 937 550 387 6138 197 172 6108 5730 378 1530 673 857 88 56 5046 5017 986 4031 4813 4786
internal_count=20240 12880 8067 3021 1491 67 1424 7360 7272 1134 937 550 387 6138 197 172 6108 5730 378 1530 673 857 88 56 5046 5017 986 4031 4813 4786
is_linear=0
shrinkage=0.05


Tree=127
num_leaves=31
num_cat=0
split_feature=37 45 8 32 4 5 33 7 6 20 22 26 17 29 25 5 45 34 37 23 34 27 35 35 25 6 34 31 6 40
split_gain=15.7689 24.4025 16.5806 17.5016 29.1723 26.359 41.8674 34.0936 16.9387 44.1626 23.6303 22.2367 20.6173 15.295 16.4261 33.0277 21.0625 15.3821 14.0373 12.1277 11.2936 10.558 9.61985 25.1708 9.57456 8.88769 8.1513 6.89956 7.21089 6.80858
threshold=100.06250000000001 29.500000000000004 0.10947712418300655 6.5000000000000009 0.64583333333333337 1.0000000180025095e-35 1.0000000180025095e-35 0.22691027964099139 0.99945175438596501 37.270833333333336 19.895833333333339 32.653273809523817 0.68301270189221941 2.1174997591770199 3.1087474159829491 0.14583333333333334 22.500000000000004 8.5000000000000018 68.27500000000002 27.895833333333339 11.500000000000002 2.1071181184623082 6.6428571428571432 3.9285714285714293 2.0440846543535671 0.93753751500600246 2.5000000000000004 6.5000000000000009 0.72014508928571441 22.500000000000004
decision_type=2 2 2 2 2 2 2 2 2 2 2 2 2 2 2 2 2 2 2 2 2 2 2 2 2 2 2 2 2 2
left_child=2 13 3 8 5 6 -5 -7 9 11 -10 -1 -11 21 15 16 -15 26 20 -17 -6 27 23 -4 -25 -20 -16 28 -2 -12
right_child=1 -3 22 4 18 7 -8 -9 10 12 29 -13 -14 14 17 19 -18 -19 25 -21 -22 -23 -24 24 -26 -27 -28 -29 -30 -31
leaf_value=-0.0017496550554962909 -0.015066000768555361 0.050951262685502402 -0.0024364917651720107 -0.0046294876714819116 -0.0010811414731910294 0.011196740969618415 0.024566632086538118 0.042568777211278948 0.0010084266822514125 -0.08965948939323426 0.021514499345452999 0.0220418536170113 -0.019516545364802535 0.025318882479697616 -0.039108795611916679 0.0070561932454226324 0.078719256889252437 0.030778932396322491 -0.035997945518994871 -0.03162350243232636 0.0086930618829474445 -0.032712160294445666 0.0067021591955739443 -0.028152312345516226 -0.071062239116201034 -0.0080200291305534965 -0.0059003492245113757 -0.020541018372597666 0.0039026920592908246 0.0046394712444871198
leaf_weight=12347 57 29 62 480 1342 394 165 111 3061 20 191 99 22 153 23 257 21 25 33 22 379 26 33 26 26 203 94 38 414 87
leaf_count=12347 57 29 62 480 1342 394 165 111 3061 20 191 99 22 153 23 257 21 25 33 22 379 26 33 26 26 203 94 38 414 87
internal_value=2.9733e-07 0.005663 -0.000343661 -0.000213792 0.00321718 0.00953738 0.00283929 0.0180924 -0.000887326 -0.00173314 0.00227604 -0.00156041 -0.0529179 0.00450074 0.0100167 0.014668 0.0317638 -0.00482156 -0.000496791 0.00400618 0.00107134 -0.00163387 -0.0170712 -0.023953 -0.0496073 -0.0119322 -0.0124285 -4.63777e-05 0.00160712 0.0162335
internal_weight=20240 1159 19081 18934 3107 1150 645 505 15827 12488 3339 12446 42 1130 595 453 174 142 1957 279 1721 535 147 114 52 236 117 509 471 278
internal_count=20240 1159 19081 18934 3107 1150 645 505 15827 12488 3339 12446 42 1130 595 453 174 142 1957 279 1721 535 147 114 52 236 117 509 471 278
is_linear=0
shrinkage=0.05


Tree=128
num_leaves=31
num_cat=0
split_feature=10 10 45 45 5 7 32 44 39 34 1 9 39 22 7 27 37 4 4 29 31 29 45 1 37 37 21 12 28 28
split_gain=15.0005 20.3858 55.385 54.9787 40.6318 30.2623 34.2661 27.8751 24.7728 28.3529 27.0988 21.2324 19.9715 17.5395 19.5118 33.0033 17.5985 17.2965 28.4797 32.6227 17.5456 16.196 16.1919 42.6118 22.2795 41.337 29.2299 24.1974 20.3669 16.1355
threshold=5.5000000000000009 3.5000000000000004 1.5000000000000002 6.5000000000000009 0.93750000000000011 0.077032747057542886 8.5000000000000018 2.5000000000000004 53.500000000000007 7.5000000000000009 31.562500000000004 0.99249188311688319 8.5000000000000018 17.895833333333339 0.25986460495787034 3.917156132041693 54.587500000000013 0.97916666666666685 0.77083333333333337 3.7599645044281438 11.500000000000002 3.0998238718760547 15.500000000000002 41.437500000000007 68.58750000000002 86.062500000000014 22.312500000000004 5.5000000000000009 20.578472222222228 17.770138888888891
decision_type=2 2 2 2 2 2 2 2 2 2 2 2 2 2 2 2 2 2 2 2 2 2 2 2 2 2 2 2 2 2
left_child=1 3 13 17 8 -5 7 -7 10 -10 -4 -8 -2 16 -15 -16 29 18 20 -20 -1 -6 23 -14 26 28 -24 -27 -26 -3
right_child=12 2 4 5 21 6 11 -9 9 -11 -12 -13 22 14 15 -17 -18 -19 19 -21 -22 -23 24 -25 25 27 -28 -29 -30 -31
leaf_value=-0.0040876833175675148 -0.035967810003785419 -0.0083890049161012975 -0.0083250231806436675 -0.00094485691747784966 -0.0014359587010942863 0.010604219492970255 0.06975332902323815 0.0019011590908091316 -0.0019273509474179778 0.050007792119868104 -0.020297312414982383 0.020260679975924886 0.0027859143494561745 0.0052846398631384763 0.046223909827752103 -0.0022200316695843714 0.0026147160648831171 0.00065771321292339277 -0.014100605075411197 -0.069668841997868033 0.020874057166899246 0.016000467591749674 0.015858759289023593 -0.04992282434533804 0.0027912950801692207 0.0033742928428534234 0.07747966003500753 0.029932588756090159 -0.036944379403900642 -0.055627859728410847
leaf_weight=3163 32 188 1550 1954 985 1709 31 1993 147 32 680 72 2282 399 87 59 1459 2241 296 29 72 154 67 39 64 181 27 163 65 20
leaf_count=3163 32 188 1550 1954 985 1709 31 1993 147 32 680 72 2282 399 87 59 1459 2241 296 29 72 154 67 39 64 181 27 163 65 20
internal_value=2.82468e-07 -0.000558619 -0.00298874 0.000652236 -0.00686003 0.00411295 0.00671031 0.00591886 -0.0105392 0.00735714 -0.0119758 0.0351565 0.00331541 0.00322073 0.0110075 0.0266472 0.000674973 -0.00278343 -0.0049496 -0.019059 -0.00353212 0.000921556 0.00375068 0.00190024 0.0113254 0.00690701 0.0335584 0.0159586 -0.0172306 -0.0129312
internal_weight=20240 17320 5760 11560 3548 5759 3805 3702 2409 179 2230 103 2920 2212 545 146 1667 5801 3560 325 3235 1139 2888 2321 567 473 94 344 129 208
internal_count=20240 17320 5760 11560 3548 5759 3805 3702 2409 179 2230 103 2920 2212 545 146 1667 5801 3560 325 3235 1139 2888 2321 567 473 94 344 129 208
is_linear=0
shrinkage=0.05


Tree=129
num_leaves=31
num_cat=2
split_feature=31 24 13 43 45 41 1 48 27 38 23 50 1 32 16 41 13 50 20 0 41 25 38 21 21 9 1 0 38 45
split_gain=14.1378 14.6991 23.4155 16.7889 13.648 22.6443 22.063 26.1134 20.2841 19.3601 18.0209 11.9221 29.9865 39.6764 27.8152 26.2754 25.0056 26.533 24.9425 27.7068 22.2649 18.7438 17.7585 14.6014 13.7369 13.4075 10.8683 19.2384 18.5989 10.1218
threshold=1.0000000180025095e-35 9.8839285714285747 50.500000000000007 8.7857142857142865 29.500000000000004 68.500000000000014 57.645833333333336 0.91071428571428592 6.1341084082564459 116.50000000000001 23.520833333333339 0 27.979166666666668 4.5000000000000009 -0.22252093395631442 84.500000000000014 64.500000000000014 1 10.020833333333334 28.270833333333339 144.50000000000003 2.2309136591649059 53.500000000000007 6.8125000000000009 26.812500000000004 0.99415024630541882 17.895833333333339 12.562500000000002 86.500000000000014 34.500000000000007
decision_type=2 2 2 2 2 2 2 2 2 2 2 1 2 2 2 2 2 1 2 2 2 2 2 2 2 2 2 2 2 2
left_child=1 -1 -3 -4 11 10 8 -8 9 -7 29 14 21 15 16 -14 25 -18 23 -20 -15 24 -23 -16 -13 -2 27 -5 -28 -6
right_child=4 2 3 26 5 6 7 -9 -10 -11 -12 12 13 20 18 -17 17 -19 19 -21 -22 22 -24 -25 -26 -27 28 -29 -30 -31
leaf_value=-0.0017435721070680997 0.014344545898026995 -0.055724380972484749 -0.035250607574427571 -0.0053299263145567648 -0.021808414777805069 0.0015243651341762423 0.083865626120851161 0.0050146574597983136 -0.033808641443992482 0.018512007832995971 -0.055373585255195701 -0.00070698417979323566 0.0034925051632364139 0.0082379001782227294 0.057138102467764511 -0.024647095177447561 -0.0002592091188426705 -0.010878243434989303 0.001518152984580069 0.013859710034169788 -0.011147273855075298 -0.010318763526156545 0.0080784889795950006 0.014892475765803149 -0.019828410306945446 -0.0021131470763536904 -0.00021418287848371648 0.036268607452511786 -0.040507941483519973 0.02377168294929323
leaf_weight=1006 322 30 54 135 29 387 21 21 29 296 24 8313 104 346 22 410 1697 894 3358 526 259 150 1045 291 95 201 71 35 48 21
leaf_count=1006 322 30 54 135 29 387 21 21 29 296 24 8313 104 346 22 410 1697 894 3358 526 259 150 1045 291 95 201 71 35 48 21
internal_value=2.68361e-07 -0.00488689 -0.0133646 -0.00965965 0.000357587 0.00663444 0.00922483 0.0444401 0.00714752 0.00888651 -0.0197595 6.93807e-05 -0.000991947 -0.00873898 0.00162501 -0.0189535 -0.00195318 -0.00396619 0.00428375 0.00318954 -6.08768e-05 -9.0248e-05 0.00576921 0.0178618 -0.000923033 0.00801951 -0.00487795 0.00323448 -0.0164671 -0.00266477
internal_weight=20240 1379 373 343 18861 828 754 42 712 683 74 18033 10722 1119 7311 514 3114 2591 4197 3884 605 9603 1195 313 8408 523 289 170 119 50
internal_count=20240 1379 373 343 18861 828 754 42 712 683 74 18033 10722 1119 7311 514 3114 2591 4197 3884 605 9603 1195 313 8408 523 289 170 119 50
cat_boundaries=0 1 2
cat_threshold=41 40
is_linear=0
shrinkage=0.05


Tree=130
num_leaves=31
num_cat=0
split_feature=34 1 0 45 13 27 27 42 41 35 17 48 9 22 35 4 21 44 40 26 30 24 0 20 26 26 27 23 30 6
split_gain=13.2593 20.6842 27.7288 19.827 19.6084 17.658 15.9475 18.3511 18.1212 29.8702 29.1843 36.5527 17.6124 17.3215 15.5396 18.1282 16.7003 32.6241 23.7222 23.5547 27.3687 18.7564 13.6138 26.7817 18.1948 13.1426 12.2823 11.8422 10.5864 18.0086
threshold=3.5000000000000004 57.770833333333336 22.437500000000004 40.500000000000007 106.50000000000001 4.0814949101490479 3.9986082340844189 143.92857142857147 122.50000000000001 4.3571428571428585 -0.24999999999999994 0.91071428571428592 0.99043040293040308 19.604166666666668 7.6428571428571432 0.27083333333333343 26.812500000000004 1.5000000000000002 19.500000000000004 24.245535714285719 0.0059523809523809703 22.217261904761909 37.270833333333336 37.270833333333336 32.653273809523817 27.663690476190478 5.0542260428078469 30.104166666666668 0.44940476190476197 0.9980099482784569
decision_type=2 2 2 2 2 2 2 2 2 2 2 2 2 2 2 2 2 2 2 2 2 2 2 2 2 2 2 2 2 2
left_child=6 3 -3 22 -5 -4 14 8 10 -10 12 -12 -8 -11 16 -16 19 18 -18 21 -21 -1 23 26 -25 27 -2 -7 -24 -30
right_child=1 2 5 4 -6 25 7 -9 9 13 11 -13 -14 -15 15 -17 17 -19 -20 20 -22 -23 28 24 -26 -27 -28 -29 29 -31
leaf_value=-0.00085441525067711163 0.00034548022071090426 -0.02044674289045912 0.00087622271878927047 -0.00096769549924394368 0.06241036773874209 0.03898960364361604 -0.064146190113387999 0.026276225140177169 0.011925692641391206 -0.017829605839822606 0.031444142624590693 -0.0099316574558187491 -0.017609291952943668 -0.072805495592030256 0.063633231185376657 0.0036416979670962865 -0.032544582693473149 -0.056840134875323522 0.037165340136450072 0.064964188275666065 0.004128587457771395 -0.025804558390212298 0.034232601265494642 -0.069439571554010565 -0.010737099430777809 0.019524583074962722 0.0077352053587771826 0.089052457610766092 -0.029051275880864036 0.021026998913268851
leaf_weight=8489 9943 33 33 23 26 27 24 33 26 23 77 174 133 38 20 34 23 39 26 29 51 76 52 22 33 32 596 21 26 58
leaf_count=8489 9943 33 33 23 26 27 24 33 26 23 77 174 133 38 20 34 23 39 26 29 51 76 52 22 33 32 596 21 26 58
internal_value=-2.02229e-08 0.00118168 0.0198752 0.000928476 0.0326615 0.0316506 -0.00138596 -0.00982568 -0.0122325 -0.0329497 -0.00781484 0.00276132 -0.0247232 -0.0520769 -0.000878829 0.0258608 -0.00104417 -0.0227158 0.00444436 -0.000823569 0.0261815 -0.00107581 0.000783562 0.000581772 -0.0342181 0.0443451 0.000763383 0.0608921 0.0165024 0.00552658
internal_weight=20240 10925 146 10779 49 113 9315 528 495 87 408 251 157 61 8787 54 8733 88 49 8645 80 8565 10730 10594 55 80 10539 48 136 84
internal_count=20240 10925 146 10779 49 113 9315 528 495 87 408 251 157 61 8787 54 8733 88 49 8645 80 8565 10730 10594 55 80 10539 48 136 84
is_linear=0
shrinkage=0.05


Tree=131
num_leaves=31
num_cat=1
split_feature=37 45 34 20 22 22 29 39 9 23 5 21 37 49 24 21 6 30 13 27 46 21 20 22 23 30 38 25 34 32
split_gain=13.6024 21.4678 14.1693 23.6866 28.3469 25.8767 25.239 23.6252 26.6887 32.6071 25.9385 29.3509 18.4471 22.6401 29.7905 31.4209 29.8516 28.5117 24.8558 19.705 17.1752 16.8841 16.422 28.5549 24.7468 13.39 23.8506 18.4371 14.963 11.3504
threshold=100.06250000000001 29.500000000000004 6.5000000000000009 18.729166666666668 27.187500000000004 23.937500000000004 5.1096455838367563 61.500000000000007 0.99225603070175461 27.354166666666668 0.97916666666666685 11.60416666666667 60.787500000000009 0 26.377976190476193 31.854166666666668 0.56092274632679862 0.10714285714285719 158.50000000000003 3.6072209225176048 0.87500000000000011 19.937500000000004 24.145833333333339 32.145833333333336 32.770833333333336 0.19940476190476197 139.50000000000003 4.2273018591030871 1.0000000180025095e-35 1.5000000000000002
decision_type=2 2 2 2 2 2 2 2 2 2 2 2 2 1 2 2 2 2 2 2 2 2 2 2 2 2 2 2 2 2
left_child=2 25 3 4 5 6 -1 10 9 -9 11 -5 19 14 16 -16 -14 18 -15 -4 -19 -7 23 -21 -24 26 28 -27 -2 -30
right_child=1 -3 12 7 -6 21 -8 8 -10 -11 -12 -13 13 17 15 -17 -18 20 -20 22 -22 -23 24 -25 -26 27 -28 -29 29 -31
leaf_value=-0.00047134774522575431 0.046282599621918052 0.047737160559486728 0.00091100061595358439 -0.066763155331665824 0.026168046314453727 -0.00057174195737942407 0.019520915304310622 0.082480883827576276 -0.0045709620082668738 0.0025058518052101138 0.0054341050356200319 -0.008657450099443461 0.021429991603131693 0.039086890320809524 -0.037354474213055294 0.020165847532916815 0.0001661611052022561 -0.014284001228149943 0.010427117869622603 -0.0081135268319541456 0.0082775855316727254 -0.039678759028480483 -0.032113014969353877 0.052325913350543256 0.00246402465420056 0.0024392527863082414 0.051124498313544577 -0.038814125023782259 -0.0078904664485404882 0.015143783156836935
leaf_weight=11834 23 29 1623 22 101 46 160 26 68 25 354 1792 191 139 92 32 1215 97 166 130 647 69 150 23 79 828 37 28 105 109
leaf_count=11834 23 29 1623 22 101 46 160 26 68 25 354 1792 191 139 92 32 1215 97 166 130 647 69 150 23 79 828 37 28 105 109
internal_value=-1.91984e-08 0.00525933 -0.000319478 -0.00108565 -0.000210954 -0.000430978 -0.000204651 -0.00575555 0.0159355 0.0432774 -0.00694616 -0.00936215 0.00210356 0.00490025 0.000976435 -0.0225105 0.00305478 0.0105137 0.0234885 -0.00149377 0.00533609 -0.024036 -0.0117109 0.000972141 -0.0201847 0.00416919 0.0137893 0.00108984 0.00796065 0.00384193
internal_weight=20240 1159 19081 14497 12210 12109 11994 2287 119 51 2168 1814 4584 2579 1530 124 1406 1049 305 2005 744 115 382 153 229 1130 274 856 237 214
internal_count=20240 1159 19081 14497 12210 12109 11994 2287 119 51 2168 1814 4584 2579 1530 124 1406 1049 305 2005 744 115 382 153 229 1130 274 856 237 214
cat_boundaries=0 1
cat_threshold=25
is_linear=0
shrinkage=0.05


Tree=132
num_leaves=31
num_cat=0
split_feature=10 39 10 45 45 5 29 29 30 44 45 41 20 42 29 29 23 24 31 43 45 1 38 30 29 45 1 12 13 23
split_gain=13.4075 17.7585 17.374 49.383 49.2052 35.5986 26.5828 50.3071 26.8748 24.3603 25.1442 24.1583 22.6928 24.994 21.8607 31.904 31.5864 29.2433 33.4473 19.9988 16.7993 16.3749 20.4361 20.2792 16.2746 14.8708 38.1863 19.4729 29.3467 27.9153
threshold=5.5000000000000009 8.5000000000000018 3.5000000000000004 1.5000000000000002 8.5000000000000018 0.93750000000000011 5.0534938663273001 5.841332857399518 0.24404761904761912 3.5000000000000004 25.500000000000004 75.500000000000014 37.270833333333336 147.6428571428572 4.9001211263694486 4.3800444907821889 19.437500000000004 25.967261904761909 8.5000000000000018 13.928571428571431 35.500000000000007 34.812500000000007 105.50000000000001 0.20238095238095247 4.0714114104069283 15.500000000000002 41.437500000000007 5.5000000000000009 139.50000000000003 14.97916666666667
decision_type=2 2 2 2 2 2 2 2 2 2 2 2 2 2 2 2 2 2 2 2 2 2 2 2 2 2 2 2 2 2
left_child=2 -2 4 21 14 12 9 11 -9 10 -6 -8 13 -5 15 24 -17 19 -19 -16 -11 -4 -23 -24 -1 26 -3 28 -27 -29
right_child=1 25 3 5 6 -7 7 8 -10 20 -12 -13 -14 -15 17 16 -18 18 -20 -21 -22 22 23 -25 -26 27 -28 29 -30 -31
leaf_value=-0.0019565831238873058 -0.03390882168459939 0.0026096602024452895 0.0019690141892655922 -0.010980314580084161 0.0049668646786878374 0.00085632883083059687 0.055527424426716682 0.0039176561410346512 -0.040408852022318614 -0.0032430851949450251 0.028977132655614826 0.020170674848091888 -0.059298471831109215 0.0071214562730917176 -0.043560523247080193 0.075131007510682815 0.011373369546979666 -0.080336754785521949 -0.0041522002806887032 0.0038582835294720206 0.017186882195097428 0.054014862261035225 -0.016097008789201145 0.02771896490106179 -0.028338400435523464 0.0060437744083879918 -0.047286973377832997 -0.00014156227399195944 -0.056742283776402475 0.032503960153152205
leaf_weight=6357 32 2282 2071 2177 2506 1139 57 184 42 1473 114 317 23 209 28 23 125 34 25 108 108 33 46 62 59 268 39 105 20 174
leaf_count=6357 32 2282 2071 2177 2506 1139 57 184 42 1473 114 317 23 209 28 23 125 34 25 108 108 33 46 62 59 268 39 105 20 174
internal_value=-1.82477e-08 0.00313414 -0.000528409 -0.00277185 0.000589428 -0.00642736 0.00445997 0.0143047 -0.00432001 0.00305391 0.00601159 0.0255593 -0.00987116 -0.0093947 -0.00215987 -0.00166976 0.0212817 -0.0186577 -0.0480552 -0.00590441 -0.00184749 0.00309152 0.0195788 0.00905661 -0.00219918 0.00354459 0.00177124 0.0108037 0.00168363 0.020218
internal_weight=20240 2920 17320 5760 11560 3548 4801 600 226 4201 2620 374 2409 2386 6759 6564 148 195 59 136 1581 2212 141 108 6416 2888 2321 567 288 279
internal_count=20240 2920 17320 5760 11560 3548 4801 600 226 4201 2620 374 2409 2386 6759 6564 148 195 59 136 1581 2212 141 108 6416 2888 2321 567 288 279
is_linear=0
shrinkage=0.05


Tree=133
num_leaves=31
num_cat=1
split_feature=37 45 8 10 39 10 45 45 1 29 29 1 25 37 25 29 25 5 4 27 29 35 35 25 24 43 6 4 44 51
split_gain=12.3497 19.4497 15.047 13.374 18.275 15.3469 55.9651 36.9086 29.2875 26.5987 19.7682 15.3007 15.2822 36.8414 20.891 13.0459 13.8367 15.2912 21.5544 12.7837 10.306 8.49607 22.7231 8.59223 8.4953 8.3589 6.80868 9.1559 4.27768 2.78947
threshold=100.06250000000001 29.500000000000004 0.10947712418300655 5.5000000000000009 8.5000000000000018 3.5000000000000004 1.0000000180025095e-35 8.5000000000000018 31.562500000000004 5.2341159736979153 4.9001211263694486 34.812500000000007 4.2273018591030871 86.312500000000014 1.807847293730233 2.0894503070299546 4.2273018591030871 0.14583333333333334 0.10416666666666667 4.4080865810672263 1.9612943194825578 6.6428571428571432 3.9285714285714293 2.0440846543535671 32.687500000000007 13.071428571428573 0.70838353413654631 0.64583333333333337 1.0000000180025095e-35 0
decision_type=2 2 2 2 2 2 2 2 2 2 2 2 2 2 2 2 2 2 2 2 2 2 2 2 2 2 2 2 2 1
left_child=2 15 3 5 -5 7 11 10 -8 -9 -1 -7 14 -14 -6 20 17 18 -17 -18 26 22 29 -24 -19 -22 28 -28 -2 -4
right_child=1 -3 21 4 12 6 8 9 -10 -11 -12 -13 13 -15 -16 16 19 24 -20 -21 25 -23 23 -25 -26 -27 27 -29 -30 -31
leaf_value=-0.0015587544852209911 -0.028686365274892701 0.045443320759283062 0.013105598404072225 -0.037128972984958507 0.0011812526558603051 0.0023045174546233141 -0.0044171156728924181 0.0025638100793064838 -0.01563998133780823 0.015260741916147564 -0.017724831113412689 0.019820496130426579 -0.03111946791011308 0.015267167218936315 0.010762636741741717 0.015058431699339361 -0.040369798902135628 0.0063236106425818509 0.059695115084609673 0.0079130757343152478 -0.049027318498119712 0.0061020822856913915 -0.026757396996254103 -0.067406520963861391 -0.02527883950134982 -0.0033138035424053673 0.017537524061044679 -0.001181955631345568 0.00097309924662113188 -0.0095819042873613175
leaf_weight=6253 31 29 20 28 1662 1992 2494 3919 758 461 195 133 98 76 865 212 26 282 31 29 20 33 26 26 23 20 80 356 20 42
leaf_count=6253 31 29 20 28 1662 1992 2494 3919 758 461 195 133 98 76 865 212 26 282 31 29 20 33 26 26 23 20 80 356 20 42
internal_value=-1.73387e-08 0.00501129 -0.00030441 -0.000180692 0.0030575 -0.000726018 -0.00290955 0.000358288 -0.00703302 0.00390018 -0.00204765 0.00340081 0.00347409 -0.0108586 0.00446099 0.00397366 0.0089961 0.0113956 0.0207528 -0.0149116 -0.00177308 -0.0162396 -0.0227069 -0.047082 0.00394048 -0.0261706 0.000230822 0.00225281 -0.0170552 -0.00226336
internal_weight=20240 1159 19081 18934 2729 16205 5377 10828 3252 4380 6448 2125 2701 174 2527 1130 603 548 243 55 527 147 114 52 305 40 487 436 51 62
internal_count=20240 1159 19081 18934 2729 16205 5377 10828 3252 4380 6448 2125 2701 174 2527 1130 603 548 243 55 527 147 114 52 305 40 487 436 51 62
cat_boundaries=0 1
cat_threshold=4
is_linear=0
shrinkage=0.05


Tree=134
num_leaves=31
num_cat=0
split_feature=18 30 29 6 28 20 20 36 20 25 29 23 13 26 41 21 20 26 6 26 37 42 25 9 30 37 30 36 26 26
split_gain=12.3822 14.1324 41.8514 33.4177 25.4019 41.7216 31.2568 27.116 24.0658 31.7773 26.5637 24.6665 21.9991 19.1415 18.3718 18.277 24.3787 24.5067 20.3374 18.8102 15.4424 15.1071 14.0588 19.1472 19.3339 16.0392 22.7116 17.9502 14.6449 13.0847
threshold=-0.5 0.11309523809523817 5.9402150625030243 0.6876548648202192 17.875694444444445 17.020833333333339 22.645833333333339 8.071428571428573 20.645833333333339 2.4092832820658336 5.0534938663273001 16.145833333333339 144.50000000000003 22.251488095238098 91.500000000000014 30.937500000000004 27.520833333333339 24.656250000000004 0.55749046790169521 26.517857142857149 54.587500000000013 87.928571428571445 0.58767516702492106 0.99273157538877632 0.4166666666666668 57.312500000000007 0.2916666666666668 7.9285714285714297 34.342261904761912 31.657738095238098
decision_type=2 2 2 2 2 2 2 2 2 2 2 2 2 2 2 2 2 2 2 2 2 2 2 2 2 2 2 2 2 2
left_child=1 3 8 15 5 20 14 -8 10 12 13 -11 -10 -3 -6 16 17 -1 -18 -17 -5 -7 -2 24 25 26 -24 -27 29 -26
right_child=22 2 -4 4 6 21 7 -9 9 11 -12 -13 -14 -15 -16 19 18 -19 -20 -21 -22 -23 23 -25 28 27 -28 -29 -30 -31
leaf_value=-0.0030005940328759629 -0.0012037821833301423 -0.0017981136774461717 -0.064782657421060971 -0.024506448611224953 0.071073963410324528 -0.075667567728530796 0.0020062557892239793 0.053194695978115006 -0.012674667609922858 -0.042933577764779331 0.050596752506680789 0.0011960800136917558 -0.048557741344186736 -0.040086331224125443 0.02742777669272858 -0.0013221456669270993 -0.011441070445333467 0.020007793748489589 -0.074384111485310975 0.065676274448633207 0.0085336184142928966 -0.014948168171104044 -0.011959125716063237 0.00032598887030443381 0.0016372578503531657 0.010164083942358579 0.024458354697287035 0.038165596484517061 0.026869712235337059 -0.017289537405460059
leaf_weight=2658 4813 3014 28 38 36 21 188 30 83 36 24 263 88 33 73 22 33 121 21 20 510 20 172 5046 1339 1241 57 60 54 98
leaf_count=2658 4813 3014 28 38 36 21 188 30 83 36 24 263 88 33 73 22 33 121 21 20 510 20 172 5046 1339 1241 57 60 54 98
internal_value=-1.6471e-08 -0.00163601 -0.00389411 0.000489846 0.00880658 0.00260258 0.0199814 0.00905054 -0.00341264 -0.0139492 -0.00180008 -0.00411719 -0.0311408 -0.00221279 0.041843 -0.00215994 -0.00264534 -0.00199879 -0.0359189 0.0305819 0.00624252 -0.0460483 0.00093484 0.0022108 0.00535902 0.00930766 -0.00289451 0.0114555 0.00130709 0.000346495
internal_weight=20240 7360 3569 3791 916 589 327 218 3541 470 3071 299 171 3047 109 2875 2833 2779 54 42 548 41 12880 8067 3021 1530 229 1301 1491 1437
internal_count=20240 7360 3569 3791 916 589 327 218 3541 470 3071 299 171 3047 109 2875 2833 2779 54 42 548 41 12880 8067 3021 1530 229 1301 1491 1437
is_linear=0
shrinkage=0.05


Tree=135
num_leaves=31
num_cat=0
split_feature=41 42 31 21 38 6 6 45 20 38 48 34 34 13 44 31 29 45 10 1 1 41 26 27 20 10 22 25 28 6
split_gain=11.7437 13.9056 11.5015 14.7799 18.4429 16.557 15.1018 10.7873 18.8612 38.1431 35.1316 28.5056 25.8384 20.5551 11.6448 21.2998 27.7239 19.2043 28.6881 24.9275 17.0696 8.61428 17.7135 9.97335 6.04996 6.85523 5.50539 4.53632 4.46095 3.33933
threshold=234.50000000000003 178.85714285714289 1.0000000180025095e-35 15.562500000000002 91.500000000000014 0.5389182735400645 0.74806668925517716 30.500000000000004 23.979166666666668 166.50000000000003 0.98214285714285732 6.5000000000000009 8.5000000000000018 177.50000000000003 3.5000000000000004 13.500000000000002 6.3664801222070793 16.500000000000004 3.5000000000000004 37.895833333333336 37.979166666666679 47.500000000000007 10.251488095238097 2.7283329234201736 34.562500000000007 2.5000000000000004 8.2708333333333339 1.7750591498742831 13.827777777777781 0.9980099482784569
decision_type=2 2 2 2 2 2 2 2 2 2 2 2 2 2 2 2 2 2 2 2 2 2 2 2 2 2 2 2 2 2
left_child=2 -2 3 21 5 -5 -7 14 9 12 13 -12 -9 -10 17 16 -16 19 -19 -4 -17 22 26 28 25 27 -1 -3 -23 -27
right_child=1 24 7 4 -6 6 -8 8 10 -11 11 -13 -14 -15 15 20 -18 18 -20 -21 -22 23 -24 -25 -26 29 -28 -29 -30 -31
leaf_value=-0.00053920067426003831 0.042972802497388329 0.0017767468616366388 0.00023902581706629659 0.025310020305216313 -0.052459129734950906 -0.04668757271974755 0.0031292014145131771 0.0050803919496247548 0.019365608839220123 0.07356102894215534 -0.059352203507230361 0.0038546493804703162 0.04822413784353749 -0.019929795807346384 -0.0035842915086813417 0.0042734897170120323 -0.048461418258292338 0.013880282978275184 3.2824010602812739e-05 -0.012196878815849639 0.05719954293966293 -0.0016218588512195709 -0.048141303944091003 0.025828352593111271 0.02285127364907806 0.028933783974498514 -0.023016010681425947 -0.028344092149287466 -0.024901807277707296 4.0317461825907236e-05
leaf_weight=112 32 25 13892 25 34 32 29 400 114 24 44 30 38 47 2058 39 35 637 906 415 25 1024 30 33 38 20 36 25 21 20
leaf_count=112 32 25 13892 25 34 32 29 400 114 24 44 30 38 47 2058 39 35 637 906 415 25 1024 30 33 38 20 36 25 21 20
internal_value=-1.56407e-08 0.0134924 -0.000107525 -0.00451941 -0.0212843 -0.00895936 -0.0230042 0.000217045 0.00632032 0.0121864 -0.00521225 -0.0337278 0.00882346 0.00789428 -1.91951e-05 -0.00346591 -0.00433475 0.000449863 0.0057495 -0.0001217 0.0249477 -0.00291767 -0.0131079 -0.00123505 0.00612224 -0.000941129 -0.00600653 -0.0132837 -0.00208969 0.0144871
internal_weight=20240 160 20080 1376 120 86 61 18704 697 462 235 74 438 161 18007 2157 2093 15850 1543 14307 64 1256 178 1078 128 90 148 50 1045 40
internal_count=20240 160 20080 1376 120 86 61 18704 697 462 235 74 438 161 18007 2157 2093 15850 1543 14307 64 1256 178 1078 128 90 148 50 1045 40
is_linear=0
shrinkage=0.05


Tree=136
num_leaves=31
num_cat=0
split_feature=37 45 8 34 23 42 29 26 35 37 18 6 10 13 10 29 25 5 9 24 34 21 15 27 31 35 35 34 25 31
split_gain=11.3095 17.2267 13.4878 13.1332 19.4362 24.285 29.6682 16.517 16.1967 15.3571 15.9367 16.1744 13.2543 18.0424 16.8828 11.672 13.5907 26.9411 19.41 14.1296 13.3249 11.1674 8.91696 8.84661 8.59892 12.2529 14.71 7.09063 6.75351 6.22972
threshold=100.06250000000001 29.500000000000004 0.10947712418300655 2.5000000000000004 19.687500000000004 107.78571428571429 4.7017353024896851 23.227678571428573 6.9285714285714297 57.162500000000009 1.0000000180025095e-35 0.76787918871252214 5.5000000000000009 158.50000000000003 3.5000000000000004 2.1174997591770199 3.1087474159829491 0.14583333333333334 0.99356211317418219 32.687500000000007 8.5000000000000018 24.937500000000004 1.0000000180025095e-35 2.0944028047781207 8.5000000000000018 6.6428571428571432 3.9285714285714293 2.5000000000000004 2.1926385200769274 6.5000000000000009
decision_type=2 2 2 2 2 2 2 2 2 2 2 2 2 2 2 2 2 2 2 2 2 2 2 2 2 2 2 2 2 2
left_child=2 15 3 4 8 7 -7 -6 21 10 11 -5 14 -14 -11 23 17 18 -17 -19 27 -1 -12 29 25 26 -4 -18 -28 -2
right_child=1 -3 24 9 5 6 -8 -9 -10 12 22 -13 13 -15 -16 16 20 19 -20 -21 -22 -23 -24 -25 -26 -27 28 -29 -30 -31
leaf_value=-0.001376821600674386 0.0015167242555601643 0.042846958647514213 -0.0021356051573680054 -0.002301627988633139 -0.033041292719932551 -0.013322316463371474 0.027341975533636289 -0.0017072044320982594 0.035320111326873307 0.0025257984749054991 -0.0023754631122953826 -0.013326094706945679 0.001184469075705164 0.013002803350522885 -0.0021448688650157859 0.006415364064787355 -0.036823299808589664 0.0063658815620599224 0.041046857308935036 -0.037252792343497279 0.028275161057710649 -0.037069856138391928 0.0055970883573815402 -0.029428868161307443 -0.04499989900560606 0.023459406992928547 -0.020409908615762279 -0.0058507156340365718 -0.060509519811187476 -0.019530521296454887
leaf_weight=5617 470 29 62 957 153 140 66 58 30 5738 759 510 740 573 2919 64 23 259 110 20 25 22 652 27 21 22 21 94 21 38
leaf_count=5617 470 29 62 957 153 140 66 58 30 5738 759 510 740 573 2919 64 23 259 110 20 25 22 652 27 21 22 21 94 21 38
internal_value=-1.4864e-08 0.0047956 -0.000291306 -0.000174173 -0.00208748 -0.0125057 -0.000293951 -0.0244281 -0.00132114 0.000732148 -0.00248528 -0.00613426 0.00166091 0.00634205 0.000950925 0.00381906 0.00863768 0.0128685 0.0283088 0.00323909 -0.00485932 -0.00151607 0.00130852 -0.00153996 -0.0153783 -0.0104413 -0.0176126 -0.0119393 -0.0404597 -5.7676e-05
internal_weight=20240 1159 19081 18934 6086 417 206 211 5669 12848 2878 1467 9970 1313 8657 1130 595 453 174 279 142 5639 1411 535 147 126 104 117 42 508
internal_count=20240 1159 19081 18934 6086 417 206 211 5669 12848 2878 1467 9970 1313 8657 1130 595 453 174 279 142 5639 1411 535 147 126 104 117 42 508
is_linear=0
shrinkage=0.05


Tree=137
num_leaves=22
num_cat=0
split_feature=0 20 39 21 26 43 27 45 41 5 24 28 36 22 41 6 20 34 34 31 13
split_gain=10.5766 19.4278 23.0293 11.0289 26.1427 39.6288 41.4797 20.3683 19.9781 45.2086 24.542 34.0065 25.394 19.3832 14.2823 10.2234 12.639 14.3805 6.52596 6.06238 3.43056
threshold=37.270833333333336 37.270833333333336 46.500000000000007 31.145833333333339 29.174107142857149 24.500000000000004 3.0331251751788906 6.5000000000000009 205.50000000000003 0.35416666666666669 30.747023809523814 28.202083333333338 7.6428571428571432 36.104166666666679 210.50000000000003 0.99945175438596501 37.562500000000007 11.500000000000002 14.500000000000002 13.500000000000002 48.500000000000007
decision_type=2 2 2 2 2 2 2 2 2 2 2 2 2 2 2 2 2 2 2 2 2
left_child=1 3 -3 4 13 6 -6 -7 10 -10 11 -5 -12 14 -1 16 17 -2 -11 20 -17
right_child=15 2 -4 8 5 7 -8 -9 9 18 12 -13 -14 -15 -16 19 -18 -19 -20 -21 -22
leaf_value=-0.00022386488830596977 0.044846881868406421 -0.053798864823248652 0.0094320523552596583 0.0015888871937823385 -0.064881736963987344 -0.0026585176143617858 -0.013612596222876826 0.053652150928974157 -0.078856559876691212 0.027751189847476782 -0.015914220592722957 0.036247575017313162 0.0095962422835672717 0.049178044566651813 0.012285432670350102 0.018183781989362269 -0.031846024620939384 -0.010783254627424937 -0.0064601630569719104 0.0022490265546366572 0.043612769680718588
leaf_weight=18669 21 36 24 134 50 42 187 26 22 20 147 150 290 20 231 21 22 26 46 20 36
leaf_count=18669 21 36 24 134 50 42 187 26 22 20 147 150 290 20 231 21 22 26 46 20 36
internal_value=-1.41219e-08 -9.74417e-05 -0.0285065 -1.23591e-05 -0.000253013 -0.0147749 -0.0244289 0.018872 0.00570653 -0.016784 0.00845155 0.0198945 0.00101492 -1.89132e-05 -7.09735e-05 0.013409 -0.000568009 0.0140728 0.00390691 0.0259338 0.0342442
internal_weight=20240 20094 60 20034 19225 305 237 68 809 88 721 284 437 18920 18900 146 69 47 66 77 57
internal_count=20240 20094 60 20034 19225 305 237 68 809 88 721 284 437 18920 18900 146 69 47 66 77 57
is_linear=0
shrinkage=0.05


Tree=138
num_leaves=31
num_cat=1
split_feature=50 15 37 5 45 33 41 36 22 45 42 34 6 25 27 37 22 41 27 36 41 3 40 22 27 25 45 38 1 37
split_gain=10.9241 31.1592 32.9888 34.0623 31.4036 24.4371 26.3759 20.288 20.1033 30.9812 27.2383 22.912 21.5177 17.9402 26.7208 17.4175 18.6706 17.5218 17.0264 14.4454 14.3546 14.2242 13.1646 24.8824 29.5904 22.0438 10.8547 22.345 14.779 10.3376
threshold=0 -0.8783796973249266 66.862500000000011 0.14583333333333334 19.500000000000004 2.5000000000000004 64.500000000000014 4.9285714285714297 17.562500000000004 4.5000000000000009 58.642857142857146 14.500000000000002 0.91602631689932956 1.8536705637242696 4.3019365669452281 62.57500000000001 23.854166666666668 94.500000000000014 6.9749007820073157 4.2142857142857153 47.500000000000007 2.8333333333333335 9.5000000000000018 15.937500000000002 1.7193260373099852 4.0954933024629447 30.500000000000004 116.50000000000001 27.979166666666668 100.06250000000001
decision_type=1 2 2 2 2 2 2 2 2 2 2 2 2 2 2 2 2 2 2 2 2 2 2 2 2 2 2 2 2 2
left_child=1 2 3 15 8 6 -6 -8 9 -3 -10 -12 -11 -7 -15 17 -17 -1 21 -5 -4 22 23 25 -25 -2 28 -28 -24 -22
right_child=18 4 20 19 5 13 7 -9 10 12 11 -13 -14 14 -16 16 -18 -19 -20 -21 29 -23 26 24 -26 -27 27 -29 -30 -31
leaf_value=-0.038210063853434159 -0.0018290032884530094 -0.0066893657507167388 -0.0256822366449658 -0.040251127079777099 0.076672840171048182 -0.029524680204463728 0.014716072506226094 0.056405130642301897 -0.058246726046005885 0.01469914155604746 -0.0019691251772183437 0.029164035727850118 0.001798505601325778 0.023226936098174469 -0.0044902769853936491 -0.036879348560519845 -0.08988831438697302 0.01865101529285312 -0.037104527442716063 0.0030941247060481047 -0.001608145479525609 -0.024494205652585917 0.00077369312103074683 0.0045520380662839397 -0.02203737426369122 0.048387622765519403 -0.0010874789250993181 0.018793172570935476 -0.0044532589666917517 0.015733429357782006
leaf_weight=42 3293 386 46 23 23 33 206 34 21 786 1893 61 549 170 178 46 26 20 32 117 275 62 9113 153 331 22 348 238 1588 125
leaf_count=42 3293 386 46 23 23 33 206 34 21 786 1893 61 549 170 178 46 26 20 32 117 275 62 9113 153 331 22 348 238 1588 125
internal_value=-1.34217e-08 0.00200962 -0.00761952 -0.0212741 0.00361171 0.0138009 0.0255238 0.020622 0.00183633 0.00578664 -0.00160594 -0.00099721 0.00939394 0.00570865 0.00904974 -0.0392936 -0.0560215 -0.0198678 -0.000670774 -0.00402688 0.000769183 -0.000594251 -0.000496027 -0.00304193 -0.013632 -0.00149574 0.000360877 0.00698692 -1.9727e-06 0.0038111
internal_weight=20240 5060 720 274 4340 644 263 240 3696 1721 1975 1954 1335 381 348 134 72 62 15180 140 446 15148 15086 3799 484 3315 11287 586 10701 400
internal_count=20240 5060 720 274 4340 644 263 240 3696 1721 1975 1954 1335 381 348 134 72 62 15180 140 446 15148 15086 3799 484 3315 11287 586 10701 400
cat_boundaries=0 1
cat_threshold=33
is_linear=0
shrinkage=0.05


Tree=139
num_leaves=31
num_cat=0
split_feature=34 45 31 43 23 38 38 23 22 22 43 9 22 24 30 26 4 29 41 42 37 29 27 29 26 22 9 27 4 43
split_gain=10.2246 20.5934 14.2728 17.1887 15.1738 31.0145 22.022 34.002 19.9206 18.5547 17.431 13.0718 16.3849 18.5489 13.4345 27.8827 22.172 13.3574 44.7848 24.2866 14.2668 23.7315 17.5393 11.8342 32.8955 23.0184 21.5876 16.9441 11.4631 10.3583
threshold=4.5000000000000009 41.500000000000007 9.5000000000000018 11.785714285714286 20.687500000000004 149.50000000000003 122.50000000000001 31.812500000000004 17.270833333333339 31.854166666666668 25.500000000000004 0.98535539215686285 27.354166666666668 27.735119047619051 0.22321428571428578 23.227678571428573 0.39583333333333343 5.9402150625030243 156.50000000000003 120.92857142857144 60.787500000000009 5.2341159736979153 1.6976247965460767 5.1096455838367563 22.912202380952383 23.770833333333339 0.99838789682539686 5.0542260428078469 0.27083333333333343 13.357142857142859
decision_type=2 2 2 2 2 2 2 2 2 2 2 2 2 2 2 2 2 2 2 2 2 2 2 2 2 2 2 2 2 2
left_child=2 11 4 28 23 6 7 -6 -8 10 -7 12 14 -14 15 -2 -16 20 19 -19 22 -22 -13 27 26 -26 -25 29 -4 -1
right_child=1 -3 3 -5 5 9 8 -9 -10 -11 -12 17 13 -15 16 -17 -18 18 -20 -21 21 -23 -24 24 25 -27 -28 -29 -30 -31
leaf_value=-0.0020065189105633549 0.0014470195799896664 0.044141143207837436 0.059430224047257355 0.0045405175446913667 -0.0098036758098926733 0.012151168357199572 0.020970527827739716 0.038416389586069646 -0.031783858105704631 0.047376729516933364 -0.032088145406709782 0.0025397600991859288 0.055984948246794591 0.011899338249058929 0.049688035173510968 -0.051528252674532794 0.0066106192919052403 -0.012876117317626874 -0.073175635847907802 0.0293695861897008 0.0016429354894171837 0.015275570686731112 -0.0053723249310275003 0.054542074090910747 -0.044257474839687352 0.017681252807378769 -0.0047146107324145059 -0.034196424248971437 0.010971875100032143 0.0012423623346100867
leaf_weight=6330 220 28 26 275 584 127 20 39 170 30 27 1264 34 80 33 28 315 150 26 44 4274 345 1571 51 30 30 22 38 23 4006
leaf_count=6330 220 28 26 275 584 127 20 39 170 30 27 1264 34 80 33 28 315 150 26 44 4274 345 1571 51 30 30 22 38 23 4006
internal_value=-1.27422e-08 0.00133257 -0.000947737 0.00940179 -0.00123922 -0.00713424 -0.0113296 -0.00678508 -0.0262308 0.0114028 0.00439493 0.0011896 0.00768034 0.0250477 0.0043584 -0.00453406 0.0106955 0.000589079 -0.0115533 -0.00329462 0.000947453 0.00266118 -0.00184468 -0.00067985 0.0141401 -0.0132881 0.0366839 -0.00086985 0.0366845 -0.000747326
internal_weight=20240 8412 11828 324 11504 997 813 623 190 184 154 8384 710 114 596 248 348 7674 220 194 7454 4619 2835 10507 133 60 73 10374 49 10336
internal_count=20240 8412 11828 324 11504 997 813 623 190 184 154 8384 710 114 596 248 348 7674 220 194 7454 4619 2835 10507 133 60 73 10374 49 10336
is_linear=0
shrinkage=0.05


Tree=140
num_leaves=31
num_cat=0
split_feature=10 39 36 6 6 6 35 9 29 37 6 22 29 29 15 36 20 13 22 9 25 29 12 27 36 35 22 26 35 1
split_gain=10.1304 13.9878 13.7453 29.4958 48.0683 23.1572 22.6697 28.3228 20.3839 22.2774 19.08 18.4388 18.2526 23.6467 24.2481 21.7115 18.9944 32.1247 13.9363 13.3965 15.7107 22.5303 13.8007 17.9294 25.4906 13.1977 12.1819 33.2002 14.4286 3.81386
threshold=5.5000000000000009 8.5000000000000018 7.6428571428571432 0.6876548648202192 0.70838353413654631 0.65323403644378242 9.2142857142857171 0.99796626984126979 5.841332857399518 65.437500000000014 0.60284591248017827 28.729166666666668 5.2341159736979153 5.9402150625030243 1.0000000180025095e-35 5.7857142857142865 21.562500000000004 355.50000000000006 26.229166666666668 0.99875372023809539 3.879376475052394 1.7963309704758914 8.5000000000000018 1.6641536019837095 6.6428571428571432 5.9285714285714297 24.479166666666668 22.912202380952383 5.2142857142857153 17.854166666666668
decision_type=2 2 2 2 2 2 2 2 2 2 2 2 2 2 2 2 2 2 2 2 2 2 2 2 2 2 2 2 2 2
left_child=2 -2 6 5 -5 10 12 11 9 -6 -4 -8 16 14 -14 -15 18 -18 -1 22 21 -21 26 29 -25 -23 27 -3 -28 -24
right_child=1 19 3 4 8 -7 7 -9 -10 -11 -12 -13 13 15 -16 -17 17 -19 -20 20 -22 25 23 24 -26 -27 28 -29 -30 -31
leaf_value=-0.00066941745693474986 -0.030151535937329756 0.00040147340150229979 0.043291350445360879 -0.074471728829666975 0.002918119957000225 0.06953147088310549 0.020904857453344198 -0.066909783494112821 -0.041887963423505425 0.032642561377985262 -0.010126608950751169 -0.041500300597399481 0.0024567135042161681 -0.0078950881715475884 0.024393778850114154 0.044765758248312137 -0.0052635311475497607 -0.068993246369063857 0.012728253996879014 0.0028920458044856788 -0.018920995797397516 0.022246181565616793 -0.0028509519208567828 0.022115240304387718 -0.016590431567281485 0.058021923335822859 0.040013412179218402 -0.026443600243017559 0.0052890496412660443 0.011235122029053963
leaf_weight=13191 32 1618 32 20 1065 28 29 29 24 67 35 20 256 288 248 21 1750 20 197 125 33 85 259 285 50 37 36 124 177 59
leaf_count=13191 32 1618 32 20 1065 28 29 29 24 67 35 20 256 288 248 21 1750 20 197 125 33 85 259 285 50 37 36 124 177 59
internal_value=-1.20956e-08 0.00272432 -0.000459311 0.00454593 0.00238104 0.031345 -0.000855701 -0.0277455 0.00371067 0.00467743 0.0153864 -0.00456664 -0.000724375 0.00657426 0.0132511 -0.0043162 -0.00111584 -0.00598364 -0.000472275 0.0030886 0.0134816 0.0178107 0.00197278 0.00826615 0.0163383 0.0330962 -0.000129298 -0.00150943 0.011158 -0.000237498
internal_weight=20240 2920 17320 1271 1176 95 16049 78 1156 1132 67 49 15971 813 504 309 15158 1770 13388 2888 280 247 2608 653 335 122 1955 1742 213 318
internal_count=20240 2920 17320 1271 1176 95 16049 78 1156 1132 67 49 15971 813 504 309 15158 1770 13388 2888 280 247 2608 653 335 122 1955 1742 213 318
is_linear=0
shrinkage=0.05


Tree=141
num_leaves=31
num_cat=0
split_feature=31 24 14 42 48 16 22 8 31 21 10 9 18 14 25 22 48 36 27 30 24 36 4 4 9 25 35 34 6 22
split_gain=9.84902 12.7131 19.2865 13.3789 12.3169 12.1479 9.92106 9.27992 11.3679 9.8637 9.31893 14.6756 16.7975 15.6326 10.7935 21.6858 12.1608 8.70263 8.86259 10.107 7.94787 8.73983 7.82784 10.3676 10.0345 8.71833 7.55942 5.47135 5.25883 5.1816
threshold=1.0000000180025095e-35 9.8839285714285747 7.5000000000000009 53.071428571428577 0.91071428571428592 1.0000000180025095e-35 9.8541666666666696 0.010168650793650796 8.5000000000000018 37.895833333333336 5.5000000000000009 0.99875372023809539 1.0000000180025095e-35 34.500000000000007 4.3192497383699004 33.395833333333336 0.8392857142857143 6.3571428571428585 1.5281931943020617 0.40773809523809534 9.4017857142857153 1.5000000000000002 0.97916666666666685 0.18750000000000003 0.99152298850574727 1.9033026972398599 4.2142857142857153 4.5000000000000009 0.83181705400711292 10.270833333333334
decision_type=2 2 2 2 2 2 2 2 2 2 2 2 2 2 2 2 2 2 2 2 2 2 2 2 2 2 2 2 2 2
left_child=1 6 -3 -4 26 -6 22 9 17 10 14 13 -13 -12 16 -16 -2 18 27 -20 21 -8 23 25 -25 -1 -5 -9 -10 -23
right_child=7 2 3 4 5 -7 20 8 28 -11 11 12 -14 -15 15 -17 -18 -19 19 -21 -22 29 -24 24 -26 -27 -28 -29 -30 -31
leaf_value=-0.0039908553291731746 -0.0080168708765563455 -0.050407338707397387 -0.039385766326449814 -0.0072419675998389721 -0.010599937052557282 0.010961511917412282 0.026853313480293559 -0.0040430421796249782 -0.047764024557545783 0.026955150264714445 -0.00045536285354477735 0.025916646112739989 -0.00027739393620569014 0.0090761251979224068 0.0024341405124128986 0.026395211729027753 -0.0001241547257630852 0.022393238892847743 -0.0064919992162567851 -0.03747325411590282 0.037059166282415394 0.0074209002297251463 0.011236542063521815 0.0017783151073381305 -0.038230955412256573 0.02123785765272462 -0.048863683498348111 0.021906070597469809 -0.01304878879338503 -0.023173730257898571
leaf_weight=702 505 30 32 20 153 114 31 74 24 35 1708 143 107 575 865 106 14527 27 77 40 26 31 88 25 42 36 24 28 20 25
leaf_count=702 505 30 32 20 153 114 31 74 24 35 1708 143 107 575 865 106 14527 27 77 40 26 31 88 25 42 36 24 28 20 25
internal_value=-1.15023e-08 -0.00407909 -0.0119633 -0.00860085 -0.00543327 -0.00139393 -0.00115581 0.000298225 -0.00857698 0.000436818 0.000386746 0.00320466 0.0147056 0.00194525 -5.92821e-05 0.00504987 -0.000389311 -0.00439029 -0.00769237 -0.0170839 0.0128026 0.00555353 -0.00292211 -0.00446989 -0.0233021 -0.00276019 -0.0299447 0.00308024 -0.0319844 -0.00623742
internal_weight=20240 1379 373 343 311 267 1006 18861 290 18571 18536 2533 250 2283 16003 971 15032 246 219 117 113 87 893 805 67 738 44 102 44 56
internal_count=20240 1379 373 343 311 267 1006 18861 290 18571 18536 2533 250 2283 16003 971 15032 246 219 117 113 87 893 805 67 738 44 102 44 56
is_linear=0
shrinkage=0.05


Tree=142
num_leaves=26
num_cat=0
split_feature=37 30 41 42 31 28 39 27 43 1 26 45 15 37 33 44 31 29 23 33 26 30 35 10 22
split_gain=9.68327 12.9004 9.81162 12.2635 8.90782 13.9895 18.56 15.6238 8.67754 13.7975 12.3921 8.63787 20.3195 23.257 19.806 9.88557 17.8968 16.8984 7.07884 5.42437 5.21405 9.01439 4.12589 3.87981 1.42211
threshold=112.58750000000002 0.25297619047619063 237.50000000000003 178.85714285714289 1.0000000180025095e-35 13.929861111111114 25.500000000000004 3.2536110997061627 8.7857142857142865 12.35416666666667 10.251488095238097 30.500000000000004 1.0000000180025095e-35 86.312500000000014 1.5000000000000002 3.5000000000000004 13.500000000000002 6.2148863899079885 14.85416666666667 1.5000000000000002 33.525297619047628 0.39583333333333348 3.0714285714285716 3.5000000000000004 12.895833333333334
decision_type=2 2 2 2 2 2 2 2 2 2 2 2 2 2 2 2 2 2 2 2 2 2 2 2 2
left_child=2 -2 4 -4 5 8 7 -7 10 -10 -1 15 13 -13 -14 17 -17 -6 22 -20 21 -5 24 -23 -3
right_child=1 18 3 20 11 6 -8 -9 9 -11 -12 12 14 -15 -16 16 -18 -19 19 -21 -22 23 -24 -25 -26
leaf_value=-0.0053900897485682818 0.048255155387927184 -0.0050574900582432752 0.040066348295658832 0.018428642949355502 0.00017950144584532191 -0.022434524767823632 -0.050676286007676812 0.019180197082459927 -0.0017631099849486683 0.020238894500877139 -0.033107247452271428 -0.020599735892831414 0.043591980618209791 0.0058772673735177448 0.0095548796762401859 -0.0041053760860909113 0.022739473753608765 0.019500017664476968 0.034118615811069807 0.0018442297172125265 0.022152673276705726 -0.026556076506827155 0.012515082882474299 0.00094272800032859272 -0.023479411713778972
leaf_weight=284 22 22 32 35 15626 67 35 34 824 78 47 116 52 291 240 2076 64 114 30 23 33 29 23 23 20
leaf_count=284 22 22 32 35 15626 67 35 34 824 78 47 116 52 291 240 2076 64 114 30 23 33 29 23 23 20
internal_value=-1.09316e-08 0.0131042 -9.12838e-05 0.0125639 -0.000187714 -0.0040801 -0.0192989 -0.00842561 -0.00240146 0.000139502 -0.00932576 9.90972e-05 0.00555174 -0.001669 0.0156163 -0.000114068 -0.00330254 0.000319434 0.00655059 0.0201128 0.00522998 -0.00118898 -0.00450779 -0.0143931 -0.0138298
internal_weight=20240 140 20100 152 19948 1369 136 101 1233 902 331 18579 699 407 292 17880 2140 15740 118 53 120 87 65 52 42
internal_count=20240 140 20100 152 19948 1369 136 101 1233 902 331 18579 699 407 292 17880 2140 15740 118 53 120 87 65 52 42
is_linear=0
shrinkage=0.05


Tree=143
num_leaves=31
num_cat=0
split_feature=37 6 45 25 45 28 4 27 29 8 32 4 5 15 7 20 5 26 24 39 37 20 45 31 31 27 6 36 35 25
split_gain=9.33848 15.5145 19.5409 15.0394 26.1518 16.2915 13.0587 12.6097 14.0814 10.6571 10.9027 24.9889 22.9607 35.2087 29.9958 13.3458 45.555 15.3154 21.8277 19.867 12.9941 9.93468 9.84946 8.63088 8.61043 8.58485 7.25413 8.1719 11.4759 7.98333
threshold=100.06250000000001 0.92312309539200299 29.500000000000004 3.1087474159829491 11.500000000000002 18.754861111111115 0.97916666666666685 5.3672073560612255 4.7422364860616719 0.10947712418300655 6.5000000000000009 0.64583333333333337 1.0000000180025095e-35 -0.8783796973249266 0.22691027964099139 37.270833333333336 0.97916666666666685 32.653273809523817 27.529761904761909 38.500000000000007 68.27500000000002 12.937500000000002 22.500000000000004 4.5000000000000009 11.500000000000002 4.0464679393793643 0.34455571163170068 6.2142857142857153 3.9285714285714293 2.0440846543535671
decision_type=2 2 2 2 2 2 2 2 2 2 2 2 2 2 2 2 2 2 2 2 2 2 2 2 2 2 2 2 2 2
left_child=9 2 3 4 5 -2 21 8 -5 10 15 12 13 -12 -14 17 -17 18 -1 -19 25 -3 -6 -8 -22 -13 -11 28 -28 -30
right_child=1 6 -4 7 22 -7 23 -9 -10 26 11 20 14 -15 -16 16 -18 19 -20 -21 24 -23 -24 -25 -26 -27 27 -29 29 -31
leaf_value=-0.00040822193911498782 0.0087856563634608597 -0.006519501686894468 0.056598245115442716 -0.0038473818199198742 0.02409526604115618 -0.027710620026503291 0.0053304072441351788 0.028832249806728216 -0.047995406327148278 0.013531508292293265 -0.026315087300314701 -0.0004524017871340982 0.0099134084573361276 0.006940444422998817 0.039339771448122757 -0.072394357345722346 0.01517960841231274 0.043055945286608263 -0.011475186997074492 -0.00016558686020000585 -0.0071930101088946681 -0.048286511135908469 0.057373074788068024 -0.0083962163685798157 -0.03130221189171805 0.012261084605827286 -0.0047982008617726115 0.0067624357887185547 -0.019915101910009982 -0.057037523348020237
leaf_weight=15199 242 35 22 73 108 35 385 20 24 21 93 1576 394 552 111 27 33 46 459 63 190 24 28 163 46 145 42 26 28 30
leaf_count=15199 242 35 22 73 108 35 385 20 24 21 93 1576 394 552 111 27 33 46 459 63 190 24 28 163 46 145 42 26 28 30
internal_value=-1.0403e-08 0.00435773 0.010424 0.00850734 0.0129903 0.00417421 -0.00115887 -0.00731713 -0.0147706 -0.000264704 -0.000160586 0.00254738 0.00839689 0.00214546 0.0163814 -0.000692188 -0.0242287 -0.000602622 -0.00073264 0.0180747 -0.000889985 -0.0235095 0.0309466 0.00124749 -0.0118923 0.000618752 -0.0136754 -0.0182099 -0.0247027 -0.0391164
internal_weight=20240 1159 552 530 413 277 607 117 97 19081 18934 3107 1150 645 505 15827 60 15767 15658 109 1957 59 136 548 236 1721 147 126 100 58
internal_count=20240 1159 552 530 413 277 607 117 97 19081 18934 3107 1150 645 505 15827 60 15767 15658 109 1957 59 136 548 236 1721 147 126 100 58
is_linear=0
shrinkage=0.05


Tree=144
num_leaves=31
num_cat=1
split_feature=50 16 37 7 18 22 43 10 21 34 45 30 34 22 43 22 5 45 13 24 8 25 6 29 20 45 0 21 21 21
split_gain=9.20888 28.5057 27.1992 43.0621 27.6783 38.2674 28.3199 23.9065 23.2749 23.1495 21.2431 20.6618 21.3735 20.9941 50.4548 38.4236 19.4292 14.9602 12.5008 37.5489 11.689 13.0822 10.963 9.3858 36.5615 21.9641 21.8485 11.8582 31.7302 22.1938
threshold=0 -0.22252093395631442 64.112500000000011 0.16491687333517044 -0.68301270189221952 30.937500000000004 12.071428571428573 3.5000000000000004 37.187500000000007 7.5000000000000009 21.500000000000004 0.45535714285714307 12.500000000000002 30.937500000000004 23.928571428571434 28.729166666666668 0.97916666666666685 10.500000000000002 58.500000000000007 32.687500000000007 0.10947712418300655 2.0657191884653883 0.98957245998608234 5.9402150625030243 26.229166666666668 7.5000000000000009 16.645833333333339 30.312500000000004 26.812500000000004 24.270833333333339
decision_type=1 2 2 2 2 2 2 2 2 2 2 2 2 2 2 2 2 2 2 2 2 2 2 2 2 2 2 2 2 2
left_child=1 2 3 18 6 -6 -5 8 10 16 -4 12 13 15 -15 -3 -9 -11 22 -20 23 -22 -1 27 25 -25 -27 28 29 -2
right_child=20 11 7 4 5 -7 -8 9 -10 17 -12 -13 -14 14 -16 -17 -18 -19 19 -21 21 -23 -24 24 -26 26 -28 -29 -30 -31
leaf_value=0.049795628484571357 -0.00048840242587741274 0.0076330159685787978 0.0031749663868556838 -0.022140412131810321 -0.024995020567075699 0.047827043579447837 -0.077929819491174501 -0.011834403605584914 0.0596882619641044 0.033742949383079333 0.032603096804568465 0.00019069185341808392 0.03937477447769859 -0.023721550383824647 0.051758560648670904 0.044612092265506859 0.0049600952876215224 0.0033641543804044994 0.0010647152591346635 -0.067577922682870523 -0.0075098865626690289 -0.047492165533969039 0.0064605571303723592 0.03342353106609413 -0.05938878969261141 0.012020555261592821 -0.031385018693981692 0.0077815596788222419 -0.012797037809874304 0.011520494259611677
leaf_weight=20 13528 1385 450 46 128 21 45 623 22 55 71 1236 55 123 27 74 238 154 211 22 96 26 54 35 33 53 64 435 514 396
leaf_count=20 13528 1385 450 46 128 21 45 623 22 55 71 1236 55 123 27 74 238 154 211 22 96 26 54 35 33 53 64 435 514 396
internal_value=-9.84935e-09 0.00184513 -0.00249966 -0.0121345 -0.0280012 -0.0147315 -0.0497286 0.000767705 0.00931252 -0.00356859 0.00718533 0.00508761 0.00872498 0.00767729 -0.0101351 0.00950858 -0.00719202 0.0113586 0.000269457 -0.00541656 -0.000615865 -0.0160307 0.0181727 -0.000491383 -0.0116841 -0.00132716 -0.0117227 -0.000352161 -0.000597221 -0.000146868
internal_weight=20240 5060 2160 547 240 149 91 1613 543 1070 521 2900 1664 1609 150 1459 861 209 307 233 15180 122 74 15058 185 152 117 14873 14438 13924
internal_count=20240 5060 2160 547 240 149 91 1613 543 1070 521 2900 1664 1609 150 1459 861 209 307 233 15180 122 74 15058 185 152 117 14873 14438 13924
cat_boundaries=0 1
cat_threshold=33
is_linear=0
shrinkage=0.05


Tree=145
num_leaves=31
num_cat=1
split_feature=18 38 20 0 34 25 28 41 0 20 23 43 43 29 0 25 9 25 43 34 49 43 27 27 27 38 28 36 27 39
split_gain=8.82693 11.7071 14.7262 44.6869 21.637 20.6209 24.9133 18.3639 17.1355 34.8553 23.1932 14.4442 15.9749 14.3052 13.8602 11.4792 16.9807 16.8765 26.8206 40.5849 16.0419 18.1015 15.5 12.6324 12.4893 21.7169 13.3527 10.8544 8.67138 8.15433
threshold=-0.5 165.50000000000003 20.562500000000004 20.437500000000004 1.5000000000000002 6.3441714857175446 28.202083333333338 60.500000000000007 17.729166666666668 15.97916666666667 27.645833333333339 19.214285714285719 16.642857142857149 4.6268550377975393 12.395833333333334 0.58767516702492106 0.99273157538877632 4.8874019206878527 14.214285714285717 5.5000000000000009 0 15.500000000000002 5.6618609004608631 6.1341084082564459 5.1379845452418804 149.50000000000003 21.786805555555556 3.5000000000000004 3.639433783520289 66.500000000000014
decision_type=2 2 2 2 2 2 2 2 2 2 2 2 2 2 2 2 2 2 2 2 1 2 2 2 2 2 2 2 2 2
left_child=1 2 8 4 -4 6 -5 -6 9 14 -11 12 -10 29 -1 28 17 20 -19 -20 21 -17 -22 24 26 -26 -18 -25 -2 -3
right_child=15 13 3 5 7 -7 -8 -9 11 10 -12 -13 -14 -15 -16 16 23 18 19 -21 22 -23 -24 27 25 -27 -28 -29 -30 -31
leaf_value=-0.0016187977358780303 -0.00098377345253535778 0.019101712193029623 0.020813403649081012 0.0029586416515904527 -0.077947471428307755 -0.043789132228442308 -0.018468890881940096 -0.028143184766388288 0.0052325710679310133 -0.015826304558887654 0.03255088340061215 -0.035715749934315685 0.032098784853951658 0.047876782944569221 0.005117531293494469 -0.02069569646240765 0.0016448076659223534 -0.024065658134909778 0.072838452467694881 0.010473471019339438 0.0054242206669937914 0.0012830736348109261 0.04581168591976166 -0.036807998527018798 0.021405413436416606 -0.013750241467108329 -0.0041311076895696984 0.0065456923436034813 -0.029399171650961592 -0.017645293646133865
leaf_weight=3842 4786 36 20 742 21 29 166 156 711 526 26 20 60 26 953 123 3327 26 40 75 2340 393 24 42 164 60 1431 22 27 26
leaf_count=3842 4786 36 20 742 21 29 166 156 711 526 26 20 60 26 953 123 3327 26 40 75 2340 393 24 42 164 60 1431 22 27 26
internal_value=-9.38489e-09 -0.00138131 -0.00160068 -0.00683543 -0.0284821 -0.00228432 -0.000958727 -0.0340522 -0.000633554 -0.00164966 -0.0135477 0.00623511 0.00732333 0.0167464 -0.000279961 0.000789306 0.00194228 0.00490704 0.0217967 0.0321656 0.00408015 -0.00388084 0.00580967 0.000167301 0.00045085 0.0119887 -9.23371e-05 -0.0219052 -0.00114318 0.00369168
internal_weight=20240 7360 7272 1134 197 937 908 177 6138 5347 552 791 771 88 4795 12880 8067 3021 141 115 2880 516 2364 5046 4982 224 4758 64 4813 62
internal_count=20240 7360 7272 1134 197 937 908 177 6138 5347 552 791 771 88 4795 12880 8067 3021 141 115 2880 516 2364 5046 4982 224 4758 64 4813 62
cat_boundaries=0 1
cat_threshold=16
is_linear=0
shrinkage=0.05


Tree=146
num_leaves=31
num_cat=2
split_feature=42 20 43 37 20 37 34 33 24 0 20 50 7 39 9 26 50 20 29 24 22 6 22 42 17 32 37 20 34 31
split_gain=8.69503 36.7179 18.7778 23.2259 19.4272 16.1058 22.1235 16.0857 15.4402 13.2561 23.6598 22.3016 21.2121 11.1508 9.74625 14.1338 9.36792 39.1422 21.5607 20.8696 23.8576 37.3927 15.8273 14.5648 25.2931 13.438 20.9066 15.3149 12.8038 20.1287
threshold=69.642857142857153 13.60416666666667 7.3571428571428585 63.587500000000013 16.937500000000004 67.062500000000014 2.5000000000000004 1.0000000180025095e-35 15.276785714285715 12.562500000000002 8.3958333333333339 0 0.45833333333333337 23.500000000000004 0.99295634920634934 14.001488095238097 1 12.270833333333334 2.8032117447511311 27.529761904761909 20.895833333333339 0.99945175438596501 26.229166666666668 98.071428571428584 -0.5 6.5000000000000009 55.562500000000007 8.8125000000000018 8.5000000000000018 5.5000000000000009
decision_type=2 2 2 2 2 2 2 2 2 2 2 1 2 2 2 2 1 2 2 2 2 2 2 2 2 2 2 2 2 2
left_child=1 8 -3 4 7 13 -7 -4 9 10 11 -1 -12 -5 -11 -16 17 18 25 28 -21 22 -22 24 -20 27 -27 -2 -18 -30
right_child=16 2 3 5 -6 6 -8 -9 -10 14 12 -13 -14 -15 15 -17 19 -19 23 20 21 -23 -24 -25 -26 26 -28 -29 29 -31
leaf_value=0.0195348648791311 0.048943648928845368 -0.054182421342868894 -0.02225142835233343 0.028828984653729753 -0.064488265454769142 -0.040431863360572612 0.0010159315215423704 0.023634841878499305 0.036745183196450981 0.021727178055327388 -0.0039538968273287742 0.00047649731937286267 -0.021878568521657912 -0.012313237405665544 0.006999836944501907 -0.033156013706078132 -0.0007971517815261209 0.00083262383833416782 0.072733336040196384 0.02456110455942425 -0.037332797253673729 0.0068774125352501873 -0.092083073475144134 -0.0078062936803326016 0.023206468571853989 -0.050316741123147636 0.010710374269142954 0.0094813081263141197 0.020884658717949478 -0.0038582240202043568
leaf_weight=160 27 28 211 58 25 44 120 21 28 100 1257 1603 190 23 252 24 7606 7545 37 22 33 35 22 20 85 23 36 275 175 155
leaf_count=160 27 28 211 58 25 44 120 21 28 100 1257 1603 190 23 252 24 7606 7545 37 22 33 35 22 20 85 23 36 275 175 155
internal_value=-8.91572e-09 -0.00204245 -0.0143325 -0.0121098 -0.0226106 -0.00109475 -0.0101042 -0.0180979 -0.000240083 -0.00052887 -0.0015693 0.00231964 -0.00630752 0.0171466 0.00835354 0.00350802 0.000525828 0.00173081 0.0152379 -0.000680454 -0.0221139 -0.0335233 -0.0592329 0.0317434 0.0382269 0.0087455 -0.0130799 0.0130094 -0.000378824 0.009263
internal_weight=20240 4144 530 502 257 245 164 232 3614 3586 3210 1763 1447 81 376 276 16096 8048 503 8048 112 90 55 142 122 361 59 302 7936 330
internal_count=20240 4144 530 502 257 245 164 232 3614 3586 3210 1763 1447 81 376 276 16096 8048 503 8048 112 90 55 142 122 361 59 302 7936 330
cat_boundaries=0 1 2
cat_threshold=5 45
is_linear=0
shrinkage=0.05


Tree=147
num_leaves=31
num_cat=0
split_feature=41 29 30 40 31 23 7 46 22 27 27 20 33 0 35 22 30 42 28 45 15 44 32 29 6 29 35 41 45 6
split_gain=8.50542 11.7006 11.8294 7.68 11.8013 15.8819 16.8273 14.4768 20.3001 15.1004 15.817 10.986 8.83636 16.5521 29.6692 21.0297 24.4135 22.4988 16.3966 14.7486 30.4748 38.9397 21.253 20.4399 34.6037 29.903 5.95507 5.79667 5.70793 4.87265
threshold=237.50000000000003 2.4855802205997288 0.44940476190476197 7.5000000000000009 6.5000000000000009 22.854166666666668 0.18974986706446215 0.62500000000000011 11.187500000000002 4.352647053893107 3.4556442976870434 17.020833333333339 3.5000000000000004 31.062500000000004 9.5000000000000018 18.562500000000004 0.0059523809523809408 130.21428571428575 27.868750000000006 26.500000000000004 1.0000000180025095e-35 2.5000000000000004 5.5000000000000009 6.2148863899079885 0.45753087551968702 5.9402150625030243 4.6428571428571432 64.500000000000014 7.5000000000000009 0.9980099482784569
decision_type=2 2 2 2 2 2 2 2 2 2 2 2 2 2 2 2 2 2 2 2 2 2 2 2 2 2 2 2 2 2
left_child=3 29 -3 4 7 6 26 8 -1 10 -9 -11 19 15 18 16 -14 -17 -15 23 22 -22 -21 25 -25 -5 -6 -8 -4 -2
right_child=1 2 28 12 5 -7 27 9 -10 11 -12 -13 13 14 -16 17 -18 -19 -20 20 21 -23 -24 24 -26 -27 -28 -29 -30 -31
leaf_value=-0.0027953309906197008 -0.018229690239143868 0.048492060147691522 -0.011155535804573447 0.00025257297743475543 -0.011974737408260504 -0.02827901516109705 0.064568604119122033 -0.0024513897152261084 -0.067345220631077174 0.050420071486206287 -0.020363892585446592 0.0071954972918468474 0.019665786287040209 0.041780278687937218 -0.029689836258896526 -0.018729755328351024 -0.005466113429489162 0.0030503493865547951 0.0065002905921294138 -0.0044454751331553174 0.063241284115369931 0.012254782162831518 0.021438556028235901 0.0793771694813456 0.0081722882750270131 -0.029315201054478802 0.018805096648407706 0.026956607614244732 0.023817696435643094 0.0081538836837613173
leaf_weight=29 30 32 20 15011 30 20 20 2370 21 21 130 49 135 57 36 415 340 166 78 480 43 290 95 21 91 86 33 21 28 42
leaf_count=29 30 32 20 15011 30 20 20 2370 21 21 130 49 135 57 36 415 340 166 78 480 43 290 95 21 91 86 33 21 28 42
internal_value=4.85896e-07 0.0117836 0.0249441 -8.86733e-05 -0.00254658 0.0125259 0.020373 -0.00325993 -0.0299063 -0.00274152 -0.00338284 0.0201629 0.000300192 -0.00379008 0.0106413 -0.00612698 0.00167664 -0.0125069 0.0213963 0.000611588 0.00680187 0.0188386 -0.000168983 0.000242019 0.0215232 8.41403e-05 0.00414803 0.0453039 0.00924552 -0.00283927
internal_weight=20240 152 80 20088 2744 124 104 2620 50 2570 2500 70 17344 1227 171 1056 475 581 135 16117 908 333 575 15209 112 15097 63 41 48 72
internal_count=20240 152 80 20088 2744 124 104 2620 50 2570 2500 70 17344 1227 171 1056 475 581 135 16117 908 333 575 15209 112 15097 63 41 48 72
is_linear=0
shrinkage=0.05


Tree=148
num_leaves=31
num_cat=0
split_feature=37 34 35 20 9 25 42 13 1 23 13 1 36 36 30 22 29 37 37 25 48 10 41 25 20 43 28 24 26 23
split_gain=8.40097 11.3662 15.9559 15.581 20.1484 18.4048 16.4095 14.4173 12.4087 21.281 23.0568 17.4281 27.3603 43.1973 17.3282 38.1435 20.0884 17.2553 12.6024 11.0614 10.3718 23.3609 12.9565 12.8534 11.7656 38.1421 12.166 11.4768 29.456 17.8932
threshold=55.712500000000013 2.5000000000000004 7.5000000000000009 8.5208333333333339 0.97670717592592593 2.498478362172706 63.642857142857146 158.50000000000003 57.770833333333336 30.104166666666668 197.50000000000003 41.729166666666679 5.6428571428571432 4.6428571428571432 0.0059523809523809408 34.145833333333336 5.9402150625030243 95.512500000000017 95.912500000000023 3.7524407230041805 0.91071428571428592 2.5000000000000004 71.500000000000014 1.3645890046687528 29.604166666666668 23.214285714285719 32.813194444444449 28.014880952380956 25.809523809523814 30.937500000000004
decision_type=2 2 2 2 2 2 2 2 2 2 2 2 2 2 2 2 2 2 2 2 2 2 2 2 2 2 2 2 2 2
left_child=20 2 3 5 -5 -2 -6 -7 11 10 19 14 13 -13 15 -3 -16 -12 -11 -10 21 23 -23 -1 27 -26 -27 28 29 -22
right_child=1 8 -4 4 6 7 -8 -9 9 18 17 12 -14 -15 16 -17 -18 -19 -20 -21 24 22 -24 -25 25 26 -28 -29 -30 -31
leaf_value=-0.018069138193968683 0.00090495146380288941 0.0055890033859735131 0.034803370038668312 -0.053740975959226493 -0.010762067674184417 0.050431520282290879 -0.0016713708835892297 0.01057619866437446 0.0036275473400586991 0.066027648216829854 -0.0016866695490621387 -0.011532642898986362 -0.061289837219468929 0.032392404148211845 0.001045929191312206 0.067887347146868712 -0.020352857888818864 0.060374913131818177 0.016798166214273529 -0.034944577569908958 -0.0013018360704244989 0.030432940134778621 -0.010444629588533962 -0.061788588077841523 -0.06889751309321987 0.034830119274556641 -0.014315604247317157 0.028240638395602053 -0.055468309968709953 0.040320157746856031
leaf_weight=40 1356 1429 30 20 613 32 2610 78 41 26 21 403 23 65 9186 25 111 24 26 34 3762 28 63 29 27 20 34 33 25 26
leaf_count=40 1356 1429 30 20 613 32 2610 78 41 26 21 403 23 65 9186 25 111 24 26 34 3762 28 63 29 27 20 34 33 25 26
internal_value=4.61621e-07 0.000512857 -0.00154553 -0.0017771 -0.00371084 0.00250059 -0.00340038 0.0221705 0.00136748 0.0146957 0.00311826 0.00116356 -0.0080485 -0.00543194 0.00158428 0.00666016 0.000790442 0.0314128 0.0414129 -0.0138585 -0.00202467 -0.0145033 0.00213308 -0.036444 -0.00151625 -0.0203748 0.00388652 -0.00111907 -0.00137317 -0.00101615
internal_weight=20240 16153 4739 4709 3243 1466 3223 110 11414 172 120 11242 491 468 10751 1454 9297 45 52 75 4087 160 91 69 3927 81 54 3846 3813 3788
internal_count=20240 16153 4739 4709 3243 1466 3223 110 11414 172 120 11242 491 468 10751 1454 9297 45 52 75 4087 160 91 69 3927 81 54 3846 3813 3788
is_linear=0
shrinkage=0.05


Tree=149
num_leaves=21
num_cat=0
split_feature=37 30 41 29 30 45 32 20 22 38 6 25 0 27 39 23 31 38 27 29
split_gain=8.15397 11.3094 7.74644 10.5024 9.73777 10.4283 7.52445 8.16604 30.2971 39.1091 28.775 29.675 26.3951 7.84711 7.4033 6.44066 4.12041 3.95409 3.72401 1.73034
threshold=112.58750000000002 0.25297619047619063 237.50000000000003 2.471536760314077 0.32440476190476197 7.5000000000000009 17.500000000000004 25.604166666666668 34.145833333333336 125.50000000000001 0.99945175438596501 0.56354620400795785 28.270833333333339 1.9450635670354928 37.500000000000007 13.520833333333334 4.5000000000000009 184.50000000000003 1.5825333553392575 2.5757725966032323
decision_type=2 2 2 2 2 2 2 2 2 2 2 2 2 2 2 2 2 2 2 2
left_child=2 -2 6 17 -5 -6 7 8 12 -10 11 -9 -1 -8 -12 19 18 -4 -17 -3
right_child=1 15 3 4 5 -7 13 10 9 -11 14 -13 -14 -15 -16 16 -18 -19 -20 -21
leaf_value=-0.00012488831739065613 0.044937453952363954 -0.013692429935669199 0.0075900431426939698 0.049139334350824355 -0.013480157017086944 0.029311985852462908 -0.0016131183742323801 -0.039347331698924778 0.076030839844606818 0.0029598717201263346 0.026960754257283715 -0.0044082636184796182 0.030422496583155347 0.040661290617983625 0.0070908554268746884 0.011109186594628475 -0.0015348252862514486 -0.016618338798082645 0.040545862797825113 0.0048419802030548456
leaf_weight=17653 22 34 37 25 24 35 21 63 30 47 57 1719 71 23 264 22 21 31 21 20
leaf_count=17653 22 34 37 25 24 35 21 63 30 47 57 1719 71 23 264 22 21 31 21 20
internal_value=4.38536e-07 0.0120254 -8.33174e-05 0.0111615 0.0229867 0.011905 -0.000169 -0.000214658 0.000133441 0.0314291 -0.00316117 -0.00564348 -2.51953e-06 0.0204849 0.0106192 0.00588924 0.0166193 -0.00344613 0.0254852 -0.00682783
internal_weight=20240 140 20100 152 84 59 19948 19904 17801 77 2103 1782 17724 44 321 118 64 68 43 54
internal_count=20240 140 20100 152 84 59 19948 19904 17801 77 2103 1782 17724 44 321 118 64 68 43 54
is_linear=0
shrinkage=0.05


Tree=150
num_leaves=31
num_cat=1
split_feature=10 45 1 37 37 21 12 21 28 38 43 40 39 36 6 6 6 35 9 17 21 30 7 36 10 45 24 50 23 7
split_gain=7.89088 13.2138 33.4107 19.6777 33.1217 21.9851 19.823 22.3921 17.9481 35.3585 16.7455 11.9955 11.3779 11.2517 26.6172 43.3047 20.1852 20.0399 24.705 17.5654 29.6381 22.9476 17.3195 16.1233 14.897 40.9275 37.6422 30.8963 32.0505 22.2738
threshold=5.5000000000000009 15.500000000000002 41.437500000000007 68.58750000000002 86.062500000000014 22.312500000000004 5.5000000000000009 17.020833333333339 20.578472222222228 132.50000000000003 19.357142857142858 11.500000000000002 8.5000000000000018 7.6428571428571432 0.6876548648202192 0.70838353413654631 0.65323403644378242 9.2142857142857171 0.99796626984126979 -0.6830127018922193 25.604166666666668 0.19345238095238104 0.39642591015541839 7.2142857142857153 3.5000000000000004 6.5000000000000009 26.854166666666671 0 33.479166666666679 0.077032747057542886
decision_type=2 2 2 2 2 2 2 2 2 2 2 2 2 2 2 2 2 2 2 2 2 2 2 2 2 2 2 1 2 2
left_child=13 2 12 5 8 11 10 -8 -5 -10 -6 -3 -2 17 16 -16 22 24 23 20 -17 -21 -15 -19 25 26 -1 28 -26 -27
right_child=1 3 -4 4 6 -7 7 -9 9 -11 -12 -13 -14 14 15 19 -18 18 -20 21 -22 -23 -24 -25 27 29 -28 -29 -30 -31
leaf_value=-0.0025078894672991327 -0.028080312791280451 0.044063074433285263 -0.045139789614730919 0.0022934655440622008 -0.01217952618370669 0.068242601937769598 0.00058275442897227773 0.039444331413591813 -0.070221031216137555 0.003612422699769659 0.018342014137902356 -0.00049499366432428362 0.0019423998737229269 -0.010362762084011646 -0.07087833650410176 0.00051425628309302476 0.065233258397451463 0.024875027600986265 -0.062623226706837787 0.027259749874400982 -0.068917848017405386 0.0025570385132986312 0.040485766971709608 -0.032499595139175656 -0.0069370195884368773 -0.0010769231553951163 -0.066617825627326974 0.00021825014144637303 -0.06280776743705456 0.0056409194016832573
leaf_weight=5075 32 23 39 64 98 27 57 106 34 31 83 44 2282 34 20 51 28 24 29 104 22 979 33 25 2015 1849 23 3274 26 3709
leaf_count=5075 32 23 39 64 98 27 57 106 34 31 83 44 2282 34 20 51 28 24 29 104 22 979 33 25 2015 1849 23 3274 26 3709
internal_value=4.16596e-07 0.00240483 0.000753733 0.00925676 0.00510436 0.0301513 0.0132067 0.0258547 -0.0165019 -0.0350082 0.00181654 0.0148011 0.00152722 -0.000404947 0.00412356 0.00206703 0.0295813 -0.000763583 -0.0260457 0.00332906 -0.0204105 0.00492923 0.014682 -0.00439774 -0.000640108 0.000438362 -0.00279713 -0.00280233 -0.00761146 0.00340607
internal_weight=20240 2920 2353 567 473 94 344 163 129 65 181 67 2314 17320 1271 1176 95 16049 78 1156 73 1083 67 49 15971 10656 5098 5315 2041 5558
internal_count=20240 2920 2353 567 473 94 344 163 129 65 181 67 2314 17320 1271 1176 95 16049 78 1156 73 1083 67 49 15971 10656 5098 5315 2041 5558
cat_boundaries=0 1
cat_threshold=67
is_linear=0
shrinkage=0.05


Tree=151
num_leaves=31
num_cat=0
split_feature=18 20 0 30 22 36 29 25 24 29 30 24 39 36 1 9 24 24 30 28 29 9 35 20 0 17 5 13 26 39
split_gain=7.73217 11.755 44.2273 28.5838 29.8719 35.9759 27.9044 26.8051 25.0499 21.0467 26.8378 20.0326 15.6797 16.1013 27.9846 14.9426 13.4258 16.4814 11.7192 10.5941 9.57911 23.6258 18.868 16.4259 31.1852 20.7111 16.0307 21.1862 36.2433 18.7049
threshold=-0.5 20.312500000000004 20.437500000000004 0.10714285714285719 16.645833333333339 8.071428571428573 5.841332857399518 2.2943346407330258 26.562500000000007 2.4855802205997288 0.26488095238095255 25.580357142857149 24.500000000000004 2.5000000000000004 37.729166666666679 0.99774610136452246 10.595238095238097 10.717261904761907 0.18750000000000003 10.421527777777779 1.553930813204049 0.99273157538877632 3.3571428571428572 10.645833333333334 14.020833333333334 0.93301270189221952 0.52083333333333337 72.500000000000014 31.657738095238098 44.500000000000007
decision_type=2 2 2 2 2 2 2 2 2 2 2 2 2 2 2 2 2 2 2 2 2 2 2 2 2 2 2 2 2 2
left_child=1 11 8 4 15 -6 7 -5 9 -3 -11 12 16 18 -15 -4 19 -18 -14 -1 -2 26 -23 25 -25 -24 27 29 -29 -22
right_child=20 2 3 6 5 -7 -8 -9 -10 10 -12 -13 13 14 -16 -17 17 -19 -20 -21 21 22 23 24 -26 -27 -28 28 -30 -31
leaf_value=-0.0012773838249574795 -0.00077543752744717461 0.0078827241307188722 -0.045915837853382796 -0.02820162380524139 0.0064620623174461451 0.063756935934311351 -0.063593444786965853 0.00026578666635703114 0.027215187493711712 -0.027183010262938647 -0.074017554414458578 0.041796430972005638 -0.0048085456786793662 0.0056230880103062438 0.051067679088030539 0.0072413060069084177 -0.037102119647329901 -0.005022483938321453 0.0058171243007089221 0.0089626020380869191 0.012509220482564807 0.0059981196149531436 0.023885168716613506 -0.016217304942730992 -0.0009124584026231167 -0.031390144973993304 0.0012988888198805911 0.0073946621846329129 -0.03707514002744574 0.036676990365278779
leaf_weight=1793 5766 29 39 117 496 29 24 282 20 130 40 28 796 1055 35 20 41 1707 385 294 318 954 111 374 3024 20 1150 1008 48 107
leaf_count=1793 5766 29 39 117 496 29 24 282 20 130 40 28 796 1055 35 20 41 1707 385 294 318 954 111 374 3024 20 1150 1008 48 107
internal_value=4.01176e-07 -0.00129241 -0.00576201 -0.00133331 0.00583603 0.00962692 -0.0112314 -0.0080818 -0.026126 -0.0314869 -0.0382029 -0.00039907 -0.000592564 0.00270001 0.00708232 -0.0278965 -0.00254235 -0.00577492 -0.00134463 0.000165144 0.000739149 0.00196674 -0.000240662 -0.0019272 -0.00259698 0.0154462 0.00572798 0.00916717 0.00537331 0.0185938
internal_weight=20240 7360 1226 1007 584 525 423 399 219 199 170 6134 6106 2271 1090 59 3835 1748 1181 2087 12880 7114 4483 3529 3398 131 2631 1481 1056 425
internal_count=20240 7360 1226 1007 584 525 423 399 219 199 170 6134 6106 2271 1090 59 3835 1748 1181 2087 12880 7114 4483 3529 3398 131 2631 1481 1056 425
is_linear=0
shrinkage=0.05


Tree=152
num_leaves=31
num_cat=2
split_feature=50 10 25 37 5 35 10 30 38 29 35 29 32 32 37 20 41 6 0 49 22 26 0 13 44 27 1 22 39 29
split_gain=7.43803 23.4313 27.2523 26.1606 26.4313 27.7406 23.5155 32.4643 31.419 21.949 21.846 21.6906 34.2316 26.9939 25.6468 20.572 21.8381 19.6053 17.5075 17.1569 23.207 19.2341 16.3008 20.4189 16.7466 14.0625 13.2782 12.6109 10.7389 15.3392
threshold=0 3.5000000000000004 3.8164147117211882 65.862500000000026 0.22916666666666671 8.3571428571428594 5.5000000000000009 0.42857142857142866 139.50000000000003 4.4776800515306157 4.6428571428571432 5.2341159736979153 6.5000000000000009 5.5000000000000009 96.537500000000023 17.729166666666668 127.50000000000001 0.99619046236902453 33.270833333333336 1 21.187500000000004 15.763392857142859 33.687500000000007 171.50000000000003 2.5000000000000004 6.9749007820073157 41.729166666666679 17.979166666666668 19.500000000000004 2.1174997591770199
decision_type=1 2 2 2 2 2 2 2 2 2 2 2 2 2 2 2 2 2 2 1 2 2 2 2 2 2 2 2 2 2
left_child=1 11 6 4 5 -4 19 8 -8 -5 -11 15 13 14 -13 16 26 -9 -14 21 -21 -3 24 -24 -17 28 -1 -18 29 -2
right_child=25 2 3 9 -6 -7 7 17 -10 10 -12 12 18 -15 -16 22 27 -19 -20 20 -22 -23 23 -25 -26 -27 -28 -29 -30 -31
leaf_value=0.0076451181945418186 -0.0005344352564003494 -0.029715720641062312 -0.029541850950794691 -0.02819977118759542 0.0087069276786808456 -0.090518444404006013 0.013619721784432243 -0.014161800457081397 0.063182959146797654 0.050878344679420644 -0.0024302677772203955 0.02337716035342411 0.069925244734622541 -0.042729386039402177 -0.013369116450485309 0.0023186351432607842 0.020230146676399993 0.012366633662665999 0.01263074040412903 -0.0073614631540852987 -0.043535080263201076 0.0037827164306269648 0.024392681098414856 -0.016203053135957039 -0.0096396215931639426 -0.033664179896004502 -0.013971891512751187 0.068510208190197042 0.00028834781039345259 -0.0072613518936878053
leaf_weight=1088 2539 46 66 74 28 26 286 179 36 22 152 184 40 23 64 626 38 114 20 466 49 626 118 42 550 32 76 21 11337 1272
leaf_count=1088 2539 46 66 74 28 26 286 179 36 22 152 184 40 23 64 626 38 114 20 466 49 626 118 42 550 32 76 21 11337 1272
internal_value=3.81108e-07 0.00165865 -0.00226463 -0.0146639 -0.0338287 -0.0467744 0.000267512 0.0082027 0.019161 -0.00539057 0.0043099 0.00461024 0.0166544 0.00908855 0.0138943 0.00305235 0.00773793 -0.00384016 0.0508271 -0.00384381 -0.0105974 0.00146783 -0.00123691 0.0137363 -0.00327409 -0.000553102 0.0062337 0.0374146 -0.000483521 -0.00277968
internal_weight=20240 5060 2170 368 120 92 1802 615 322 248 174 2890 331 271 248 2559 1223 293 60 1187 515 672 1336 160 1176 15180 1164 59 15148 3811
internal_count=20240 5060 2170 368 120 92 1802 615 322 248 174 2890 331 271 248 2559 1223 293 60 1187 515 672 1336 160 1176 15180 1164 59 15148 3811
cat_boundaries=0 1 2
cat_threshold=33 28
is_linear=0
shrinkage=0.05


Tree=153
num_leaves=31
num_cat=0
split_feature=37 6 45 36 25 9 27 26 4 44 20 34 20 42 17 29 1 17 37 27 5 6 9 20 20 17 29 31 22 39
split_gain=7.18 13.4161 17.4863 13.846 20.9177 18.426 12.3064 18.3243 11.5302 11.5904 9.89148 8.81145 22.2191 20.6826 27.7977 17.6361 17.5432 15.1136 14.5428 18.0889 17.4348 31.4404 15.9131 13.3865 12.5915 12.3344 8.34126 7.80833 7.89027 3.90213
threshold=100.06250000000001 0.92312309539200299 29.500000000000004 1.2142857142857146 3.1087474159829491 0.99366987179487187 2.3557615967708618 12.07291666666667 0.97916666666666685 1.5000000000000002 37.937500000000007 6.5000000000000009 18.187500000000004 76.928571428571445 -0.6830127018922193 5.0534938663273001 17.937500000000004 -0.93301270189221908 60.787500000000009 3.6072209225176048 0.56250000000000011 0.78063793305015405 0.99788074712643682 9.3958333333333339 24.145833333333339 -0.93301270189221908 4.7422364860616719 3.5000000000000004 29.062500000000004 23.500000000000004
decision_type=2 2 2 2 2 2 2 2 2 2 2 2 2 2 2 2 2 2 2 2 2 2 2 2 2 2 2 2 2 2
left_child=10 2 3 6 5 -5 7 -2 9 -3 11 12 16 14 -14 -15 23 -18 19 25 21 -20 -22 -1 -21 -13 -6 29 -29 -10
right_child=1 8 -4 4 26 -7 -8 -9 27 -11 -12 18 13 15 -16 -17 17 -19 20 24 22 -23 -24 -25 -26 -27 -28 28 -30 -31
leaf_value=0.001114335992075 -0.0005057843829520414 -0.045628636257190797 0.05314184402284975 0.0050000128296848675 0.0034867748070289105 0.030170026662985256 0.017410338824418815 -0.047715557940424452 0.011890947676240021 -0.0012487708921394042 -0.033738987215540632 -0.020340676163675998 -0.074280284640068805 -0.0063870274743716609 -0.01274540739086194 0.0046244380475488588 0.021808434171940796 0.0034749378663348979 0.0022857129901561542 -0.00020434746543079421 0.0033980982796460997 0.018946833483744086 -0.0092169755766394017 -0.0024750600551324618 -0.018762823982094518 0.0017283305242117978 -0.026013430483038287 -0.008079880791513297 0.023914121570331709 0.00032088668154114312
leaf_weight=5150 61 28 22 130 68 165 38 31 157 31 22 66 24 1843 78 453 121 1584 747 153 1031 456 330 5241 227 1555 37 234 21 136
leaf_count=5150 61 28 22 130 68 165 38 31 157 31 22 66 24 1843 78 453 121 1584 747 153 1031 456 330 5241 227 1555 37 234 21 136
internal_value=3.62037e-07 0.00382144 0.00946257 0.00764947 0.0122566 0.0190782 -0.00652648 -0.0164134 -0.00130855 -0.0223104 -0.000231734 -0.000193056 -0.000796407 -0.0051932 -0.0272242 -0.00421447 7.52449e-05 0.00477602 0.0017226 -0.00147194 0.00421569 0.00860115 0.000339337 -0.000696079 -0.0112906 0.000829778 -0.00690854 0.000952598 -0.00544508 0.00652054
internal_weight=20240 1159 552 530 400 295 130 92 607 59 19081 19059 14494 2398 102 2296 12096 1705 4565 2001 2564 1203 1361 10391 380 1621 105 548 255 293
internal_count=20240 1159 552 530 400 295 130 92 607 59 19081 19059 14494 2398 102 2296 12096 1705 4565 2001 2564 1203 1361 10391 380 1621 105 548 255 293
is_linear=0
shrinkage=0.05


Tree=154
num_leaves=31
num_cat=0
split_feature=37 34 35 26 0 24 36 25 23 9 29 41 23 29 33 44 21 42 17 28 25 13 0 27 31 13 41 10 0 29
split_gain=7.17868 10.3607 14.4206 15.2797 17.7801 21.7156 17.3563 16.4985 15.7268 11.5069 13.0001 35.2983 17.7434 16.137 50.3586 23.4304 12.0465 15.3592 13.9306 13.8411 10.0631 21.8353 20.5674 20.812 20.5284 32.8116 22.2638 9.19265 9.01212 8.95933
threshold=55.712500000000013 2.5000000000000004 7.5000000000000009 17.456845238095244 13.312500000000002 16.985119047619051 3.5000000000000004 2.2113728671422552 17.812500000000004 0.9810064935064936 5.9402150625030243 152.50000000000003 31.145833333333339 5.1612233359612976 1.0000000180025095e-35 3.5000000000000004 25.854166666666668 140.21428571428575 0.68301270189221941 21.918750000000003 2.0657191884653883 315.50000000000006 9.8958333333333339 3.0845311552703847 3.5000000000000004 183.50000000000003 174.50000000000003 4.5000000000000009 12.645833333333334 2.8032117447511311
decision_type=2 2 2 2 2 2 2 2 2 2 2 2 2 2 2 2 2 2 2 2 2 2 2 2 2 2 2 2 2 2
left_child=20 2 3 7 5 -5 -6 28 -9 16 13 12 -12 15 -15 -11 17 19 -18 -3 29 22 23 27 25 -24 -26 -22 -2 -1
right_child=1 9 -4 4 6 -7 -8 8 -10 10 11 -13 -14 14 -16 -17 18 -19 -20 -21 21 -23 24 -25 26 -27 -28 -29 -30 -31
leaf_value=-0.0013553089415447601 -0.0026550828724921736 0.0069543780135766916 0.033064641207456592 0.012143722091886132 -0.011269242260419761 -0.04580160111005678 0.0079898426236203798 0.010549961792287003 -0.016004647911777574 0.0018805532532817594 0.0036528064902754914 -0.054804242341905035 -0.026779205272771941 -0.0066272915813179933 0.021638200113728728 -0.0047654416729424861 0.059073154701708035 -0.024518503800979544 0.0082471927561398074 0.050295285490297138 -0.016650606342354456 0.03814964158087969 -0.0043143755782188639 0.049105901298699559 -0.0056402316192168548 -0.064048511491335461 -0.050315384784092511 0.022511326902262544 0.0059559904244018812 0.011021515821392824
leaf_weight=3298 3175 150 30 22 402 61 165 485 63 8629 223 37 61 284 354 1567 26 34 28 21 43 25 45 27 396 47 30 23 336 153
leaf_count=3298 3175 150 30 22 402 61 165 485 63 8629 223 37 61 284 354 1567 26 34 28 21 43 25 45 27 396 47 30 23 336 153
internal_value=3.43941e-07 0.000473999 -0.00149123 -0.00171138 -0.00882869 -0.0304426 -0.00566475 -0.000571628 0.00749715 0.00128995 0.00104804 -0.00886826 -0.00288365 0.00134185 0.00905607 0.000859145 0.0117087 0.00617429 0.032719 0.0122769 -0.00187168 -0.007651 -0.009525 0.0121252 -0.013412 -0.0348307 -0.00878637 -0.00300327 -0.00183101 -0.000806583
internal_weight=20240 16153 4739 4709 650 83 567 4059 548 11414 11155 321 284 10834 638 10196 259 205 54 171 4087 636 611 93 518 92 426 66 3511 3451
internal_count=20240 16153 4739 4709 650 83 567 4059 548 11414 11155 321 284 10834 638 10196 259 205 54 171 4087 636 611 93 518 92 426 66 3511 3451
is_linear=0
shrinkage=0.05


Tree=155
num_leaves=31
num_cat=0
split_feature=10 45 1 37 37 37 4 28 38 12 37 23 25 43 13 39 9 1 15 1 1 6 25 25 38 45 35 20 25 6
split_gain=7.06612 11.9271 29.8267 17.8007 29.4891 18.8143 19.6154 16.4473 31.1341 15.5505 14.0291 16.4586 11.124 17.4072 10.8772 10.3488 10.2966 8.49963 20.7524 30.7031 17.4987 16.3977 18.9326 18.2483 17.04 15.2445 21.236 19.8131 13.4443 35.3002
threshold=5.5000000000000009 15.500000000000002 41.437500000000007 68.58750000000002 86.062500000000014 89.812500000000014 0.68750000000000011 20.578472222222228 132.50000000000003 5.5000000000000009 60.454166666666673 20.187500000000004 4.2273018591030871 20.214285714285719 172.50000000000003 8.5000000000000018 0.99885651629072703 57.770833333333336 0.87837969732492682 57.937500000000007 41.729166666666679 0.634721475313752 1.9352105008343956 4.8874019206878527 76.500000000000014 16.500000000000004 6.2142857142857153 29.187500000000004 4.3192497383699004 0.44086806373126136
decision_type=2 2 2 2 2 2 2 2 2 2 2 2 2 2 2 2 2 2 2 2 2 2 2 2 2 2 2 2 2 2
left_child=17 2 12 10 7 6 -6 14 -9 -7 -3 -12 15 -14 -5 -2 -17 20 25 -20 28 22 24 -24 -22 -19 27 -27 -1 -30
right_child=1 3 -4 4 5 9 -8 8 -10 -11 11 -13 13 -15 -16 16 -18 18 19 -21 21 -23 23 -25 -26 26 -28 -29 29 -31
leaf_value=-0.00054127834019623844 -0.026218435922055507 0.0066966925043521865 -0.042655208811928066 -0.025079778751925283 0.040521203622814611 -0.0074228490768291529 -0.0068943290152297977 -0.066309133500737305 0.0029734889015315042 0.018966711916481006 0.072989893815031764 0.01725384625248038 0.00089005795068656786 -0.053954499830370366 0.017880028240927836 0.0013781823384126229 0.013550393577346482 -0.036261365554578928 0.081921123442324731 -0.0016131709414449605 0.056485860555299694 -0.045490137736002606 -0.015412090869856551 0.01075776398306849 -0.0064818957143209198 0.0080632877904766552 0.049437647372484211 -0.046641382591915317 0.045182317219398638 0.0032817363439568482
leaf_weight=15821 32 41 39 23 88 128 29 34 31 99 27 26 39 23 41 2030 190 23 22 22 21 30 355 82 22 96 25 20 54 727
leaf_count=15821 32 41 39 23 88 128 29 34 31 99 27 26 39 23 41 2030 190 23 22 22 21 30 355 82 22 96 25 20 54 727
internal_value=3.26745e-07 0.00227562 0.00070697 0.00878539 0.00483599 0.0124811 0.0287686 -0.0155511 -0.0332667 0.00408625 0.0286584 0.0456477 0.00143779 -0.0194555 0.00244135 0.00201301 0.00241995 -0.000383268 0.00966323 0.040154 -0.000505385 -0.00962796 -0.00738657 -0.0105015 0.0242698 0.00148279 0.00763964 -0.00136855 -0.000225147 0.00617883
internal_weight=20240 2920 2353 567 473 344 117 129 65 227 94 53 2314 62 64 2252 2220 17320 208 44 17112 510 480 437 43 164 141 116 16602 781
internal_count=20240 2920 2353 567 473 344 117 129 65 227 94 53 2314 62 64 2252 2220 17320 208 44 17112 510 480 437 43 164 141 116 16602 781
is_linear=0
shrinkage=0.05


Tree=156
num_leaves=31
num_cat=1
split_feature=37 30 6 49 25 27 15 29 31 36 31 28 42 28 43 26 1 18 30 20 42 22 37 0 29 25 30 6 23 27
split_gain=6.95367 18.9925 22.3798 19.0129 29.7746 18.806 18.5605 17.3065 37.6908 28.6031 23.4673 22.2416 25.5493 16.6839 47.1957 27.4144 16.0133 15.3563 14.4834 20.072 31.3227 27.9573 26.9745 38.1528 25.0214 19.3339 42.3845 26.0614 19.3232 21.602
threshold=64.612500000000011 0.10714285714285719 0.53394797772261748 0 2.0267616761054978 6.9749007820073157 1.0000000180025095e-35 5.1612233359612976 6.5000000000000009 3.2142857142857149 8.5000000000000018 21.309722222222227 75.785714285714292 27.868750000000006 15.785714285714286 27.290178571428573 31.937500000000004 -0.9330127018922193 0.58035714285714302 12.85416666666667 69.642857142857153 8.5208333333333339 63.937500000000007 23.979166666666668 2.4855802205997288 3.3587695117682776 0.65773809523809545 0.91368273959897006 14.85416666666667 2.1729632105648649
decision_type=2 2 2 1 2 2 2 2 2 2 2 2 2 2 2 2 2 2 2 2 2 2 2 2 2 2 2 2 2 2
left_child=18 2 7 4 16 -3 -6 11 9 -9 -10 17 -13 15 -15 -5 -4 -2 19 24 21 -21 -22 -24 -1 -20 27 -27 29 -26
right_child=1 5 3 13 6 -7 -8 8 10 -11 -12 12 -14 14 -16 -17 -18 -19 25 20 22 -23 23 -25 28 26 -28 -29 -30 -31
leaf_value=-0.0020943732264493468 -0.014331257927072487 -0.00039292569061497761 0.028168717889941103 0.010399766627993808 -0.017379770925113312 -0.046687539336694915 0.0038439154294074365 0.012740566976038106 -0.048567664928925343 0.068441176271209353 0.0056101996497046657 -0.056760268765642788 -0.010504222074884344 -0.050215287073407069 0.0096240145847835447 0.050491832835938444 -0.016317200548946861 0.0057037106001358593 0.0013049374556712374 0.012100622360594572 -0.0027058437995036442 -0.0282649527718218 -0.0041380197720395197 -0.076932204697902018 0.026096378897245115 0.10076746821403504 -0.024773786200777345 0.020049675889313223 0.01885227802582783 -0.0026856084320206262
leaf_weight=3221 123 7655 106 1378 225 22 190 203 39 26 41 33 313 43 141 44 25 430 2830 52 1975 245 45 30 78 20 23 20 267 397
leaf_count=3221 123 7655 106 1378 225 22 190 203 39 26 41 33 313 43 141 44 25 430 2830 52 1975 245 45 30 78 20 23 20 267 397
internal_value=3.10423e-07 0.000846584 0.00398176 0.00703908 -0.001083 -0.000525592 -0.0076629 -0.00146471 0.00874332 0.0190647 -0.0208015 -0.00497337 -0.0149159 0.00974644 -0.00436017 0.0116403 0.019679 0.00124747 -0.00101461 -0.00235768 -0.00602211 -0.0211976 -0.00382352 -0.0332557 -0.000187506 0.0019148 0.0293103 0.0604086 0.00809015 0.0020407
internal_weight=20240 11037 3360 2152 546 7677 415 1208 309 229 80 899 346 1606 184 1422 131 553 9203 6310 2347 297 2050 75 3963 2893 63 40 742 475
internal_count=20240 11037 3360 2152 546 7677 415 1208 309 229 80 899 346 1606 184 1422 131 553 9203 6310 2347 297 2050 75 3963 2893 63 40 742 475
cat_boundaries=0 1
cat_threshold=16
is_linear=0
shrinkage=0.05


Tree=157
num_leaves=29
num_cat=1
split_feature=13 42 20 6 32 29 29 20 20 35 35 6 39 8 40 50 20 21 29 24 31 25 26 13 29 6 18 22
split_gain=6.92736 7.08862 29.0688 20.9846 19.4681 18.842 25.7066 20.6752 17.8879 15.0926 12.1911 11.229 10.9595 8.79618 8.33299 8.22121 28.5783 15.0607 7.42909 12.6894 7.39312 9.19094 6.07137 5.30624 5.16428 4.77121 4.29747 2.24867
threshold=365.50000000000006 63.642857142857146 8.3958333333333339 0.59646034513590851 2.5000000000000004 2.3894966369881154 2.2208053324986698 10.645833333333334 13.47916666666667 3.785714285714286 3.5000000000000004 0.99401197604790437 10.500000000000002 0.10947712418300655 3.5000000000000004 0 12.270833333333334 26.812500000000004 2.1476030011619143 11.127976190476192 4.5000000000000009 1.8254135393983868 8.1250000000000018 135.50000000000003 1.4672228370306539 0.78063793305015405 -0.5 15.187500000000002
decision_type=2 2 2 2 2 2 2 2 2 2 2 2 2 2 2 1 2 2 2 2 2 2 2 2 2 2 2 2
left_child=1 2 4 5 18 6 -4 -7 9 -5 12 -10 -6 14 24 16 -16 -17 22 -20 21 25 -1 -22 -3 -15 -26 -2
right_child=27 13 3 8 10 7 -8 -9 11 -11 -12 -13 -14 20 15 17 -18 -19 19 -21 23 -23 -24 -25 26 -27 -28 -29
leaf_value=-0.0034144236192211264 -0.0089317967138777023 0.001402275255431646 -0.021184819140562826 -0.0038776535705125261 -0.023858586996793746 0.0043394901180947463 -0.085848037365146665 -0.025454938590526582 -0.020700672245471952 0.011999118436575354 0.051306855447945145 0.010303849431083483 0.014611833726044699 -0.0052878933759140118 0.013337806838033981 0.0001132880521377346 0.00090617056799114379 -0.0074759538616386376 0.01326994712757512 -0.026981785959585315 -0.043405669844166071 -0.026197354992230734 0.0081587092308892002 -0.013375230577137126 0.044085225632244894 0.027346469989667339 0.012061292640864849 -0.03264186162967235
leaf_weight=801 20 29 51 914 20 109 22 125 207 179 21 34 249 21 502 9887 5845 700 178 22 24 24 132 38 22 24 20 20
leaf_count=801 20 29 51 914 20 109 22 125 207 179 21 34 249 21 502 9887 5845 700 178 22 24 24 132 38 22 24 20 20
internal_value=2.94889e-07 4.14575e-05 -0.0021736 -0.00670871 0.00305627 -0.0184949 -0.0406724 -0.0115763 -0.00399628 -0.00127752 0.0146159 -0.0163266 0.0117516 0.000437521 0.000536949 0.00046528 0.00188645 -0.000388137 9.74824e-05 0.00884226 -0.0124692 -0.00120967 -0.00177707 -0.0249999 0.0176305 0.0121171 0.0288357 -0.0207868
internal_weight=20240 20200 3064 1641 1423 307 73 234 1334 1093 290 241 269 17136 17005 16934 6347 10587 1133 200 131 69 933 62 71 45 42 40
internal_count=20240 20200 3064 1641 1423 307 73 234 1334 1093 290 241 269 17136 17005 16934 6347 10587 1133 200 131 69 933 62 71 45 42 40
cat_boundaries=0 1
cat_threshold=41
is_linear=0
shrinkage=0.05


Tree=158
num_leaves=31
num_cat=1
split_feature=6 5 4 42 31 6 43 4 20 9 37 6 37 29 23 20 20 29 31 24 20 6 27 20 50 40 24 38 21 30
split_gain=6.86683 25.2048 23.9443 33.6631 21.9424 21.6108 20.6263 19.3449 19.0501 30.1662 23.5151 22.1799 28.9213 17.6988 18.5388 17.3882 17.3115 16.4777 14.5062 22.461 14.1656 13.0196 10.2825 10.0685 9.83678 9.60972 8.25835 7.81096 6.4874 5.61531
threshold=0.99945175438596501 0.64583333333333337 0.97916666666666685 156.07142857142858 15.500000000000002 0.98098055450606525 27.500000000000004 0.77083333333333337 32.895833333333336 0.99010547201336696 58.312500000000007 0.74300927132591144 55.712500000000013 4.9935732012093332 23.854166666666668 18.854166666666668 29.937500000000004 0.8390922878307967 4.5000000000000009 19.901785714285719 34.937500000000007 0.93753751500600246 0.41483686854175955 35.229166666666679 0 18.500000000000004 15.199404761904765 199.00000000000003 14.145833333333334 0.92559523809523825
decision_type=2 2 2 2 2 2 2 2 2 2 2 2 2 2 2 2 2 2 2 2 2 2 2 2 1 2 2 2 2 2
left_child=1 4 3 7 8 13 23 22 11 20 -11 15 -13 21 -15 -1 18 -9 19 26 -10 -4 -3 -7 -20 -18 28 -6 -2 -27
right_child=16 2 5 -5 27 6 -8 17 9 10 -12 12 -14 14 -16 -17 25 -19 24 -21 -22 -23 -24 -25 -26 29 -28 -29 -30 -31
leaf_value=0.00033137688562353819 0.00173288077706177 -0.028588366182520988 -0.0096011789814737219 -0.062506104842759674 0.016679530243935255 -0.0073105148335034613 -0.048243185020983223 0.0056447099446307256 -0.0021757773744563265 -0.073471863195300108 -0.016241512837686708 -0.0089372178770178185 0.0052628557407191565 0.011700119521646273 -0.048395247928177315 -0.0052097113903943962 0.037741533745276307 -0.019151629971048204 -7.8923600650088996e-05 0.03057273799553514 0.05480032297084108 0.0066103376556249692 0.0060851611384387817 0.01668612003002478 -0.0078599682142486953 0.016651665962372837 0.0091866822974738319 0.056719940404097238 -0.023413982822631414 -0.00052867048885673295
leaf_weight=6702 1891 24 144 32 29 879 30 79 24 20 175 401 3389 21 33 1795 38 441 1679 75 20 885 196 46 527 130 413 21 26 75
leaf_count=6702 1891 24 144 32 29 879 30 79 24 20 175 401 3389 21 33 1795 38 441 1679 75 20 885 196 46 527 130 413 21 26 75
internal_value=2.80135e-07 -0.000517005 -0.00479822 -0.0122974 0.000439596 -0.00195753 -0.0074405 -0.0101262 0.000307643 -0.0136733 -0.0221113 0.000579592 0.00376042 0.00287741 -0.0250248 -0.000839184 0.00163995 -0.0153845 0.000954471 0.0036404 0.0237225 0.00434167 0.00230259 -0.00611717 -0.00197376 0.0146471 0.00277348 0.0334965 0.00139182 0.0103662
internal_weight=20240 15386 2810 772 12576 2038 955 740 12526 239 195 12287 3790 1083 54 8497 4854 520 4611 2405 44 1029 220 925 2206 243 2330 50 1917 205
internal_count=20240 15386 2810 772 12576 2038 955 740 12526 239 195 12287 3790 1083 54 8497 4854 520 4611 2405 44 1029 220 925 2206 243 2330 50 1917 205
cat_boundaries=0 1
cat_threshold=141
is_linear=0
shrinkage=0.05


Tree=159
num_leaves=31
num_cat=0
split_feature=45 10 44 45 25 10 43 25 48 22 0 45 37 24 6 24 44 32 34 2 24 38 37 13 13 5 9 25 29 37
split_gain=6.94227 24.197 30.3643 30.2503 28.3777 28.3687 24.3093 24.0927 27.1382 23.0088 25.3782 33.9436 24.9768 21.7643 19.5138 21.7834 24.3834 18.43 17.1559 16.2036 38.546 25.5165 15.8609 15.693 29.0485 20.5372 31.591 14.2286 11.6069 11.0874
threshold=10.500000000000002 3.5000000000000004 2.5000000000000004 25.500000000000004 2.7939238009117249 5.5000000000000009 17.214285714285719 3.2006194571615181 0.8392857142857143 36.812500000000007 31.479166666666668 14.500000000000002 91.112500000000011 22.017857142857146 0.94428320816187949 27.529761904761909 4.5000000000000009 6.5000000000000009 5.5000000000000009 40.000000000000007 18.526785714285719 114.50000000000001 98.062500000000014 151.50000000000003 144.50000000000003 0.10416666666666667 0.99097842261904778 4.6598855917491546 4.1988584807440903 70.33750000000002
decision_type=2 2 2 2 2 2 2 2 2 2 2 2 2 2 2 2 2 2 2 2 2 2 2 2 2 2 2 2 2 2
left_child=19 2 3 7 6 14 -5 8 -2 10 13 -12 -11 -4 15 22 -17 -9 -6 -1 -21 29 -3 24 -7 26 -25 -16 -27 -22
right_child=1 5 9 4 18 23 -8 17 -10 12 11 -13 -14 -15 27 16 -18 -19 -20 20 21 -23 -24 25 -26 28 -28 -29 -30 -31
leaf_value=-0.00050701957689376924 -0.036398103754771385 -0.0082364512491363319 0.003717426717779795 0.10221865092930588 -0.021205907399681482 0.0013857532223384525 0.026846386734396224 0.016433871170698569 0.0065744200822944439 -0.061978378357986613 -0.033416769236326214 0.02986717406231508 0.0091189342595282049 -0.0064480586852944007 -0.00019437305953344284 -0.018928394972009405 -0.077845679521560684 0.055152954963537365 0.040554100242645851 -0.062143057170841433 0.045352411113679408 -0.043662180733822643 0.014836627211188898 0.00078740186636047118 -0.052873844911272706 0.0017908957393314375 0.031957538898757382 0.032606701020683561 -0.037354133777659053 -0.0039290413770469877
leaf_weight=13321 38 1080 1381 23 22 481 20 145 1108 30 25 139 21 851 597 144 20 39 23 36 25 21 80 145 26 136 185 35 22 21
leaf_count=13321 38 1080 1381 23 22 481 20 145 1108 30 25 139 21 851 597 144 20 39 23 36 25 21 80 145 26 136 185 35 22 21
internal_value=7.00019e-08 0.00129962 0.00390275 0.00972453 0.0381156 -0.00210977 0.0671618 0.00784602 0.0051495 0.00052911 0.00123647 0.0202202 -0.032703 -0.000158392 -0.00560626 -0.00905668 -0.0261134 0.0246406 0.0103603 -0.000659771 -0.0204151 0.00200589 -0.0066452 0.00476373 -0.00139679 0.0111641 0.0182616 0.00162214 -0.00365968 0.0228544
internal_weight=20240 6816 3865 1418 88 2951 43 1330 1146 2447 2396 164 51 2232 1956 1324 164 184 45 13424 103 67 1160 995 507 488 330 632 158 46
internal_count=20240 6816 3865 1418 88 2951 43 1330 1146 2447 2396 164 51 2232 1956 1324 164 184 45 13424 103 67 1160 995 507 488 330 632 158 46
is_linear=0
shrinkage=0.05


Tree=160
num_leaves=26
num_cat=0
split_feature=21 26 40 43 43 4 43 23 40 41 7 24 41 22 42 43 22 41 22 7 21 22 21 20 42
split_gain=6.98037 17.0387 36.4165 23.9135 34.1714 33.9169 16.4399 15.8019 23.8275 16.2553 15.6462 14.2608 20.7919 19.7346 12.7404 12.2738 11.4032 10.2585 15.1695 26.8084 11.8585 23.5388 11.0319 7.54362 7.07998
threshold=31.145833333333339 29.174107142857149 10.500000000000002 24.500000000000004 22.214285714285719 0.93750000000000011 15.928571428571431 20.187500000000004 11.500000000000002 131.50000000000003 0.55029567382508571 30.747023809523814 204.50000000000003 37.562500000000007 175.71428571428575 19.785714285714288 35.270833333333336 210.50000000000003 26.395833333333339 0.011946244871261282 26.812500000000004 15.187500000000002 24.270833333333339 27.187500000000004 192.92857142857147
decision_type=2 2 2 2 2 2 2 2 2 2 2 2 2 2 2 2 2 2 2 2 2 2 2 2 2
left_child=1 16 -3 4 6 -6 -4 15 9 -9 11 12 -10 -13 -5 -2 17 20 23 -20 22 -22 -1 -19 -16
right_child=7 2 3 14 5 -7 -8 8 10 -11 -12 13 -14 -15 24 -17 -18 18 19 -21 21 -23 -24 -25 -26
leaf_value=-0.00014723663404868904 0.0011848348029889167 -0.069137743204832083 -0.041463957241047983 0.040554571175016464 -0.070361792739066814 -0.0036254467964736805 0.0039951495667856166 0.0090050337175207763 0.019934657218739937 0.05942698386815292 -0.039270525461151486 0.0030487489639362845 -0.033486160095781085 -0.030746306413586472 -0.015157606560857066 -0.054208829237468309 0.031332039306389878 0.007995399866841682 -0.0027760052570590266 0.066457846426758269 -0.053221669033742869 -0.0047460653011769278 0.0069824955949193933 -0.019195084237763962 0.018915323627491792
leaf_weight=17418 20 25 23 32 45 33 147 31 204 33 21 534 20 47 31 20 29 144 27 29 26 680 560 31 30
leaf_count=17418 20 25 23 32 45 33 147 31 204 33 21 534 20 47 31 20 29 144 27 29 26 680 560 31 30
internal_value=6.65374e-08 -0.00020371 -0.0108891 -0.00661872 -0.014727 -0.0421272 -0.0021552 0.00423117 0.00561289 0.0350039 0.00333562 0.00444708 0.0151649 0.000314898 0.0150034 -0.026512 2.73367e-06 -4.52996e-05 0.0104269 0.0330772 -0.000174773 -0.00653129 7.48487e-05 0.0031788 0.00159957
internal_weight=20240 19310 366 341 248 78 170 930 890 64 826 805 224 581 93 40 18944 18915 231 56 18684 706 17978 175 61
internal_count=20240 19310 366 341 248 78 170 930 890 64 826 805 224 581 93 40 18944 18915 231 56 18684 706 17978 175 61
is_linear=0
shrinkage=0.05


Tree=161
num_leaves=31
num_cat=0
split_feature=18 13 23 30 20 0 6 20 37 20 35 0 20 30 22 6 23 23 22 33 9 27 27 24 20 26 21 24 30 27
split_gain=6.53026 10.8692 32.2692 11.3991 23.0629 21.4951 20.0723 20.3768 19.6019 12.3208 10.0362 18.0699 24.1098 20.5642 17.0757 13.8886 10.6136 9.64347 13.6616 8.49531 8.4323 20.9701 17.3241 20.5849 17.2967 18.574 15.7448 30.8121 27.1287 15.4791
threshold=-0.5 142.50000000000003 33.895833333333336 0.13392857142857154 20.645833333333339 26.395833333333339 0.58316993464052291 31.062500000000004 55.88750000000001 27.854166666666668 9.7857142857142865 26.395833333333339 26.229166666666668 0.065476190476190535 28.145833333333339 0.9204783187523774 29.770833333333339 36.604166666666679 27.020833333333339 7.5000000000000009 0.99465460526315796 1.4430847795226718 6.1341084082564459 23.276785714285719 13.770833333333334 10.882440476190478 30.645833333333339 23.82440476190477 0.27083333333333348 1.3971294542269013
decision_type=2 2 2 2 2 2 2 2 2 2 2 2 2 2 2 2 2 2 2 2 2 2 2 2 2 2 2 2 2 2
left_child=1 10 3 6 8 -6 9 -8 -5 -3 11 12 16 14 -13 -15 -1 18 -4 20 21 29 26 -24 25 -23 27 -22 -28 -2
right_child=19 2 17 4 5 -7 7 -9 -10 -11 -12 13 -14 15 -16 -17 -18 -19 -20 -21 22 24 23 -25 -26 -27 28 -29 -30 -31
leaf_value=0.0015895436029372484 -0.00025396050570526902 -0.0027263359663469208 -0.024560971485207913 -0.018225978851142164 -0.029091708693300657 -0.00045264043766900762 0.0058459850317001674 -0.043819535062426612 -0.001216917510013206 -0.042185966856777668 -0.032921354584395886 0.065737503898494393 -0.043816052162056342 -0.025040623802622716 0.0092043971812183212 0.02615928165614605 0.030249833218245342 -0.01179027731716633 -0.081064531877636917 0.024933928494445153 7.7940052893154648e-05 0.0041970910981585082 -0.060945616404597586 0.0019720599055290224 0.0023754931286423774 0.018288258611154139 0.030367792116204669 -0.012115358319624963 0.0010671111901099258 -0.023824962453496919
leaf_weight=1529 3667 1816 23 185 169 107 1247 21 2007 20 20 34 29 27 22 26 33 25 20 36 5000 523 26 26 2134 423 109 578 287 71
leaf_count=1529 3667 1816 23 185 169 107 1247 21 2007 20 20 34 29 27 22 26 33 25 20 36 5000 523 26 26 2134 423 109 578 287 71
internal_value=6.31693e-08 -0.00118803 -0.00224912 -0.00183132 -0.00436754 -0.0179889 0.000185241 0.00502345 -0.00265245 -0.00315618 0.00229138 0.00270565 0.00135637 0.0224002 0.0435281 7.6311e-05 0.00219504 -0.0364846 -0.0508417 0.000678971 0.000610988 0.00181541 -0.000751732 -0.0294868 0.00487023 0.0104979 -0.000501611 -0.00118555 0.0091322 -0.000701671
internal_weight=20240 7360 5640 5572 2468 276 3104 1268 2192 1836 1720 1700 1591 109 56 53 1562 68 43 12880 12844 6818 6026 52 3080 946 5974 5578 396 3738
internal_count=20240 7360 5640 5572 2468 276 3104 1268 2192 1836 1720 1700 1591 109 56 53 1562 68 43 12880 12844 6818 6026 52 3080 946 5974 5578 396 3738
is_linear=0
shrinkage=0.05


Tree=162
num_leaves=31
num_cat=0
split_feature=34 35 26 0 38 38 24 25 39 18 20 32 29 0 1 15 0 33 13 45 38 42 42 23 37 18 42 9 20 40
split_gain=6.72045 14.962 12.6634 15.8563 17.5543 22.6921 14.5712 13.9168 22.155 16.6187 13.0817 11.9204 11.6878 13.1358 11.1108 18.7726 15.6263 11.6394 24.5066 30.7442 25.4898 17.5635 20.7891 17.5936 13.7322 12.9307 15.5609 12.7242 20.1015 11.4242
threshold=2.5000000000000004 7.5000000000000009 17.456845238095244 13.312500000000002 62.500000000000007 71.500000000000014 16.985119047619051 2.7095235469219339 26.500000000000004 1.0000000180025095e-35 10.395833333333334 3.5000000000000004 3.7006237386048659 13.770833333333334 57.770833333333336 0.87837969732492682 22.437500000000004 3.5000000000000004 45.500000000000007 18.500000000000004 144.50000000000003 130.21428571428575 153.35714285714286 22.020833333333339 57.162500000000009 1.0000000180025095e-35 147.6428571428572 0.99465460526315796 32.520833333333336 15.500000000000002
decision_type=2 2 2 2 2 2 2 2 2 2 2 2 2 2 2 2 2 2 2 2 2 2 2 2 2 2 2 2 2 2
left_child=1 2 7 6 -5 -6 -4 12 9 -9 -10 -8 13 -1 17 16 -16 24 19 -19 -21 23 -23 -20 25 26 -2 29 -29 -26
right_child=14 -3 3 4 5 -7 11 8 10 -11 -12 -13 -14 -15 15 -17 -18 18 21 20 -22 22 -24 -25 27 -27 -28 28 -30 -31
leaf_value=-0.0016128487202787139 -0.0064098055838427833 0.02997199104804742 0.0048917882442474367 0.027862798023086627 -0.049556276806009318 -0.0048024435449208827 -0.057508255695649546 0.0086187856912147264 0.063601740760107842 -0.027413666136562827 0.019107423647623162 -0.013801133027300239 -0.024230295118283143 0.0097743793896616516 -0.022782518055388019 0.043764962558037579 0.015155098770107879 0.0029022156918311823 -0.00037714738884784329 -0.10180128205567598 -0.022929769577015015 0.019496174237725358 -0.0087462532293444521 -0.017521762266864895 0.0012884115972328514 0.0012272735914473025 0.028335432821150981 0.00070892183034777388 -0.014876630678298641 0.0062710977498656485
leaf_weight=5286 1371 38 25 38 30 507 39 160 24 40 53 26 55 266 38 39 95 34 382 20 21 162 109 246 2404 1376 33 4901 216 2206
leaf_count=5286 1371 38 25 38 30 507 39 160 24 40 53 26 55 266 38 39 95 34 382 20 21 162 109 246 2404 1376 33 4901 216 2206
internal_value=6.00478e-08 -0.00131164 -0.00149316 -0.00803323 -0.00497868 -0.00730266 -0.0275484 -0.000754012 0.0101863 0.0014123 0.0329758 -0.0400254 -0.00129449 -0.00106728 0.0006329 0.0132607 0.00431578 0.000471786 -0.00479288 -0.0322517 -0.0614037 -0.0025021 0.00813667 -0.00709303 0.000881779 -0.00221728 -0.00559314 0.0017675 5.10208e-05 0.00367275
internal_weight=20240 6587 6549 665 575 537 90 5884 277 200 77 65 5607 5552 13653 172 133 13481 974 75 41 899 271 628 12507 2780 1404 9727 5117 4610
internal_count=20240 6587 6549 665 575 537 90 5884 277 200 77 65 5607 5552 13653 172 133 13481 974 75 41 899 271 628 12507 2780 1404 9727 5117 4610
is_linear=0
shrinkage=0.05


Tree=163
num_leaves=31
num_cat=0
split_feature=45 10 44 45 10 25 43 25 48 22 0 45 37 1 40 35 45 35 24 22 1 24 38 34 12 13 1 25 0 40
split_gain=6.57016 22.0829 27.2684 27.7455 25.7721 25.073 22.0179 21.3996 24.0209 20.0043 22.3913 30.8768 21.853 19.6123 23.7159 19.6381 19.1598 18.7981 19.6205 16.7982 16.2554 33.0133 23.2465 15.4793 14.7713 25.4581 19.1232 23.4991 13.462 13.4616
threshold=10.500000000000002 3.5000000000000004 2.5000000000000004 25.500000000000004 5.5000000000000009 2.7939238009117249 17.214285714285719 3.2006194571615181 0.8392857142857143 36.812500000000007 31.479166666666668 14.500000000000002 91.112500000000011 31.562500000000004 30.500000000000004 4.5000000000000009 33.500000000000007 4.7857142857142865 27.294642857142858 20.229166666666668 37.979166666666679 18.526785714285719 120.50000000000001 5.5000000000000009 5.5000000000000009 144.50000000000003 41.645833333333336 4.0954933024629447 37.270833333333336 10.500000000000002
decision_type=2 2 2 2 2 2 2 2 2 2 2 2 2 2 2 2 2 2 2 2 2 2 2 2 2 2 2 2 2 2
left_child=20 2 3 7 13 6 -5 8 -2 10 16 -12 -11 17 15 -15 -4 -3 -19 -9 28 -22 -23 -7 25 -6 27 -26 -1 -28
right_child=1 4 9 5 24 23 -8 19 -10 12 11 -13 -14 14 -16 -17 -18 18 -20 -21 21 22 -24 -25 26 -27 29 -29 -30 -31
leaf_value=-0.00052806670407509249 -0.034160940045196757 -0.0053431523524457049 -0.0016012301887084112 0.097124708573455398 0.0011866722281539635 -0.019614932872354985 0.02539263701764867 0.049848998056517713 0.0062683119903908435 -0.057815980017185215 -0.032111258342862131 0.028246126260286827 0.0086869527896245319 0.0042352692396830649 0.023982507144947623 -0.017663724837002456 0.014165955244130652 0.011625439110682721 -0.036166382402829503 0.014701324990756222 -0.058858463959768417 0.014632010241180209 -0.034458923428074315 0.039049658406039946 0.011628287427671235 -0.049609162185627685 0.071837626332417123 -0.02447873429194385 0.038616712408309634 0.018880113193299623
leaf_weight=13262 38 854 2019 23 481 22 20 45 1108 30 25 139 21 124 44 587 213 324 23 139 36 66 38 23 387 26 20 51 22 30
leaf_count=13262 38 854 2019 23 481 22 20 45 1108 30 25 139 21 124 44 587 213 324 23 139 36 66 38 23 387 26 20 51 22 30
internal_value=5.70391e-08 0.0012643 0.00375111 0.00926812 -0.00199275 0.0364583 0.063761 0.00746907 0.00492773 0.000554083 0.00121365 0.0190453 -0.0304324 -0.00532538 -0.01164 -0.0138445 -9.6566e-05 -0.00135573 0.00845768 0.0232972 -0.000641857 -0.0175902 -0.00330506 0.0103692 0.00455863 -0.00141824 0.0107682 0.00742405 -0.000463238 0.0400631
internal_weight=20240 6816 3865 1418 2951 88 43 1330 1146 2447 2396 164 51 1956 755 711 2232 1201 347 184 13424 140 104 45 995 507 488 438 13284 50
internal_count=20240 6816 3865 1418 2951 88 43 1330 1146 2447 2396 164 51 1956 755 711 2232 1201 347 184 13424 140 104 45 995 507 488 438 13284 50
is_linear=0
shrinkage=0.05


Tree=164
num_leaves=31
num_cat=1
split_feature=43 24 30 27 25 26 20 16 50 20 45 26 1 46 18 10 0 22 40 24 30 9 22 25 34 27 44 23 40 0
split_gain=6.3333 31.8081 28.5541 21.2155 11.3338 12.9424 19.6846 10.5722 8.0095 36.8736 25.1914 27.2856 23.5222 21.4384 20.5629 19.7915 18.695 16.7823 16.3946 16.1595 21.5723 14.3438 12.8702 12.3158 10.0206 11.0437 13.1931 9.93609 25.3727 10.1634
threshold=7.3571428571428585 10.080357142857144 0.017857142857142894 2.1729632105648649 2.0657191884653883 8.8824404761904781 8.6041666666666696 -0.56174490092936669 0 8.5208333333333339 19.500000000000004 20.584821428571434 41.812500000000007 0.37500000000000006 0.25000000000000017 2.5000000000000004 7.5625000000000009 10.145833333333334 12.500000000000002 27.529761904761909 0.56250000000000022 0.99081307870370383 23.354166666666668 3.4593013215092285 8.5000000000000018 2.6062921726831605 4.5000000000000009 23.354166666666668 9.5000000000000018 22.979166666666668
decision_type=2 2 2 2 2 2 2 2 1 2 2 2 2 2 2 2 2 2 2 2 2 2 2 2 2 2 2 2 2 2
left_child=1 4 3 -3 -1 6 -6 -7 9 14 13 15 -13 18 17 -12 -15 -2 -11 24 -21 -22 -23 -19 27 -26 -27 29 -29 -10
right_child=8 2 -4 -5 5 7 -8 -9 19 10 11 12 -14 16 -16 -17 -18 23 -20 20 21 22 -24 -25 25 26 -28 28 -30 -31
leaf_value=-0.0023552850741578872 0.032124082955785775 -0.01727587281105419 -0.0090189036804142302 -0.079464391188230371 0.025987505875527863 0.0026591932134968892 -0.039677363350277856 0.046662537309412777 -0.0007909697498765738 -0.065271416585892444 0.0090354525949805971 0.016409425770022697 -0.0023800308827776461 -0.028727768572779106 0.048552978512210153 0.06150464586879513 0.0002551392890432527 0.010104516542050988 -0.0060895882211625578 -0.066793503034859897 0.018883680049329998 0.0035744270166525476 -0.042591465479280388 -0.025695406870338423 -0.0030829099777878988 0.028741113074162668 0.0027911986857652666 -0.046449096736078471 -0.0044008033641511025 0.0087781756502196516
leaf_weight=415 77 24 111 32 25 21 21 39 8366 22 32 310 360 56 48 41 8636 140 25 20 30 26 36 29 135 96 100 38 642 287
leaf_count=415 77 24 111 32 25 21 21 39 8366 22 32 310 360 56 48 41 8636 140 25 20 30 26 36 29 135 96 100 38 642 287
internal_value=5.41629e-08 -0.00471494 -0.0237041 -0.0528122 0.00137179 0.0159636 -0.00398993 0.0312614 0.000165966 0.00117729 0.000637772 0.00947636 0.0063136 -0.000113695 0.0186176 0.0385045 6.84109e-05 0.0127765 -0.0337917 -0.000845692 -0.0197296 -0.00949834 -0.0232316 0.00396133 -0.000627714 0.00792167 0.0155014 -0.000930922 -0.00675056 -0.000473583
internal_weight=20240 688 167 56 521 106 46 60 19552 9776 9482 743 670 8739 294 73 8692 246 47 9776 112 92 62 169 9664 331 196 9333 680 8653
internal_count=20240 688 167 56 521 106 46 60 19552 9776 9482 743 670 8739 294 73 8692 246 47 9776 112 92 62 169 9664 331 196 9333 680 8653
cat_boundaries=0 1
cat_threshold=45
is_linear=0
shrinkage=0.05


Tree=165
num_leaves=26
num_cat=0
split_feature=36 7 6 29 6 35 45 21 22 7 6 37 29 38 23 14 35 30 23 29 35 21 20 25 23
split_gain=6.57995 23.0762 78.1281 25.812 23.3523 18.8015 41.5779 35.0417 25.2655 18.2944 16.7966 11.5196 10.0838 18.2741 21.6745 23.3801 20.4038 20.87 18.3174 14.9255 46.1127 33.2137 29.5602 21.8708 10.3268
threshold=7.6428571428571432 0.31380480735704336 0.70599456317960263 5.9402150625030243 0.65323403644378242 9.2142857142857171 14.500000000000002 28.687500000000004 29.770833333333339 0.39642591015541839 0.73283012418821925 64.112500000000011 5.0534938663273001 165.50000000000003 26.395833333333339 14.500000000000002 8.3571428571428594 0.46726190476190477 20.187500000000004 4.9001211263694486 6.9285714285714297 27.979166666666668 22.812500000000004 6.3441714857175446 26.229166666666668
decision_type=2 2 2 2 2 2 2 2 2 2 2 2 2 2 2 2 2 2 2 2 2 2 2 2 2
left_child=5 2 -2 10 9 12 7 -7 -8 -3 -4 -12 19 16 18 -16 17 -14 -15 23 21 -21 -22 24 -1
right_child=1 4 3 -5 -6 6 8 -9 -10 -11 11 -13 13 14 15 -17 -18 -19 -20 20 22 -23 -24 -25 -26
leaf_value=7.1035024722044602e-05 -0.094231987842136919 -0.015473644686345427 0.036161853220218268 -0.050772058455781505 0.060585823497085856 -0.014428867886520244 0.045338932021210594 -0.1047264276781962 -0.028842560388147833 0.034591868975375958 0.0014351389756009109 0.018344597353028472 0.0059174086602174561 0.020232210148658072 -0.033827349568971175 0.040867571653798229 -0.034914370732648033 -0.021140219233688209 0.087092674002051354 -0.015615070309626675 -0.015461016455665231 0.037177043119672591 -0.098575902021611525 -0.042943510990589857 -0.0054386828368562902
leaf_weight=16387 21 36 39 22 33 22 24 21 22 37 1194 110 957 21 22 20 35 77 20 109 20 41 23 30 897
leaf_count=16387 21 36 39 22 33 22 24 21 22 37 1194 110 957 21 22 20 35 77 20 109 20 41 23 30 897
internal_value=5.14815e-08 0.00319578 0.00147613 0.00294856 0.0256809 -0.00025427 -0.0231808 -0.0585277 0.00986083 0.00990203 0.00382857 0.00286155 -0.000144915 0.00438632 0.0269865 0.00174166 0.00263158 0.00390248 0.0528471 -0.00044308 -0.0142707 -0.00118523 -0.0599178 -0.000288943 -0.000214907
internal_weight=20240 1492 1386 1365 106 18748 89 43 46 73 1343 1304 18659 1152 83 42 1069 1034 41 17507 193 150 43 17314 17284
internal_count=20240 1492 1386 1365 106 18748 89 43 46 73 1343 1304 18659 1152 83 42 1069 1034 41 17507 193 150 43 17314 17284
is_linear=0
shrinkage=0.05


Tree=166
num_leaves=24
num_cat=0
split_feature=37 30 36 6 6 29 6 35 45 21 22 7 6 29 23 41 34 27 45 23 32 35 22
split_gain=6.23016 9.52613 6.23173 20.8596 75.0012 23.2953 20.3994 16.8432 37.524 31.6252 22.8021 16.5107 15.159 9.54425 18.4489 25.4129 20.5249 14.0012 9.48183 5.74973 4.57703 3.56401 1.34461
threshold=112.58750000000002 0.25297619047619063 7.6428571428571432 0.6876548648202192 0.70599456317960263 5.9402150625030243 0.65323403644378242 9.2142857142857171 14.500000000000002 28.687500000000004 29.770833333333339 0.39642591015541839 0.73283012418821925 5.1612233359612976 33.895833333333336 112.50000000000001 10.500000000000002 6.1341084082564459 41.500000000000007 14.85416666666667 2.5000000000000004 3.0714285714285716 12.895833333333334
decision_type=2 2 2 2 2 2 2 2 2 2 2 2 2 2 2 2 2 2 2 2 2 2 2
left_child=2 -2 7 6 -5 12 11 13 9 -9 -10 -4 -6 17 16 -16 -15 18 -1 21 -21 22 -3
right_child=1 19 3 4 5 -7 -8 8 10 -11 -12 -13 -14 14 15 -17 -18 -19 -20 20 -22 -23 -24
leaf_value=-0.00049188853371773787 0.040717202340337363 -0.0052209005987441 -0.014699962160860501 -0.094730999246239678 0.034353760610788299 -0.048233455351807855 0.056295805457322039 -0.013707423531873661 0.043071985396090896 -0.099490105538141166 -0.027400432459332727 0.032862275974774688 0.0027184727070361206 0.0048416253400691712 0.0099584383743942951 -0.039257985444877436 0.035830322310753303 -0.035204782696633505 0.023016177191464014 0.029967856006696821 0.00032123264492205957 0.010734572366851828 -0.023133812323212627
leaf_weight=17431 22 22 36 20 39 22 34 22 24 21 22 37 1304 854 51 54 57 29 43 30 23 23 20
leaf_count=17431 22 22 36 20 39 22 34 22 24 21 22 37 1304 854 51 54 57 29 43 30 23 23 20
internal_value=4.88964e-08 0.0105112 -7.31628e-05 0.00303599 0.00139273 0.00280113 0.0243062 -0.000322456 -0.0220218 -0.0556013 0.00936779 0.00940693 0.00363714 -0.000218172 0.00449314 -0.0153529 0.00678054 -0.00049165 -0.00043404 0.00487952 0.0171023 -0.00508678 -0.0137509
internal_weight=20240 140 20100 1492 1385 1365 107 18608 89 43 46 73 1343 18519 1016 105 911 17503 17474 118 53 65 42
internal_count=20240 140 20100 1492 1385 1365 107 18608 89 43 46 73 1343 18519 1016 105 911 17503 17474 118 53 65 42
is_linear=0
shrinkage=0.05


Tree=167
num_leaves=28
num_cat=0
split_feature=13 31 24 13 42 24 1 28 13 4 6 31 45 6 26 0 6 23 21 27 26 31 23 4 4 9 22
split_gain=6.09148 6.10534 10.6586 19.7173 10.4045 8.41001 7.96706 7.56784 6.43806 17.9067 23.9186 29.0523 19.7888 13.2701 13.1689 20.6559 27.0789 23.2836 17.9532 33.1625 29.362 11.1129 8.61971 6.3867 12.6253 5.14145 1.97009
threshold=365.50000000000006 1.0000000180025095e-35 9.8839285714285747 50.500000000000007 53.071428571428577 9.4791666666666696 17.895833333333339 9.5847222222222239 73.500000000000014 0.72916666666666685 0.72273067642898758 11.500000000000002 27.500000000000004 0.90235012579002283 31.238095238095244 25.354166666666668 0.94428320816187949 31.145833333333339 30.312500000000004 2.6458567644827999 29.174107142857149 2.5000000000000004 16.520833333333339 0.81250000000000011 0.22916666666666671 0.99152298850574727 15.187500000000002
decision_type=2 2 2 2 2 2 2 2 2 2 2 2 2 2 2 2 2 2 2 2 2 2 2 2 2 2 2
left_child=1 2 5 -4 -5 23 -6 -7 9 10 11 -3 -12 22 18 17 -17 -16 20 -20 -10 -15 -11 24 -1 -25 -2
right_child=26 8 3 4 6 7 -8 -9 14 13 12 -13 -14 21 15 16 -18 -19 19 -21 -22 -23 -24 25 -26 -27 -28
leaf_value=-0.0013672221572606923 -0.0083962148294085635 0.00026152767376618982 -0.049263122044503692 -0.034140323300380263 0.0022741838880973135 0.0015789143619653974 -0.014092769589638565 0.043633301407098771 -2.5950926038741979e-05 -0.00063197637015643222 0.011211495733062972 0.057118669022684511 0.041370496438953602 0.0080721349750183698 0.058205062997612092 -0.025422726383157151 0.0075821078699696192 -0.014539147642525761 0.073256088048219689 0.0071818279952028802 -0.021116677253412274 -0.0014753754763508823 -0.039316298698799483 0.024845889783586914 -0.027020570182004107 0.0018833793724565219 -0.030589082266669721
leaf_weight=805 20 970 30 32 188 23 123 20 13935 24 502 23 61 359 22 196 91 22 20 376 167 2018 36 38 51 68 20
leaf_count=805 20 970 30 32 188 23 123 20 13935 24 502 23 61 359 22 196 91 22 20 376 167 2018 36 38 51 68 20
internal_value=4.64456e-08 3.86458e-05 -0.00317396 -0.0103921 -0.00699229 -0.000494993 -0.00419892 0.0211391 0.000273848 0.0020559 0.00624626 0.00157846 0.0144792 -0.0006196 -0.000206005 -0.0100672 -0.0149578 0.021833 1.91321e-05 0.0105189 -0.000275713 -3.34082e-05 -0.0238426 -0.00146201 -0.00289563 0.0101152 -0.0194926
internal_weight=20240 20200 1378 373 343 1005 311 43 18822 3993 1556 993 563 2437 14829 331 287 44 14498 396 14102 2377 60 962 856 106 40
internal_count=20240 20200 1378 373 343 1005 311 43 18822 3993 1556 993 563 2437 14829 331 287 44 14498 396 14102 2377 60 962 856 106 40
is_linear=0
shrinkage=0.05


Tree=168
num_leaves=28
num_cat=0
split_feature=29 41 41 20 0 20 36 1 29 45 31 45 0 7 0 26 24 10 27 20 36 35 45 6 38 17 0
split_gain=5.9134 29.0971 28.5351 19.2605 18.8247 19.746 18.7649 25.7822 14.5602 37.2594 26.1256 29.3104 29.5774 21.2984 26.7525 22.7262 16.4533 14.1486 13.7221 12.7888 12.1673 25.8474 42.3431 24.0004 35.7801 32.087 9.02348
threshold=5.9402150625030243 152.50000000000003 141.50000000000003 27.020833333333339 16.395833333333339 14.937500000000002 6.0714285714285721 57.729166666666679 5.1612233359612976 11.500000000000002 7.5000000000000009 14.500000000000002 26.395833333333339 0.49521095552727717 21.729166666666668 19.028273809523814 17.747023809523814 1.0000000180025095e-35 6.1341084082564459 20.020833333333339 7.6428571428571432 9.2142857142857171 14.500000000000002 0.6844495826828193 124.50000000000001 -0.93301270189221908 36.812500000000007
decision_type=2 2 2 2 2 2 2 2 2 2 2 2 2 2 2 2 2 2 2 2 2 2 2 2 2 2 2
left_child=8 2 4 -3 5 -2 7 -6 18 16 13 -12 -13 14 -11 -15 -10 -18 20 -19 21 26 -23 24 -22 -25 -1
right_child=1 3 -4 -5 6 -7 -8 -9 9 10 11 12 -14 15 -16 -17 17 19 -20 -21 23 22 -24 25 -26 -27 -28
leaf_value=-0.00039942193439403774 -0.0058124741181797748 -0.010817123688757421 0.056572479307651524 -0.079377086283195591 -0.024913369935109383 0.049978840736479596 0.024035509795580501 0.013933445882451321 -0.042846341286936117 -0.027808241477674425 0.083518332534510159 0.050460933253634724 0.0032030668063664143 0.0651160991302243 0.0088404397650431576 0.012605766991913403 -0.032852321759694152 0.023069692517165095 -0.031891178527353882 -0.0062550117762695109 -0.0065868742425333375 -0.075349886195811761 0.0073341446593985895 -0.058418159914158642 0.06335825550983229 0.0039040674451505768 0.019187200887097144
leaf_weight=17555 35 20 20 21 180 29 34 56 31 68 23 56 81 27 186 87 36 50 34 145 33 30 32 21 41 1250 59
leaf_count=17555 35 20 20 21 180 29 34 56 31 68 23 56 81 27 186 87 36 50 34 145 33 30 32 21 41 1250 59
internal_value=4.41206e-08 -0.00605769 -0.00143934 -0.0459332 -0.0049131 0.019468 -0.0106923 -0.0156955 0.000120619 0.00677211 0.0144212 0.0312886 0.0225202 0.00708749 -0.000971018 0.0250424 -0.00864279 -0.00405271 -0.000155145 0.00126414 -9.84168e-05 -0.000447251 -0.0326743 0.00448597 0.0321665 0.00287435 -0.000333814
internal_weight=20240 395 354 41 334 64 270 236 19845 790 528 160 137 368 254 114 262 231 19055 195 19021 17676 62 1345 74 1271 17614
internal_count=20240 395 354 41 334 64 270 236 19845 790 528 160 137 368 254 114 262 231 19055 195 19021 17676 62 1345 74 1271 17614
is_linear=0
shrinkage=0.05


Tree=169
num_leaves=27
num_cat=1
split_feature=8 31 35 35 34 35 27 45 41 25 20 23 43 10 25 6 0 37 0 24 25 13 1 25 51 29
split_gain=5.77514 8.30305 8.3321 12.6211 6.33338 13.5105 12.898 20.6247 18.6081 13.2434 10.6599 32.9499 30.0205 21.875 19.9915 24.4254 19.8659 26.7117 18.865 22.3878 11.5284 11.527 8.20075 4.28056 3.06787 2.15758
threshold=0.10947712418300655 8.5000000000000018 6.6428571428571432 3.9285714285714293 2.5000000000000004 7.5000000000000009 3.9986082340844189 34.500000000000007 82.500000000000014 4.0954933024629447 15.562500000000002 25.229166666666668 11.785714285714286 1.5000000000000002 4.4663183117119916 0.9980099482784569 14.562500000000002 61.287500000000016 18.854166666666668 13.800595238095239 3.9488399104620719 142.50000000000003 41.562500000000007 2.1926385200769274 0 1.1543271743872061
decision_type=2 2 2 2 2 2 2 2 2 2 2 2 2 2 2 2 2 2 2 2 2 2 2 2 1 2
left_child=4 2 3 24 5 6 9 8 -8 22 11 18 14 -13 15 -12 17 -14 19 -6 -15 -18 -1 -5 -2 -26
right_child=1 -3 -4 23 10 -7 7 -9 -10 -11 12 13 16 20 -16 -17 21 -19 -20 -21 -22 -23 -24 -25 25 -27
leaf_value=-0.00089744050839275227 0.016387242399156093 -0.03881396888977006 0.023138112625615163 -0.016290881260786028 0.00064845293947554975 0.028523624257037517 -0.00032385495535105976 0.034955399889837611 -0.02673858321361965 0.028534667534557613 -0.018478206992045981 0.064768405828405831 -0.04663673060623786 -0.014193629435348241 0.025358817711271145 0.0027864472582078883 0.0026495265801368749 0.0029191183220399052 -0.034209632226783374 0.0088569103542861152 0.037598876619622829 -0.0014516595864171671 -0.019950957027705093 -0.048215507999772117 0.0043362187518281503 -0.0172117505222559
leaf_weight=6112 25 21 22 21 4700 38 117 22 155 38 473 34 52 22 37 189 3781 57 36 1009 21 3133 57 21 26 21
leaf_count=6112 25 21 22 21 4700 38 117 22 155 38 473 34 52 22 37 189 3781 57 36 1009 21 3133 57 21 26 21
internal_value=4.19256e-08 -0.00955231 -0.00503397 -0.0104707 7.4718e-05 -0.00120317 -0.00137693 -0.01161 -0.0153764 -0.000892225 0.000691676 0.00230715 -0.000526313 0.034798 -0.0104081 -0.0124072 0.000457225 -0.0207222 0.00187168 0.0020992 0.0111004 0.000791121 -0.00107349 -0.0322532 0.00223578 -0.0052916
internal_weight=20240 157 136 114 20083 6539 6501 294 272 6207 13544 5822 7722 77 699 662 7023 109 5745 5709 43 6914 6169 42 72 47
internal_count=20240 157 136 114 20083 6539 6501 294 272 6207 13544 5822 7722 77 699 662 7023 109 5745 5709 43 6914 6169 42 72 47
cat_boundaries=0 1
cat_threshold=4
is_linear=0
shrinkage=0.05


Tree=170
num_leaves=31
num_cat=0
split_feature=45 10 44 27 22 37 10 10 22 13 0 45 24 45 25 2 36 40 31 25 26 12 13 5 9 48 22 2 24 20
split_gain=5.72084 19.5072 24.5814 24.2469 31.8237 30.0629 25.1249 23.2142 18.1088 20.4785 19.1424 20.833 20.0028 17.6351 18.363 17.0662 18.6364 18.0009 21.2282 16.13 15.9141 13.7234 22.5731 18.6059 27.3831 13.4026 12.9728 14.0963 28.5905 18.8967
threshold=10.500000000000002 3.5000000000000004 2.5000000000000004 4.352647053893107 23.520833333333339 69.225000000000009 1.5000000000000002 5.5000000000000009 36.812500000000007 76.500000000000014 31.062500000000004 14.500000000000002 22.017857142857146 25.500000000000004 3.0377569800082296 30.000000000000004 3.6428571428571437 30.500000000000004 6.5000000000000009 2.7095235469219339 23.379464285714292 5.5000000000000009 144.50000000000003 0.10416666666666667 0.99097842261904778 0.8392857142857143 37.562500000000007 40.000000000000007 18.526785714285719 19.229166666666668
decision_type=2 2 2 2 2 2 2 2 2 2 2 2 2 2 2 2 2 2 2 2 2 2 2 2 2 2 2 2 2 2
left_child=26 2 3 13 5 -5 -6 15 10 -10 12 -12 -4 25 -15 16 20 18 -17 -18 -3 22 -9 24 -23 -2 27 -1 -29 -30
right_child=1 7 8 4 6 -7 -8 21 9 -11 11 -13 -14 14 -16 17 19 -19 -20 -21 -22 23 -24 -25 -26 -27 -28 28 29 -31
leaf_value=-0.00052475215078223454 -0.023390092379413547 -0.0035955757519361381 0.0035501025811262563 0.092946748488715716 -0.020009086168436118 0.024667810972191787 0.030067014743884408 0.0010282144235570967 0.0033106708861887456 -0.060068646818399435 -0.02256785338478429 0.024463979526095699 -0.0062383399879464415 0.055113256231157315 -0.0046410666406154636 -0.0070256194400121659 0.003745531008633621 0.019547890106459027 -0.025479446223833496 0.03297816913885375 -0.042573225318833639 0.00080823920859858912 -0.046802877351784934 -0.0037880049917855766 0.0298282921070082 0.0060500140051130882 0.035385307321324944 -0.055020726686860956 0.038213075070895934 -0.018760621011647029
leaf_weight=13298 40 870 1381 28 43 38 60 481 25 26 28 148 839 36 20 507 221 46 225 60 27 145 26 158 185 1153 25 36 22 43
leaf_count=13298 40 870 1381 28 43 38 60 481 25 26 28 148 839 36 20 507 221 46 225 60 27 145 26 158 185 1153 25 36 22 43
internal_value=3.98408e-08 0.00117974 0.00351703 0.00875517 0.0265297 0.0536346 0.00916146 -0.00188147 0.0004816 -0.0290004 0.00110914 0.0169816 -0.000149223 0.00635013 0.0337724 -0.0050444 -0.00124888 -0.0107913 -0.0126979 0.00998738 -0.00476882 0.0043363 -0.00142466 0.0103216 0.0170771 0.00506292 -0.000598949 -0.000666088 -0.0192749 0.000522784
internal_weight=20240 6816 3865 1418 169 66 103 2951 2447 51 2396 176 2220 1249 56 1956 1178 778 732 281 897 995 507 488 330 1193 13424 13399 101 65
internal_count=20240 6816 3865 1418 169 66 103 2951 2447 51 2396 176 2220 1249 56 1956 1178 778 732 281 897 995 507 488 330 1193 13424 13399 101 65
is_linear=0
shrinkage=0.05


Tree=171
num_leaves=31
num_cat=1
split_feature=50 45 1 7 25 29 46 7 31 1 40 24 24 22 7 1 31 22 21 26 39 38 34 31 23 18 1 24 32 41
split_gain=5.4902 18.8834 19.4589 21.6018 20.9746 21.7422 19.2327 17.8162 17.1147 20.8695 14.8064 14.6174 14.4485 19.9638 29.4893 14.1707 13.173 12.5701 9.66585 9.17444 16.1054 15.9681 8.72507 16.5627 17.0563 11.9678 10.479 18.8391 21.439 20.2326
threshold=0 19.500000000000004 41.812500000000007 0.386032374354987 1.9033026972398599 3.6719881489412267 0.37500000000000006 0.75018037518037528 7.5000000000000009 37.979166666666679 12.500000000000002 8.1696428571428594 27.529761904761909 20.895833333333339 1.0000000180025095e-35 57.979166666666679 8.5000000000000018 26.229166666666668 8.7291666666666696 26.757440476190482 46.500000000000007 132.50000000000003 8.5000000000000018 5.5000000000000009 19.104166666666668 -0.5 27.979166666666668 15.360119047619049 1.5000000000000002 103.50000000000001
decision_type=1 2 2 2 2 2 2 2 2 2 2 2 2 2 2 2 2 2 2 2 2 2 2 2 2 2 2 2 2 2
left_child=1 6 3 19 -4 -6 10 11 9 -5 -1 18 22 -14 -15 -13 -7 -16 -8 21 -21 -3 26 24 -24 -26 -2 29 -29 -28
right_child=12 2 4 8 5 16 7 -9 -10 -11 -12 15 13 14 17 -17 -18 -19 -20 20 -22 -23 23 -25 25 -27 27 28 -30 -31
leaf_value=-0.061605774154039949 -0.00032363574287410664 0.039374199216426528 -0.037714386152219961 0.015762365183659963 0.051556106203276178 -0.0031429326383332758 0.0059647769650773095 0.042527997285127642 0.0039395058932511703 0.078811059317418511 -0.0053636131882667543 0.00012173160103488602 0.024013702664524319 0.0067582408392003607 -0.032434224292184365 -0.03757366363331676 0.021919591713958655 -0.081226679784330458 0.033171871424002471 -0.0069338370684598541 0.023712673861369053 -0.012925646826624872 4.7875647923271909e-08 -0.0045597558764500484 0.061383794993162155 0.021437548513834677 -0.00099896789100524541 -0.023533505045748682 -0.0042557514020192784 0.044701957806117007
leaf_weight=22 8629 54 32 21 23 290 85 25 23 35 25 9139 22 35 33 25 64 22 53 116 68 20 76 155 25 75 74 178 760 36
leaf_count=22 8629 54 32 21 23 290 85 25 23 35 25 9139 22 35 33 25 64 22 53 116 68 20 76 155 25 75 74 178 760 36
internal_value=3.78367e-08 0.000823122 0.00848012 0.0173764 0.00114996 0.00444879 0.000214643 0.000375413 0.0402532 0.0551678 -0.0316897 0.000262124 -0.000823047 -0.0186828 -0.0291198 1.88961e-05 0.00138815 -0.0519512 0.0164139 0.0103714 0.00439205 0.0252391 -0.000624 0.00735847 0.0178546 0.0314241 -0.000897038 -0.00561831 -0.007914 0.0139577
internal_weight=20240 10120 746 337 409 377 9374 9327 79 56 47 9302 10120 112 90 9164 354 55 138 258 184 74 10008 331 176 100 9677 1048 938 110
internal_count=20240 10120 746 337 409 377 9374 9327 79 56 47 9302 10120 112 90 9164 354 55 138 258 184 74 10008 331 176 100 9677 1048 938 110
cat_boundaries=0 1
cat_threshold=45
is_linear=0
shrinkage=0.05


Tree=172
num_leaves=31
num_cat=1
split_feature=43 24 30 27 36 20 25 0 6 20 6 50 20 39 37 41 39 22 21 10 36 29 20 9 34 20 43 21 27 26
split_gain=5.71874 28.3429 25.672 19.1097 10.0612 10.349 10.8543 10.6756 9.18779 7.81258 7.65845 6.82014 28.4216 20.5429 19.7321 22.6034 25.1938 20.2731 13.4364 11.1758 10.8448 22.5683 16.4503 10.4911 8.73275 14.4406 26.2055 12.6887 11.2956 6.73629
threshold=7.3571428571428585 10.080357142857144 0.017857142857142894 2.1729632105648649 3.2142857142857149 8.2708333333333339 1.6295850049012157 8.5208333333333339 0.44657318762042392 12.97916666666667 0.50246915085597244 0 8.5208333333333339 26.500000000000004 64.612500000000011 56.500000000000007 10.500000000000002 15.187500000000002 34.812500000000007 5.5000000000000009 1.2142857142857146 4.5300434102063551 17.562500000000004 0.99260329131652669 13.500000000000002 28.020833333333339 21.071428571428573 30.645833333333339 3.2536110997061627 12.07291666666667
decision_type=2 2 2 2 2 2 2 2 2 2 2 1 2 2 2 2 2 2 2 2 2 2 2 2 2 2 2 2 2 2
left_child=1 4 3 -3 5 6 10 -7 -8 29 -1 12 13 19 15 16 -14 -17 24 23 21 -16 -22 -2 25 27 -27 -13 -26 -4
right_child=11 2 9 -5 -6 7 8 -9 -10 -11 -12 18 14 -15 20 17 -18 -19 -20 -21 22 -23 -24 -25 28 26 -28 -29 -30 -31
leaf_value=-0.0073609707462870023 0.042725909503982015 -0.016278762261693679 -0.012126356447962198 -0.075300259282812476 0.032884285381684704 -0.034782599124850502 0.041954856293816727 -0.003767573885852471 0.0074391747843108929 -0.033736750079939766 0.010258302569855006 -0.0006631518577628337 -0.060284674436681798 0.066219377810401589 -0.0094764261241237231 0.0072440968779567353 -0.010013835031803652 -0.0025733063186387782 0.030369237886874807 -0.017042057722806932 0.008926415182034516 0.043117080899802124 0.0015852261635693051 0.01232401482211843 0.0037051890312911986 -0.030434013205874518 0.0012786865584386857 0.019968471175991001 0.038098335976246747 0.016726155288051815
leaf_weight=156 36 24 55 32 24 36 31 121 51 24 102 11718 27 21 280 666 324 2499 35 25 1199 22 2099 134 94 114 152 75 32 32
leaf_count=156 36 24 55 32 24 36 31 121 51 24 102 11718 27 21 280 666 324 2499 35 25 1199 22 2099 134 94 114 152 75 32 32
internal_value=3.59456e-08 -0.00448036 -0.0224053 -0.0500053 0.00126527 -0.000261602 0.00464128 -0.0108793 0.0204878 -0.00848103 -0.000395212 0.000157693 0.00136218 0.019232 0.000821676 -0.00184252 -0.0138808 -0.000507464 -0.000565653 0.0141718 0.0034237 -0.00564511 0.00425414 0.0187621 -0.000654974 -0.000791798 -0.0123125 -0.000531941 0.01244 -0.00151394
internal_weight=20240 688 167 56 521 497 340 157 82 111 258 19552 7332 216 7116 3516 351 3165 12220 195 3600 302 3298 170 12185 12059 266 11793 126 87
internal_count=20240 688 167 56 521 497 340 157 82 111 258 19552 7332 216 7116 3516 351 3165 12220 195 3600 302 3298 170 12185 12059 266 11793 126 87
cat_boundaries=0 1
cat_threshold=37
is_linear=0
shrinkage=0.05


Tree=173
num_leaves=28
num_cat=0
split_feature=37 30 42 24 30 4 28 37 39 21 25 24 20 34 21 29 29 38 38 25 34 22 9 23 33 35 22
split_gain=5.46361 8.64621 5.51117 17.7611 15.0241 18.4221 20.8024 21.0203 19.585 33.1715 18.6598 14.7318 17.5424 37.5903 29.4071 14.1915 28.4125 25.5867 22.9882 19.7748 8.12823 7.4552 7.07669 5.23051 4.44 3.28281 1.23734
threshold=112.58750000000002 0.25297619047619063 102.07142857142858 30.333333333333339 0.0059523809523809286 0.10416666666666667 22.856250000000003 88.162500000000009 32.500000000000007 18.729166666666668 3.879376475052394 28.830357142857149 19.229166666666668 12.500000000000002 28.145833333333339 4.0258825868576045 4.3800444907821889 169.50000000000003 112.50000000000001 4.7519097569350643 16.500000000000004 27.895833333333339 0.99438520871143388 14.85416666666667 1.5000000000000002 3.0714285714285716 12.895833333333334
decision_type=2 2 2 2 2 2 2 2 2 2 2 2 2 2 2 2 2 2 2 2 2 2 2 2 2 2 2
left_child=2 -2 3 11 5 8 7 -7 9 -4 -10 12 14 -14 -1 19 18 -18 -17 20 -6 -21 -8 25 -25 26 -3
right_child=1 23 4 -5 15 6 22 -9 10 -11 -12 -13 13 -15 -16 16 17 -19 -20 21 -22 -23 -24 24 -26 -27 -28
leaf_value=-0.00026211502631615715 0.03862047876146707 -0.0051602292382581672 -0.0012727870105473853 -0.041263343807723785 0.00058094571204339357 -0.0046775861485646329 0.032613288098946216 0.04927147713303566 0.0015400945934713087 0.023770598422154302 -0.022535123054178492 0.036226837778532944 -0.0081682679063206139 0.057865419137206942 0.055146244610659784 -0.042614973044476 -0.0045265437045567567 0.015265039400197567 -0.010206674435175957 0.045218667513964805 0.017378544567586623 0.0088214239416023101 0.074674817211925981 0.028807395968275768 -0.00039207092486321927 0.01015676245417284 -0.022343762959353627
leaf_weight=10733 22 22 268 27 5354 65 20 25 598 261 93 27 1058 22 24 74 890 200 210 34 73 24 20 30 23 23 20
leaf_count=10733 22 22 268 27 5354 65 20 25 598 261 93 27 1058 22 24 74 890 200 210 34 73 24 20 30 23 23 20
internal_value=3.41433e-08 0.00984329 -6.85258e-05 -0.000756433 0.00092793 0.00574943 0.0236424 0.0103083 0.00384281 0.0110832 -0.00170013 -0.000664248 -0.000748396 -0.00682314 -0.000138493 -2.10468e-05 -0.00456516 -0.000895061 -0.0186511 0.00111726 0.000806895 0.0301577 0.0536441 0.00447805 0.0161359 -0.00502761 -0.0133429
internal_weight=20240 140 20100 11891 8209 1350 130 90 1220 529 691 11864 11837 1080 10757 6859 1374 1090 284 5485 5427 58 40 118 53 65 42
internal_count=20240 140 20100 11891 8209 1350 130 90 1220 529 691 11864 11837 1080 10757 6859 1374 1090 284 5485 5427 58 40 118 53 65 42
is_linear=0
shrinkage=0.05


Tree=174
num_leaves=24
num_cat=2
split_feature=13 40 22 7 6 5 40 23 50 20 15 20 45 5 41 36 8 1 8 23 31 50 5
split_gain=5.45141 5.61912 24.8937 13.1614 18.8113 13.7942 12.3036 36.9906 14.9485 30.632 11.7042 11.5047 11.0381 18.3971 38.3072 26.9216 8.99766 9.50094 9.11007 5.52002 7.33017 4.1967 1.84155
threshold=365.50000000000006 10.500000000000002 32.562500000000007 0.0020060200722730741 0.98481967968659989 0.97916666666666685 11.500000000000002 31.562500000000004 0 21.562500000000004 0.87837969732492682 31.770833333333339 30.500000000000004 0.062500000000000014 87.500000000000014 3.785714285714286 0.010168650793650796 41.687500000000007 0.035218253968253975 15.812500000000002 4.5000000000000009 1 0.68750000000000011
decision_type=2 2 2 2 2 2 2 2 1 2 2 2 2 2 2 2 2 2 2 2 2 1 2
left_child=1 2 3 19 11 -6 7 8 9 -3 -10 -5 16 15 -15 -14 17 -8 -18 21 -21 -1 -2
right_child=22 6 -4 4 5 -7 12 -9 10 -11 -12 -13 13 14 -16 -17 18 -19 -20 20 -22 -23 -24
leaf_value=-0.00028206388504752137 -0.029168454650789502 0.00022619359379124111 -0.043885591516599938 -0.0013732447177872168 -0.054207686836952755 -0.012729654531293095 0.00024226802429870125 0.063083476518039347 0.010338873972542795 -0.051881903459628426 -0.0087888541341655784 -0.036822270472412523 0.0072399742014259728 -0.07064425801592214 0.0019854086541584623 0.043925463806452431 -0.042852351032197478 -0.0071404928730586931 -0.0072201876922499868 0.020093334217866264 0.0021023640616507342 0.0064787216164738093 -0.0077118262415751815
leaf_weight=676 20 471 34 4698 23 156 11465 27 718 30 90 23 363 21 134 58 20 453 174 108 119 339 20
leaf_count=676 20 471 34 4698 23 156 11465 27 718 30 90 23 363 21 134 58 20 453 174 108 119 339 20
internal_value=3.24264e-08 3.65476e-05 -0.00122009 -0.000983911 -0.00214919 -0.0180592 0.000589957 0.00515393 0.00395905 -0.00283742 0.00810796 -0.00154595 0.000109387 0.00687205 -0.00785474 0.012294 -0.000212219 -3.83487e-05 -0.0108936 0.0036134 0.0106619 0.00203702 -0.0184401
internal_weight=20240 20200 6176 6142 4900 179 14024 1336 1309 501 808 4721 12688 576 155 421 12112 11918 194 1242 227 1015 40
internal_count=20240 20200 6176 6142 4900 179 14024 1336 1309 501 808 4721 12688 576 155 421 12112 11918 194 1242 227 1015 40
cat_boundaries=0 1 2
cat_threshold=194 197
is_linear=0
shrinkage=0.05


Tree=175
num_leaves=31
num_cat=0
split_feature=45 15 16 44 27 42 1 1 22 24 6 20 31 28 22 1 39 31 35 24 23 30 7 21 1 24 31 43 13 0
split_gain=5.53526 17.4125 20.9972 18.2675 33.5428 21.3302 19.0554 33.6731 26.7827 20.7684 32.3603 17.508 17.3904 22.8069 16.4973 16.0461 18.6981 27.0641 15.8967 16.6717 13.1165 17.4862 15.309 12.5063 12.2773 26.265 20.1825 16.7775 11.7828 11.4431
threshold=10.500000000000002 1.0000000180025095e-35 1.0000000180025095e-35 2.5000000000000004 3.6072209225176048 75.785714285714292 57.770833333333336 57.937500000000007 27.354166666666668 22.017857142857146 0.73016747080623745 32.895833333333336 13.500000000000002 33.488194444444453 24.270833333333339 31.562500000000004 53.500000000000007 6.5000000000000009 4.7857142857142865 27.294642857142858 20.187500000000004 0.70535714285714313 0.084072881489044196 17.020833333333339 37.979166666666679 18.526785714285719 5.5000000000000009 16.928571428571434 56.500000000000007 37.270833333333336
decision_type=2 2 2 2 2 2 2 2 2 2 2 2 2 2 2 2 2 2 2 2 2 2 2 2 2 2 2 2 2 2
left_child=24 2 15 4 20 -6 9 -8 -9 23 -11 -7 13 14 -4 18 17 -17 -2 -20 22 -22 -3 -5 29 -26 -27 -28 -15 -1
right_child=1 3 12 6 5 11 7 8 -10 10 -12 -13 -14 28 -16 16 -18 -19 19 -21 21 -23 -24 -25 25 26 27 -29 -30 -31
leaf_value=-0.00049354732099315675 -0.0047525394978928416 -0.00084861928086049112 0.00078307591972511827 0.00048211982512593983 -0.017386928427478542 0.039618212853468233 0.061924743359642369 -0.033604477300983052 0.037800845317542554 -0.021530868190099101 0.00091016213319321379 -0.0090301872009322763 0.041756375546434098 -0.06200799600133905 0.013199008010170186 -0.0068304177053203022 0.012001223707710484 -0.029076935226799851 0.010858645335480824 -0.033195643029783083 -0.019347457337540157 0.023533326002859303 0.014173311946819069 0.011921983534916407 -0.052127798516044599 0.024185038872417949 0.010936995089054109 -0.042085281812359356 -0.0095332388482663941 0.035596782434731723
leaf_weight=13262 854 295 1582 671 23 155 35 29 24 239 490 21 28 20 322 481 83 191 324 23 102 31 399 371 36 42 25 37 23 22
leaf_count=13262 854 295 1582 671 23 155 35 29 24 239 490 21 28 20 322 481 83 191 324 23 102 31 399 371 36 42 25 37 23 22
internal_value=1.83894e-07 0.00116059 -0.00100441 0.00411054 0.00946607 0.0278959 0.00115477 0.0238643 -0.00126999 2.63468e-05 -0.00644705 0.0338136 0.00263223 0.00206959 0.00288283 -0.00467638 -0.0103881 -0.0131535 -0.00108573 0.00793862 0.00503132 -0.00935269 0.00778791 0.00455524 -0.000589009 -0.0153183 -0.00257653 -0.0207053 -0.0339401 -0.000433777
internal_weight=20240 6816 3931 2885 1026 199 1859 88 53 1771 729 176 1975 1947 1904 1956 755 672 1201 347 827 133 694 1042 13424 140 104 62 43 13284
internal_count=20240 6816 3931 2885 1026 199 1859 88 53 1771 729 176 1975 1947 1904 1956 755 672 1201 347 827 133 694 1042 13424 140 104 62 43 13284
is_linear=0
shrinkage=0.05


Tree=176
num_leaves=30
num_cat=0
split_feature=29 41 41 20 7 21 41 26 29 45 31 45 0 37 7 42 40 27 10 21 36 35 45 6 38 7 25 10 43
split_gain=5.45139 25.6551 25.7151 17.7142 17.2639 27.5101 22.4468 17.1251 12.9994 31.673 23.8265 25.9143 25.0353 19.281 19.0915 14.062 16.4627 12.1522 10.7146 17.6302 10.1185 22.3534 38.5265 22.0333 31.965 29.5281 9.5638 8.52658 6.11801
threshold=5.9402150625030243 152.50000000000003 141.50000000000003 27.020833333333339 0.56905830213609343 22.479166666666668 71.500000000000014 15.949404761904763 5.1612233359612976 11.500000000000002 7.5000000000000009 14.500000000000002 26.395833333333339 65.437500000000014 0.49521095552727717 100.64285714285715 12.500000000000002 6.1341084082564459 1.5000000000000002 23.354166666666668 7.6428571428571432 9.2142857142857171 14.500000000000002 0.6844495826828193 124.50000000000001 0.29253692681086391 2.5700905447933455 5.5000000000000009 13.785714285714286
decision_type=2 2 2 2 2 2 2 2 2 2 2 2 2 2 2 2 2 2 2 2 2 2 2 2 2 2 2 2 2
left_child=8 2 4 -3 6 -6 -2 -8 17 15 13 -12 -13 -11 -15 16 -10 20 19 -17 21 27 -23 24 -22 -25 -20 -1 -7
right_child=1 3 -4 -5 5 28 7 -9 9 10 11 12 -14 14 -16 18 -18 -19 26 -21 23 22 -24 25 -26 -27 -28 -29 -30
leaf_value=-0.00075574540059722287 -0.047652419312443177 -0.0095818150043487562 0.053591191545128827 -0.075332206913403102 0.048729866508926661 0.0083308284170925621 0.035764031274163208 -0.0098292689926468488 -0.0066301039066807982 -0.03196604782094558 0.078672127441867537 0.047022535745054488 0.0035444719256994164 0.0019921465259679456 0.027808566247022631 0.012471276998519899 -0.063988353354348382 -0.030010135077378333 -0.014527477594939145 -0.042185252113267784 -0.0060177918184887279 -0.071085992325097325 0.0077836330412537798 0.003556700041292288 0.060093321111734689 -0.05487760088660501 0.01320263696834445 0.0023742385410078933 -0.029399301924488766
leaf_weight=15071 36 20 20 21 35 21 23 197 29 30 23 56 81 235 103 25 22 34 44 36 33 30 32 1249 41 22 106 2543 22
leaf_count=15071 36 20 20 21 35 21 23 197 29 30 23 56 81 235 103 25 22 34 44 36 33 30 32 1249 41 22 106 2543 22
internal_value=1.74688e-07 -0.0058161 -0.00147952 -0.0432588 -0.00477716 0.0158168 -0.0110519 -0.0050627 0.000115943 0.00640082 0.0134532 0.0295614 0.0213165 0.00644961 0.00985928 -0.00781158 -0.0313729 -0.000144621 -0.00211667 -0.019785 -9.12362e-05 -0.000409349 -0.0303791 0.00408941 0.0306113 0.00254525 0.00506847 -0.000303858 -0.010973
internal_weight=20240 395 354 41 334 78 256 220 19845 790 528 160 137 368 338 262 51 19055 211 61 19021 17676 62 1345 74 1271 150 17614 43
internal_count=20240 395 354 41 334 78 256 220 19845 790 528 160 137 368 338 262 51 19055 211 61 19021 17676 62 1345 74 1271 150 17614 43
is_linear=0
shrinkage=0.05


Tree=177
num_leaves=31
num_cat=1
split_feature=37 50 9 25 45 15 23 36 22 41 6 21 42 25 30 33 6 0 40 42 20 30 22 39 29 5 23 35 45 25
split_gain=5.2345 16.1489 20.6177 18.8402 17.7373 18.8093 17.0827 21.6867 14.1173 12.3224 15.9619 14.3112 13.6206 11.7749 11.1659 20.703 19.0616 10.8238 16.4037 10.336 29.76 15.4445 19.3969 15.4224 19.5943 11.6675 9.9893 9.54361 8.19438 7.68713
threshold=64.612500000000011 0 0.98672462406015049 1.8536705637242696 20.500000000000004 1.0000000180025095e-35 33.895833333333336 7.7857142857142865 27.187500000000004 210.50000000000003 0.97676988307850465 37.479166666666679 176.78571428571431 6.3441714857175446 0.10714285714285719 3.5000000000000004 0.6876548648202192 18.187500000000004 15.500000000000002 69.642857142857153 13.10416666666667 0.27678571428571441 8.3958333333333339 26.500000000000004 2.1174997591770199 0.39583333333333343 11.72916666666667 5.6428571428571432 19.500000000000004 3.879376475052394
decision_type=2 1 2 2 2 2 2 2 2 2 2 2 2 2 2 2 2 2 2 2 2 2 2 2 2 2 2 2 2 2
left_child=13 2 3 -2 6 -6 8 -8 -4 11 12 14 27 19 16 -16 -3 -5 -19 20 23 22 -22 25 -25 -1 -23 -11 -14 -21
right_child=1 9 4 17 5 -7 7 -9 -10 10 -12 -13 28 -15 15 -17 -18 18 -20 29 21 26 -24 24 -26 -27 -28 -29 -30 -31
leaf_value=-0.0037311873899136452 0.0026158237319368009 -0.00078737911111912112 0.0021976841013548755 0.065728116279532164 0.0042355638961453224 0.060350363523632822 -0.053364096401880196 0.009025648436867274 0.020856398156936375 0.025193371663156612 -0.0027912861055716179 0.029192364406658386 -0.011780744083225728 -0.028655674666362374 -0.0008526432032359278 -0.01316964748967568 0.0079799723894178245 -0.0064105744101107115 0.057627939265221362 0.00048212284536274538 0.0081606263577034977 -0.025447774200057168 -0.033918566057192429 -0.0031480217146203867 0.032913447492238547 0.021905086827261944 0.0036530126581166057 0.069938821955160657 0.029572993966386369 -0.0061595191298114008
leaf_weight=1262 52 1774 1169 29 32 28 30 26 111 26 86 41 25 38 6209 361 953 20 20 6906 33 42 161 79 72 46 99 22 23 465
leaf_count=1262 52 1774 1169 29 32 28 30 26 111 26 86 41 25 38 6209 361 953 20 20 6906 33 42 161 79 72 46 99 22 23 465
internal_value=1.65974e-07 0.000734412 0.00550735 0.0253429 0.00382754 0.0304225 0.00263316 -0.0243974 0.00381574 -3.19017e-05 0.0128532 -0.000283071 0.0268681 -0.000880403 -0.000413058 -0.00152942 0.00227653 0.0424705 0.0256087 -0.000765241 -0.00416878 -0.0176082 -0.0267608 -0.00108297 0.0140469 -0.00282961 -0.00501531 0.0457017 0.00803459 6.31344e-05
internal_weight=20240 11037 1517 121 1396 60 1336 56 1280 9520 182 9338 96 9203 9297 6570 2727 69 40 9165 1794 335 194 1459 151 1308 141 48 48 7371
internal_count=20240 11037 1517 121 1396 60 1336 56 1280 9520 182 9338 96 9203 9297 6570 2727 69 40 9165 1794 335 194 1459 151 1308 141 48 48 7371
cat_boundaries=0 1
cat_threshold=13
is_linear=0
shrinkage=0.05


Tree=178
num_leaves=31
num_cat=0
split_feature=8 31 35 35 40 1 25 25 39 35 34 1 4 33 0 22 37 30 35 37 23 25 27 37 9 0 10 29 25 1
split_gain=5.06298 7.36686 7.34791 11.3925 5.46968 12.0268 17.3817 14.4035 21.5712 17.8327 13.8239 12.2672 9.78989 7.5365 13.2374 21.6819 26.1728 17.9107 17.2973 16.0072 15.4972 11.0189 13.9027 27.3194 13.0676 21.2679 18.6297 9.80962 3.66047 2.77458
threshold=0.10947712418300655 8.5000000000000018 6.6428571428571432 3.9285714285714293 6.5000000000000009 41.937500000000007 3.4593013215092285 2.1385345385694681 7.5000000000000009 3.3571428571428572 3.5000000000000004 17.895833333333339 1.0000000180025095e-35 3.5000000000000004 31.062500000000004 18.729166666666668 64.412500000000023 0.0059523809523809408 9.5000000000000018 90.362500000000011 35.145833333333336 2.2113728671422552 2.6643736205173827 106.21250000000002 0.99465460526315796 7.9375000000000009 1.0000000180025095e-35 2.4855802205997288 2.1926385200769274 9.9791666666666696
decision_type=2 2 2 2 2 2 2 2 2 2 2 2 2 2 2 2 2 2 2 2 2 2 2 2 2 2 2 2 2 2
left_child=4 2 3 29 5 7 -7 10 -9 -10 11 -1 -12 21 15 17 -17 -15 19 -16 -20 22 27 -24 25 -23 -26 -6 -5 -2
right_child=1 -3 -4 28 13 6 -8 8 9 -11 12 -13 -14 14 18 16 -18 -19 20 -21 -22 24 23 -25 26 -27 -28 -29 -30 -31
leaf_value=-0.0027816441879961614 -0.0070055483630552008 -0.036506524114381704 0.021768116002733057 -0.015727589676334038 -0.00018006214799260104 0.054824277013540271 -0.0073408988749851358 -0.056281754486262804 0.0064431387489772771 -0.015981379209018761 0.021310581620006513 -0.032499484001568317 0.0028546677254918814 0.017314861677944122 0.044284597840160138 -0.042144794488558547 -0.0082738084259866441 -0.0037747835207282265 -0.050834055946907035 0.0067506766193831452 0.011409877736587078 0.030546914639019568 -0.0064924954683490774 0.051069142867345367 0.010045508409910857 0.0045759968961308246 -0.0016008233619559009 0.0044068107509485947 -0.045249443146444503 0.012655347640461782
leaf_weight=981 38 21 22 21 9799 22 23 25 134 262 93 36 316 141 40 64 524 352 20 98 20 82 1119 21 409 2039 2140 1323 21 34
leaf_count=981 38 21 22 21 9799 22 23 25 134 262 93 36 316 141 40 64 524 352 20 98 20 82 1119 21 409 2039 2140 1323 21 34
internal_value=1.57662e-07 -0.00894385 -0.00468785 -0.00979339 7.0078e-05 -0.00248853 0.023051 -0.00311077 -0.011237 -0.00839328 -0.000711652 -0.0038336 0.00705124 0.000336193 -0.00339603 -0.00547648 -0.0119604 0.00225694 0.00923858 0.0176301 -0.0197121 0.000613707 -0.000173452 -0.00543215 0.00268055 0.00558006 0.00026789 0.000365562 -0.0304885 0.00227876
internal_weight=20240 157 136 114 20083 1892 45 1847 421 396 1426 1017 409 18191 1259 1081 588 493 178 138 40 16932 12262 1140 4670 2121 2549 11122 42 72
internal_count=20240 157 136 114 20083 1892 45 1847 421 396 1426 1017 409 18191 1259 1081 588 493 178 138 40 16932 12262 1140 4670 2121 2549 11122 42 72
is_linear=0
shrinkage=0.05


Tree=179
num_leaves=31
num_cat=1
split_feature=43 24 30 25 15 25 20 43 37 24 50 20 38 45 17 30 1 39 7 38 1 29 7 29 29 29 11 43 32 37
split_gain=5.05495 25.7052 23.1099 14.6127 10.0271 8.79135 6.87662 6.52974 6.32227 15.889 9.93966 23.0606 21.215 18.8166 13.1192 17.9131 12.1923 8.21385 14.1363 27.0736 21.1903 21.6062 18.2505 13.0202 6.82918 25.4191 16.7076 18.6829 18.5201 12.2554
threshold=7.3571428571428585 10.080357142857144 0.017857142857142894 1.5087651751506208 0.6078576107927941 2.0839483204174098 12.97916666666667 5.7857142857142865 57.162500000000009 2.7440476190476195 0 12.145833333333334 90.500000000000014 19.500000000000004 -0.93301270189221908 0.017857142857142839 27.979166666666668 17.500000000000004 0.22425270731345495 47.500000000000007 17.937500000000004 3.5078884182618073 0.082379143194025853 2.4981804089746902 3.7299144134998716 3.1923458376614287 1.0000000180025095e-35 17.214285714285719 3.5000000000000004 55.712500000000013
decision_type=2 2 2 2 2 2 2 2 2 2 1 2 2 2 2 2 2 2 2 2 2 2 2 2 2 2 2 2 2 2
left_child=1 4 3 -3 -1 7 -4 -6 17 -10 11 12 -11 -13 15 -12 -16 18 19 23 21 -20 -21 -2 25 -19 28 -28 -26 -27
right_child=8 2 6 -5 5 -7 -8 -9 9 10 14 13 -14 -15 16 -17 -18 24 20 22 -22 -23 -24 -25 26 29 27 -29 -30 -31
leaf_value=-0.0028016014713956017 0.033857052304364484 -0.016875398531556129 -0.0015350476399749176 -0.068792218387578472 0.026412953330542555 0.043663056716322902 -0.031766127014998348 -2.0589078339980918e-05 0.045191401820629834 0.005797025179290578 0.028373063815867201 -0.00014842944004064411 0.025839951074130504 0.0083203631071474774 -0.000291591758545532 0.0026086160535472008 -0.0058819555859729823 -0.00072640421859474999 -0.0025550747303774504 -0.012153766161451737 0.048020039945840837 -0.054122030735015869 -0.051152204580915475 -0.018582913093268871 -0.042378498194739225 0.011822320131522393 -0.0062633365794117074 -0.050359830591918488 0.0036618212531148286 0.04411886983718246
leaf_weight=388 29 23 87 33 33 20 24 80 20 830 85 5896 157 738 5600 327 1181 3363 621 60 20 21 60 20 24 119 58 41 243 39
leaf_count=388 29 23 87 33 33 20 24 80 20 830 85 5896 157 738 5600 327 1181 3363 621 60 20 21 60 20 24 119 58 41 243 39
internal_value=1.49787e-07 -0.0042122 -0.0212827 -0.0474692 0.00125954 0.0131071 -0.0080715 0.00769894 0.000148375 0.000655436 0.00059531 0.00185214 0.00898521 0.000793682 -0.000737856 0.0079241 -0.00126523 -0.00144589 -0.00595791 -0.0188649 -0.00266294 -0.00424184 -0.031653 0.012453 -0.000481269 0.000194432 -0.00698166 -0.0245255 -0.000476634 0.0197943
internal_weight=20240 688 167 56 521 133 111 113 19552 14834 14814 7621 987 6634 7193 412 6781 4718 831 169 662 642 120 49 3887 3521 366 99 267 158
internal_count=20240 688 167 56 521 133 111 113 19552 14834 14814 7621 987 6634 7193 412 6781 4718 831 169 662 642 120 49 3887 3521 366 99 267 158
cat_boundaries=0 1
cat_threshold=45
is_linear=0
shrinkage=0.05


Tree=180
num_leaves=31
num_cat=1
split_feature=34 45 20 28 0 13 28 29 22 41 32 28 20 29 25 25 40 38 6 20 20 20 0 34 35 6 49 41 22 20
split_gain=4.94271 16.4952 11.2382 22.2233 21.0388 17.29 16.5091 19.9569 17.1957 16.3498 13.1819 20.8838 17.7835 10.6121 8.82741 12.5528 8.40272 13.1762 31.1411 18.7401 15.9753 25.3972 19.2625 12.9341 11.4977 38.9055 15.5389 11.0132 8.39663 8.21775
threshold=4.5000000000000009 42.500000000000007 10.645833333333334 16.654861111111114 9.3958333333333339 225.50000000000003 15.15138888888889 3.7904492844293762 11.187500000000002 204.50000000000003 4.5000000000000009 21.786805555555556 23.562500000000004 2.3207241689741012 1.6447341594389797 2.3320574740420348 22.500000000000004 212.50000000000003 0.93548680205351875 27.520833333333339 22.437500000000004 21.020833333333339 30.520833333333339 14.500000000000002 10.214285714285717 0.85874520904832297 0 129.50000000000003 30.687500000000004 34.812500000000007
decision_type=2 2 2 2 2 2 2 2 2 2 2 2 2 2 2 2 2 2 2 2 2 2 2 2 2 2 1 2 2 2
left_child=2 16 3 6 5 14 7 8 -1 10 11 -6 -12 -7 -4 -16 23 20 19 -19 21 -18 -22 24 26 -26 -2 -25 -29 -20
right_child=1 -3 4 -5 9 13 -8 -9 -10 -11 12 -13 -14 -15 15 -17 17 18 29 -21 22 -23 -24 27 25 -27 -28 28 -30 -31
leaf_value=-0.00031842703303479282 0.0065304679139521751 0.042319306110342347 -0.022053727299730846 0.04053039009017604 -0.0019234757086696232 -0.022870071503249084 -0.033184899431135916 0.04831008477644487 0.0081957660775755971 0.028957125178516605 6.3491270030516459e-06 -0.011847914023467847 0.017064484421889362 -0.072561781285774146 0.028072578978857829 -0.02067238521575928 -0.001478062112474734 0.014488994907785921 -0.011993039163943625 0.064570051419638827 -0.016403751490145006 0.033722764299350921 -0.00043196174143665938 0.050046941833127113 -0.049772059385819988 0.0020306225046059245 0.00039664940687290608 -0.0015036817927466474 0.025268061621183599 0.013676416349004617
leaf_weight=5479 1285 24 69 35 3208 22 36 22 665 43 1368 635 172 21 28 25 603 47 107 31 414 56 347 21 48 148 5119 64 54 44
leaf_count=5479 1285 24 69 35 3208 22 36 22 665 43 1368 635 172 21 28 25 603 47 107 31 414 56 347 21 48 148 5119 64 54 44
internal_value=1.4229e-07 0.000926659 -0.00065879 0.000800425 -0.00228661 -0.0198753 0.000576215 0.000773329 0.000603112 -0.00175175 -0.00199706 -0.00356335 0.00191154 -0.0471381 -0.0102663 0.00507967 0.000808225 -0.00239095 0.0087387 0.034393 -0.0041858 0.00151321 -0.00912095 0.00159105 0.00127316 -0.0106557 0.00163825 0.0166851 0.0107478 -0.0045132
internal_weight=20240 8412 11828 6237 5591 165 6202 6166 6144 5426 5383 3843 1540 43 122 53 8388 1649 229 78 1420 659 761 6739 6600 196 6404 139 118 151
internal_count=20240 8412 11828 6237 5591 165 6202 6166 6144 5426 5383 3843 1540 43 122 53 8388 1649 229 78 1420 659 761 6739 6600 196 6404 139 118 151
cat_boundaries=0 1
cat_threshold=4
is_linear=0
shrinkage=0.05


Tree=181
num_leaves=31
num_cat=0
split_feature=45 10 10 7 7 32 37 20 13 28 7 4 29 6 28 35 34 6 39 22 13 23 5 22 5 25 22 23 29 15
split_gain=5.05615 18.3974 20.4485 17.2178 20.3701 32.0443 40.8314 23.6243 19.3761 23.1273 16.0867 24.7385 27.3813 22.1426 19.5579 42.7762 13.2994 13.2267 11.4256 17.8229 29.1346 33.0601 23.2852 20.0696 11.7681 10.7275 11.9911 31.1822 20.3466 9.30428
threshold=6.5000000000000009 3.5000000000000004 5.5000000000000009 0.077032747057542886 0.27501375137513762 7.5000000000000009 69.225000000000009 21.562500000000004 51.500000000000007 31.427083333333339 0.20474315710536187 0.31250000000000006 4.7422364860616719 0.85588316722037661 32.295138888888893 8.2142857142857171 7.5000000000000009 0.93311135506856135 15.500000000000002 15.937500000000002 164.50000000000003 17.729166666666668 0.10416666666666667 17.854166666666668 0.97916666666666685 5.9444174996093997 24.479166666666668 20.687500000000004 5.3971496631864389 0.6078576107927941
decision_type=2 2 2 2 2 2 2 2 2 2 2 2 2 2 2 2 2 2 2 2 2 2 2 2 2 2 2 2 2 2
left_child=18 3 10 17 8 7 -7 -6 16 -10 11 12 -3 -13 15 -12 -5 -2 19 24 21 22 -21 -22 -1 26 28 -28 -4 -20
right_child=1 2 25 4 5 6 -8 -9 9 -11 14 13 -14 -15 -16 -17 -18 -19 29 20 23 -23 -24 -25 -26 -27 27 -29 -30 -31
leaf_value=-0.0046637076782196423 -0.024484124677097902 0.0087257520436789058 0.003335391975505528 0.020832290144234496 0.0033179338153658932 0.056591587706723005 -0.026834460566751664 -0.0097125030228198753 0.010185392729369887 -0.017424187602520718 -0.0073609554446997924 -0.026368384576000443 0.072077103817592497 -0.00044802708719384848 0.037797810738582328 -0.066763596945712642 0.063665129616856581 -0.00044450863186097379 0.00094962465436405647 0.016348127751067903 -0.018878378156334797 0.044024037274307225 -0.047976680724498108 -0.067744580541100149 0.0087894112654426631 -0.025028611651875754 0.054130591542982477 0.0048186688652249419 -0.029224484394304459 -0.0027239862730240269
leaf_weight=1201 59 66 1188 74 2123 55 20 416 1011 82 1354 88 23 1293 23 31 24 1895 6195 24 47 29 34 38 188 33 41 147 50 2388
leaf_count=1201 59 66 1188 74 2123 55 20 416 1011 82 1354 88 23 1293 23 31 24 1895 6195 24 47 29 34 38 188 33 41 147 50 2388
internal_value=3.0632e-07 0.000792452 -0.00166708 0.00264468 0.00460384 0.00213444 0.0343446 0.00118297 0.0100237 0.00811404 -0.00411157 -0.000453091 0.0250974 -0.00209972 -0.00793115 -0.00869055 0.031322 -0.00117037 -0.000788091 -0.00472289 -0.0199054 0.000435 -0.0213595 -0.0407244 -0.00284284 0.00315488 0.0038071 0.0155729 0.00202037 -7.24635e-05
internal_weight=20240 10096 4337 5759 3805 2614 75 2539 1191 1093 2878 1470 89 1381 1408 1385 98 1954 10144 1561 172 87 58 85 1389 1459 1426 188 1238 8583
internal_count=20240 10096 4337 5759 3805 2614 75 2539 1191 1093 2878 1470 89 1381 1408 1385 98 1954 10144 1561 172 87 58 85 1389 1459 1426 188 1238 8583
is_linear=0
shrinkage=0.05


Tree=182
num_leaves=19
num_cat=0
split_feature=3 29 38 40 25 21 20 23 39 35 24 9 21 41 31 20 25 40
split_gain=4.73714 7.19247 9.44312 7.71167 6.36035 6.01561 5.83914 18.0498 18.9664 6.9117 10.5063 17.4683 7.4028 5.96174 11.3387 5.62108 5.40313 3.0031
threshold=1.9166666666666667 4.7017353024896851 81.500000000000014 20.500000000000004 1.0627820196610778 37.895833333333336 37.562500000000007 25.520833333333339 45.500000000000007 12.928571428571431 34.401785714285722 0.98883572567783107 31.145833333333339 162.50000000000003 10.500000000000002 17.645833333333339 2.0657191884653883 27.500000000000004
decision_type=2 2 2 2 2 2 2 2 2 2 2 2 2 2 2 2 2 2
left_child=5 2 16 4 -4 6 9 -8 -9 10 12 -12 -1 -11 -15 -6 -2 -10
right_child=1 -3 3 -5 15 -7 7 8 17 13 11 -13 -14 14 -16 -17 -18 -19
leaf_value=-5.4376445342864693e-05 0.020109236958835805 0.019083718849079952 -0.0098788333274424083 0.00056333501887475624 -0.023264685323969886 0.020781495964952879 0.030352883413434031 -0.04892250890607594 -0.012573791142891755 -0.0029164234176278117 0.022780135162891107 -0.02291213790407387 0.0054928948683776683 0.045345506251885978 0.0042828298310632817 -0.058616435624983004 -0.013002898497506977 0.01419649861054495
leaf_weight=19074 28 21 25 29 22 35 20 37 22 39 26 107 621 29 40 23 22 20
leaf_count=19074 28 21 25 29 22 35 20 37 22 39 26 107 621 29 40 23 22 20
internal_value=2.91009e-07 -0.00831107 -0.0121721 -0.0211175 -0.0300996 7.06912e-05 3.45106e-05 -0.0120785 -0.0228206 9.46623e-05 2.5953e-05 -0.0139798 0.000120534 0.0127092 0.0215411 -0.0413334 0.0055399 0.000173966
internal_weight=20240 170 149 99 70 20070 20035 99 79 19936 19828 133 19695 108 69 45 50 42
internal_count=20240 170 149 99 70 20070 20035 99 79 19936 19828 133 19695 108 69 45 50 42
is_linear=0
shrinkage=0.05


Tree=183
num_leaves=30
num_cat=1
split_feature=13 7 5 4 20 5 7 43 35 35 32 27 29 25 31 24 50 24 0 35 25 10 41 40 0 40 21 27 22
split_gain=4.88165 4.68757 22.4279 20.3398 29.2115 30.2964 18.5337 18.7307 17.7494 25.4855 16.9768 15.4809 12.6208 11.9223 11.0893 14.5683 8.43536 6.92995 6.59394 5.29261 4.56968 7.40873 4.39119 4.26499 2.86636 2.81716 4.84941 2.67928 1.83836
threshold=365.50000000000006 1.0000000180025095e-35 0.64583333333333337 0.97916666666666685 15.270833333333334 0.77083333333333337 0.018713475891352419 27.500000000000004 12.214285714285717 11.500000000000002 3.5000000000000004 5.3672073560612255 3.2776548872797862 0.12367017493847127 4.5000000000000009 15.199404761904765 0 19.901785714285719 17.854166666666668 12.928571428571431 3.0733092629649827 2.5000000000000004 174.50000000000003 22.500000000000004 9.8541666666666696 20.500000000000004 19.770833333333339 3.1356625142054413 15.187500000000002
decision_type=2 2 2 2 2 2 2 2 2 2 2 2 2 2 2 2 1 2 2 2 2 2 2 2 2 2 2 2 2
left_child=1 12 8 4 13 -6 7 -5 9 10 -3 -8 14 -4 15 18 19 -17 -1 -16 25 22 -22 -23 -18 26 -14 -27 -2
right_child=28 2 3 6 5 -7 11 -9 -10 -11 -12 -13 20 -15 16 17 24 -19 -20 -21 21 23 -24 -25 -26 27 -28 -29 -30
leaf_value=0.0014762534987635839 -0.0067306304280646146 -0.00078112767816219389 -0.026732407619531912 -0.0056795982306485403 -0.010383864729744759 -0.043985344435938677 0.0035244609144407728 -0.045833640936762093 0.047575500197708613 -0.049016359992898433 0.0031098321234744293 -0.036279153231531379 0.0017645402382763607 -0.0014249483897333911 -0.00072804807482829939 0.0087450729374658562 -0.025816780847075973 0.027113296151540039 -0.026697923499159518 0.013823227616421019 0.017448010588996112 0.037747707226398315 -0.015685005860868843 0.015038105769035144 -0.0069317535805236341 0.0087785389022649943 0.022183804657241263 -0.0096744695301389412 -0.028168697478249672
leaf_weight=1875 20 8270 52 910 161 115 1068 30 20 26 4241 25 63 443 1618 396 21 59 21 65 20 44 20 39 465 37 54 42 20
leaf_count=1875 20 8270 52 910 161 115 1068 30 20 26 4241 25 63 443 1618 396 21 59 21 65 20 44 20 39 465 37 54 42 20
internal_value=2.76452e-07 3.48308e-05 -0.000392669 -0.00443572 -0.0113508 -0.0243845 -0.00181323 -0.00696111 0.00051015 0.000435068 0.000537836 0.00261404 0.00139189 -0.00408351 0.000713532 0.00309232 -0.00186486 0.0111269 0.0011642 -0.000165075 0.0110038 0.0185581 0.000881502 0.0270769 -0.00759157 0.00626311 0.0111888 -0.00103192 -0.0174497
internal_weight=20240 20200 15361 2804 771 276 2033 940 12557 12537 12511 1093 4839 495 4520 2351 2169 455 1896 1683 319 123 40 83 486 196 117 79 40
internal_count=20240 20200 15361 2804 771 276 2033 940 12557 12537 12511 1093 4839 495 4520 2351 2169 455 1896 1683 319 123 40 83 486 196 117 79 40
cat_boundaries=0 1
cat_threshold=141
is_linear=0
shrinkage=0.05


Tree=184
num_leaves=29
num_cat=0
split_feature=29 41 41 20 0 20 27 43 29 45 22 41 41 31 22 42 40 27 21 38 20 36 35 5 6 17 38 1
split_gain=4.74257 23.147 22.1079 16.5346 15.2545 18.1359 17.1243 18.3616 11.3116 28.3181 21.1705 18.7952 27.4515 18.4338 15.3498 12.7084 14.8797 10.7803 10.6311 9.87389 9.6525 8.23437 20.0524 35.7966 19.4627 28.7559 28.5223 7.98466
threshold=5.9402150625030243 152.50000000000003 141.50000000000003 27.020833333333339 16.395833333333339 14.937500000000002 3.4243059026757563 11.928571428571431 5.1612233359612976 11.500000000000002 17.645833333333339 157.50000000000003 167.50000000000003 3.5000000000000004 21.187500000000004 100.64285714285715 12.500000000000002 6.1341084082564459 20.187500000000004 88.500000000000014 20.020833333333339 7.6428571428571432 9.2142857142857171 0.062500000000000014 0.6844495826828193 -0.93301270189221908 124.50000000000001 27.979166666666668
decision_type=2 2 2 2 2 2 2 2 2 2 2 2 2 2 2 2 2 2 2 2 2 2 2 2 2 2 2 2
left_child=8 2 4 -3 5 -2 -6 -8 17 15 13 14 -13 -11 -12 16 -10 21 -15 -17 -21 22 27 -24 26 -26 -23 -1
right_child=1 3 -4 -5 6 -7 7 -9 9 10 11 12 -14 18 -16 19 -18 -19 -20 20 -22 24 23 -25 25 -27 -28 -29
leaf_value=0.00013993596548976005 -0.0066434001922607427 -0.0084537709318101405 0.049756767526268959 -0.071977300267843977 -0.054085054667666554 0.046824902552982856 0.035577877634204925 -0.010419794703489665 -0.0063431504728465246 -0.002342991470747317 -0.0073937684556917294 -0.063977111450263441 0.0072552524605079705 0.025184918650322491 0.017361416668547871 0.026181959347040568 -0.06087403076817282 -0.028264043288414972 0.06644846260346271 0.015190233067586656 -0.012329166570281077 -0.0059867055917328061 -0.072012939179937049 0.0046121670465384219 -0.055788251296395357 0.0032103465380147102 0.056462819295590709 -0.003025426532743767
leaf_weight=15324 35 20 20 21 20 29 24 226 29 24 79 21 38 27 302 27 22 34 37 41 143 33 27 35 21 1250 41 2290
leaf_count=15324 35 20 20 21 20 29 24 226 29 24 79 21 38 27 302 27 22 34 37 41 143 33 27 35 21 1250 41 2290
internal_value=2.62621e-07 -0.00542472 -0.00130556 -0.0409902 -0.00436318 0.0175844 -0.00956558 -0.00600402 0.000108243 0.00597093 0.0126393 0.00816186 -0.0180986 0.0350268 0.0122285 -0.0074677 -0.0298663 -0.000134818 0.0490404 -0.00205383 -0.00619713 -8.4537e-05 -0.000371508 -0.0287568 0.00368684 0.00223555 0.0286137 -0.000271594
internal_weight=20240 395 354 41 334 64 270 250 19845 790 528 440 59 88 381 262 51 19055 64 211 184 19021 17676 62 1345 1271 74 17614
internal_count=20240 395 354 41 334 64 270 250 19845 790 528 440 59 88 381 262 51 19055 64 211 184 19021 17676 62 1345 1271 74 17614
is_linear=0
shrinkage=0.05


Tree=185
num_leaves=31
num_cat=0
split_feature=45 10 10 23 7 7 32 37 20 38 38 23 7 4 31 7 37 7 7 12 13 5 9 4 34 38 41 10 37 27
split_gain=4.8494 16.8191 18.4315 15.2937 15.1949 18.6211 28.2307 36.4239 21.1869 18.5815 29.5139 21.5581 14.8894 30.5388 15.3999 13.1915 45.4564 14.3408 11.718 10.4543 26.8904 17.5003 25.1026 13.1095 10.4188 10.3295 14.4597 12.257 14.7192 28.8144
threshold=6.5000000000000009 3.5000000000000004 5.5000000000000009 32.770833333333336 0.077032747057542886 0.27501375137513762 7.5000000000000009 69.225000000000009 21.562500000000004 149.50000000000003 177.50000000000003 34.187500000000007 0.20474315710536187 0.31250000000000006 6.5000000000000009 0.079602436159813231 67.537500000000009 0.0059654009119506366 0.067451088962716968 5.5000000000000009 144.50000000000003 0.27083333333333343 0.99070083014048549 0.97916666666666685 9.5000000000000018 42.500000000000007 72.500000000000014 4.5000000000000009 57.312500000000007 3.917156132041693
decision_type=2 2 2 2 2 2 2 2 2 2 2 2 2 2 2 2 2 2 2 2 2 2 2 2 2 2 2 2 2 2
left_child=25 4 3 12 18 9 8 -8 -7 11 -11 -6 13 -3 -14 17 -17 -5 -2 20 24 22 -21 -23 -4 26 -1 -27 29 -29
right_child=1 2 19 15 5 6 7 -9 -10 10 -12 -13 14 -15 -16 16 -18 -19 -20 21 -22 23 -24 -25 -26 27 -28 28 -30 -31
leaf_value=-0.01131700780688189 -0.0003537007438437123 0.030950131128804809 -0.00021296367167068732 -0.025224640220403674 0.010922339769166112 0.0031552672194171379 0.053271279389208018 -0.025523464372381566 -0.0091846729131458034 -0.021145096832095128 0.017987423898704859 0.050334888179269101 -0.0049085571875914606 -0.0012468778696457967 -0.021815109235926926 -0.078717609966406601 -0.0072473005531993638 0.034651966216042641 -0.02298075943806414 0.0004036492772759238 -0.042644010953655519 -0.022768946941659759 0.023490811162719186 0.0036673382691209734 0.029418574976584608 -0.0015295114762667438 0.010683068946107394 -0.00015203472754787882 0.0049613321103658646 -0.032719987030518621
leaf_weight=439 1895 78 689 20 958 2123 55 20 416 113 84 36 1183 1320 152 32 73 20 59 218 37 66 256 162 31 6858 90 826 1857 74
leaf_count=439 1895 78 689 20 958 2123 55 20 416 113 84 36 1183 1320 152 32 73 20 59 218 37 66 256 162 31 6858 90 826 1857 74
internal_value=2.49489e-07 0.00077603 -0.00157564 -0.00389644 0.00254703 0.00438751 0.0020265 0.0322593 0.00113344 0.00956944 -0.00445915 0.0123498 -0.00305689 0.000549522 -0.0068335 -0.0197205 -0.0290287 0.00471366 -0.00103691 0.00300234 -0.00107343 0.00739744 0.0128727 -0.00398527 0.00106284 -0.00077186 -0.00757408 -0.000397614 0.00241797 -0.00282984
internal_weight=20240 10096 4337 2878 5759 3805 2614 75 2539 1191 197 994 2733 1398 1335 145 105 40 1954 1459 757 702 474 228 720 10144 529 9615 2757 900
internal_count=20240 10096 4337 2878 5759 3805 2614 75 2539 1191 197 994 2733 1398 1335 145 105 40 1954 1459 757 702 474 228 720 10144 529 9615 2757 900
is_linear=0
shrinkage=0.05


Tree=186
num_leaves=28
num_cat=0
split_feature=8 31 8 34 35 22 34 41 31 20 0 20 23 43 10 0 37 0 24 6 45 23 27 39 34 18 42
split_gain=4.56366 6.59208 7.0635 5.12109 11.675 12.728 19.5087 35.8384 12.9748 10.4846 13.5497 9.6318 25.9241 23.7032 19.1699 17.0139 23.4984 16.9061 19.4974 14.0885 21.6007 10.9963 9.2472 5.23556 4.88462 7.10673 3.23698
threshold=0.10947712418300655 8.5000000000000018 0.18217893217893222 2.5000000000000004 7.5000000000000009 18.729166666666668 1.5000000000000002 130.50000000000003 6.5000000000000009 25.354166666666668 13.60416666666667 15.562500000000002 25.229166666666668 11.785714285714286 1.5000000000000002 14.562500000000002 57.312500000000007 18.854166666666668 14.830357142857144 0.9980099482784569 18.500000000000004 15.85416666666667 4.352647053893107 27.500000000000004 1.5000000000000002 -0.5 97.071428571428584
decision_type=2 2 2 2 2 2 2 2 2 2 2 2 2 2 2 2 2 2 2 2 2 2 2 2 2 2 2
left_child=3 2 24 4 5 9 7 -7 -8 10 -1 12 17 19 -14 16 -15 18 -5 20 -13 -17 -16 -21 -2 -26 -27
right_child=1 -3 -4 11 -6 6 8 -9 -10 -11 -12 13 14 15 22 21 -18 -19 -20 23 -22 -23 -24 -25 25 26 -28
leaf_value=-0.0011893825512332254 0.0098141767971572438 -0.03456430264881679 0.01383387973244106 0.00091165647142009301 0.026551337873465138 -0.0051824184366740245 -0.0099253335551015634 0.056879464481715804 -0.032292162391674172 -0.035060576959089804 0.0075043748783068841 -0.019065790320279774 0.059032688158399918 -0.055274655716493731 -0.016072658924385905 -0.0042082787965473959 -0.0042967044663700191 -0.032385889099289973 0.0099324248042156633 0.0082278472582055697 0.0058710560974505575 0.0014655695091470653 0.030414217483738196 -0.0094254941949325193 -0.034473097866729779 -0.016675831774330657 0.010828114664182069
leaf_weight=5493 21 21 38 5029 38 168 209 27 94 22 488 399 34 32 20 998 77 36 680 126 111 5916 23 63 34 23 20
leaf_count=5493 21 21 38 5029 38 168 209 27 94 22 488 399 34 32 20 998 77 36 680 126 111 5916 23 63 34 23 20
internal_value=2.37023e-07 -0.00849129 -0.00446531 6.662e-05 -0.00108247 -0.001244 -0.00892522 0.00341077 -0.0168642 -0.000606776 -0.000480044 0.000621398 0.002157 -0.00053637 0.0309764 0.000337578 -0.0192627 0.00177074 0.00198612 -0.00931711 -0.0136384 0.000646579 0.00879241 0.0023434 -0.0115609 -0.0173905 -0.0038833
internal_weight=20240 157 136 20083 6539 6501 498 195 303 6003 5981 13544 5822 7722 77 7023 109 5745 5709 699 510 6914 43 189 98 77 43
internal_count=20240 157 136 20083 6539 6501 498 195 303 6003 5981 13544 5822 7722 77 7023 109 5745 5709 699 510 6914 43 189 98 77 43
is_linear=0
shrinkage=0.05


Tree=187
num_leaves=30
num_cat=1
split_feature=32 6 37 50 9 13 25 25 20 27 1 22 41 6 48 23 34 41 23 38 29 24 1 1 28 28 22 32 45
split_gain=4.46146 6.76445 4.7556 14.5342 18.1893 16.4097 20.8925 15.5086 13.4106 11.9293 29.2178 27.6303 24.5302 53.1823 28.6818 21.2821 10.9472 12.0432 14.4096 10.7722 9.18771 14.0686 8.4293 8.74543 7.80647 21.0864 10.196 7.76745 7.43097
threshold=17.500000000000004 0.99401197604790437 64.612500000000011 0 0.98672462406015049 176.50000000000003 4.4663183117119916 1.8536705637242696 8.0208333333333339 3.6072209225176048 41.604166666666679 20.062500000000004 177.50000000000003 0.89716583917445492 0.94642857142857151 23.187500000000004 8.5000000000000018 204.50000000000003 19.854166666666668 94.500000000000014 5.0534938663273001 21.169642857142858 41.854166666666679 37.937500000000007 26.006944444444446 27.868750000000006 29.062500000000004 5.5000000000000009 6.5000000000000009
decision_type=2 2 2 1 2 2 2 2 2 2 2 2 2 2 2 2 2 2 2 2 2 2 2 2 2 2 2 2 2
left_child=2 -2 9 4 7 6 -6 28 -7 20 12 -12 14 -14 -11 -13 17 18 -5 -9 22 -22 23 -1 26 -26 -18 -19 -4
right_child=1 -3 3 16 5 8 -8 19 -10 10 11 15 13 -15 -16 -17 24 27 -20 -21 21 -23 -24 -25 25 -27 -28 -29 -30
leaf_value=-0.00032969564870030904 0.036520702108031232 -0.0010194067618743117 0.018528472318284913 0.00034135641343717313 0.0060800910051348077 0.034009688332676889 0.034659009565874727 0.056686725713408152 -0.0033030583091866214 0.014627480556009688 -0.0014863115631871754 -0.094066088679044146 -0.067106289942231445 0.0064920260105282073 -0.0063927078713680325 -0.026759719980085112 0.005213963021992514 0.00658791353236194 -0.0045784872187827168 0.016834462736733259 0.04512828240570213 -0.0034024912398308519 0.023100856564154754 -0.016090396720931731 0.03632603473535044 -0.0014509317622362794 -0.029129411033152239 0.032150136507911292 -0.020817680759355427
leaf_weight=7975 21 28 30 6948 644 25 71 39 655 224 36 23 45 54 589 24 358 108 1894 30 28 32 38 89 71 77 23 41 20
leaf_count=7975 21 28 30 6948 644 25 71 39 655 224 36 23 45 54 589 24 358 108 1894 30 28 32 38 89 71 77 23 41 20
internal_value=2.25169e-07 0.0150692 -3.63446e-05 0.000662698 0.00519582 0.00362947 0.008918 0.0239943 -0.00193127 -0.000878677 -0.00604746 -0.0344489 -0.00346268 -0.0269618 -0.000601168 -0.0596969 -6.36108e-05 -0.000474948 -0.000712498 0.0393597 -0.000248569 0.0192452 -0.000392932 -0.000503642 0.00692637 0.0166718 0.00314074 0.0136218 0.00279001
internal_weight=20240 49 20191 11034 1514 1395 715 119 680 9157 995 83 912 99 813 47 9520 8991 8842 69 8162 60 8102 8064 529 148 381 149 50
internal_count=20240 49 20191 11034 1514 1395 715 119 680 9157 995 83 912 99 813 47 9520 8991 8842 69 8162 60 8102 8064 529 148 381 149 50
cat_boundaries=0 1
cat_threshold=13
is_linear=0
shrinkage=0.05


Tree=188
num_leaves=31
num_cat=1
split_feature=37 25 33 23 20 50 42 7 41 13 39 37 27 20 36 13 6 7 0 23 22 14 22 20 45 23 0 20 6 6
split_gain=4.44665 7.82483 11.8398 10.7303 4.75063 22.4012 17.7007 18.867 16.2282 27.8782 19.7752 19.7149 15.1783 15.9486 14.9659 14.2612 11.2368 14.2109 10.9016 10.6852 10.311 10.2622 10.2539 9.49021 7.38233 7.45208 7.73894 7.19297 2.51701 1.65407
threshold=112.58750000000002 0.85032277754113017 1.5000000000000002 13.10416666666667 9.3958333333333339 0 63.642857142857146 0.28992112815642229 66.500000000000014 197.50000000000003 26.500000000000004 61.01250000000001 2.0665313751230481 9.7291666666666696 2.5000000000000004 173.50000000000003 0.26436228697086317 0.71286446020488581 6.8125000000000009 11.187500000000002 12.020833333333334 14.500000000000002 5.6458333333333348 13.47916666666667 13.500000000000002 15.312500000000002 10.395833333333334 8.5208333333333339 0.99945175438596501 0.61668714168714178
decision_type=2 2 2 2 2 1 2 2 2 2 2 2 2 2 2 2 2 2 2 2 2 2 2 2 2 2 2 2 2 2
left_child=4 28 3 -3 5 8 7 19 10 18 20 -11 15 -14 -12 -9 -8 22 -10 21 -1 -6 -18 -21 25 26 -7 29 -2 -26
right_child=1 2 -4 -5 6 24 16 12 9 11 14 -13 13 -15 -16 -17 17 -19 -20 23 -22 -23 -24 -25 27 -27 -28 -29 -30 -31
leaf_value=-0.0035783706512677693 -0.020874418616294861 0.0061196093817918818 -0.0037450838112195735 0.051778138843515231 -0.03511125104630302 -0.00092290370012997752 0.034945897207311963 0.015011520881835425 -0.024539052336304278 0.066781194683992198 0.0099938908914247379 0.023393421314904118 -0.061525878242471001 -0.017358215892777983 0.067524554575793455 -0.017669876759487484 -0.01851742364681716 -0.035615758245278684 0.010101936237684654 0.011146545291153921 0.012299738252033475 -0.004581019402016385 0.00014716284915422388 -0.0057008304862529603 0.0034640643339513564 -0.026567473275853057 0.019066880340272162 0.031380326916965157 0.002182235414611882 0.015829529069717335
leaf_weight=372 20 22 38 31 29 4075 23 71 27 36 26 96 22 288 20 63 74 28 143 225 141 541 13134 133 401 28 49 26 29 29
leaf_count=372 20 22 38 31 29 4075 23 71 27 36 26 96 22 288 20 63 74 28 143 225 141 541 13134 133 401 28 49 26 29 29
internal_value=2.1388e-07 0.00888026 0.0175543 0.0328255 -6.16372e-05 0.00119564 -0.000531601 -0.00593798 0.00854805 0.0179865 0.00360186 0.0352265 -0.0144147 -0.0204927 0.0350072 -0.000353614 2.78348e-05 -3.28418e-05 0.00460013 -0.00188232 0.000785788 -0.00613431 4.25914e-05 0.0048876 -0.000196278 -0.000859934 -0.000685392 0.00584218 -0.00722864 0.00429801
internal_weight=20240 140 91 53 20100 5469 14631 1372 861 302 559 132 444 310 46 134 13259 13236 170 928 513 570 13208 358 4608 4152 4124 456 49 430
internal_count=20240 140 91 53 20100 5469 14631 1372 861 302 559 132 444 310 46 134 13259 13236 170 928 513 570 13208 358 4608 4152 4124 456 49 430
cat_boundaries=0 1
cat_threshold=77
is_linear=0
shrinkage=0.05


Tree=189
num_leaves=31
num_cat=1
split_feature=43 24 25 32 15 24 29 43 41 37 0 41 41 9 20 27 21 50 20 4 6 45 38 1 46 0 22 42 1 9
split_gain=4.38564 22.8119 13.7777 11.1049 8.70652 8.32112 7.91617 8.61744 6.84575 11.7369 6.12259 5.82967 7.19425 10.7678 6.15924 5.93788 5.79582 5.56135 23.3852 19.3518 21.4467 18.1846 21.8871 19.6239 15.3703 15.1025 14.3481 17.1184 13.9768 12.6656
threshold=7.3571428571428585 10.080357142857144 1.5087651751506208 3.5000000000000004 0.6078576107927941 12.747023809523812 2.1790524324785463 6.3571428571428585 40.500000000000007 70.737500000000011 10.270833333333334 49.500000000000007 63.500000000000007 0.99356211317418219 8.3958333333333339 2.7467521929529086 7.104166666666667 0 9.8541666666666696 1.0000000180025095e-35 0.7969636735516954 19.500000000000004 54.500000000000007 41.812500000000007 0.37500000000000006 10.645833333333334 10.145833333333334 58.642857142857146 41.895833333333336 0.98835358796296313
decision_type=2 2 2 2 2 2 2 2 2 2 2 2 2 2 2 2 2 1 2 2 2 2 2 2 2 2 2 2 2 2
left_child=1 4 8 5 11 -4 16 -8 -3 -10 -5 15 14 -14 -13 -1 -6 18 19 26 -21 24 -23 -24 28 -26 27 -2 -20 -28
right_child=17 2 3 10 6 -7 7 -9 9 -11 -12 12 13 -15 -16 -17 -18 -19 21 20 -22 22 23 -25 25 -27 29 -29 -30 -31
leaf_value=-8.4163739622847452e-05 0.0094784731384028095 -0.026409603832733067 -0.031565385674818973 -0.032683116197586064 -0.0088782916513740397 0.0081025451608002196 0.051264349879188979 0.010065138265490534 0.036959646381437776 -0.013576058069399247 -0.071806612368673084 -0.0080691933261722425 -0.013604631454304414 0.03413321705135916 -0.031690479413373399 0.025434292340651157 0.018222478826475496 -0.00051491797818530363 -0.053359007276594643 0.065076927577748023 0.0089171602171571815 0.049746431956688569 0.015086137265157463 -0.0015499480510028397 -0.011990524477134966 0.00037043890369871792 0.035012951464607166 0.053583769906650897 0.0014845712088225854 -0.0017339629412163049
leaf_weight=185 66 21 39 20 47 20 22 30 20 27 20 89 27 21 40 26 34 12220 26 34 34 30 330 383 258 5852 26 33 21 239
leaf_count=185 66 21 39 20 47 20 22 30 20 27 20 89 27 21 40 26 34 12220 26 34 34 30 330 383 258 5852 26 33 21 239
internal_value=2.03225e-07 -0.00392338 -0.0200045 -0.031907 0.00123123 -0.0181186 0.0122711 0.0274956 -0.00267592 0.0079285 -0.0522449 -0.00255305 -0.00924466 0.00728068 -0.0153936 0.00306029 0.00249734 0.000138267 0.00122594 0.0125129 0.036997 0.000521056 0.00791008 0.00614978 -0.00037062 -0.000151513 0.00793891 0.0241802 -0.0288544 0.00187139
internal_weight=20240 688 167 99 521 59 133 52 68 47 40 388 177 48 129 211 81 19552 7332 432 68 6900 743 713 6157 6110 364 99 47 265
internal_count=20240 688 167 99 521 59 133 52 68 47 40 388 177 48 129 211 81 19552 7332 432 68 6900 743 713 6157 6110 364 99 47 265
cat_boundaries=0 1
cat_threshold=37
is_linear=0
shrinkage=0.05


Tree=190
num_leaves=28
num_cat=0
split_feature=33 12 34 45 27 26 22 27 43 25 23 27 0 15 23 24 1 27 29 22 29 0 20 23 29 44 6
split_gain=4.33139 11.2317 18.5235 9.70602 9.69609 21.8399 25.4029 21.9111 19.3272 15.3439 16.8999 9.56166 25.9045 18.1936 24.868 19.1177 16.2843 19.5703 11.8056 23.6094 10.728 9.13025 16.0539 15.3729 11.0101 9.46663 8.16759
threshold=3.5000000000000004 1.5000000000000002 5.5000000000000009 43.500000000000007 4.8878627288419434 31.238095238095244 27.187500000000004 5.2495316171844673 13.071428571428573 3.2351295181775015 30.687500000000004 4.5889887682900694 16.937500000000004 0.6078576107927941 25.770833333333339 23.104166666666671 57.770833333333336 3.9572855031626424 5.2341159736979153 23.937500000000004 4.5772375432928021 36.104166666666679 36.062500000000007 34.437500000000007 5.3454465379263052 1.5000000000000002 0.9980099482784569
decision_type=2 2 2 2 2 2 2 2 2 2 2 2 2 2 2 2 2 2 2 2 2 2 2 2 2 2 2
left_child=3 2 -2 4 21 6 8 -8 -6 -7 -11 16 -13 14 -14 -15 18 -18 20 -20 -3 22 24 25 -1 -23 -25
right_child=1 11 -4 -5 5 9 7 -9 -10 10 -12 12 13 15 -16 -17 17 -19 19 -21 -22 23 -24 26 -26 -27 -28
leaf_value=6.940968672589128e-05 0.0015049589970321567 -0.00057428011172016549 -0.060301786800846462 0.030723255414229173 0.024130893551195281 0.012620325922034681 0.045227938372322099 0.011903622007759457 -0.0029658119595718005 -0.0079047712683677687 -0.072126191357771555 -0.059578597669800129 -0.039241433746236211 -0.015666610860954163 0.0015421607021062849 0.025711720365978463 -0.0042740973954399431 0.058338529201081173 0.042821052958606748 -0.022648306326231077 -0.0185244565799592 0.05075667781493394 -0.0322228324575684 -0.023090297728776934 -0.0087519273835226612 0.0081499351527203213 0.013376214604496079
leaf_weight=17546 27 793 22 26 78 20 67 187 421 20 21 24 68 46 83 71 24 26 40 21 93 32 39 28 361 22 34
leaf_count=17546 27 793 22 26 78 20 67 187 421 20 21 24 68 46 83 71 24 26 40 21 93 32 39 28 361 22 34
internal_value=1.80323e-07 -0.00274901 -0.026245 0.000194785 0.000152734 0.0054908 0.00782185 0.0206939 0.00126975 -0.0232842 -0.0407987 -0.00185583 -0.00981314 -0.00535653 -0.016824 0.00944332 0.000474697 0.0282845 -0.000993612 0.0202824 -0.00245844 -8.78363e-05 -0.000178217 0.0138946 -0.000108426 0.0333984 -0.00309253
internal_weight=20240 1338 49 18902 18876 814 753 254 499 61 41 1289 292 268 151 117 997 50 947 61 886 18062 17946 116 17907 54 62
internal_count=20240 1338 49 18902 18876 814 753 254 499 61 41 1289 292 268 151 117 997 50 947 61 886 18062 17946 116 17907 54 62
is_linear=0
shrinkage=0.05


Tree=191
num_leaves=31
num_cat=1
split_feature=45 15 16 44 29 21 22 25 36 29 36 35 23 49 22 37 0 22 6 22 24 29 25 25 37 13 9 22 18 36
split_gain=4.34201 14.9668 16.4655 14.7672 24.7719 33.1984 22.9191 17.6247 15.1977 14.4624 33.4335 17.6748 13.6612 13.7397 19.4866 18.0465 13.1007 36.8127 25.7881 12.6119 12.8969 11.3248 14.2022 9.86877 27.2656 18.9791 13.8851 16.9756 12.7301 10.5526
threshold=6.5000000000000009 -1.0000000180025095e-35 1.0000000180025095e-35 1.5000000000000002 4.1182058528664554 20.937500000000004 23.520833333333339 2.6147601944498331 5.0714285714285721 6.3664801222070793 2.3571428571428572 7.5000000000000009 32.770833333333336 0 23.937500000000004 89.46250000000002 33.270833333333336 35.270833333333336 0.92312309539200299 30.104166666666668 28.413690476190478 3.8295094785806407 1.2266671403436062 3.8164147117211882 86.312500000000014 74.500000000000014 0.99661915204678375 24.937500000000004 -0.9330127018922193 4.0714285714285721
decision_type=2 2 2 2 2 2 2 2 2 2 2 2 2 1 2 2 2 2 2 2 2 2 2 2 2 2 2 2 2 2
left_child=-1 2 12 4 21 6 -6 -7 9 11 -11 -5 13 15 -15 -2 17 -10 -18 20 -14 22 -3 26 29 -26 28 -28 -4 -25
right_child=1 3 23 8 5 7 -8 -9 16 10 -12 -13 19 14 -16 -17 18 -19 -20 -21 -22 -23 -24 24 25 -27 27 -29 -30 -31
leaf_value=-0.00073042927484160715 -0.0018859148722379542 0.0015324673194420447 0.01516688029384472 0.0019906189934812933 0.017703528724172534 0.084020173922181141 -0.040737862415611746 0.031966846433050672 -0.0069212270515440896 0.016199097809968172 -0.061780561915033366 0.038214839704553874 -0.01644307669484988 -0.0030931742725783633 -0.018608021133979042 0.017371576339196924 0.056834221912801942 -0.063586492007297865 -0.0047293131053447726 -0.006936308062959755 -0.064930121103922531 -0.026166822668164971 0.01227998923097582 -0.060086029508839484 0.051563992202281951 -0.002283792739941014 0.0097681390414827898 0.048253774579082219 -6.8460864563506377e-05 -0.0188958120221893
leaf_weight=10144 394 989 161 3514 51 20 25 87 380 27 28 34 32 1937 226 176 22 31 75 89 24 30 446 23 20 90 158 35 924 48
leaf_count=10144 394 989 161 3514 51 20 25 87 380 27 28 34 32 1937 226 176 22 31 75 89 24 30 446 23 20 90 158 35 924 48
internal_value=1.71284e-07 0.000734245 -0.00148415 0.00240488 0.00640378 0.0237484 -0.00152061 0.0416964 0.000801816 0.00194334 -0.0234996 0.00233775 -0.00367768 -0.00288421 -0.00469254 0.00399025 -0.00729447 -0.0111952 0.00923355 -0.0186333 -0.0372232 0.00423719 0.00487281 0.00284278 -0.00808419 0.00750671 0.00439034 0.0167474 0.00219227 -0.0322391
internal_weight=20240 10096 4337 5759 1648 183 76 107 4111 3603 55 3548 2878 2733 2163 570 508 411 97 145 56 1465 1435 1459 181 110 1278 193 1085 71
internal_count=20240 10096 4337 5759 1648 183 76 107 4111 3603 55 3548 2878 2733 2163 570 508 411 97 145 56 1465 1435 1459 181 110 1278 193 1085 71
cat_boundaries=0 1
cat_threshold=4
is_linear=0
shrinkage=0.05


Tree=192
num_leaves=24
num_cat=0
split_feature=13 34 45 20 24 0 27 32 45 23 22 41 22 26 42 20 24 35 22 1 22 22 22
split_gain=4.25039 4.20326 14.3791 9.8902 20.0668 18.0075 15.2501 14.4507 16.0066 14.0538 16.5765 13.1883 14.6967 8.75109 7.66502 7.42445 32.0265 39.2934 18.1318 30.6776 14.2385 13.1243 1.54258
threshold=365.50000000000006 4.5000000000000009 42.500000000000007 10.645833333333334 14.485119047619049 10.72916666666667 3.103215430587932 4.5000000000000009 6.5000000000000009 17.937500000000004 11.187500000000002 204.50000000000003 17.645833333333339 12.21279761904762 176.78571428571431 22.437500000000004 23.55654761904762 7.5000000000000009 15.520833333333334 34.687500000000007 20.812500000000004 32.145833333333336 15.187500000000002
decision_type=2 2 2 2 2 2 2 2 2 2 2 2 2 2 2 2 2 2 2 2 2 2 2
left_child=1 3 15 4 9 7 -6 8 -5 10 -1 12 -7 -9 -13 16 21 -18 19 -17 -20 -3 -2
right_child=22 2 -4 5 6 11 -8 13 -10 -11 -12 14 -14 -15 -16 18 17 -19 20 -21 -22 -23 -24
leaf_value=-0.00022290941518392137 -0.0064635558942973161 0.00092789971693547815 0.039534511044621468 -0.022293004676626593 0.005741486672989347 0.00068214995951327044 0.06531039609440735 -0.010032663790954521 -0.0032905267037687267 -0.040275675280108336 0.0080062457242053332 0.047971939366488234 -0.0048757884351597136 0.030672842948584852 0.0057401059110733597 0.00091538282708739343 0.0073134012131380252 0.056105075506814595 0.0082735373379003857 -0.058413085804597753 -0.002208706286450497 0.041504887018818409 -0.026101383080240338
leaf_weight=5473 20 5510 24 255 22 3110 21 23 196 21 689 21 1926 31 22 53 143 58 381 37 2164 20 20
leaf_count=5473 20 5510 24 255 22 3110 21 23 196 21 689 21 1926 31 22 53 143 58 381 37 2164 20 20
internal_value=1.62753e-07 3.24056e-05 0.000888125 -0.000575511 0.00079479 -0.00210336 0.0348333 -0.011108 -0.0140347 0.000558067 0.000697228 -0.00120803 -0.00144346 0.0133353 0.026365 0.000777258 0.00178725 0.0213926 -0.00141943 -0.0234752 -0.000639459 0.00107465 -0.0162825
internal_weight=20240 20200 8390 11810 6226 5584 43 505 451 6183 6162 5079 5036 54 43 8366 5731 201 2635 90 2545 5530 40
internal_count=20240 20200 8390 11810 6226 5584 43 505 451 6183 6162 5079 5036 54 43 8366 5731 201 2635 90 2545 5530 40
is_linear=0
shrinkage=0.05


Tree=193
num_leaves=21
num_cat=0
split_feature=43 34 24 13 20 6 37 35 24 39 24 41 41 23 8 35 13 23 42 37
split_gain=4.11055 7.25229 12.6751 9.73245 4.51898 21.8887 12.294 5.24469 6.0876 8.51807 6.07669 21.339 12.8202 11.3598 5.5377 7.16973 5.31547 2.59526 1.22997 1.20478
threshold=30.285714285714288 6.5000000000000009 17.264880952380956 71.500000000000014 37.562500000000007 0.99945175438596501 94.137500000000017 12.928571428571431 34.401785714285722 51.500000000000007 34.401785714285722 177.50000000000003 137.50000000000003 33.187500000000007 0.10947712418300655 3.9285714285714293 365.50000000000006 33.187500000000007 214.35714285714289 63.587500000000013
decision_type=2 2 2 2 2 2 2 2 2 2 2 2 2 2 2 2 2 2 2 2
left_child=4 2 -2 17 7 6 -6 10 -9 -10 14 12 -12 -13 16 -16 -1 18 -3 -7
right_child=1 3 -4 -5 5 19 -8 8 9 -11 11 13 -14 -15 15 -17 -18 -19 -20 -21
leaf_value=0.00012200054037299259 0.00086139604294051741 0.011874539569197666 0.054756692219525574 -0.026695259809882074 -0.052414425113989464 0.0081898762844502936 -0.0035421902821822604 -0.0027879213966015316 0.045263828096600872 0.0021910836920142176 -0.015770589877766642 -0.067220793660380876 0.022398012299196458 -0.015696749440900496 0.0020806105658670681 -0.019542030129005294 -0.018596432734844522 0.023565915285144002 -0.0048621612277043903 0.02554482201114297
leaf_weight=19606 24 21 20 24 31 20 22 36 24 22 44 20 44 23 72 82 38 24 23 20
leaf_count=19606 24 21 20 24 31 20 22 36 24 22 44 20 44 23 72 82 38 24 23 20
internal_value=1.54593e-07 0.00866352 0.0253593 0.000678602 -5.84515e-05 -0.0110546 -0.0321278 -7.34738e-06 0.0126118 0.0246638 -5.92704e-05 -0.0107926 0.00331371 -0.0396614 1.17505e-05 -0.00943274 8.5791e-05 0.01034 0.00312581 0.0168673
internal_weight=20240 136 44 92 20104 93 53 20011 82 46 19929 131 88 43 19798 154 19644 68 44 40
internal_count=20240 136 44 92 20104 93 53 20011 82 46 19929 131 88 43 19798 154 19644 68 44 40
is_linear=0
shrinkage=0.05


Tree=194
num_leaves=27
num_cat=0
split_feature=33 18 33 38 42 22 41 42 40 25 30 38 45 29 6 17 29 20 40 15 44 28 43 25 1 42
split_gain=4.10386 9.52401 6.16739 11.4332 13.739 17.6732 20.9612 16.0475 24.5223 16.6485 13.7311 9.35926 8.2072 16.697 21.6836 18.8889 18.0402 30.4138 16.0367 18.1867 24.8497 16.1569 9.78427 7.35837 7.25141 4.68671
threshold=7.5000000000000009 -0.24999999999999994 3.5000000000000004 57.500000000000007 130.21428571428575 18.562500000000004 112.50000000000001 137.50000000000003 14.500000000000002 1.9727391452015881 0.0059523809523809538 51.500000000000007 26.500000000000004 6.2148863899079885 0.45753087551968702 -0.6830127018922193 5.9402150625030243 18.020833333333339 8.5000000000000018 1.0000000180025095e-35 2.5000000000000004 25.469444444444449 14.642857142857144 1.952731772125625 57.645833333333336 88.785714285714292
decision_type=2 2 2 2 2 2 2 2 2 2 2 2 2 2 2 2 2 2 2 2 2 2 2 2 2 2
left_child=2 25 12 11 5 10 -7 9 -9 -6 -5 23 13 16 -15 -16 24 -18 22 21 -21 -20 -14 -4 -1 -2
right_child=1 -3 3 4 7 6 -8 8 -10 -11 -12 -13 18 14 15 -17 17 -19 19 20 -22 -23 -24 -25 -26 -27
leaf_value=1.7321107334511727e-05 -0.021001315265893938 0.033381768620262542 0.01695333735474075 0.012619677828834917 -0.0048739113920443769 -0.0071018297245107791 -0.029926821641932402 -0.049938876867294313 0.0021379862372838433 0.038196931132360508 -0.007265379392006434 0.034582915009163759 -0.04231127845383266 0.063575076718222018 0.03267470237820648 -0.012520862423814833 0.022120471243505125 -0.041157726151868704 -0.0026131214955323399 0.052657453021347472 0.010564028442384139 0.020783277029364274 0.0007238430622965098 -0.021117341789332306 -0.012689273705112592 0.013228476904332638
leaf_weight=17633 20 30 30 133 37 290 154 25 236 57 250 34 28 22 43 50 27 64 486 40 284 87 25 22 113 20
leaf_count=17633 20 30 30 133 37 290 154 25 236 57 250 34 28 22 43 50 27 64 486 40 284 87 25 22 113 20
internal_value=1.4689e-07 0.0120857 -4.17959e-05 -0.00341748 -0.00469814 -0.00822997 -0.0150186 0.00352953 -0.00285022 0.0212435 -0.000360125 0.0141842 0.000184655 -5.50181e-05 0.0189358 0.00837601 -0.000177457 -0.0223829 0.00471372 0.00629281 0.0157607 0.000939211 -0.0220117 0.000846512 -6.35898e-05 -0.00388642
internal_weight=20240 70 20170 1268 1182 827 444 355 261 94 383 86 18902 17952 115 93 17837 91 950 897 324 573 53 52 17746 40
internal_count=20240 70 20170 1268 1182 827 444 355 261 94 383 86 18902 17952 115 93 17837 91 950 897 324 573 53 52 17746 40
is_linear=0
shrinkage=0.05


Tree=195
num_leaves=31
num_cat=1
split_feature=43 24 25 32 36 20 0 1 45 24 32 50 20 32 45 26 35 10 7 6 45 29 38 21 13 39 21 22 18 21
split_gain=4.0708 20.5005 12.5324 10.022 7.96156 8.74498 9.11873 8.77418 7.69986 7.45059 5.79017 5.42138 20.1126 16.2481 15.1696 21.7112 19.1826 18.3325 16.2898 16.5922 14.5815 12.8467 11.2395 10.9215 10.495 11.8502 8.6203 19.5712 20.5027 15.7626
threshold=7.3571428571428585 10.080357142857144 1.5087651751506208 3.5000000000000004 3.2142857142857149 8.2708333333333339 8.5208333333333339 16.770833333333339 7.5000000000000009 12.747023809523812 4.5000000000000009 0 8.5208333333333339 2.5000000000000004 19.500000000000004 20.584821428571434 3.9285714285714293 2.5000000000000004 0.70424572016335185 0.52497504990019972 11.500000000000002 2.5574788041396013 60.500000000000007 34.812500000000007 136.50000000000003 21.500000000000004 27.354166666666668 16.770833333333339 -0.5 24.270833333333339
decision_type=2 2 2 2 2 2 2 2 2 2 2 1 2 2 2 2 2 2 2 2 2 2 2 2 2 2 2 2 2 2
left_child=1 4 -3 9 5 7 -7 8 -1 -4 -5 12 13 21 18 17 -17 -16 19 -14 -20 22 -2 26 -15 -26 29 -28 -29 -13
right_child=11 2 3 10 -6 6 -8 -9 -10 -11 -12 23 14 24 15 16 -18 -19 20 -21 -22 -23 -24 -25 25 -27 27 28 -30 -31
leaf_value=-0.0044465029907653931 0.035610855983472182 -0.0024977240314268891 -0.030001600762494862 -0.068720611818134783 0.029233476465257507 -0.032103665959503917 -0.0034392540627890388 0.026569577889182627 0.012370356879546308 0.0075340699404478073 -0.030674018226563932 -0.00065628764657800682 -0.0085627714207600659 0.0052909309718886331 0.0050452427705749876 -0.032478307006937088 0.0066179230388691088 0.05554333564530059 0.00082460552453994757 0.00054783029067976034 0.060478482856636956 -0.014738980455341628 -0.0086736502733243542 0.027378184334374969 0.026307404243076843 0.068760025262832647 -0.051662510050379709 -0.029399291064896405 -0.0010506712256914631 0.0089818543039989294
leaf_weight=197 38 68 39 20 24 36 121 39 104 20 20 11143 547 29 32 33 637 41 20 5785 21 53 23 35 48 25 23 73 505 441
leaf_count=197 38 68 39 20 24 36 121 39 104 20 20 11143 547 29 32 33 637 41 20 5785 21 53 23 35 48 25 23 73 505 441
internal_value=1.39523e-07 -0.00377998 -0.0190247 -0.0303765 0.00110651 -0.000251735 -0.010012 0.0042552 0.00136397 -0.0172776 -0.0496973 0.000133155 0.00120706 0.0162396 0.000752454 0.00751354 0.00469229 0.0334072 -3.57912e-05 -0.000239204 0.031379 0.00326801 0.0189134 -0.000511754 0.0307372 0.040846 -0.000592285 -0.00643091 -0.00463103 -0.000289366
internal_weight=20240 688 167 99 521 497 157 340 301 59 40 19552 7332 216 7116 743 670 73 6373 6332 41 114 61 12220 102 73 12185 601 578 11584
internal_count=20240 688 167 99 521 497 157 340 301 59 40 19552 7332 216 7116 743 670 73 6373 6332 41 114 61 12220 102 73 12185 601 578 11584
cat_boundaries=0 1
cat_threshold=37
is_linear=0
shrinkage=0.05


Tree=196
num_leaves=31
num_cat=0
split_feature=32 7 20 0 42 21 22 30 30 9 36 48 24 23 23 45 24 21 22 7 20 31 23 41 1 28 16 45 43 20
split_gain=3.99823 6.14967 4.39388 24.1329 34.4767 16.559 22.5416 27.9345 29.1934 23.1357 29.5935 22.4636 17.1687 19.7669 18.4225 16.0865 15.8863 24.9097 16.9956 15.2397 17.625 17.0061 16.8288 14.9843 14.9767 13.0387 12.8869 10.9659 10.0311 9.49785
threshold=17.500000000000004 0.010494099076776233 18.854166666666668 18.562500000000004 85.214285714285737 20.854166666666668 17.395833333333339 0.0059523809523809286 0.18154761904761915 0.99885651629072703 5.2142857142857153 0.91071428571428592 20.026785714285719 25.020833333333339 23.937500000000004 16.500000000000004 20.163690476190478 23.770833333333339 16.020833333333339 1.0000000180025095e-35 37.562500000000007 4.5000000000000009 16.145833333333339 102.50000000000001 23.979166666666668 20.961805555555561 1.0000000180025095e-35 11.500000000000002 22.642857142857149 33.270833333333336
decision_type=2 2 2 2 2 2 2 2 2 2 2 2 2 2 2 2 2 2 2 2 2 2 2 2 2 2 2 2 2 2
left_child=2 -2 5 4 15 12 7 26 -9 11 -11 -8 13 25 23 24 18 -18 -6 21 22 -5 -21 -14 -4 -1 -7 -15 -22 -23
right_child=1 -3 3 19 16 6 9 8 -10 10 -12 -13 14 27 -16 -17 17 -19 -20 20 28 29 -24 -25 -26 -27 -28 -29 -30 -31
leaf_value=0.00018230878972321147 -0.0010747132789609688 0.034718866930121467 -0.033992460808561491 0.018482037871338741 0.022906815875321628 0.028703010082244875 0.035740993296106659 -0.042252361401915552 0.0314311674319026 -0.026460669858508978 0.0307799713429192 0.0041283792005287982 -0.028153093926170294 -0.007483886966524138 -0.056410005564490953 -0.019254873642841213 0.021392034652005686 -0.016873831747027189 -0.027461494125642822 -0.01241739007395315 -0.0047880111883083984 -0.00089607651499740409 -0.00036412282563326177 0.02283917883038521 -0.093707368629319332 -0.018212270125573905 0.082088185988294968 0.032985408996630994 -0.047271378904185965 0.011788712646470878
leaf_weight=14104 28 21 21 192 20 20 72 20 41 102 29 256 34 22 27 39 95 77 103 316 24 649 3465 25 21 97 26 70 33 191
leaf_count=14104 28 21 21 192 20 20 72 20 41 102 29 256 34 22 27 39 95 77 103 316 24 649 3465 25 21 97 26 70 33 191
internal_value=1.32551e-07 0.0142654 -3.44867e-05 -0.00127943 -0.0134842 0.000402513 0.00879122 0.0294578 0.00727263 0.00397352 -0.0137891 0.0110677 7.23089e-05 0.000206327 -0.0222011 -0.0423782 -0.00555064 0.00426139 -0.0192715 -0.000337127 -0.00178751 0.00505682 -0.00137148 -0.0065462 -0.0638499 5.66645e-05 0.0588772 0.023308 -0.0293836 0.0019882
internal_weight=20240 49 20191 5246 376 14945 566 107 61 459 131 328 14379 14293 86 81 295 172 123 4870 3838 1032 3781 59 42 14201 46 92 57 840
internal_count=20240 49 20191 5246 376 14945 566 107 61 459 131 328 14379 14293 86 81 295 172 123 4870 3838 1032 3781 59 42 14201 46 92 57 840
is_linear=0
shrinkage=0.05


Tree=197
num_leaves=31
num_cat=0
split_feature=45 32 22 20 45 32 5 45 44 20 23 24 20 30 45 20 0 40 39 22 42 20 27 30 6 20 41 41 25 25
split_gain=3.97656 9.3838 20.2685 18.7646 22.1063 15.3137 19.2059 20.4367 15.4509 15.0421 14.0986 11.0532 20.376 17.2866 17.1061 12.9395 16.5713 14.304 8.92494 16.2799 38.4398 18.2468 30.9195 11.1029 9.73518 14.2181 26.8523 9.38708 31.0314 16.1862
threshold=6.5000000000000009 10.500000000000002 30.937500000000004 23.562500000000004 14.500000000000002 8.5000000000000018 0.64583333333333337 14.500000000000002 1.0000000180025095e-35 34.104166666666679 26.395833333333339 27.529761904761909 29.937500000000004 0.37202380952380965 19.500000000000004 31.770833333333339 32.520833333333336 16.500000000000004 15.500000000000002 16.520833333333339 101.28571428571429 15.270833333333334 2.7283329234201736 0.63988095238095266 0.99945175438596501 15.062500000000002 90.500000000000014 188.50000000000003 3.8164147117211882 3.0377569800082296
decision_type=2 2 2 2 2 2 2 2 2 2 2 2 2 2 2 2 2 2 2 2 2 2 2 2 2 2 2 2 2 2
left_child=18 5 3 -3 -5 11 7 10 -9 -8 -7 15 14 -14 -13 16 -2 -17 19 24 21 22 -21 -23 25 -1 -27 -20 29 -29
right_child=1 2 -4 4 -6 6 9 8 -10 -11 -12 12 13 -15 -16 17 -18 -19 27 20 -22 23 -24 -25 -26 26 -28 28 -30 -31
leaf_value=-0.0024964981045585942 0.0011188847929538646 0.00055998873576754702 0.011006217079260819 -0.081065704880282294 -0.011478817143610546 0.030579914367108635 -0.013473578853843114 -0.022015772074460982 0.02785624684765935 0.03065987899183081 0.083781461976468574 -0.027218831456426919 0.011887652947785552 -0.0080994935688602412 -0.0048016479139406133 -0.043135359242339348 0.042722216652085386 0.0093492143210910632 0.00025565190167890572 0.029612947255373001 0.032353431655344767 -0.074824209030597444 -0.05628534843213856 -0.029525757029963035 0.0089436715711781294 -0.0097695610848986501 -0.073631731159985073 -0.007013105148560345 -0.052231498431259155 0.032456833410482243
leaf_weight=1165 8881 32 54 25 21 33 75 25 41 26 20 145 222 211 206 34 24 21 8269 22 26 31 20 24 160 93 20 249 36 29
leaf_count=1165 8881 32 54 25 21 33 75 25 41 26 20 145 222 211 206 34 24 21 8269 22 26 31 20 24 160 93 20 249 36 29
internal_value=1.25928e-07 0.00070263 -0.0125412 -0.0288433 -0.0492978 0.00087808 0.0139233 0.0275334 0.00896533 -0.00211249 0.050656 0.000583546 -0.00510944 0.00214796 -0.0140623 0.00108168 0.00123101 -0.0230958 -0.000699054 -0.00417671 -0.0216358 -0.0361071 -0.011291 -0.0550576 -0.00268334 -0.00413899 -0.0210726 -6.65692e-05 -0.00855207 -0.00289574
internal_weight=20240 10096 132 78 46 9964 220 119 66 101 53 9744 784 433 351 8960 8905 55 10144 1561 123 97 42 55 1438 1278 113 8583 314 278
internal_count=20240 10096 132 78 46 9964 220 119 66 101 53 9744 784 433 351 8960 8905 55 10144 1561 123 97 42 55 1438 1278 113 8583 314 278
is_linear=0
shrinkage=0.05


Tree=198
num_leaves=31
num_cat=1
split_feature=50 20 18 0 22 25 39 45 39 21 42 46 41 40 1 21 21 21 26 22 9 34 1 20 37 27 20 22 33 36
split_gain=3.94571 16.9528 19.7577 15.5651 13.4724 17.7028 14.0038 13.2793 14.6347 24.1466 16.396 13.8502 12.4637 12.4182 11.7767 10.4056 22.0639 40.7695 22.8288 20.2449 18.2727 26.4709 18.5765 13.905 13.6374 14.7114 12.8824 10.394 9.99406 8.37764
threshold=0 8.5208333333333339 0.25000000000000017 7.4375000000000009 12.562500000000002 3.2006194571615181 26.500000000000004 19.500000000000004 19.500000000000004 16.270833333333339 74.500000000000014 0.37500000000000006 69.500000000000014 12.500000000000002 57.979166666666679 26.812500000000004 24.270833333333339 23.645833333333339 22.251488095238098 27.979166666666668 0.98428520114942541 5.5000000000000009 31.770833333333339 27.187500000000004 83.162500000000023 2.6643736205173827 27.937500000000004 13.937500000000002 1.5000000000000002 3.5000000000000004
decision_type=1 2 2 2 2 2 2 2 2 2 2 2 2 2 2 2 2 2 2 2 2 2 2 2 2 2 2 2 2 2
left_child=1 2 4 -3 6 27 12 11 10 -10 -9 13 -1 -5 -13 16 17 29 -19 24 -17 22 23 -22 -18 -26 -23 -6 -24 -2
right_child=15 3 -4 7 5 -7 -8 8 9 -11 -12 14 -14 -15 -16 20 19 18 -20 -21 21 26 28 -25 25 -27 -28 -29 -30 -31
leaf_value=0.0047852565224901465 -0.0010005836999650863 -0.02469691655508453 0.040411428037118551 -0.054569336648141453 -0.012470680615864696 -0.036806692413109188 0.054274116493761543 -0.0099890979723288465 0.050321648987355062 0.0020122445426584983 0.035933440444422524 0.00013952553481555796 0.037997183362569881 -0.0030622915029525758 -0.034226317211985595 0.029497787814276918 -0.013638644329001826 -0.071931554839528844 -0.015960707264591239 -0.02877326946114548 -0.044760233739733091 0.0049525614250428163 0.023189199719733249 -0.0036295104771852495 0.004700057689248153 0.031101268300836954 -0.026792539773803012 0.01828135797356973 -0.021155175332117967 0.0037748852459125997
leaf_weight=167 8278 62 49 22 50 34 20 26 27 616 77 8825 34 25 25 30 31 29 49 26 98 201 24 26 82 148 38 61 27 1033
leaf_count=167 8278 62 49 22 50 34 20 26 27 616 77 8825 34 25 25 30 31 29 49 26 98 201 24 26 82 148 38 61 27 1033
internal_value=1.1965e-07 0.000697891 0.0105949 0.000275399 0.00660308 -0.00523999 0.0143734 0.00043596 0.00684368 0.00404079 0.0243413 -0.000101318 0.0104032 -0.027172 4.24469e-05 -0.000697652 -0.000354896 -0.000772336 -0.0367704 0.0133014 -0.00818297 -0.0109135 -0.0256887 -0.036136 0.0174927 0.0216887 -9.47768e-05 0.00442909 -0.000287234 -0.000470774
internal_weight=20240 10120 415 9705 366 145 221 9643 746 643 103 8897 201 47 8850 10120 9676 9389 78 287 444 414 175 124 261 230 239 111 51 9311
internal_count=20240 10120 415 9705 366 145 221 9643 746 643 103 8897 201 47 8850 10120 9676 9389 78 287 444 414 175 124 261 230 239 111 51 9311
cat_boundaries=0 1
cat_threshold=45
is_linear=0
shrinkage=0.05


Tree=199
num_leaves=29
num_cat=0
split_feature=29 41 41 20 7 21 41 9 29 45 31 45 0 40 7 26 24 10 20 27 36 35 45 7 7 7 23 43
split_gain=3.91568 18.7979 19.758 14.728 13.0297 23.6883 19.3582 15.5881 9.78403 23.1373 18.7637 20.828 19.9565 17.1652 20.7228 18.949 10.9823 12.0035 10.0573 8.92055 7.43117 17.4073 30.9289 16.7356 28.2326 18.3532 7.53561 5.49195
threshold=5.9402150625030243 152.50000000000003 141.50000000000003 27.020833333333339 0.56905830213609343 22.479166666666668 71.500000000000014 0.99641830870279158 5.1612233359612976 11.500000000000002 7.5000000000000009 14.500000000000002 26.395833333333339 20.500000000000004 0.49521095552727717 21.233630952380956 17.747023809523814 1.0000000180025095e-35 20.020833333333339 6.1341084082564459 7.6428571428571432 9.2142857142857171 14.500000000000002 0.31380480735704336 0.29253692681086391 0.35168850806451618 20.687500000000004 13.785714285714286
decision_type=2 2 2 2 2 2 2 2 2 2 2 2 2 2 2 2 2 2 2 2 2 2 2 2 2 2 2 2
left_child=8 2 4 -3 6 -6 -2 -8 19 16 13 -12 -13 14 -11 -15 -10 -18 -19 20 21 26 -23 24 -22 -25 -1 -7
right_child=1 3 -4 -5 5 27 7 -9 9 10 11 12 -14 15 -16 -17 17 18 -20 -21 23 22 -24 25 -26 -27 -28 -29
leaf_value=0.00016017697320288001 -0.043548277977647057 -0.0062724208272993565 0.047055140584707264 -0.066225110366940496 0.044324798875355294 0.0072134364751123255 -0.016948239360235436 0.0096802775674090496 -0.034540687687695026 0.0014114848794598207 0.069901185207392857 0.041432455095595552 0.0026141828087009032 0.021829339826390858 0.029483680231208655 -0.03549139995087424 -0.029373194748121834 0.021387920590583236 -0.0046172481717477584 -0.025715951572227128 0.0030794501676242071 -0.063274687058680376 0.0073916332083172167 0.056716572934140765 -0.056800323911011225 0.0064484494796488434 -0.0027973665524792051 -0.028534128144383431
leaf_weight=15102 36 20 20 21 35 21 113 107 31 204 23 56 81 21 97 46 36 50 145 34 1249 30 32 30 20 46 2512 22
leaf_count=15102 36 20 20 21 35 21 113 107 31 204 23 56 81 21 97 46 36 50 145 34 1249 30 32 30 20 46 2512 22
internal_value=1.13673e-07 -0.0049293 -0.00121722 -0.0369799 -0.00410778 0.0137833 -0.00955898 -0.0039971 9.823e-05 0.00555071 0.0115783 0.0258731 0.0184815 0.00536324 0.010458 -0.0175252 -0.00659657 -0.00284649 0.00205074 -0.000127824 -8.20855e-05 -0.000354701 -0.0268017 0.00350063 0.00213572 0.0262911 -0.00026161 -0.011076
internal_weight=20240 395 354 41 334 78 256 220 19845 790 528 160 137 368 301 67 262 231 195 19055 19021 17676 62 1345 1269 76 17614 43
internal_count=20240 395 354 41 334 78 256 220 19845 790 528 160 137 368 301 67 262 231 195 19055 19021 17676 62 1345 1269 76 17614 43
is_linear=0
shrinkage=0.05


Tree=200
num_leaves=31
num_cat=0
split_feature=37 30 23 31 24 13 0 22 9 22 24 4 4 40 41 40 25 35 28 33 25 1 37 5 4 31 23 35 32 35
split_gain=3.85602 6.93115 4.27671 3.79548 9.90678 19.1875 9.10109 7.43597 7.05064 6.69454 9.31515 5.54291 8.69111 4.73191 12.402 10.5857 14.4743 20.9259 9.82515 9.26275 9.3624 8.43051 8.43323 7.14174 27.3615 13.7472 5.71595 3.99139 3.74517 2.775
threshold=112.58750000000002 0.25297619047619063 14.85416666666667 1.0000000180025095e-35 9.8839285714285747 50.500000000000007 7.6875000000000009 9.8541666666666696 0.99506886087768442 11.85416666666667 9.1755952380952408 0.97916666666666685 0.18750000000000003 4.5000000000000009 59.500000000000007 6.5000000000000009 1.5087651751506208 6.2142857142857153 17.413194444444446 1.0000000180025095e-35 1.2899694366890748 16.979166666666668 91.612500000000011 0.52083333333333337 0.97916666666666685 15.500000000000002 15.812500000000002 2.5000000000000004 2.5000000000000004 3.0714285714285716
decision_type=2 2 2 2 2 2 2 2 2 2 2 2 2 2 2 2 2 2 2 2 2 2 2 2 2 2 2 2 2 2
left_child=3 -2 29 4 7 -6 -7 11 -8 10 -9 12 -1 14 21 16 18 -18 -15 20 -16 22 -5 25 -25 -17 -21 -13 -4 -3
right_child=1 2 28 13 5 6 8 9 -10 -11 -12 27 -14 15 19 23 17 -19 -20 26 -22 -23 -24 24 -26 -27 -28 -29 -30 -31
leaf_value=-0.0012896228571886799 0.034034888530996718 -0.012774839232830952 0.02564497598136465 -0.0098321117224016551 -0.049407024814614231 -0.036707788344432155 0.0026160572315619768 0.0070751886962661676 -0.012398375909198338 -0.013417528020554096 0.041319586208154416 0.01800288831943582 -0.020097507722675802 -0.00062963415624871905 0.038873646653849972 0.001081003963648904 -0.0076974341230517307 -0.043352917217546041 0.034990729540586477 -0.0063048434686638292 0.0096995682984759857 0.027400619502771985 0.014586920272135599 -0.0083739135851814053 0.00038092233832272737 0.031615738792193905 0.023627039654688403 -0.0047155554438459467 -0.001172593381235619 0.0088309424402921097
leaf_weight=738 22 42 30 180 28 23 174 63 142 21 29 58 67 604 55 9810 481 45 20 58 55 22 44 1041 6254 37 22 29 23 23
leaf_count=738 22 42 30 180 28 23 174 63 142 21 29 58 67 604 55 9810 481 45 20 58 55 22 44 1041 6254 37 22 29 23 23
internal_value=1.07985e-07 0.0082694 0.00346566 -5.74891e-05 -0.00259597 -0.00962684 -0.00634116 -2.84791e-05 -0.00413093 0.0120552 0.0178696 -0.00155926 -0.002855 0.000128478 0.00527637 5.77542e-06 -0.00463811 -0.0107478 0.000512044 0.0148718 0.0242866 -0.00213472 -0.00503552 0.000317319 -0.000868397 0.00119574 0.00192642 0.0104301 0.0140072 -0.00512972
internal_weight=20240 140 118 20100 1372 367 339 1005 316 113 92 892 805 18728 436 18292 1150 526 624 190 110 246 224 17142 7295 9847 80 87 53 65
internal_count=20240 140 118 20100 1372 367 339 1005 316 113 92 892 805 18728 436 18292 1150 526 624 190 110 246 224 17142 7295 9847 80 87 53 65
is_linear=0
shrinkage=0.05


Tree=201
num_leaves=31
num_cat=0
split_feature=8 31 35 35 42 24 43 30 26 21 32 25 23 26 22 7 40 23 21 45 15 40 35 30 0 5 4 6 27 31
split_gain=3.73474 5.88804 6.54155 8.79324 4.14206 11.7059 13.8392 22.8046 16.4455 17.1319 12.3881 12.804 15.0923 8.34017 7.76937 7.40531 7.0499 11.8072 21.6109 9.60093 8.90728 8.11067 10.7569 24.7738 16.0021 8.46756 27.2885 14.5277 6.96175 3.17906
threshold=0.10947712418300655 8.5000000000000018 6.6428571428571432 3.9285714285714293 63.642857142857146 10.431547619047622 7.0714285714285721 0.017857142857142877 9.7366071428571459 9.3958333333333339 3.5000000000000004 1.5854726557890102 10.520833333333334 11.492559523809527 12.687500000000002 0.32291666666666674 4.5000000000000009 15.645833333333334 15.812500000000002 12.500000000000002 1.0000000180025095e-35 6.5000000000000009 6.2142857142857153 0.72023809523809545 20.562500000000004 0.52083333333333337 0.97916666666666685 0.72273067642898758 2.7467521929529086 4.5000000000000009
decision_type=2 2 2 2 2 2 2 2 2 2 2 2 2 2 2 2 2 2 2 2 2 2 2 2 2 2 2 2 2 2
left_child=4 2 3 -2 5 10 7 -7 -8 -10 13 14 -13 15 -12 -1 17 18 20 -19 -6 22 24 -24 -18 27 -27 -23 -9 -5
right_child=1 -3 -4 29 16 6 8 28 9 -11 11 12 -14 -15 -16 -17 21 19 -20 -21 -22 25 23 -25 -26 26 -28 -29 -30 -31
leaf_value=-0.0044191529370086833 0.0019120032523965672 -0.032323023716786074 0.021085447551343929 -0.040631704404950147 0.025744294700297446 -0.057657637526140074 0.029024593600641108 0.0013448769987527548 -0.025575523363287625 -0.0028570214823207736 0.0034031577087858672 0.0027412566347737558 0.032189534556992513 -0.032419312222018125 -0.029638275385580282 0.0020955110200428328 -0.004376450995886876 0.045846405696562113 -0.041055229325138498 0.0021878813765943048 -0.0015004024486353791 5.2314045205172207e-05 -0.045857100974915188 0.0119727440118309 0.036413403804413977 -0.0086527501413351405 0.00041886503895062716 0.0042822890699836975 -0.031327817232712461 -0.01311956241261214
leaf_weight=769 72 21 22 21 55 33 36 56 94 708 93 81 94 21 22 1008 629 34 24 20 66 5909 46 31 25 958 6156 3092 23 21
leaf_count=769 72 21 22 21 55 33 36 56 94 708 93 81 94 21 22 1008 629 34 24 20 66 5909 46 31 25 958 6156 3092 23 21
internal_value=1.02582e-07 -0.00768163 -0.00387671 -0.00869397 6.0155e-05 -0.00164071 -0.00624201 -0.0227494 -0.00403578 -0.00551979 0.000452802 0.0100424 0.0185592 -0.00109391 -0.00291781 -0.000723722 0.000363306 0.00971919 0.00228679 0.0296766 0.0108836 0.000252786 -0.00489839 -0.022575 -0.00281721 0.000486451 -0.000802755 0.00150538 -0.00816743 -0.0268756
internal_weight=20240 157 136 114 20083 3038 950 112 838 802 2088 290 175 1798 115 1777 17045 199 145 54 121 16846 731 77 654 16115 7114 9001 79 42
internal_count=20240 157 136 114 20083 3038 950 112 838 802 2088 290 175 1798 115 1777 17045 199 145 54 121 16846 731 77 654 16115 7114 9001 79 42
is_linear=0
shrinkage=0.05


Tree=202
num_leaves=31
num_cat=0
split_feature=33 12 34 27 26 22 39 16 38 44 26 25 23 27 22 32 36 9 22 17 40 1 42 41 28 23 23 1 30 42
split_gain=3.6825 10.0858 16.5322 9.19312 18.6241 22.8484 21.8853 21.5317 21.23 16.1216 15.4145 13.971 14.401 9.65577 9.58479 37.9487 21.5116 20.7595 28.6094 14.9226 12.9541 12.2144 20.87 23.0013 21.6165 12.7221 19.5177 11.4113 8.97101 17.2713
threshold=3.5000000000000004 1.5000000000000002 5.5000000000000009 4.8878627288419434 31.238095238095244 28.729166666666668 17.500000000000004 -0.56174490092936669 166.50000000000003 2.5000000000000004 27.962797619047624 3.2351295181775015 30.687500000000004 5.5249561025763496 28.145833333333339 3.5000000000000004 5.3571428571428585 0.99863056752873569 29.770833333333339 0.93301270189221952 16.500000000000004 34.979166666666679 94.357142857142875 110.50000000000001 20.961805555555561 27.645833333333339 31.562500000000004 34.895833333333336 0.10714285714285719 129.35714285714286
decision_type=2 2 2 2 2 2 2 2 2 2 2 2 2 2 2 2 2 2 2 2 2 2 2 2 2 2 2 2 2 2
left_child=3 2 -2 14 5 6 13 9 -8 -7 -9 -6 -13 -5 21 16 19 20 -19 -16 -17 25 24 -24 -23 27 -27 -1 29 -3
right_child=1 28 -4 4 11 7 8 10 -10 -11 -12 12 -14 -15 15 17 -18 18 -20 -21 -22 22 23 -25 -26 26 -28 -29 -30 -31
leaf_value=0.00019716309944653356 0.0014159796552525626 -0.0019898781236085974 -0.056974163753065202 0.05620725631713868 0.013065941985696557 0.061405318897177888 -0.0034371137038162235 0.021443910883593723 0.034485735953785478 0.0095446012406186637 -0.018120307730776924 -0.007542570363730192 -0.066826119096506209 0.011806954629719257 -0.022461859870757633 -0.012954351771622897 0.01820326944669852 -0.058479225365144598 -0.0053238774529165605 -0.056933891064510113 0.0081280272662570315 0.010394019772316895 0.030208032374055338 0.0053095454321891973 -0.015812801768540486 -0.016865684397646834 0.010911927676814445 -0.027984840448738803 -0.007112662717437524 0.01671005711081977
leaf_weight=16065 27 658 22 25 20 47 477 83 40 22 35 20 21 24 134 86 26 31 138 41 477 153 143 264 162 247 85 36 479 152
leaf_count=16065 27 658 22 25 20 47 477 83 40 22 35 20 21 24 134 86 26 31 138 41 477 153 143 264 162 247 85 36 479 152
internal_value=9.74415e-08 -0.00253481 -0.0248 0.000179534 0.00537747 0.00753007 0.00252381 0.0226827 -0.000503044 0.04487 0.00970876 -0.0211948 -0.0379073 0.0344602 -5.43847e-05 -0.00498976 -0.0242333 0.000294322 -0.0150743 -0.0305382 0.00490763 0.000214033 0.00657906 0.0140577 -0.00308377 -6.56204e-05 -0.00975395 0.000134151 -0.00168842 0.00151925
internal_weight=20240 1338 49 18902 814 753 566 187 517 69 118 61 41 49 18088 933 201 732 169 175 563 17155 722 407 315 16433 332 16101 1289 810
internal_count=20240 1338 49 18902 814 753 566 187 517 69 118 61 41 49 18088 933 201 732 169 175 563 17155 722 407 315 16433 332 16101 1289 810
is_linear=0
shrinkage=0.05


Tree=203
num_leaves=31
num_cat=1
split_feature=37 50 9 25 13 25 38 34 23 9 25 20 40 38 1 33 27 38 42 45 37 34 23 0 21 32 36 27 32 30
split_gain=3.95651 13.9348 16.1508 14.5075 14.2659 18.099 21.6635 19.2409 11.6204 10.6 10.3026 32.4388 17.5215 9.93917 9.72262 28.176 19.3525 26.5657 11.5566 11.155 10.947 9.27014 10.3719 17.7923 23.0007 17.5295 18.9785 16.1387 12.6077 7.56461
threshold=64.612500000000011 0 0.98672462406015049 1.8536705637242696 176.50000000000003 4.4663183117119916 124.50000000000001 2.5000000000000004 33.895833333333336 0.98835358796296313 5.9444174996093997 19.479166666666668 16.500000000000004 94.500000000000014 41.729166666666679 3.5000000000000004 3.3850448856987021 66.500000000000014 69.357142857142875 18.500000000000004 61.987500000000004 8.5000000000000018 19.854166666666668 22.979166666666668 27.895833333333339 3.5000000000000004 4.3571428571428585 3.7088098160605476 4.5000000000000009 0.58035714285714302
decision_type=2 1 2 2 2 2 2 2 2 2 2 2 2 2 2 2 2 2 2 2 2 2 2 2 2 2 2 2 2 2
left_child=10 2 3 -2 5 7 -7 -4 9 -6 14 -12 -13 -5 19 16 18 -18 -16 29 -21 22 23 28 -25 27 -27 -24 -3 -1
right_child=1 21 4 13 8 6 -8 -9 -10 -11 11 12 -14 -15 15 -17 17 -19 -20 20 -22 -23 25 24 -26 26 -28 -29 -30 -31
leaf_value=-0.0016552634492979852 0.0026859453059912015 0.00071347515006451743 0.026653868526122289 0.054302617652007404 -0.031692991656466177 0.050371797936037188 -0.010144057204680784 0.0022858938725284217 -0.037345832004211842 0.00088246380298958791 0.029076230170834435 -0.080756971873342992 -0.014572541285306216 0.01602220450527966 -0.0066913725249469289 -0.055800286800630629 0.023516157846897839 -0.049513074258963272 0.043454809107438284 0.0054516347002630181 0.038512252015190075 0.0063589805255081545 -0.013797734584616772 0.021492720928306328 -0.023270410756744884 0.0067076964129426809 -0.010904117367693769 -0.002105699596987462 -0.0065013666959679367 0.0014617248040223194
leaf_weight=6001 52 6120 95 39 26 50 21 550 22 632 21 20 20 30 20 31 20 33 27 95 34 529 547 184 34 586 207 641 672 2881
leaf_count=6001 52 6120 95 39 26 50 21 550 22 632 21 20 20 30 20 31 20 33 27 95 34 529 547 184 34 586 207 641 672 2881
internal_value=9.25654e-08 0.000638445 0.00507214 0.0226292 0.00358669 0.00851246 0.0324727 0.00587498 -0.00159987 -0.000404712 -0.000765472 -0.0212457 -0.0476648 0.037659 -0.000628818 -0.0141524 -0.00124156 -0.0219549 0.022116 -0.000432215 0.0141653 -7.33095e-05 -0.000451845 0.00045093 0.0145113 -0.00364642 0.00211041 -0.00748915 -3.60792e-07 -0.000644225
internal_weight=20240 11037 1517 121 1396 716 71 645 680 658 9203 61 40 69 9142 131 100 53 47 9011 129 9520 8991 7010 218 1981 793 1188 6792 8882
internal_count=20240 11037 1517 121 1396 716 71 645 680 658 9203 61 40 69 9142 131 100 53 47 9011 129 9520 8991 7010 218 1981 793 1188 6792 8882
cat_boundaries=0 1
cat_threshold=13
is_linear=0
shrinkage=0.05


Tree=204
num_leaves=31
num_cat=2
split_feature=45 10 10 4 7 32 37 20 4 13 28 6 20 42 34 29 12 13 5 9 6 50 15 7 41 21 23 35 50 43
split_gain=3.8786 12.858 14.7551 13.1554 17.571 22.2113 30.2383 17.9181 17.2962 16.7393 14.6685 12.0397 15.7358 13.0863 11.3469 10.1243 9.55143 22.8142 15.5711 21.9161 11.4179 9.97044 9.22943 12.9224 17.7157 23.3781 17.383 16.4702 12.3119 12.2811
threshold=6.5000000000000009 3.5000000000000004 5.5000000000000009 0.81250000000000011 0.27501375137513762 7.5000000000000009 69.225000000000009 21.562500000000004 0.85416666666666685 51.500000000000007 31.427083333333339 0.99945175438596501 37.562500000000007 147.6428571428572 6.5000000000000009 2.720582745038842 5.5000000000000009 144.50000000000003 0.27083333333333343 0.99070083014048549 0.88655828823676075 0 0.6078576107927941 0.0020060200722730741 194.50000000000003 32.520833333333336 32.437500000000007 9.6428571428571441 1 6.7857142857142865
decision_type=2 2 2 2 2 2 2 2 2 2 2 2 2 2 2 2 2 2 2 2 2 1 2 2 2 2 2 2 1 2
left_child=22 3 11 4 9 7 -7 -6 -5 14 -11 12 13 -3 -2 -13 17 21 19 -18 -20 -4 28 -24 25 27 -27 -25 -1 -30
right_child=1 2 16 8 5 6 -8 -9 -10 10 -12 15 -14 -15 -16 -17 18 -19 20 -21 -22 -23 23 24 -26 26 -28 -29 29 -31
leaf_value=-0.0039923326492877871 0.018424199953995891 -0.0062119501874192094 0.0059778336115980778 -0.033182138115985367 0.0027807248730139906 0.047675083536993373 -0.024118067994713784 -0.0085674359469871536 -0.00036757828386182762 0.0089710752507079095 -0.014553159476638261 -0.00047599905272907258 -0.047373968887735499 0.006535802827889306 0.057871508913544513 0.015491131532686851 0.00044864589156723937 -0.039452492923954051 -0.039886020123958588 0.022020765440538527 -0.00033260668711906108 -0.0057046251422456697 0.0024897064026040048 -0.0045087541289853244 -0.033347267924842459 0.065543694309890266 0.005365111778179805 -0.035786254428933531 -0.014845525102031515 0.0015864692540371939
leaf_weight=1367 61 1913 401 41 2123 55 20 416 1952 994 71 599 22 225 26 119 218 37 20 256 208 319 768 1988 54 20 30 43 116 5758
leaf_count=1367 61 1913 401 41 2123 55 20 416 1952 994 71 599 22 225 26 119 218 37 20 256 208 319 768 1988 54 20 30 43 116 5758
internal_value=8.79473e-08 0.000693884 -0.00136229 0.00224236 0.0039808 0.00171354 0.0285302 0.000921396 -0.00104264 0.00912544 0.00740279 -0.00343878 -0.0053033 -0.0048704 0.0302131 0.00217036 0.00273375 -0.00116205 0.00693478 0.0120994 -0.0038022 0.00080565 -0.000690425 -0.00307235 -0.00507313 -0.00433944 0.0294365 -0.00517096 0.000264517 0.00125982
internal_weight=20240 10096 4337 5759 3766 2614 75 2539 1993 1152 1065 2878 2160 2138 87 718 1459 757 702 474 228 720 10144 2903 2135 2081 50 2031 7241 5874
internal_count=20240 10096 4337 5759 3766 2614 75 2539 1993 1152 1065 2878 2160 2138 87 718 1459 757 702 474 228 720 10144 2903 2135 2081 50 2031 7241 5874
cat_boundaries=0 1 2
cat_threshold=67 67
is_linear=0
shrinkage=0.05


Tree=205
num_leaves=31
num_cat=0
split_feature=20 0 21 43 7 0 0 7 23 38 13 39 41 41 20 13 0 21 28 0 24 32 41 13 23 23 4 0 28 45
split_gain=3.83413 22.6059 22.2494 21.8437 21.7146 21.4144 19.0369 18.5324 24.7106 15.8195 17.6702 16.5131 12.9496 15.5557 14.5061 34.2913 17.711 12.1473 16.8764 12.14 11.6921 11.5705 16.7585 14.4953 10.5708 14.7297 36.7969 17.2589 14.4887 24.3787
threshold=15.35416666666667 14.687500000000002 27.812500000000004 11.214285714285717 0.0023995209594629978 18.854166666666668 14.020833333333334 0.55559569685292243 23.354166666666668 48.500000000000007 191.50000000000003 32.500000000000007 76.500000000000014 69.500000000000014 15.895833333333334 116.50000000000001 14.020833333333334 18.854166666666668 16.857638888888893 13.60416666666667 18.8125 3.5000000000000004 87.500000000000014 267.50000000000006 15.85416666666667 19.770833333333339 0.77083333333333337 15.35416666666667 20.319444444444446 15.500000000000002
decision_type=2 2 2 2 2 2 2 2 2 2 2 2 2 2 2 2 2 2 2 2 2 2 2 2 2 2 2 2 2 2
left_child=2 7 5 4 -3 6 17 12 20 10 -6 -11 13 19 16 -16 -14 18 -1 -2 -9 22 -8 -23 28 26 -26 -27 -5 -30
right_child=1 3 -4 24 9 -7 21 8 -10 11 -12 -13 14 -15 15 -17 -18 -19 -20 -21 -22 23 -24 -25 25 27 -28 -29 29 -31
leaf_value=-8.6315031616381919e-05 -0.028628802968358454 0.0066113205225822938 0.050837211446328606 -0.0017443262382053999 -0.019516306601109961 -0.040338815422728658 0.02437455891402332 0.0040512681430713701 -0.032153078427781229 -0.02402660004424494 0.045346516548168098 0.0067479842470264915 0.013372651829912858 0.033819174189120532 -0.08179202361498028 -0.019844525893898429 -0.044117692281447712 -0.015838374970480802 0.016699155437833579 0.0018140959495212884 0.053577855573250704 -0.00011808560482457038 0.0029443766892150135 0.019831655784846507 0.014139704474725144 0.031452418338795682 0.00020282890359877236 -0.0007530951544138533 -0.047671911058326563 -0.0049661238237538119
leaf_weight=10096 66 144 22 1096 21 32 193 22 23 300 21 51 37 20 32 74 21 120 152 65 26 553 173 109 689 42 1515 4367 48 110
leaf_count=10096 66 144 22 1096 21 32 193 22 23 300 21 51 37 20 32 74 21 120 152 65 26 553 173 109 689 42 1515 4367 48 110
internal_value=-8.30916e-09 -0.000785437 0.000602954 -0.000242015 -0.00999882 0.000506248 0.000620941 -0.0126168 0.0104596 -0.016085 0.0129151 -0.0195551 -0.0178182 -0.00725299 -0.0275459 -0.0385457 -0.00744282 -2.25473e-05 0.00016265 -0.0135235 0.0308782 0.00711091 0.014245 0.00316669 0.000423982 0.0012221 0.00455968 -0.000446306 -0.00378493 -0.01794
internal_weight=20240 8790 11450 8404 537 11428 11396 386 71 393 42 351 315 151 164 106 58 10368 10248 131 48 1028 366 662 7867 6613 2204 4409 1254 158
internal_count=20240 8790 11450 8404 537 11428 11396 386 71 393 42 351 315 151 164 106 58 10368 10248 131 48 1028 366 662 7867 6613 2204 4409 1254 158
is_linear=0
shrinkage=0.05


Tree=206
num_leaves=30
num_cat=0
split_feature=1 21 38 7 24 26 22 34 1 29 24 41 43 30 28 37 10 22 29 6 42 37 27 10 17 27 0 0 13
split_gain=3.79439 19.9649 22.7364 18.7061 13.57 13.3109 25.4974 12.6208 11.7586 7.8894 22.1661 21.3483 38.5226 21.2144 21.1807 12.03 9.40376 13.2011 8.27094 13.9838 10.8244 6.79721 5.8858 15.472 16.0476 7.86826 17.3426 6.89083 5.19932
threshold=57.729166666666679 28.145833333333339 124.50000000000001 0.6090596434066432 30.333333333333339 26.757440476190482 23.645833333333339 3.5000000000000004 57.937500000000007 5.841332857399518 20.818452380952387 156.50000000000003 17.357142857142858 0.19940476190476197 24.039583333333336 90.562500000000014 4.5000000000000009 20.354166666666668 5.7470842361365433 0.58636640804053919 132.92857142857147 88.037500000000009 6.1341084082564459 4.5000000000000009 -0.5 5.1379845452418804 13.60416666666667 36.104166666666679 180.50000000000003
decision_type=2 2 2 2 2 2 2 2 2 2 2 2 2 2 2 2 2 2 2 2 2 2 2 2 2 2 2 2 2
left_child=9 2 3 5 8 6 -2 28 -3 18 14 12 15 -14 16 -12 17 -11 22 -20 -21 -18 25 24 -24 27 -27 -1 -5
right_child=1 4 -4 7 -6 -7 -8 -9 -10 10 11 -13 13 -15 -16 -17 21 -19 19 20 -22 -23 23 -25 -26 26 -28 -29 -30
leaf_value=-0.00017692842432384762 -0.0029496310204267504 0.06624247437963883 -0.045669746578291613 0.018518883836540309 -0.0059397038396285934 -0.010954371953140134 0.065420819222927099 -0.043142606494016945 0.020531919620492878 0.0093553328534795172 -0.039407801248911183 -0.054889779719815124 0.051412990210311753 -0.0029456556346267463 0.045822565488774204 -0.0062369566274488846 0.039504202287644147 -0.02834023749649835 -0.0090929030285527308 0.059804491444744846 0.0089803611673414715 -0.0012246799699607352 -0.059005592342304153 0.019740182754618151 -0.0078542703479204494 -0.031919611762795189 0.0095098297886728033 0.0099645693603208699 -0.016263273588958242
leaf_weight=18834 25 24 27 22 23 23 30 25 34 45 82 32 28 50 29 41 20 48 30 22 20 21 23 27 46 27 392 169 21
leaf_count=18834 25 24 27 22 23 23 30 25 34 45 82 32 28 50 29 41 20 48 30 22 20 21 23 27 46 27 392 169 21
internal_value=-7.91705e-09 0.00607269 -0.00351924 0.00427572 0.0265592 0.0209863 0.0343433 -0.0148923 0.0394466 -7.71852e-05 -0.00706431 -0.0169586 -0.0109198 0.0165677 0.00707901 -0.0283509 -0.00130579 -0.0101004 6.40554e-05 0.0169794 0.0356025 0.0186431 1.65621e-06 -0.0123483 -0.0249047 6.27003e-05 0.00684015 -8.67367e-05 0.00153225
internal_weight=20240 254 173 146 81 78 55 68 58 19986 396 233 201 78 163 123 134 93 19590 72 42 41 19518 96 69 19422 419 19003 43
internal_count=20240 254 173 146 81 78 55 68 58 19986 396 233 201 78 163 123 134 93 19590 72 42 41 19518 96 69 19422 419 19003 43
is_linear=0
shrinkage=0.05


Tree=207
num_leaves=27
num_cat=0
split_feature=43 34 24 13 20 21 0 0 43 7 31 0 7 23 26 37 41 37 41 24 43 7 43 39 27 43
split_gain=3.61504 6.69148 11.5753 8.76777 4.32314 19.8856 19.7359 19.2271 19.0855 19.6162 19.6465 17.1621 16.9052 22.3587 14.3151 13.7258 11.7115 15.9744 14.1004 10.5433 10.0205 25.7125 13.7802 4.09209 2.48742 0.476784
threshold=30.285714285714288 6.5000000000000009 17.264880952380956 71.500000000000014 15.35416666666667 27.812500000000004 14.687500000000002 18.854166666666668 11.214285714285717 0.0023995209594629978 8.5000000000000018 14.020833333333334 0.55559569685292243 23.354166666666668 19.028273809523814 90.562500000000014 76.500000000000014 55.712500000000013 69.500000000000014 18.8125 21.928571428571434 0.45833333333333337 21.214285714285719 16.500000000000004 3.103215430587932 34.571428571428577
decision_type=2 2 2 2 2 2 2 2 2 2 2 2 2 2 2 2 2 2 2 2 2 2 2 2 2 2
left_child=4 2 -2 24 5 7 12 11 9 23 -11 14 16 19 -1 -13 18 -18 -6 -14 22 -22 -10 -8 25 -3
right_child=1 3 -4 -5 6 -7 8 -9 20 10 -12 15 13 -15 -16 -17 17 -19 -20 -21 21 -23 -24 -25 -26 -27
leaf_value=0.00015160047341618329 0.00075070232851430778 0.007978904936462642 0.05225477527827025 -0.025527364044683056 -0.012838524204229169 0.048074480984359985 0.023074213061321142 -0.038210642599733551 0.00069277349739742451 -0.019501457240788347 0.014338644031359225 0.0046446637662057562 0.004039532915604385 -0.030442224426761918 -0.02134958712491565 0.022511531755358714 -0.059835769242510717 -0.018934340512862913 0.032235139701515439 0.051070269483786374 -0.0024965904767784404 -0.054643287610573077 0.013013406264816681 0.0020569595406793625 0.022166147941723467 -0.0025767687763816314
leaf_weight=10273 24 20 20 24 131 22 29 32 5918 344 49 904 22 23 78 122 29 135 20 26 1572 24 236 115 25 23
leaf_count=10273 24 20 20 24 131 22 29 32 5918 344 49 904 22 23 78 122 29 135 20 26 1572 24 236 115 25 23
internal_value=-7.5071e-09 0.00812442 0.0241616 0.00045445 -5.49679e-05 0.000583694 -0.000896723 0.000492117 -0.000381958 -0.00949759 -0.0152822 0.000600976 -0.0119482 0.0100919 -1.04218e-05 0.00676918 -0.0169159 -0.0261669 -0.0068685 0.0295145 0.000249667 -0.00328075 0.00116526 0.0062896 0.0096245 0.00233285
internal_weight=20240 136 44 92 20104 11431 8673 11409 8287 537 393 11377 386 71 10351 1026 315 164 151 48 7750 1596 6154 144 68 43
internal_count=20240 136 44 92 20104 11431 8673 11409 8287 537 393 11377 386 71 10351 1026 315 164 151 48 7750 1596 6154 144 68 43
is_linear=0
shrinkage=0.05


Tree=208
num_leaves=31
num_cat=0
split_feature=33 28 23 34 13 40 42 6 29 44 18 43 24 29 25 34 41 13 21 45 29 29 0 44 37 48 24 20 44 45
split_gain=3.63523 9.37563 29.5308 21.6782 22.2556 19.0761 26.2919 20.3154 25.9984 14.2292 13.3163 13.2633 12.3419 14.8816 20.4579 14.6282 9.21573 10.8679 9.55135 7.39415 5.80395 16.8635 20.2274 19.8497 16.4555 21.6292 14.4894 13.9884 13.3623 8.48915
threshold=3.5000000000000004 26.006944444444446 23.520833333333339 3.5000000000000004 93.500000000000014 13.500000000000002 107.78571428571429 0.61254722367318204 5.5512514978644871 7.5000000000000009 -0.5 19.642857142857149 27.294642857142858 5.1612233359612976 3.688203345172766 11.500000000000002 187.50000000000003 75.500000000000014 31.145833333333339 43.500000000000007 6.2148863899079885 5.9402150625030243 17.020833333333339 1.0000000180025095e-35 90.21250000000002 0.94642857142857151 24.434523809523814 24.562500000000004 1.5000000000000002 26.500000000000004
decision_type=2 2 2 2 2 2 2 2 2 2 2 2 2 2 2 2 2 2 2 2 2 2 2 2 2 2 2 2 2 2
left_child=19 2 12 10 11 7 -7 8 -3 -6 -4 -5 13 15 -15 -2 17 -8 -18 20 21 29 -23 -24 25 27 -26 -22 -27 -1
right_child=1 5 3 4 9 6 16 -9 -10 -11 -12 -13 -14 14 -16 -17 18 -19 -20 -21 24 22 23 -25 26 28 -28 -29 -30 -31
leaf_value=-4.9462156484182656e-05 -0.0027624693343353632 0.089505901968195328 -0.083041963987052436 -0.067319865295663472 -0.011646613952743405 -0.040612252414025163 0.02971377713605762 -0.0025089793663937601 0.0098513362184166915 0.027903440985828639 -0.026670493591915478 -0.0163134889336876 -0.037355336377566516 0.056769037308361109 0.00044079272076487543 0.040622207950800661 -0.039965504793716328 0.0022244757528824266 0.0071773243094371128 0.026824067303767574 -0.0031394541908342111 0.016397042921744289 -0.05640671998262406 -0.010289934329505611 0.063076265224093653 0.031481588635520606 0.0056318853760049456 -0.058759432937949899 -0.0086365625688007899 0.0051360438767111402
leaf_weight=17746 681 21 20 25 94 37 50 32 20 30 22 26 22 27 40 20 21 128 22 26 26 32 40 56 23 51 21 20 35 826
leaf_count=17746 681 21 20 25 94 37 50 32 20 30 22 26 22 27 40 20 21 128 22 26 26 32 40 56 23 51 21 20 35 826
internal_value=-7.13748e-09 -0.00251859 -0.00491821 -0.0212554 -0.0135133 0.00478174 -0.00160312 0.0273474 0.05065 -0.00207805 -0.0535141 -0.0413166 -0.000430657 0.000627081 0.0231402 -0.00152468 0.00492782 0.00994619 -0.0158459 0.000178274 0.000141572 5.65143e-05 -0.0180297 -0.0295053 0.00917892 0.000352022 0.0356596 -0.0273221 0.0151544 0.000181166
internal_weight=20240 1338 1007 217 175 331 258 73 41 124 42 51 790 768 67 701 221 178 43 18902 18876 18700 128 96 176 132 44 46 86 18572
internal_count=20240 1338 1007 217 175 331 258 73 41 124 42 51 790 768 67 701 221 178 43 18902 18876 18700 128 96 176 132 44 46 86 18572
is_linear=0
shrinkage=0.05


Tree=209
num_leaves=31
num_cat=2
split_feature=20 50 43 12 30 0 45 29 16 43 21 20 50 6 6 20 23 4 21 0 21 26 0 27 42 22 20 33 36 13
split_gain=3.58998 17.6598 14.7831 11.7485 18.0735 10.8518 17.6231 18.2463 22.3225 10.8069 12.9474 12.7055 9.71479 9.22976 8.58938 7.96517 17.2196 19.7638 16.6542 18.4861 12.9123 7.38482 11.1828 8.32989 15.4128 7.81031 7.0403 7.4147 6.74735 10.7991
threshold=9.3958333333333339 0 5.5000000000000009 8.5000000000000018 0.0059523809523809867 10.645833333333334 16.500000000000004 2.660352693204318 -0.56174490092936669 10.214285714285717 15.270833333333334 7.9375000000000009 1 0.44086806373126136 0.91147079346092508 15.35416666666667 15.85416666666667 0.97916666666666685 27.812500000000004 18.854166666666668 9.0625000000000018 10.52827380952381 10.145833333333334 2.5097347269333468 78.500000000000014 10.270833333333334 8.1458333333333339 1.5000000000000002 0.92857142857142871 221.50000000000003
decision_type=2 1 2 2 2 2 2 2 2 2 2 2 1 2 2 2 2 2 2 2 2 2 2 2 2 2 2 2 2 2
left_child=1 21 -2 9 -5 6 7 12 -9 10 11 -3 -4 -11 -15 18 17 -17 19 -7 -18 22 23 25 -25 -1 27 -6 -23 -30
right_child=2 3 5 4 26 15 -8 8 -10 13 -12 -13 -14 14 -16 16 20 -19 -20 -21 -22 28 -24 24 -26 -27 -28 -29 29 -31
leaf_value=-0.00038202369703865238 -0.039615331528087459 0.0074256158601492652 0.0092453558519803771 0.049329715764948302 0.02470401924854071 0.0020051335676477492 0.018295399089055583 0.0065529219894891692 -0.028678713413548603 -0.015202675073373098 -0.034478794783353806 -0.0058188656635471793 -0.0044466730206273852 0.02045719139132416 -0.0026272009544710258 -0.011184078518243649 0.038609014468436897 -0.00021443140793310237 0.045331039120951162 -0.03614371971343644 0.00024435055937433754 -0.030930679758478491 0.027630946298854223 0.012542739023382848 -0.036441149114675463 0.015401647555872842 0.00053771510768759378 -0.0087916786130517715 -0.014808047764204644 0.023789062475164734
leaf_weight=3865 24 450 135 35 95 4161 84 63 157 27 25 303 1303 192 51 766 22 885 22 32 7110 35 36 26 42 80 96 20 74 24
leaf_count=3865 24 450 135 35 95 4161 84 63 157 27 25 303 1303 192 51 766 22 885 22 32 7110 35 36 26 42 80 96 20 74 24
internal_value=-6.78673e-09 0.0010934 -0.000405553 0.00617252 0.0160537 -0.000341711 -0.00404754 -0.00517951 -0.0185897 0.00391199 0.000920875 0.00209616 -0.00312789 0.0125308 0.0156123 0.000154947 -0.000702499 -0.00530392 0.00194165 0.00171399 0.000362694 -0.000491776 -0.000112149 -0.000361028 -0.017712 -6.19492e-05 0.010534 0.0188787 -0.012086 -0.00535569
internal_weight=20240 5476 14764 1294 246 14740 1742 1658 220 1048 778 753 1438 270 243 12998 8783 1651 4215 4193 7132 4182 4049 4013 68 3945 211 115 133 98
internal_count=20240 5476 14764 1294 246 14740 1742 1658 220 1048 778 753 1438 270 243 12998 8783 1651 4215 4193 7132 4182 4049 4013 68 3945 211 115 133 98
cat_boundaries=0 1 2
cat_threshold=50 33
is_linear=0
shrinkage=0.05


Tree=210
num_leaves=29
num_cat=1
split_feature=39 50 20 18 0 22 22 39 37 25 1 45 23 45 41 32 34 37 1 6 36 15 32 25 33 23 4 1
split_gain=3.51724 3.64271 14.3542 16.9806 14.5714 12.0816 15.3901 12.2719 11.8432 13.9527 10.8242 23.8875 19.9383 29.7059 23.1737 17.9169 25.5709 17.2602 11.4 24.3683 20.9897 9.75385 8.6744 12.0734 7.55599 7.16222 7.14768 6.68547
threshold=5.5000000000000009 0 8.5208333333333339 0.25000000000000017 7.4375000000000009 12.562500000000002 13.937500000000002 26.500000000000004 64.612500000000011 3.879376475052394 27.979166666666668 27.500000000000004 27.187500000000004 25.500000000000004 84.500000000000014 1.5000000000000002 8.5000000000000018 88.287500000000023 27.895833333333339 0.91368273959897006 3.3571428571428572 1.0000000180025095e-35 4.5000000000000009 2.1001897431623955 1.5000000000000002 14.47916666666667 0.60416666666666685 16.229166666666668
decision_type=2 1 2 2 2 2 2 2 2 2 2 2 2 2 2 2 2 2 2 2 2 2 2 2 2 2 2 2
left_child=-1 2 3 5 27 7 -7 -2 9 -6 18 12 14 -14 -12 16 -13 -17 22 20 -20 -10 23 -3 -21 -5 -24 -4
right_child=1 10 4 25 8 6 -8 -9 21 -11 11 15 13 -15 -16 17 -18 -19 19 24 -22 -23 26 -25 -26 -27 -28 -29
leaf_value=-0.019129569731497518 0.0097280058973881218 -0.00032397813533207757 -0.0023237773217260837 0.021574174754064659 -0.00021888086285314415 -0.023188238822532677 0.0096592655836433613 0.050796601623296737 0.00041532087721069959 -0.0089433269859087536 0.017661560861312826 -0.02148406331950467 -0.016844451890603917 -0.077308369531030097 -0.014454793203575844 -0.0036789466925525901 0.038800462440121919 0.013052771601182104 0.00071376792904807298 -0.034903823904207223 0.04728903177951984 0.0054843865025549811 0.0019229698901557749 0.0069953106283061608 0.0022026636576115647 0.060467753428965813 -0.0080874643893033924 -0.036958232018361362
leaf_weight=24 201 7235 22 29 5261 65 79 20 2205 502 69 146 74 28 302 324 20 294 41 23 59 1666 255 611 34 20 593 38
leaf_count=24 201 7235 22 29 5261 65 79 20 2205 502 69 146 74 28 302 324 20 294 41 23 59 1666 255 611 34 20 593 38
internal_value=1.1209e-07 2.28224e-05 0.000693642 0.00981187 0.000304947 0.00610166 -0.00516773 0.0134446 0.000457929 -0.000978845 -0.000648042 -0.00499041 -0.0138643 -0.0334424 -0.00848167 0.000363357 -0.0142209 0.0042808 -3.20796e-05 0.0133211 0.0281932 0.00259694 -0.000273218 0.000246005 -0.0127701 0.0374491 -0.00507725 -0.0242589
internal_weight=20240 20216 10108 414 9694 365 144 221 9634 5763 10108 1257 473 102 371 784 166 618 8851 157 100 3871 8694 7846 57 49 848 60
internal_count=20240 20216 10108 414 9694 365 144 221 9634 5763 10108 1257 473 102 371 784 166 618 8851 157 100 3871 8694 7846 57 49 848 60
cat_boundaries=0 1
cat_threshold=45
is_linear=0
shrinkage=0.05


Tree=211
num_leaves=28
num_cat=0
split_feature=8 31 8 34 30 42 20 20 0 40 23 25 35 24 40 23 21 25 10 40 25 28 10 5 7 5 8
split_gain=3.47987 5.48684 5.91855 4.09704 5.89814 3.80242 18.0338 14.3379 22.5645 10.711 9.22579 8.95774 14.2567 12.0219 6.18274 10.3933 19.3229 8.88953 8.08546 7.10946 9.74502 23.7516 8.82367 7.82183 13.8639 13.7995 3.69292
threshold=0.10947712418300655 8.5000000000000018 0.18217893217893222 1.5000000000000002 0.017857142857142839 63.642857142857146 17.395833333333339 8.3958333333333339 9.3125000000000018 11.500000000000002 15.937500000000002 1.6145369264488285 3.0714285714285716 11.127976190476192 4.5000000000000009 15.645833333333334 15.812500000000002 2.4310345325755458 3.5000000000000004 6.5000000000000009 3.3177711969292472 21.121527777777782 2.5000000000000004 0.52083333333333337 0.082379143194025853 0.97916666666666685 0.15587044534412958
decision_type=2 2 2 2 2 2 2 2 2 2 2 2 2 2 2 2 2 2 2 2 2 2 2 2 2 2 2
left_child=5 2 3 -2 -5 6 7 11 10 -10 -9 12 -1 -13 15 16 18 -17 -7 20 21 -16 -22 24 -21 -25 -6
right_child=1 -3 -4 4 26 14 -8 8 9 -11 -12 13 -14 -15 19 17 -18 -19 -20 23 22 -23 -24 25 -26 -27 -28
leaf_value=-0.00086508431547204856 0.0093391812450829004 -0.031201960119817941 0.013008686086457028 -0.036779819550397601 -0.019620168735100717 0.00032031778728675193 -0.037254737216447086 -0.018454121377639819 0.00098969779689201992 -0.010198281761532759 0.015083294844424184 0.012000601242150386 0.040770020282694275 -0.01491337598628424 -0.0043367917426060058 0.044655401742784311 -0.038846548437140888 0.0033677729354663331 0.027062820921807243 0.025600958820748129 -0.03905677911951333 0.050998694635927683 -0.0042868331385155526 -0.0048469310016309858 0.0012837136371564983 0.00041574161075135543 0.0065308232067359823
leaf_weight=983 21 21 38 23 27 76 35 302 1002 272 22 354 21 47 638 32 24 22 45 59 37 20 36 1610 8942 5504 27
leaf_count=983 21 21 38 23 27 76 35 302 1002 272 22 354 21 47 638 32 24 22 45 59 37 20 36 1610 8942 5504 27
internal_value=1.06492e-07 -0.00741488 -0.00374188 -0.010237 -0.015576 5.80736e-05 -0.00157156 -0.00115567 -0.00439522 -0.00139894 -0.0161769 0.00252888 5.76947e-06 0.0088461 0.00034853 0.00911014 0.00213692 0.0278345 0.0102659 0.00024503 -0.00457774 -0.00265486 -0.02191 0.000463798 0.00144311 -0.000775277 -0.00654467
internal_weight=20240 157 136 98 77 20083 3038 3003 1598 1274 324 1405 1004 401 17045 199 145 54 121 16846 731 658 73 16115 9001 7114 54
internal_count=20240 157 136 98 77 20083 3038 3003 1598 1274 324 1405 1004 401 17045 199 145 54 121 16846 731 658 73 16115 9001 7114 54
is_linear=0
shrinkage=0.05


Tree=212
num_leaves=23
num_cat=0
split_feature=13 43 34 21 13 20 7 26 20 31 15 1 28 40 24 45 27 35 4 27 4 45
split_gain=3.42626 3.34649 6.56382 9.04062 7.85072 4.02555 15.8222 21.504 16.1815 15.9627 15.8811 13.9072 18.0863 15.5619 6.87914 6.80661 7.50684 6.67082 6.61584 2.85193 1.52291 0.464386
threshold=365.50000000000006 30.714285714285719 6.5000000000000009 14.687500000000002 71.500000000000014 18.854166666666668 1.0000000180025095e-35 19.531250000000004 37.562500000000007 4.5000000000000009 0.6078576107927941 19.729166666666668 14.957638888888891 16.500000000000004 27.529761904761909 18.500000000000004 3.1356625142054413 7.5000000000000009 0.39583333333333343 3.103215430587932 0.97916666666666685 17.500000000000004
decision_type=2 2 2 2 2 2 2 2 2 2 2 2 2 2 2 2 2 2 2 2 2 2
left_child=1 5 3 -3 19 11 9 10 -9 17 -8 15 -13 -14 -11 16 -1 -7 -17 21 -2 -4
right_child=20 2 4 -5 -6 6 7 8 -10 14 -12 12 13 -15 -16 18 -18 -19 -20 -21 -22 -23
leaf_value=-8.832548849842634e-05 -0.024375098533928396 -3.9934529922902584e-05 -0.0037657921190839259 0.046408104320818731 -0.02410553443284395 0.012408986299399388 -0.0063118037301039091 -0.00064359899137849254 -0.028223674916834748 -0.0013577930936528309 -0.024302827778500981 0.05184842580929399 0.00032586201994959786 0.01007452759253228 0.0092604667013056752 0.016254804848543497 -0.0062158103972394553 0.034781319995648985 0.0011040512209133753 0.024034287588967182 -0.0048628901527263228 0.007009014535578899
leaf_weight=12308 20 20 20 22 24 148 462 3512 54 596 167 20 1078 660 205 122 521 43 176 22 20 20
leaf_count=12308 20 20 20 22 24 148 462 3512 54 596 167 20 1078 660 205 122 521 43 176 22 20 20
internal_value=1.01171e-07 2.90499e-05 0.00808801 0.02429 0.000175418 -2.23425e-05 -0.00122185 -0.00256473 -0.00106124 0.00445693 -0.0110884 0.000395653 0.00457192 0.00402789 0.00135974 -0.000163643 -0.000337169 0.0174457 0.00730671 0.0095745 -0.014619 0.00162161
internal_weight=20240 20200 128 42 86 20072 5187 4195 3566 992 629 14885 1758 1738 801 13127 12829 191 298 62 40 40
internal_count=20240 20200 128 42 86 20072 5187 4195 3566 992 629 14885 1758 1738 801 13127 12829 191 298 62 40 40
is_linear=0
shrinkage=0.05


Tree=213
num_leaves=31
num_cat=1
split_feature=50 20 18 45 26 35 1 10 25 46 1 26 6 7 7 38 1 45 6 41 30 23 15 41 27 26 20 41 22 1
split_gain=3.3604 12.7073 15.4888 11.7455 13.3463 17.0964 16.1823 14.557 14.1166 11.2676 11.8189 10.9274 12.1237 10.8394 11.8713 10.3376 9.76835 21.6772 20.162 24.6023 26.3778 23.9787 14.4636 17.5382 22.4077 14.6237 14.9192 14.1539 11.971 10.2287
threshold=0 8.5208333333333339 0.25000000000000017 19.500000000000004 20.584821428571434 3.9285714285714293 57.562500000000007 2.5000000000000004 1.8536705637242696 0.37500000000000006 41.895833333333336 11.242559523809527 0.60284591248017827 0.73166392993979212 0.47600627413859548 69.500000000000014 27.979166666666668 27.500000000000004 0.83866335669781944 84.500000000000014 0.46130952380952384 23.520833333333339 1.0000000180025095e-35 107.50000000000001 3.0845311552703847 15.638392857142859 14.437500000000002 140.50000000000003 21.812500000000004 27.895833333333339
decision_type=1 2 2 2 2 2 2 2 2 2 2 2 2 2 2 2 2 2 2 2 2 2 2 2 2 2 2 2 2 2
left_child=1 2 11 9 6 -6 7 -5 -7 10 -3 -1 15 14 -11 -13 29 18 19 21 -21 -18 23 28 -25 -24 -27 -20 -19 -2
right_child=16 3 -4 4 5 8 -8 -9 -10 13 -12 12 -14 -15 -16 -17 17 22 27 20 -22 -23 25 24 -26 26 -28 -29 -30 -31
leaf_value=0.011415253641994992 -0.00028756715635225815 -0.047174480177748668 0.035612299244812864 -0.01931623427028006 -0.031037390074043564 -0.016595624448243706 0.064769744807854288 0.032881118740667313 0.0083376374860287678 0.00034394518544081463 0.0032581870133678117 -0.0083648336459956462 -0.036520419421571269 0.036673167534172539 -0.0065774376720968463 0.031446545435623689 0.028508880596769894 -0.023111643355671958 0.018227969324343826 -0.020387263425964877 -0.066863549708255698 -0.028949068157623211 0.045346535672433678 0.044631540303428974 -0.0022806695644422212 -0.026458332939621285 0.0084542904049158107 -0.016303486222401263 0.0024039471006164184 0.012589315765175472
leaf_weight=254 8706 26 49 22 33 63 20 34 574 8222 21 63 27 20 670 22 46 157 73 239 35 30 24 30 168 34 306 50 65 157
leaf_count=254 8706 26 49 22 33 63 20 34 574 8222 21 63 27 20 670 22 46 157 73 239 35 30 24 30 168 34 306 50 65 157
internal_value=9.60918e-08 0.000644036 0.00921269 0.000278292 0.00630622 0.0040538 0.0261631 0.012375 0.00587171 -0.000223643 -0.0246407 0.00567831 -0.00733225 -9.48724e-05 -0.000177572 0.00193929 -0.000643844 -0.00476938 -0.0132228 -0.0193424 -0.026324 0.00582811 0.0003307 -0.00599161 0.00482724 0.00762568 0.00496303 0.00419079 -0.0156409 -5.94649e-05
internal_weight=20240 10120 415 9705 746 670 76 56 637 8959 47 366 112 8912 8892 85 10120 1257 473 350 274 76 784 420 198 364 340 123 222 8863
internal_count=20240 10120 415 9705 746 670 76 56 637 8959 47 366 112 8912 8892 85 10120 1257 473 350 274 76 784 420 198 364 340 123 222 8863
cat_boundaries=0 1
cat_threshold=45
is_linear=0
shrinkage=0.05


Tree=214
num_leaves=31
num_cat=0
split_feature=33 46 43 16 21 22 38 29 29 25 23 23 42 28 20 45 15 23 43 43 42 24 4 32 36 31 20 7 20 35
split_gain=3.45879 12.9516 11.7268 13.8134 13.8242 11.4365 24.5938 17.2804 41.506 21.9048 18.2752 15.3215 14.3708 27.6851 13.0984 8.32947 14.6337 16.2161 32.0972 28.3969 16.5442 16.39 15.0223 29.578 23.3464 15.5568 13.7319 13.2137 9.57331 7.61155
threshold=2.5000000000000004 0.62500000000000011 13.500000000000002 -0.22252093395631442 20.187500000000004 33.770833333333336 90.500000000000014 5.2341159736979153 5.841332857399518 4.3192497383699004 34.812500000000007 33.187500000000007 128.78571428571431 33.215972222222227 22.645833333333339 10.500000000000002 -1.0000000180025095e-35 33.479166666666679 25.357142857142858 22.642857142857149 143.92857142857147 24.633928571428577 0.64583333333333337 6.5000000000000009 3.5000000000000004 7.5000000000000009 30.229166666666668 0.11934592764213149 33.687500000000007 11.071428571428573
decision_type=2 2 2 2 2 2 2 2 2 2 2 2 2 2 2 2 2 2 2 2 2 2 2 2 2 2 2 2 2 2
left_child=15 2 -2 -4 -5 7 -7 10 9 -9 11 -3 -8 -14 -10 -1 17 20 19 -19 21 -17 23 25 -25 -18 -22 28 -24 -20
right_child=1 5 3 4 -6 6 12 8 14 -11 -12 -13 13 -15 -16 16 22 18 29 -21 26 -23 27 24 -26 -27 -28 -29 -30 -31
leaf_value=-0.00042637937019776177 0.0097338313742407739 -0.001854876397082278 -0.0027386566053847882 -0.068126549664884808 -0.021485909669006126 -0.061829787136419956 -0.03626907340989545 0.013158588232717625 -0.024473933421725793 0.053206233896555447 0.028898912769121429 -0.04382314742966132 0.029997270732966003 -0.02432184683288344 0.0066444845245002887 0.00046804964834572189 0.0069151455802733521 -0.017746589078832097 0.039064522609114652 -0.084468757037235345 0.0061710414125722042 -0.011991977371208449 0.00010413605690726344 -0.0013646580465137958 0.047690520909485189 -0.028951683322027806 0.033581292768093678 -0.029257288353668677 0.02483468447022549 -0.0045575625356286771
leaf_weight=12773 35 1891 49 24 47 23 29 76 63 62 48 22 49 45 73 1881 1221 52 20 23 270 307 859 35 79 31 55 37 41 20
leaf_count=12773 35 1891 49 24 47 23 29 76 63 62 48 22 49 45 73 1881 1221 52 20 23 270 307 859 35 79 31 55 37 41 20
internal_value=9.13052e-08 -0.00172689 -0.0157315 -0.0231589 -0.0372518 -0.000815207 -0.0143733 7.0468e-05 0.0118322 0.031151 -0.00157294 -0.00233752 -0.00549935 0.00399344 -0.00777066 0.000247472 0.00199298 -0.000556868 -0.0189171 -0.0382081 0.000283333 -0.00128023 0.00490266 0.0082472 0.0326297 0.00602707 0.0108097 2.68466e-05 0.00123075 0.0172535
internal_weight=20240 2536 155 120 71 2381 146 2235 274 138 1961 1913 123 94 136 17704 4931 2628 115 75 2513 2188 2303 1366 114 1252 325 937 900 40
internal_count=20240 2536 155 120 71 2381 146 2235 274 138 1961 1913 123 94 136 17704 4931 2628 115 75 2513 2188 2303 1366 114 1252 325 937 900 40
is_linear=0
shrinkage=0.05


Tree=215
num_leaves=31
num_cat=0
split_feature=10 9 13 26 30 27 30 22 12 13 27 36 42 1 30 20 20 6 27 12 29 25 38 1 1 20 5 41 0 23
split_gain=3.31798 8.7744 11.4663 16.7389 13.8682 15.0387 10.3071 9.45794 9.31628 12.3609 12.1902 15.5833 18.5598 13.532 9.3371 7.4938 16.6085 12.7163 6.74013 5.22409 12.3181 27.5484 22.3468 12.5207 10.6565 15.7891 27.4121 34.9547 15.339 14.5374
threshold=5.5000000000000009 0.99875372023809539 83.500000000000014 13.316964285714286 0.32440476190476197 3.3850448856987021 0.60714285714285732 17.854166666666668 8.5000000000000018 229.50000000000003 1.5825333553392575 6.6428571428571432 118.21428571428574 34.604166666666679 0.16666666666666677 29.604166666666668 28.020833333333339 0.92810897925726288 2.5482232800772722 5.5000000000000009 5.1612233359612976 1.3317823320250743 64.500000000000014 41.812500000000007 57.770833333333336 21.562500000000004 0.97916666666666685 151.50000000000003 22.312500000000004 18.937500000000004
decision_type=2 2 2 2 2 2 2 2 2 2 2 2 2 2 2 2 2 2 2 2 2 2 2 2 2 2 2 2 2 2
left_child=19 8 7 -4 5 -5 -6 -3 9 15 -10 12 -12 -13 18 16 -2 -17 -11 20 -1 -22 -23 -24 25 28 27 -27 -21 -30
right_child=1 2 3 4 6 -7 -8 -9 10 14 11 13 -14 -15 -16 17 -18 -19 -20 24 21 22 23 -25 -26 26 -28 -29 29 -31
leaf_value=0.00013940283882589577 -0.00047697956779986619 0.0053141766289135795 -7.5251472154908841e-05 0.072645068071782601 -0.020801912453025581 0.024988427813335948 0.025537165269876524 -0.036697676693577146 -0.001344381147795385 -0.015757275356546693 0.0091131916136301602 0.011117340789900886 0.037488738950813498 -0.040482579031959176 0.0030660761096514763 0.029972146258179871 -0.041515539430081849 -0.0045031715499404797 -0.054035814624765643 -0.00080186149219876575 -0.047485970204607368 -0.029142112934277976 0.018906205432595413 -0.0019286755412336318 0.014437828463053816 -0.005771370466488103 0.008961224458712851 -0.030144294546001028 0.042573891413447106 0.0057528482242819989
leaf_weight=8533 1781 37 101 25 20 49 30 21 310 23 213 27 79 24 25 53 25 54 23 6927 21 32 321 93 108 750 223 183 38 91
leaf_count=8533 1781 37 101 25 20 49 30 21 310 23 213 27 79 24 25 53 25 54 23 6927 21 32 321 93 108 750 223 183 38 91
internal_value=8.67441e-08 0.00155922 0.00992583 0.0150357 0.0273438 0.0410886 0.00700153 -0.00989701 0.000661328 -0.00104366 0.00584157 0.0123362 0.0167901 -0.013165 -0.0215294 -0.000283344 -0.00104507 0.0125734 -0.0348965 -0.00026277 0.000572144 0.00847917 0.0111143 0.0142259 -0.00116592 -0.00137113 -0.0067877 -0.0105519 -0.000483727 0.0165994
internal_weight=20240 2920 283 225 124 74 50 58 2637 1984 653 343 292 51 71 1913 1806 107 46 17320 9000 467 446 414 8320 8212 1156 933 7056 129
internal_count=20240 2920 283 225 124 74 50 58 2637 1984 653 343 292 51 71 1913 1806 107 46 17320 9000 467 446 414 8320 8212 1156 933 7056 129
is_linear=0
shrinkage=0.05


Tree=216
num_leaves=31
num_cat=0
split_feature=33 27 34 21 0 39 41 10 48 29 34 42 18 25 34 34 41 25 27 45 39 22 24 23 22 42 46 21 41 9
split_gain=3.28488 9.42996 25.8746 21.0168 23.6994 19.9833 19.6364 20.8799 16.9517 16.2904 22.6191 15.4646 9.11362 22.9557 17.9338 9.68088 12.3771 10.7111 7.61767 14.5614 15.3692 16.8625 24.0049 17.2184 8.24554 33.4734 22.2406 21.6562 15.3611 11.7649
threshold=3.5000000000000004 4.4623090862005137 6.5000000000000009 16.854166666666668 24.145833333333339 23.500000000000004 137.50000000000003 3.5000000000000004 0.91071428571428592 5.1612233359612976 4.5000000000000009 120.92857142857144 0.6830127018922193 1.6447341594389797 5.5000000000000009 9.5000000000000018 112.50000000000001 2.5237791039809863 4.8878627288419434 33.500000000000007 13.500000000000002 27.187500000000004 27.294642857142858 17.645833333333339 28.145833333333339 158.14285714285717 0.87500000000000011 20.187500000000004 114.50000000000001 0.98687343358395996
decision_type=2 2 2 2 2 2 2 2 2 2 2 2 2 2 2 2 2 2 2 2 2 2 2 2 2 2 2 2 2 2
left_child=18 9 6 -4 -5 -6 7 8 -3 12 -11 -12 15 -14 -15 16 -2 -17 24 20 -20 23 -23 -22 -1 26 28 -28 -26 -27
right_child=1 2 3 4 5 -7 -8 -9 -10 10 11 -13 13 14 -16 17 -18 -19 19 -21 21 22 -24 -25 25 29 27 -29 -30 -31
leaf_value=0.00020558104968096251 0.0032020960405524305 0.0010779397789915295 0.053253313452005395 -0.04257903471589089 -0.033068932779133323 0.020597361897085737 0.011085780497108188 -0.078075451720505951 -0.037102313138709604 0.058105457926701222 -0.030161114001557944 0.031272487603127959 0.0091979477825489923 -0.0035350824794645806 -0.056830341486554393 0.00025702029958230688 -0.010338569662627542 0.036393465126889783 0.045744682209832327 0.037959992745891215 -0.026495174749119988 0.021881431118847851 -0.0091034312398456368 0.00052594137923464318 0.046267202418918414 0.023990495224576774 -0.063616311612228554 -0.014750128160798695 -0.0066497870313469327 0.0017796139819428614
leaf_weight=17155 471 46 20 28 22 82 35 20 79 28 21 20 55 27 38 46 263 37 21 32 69 195 92 405 24 71 24 410 32 372
leaf_count=17155 471 46 20 28 22 82 35 20 79 28 21 20 55 27 38 46 263 37 21 32 69 195 92 405 24 71 24 410 32 372
internal_value=8.2396e-08 -0.00239406 -0.00970085 0.00548895 -0.00174807 0.00924488 -0.0225278 -0.0306414 -0.023052 1.73267e-05 0.023464 -0.000193503 -0.00170927 -0.0145759 -0.0346923 0.000180569 -0.00164967 0.016366 0.000169555 0.00490118 0.00354839 0.00238397 0.011949 -0.00340751 -4.3379e-05 -0.00462099 -0.013626 -0.0174524 0.0160289 0.00533937
internal_weight=20240 1338 332 152 132 104 180 145 125 1006 69 41 937 120 65 817 734 83 18902 814 782 761 287 474 18088 933 490 434 56 443
internal_count=20240 1338 332 152 132 104 180 145 125 1006 69 41 937 120 65 817 734 83 18902 814 782 761 287 474 18088 933 490 434 56 443
is_linear=0
shrinkage=0.05


Tree=217
num_leaves=25
num_cat=0
split_feature=21 38 41 41 5 24 32 45 38 26 40 27 13 13 27 9 22 20 35 28 22 38 0 21
split_gain=3.24716 14.3927 14.1402 14.7856 32.7987 18.5702 21.8792 16.779 13.9253 12.1389 23.145 19.1592 19.3093 24.5163 9.54661 9.43253 8.19712 7.75814 7.12571 18.1523 9.38553 6.87089 13.0087 5.83168
threshold=31.145833333333339 80.500000000000014 102.50000000000001 205.50000000000003 0.35416666666666669 30.747023809523814 4.5000000000000009 23.500000000000004 70.500000000000014 29.174107142857149 10.500000000000002 2.3557615967708618 84.500000000000014 129.50000000000003 4.3019365669452281 0.99707512315270952 35.270833333333336 36.062500000000007 8.9285714285714306 23.470138888888894 34.437500000000007 107.50000000000001 26.395833333333339 34.562500000000007
decision_type=2 2 2 2 2 2 2 2 2 2 2 2 2 2 2 2 2 2 2 2 2 2 2 2
left_child=9 8 15 5 -5 6 -4 -7 -2 16 -11 -12 14 -14 -13 21 17 18 20 -20 -1 -3 -23 -6
right_child=1 2 3 4 23 7 -8 -9 -10 10 11 12 13 -15 -16 -17 -18 -19 19 -21 -22 22 -24 -25
leaf_value=-7.1758252492783788e-05 0.0040363751267167656 0.0010528203845024109 0.0016416657932622489 -0.065831021705399381 0.014043100418745203 0.0037101503723005868 0.03588020520686519 -0.041031528399749238 0.061682521030306817 -0.055595148958265783 -0.050883542162112216 0.025710837822407486 -0.032909614024683835 0.0016990364681680123 -0.0092876711239417396 0.0059271682537847051 0.026597846100299524 -0.0263049126486294 -0.0011670156595942696 0.020428549443216374 -0.030133825511886526 -0.063385187140242619 -0.01507262573332379 -0.010689767089692957
leaf_weight=18434 22 20 86 23 44 441 102 22 20 25 22 70 80 142 27 38 29 28 277 150 26 22 38 52
leaf_count=18434 22 20 86 23 44 441 102 22 20 25 22 70 80 142 27 38 29 28 277 150 26 22 38 52
internal_value=7.82803e-08 0.00288588 0.00153313 0.00400307 -0.0122024 0.00696536 0.0202179 0.0015842 0.0314869 -0.000138906 -0.00915801 -0.00575353 -0.00264111 -0.0107725 0.015969 -0.0145843 3.53435e-05 -5.38142e-06 3.36077e-05 0.00641925 -0.000114099 -0.0243272 -0.0327872 0.000646131
internal_weight=20240 930 888 770 119 651 188 463 42 19310 366 341 319 222 97 118 18944 18915 18887 427 18460 80 60 96
internal_count=20240 930 888 770 119 651 188 463 42 19310 366 341 319 222 97 118 18944 18915 18887 427 18460 80 60 96
is_linear=0
shrinkage=0.05


Tree=218
num_leaves=31
num_cat=0
split_feature=37 5 20 0 25 35 25 6 25 38 27 43 1 39 24 20 22 9 0 24 36 23 27 43 37 37 28 39 0 33
split_gain=3.26283 6.34664 3.59998 20.5243 16.5295 23.0002 17.9885 13.319 13.1334 12.5827 16.3578 10.0098 9.09518 8.19883 7.75721 8.78834 7.74363 6.97577 6.63832 17.236 13.8017 11.1029 11.6964 6.33837 11.9352 6.50729 6.11882 1.71968 1.26586 0.647083
threshold=112.58750000000002 0.31250000000000006 10.645833333333334 10.645833333333334 2.7095235469219339 3.9285714285714293 3.0377569800082296 0.54950373427672961 3.4593013215092285 54.500000000000007 1.3454158635860942 7.6428571428571432 17.812500000000004 27.500000000000004 10.276785714285715 14.020833333333334 10.937500000000002 0.97374686716792003 10.520833333333334 12.747023809523812 3.5000000000000004 16.520833333333339 2.1544102474977054 7.2142857142857153 66.512500000000017 55.712500000000013 14.148611111111114 33.500000000000007 17.270833333333339 1.5000000000000002
decision_type=2 2 2 2 2 2 2 2 2 2 2 2 2 2 2 2 2 2 2 2 2 2 2 2 2 2 2 2 2 2
left_child=2 -2 4 9 18 7 -7 8 -6 10 -4 -12 -8 -9 16 -16 -11 -5 21 20 -20 22 -1 24 -19 -25 -23 28 -3 -30
right_child=1 27 3 17 5 6 12 13 -10 14 11 -13 -14 -15 15 -17 -18 23 19 -21 -22 26 -24 25 -26 -27 -28 -29 29 -31
leaf_value=0.00040704724561151383 0.025048365626533172 -0.0040831663421001928 -0.061352557179634462 0.022145158269309573 0.02836014349789669 0.070813683258450555 0.0031260612800619323 -0.018042131923610653 -0.0022807252949432416 -0.0074266900568978785 0.011298859857309324 -0.024829869936794452 0.038197083460787935 0.014811167135834694 4.8512874417759822e-06 -0.029341820986675368 -0.04137261954269239 0.01003322618802706 0.006345094805390643 -0.029623832541608042 0.04057240487309173 0.044682909905289614 -0.0071795136658608337 -0.0035580724511325721 -0.028134021466528932 0.00026643629274870993 0.0060398785211145875 -0.012036832449957728 0.01454053299788099 0.0034890770084328123
leaf_weight=5675 38 29 24 35 72 23 38 79 68 42 26 73 36 25 287 28 28 33 370 31 32 21 558 1235 54 11187 20 20 26 27
leaf_count=5675 38 29 24 35 72 23 38 79 68 42 26 73 36 25 287 28 28 33 370 31 32 21 558 1235 54 11187 20 20 26 27
internal_value=7.43689e-08 0.00760677 -5.29076e-05 -0.000544626 0.000857693 0.0115965 0.0321918 0.00340898 0.0134774 -0.0103973 -0.0243193 -0.0153415 0.0201876 -0.0101447 -0.00594944 -0.00260374 -0.0210051 -0.00014562 0.000311708 0.00629945 0.00906966 -0.000101536 -0.000272128 -0.000207989 -0.0136568 -0.000113798 0.0258327 0.00110893 0.00431521 0.00891055
internal_weight=20240 140 20100 13052 7048 341 97 244 140 508 123 99 74 104 385 315 70 12544 6707 433 402 6274 6233 12509 87 12422 41 102 82 53
internal_count=20240 140 20100 13052 7048 341 97 244 140 508 123 99 74 104 385 315 70 12544 6707 433 402 6274 6233 12509 87 12422 41 102 82 53
is_linear=0
shrinkage=0.05


Tree=219
num_leaves=31
num_cat=0
split_feature=29 20 37 43 37 44 32 0 13 1 22 26 13 48 29 45 22 41 41 31 22 42 13 43 43 16 23 27 33 29
split_gain=3.14797 14.1444 26.861 20.526 19.5523 18.5542 14.77 18.9102 11.6609 13.7056 9.62097 14.7546 13.3337 9.56429 5.95816 19.0082 16.1623 16.3151 21.6181 14.0297 13.1982 9.36065 11.8635 10.2181 16.6869 9.6577 7.95071 7.10116 5.90165 19.4744
threshold=5.9402150625030243 26.395833333333339 66.137500000000017 17.214285714285719 91.50833333333334 1.5000000000000002 3.5000000000000004 21.729166666666668 126.50000000000001 37.645833333333336 22.687500000000004 23.686011904761909 150.50000000000003 0.98214285714285732 5.1612233359612976 11.500000000000002 17.645833333333339 156.50000000000003 167.50000000000003 3.5000000000000004 19.812500000000004 110.50000000000001 168.50000000000003 17.214285714285719 18.357142857142858 -0.56174490092936669 23.354166666666668 6.1341084082564459 2.5000000000000004 4.9001211263694486
decision_type=2 2 2 2 2 2 2 2 2 2 2 2 2 2 2 2 2 2 2 2 2 2 2 2 2 2 2 2 2 2
left_child=14 5 -3 4 -4 8 10 -8 -2 13 12 -12 -7 -10 27 21 19 20 -19 -17 -18 22 -16 -23 -25 -24 -21 28 -1 -30
right_child=1 2 3 -5 -6 6 7 -9 9 -11 11 -13 -14 -15 15 16 17 18 -20 26 -22 23 25 24 -26 -27 -28 -29 29 -31
leaf_value=0.00026775913491728026 -0.011948292923194392 -0.063824374343340221 -0.047390436279986591 0.02683803726949038 0.010504481315612794 0.045130192634204161 -0.058047767781556174 -0.00044050313465829408 -0.0013966243259790467 0.056129445436482253 -0.043446285034651345 0.012595583746830622 -0.0041620993603240048 0.038887174468001599 -0.040694074391534454 -0.003234143683281824 -0.014745165803469719 -0.056364581053671627 0.0050522772301184503 0.023410090948304825 0.013309931132296702 0.025122986394254601 0.023383415769785643 -0.035731423677027446 0.0051436807469841337 -0.018831222593074754 0.058673566725867043 -0.02291844366940067 -0.0013874584802682716 -0.022620769124018569
leaf_weight=16860 27 26 35 31 25 23 29 28 41 26 23 24 34 23 38 24 48 23 38 31 331 34 20 34 94 42 33 34 2047 114
leaf_count=16860 27 26 35 31 25 23 29 28 41 26 23 24 34 23 38 24 48 23 38 31 331 34 20 34 94 42 33 34 2047 114
internal_value=7.06482e-08 -0.00441977 -0.0190043 -0.00619862 -0.0232676 0.00171834 -0.00929321 -0.0297495 0.016871 0.0255168 0.00191839 -0.0148292 0.0157278 0.0130804 8.80443e-05 0.00434297 0.00980633 0.00589414 -0.0181049 0.0293673 0.00975678 -0.00666717 -0.0186962 0.000758143 -0.00571377 -0.0052136 0.0415928 -8.83602e-05 -4.75515e-05 -0.00250759
internal_weight=20240 395 117 91 60 278 161 57 117 90 104 47 57 64 19845 790 528 440 61 88 379 262 100 162 128 62 64 19055 19021 2161
internal_count=20240 395 117 91 60 278 161 57 117 90 104 47 57 64 19845 790 528 440 61 88 379 262 100 162 128 62 64 19055 19021 2161
is_linear=0
shrinkage=0.05


Tree=220
num_leaves=31
num_cat=1
split_feature=50 20 18 37 35 20 6 0 29 29 29 22 25 39 41 1 45 6 41 29 23 32 34 20 37 9 25 35 21 1
split_gain=3.35453 10.9328 13.869 11.2645 14.602 19.6207 18.8853 17.9518 17.0875 15.7253 14.5249 9.99195 14.8557 10.892 10.0836 9.22011 19.4177 18.0874 22.4727 23.1615 21.1818 15.5363 22.3959 16.7533 15.2139 20.8539 18.6526 12.7046 9.3093 11.3116
threshold=0 8.5208333333333339 0.25000000000000017 64.612500000000011 3.785714285714286 12.645833333333334 0.70599456317960263 14.020833333333334 2.471536760314077 2.3207241689741012 3.7299144134998716 12.562500000000002 3.2006194571615181 26.500000000000004 69.500000000000014 27.979166666666668 27.500000000000004 0.83866335669781944 84.500000000000014 5.3454465379263052 23.520833333333339 1.5000000000000002 8.5000000000000018 19.729166666666668 88.287500000000023 0.99964080459770133 5.1508089939629746 5.6428571428571432 27.979166666666668 27.854166666666668
decision_type=1 2 2 2 2 2 2 2 2 2 2 2 2 2 2 2 2 2 2 2 2 2 2 2 2 2 2 2 2 2
left_child=1 2 11 4 8 7 -7 -6 9 -3 -10 13 -13 14 -1 28 17 18 20 -20 -17 22 23 -18 26 -26 -23 -19 29 -2
right_child=15 3 -4 -5 5 6 -8 -9 10 -11 -12 12 -14 -15 -16 16 21 27 19 -21 -22 24 -24 -25 25 -27 -28 -29 -30 -31
leaf_value=0.0033841572435639664 -0.00030417096877797308 -0.014780299450099774 0.033572422026903657 0.0023869540207812224 0.0042311466353092573 -0.0081392523524026882 8.9788035414466595e-05 0.027936644961272239 -0.00028802502533271365 -0.054244612631223654 -0.044425708372145892 0.0039052081122356759 -0.033869402187273787 0.047127959858626133 0.033257174333009648 0.026925150698314054 -0.0054463712709636077 0.039256295907710285 -0.034373792285481708 -0.0022817282949255994 -0.027077960011859737 -0.0074110245604415322 0.036215256573632358 -0.039643358866432832 0.020692098986892851 -0.0084816455054257441 0.034613437308319686 -0.0034501129560464737 -0.033326503563494911 0.01040223774786188
leaf_weight=167 8588 98 49 3890 368 841 4078 102 274 34 20 111 34 20 34 46 83 21 195 79 30 295 20 63 207 87 29 102 21 254
leaf_count=167 8588 98 49 3890 368 841 4078 102 274 34 20 111 34 20 34 46 83 21 195 79 30 295 20 63 207 87 29 102 21 254
internal_value=6.71127e-08 0.000643445 0.00859138 0.000304243 -0.00108901 -0.000384553 -0.00131713 0.00937574 -0.0100005 -0.0249453 -0.00329059 0.00524693 -0.00495229 0.0119387 0.0084373 -0.000643311 -0.00465142 -0.0126521 -0.0184484 -0.025121 0.00560813 0.00017554 -0.0134053 -0.0202026 0.00382346 0.0120591 -0.00364958 0.00384123 -7.55848e-05 3.38703e-06
internal_weight=20240 10120 415 9705 5815 5389 4919 470 426 132 294 366 145 221 201 10120 1257 473 350 274 76 784 166 146 618 294 324 123 8863 8842
internal_count=20240 10120 415 9705 5815 5389 4919 470 426 132 294 366 145 221 201 10120 1257 473 350 274 76 784 166 146 618 294 324 123 8863 8842
cat_boundaries=0 1
cat_threshold=45
is_linear=0
shrinkage=0.05


Tree=221
num_leaves=31
num_cat=0
split_feature=5 4 42 35 35 4 38 22 6 34 31 37 37 30 9 37 21 38 0 0 28 38 28 15 31 29 32 29 0 35
split_gain=3.15334 26.5752 25.0059 15.6656 20.8472 14.1252 15.1518 21.4526 13.2759 13.7711 11.8361 10.7709 9.57384 8.29366 8.28864 7.96106 7.45783 5.67595 8.45446 8.02587 12.2742 12.051 7.43097 6.87191 4.344 5.04503 5.62559 2.40314 1.53228 1.64892
threshold=0.64583333333333337 0.97916666666666685 156.07142857142858 12.214285714285717 11.500000000000002 0.77083333333333337 110.50000000000001 18.854166666666668 0.91806961992245883 8.5000000000000018 16.500000000000004 61.287500000000016 83.425000000000026 0.99702380952380965 0.98520658263305338 62.362500000000011 7.6875000000000009 120.50000000000001 19.854166666666668 34.812500000000007 33.94166666666667 130.50000000000003 19.343750000000004 0.6078576107927941 1.5000000000000002 2.4568311498288522 7.5000000000000009 2.2836492525173817 9.8125000000000018 3.6428571428571437
decision_type=2 2 2 2 2 2 2 2 2 2 2 2 2 2 2 2 2 2 2 2 2 2 2 2 2 2 2 2 2 2
left_child=3 2 5 4 8 13 7 -7 10 12 11 -1 -10 16 24 -8 -2 18 22 20 -19 -21 -16 -20 28 27 -27 -26 -3 -30
right_child=1 14 -4 -5 -6 6 15 -9 9 -11 -12 -13 -14 -15 17 -17 -18 19 23 21 -22 -23 -24 -25 25 26 -28 -29 29 -31
leaf_value=-0.0015352747299011108 -0.01838167687809026 0.023875234788283708 -0.052870244625955826 0.044703645445406441 -0.044308904361409635 -0.012927237621738769 0.022282241852218776 -0.050699545877675216 0.013598813809744434 0.045004539710602594 0.033978677390573114 0.0014680274066652605 -0.0109694990902566 -0.026989538524122465 -9.4990481230322515e-05 -0.0054029466289027437 0.009883827213631121 -0.0033163749148715409 0.0092508371855031767 0.043180502578616144 -0.039331798254473443 0.0025872361002667009 -0.030653973110020161 -0.0024115396667537948 0.002162702341314192 0.020166521930756669 -0.0020707677270090856 -0.014177894190652296 0.0035378275571433318 0.021209710887209937
leaf_weight=5145 27 36 32 20 26 358 38 42 167 28 26 7112 52 21 3730 82 172 1654 454 20 24 213 20 175 360 84 43 24 33 22
leaf_count=5145 27 36 32 20 26 358 38 42 167 28 26 7112 52 21 3730 82 172 1654 454 20 24 213 20 175 360 84 43 24 33 22
internal_value=6.37507e-08 -0.000799391 -0.00959658 0.000487263 0.000416833 -0.00772529 -0.0122186 -0.0168933 0.00050964 0.0119867 0.000278846 0.000207361 0.00776524 0.00289515 0.000186017 0.00336403 0.00604881 -0.000350412 0.000641806 -0.00262405 -0.00383149 0.00607164 -0.000257972 0.00600614 0.00579089 0.00399853 0.0126374 0.00114142 0.0158557 0.0106066
internal_weight=20240 7664 772 12576 12556 740 520 400 12530 247 12283 12257 219 220 6892 120 199 6290 4379 1911 1678 233 3750 629 602 511 127 384 91 55
internal_count=20240 7664 772 12576 12556 740 520 400 12530 247 12283 12257 219 220 6892 120 199 6290 4379 1911 1678 233 3750 629 602 511 127 384 91 55
is_linear=0
shrinkage=0.05


Tree=222
num_leaves=30
num_cat=0
split_feature=8 38 25 27 31 34 35 27 28 40 23 25 37 18 15 27 25 41 1 5 27 42 21 4 42 21 31 36 37
split_gain=3.15605 5.07768 5.33678 6.61077 4.85122 3.41405 9.54649 10.7676 10.5373 30.6413 14.6201 9.25327 7.52953 12.3141 20.6155 33.6625 20.0232 12.5306 16.405 11.2067 21.3088 18.6517 15.4696 10.4772 24.1751 8.739 7.46907 7.40236 1.57174
threshold=0.10947712418300655 61.500000000000007 1.3831677763470929 3.3518693874237635 4.5000000000000009 2.5000000000000004 7.5000000000000009 3.9986082340844189 24.414583333333336 20.500000000000004 24.270833333333339 4.0954933024629447 61.287500000000016 1.0000000180025095e-35 1.0000000180025095e-35 1.6134134736502992 5.5020396740111357 190.50000000000003 34.729166666666679 0.56250000000000011 2.1889712477840049 160.57142857142858 27.729166666666668 0.97916666666666685 158.14285714285717 32.520833333333336 3.5000000000000004 4.2142857142857153 64.412500000000023
decision_type=2 2 2 2 2 2 2 2 2 2 2 2 2 2 2 2 2 2 2 2 2 2 2 2 2 2 2 2 2
left_child=5 -2 4 28 -3 6 7 11 10 -10 -9 27 13 14 16 -16 -7 25 -19 20 22 -22 -14 24 -21 -15 -25 -1 -4
right_child=1 2 3 -5 -6 12 -8 8 9 -11 -12 -13 19 17 15 -17 -18 18 -20 23 21 -23 -24 26 -26 -27 -28 -29 -30
leaf_value=-0.0011181573594373948 0.011066807205638579 0.0099609907030275002 -0.04398163015022874 0.00057313955788101468 -0.017758080080427504 -0.00017646978248179088 0.02410520676915583 -0.010674303642079875 0.023659845157748178 -0.035814860576029978 -0.046290740700704713 0.024011412718774459 0.0084508677914769195 0.0015190522520320624 0.0021020438067104142 -0.015455666751632322 0.044139167078985624 0.0012815357698127629 -0.028202140229113867 -0.0045261478817003979 0.00027733890411320235 0.015171497355965256 0.039484348773424119 0.0032153668203945378 -0.053137340984755643 0.013090004487127195 -0.0013143612757974014 0.0071465982772691942 -0.024159031137824059
leaf_weight=5885 31 38 20 21 27 1298 38 163 63 33 35 38 915 2240 453 687 26 115 80 485 3006 226 42 1537 27 176 2231 284 20
leaf_count=5885 31 38 20 21 27 1298 38 163 63 33 35 38 915 2240 453 687 26 115 80 485 3006 226 42 1537 27 176 2231 284 20
internal_value=6.05883e-08 -0.00706151 -0.0115216 -0.0221439 -0.00155308 5.52648e-05 -0.000882963 -0.00102903 -0.0103789 0.00321542 -0.0169701 -0.000586159 0.000508238 -0.00101469 -0.00355002 -0.00847879 0.000693777 0.00137791 -0.0108143 0.00142084 0.00325933 0.00131882 0.00981284 -0.000378554 -0.00708963 0.00236197 0.000533354 -0.000737676 -0.0340703
internal_weight=20240 157 126 61 65 20083 6539 6501 294 96 198 6207 13544 5075 2464 1140 1324 2611 195 8469 4189 3232 957 4280 512 2416 3768 6169 40
internal_count=20240 157 126 61 65 20083 6539 6501 294 96 198 6207 13544 5075 2464 1140 1324 2611 195 8469 4189 3232 957 4280 512 2416 3768 6169 40
is_linear=0
shrinkage=0.05


Tree=223
num_leaves=31
num_cat=0
split_feature=48 39 23 20 27 21 45 29 39 27 4 25 30 9 0 26 47 38 42 42 4 36 43 10 43 32 7 38 27 20
split_gain=3.19979 18.9204 23.3278 22.6102 20.2071 16.9339 16.0823 17.5941 15.9083 12.3509 22.2035 12.3302 11.1846 10.0757 8.74545 10.6733 7.87128 8.4849 5.29352 16.678 14.7319 33.3565 13.6753 14.8391 26.3038 12.2715 12.7103 12.1587 19.1309 12.3331
threshold=0.8392857142857143 29.500000000000004 24.687500000000004 21.562500000000004 4.0814949101490479 36.770833333333336 24.500000000000004 3.9383424623012906 24.500000000000004 2.6239141319306039 0.18750000000000003 2.7624402954898395 0.50892857142857173 0.99853756157635476 27.645833333333339 23.072916666666671 0.62500000000000011 76.500000000000014 143.92857142857147 141.64285714285717 0.81250000000000011 4.0714285714285721 22.214285714285719 5.5000000000000009 19.642857142857149 7.5000000000000009 0.25720196473171575 165.50000000000003 5.0542260428078469 28.854166666666668
decision_type=2 2 2 2 2 2 2 2 2 2 2 2 2 2 2 2 2 2 2 2 2 2 2 2 2 2 2 2 2 2
left_child=1 2 3 9 -4 6 7 12 -5 10 -1 -9 -3 -11 15 -8 17 -2 19 27 21 -21 23 24 -20 -24 -27 29 -29 -18
right_child=16 5 4 8 -6 -7 14 11 -10 13 -12 -13 -14 -15 -16 -17 18 -19 22 20 -22 -23 25 -25 -26 26 -28 28 -30 -31
leaf_value=0.057485083461954051 0.00018124534189701083 -0.02135017936662683 -0.054514029741287232 0.020757042666621234 0.0059037511387178979 0.034696891974835171 -0.011119127519550208 -0.049559355933557862 0.079591736029833562 0.0030417836348836623 0.0026920812058961021 -0.015252343102358283 -0.000132336698162059 -0.038482395949817838 -0.018518063946006202 0.030750991141734026 -3.072114081244583e-05 0.042261671934924694 -0.028744092833043799 -0.0029534115864152319 0.00081815810587543714 -0.050281749729765582 0.0034463084097934465 0.035105474408030406 0.012189087292527575 -0.0040775648632183472 -0.039317594716946291 0.0048914015418957402 0.042235793535773822 -0.0088639359502265536
leaf_weight=26 25 106 25 27 31 21 23 55 20 48 64 50 150 21 24 45 16269 23 45 89 117 64 1084 54 307 489 27 469 37 405
leaf_count=26 25 106 25 27 31 21 23 55 20 48 64 50 150 21 24 45 16269 23 45 89 117 64 1084 54 307 489 27 469 37 405
internal_value=5.75511e-08 -0.00323624 0.00754665 0.0153255 -0.0210685 -0.0091964 -0.0112312 -0.0159871 0.0457931 0.00631938 0.0185212 -0.0332227 -0.00891785 -0.00959601 0.00743066 0.016589 0.000122182 0.0203448 7.22908e-05 -0.000207339 -0.0125376 -0.0227509 0.00250476 0.0107002 0.00695615 0.000425184 -0.00592152 -1.35567e-05 0.00762212 -0.000245274
internal_weight=20240 736 262 206 56 474 453 361 47 159 90 105 256 69 92 68 19504 48 19456 17450 270 153 2006 406 352 1600 516 17180 506 16674
internal_count=20240 736 262 206 56 474 453 361 47 159 90 105 256 69 92 68 19504 48 19456 17450 270 153 2006 406 352 1600 516 17180 506 16674
is_linear=0
shrinkage=0.05


Tree=224
num_leaves=31
num_cat=1
split_feature=50 20 18 0 24 36 43 23 45 1 7 25 7 46 34 1 24 22 6 22 21 1 45 41 26 45 4 21 32 28
split_gain=3.14288 9.97877 12.4194 10.4254 10.1059 13.746 13.6438 10.1835 9.82385 12.5024 20.5938 18.014 11.0176 11.253 10.0341 9.77364 9.76972 17.1895 22.7778 10.0346 8.43168 8.17186 17.8424 23.5058 19.1251 8.98244 12.8977 7.49212 7.27337 6.5034
threshold=0 8.5208333333333339 0.25000000000000017 7.4375000000000009 9.8839285714285747 1.2142857142857146 6.9285714285714297 12.312500000000002 19.500000000000004 41.770833333333336 0.386032374354987 1.9033026972398599 0.70424572016335185 0.37500000000000006 2.5000000000000004 17.895833333333339 27.529761904761909 20.895833333333339 0.99945175438596501 26.229166666666668 30.645833333333339 27.979166666666668 29.500000000000004 84.500000000000014 25.569940476190482 13.500000000000002 0.60416666666666685 13.10416666666667 4.5000000000000009 11.88402777777778
decision_type=1 2 2 2 2 2 2 2 2 2 2 2 2 2 2 2 2 2 2 2 2 2 2 2 2 2 2 2 2 2
left_child=1 2 4 29 5 -1 -6 -7 12 10 -10 -11 13 -5 -14 -8 20 -18 19 -19 21 25 23 -23 -24 28 -27 -4 -2 -3
right_child=16 3 27 8 6 7 15 -9 9 11 -12 -13 14 -15 -16 -17 17 18 -20 -21 -22 22 24 -25 -26 26 -28 -29 -30 -31
leaf_value=-0.0080142735705400515 -0.00041487444803283688 -0.03390077120210562 0.012699395829811692 -0.024820368608419338 -0.042080074147365636 0.030215410507823295 -0.0046926729665426291 0.0031807327033443883 0.006720002558524449 -0.035234022987159816 0.037311185912362169 0.0032545408936111263 0.0016181882640177556 -2.5765638054146784e-05 0.049937637802213435 0.031733578045598489 0.02431020505345342 -0.027621254166870408 0.0065386950045025777 -0.071215987307104198 0.024398032495724586 0.010511627691672541 0.0035930166164670437 -0.015841368179647038 -0.036131453675079687 0.0074271698844391529 -0.00079153267355553661 0.051810015815620628 -0.0066999841940536681 -0.0010838344406623108
leaf_weight=60 6397 36 25 46 21 95 113 55 257 33 70 386 22 8808 21 22 22 33 35 22 34 104 570 454 32 886 1035 24 496 26
leaf_count=60 6397 36 25 46 21 95 113 55 257 33 70 386 22 8808 21 22 22 33 35 22 34 104 570 454 32 886 1035 24 496 26
internal_value=5.4667e-08 0.000622805 0.00821604 0.000298749 0.00505118 0.0122121 -0.00458856 0.0203027 0.000430153 0.00594149 0.0132686 0.000223222 -3.19647e-05 -0.000154583 0.0252161 0.00124346 -0.000622696 -0.0153087 -0.0249933 -0.0450591 -0.000458966 -0.0005437 -0.00448876 -0.0109297 0.00148142 -2.4496e-05 0.00299908 0.0318556 -0.000867132 -0.0201388
internal_weight=20240 10120 415 9705 366 210 156 150 9643 746 327 419 8897 8854 43 135 10120 112 90 55 10008 9974 1160 558 602 8814 1921 49 6893 62
internal_count=20240 10120 415 9705 366 210 156 150 9643 746 327 419 8897 8854 43 135 10120 112 90 55 10008 9974 1160 558 602 8814 1921 49 6893 62
cat_boundaries=0 1
cat_threshold=45
is_linear=0
shrinkage=0.05


Tree=225
num_leaves=31
num_cat=0
split_feature=40 24 26 41 25 21 38 40 25 1 36 23 27 34 25 23 34 35 16 8 15 25 29 5 4 42 30 21 30 5
split_gain=3.11928 8.28462 13.3554 9.53417 9.40358 7.82945 5.67641 4.62359 9.13769 16.9408 15.3863 19.0817 12.9643 11.0278 11.3372 10.7841 13.0813 11.5878 8.02227 5.01945 8.7948 9.02544 12.3873 5.20206 20.0654 22.4793 11.0187 15.4194 14.2608 9.37496
threshold=3.5000000000000004 9.860119047619051 13.907738095238097 63.500000000000007 1.8707624070519457 9.7291666666666696 32.500000000000007 6.5000000000000009 2.3125849041545505 31.979166666666668 3.2142857142857149 23.770833333333339 3.6749543419285962 1.5000000000000002 1.3645890046687528 12.60416666666667 3.5000000000000004 6.3571428571428585 1.0000000180025095e-35 0.010168650793650796 -0.8783796973249266 1.0187965581632266 4.660508174669407 0.56250000000000011 0.97916666666666685 156.07142857142858 0.99107142857142871 17.979166666666668 0.55059523809523825 0.64583333333333337
decision_type=2 2 2 2 2 2 2 2 2 2 2 2 2 2 2 2 2 2 2 2 2 2 2 2 2 2 2 2 2 2
left_child=1 3 4 5 -3 6 -1 8 9 13 11 12 -10 14 -2 16 -12 -17 -15 23 -21 -22 -23 26 25 -25 28 -28 -9 -26
right_child=7 2 -4 -5 -6 -7 -8 19 10 -11 15 -13 -14 18 -16 17 -18 -19 -20 20 21 22 -24 24 29 -27 27 -29 -30 -31
leaf_value=0.017011341375487973 -0.0033577782968294122 0.016700946442843242 -0.0093074443491382736 0.021240254872827793 0.056132214977627708 -0.036454135619781239 -0.011489779118584984 0.00037739501162598169 -0.00043284090716722554 0.04495170889422298 -0.0095332982824542205 -0.042074136215854777 0.03541470379991965 -0.0022009476406335883 -0.022207293556559655 -0.001840093662030995 -0.055811635173253119 -0.038873526430273031 0.0075995888177443072 0.013256299575247491 0.0019331853542672963 -0.023333222503802306 0.018913791994564236 -0.005746134572724099 0.022500355858752069 -0.040853907521038013 -0.0037714496647056786 -0.047759367122004431 0.0056151246377840591 8.744124022066254e-05
leaf_weight=25 332 54 36 32 21 22 58 9031 107 20 26 22 33 503 105 86 37 28 357 48 95 131 20 910 47 48 76 27 1518 6385
leaf_count=25 332 54 36 32 21 22 58 9031 107 20 26 22 33 503 105 86 37 28 357 48 95 131 20 910 47 48 76 27 1518 6385
internal_value=5.19275e-08 0.00557312 0.0157258 -0.00265275 0.0277417 -0.00993443 -0.0029051 -6.90817e-05 -0.00259928 -0.000714911 -0.00991995 0.00121445 0.00801694 -0.0014191 -0.00788684 -0.0201108 -0.0367126 -0.010936 0.00186741 0.000159431 -0.00632116 -0.0101412 -0.0177376 0.000265034 -0.000754282 -0.00750519 0.000972201 -0.0153023 0.0011311 0.000251217
internal_weight=20240 248 111 137 75 105 83 19992 1656 1317 339 162 140 1297 437 177 63 114 860 18336 294 246 151 18042 7390 958 10652 103 10549 6432
internal_count=20240 248 111 137 75 105 83 19992 1656 1317 339 162 140 1297 437 177 63 114 860 18336 294 246 151 18042 7390 958 10652 103 10549 6432
is_linear=0
shrinkage=0.05


Tree=226
num_leaves=23
num_cat=0
split_feature=41 41 21 42 37 21 18 40 44 42 20 9 6 4 21 6 26 20 25 22 39 40
split_gain=3.11721 7.73675 15.3603 7.44425 10.8494 6.17751 12.3401 14.1268 19.9978 14.8833 9.03046 27.5733 27.1773 12.5997 7.79257 14.9701 10.9424 3.48633 5.97569 2.30709 1.99071 1.49332
threshold=234.50000000000003 224.00000000000003 28.687500000000004 181.35714285714289 65.437500000000014 34.687500000000007 -0.9330127018922193 17.500000000000004 4.5000000000000009 151.07142857142858 32.520833333333336 0.99885651629072703 0.99736494931259556 0.97916666666666685 32.104166666666679 0.54950373427672961 29.174107142857149 33.270833333333336 2.2547715422300203 20.062500000000004 56.500000000000007 24.500000000000004
decision_type=2 2 2 2 2 2 2 2 2 2 2 2 2 2 2 2 2 2 2 2 2 2
left_child=1 5 19 4 -2 10 -7 8 -8 -9 14 13 -13 -12 16 -16 -1 18 21 -3 -19 -5
right_child=3 2 -4 17 -6 6 7 9 -10 -11 11 12 -14 -15 15 -17 -18 20 -20 -21 -22 -23
leaf_value=7.3987243929091046e-05 0.000625231871381402 -0.010446172042284161 -0.049035122117493307 -0.0054179726090903086 0.048208975459894415 -0.029005921988383584 0.038258899299716452 -0.016898137762078217 -0.017282367781514214 0.010272754174254967 -0.01202028918703147 -0.042628752546651022 0.016756197856739163 0.0072610746775667971 -0.019956145519390706 0.015989109112082848 -0.011067393553472488 0.022412744265748189 -0.028694724793207241 0.013569914977997541 0.0012488445695489647 0.012839357306559883
leaf_weight=18760 25 20 24 24 23 23 71 70 21 180 139 84 25 217 35 168 223 20 22 20 25 21
leaf_count=18760 25 20 24 24 23 23 71 70 21 180 139 84 25 217 35 168 223 20 22 20 25 21
internal_value=4.93239e-08 -5.53399e-05 -0.017412 0.0069514 0.0234258 1.56971e-07 0.00644532 0.00882947 0.025581 0.0026649 -0.000119556 -0.00700447 -0.0290084 -0.000267323 4.73093e-05 0.00979165 -5.68945e-05 -0.000109043 -0.00733864 0.00156187 0.010655 0.00310211
internal_weight=20240 20080 64 160 48 20016 365 342 92 250 19651 465 109 356 19186 203 18983 112 67 40 45 45
internal_count=20240 20080 64 160 48 20016 365 342 92 250 19651 465 109 356 19186 203 18983 112 67 40 45 45
is_linear=0
shrinkage=0.05


Tree=227
num_leaves=23
num_cat=0
split_feature=39 29 24 22 28 26 21 45 21 45 0 23 31 22 13 27 1 6 34 35 6 41
split_gain=3.10794 3.1294 7.49158 5.70625 27.2238 27.0541 24.6405 23.7329 14.8181 4.93981 4.0146 13.0707 12.4492 6.44208 4.41979 3.90878 5.12356 3.34564 2.97612 4.70678 2.6874 1.77416
threshold=5.5000000000000009 1.2397910289694347 2.7440476190476195 17.562500000000004 24.592361111111114 16.290178571428573 27.187500000000004 28.500000000000004 12.937500000000002 9.5000000000000018 20.437500000000004 20.812500000000004 5.5000000000000009 20.812500000000004 72.500000000000014 0.27958527352021334 19.979166666666668 0.92810897925726288 1.0000000180025095e-35 1.7857142857142858 0.98840803017137147 50.500000000000007
decision_type=2 2 2 2 2 2 2 2 2 2 2 2 2 2 2 2 2 2 2 2 2 2
left_child=-1 9 -3 4 6 7 -4 -5 -7 10 11 13 14 -2 -12 18 17 -17 19 -11 -14 -20
right_child=1 2 3 5 -6 8 -8 -9 -10 15 12 -13 20 -15 -16 16 -18 -19 21 -21 -22 -23
leaf_value=-0.01798215222855409 -0.0019082232114304651 0.022607430722564461 0.0012838655889707039 -0.016670877188888353 0.044634218462225463 -0.020972153062864051 -0.032922902893064154 0.027534166593669043 0.00044135335987456652 -0.00031103125074878336 0.042088488209992649 -0.032757667398878504 0.011251568449409428 -0.029678388108455002 0.012048966992646456 0.0034147048630743092 0.022359090184252112 -0.0014695312496811614 -0.013594568796969695 -0.033153652325272558 -0.0034966223954751015 -0.00081633077509614285
leaf_weight=24 3774 38 7880 380 36 82 53 33 5475 24 24 35 37 21 25 1085 31 518 29 20 187 429
leaf_count=24 3774 38 7880 380 36 82 53 33 5475 24 24 35 37 21 25 1085 31 518 29 20 187 429
internal_value=4.68698e-08 2.13949e-05 0.000437021 0.000376581 0.0012522 -0.00079223 0.00105533 -0.0131388 0.000125372 -0.000909718 -0.00192484 -0.0023424 0.00393329 -0.00206189 0.0267622 0.00104021 0.00222575 0.00183639 -0.0028187 -0.0152395 -0.00106054 -0.00162543
internal_weight=20240 20216 13977 13939 7969 5970 7933 413 5557 6239 4103 3830 273 3795 49 2136 1634 1603 502 44 224 458
internal_count=20240 20216 13977 13939 7969 5970 7933 413 5557 6239 4103 3830 273 3795 49 2136 1634 1603 502 44 224 458
is_linear=0
shrinkage=0.05


Tree=228
num_leaves=31
num_cat=1
split_feature=43 48 24 43 30 25 16 36 27 21 41 42 23 50 20 25 21 16 0 45 39 16 20 45 18 28 24 22 6 48
split_gain=3.04686 17.6266 9.68976 9.94954 14.0948 7.29738 8.41394 8.22516 6.89732 6.77703 8.43905 6.50485 6.04919 4.01835 16.1768 12.1941 14.9401 13.9884 12.127 19.722 20.7206 13.6674 11.9318 13.0175 11.0449 10.345 8.78712 15.3263 20.3979 9.55563
threshold=7.3571428571428585 0.91071428571428592 10.080357142857144 7.0714285714285721 0.017857142857142894 2.0055004547653668 -0.22252093395631442 2.0714285714285716 2.2033299085116647 10.145833333333334 53.500000000000007 47.500000000000007 12.47916666666667 0 9.9375000000000018 1.1931690671426483 10.812500000000002 1.0000000180025095e-35 10.645833333333334 7.5000000000000009 22.500000000000004 -0.22252093395631442 12.937500000000002 19.500000000000004 -0.68301270189221952 14.148611111111114 27.529761904761909 20.895833333333339 0.99945175438596501 0.94642857142857151
decision_type=2 2 2 2 2 2 2 2 2 2 2 2 2 1 2 2 2 2 2 2 2 2 2 2 2 2 2 2 2 2
left_child=1 -1 5 4 8 9 7 -7 -4 10 -3 -8 -6 14 15 -2 17 -17 19 21 -21 -16 25 -24 -18 -20 -15 -28 29 -29
right_child=13 2 3 -5 12 6 11 -9 -10 -11 -12 -13 -14 26 18 16 24 -19 22 20 -22 -23 23 -25 -26 -27 27 28 -30 -31
leaf_value=-0.038370518006986994 -0.01107692400486592 0.0054582468231530457 -0.021979251392185692 0.0110909578576684 0.001463250957975357 -0.021730092450976374 0.041056087400030458 0.0188289100676775 -0.063006990012945616 -0.024916361308299072 -0.011346151129830451 0.0068452733646457396 -0.029855794566018241 -0.00044067718400321538 -0.001843413446597227 0.0096663969066961633 -0.004687342254687356 0.040005342605213323 0.0019821595631685242 -0.0040290609927615155 0.05730430415521065 -0.023663706974775503 -0.00059392347810043283 0.0063880780007742072 0.012956423747875579 0.012984754423573483 0.022883513872511686 -0.023634843032729502 0.0061679376929116968 -0.065490138594061137
leaf_weight=34 68 259 20 35 58 25 33 25 21 28 105 24 21 9664 127 77 146 75 572 40 21 165 7182 736 226 341 22 30 35 25
leaf_count=34 68 259 20 35 58 25 33 25 21 28 105 24 21 9664 127 77 146 75 572 40 21 165 7182 736 226 341 22 30 35 25
internal_value=4.45347e-08 -0.00327029 -0.00144551 -0.0123655 -0.019207 0.00194647 0.0135197 -0.00145059 -0.0429935 -0.00121255 0.000610824 0.0266515 -0.00686206 0.000115122 0.000831448 0.00884338 0.0114285 0.0246363 0.000315904 -0.00877166 0.0170857 -0.0141734 0.00067916 5.50729e-05 0.00603172 0.00609156 -0.00060144 -0.0145266 -0.0236713 -0.04266
internal_weight=20240 688 654 155 120 499 107 50 41 392 364 57 79 19552 9776 592 524 152 9184 353 61 292 8831 7918 372 913 9776 112 90 55
internal_count=20240 688 654 155 120 499 107 50 41 392 364 57 79 19552 9776 592 524 152 9184 353 61 292 8831 7918 372 913 9776 112 90 55
cat_boundaries=0 1
cat_threshold=45
is_linear=0
shrinkage=0.05


Tree=229
num_leaves=19
num_cat=0
split_feature=32 27 20 22 38 21 0 44 37 41 42 45 0 43 39 24 22 23
split_gain=3.04186 5.59147 3.18931 19.31 32.5788 25.3754 18.1772 25.081 18.0577 30.0851 49.8194 16.5612 16.2668 13.3015 12.409 11.704 11.3788 4.95985
threshold=17.500000000000004 1.8570839705062994 25.604166666666668 34.145833333333336 125.50000000000001 28.687500000000004 28.270833333333339 3.5000000000000004 54.862500000000004 140.50000000000003 166.92857142857147 37.500000000000007 27.020833333333339 10.928571428571431 28.500000000000004 29.958333333333339 31.854166666666668 23.645833333333339
decision_type=2 2 2 2 2 2 2 2 2 2 2 2 2 2 2 2 2 2
left_child=2 -2 3 6 -5 -6 15 -8 9 12 -11 13 -4 -10 -15 16 -1 -9
right_child=1 -3 8 4 5 -7 7 17 11 10 -12 -13 -14 14 -16 -17 -18 -19
leaf_value=0.00011879744150955566 -0.005515234277624151 0.028328659952519677 0.039313899585977197 0.065883207779067254 0.032209270268392105 -0.041688160562799094 0.063235710057671424 -0.012519392549991607 -0.039030206305059517 -0.10863632129593975 -0.0041718404404819014 -0.036057254655117339 -0.02445687000406906 0.0080616165634377727 -0.0018223561520087743 -0.027380250609264925 -0.020373740742969163 0.020441845023915883
leaf_weight=17729 23 26 20 30 26 21 27 25 22 21 25 33 20 392 1672 39 68 21
leaf_count=17729 23 26 20 30 26 21 27 25 22 21 25 33 20 392 1672 39 68 21
internal_value=4.232e-08 0.0124428 -3.01539e-05 0.000189873 0.0251751 -0.000808731 8.24487e-05 0.0249816 -0.0018249 -0.0242851 -0.0518621 -0.000913346 0.00742851 -0.000357378 5.48325e-05 -1.94598e-05 4.04981e-05 0.00252813
internal_weight=20240 49 20191 17986 77 47 17909 73 2205 86 46 2119 40 2086 2064 17836 17797 46
internal_count=20240 49 20191 17986 77 47 17909 73 2205 86 46 2119 40 2086 2064 17836 17797 46
is_linear=0
shrinkage=0.05


Tree=230
num_leaves=21
num_cat=0
split_feature=13 42 30 35 24 24 20 34 21 40 21 36 29 29 38 30 27 17 1 22
split_gain=3.03826 3.07226 13.3452 16.8785 11.9648 12.2909 11.4159 28.8207 14.3539 10.6892 23.731 22.3953 9.4444 26.6473 18.2296 16.7434 6.2009 14.3439 12.5709 1.4566
threshold=365.50000000000006 102.07142857142858 0.0059523809523809538 8.6428571428571441 30.333333333333339 28.830357142857149 19.479166666666668 12.500000000000002 28.145833333333339 13.500000000000002 17.395833333333339 5.7857142857142865 4.0258825868576045 4.3800444907821889 112.50000000000001 0.0059523809523809867 2.7046898842696265 -0.93301270189221908 34.937500000000007 15.187500000000002
decision_type=2 2 2 2 2 2 2 2 2 2 2 2 2 2 2 2 2 2 2 2
left_child=1 4 3 9 5 6 8 -8 -1 10 -3 -11 16 14 -14 -15 18 -18 -4 -2
right_child=19 2 12 -5 -6 -7 7 -9 -10 11 -12 -13 13 15 -16 -17 17 -19 -20 -21
leaf_value=-9.7569690889835184e-05 -0.0042250743787735703 -0.0016949835199744285 0.00035562518188371841 0.041517568547879496 -0.033729813104340187 0.033289078864510414 -0.0067513424361499751 0.051098065586252656 0.037097593321679882 0.004568477912160993 0.023901584322049627 -0.01636146629723359 -0.03938373858109117 -0.035938325128518044 -0.010156951782302661 0.00079090901048022011 -0.025871945465424734 0.0054390789853917317 -0.016919122054026015 -0.023307783370837571
leaf_weight=10882 20 173 4233 31 27 27 1008 22 26 979 190 147 72 32 206 1022 38 977 108 20
leaf_count=10882 20 173 4233 31 27 27 1008 22 26 979 190 147 72 32 206 1022 38 977 108 20
internal_value=4.0167e-08 2.73005e-05 0.000772634 0.00500166 -0.000482848 -0.000407823 -0.000484035 -0.00551572 -8.91235e-06 0.00424142 0.0117027 0.00183606 -0.000188507 -0.00395622 -0.0177265 -0.00032421 0.000748496 0.00426684 -7.41543e-05 -0.0137664
internal_weight=20240 20200 8208 1520 11992 11965 11938 1030 10908 1489 363 1126 6688 1332 278 1054 5356 1015 4341 40
internal_count=20240 20200 8208 1520 11992 11965 11938 1030 10908 1489 363 1126 6688 1332 278 1054 5356 1015 4341 40
is_linear=0
shrinkage=0.05


Tree=231
num_leaves=31
num_cat=2
split_feature=48 39 23 20 27 50 39 40 45 13 42 29 27 4 43 25 38 47 36 21 42 42 24 40 28 32 50 40 36 24
split_gain=2.98456 16.5733 21.3351 20.2882 18.0209 15.211 14.2411 13.1314 20.3217 13.2444 12.6945 16.2741 11.276 19.8554 8.92015 10.2901 8.59456 7.0075 7.62534 5.22626 4.82018 15.1595 13.4812 16.4094 12.6095 12.3494 17.8093 33.547 14.5248 25.5386
threshold=0.8392857142857143 29.500000000000004 24.687500000000004 21.562500000000004 4.0814949101490479 0 24.500000000000004 23.500000000000004 22.500000000000004 86.500000000000014 112.35714285714288 3.5613009379598837 2.6239141319306039 0.18750000000000003 23.785714285714288 3.2790155213201659 61.500000000000007 0.62500000000000011 4.3571428571428585 23.770833333333339 143.92857142857147 141.64285714285717 29.220238095238098 24.500000000000004 26.515972222222228 7.5000000000000009 1 25.500000000000004 7.7857142857142865 29.958333333333339
decision_type=2 2 2 2 2 1 2 2 2 2 2 2 2 2 2 2 2 2 2 2 2 2 2 2 2 2 1 2 2 2
left_child=1 2 3 12 -4 7 -5 14 9 -9 -7 19 13 -1 15 -3 -14 18 -2 -12 21 -19 24 -24 -23 26 27 -22 29 -27
right_child=17 5 4 6 -6 10 -8 8 -10 -11 11 -13 16 -15 -16 -17 -18 20 -20 -21 25 22 23 -25 -26 28 -28 -29 -30 -31
leaf_value=0.054379308911470275 0.0023559291813788669 -0.011918432440380662 -0.05198383224010468 0.01957842663568617 0.0050721370645107761 -0.01994869848713279 0.075245011486113067 0.002332790650674427 0.036811064827661208 -0.040299288918874389 -0.011704214875969817 0.051730982654474005 0.018288473170250657 0.0025644429646490608 -0.044480177644495474 -0.043206049466971312 -0.020606494440259984 -1.11748409959891e-05 0.04277872178703547 0.012984922759491821 0.030038250498536576 -0.011730790393522535 -0.070721256895922124 -0.0093984950683079667 0.02259932884950221 -0.0079267844129353778 0.0027364108829448304 -0.029643698383422037 0.00033361680865176508 -0.066359639135391821
leaf_weight=26 28 147 25 27 31 39 20 49 27 29 34 22 20 64 37 32 49 17180 20 58 148 195 20 24 31 100 1209 28 498 23
leaf_count=26 28 147 25 27 31 39 20 49 27 29 34 22 20 64 37 32 49 17180 20 58 148 195 20 24 31 100 1209 28 498 23
internal_value=3.81886e-08 -0.00312552 0.0069664 0.0144056 -0.0203993 -0.00870375 0.0432663 -0.0146249 -0.000575942 -0.0135176 0.00438813 0.0130988 0.00587445 0.0175332 -0.0221313 -0.0175117 -0.00933259 0.000117984 0.0191988 0.00386068 7.09095e-05 -0.000195925 -0.0119515 -0.0372725 -0.00702179 0.00239208 0.00501901 0.0194389 -0.00346668 -0.0188533
internal_weight=20240 736 262 206 56 474 47 321 105 78 153 114 159 90 216 179 69 19504 48 92 19456 17450 270 44 226 2006 1385 176 621 123
internal_count=20240 736 262 206 56 474 47 321 105 78 153 114 159 90 216 179 69 19504 48 92 19456 17450 270 44 226 2006 1385 176 621 123
cat_boundaries=0 1 2
cat_threshold=116 9
is_linear=0
shrinkage=0.05


Tree=232
num_leaves=31
num_cat=0
split_feature=46 0 0 16 26 1 36 21 31 36 29 29 35 1 37 10 24 21 5 37 26 43 29 30 45 34 25 35 9 21
split_gain=2.9264 17.1711 20.9002 12.6121 15.9505 15.0735 16.9498 11.1439 9.56471 7.45919 4.8621 18.6379 41.5135 36.9815 21.102 22.8371 14.0157 27.5421 25.8829 21.0697 14.9887 13.6004 12.1451 25.5461 21.7655 19.6567 15.1729 23.843 22.1274 11.3316
threshold=0.62500000000000011 31.479166666666668 28.854166666666668 -0.56174490092936669 25.235119047619055 27.937500000000004 4.0714285714285721 24.937500000000004 8.5000000000000018 1.7857142857142858 4.3800444907821889 4.5772375432928021 7.3571428571428585 34.895833333333336 96.312500000000014 4.5000000000000009 18.526785714285719 17.645833333333339 1.0000000180025095e-35 66.512500000000017 18.489583333333336 16.071428571428573 4.0258825868576045 0.0059523809523809703 29.500000000000004 4.5000000000000009 5.0045570210749064 7.3571428571428585 0.99690934065934078 30.937500000000004
decision_type=2 2 2 2 2 2 2 2 2 2 2 2 2 2 2 2 2 2 2 2 2 2 2 2 2 2 2 2 2 2
left_child=1 2 3 4 9 7 -7 -5 -3 -1 22 12 14 -14 15 -12 18 19 21 -18 -19 -13 -2 24 25 -24 28 -28 -25 -16
right_child=10 8 -4 5 -6 6 -8 -9 -10 -11 11 16 13 -15 29 -17 17 20 -20 -21 -22 -23 23 26 -26 -27 27 -29 -30 -31
leaf_value=-0.024080618547106331 9.1152952222902956e-05 0.0521233884085502 -0.044698140872341974 -0.0030056372538529393 0.049247061702217688 -0.0083020568040518706 -0.040153850716049391 0.031468822728842501 0.0049475985939021819 0.0070065580943160372 0.0051940672265334154 0.00042813806564513993 0.0079514233010082418 0.084303198233246807 0.043450955747227585 -0.038522677179425958 -0.045526870670156525 0.030929290279746058 0.063386403308028277 -0.0075725980194322031 -0.00011226056214622365 0.023859664034552693 -0.018593857747813067 -0.022128093334329871 0.038736157147213818 0.012443071316960638 -0.0066598526069096154 -0.082005100785976365 0.0067566948933619093 0.00038267935936649644
leaf_weight=22 16539 21 31 376 21 143 59 25 22 157 118 253 29 35 42 40 57 40 21 102 1399 82 93 193 40 113 21 21 101 24
leaf_count=22 16539 21 31 376 21 143 59 25 22 157 118 253 29 35 42 40 57 40 21 102 1399 82 93 193 40 113 21 21 101 24
internal_value=1.0386e-07 -0.00282489 -0.00441351 -0.00285831 0.00802222 -0.00646712 -0.0176053 -0.000856357 0.0279869 0.00318579 0.000128055 0.00231754 0.0141921 0.0497063 0.00404517 -0.00587346 0.000567353 -0.00143136 0.00953912 -0.0211788 0.000750604 0.00616362 -0.000158659 -0.00725769 0.0049849 -0.00156875 -0.016221 -0.0443325 -0.0122051 0.0277898
internal_weight=20240 877 834 803 200 603 202 401 43 179 19363 2242 288 64 224 158 1954 1598 356 159 1439 335 17121 582 246 206 336 42 294 66
internal_count=20240 877 834 803 200 603 202 401 43 179 19363 2242 288 64 224 158 1954 1598 356 159 1439 335 17121 582 246 206 336 42 294 66
is_linear=0
shrinkage=0.05


Tree=233
num_leaves=31
num_cat=0
split_feature=29 41 41 43 7 21 41 34 29 45 48 5 32 40 17 21 43 30 23 20 24 13 29 21 21 28 23 45 25 48
split_gain=2.91442 13.0546 16.2889 13.0941 9.82052 19.1114 15.8311 12.7049 5.36294 17.1704 23.8362 24.3161 22.1345 20.3483 16.5269 15.9622 14.5857 13.5869 11.4017 11.1729 13.6881 12.3779 9.64083 22.4164 31.1932 25.9397 23.2754 12.7783 11.1954 17.1713
threshold=5.9402150625030243 152.50000000000003 141.50000000000003 19.928571428571434 0.56905830213609343 22.479166666666668 71.500000000000014 3.5000000000000004 5.0534938663273001 16.500000000000004 0.98214285714285732 0.68750000000000011 3.5000000000000004 24.500000000000004 -0.6830127018922193 14.937500000000002 19.642857142857149 0.2916666666666668 25.520833333333339 19.062500000000004 17.342261904761909 135.50000000000003 4.9001211263694486 27.979166666666668 29.729166666666668 27.868750000000006 22.687500000000004 18.500000000000004 5.9444174996093997 0.98214285714285732
decision_type=2 2 2 2 2 2 2 2 2 2 2 2 2 2 2 2 2 2 2 2 2 2 2 2 2 2 2 2 2 2
left_child=8 2 4 -3 6 -6 -2 -8 22 12 11 13 19 -11 -12 -14 -17 -16 -13 20 -10 -21 28 25 -25 26 -24 -26 -1 -30
right_child=1 3 -4 -5 5 -7 7 -9 9 10 14 18 15 -15 17 16 -18 -19 -20 21 -22 -23 23 24 27 -27 -28 -29 29 -31
leaf_value=9.920546925337884e-05 -0.039253506645844843 -0.0020077821984887125 0.042670937906950715 -0.058537363101329121 0.039181338415614199 -0.010580377471308376 -0.025932772982181336 0.0029454605468706777 -0.031741563814946194 0.019446345342620245 0.027051677120228608 0.0074804578682985809 -0.039855419881641867 0.061978420877130708 -0.0017393388240210092 -0.0015391553414106219 0.022065526321150213 -0.034495934170432563 -0.040253658838231454 -0.055049586208123308 0.022335009895265101 -0.013586903430728449 -0.033515584274236836 0.06375398046913601 -0.027158501733313592 -0.070153069658123929 0.0081614083332468331 0.019930975861847403 0.00086800118253843215 -0.052153762644873217
leaf_weight=18597 36 20 20 21 35 43 49 171 22 232 36 29 20 32 120 197 98 43 22 36 25 36 67 21 34 23 67 25 37 26
leaf_count=18597 36 20 20 21 35 43 49 171 22 232 36 29 20 32 120 197 98 43 22 36 25 36 67 21 34 23 67 25 37 26
internal_value=9.86818e-08 -0.00425263 -0.00115918 -0.030962 -0.00378374 0.0117486 -0.00851624 -0.00348651 8.47461e-05 0.00375451 0.0099378 0.0184959 -0.00356856 0.0246017 -0.00360897 0.00337174 0.0063024 -0.0103806 -0.0131107 -0.0219399 -0.00297743 -0.0343182 -9.93538e-05 -0.0101204 0.0114215 -0.0210971 -0.0126771 -0.00720533 2.7923e-05 -0.021014
internal_weight=20240 395 354 41 334 78 256 220 19845 948 514 315 434 264 199 315 295 163 51 119 47 72 18897 237 80 157 134 59 18660 63
internal_count=20240 395 354 41 334 78 256 220 19845 948 514 315 434 264 199 315 295 163 51 119 47 72 18897 237 80 157 134 59 18660 63
is_linear=0
shrinkage=0.05


Tree=234
num_leaves=31
num_cat=0
split_feature=33 46 41 22 38 29 29 44 23 27 37 13 25 10 39 0 22 24 32 34 6 39 23 0 27 25 43 20 22 23
split_gain=3.05308 10.9871 11.2741 10.1857 21.3108 13.1693 33.1576 18.8926 16.1736 15.0332 13.0206 11.1221 9.18706 9.08219 10.4472 8.21228 6.22169 29.7513 12.5672 25.4791 13.4434 11.7937 9.23636 17.3678 14.8714 20.5223 13.6968 8.43492 29.433 23.0416
threshold=2.5000000000000004 0.62500000000000011 76.500000000000014 33.770833333333336 90.500000000000014 5.2341159736979153 5.841332857399518 5.5000000000000009 34.812500000000007 4.5167791925345488 99.425000000000026 261.50000000000006 4.4663183117119916 1.5000000000000002 33.500000000000007 33.270833333333336 33.770833333333336 23.69940476190477 3.5000000000000004 7.5000000000000009 0.68155617717441641 31.500000000000004 34.562500000000007 34.937500000000007 4.8268713389874032 3.5033937970642066 28.500000000000004 28.270833333333339 20.604166666666668 31.812500000000004
decision_type=2 2 2 2 2 2 2 2 2 2 2 2 2 2 2 2 2 2 2 2 2 2 2 2 2 2 2 2 2 2
left_child=16 2 -2 5 -5 8 7 -7 9 -3 15 -8 13 14 -4 -6 22 -18 19 -19 -20 -22 23 27 25 26 -24 29 -29 -1
right_child=1 3 12 4 10 6 11 -9 -10 -11 -12 -13 -14 -15 -16 -17 17 18 20 -21 21 -23 24 -25 -26 -27 -28 28 -30 -31
leaf_value=0.00017446733284508877 0.016983386375553286 -0.00070767598974573042 -0.0062138328733651535 -0.057753514702958253 -0.023507177013379989 0.046088038325188277 -0.015131486178590701 0.00908765247280615 0.027284737901451691 -0.01620263011752476 0.031600402593612673 0.018577226181514563 -0.051487032268196342 -0.0019579540825478974 -0.052475112762588719 0.0055998677879986834 0.061372735254142601 -0.045645951250834128 0.034997655773485035 0.021242127909014624 0.039626878695118994 0.00097589989862881775 -0.016094527270837242 0.027997263492683749 0.017218551261199488 -0.052293752577594103 0.029559494354762142 0.018836029343462238 -0.011823823840636322 0.027242496095692056
leaf_weight=16398 24 1741 23 23 64 69 104 69 48 172 20 32 20 62 26 39 23 35 37 24 21 328 92 56 37 34 20 96 424 79
leaf_count=16398 24 1741 23 23 64 69 104 69 48 172 20 32 20 62 26 39 23 35 37 24 21 328 92 56 37 34 20 96 424 79
internal_value=9.37319e-08 -0.00162244 -0.0145213 -0.000782745 -0.013578 5.30964e-05 0.0103209 0.0275878 -0.00138156 -0.00210084 -0.00531753 -0.00720002 -0.0202932 -0.0146727 -0.0307606 -0.0124861 0.000232513 0.00592083 0.00305478 -0.0184372 0.00633983 0.0033016 7.80616e-05 0.000197964 -0.0110951 -0.0182705 -0.00794202 0.000106373 -0.00616354 0.000304247
internal_weight=20240 2536 155 2381 146 2235 274 138 1961 1913 123 136 131 111 49 103 17704 468 445 59 386 349 17236 17053 183 146 112 16997 520 16477
internal_count=20240 2536 155 2381 146 2235 274 138 1961 1913 123 136 131 111 49 103 17704 468 445 59 386 349 17236 17053 183 146 112 16997 520 16477
is_linear=0
shrinkage=0.05


Tree=235
num_leaves=31
num_cat=0
split_feature=36 20 20 18 41 42 23 25 22 40 20 24 41 31 39 22 43 39 22 20 22 42 6 27 22 38 0 20 24 27
split_gain=2.92013 11.0305 18.7811 17.1998 14.6882 13.5886 13.5667 25.9546 16.9325 14.3897 13.2615 13.0344 12.7626 14.6639 12.2871 15.2873 11.2625 10.9187 9.24886 16.0709 14.629 22.0821 18.5601 13.8068 13.6241 12.9547 9.31099 17.2561 11.5052 9.17266
threshold=3.6428571428571437 12.937500000000002 13.270833333333334 -0.68301270189221952 84.500000000000014 53.928571428571438 15.812500000000002 2.6365878642237894 17.562500000000004 4.5000000000000009 15.270833333333334 10.842261904761905 55.500000000000007 5.5000000000000009 20.500000000000004 12.812500000000002 21.928571428571434 30.500000000000004 36.104166666666679 29.187500000000004 30.937500000000004 130.21428571428575 0.67867892241408478 4.5889887682900694 30.354166666666668 145.50000000000003 30.229166666666668 29.187500000000004 27.529761904761909 2.2033299085116647
decision_type=2 2 2 2 2 2 2 2 2 2 2 2 2 2 2 2 2 2 2 2 2 2 2 2 2 2 2 2 2 2
left_child=18 4 3 -3 5 11 7 10 -9 -8 -4 -2 17 -14 15 -6 -11 -7 20 -20 24 22 23 -22 26 -21 28 -28 -1 -5
right_child=1 2 6 29 14 12 9 8 -10 16 -12 -13 13 -15 -16 -17 -18 -19 19 25 21 -23 -24 -25 -26 -27 27 -29 -30 -31
leaf_value=-0.00041428560945588129 0.013695983118377626 0.0095951949283480664 0.0095104151626181771 -0.063554021716117862 0.0010053351643450914 -0.0051652151587847119 0.036615112799637278 -0.0068610280131504529 -0.030122081232668581 0.0026720771014820486 -0.003303411699799641 -0.042075675514272673 0.026250070874109577 0.0027509454085731938 0.0030201994966062916 -0.044094812048270426 -0.0024595745115711994 0.034150991713007291 0.051923387853995619 -0.027840059498945875 -0.036909232478664844 0.0087461152795090605 -0.06854569619013505 8.0179946067241521e-05 0.032215155100857373 0.027697803931576864 0.049456345791426992 0.0034326946703429791 -0.014126465520070445 -0.021429521141440741
leaf_weight=11712 20 25 261 24 42 111 29 190 133 4002 892 22 232 93 348 34 1459 21 23 21 49 67 22 52 32 21 26 94 155 28
leaf_count=11712 20 25 261 24 42 111 29 190 133 4002 892 22 232 93 348 34 1459 21 23 21 49 67 22 52 32 21 26 94 155 28
internal_value=8.90485e-08 0.000745574 7.20249e-05 -0.0244863 0.00588513 0.0116993 0.000343485 -0.0039121 -0.0164391 0.00148761 -0.000402797 -0.0155177 0.0142006 0.0195257 -0.000957477 -0.019171 0.00130107 0.00108964 -0.000483741 0.0183269 -0.000583888 -0.0143495 -0.02693 -0.0178652 -0.000366278 -7.11278e-05 -0.000453256 0.0134045 -0.000593386 -0.0408716
internal_weight=20240 7966 7043 77 923 499 6966 1476 323 5490 1153 42 457 325 424 76 5461 132 12274 65 12209 190 123 101 12019 42 11987 120 11867 52
internal_count=20240 7966 7043 77 923 499 6966 1476 323 5490 1153 42 457 325 424 76 5461 132 12274 65 12209 190 123 101 12019 42 11987 120 11867 52
is_linear=0
shrinkage=0.05


Tree=236
num_leaves=31
num_cat=0
split_feature=42 20 27 31 41 20 13 35 1 37 32 20 0 43 22 43 17 0 32 24 25 39 43 22 38 31 8 35 0 5
split_gain=2.87168 16.0788 11.4307 17.422 16.2707 13.6262 12.254 10.6782 15.6753 11.5785 11.3532 11.02 18.1111 9.77168 8.74186 8.50138 8.49731 8.381 8.34068 8.06984 7.53362 7.4051 5.73008 7.8332 5.6179 4.51574 4.26638 5.19899 8.0952 4.6783
threshold=63.642857142857146 13.60416666666667 2.5097347269333468 2.5000000000000004 45.500000000000007 17.020833333333339 223.50000000000003 4.0714285714285721 16.854166666666668 62.462500000000006 4.5000000000000009 8.3958333333333339 8.5208333333333339 8.6428571428571441 8.9375000000000018 8.5000000000000018 0.93301270189221952 14.687500000000002 5.5000000000000009 11.127976190476192 1.9727391452015881 16.500000000000004 8.2142857142857171 11.72916666666667 34.500000000000007 1.5000000000000002 0.10947712418300655 6.6428571428571432 12.145833333333334 0.56250000000000011
decision_type=2 2 2 2 2 2 2 2 2 2 2 2 2 2 2 2 2 2 2 2 2 2 2 2 2 2 2 2 2 2
left_child=1 7 4 15 -3 21 17 11 10 -10 13 18 14 -9 -13 -4 -14 -6 19 -1 -20 -5 23 -2 25 -24 29 28 -28 -26
right_child=22 2 3 5 6 -7 -8 8 9 -11 -12 12 16 -15 -16 -17 -18 -19 20 -21 -22 -23 24 -25 26 -27 27 -29 -30 -31
leaf_value=0.00197012067659868 0.0011771039982490681 -0.063021875646981335 -0.010818783581256868 0.031482499963603916 0.0096641649447736303 -0.026299768768250943 -0.043968707881867887 0.0081981919253511087 0.055991468742361362 0.0084869773815507473 0.032301089983610885 -0.032416456243889016 -0.00085416378796250656 -0.030350675722283706 -0.01038257407244083 -0.054554477892816068 -0.023817513590412481 -0.023729235607692425 0.00059629034420306034 -0.021398707596879257 0.040012653337584608 0.0027455304571263055 0.030725020977358027 0.039466875054958189 0.00094229845013720729 0.0023100222509097441 0.00081922780929340265 0.0082671620741938106 -0.02814498037243119 -0.0007351847259845348
leaf_weight=1328 34 22 25 40 42 25 28 35 29 23 21 71 987 31 123 20 42 34 22 38 27 51 27 22 9610 29 45 33 52 7324
leaf_count=1328 34 22 25 40 42 25 28 35 29 23 21 71 987 31 123 20 42 34 22 38 27 51 27 22 9610 29 45 33 52 7324
internal_value=8.45952e-08 -0.00141001 -0.0126768 -0.00384926 -0.0239564 0.00639507 -0.0156925 -0.000245606 0.0132615 0.0349799 0.000280329 -0.000957313 -0.00443338 -0.00990809 -0.0184465 -0.0302569 -0.00179144 -0.00527499 0.00204709 0.00132004 0.0223155 0.0153772 0.00025163 0.0162195 0.000199399 0.0160101 0.000147512 -0.00887583 -0.014708 0.000216783
internal_weight=20240 3064 287 161 126 116 104 2777 139 52 87 2638 1223 66 194 45 1029 76 1415 1366 49 91 17176 56 17120 56 17064 130 97 16934
internal_count=20240 3064 287 161 126 116 104 2777 139 52 87 2638 1223 66 194 45 1029 76 1415 1366 49 91 17176 56 17120 56 17064 130 97 16934
is_linear=0
shrinkage=0.05


Tree=237
num_leaves=23
num_cat=0
split_feature=41 29 42 41 29 21 1 5 15 20 36 20 0 34 23 24 24 42 27 10 20 38
split_gain=2.84548 6.74411 7.7921 6.68928 13.8669 5.39985 11.8719 21.6022 18.3957 17.8458 13.4315 7.69922 23.9917 26.3668 8.81203 7.57875 12.9379 7.14704 4.7121 4.11666 4.79742 2.87357
threshold=234.50000000000003 2.471536760314077 178.85714285714289 224.00000000000003 3.8295094785806407 34.687500000000007 37.520833333333336 0.18750000000000003 1.0000000180025095e-35 25.604166666666668 5.0714285714285721 32.520833333333336 32.895833333333336 9.5000000000000018 34.562500000000007 33.642857142857146 32.232142857142861 172.07142857142858 2.2994093711977004 3.5000000000000004 32.520833333333336 184.50000000000003
decision_type=2 2 2 2 2 2 2 2 2 2 2 2 2 2 2 2 2 2 2 2 2 2
left_child=3 21 -3 5 18 11 7 -7 10 -10 -8 15 13 -13 -14 16 -1 -9 -5 20 -4 -2
right_child=1 2 19 4 -6 6 8 17 9 -11 -12 12 14 -15 -16 -17 -18 -19 -20 -21 -22 -23
leaf_value=7.4653504251341628e-05 0.0040336909274069164 0.043218612596392633 -0.018094357105226003 -0.015437462797854096 -0.050712617319077259 0.055825406226019073 0.0027966092539126759 -0.011733337438129115 -0.026673474000847859 0.021954311187201668 -0.03024980682098577 -0.012115673845866697 0.0058003644531342295 -0.064893714590899418 -0.012145199047517964 0.027017549160294807 -0.023993541543105887 0.018129465454166719 0.017423708494752648 0.023132654776175821 0.015316469365331745 -0.016360968058448163
leaf_weight=19104 39 20 22 24 20 30 61 33 23 105 62 100 238 31 96 26 56 51 20 27 21 31
leaf_count=19104 39 20 22 24 20 30 61 33 23 105 62 100 238 31 96 26 56 51 20 27 21 31
internal_value=8.03794e-08 0.00664155 0.0156947 -5.28397e-05 -0.0161918 -1.2362e-06 0.00602461 0.019405 -5.25183e-05 0.0132165 -0.0138609 -0.000113161 -0.00647038 -0.0246051 0.000642358 4.09152e-05 4.30805e-06 0.00639765 -0.000500567 0.00783074 -0.00177744 -0.00499823
internal_weight=20240 160 90 20080 64 20016 365 114 251 128 123 19651 465 131 334 19186 19160 84 44 70 43 70
internal_count=20240 160 90 20080 64 20016 365 114 251 128 123 19651 465 131 334 19186 19160 84 44 70 43 70
is_linear=0
shrinkage=0.05


Tree=238
num_leaves=31
num_cat=0
split_feature=33 38 28 27 9 22 29 39 45 23 31 13 24 23 34 45 27 26 20 22 43 5 29 41 13 38 29 1 29 35
split_gain=2.83618 7.86929 8.43136 23.8135 15.3802 17.0957 14.3256 14.1839 23.4808 13.8221 12.0015 11.94 10.7055 9.96192 7.00023 6.82437 6.32656 13.9805 18.3994 16.7353 11.9857 12.0224 6.73645 14.2612 22.1663 20.7651 12.9656 24.9701 6.33671 5.31344
threshold=3.5000000000000004 57.500000000000007 26.006944444444446 4.9714603295577371 0.99895572263993337 18.562500000000004 5.1096455838367563 33.500000000000007 15.500000000000002 25.020833333333339 9.5000000000000018 156.50000000000003 27.294642857142858 27.979166666666668 4.5000000000000009 43.500000000000007 4.8878627288419434 31.238095238095244 36.770833333333336 26.395833333333339 23.357142857142858 0.14583333333333334 4.9001211263694486 134.50000000000003 131.50000000000003 168.50000000000003 4.429435768254681 34.812500000000007 4.1182058528664554 3.6428571428571437
decision_type=2 2 2 2 2 2 2 2 2 2 2 2 2 2 2 2 2 2 2 2 2 2 2 2 2 2 2 2 2 2
left_child=15 14 3 4 12 -6 -5 8 -4 -9 -8 -10 -3 -11 29 16 22 18 19 -18 21 -19 26 25 -25 -24 28 -28 -1 -2
right_child=1 2 7 6 5 -7 10 9 11 13 -12 -13 -14 -15 -16 -17 17 20 -20 -21 -22 -23 23 24 -26 -27 27 -29 -30 -31
leaf_value=3.5613878056071156e-05 0.013764608000158607 0.0028916298379215483 -0.023708302906847428 -0.056384622282348577 -0.0022813798482761057 -0.028883575695144121 -0.032570335232630011 -0.035338726159064998 0.045692069694513872 0.02431456428085868 0.010855341305096564 0.0109618472866714 -0.034344029519706963 -0.0053342747186044502 0.030407159312656432 0.025756129135306068 0.0018483669577044962 -0.060490607275139718 -0.038753503717651426 0.017511619870100734 0.013144881743937731 -0.0063239562511444095 -0.0030353344071956763 0.0073382605227731894 -0.029480229972396046 0.042084391285768817 -0.0068895806751573798 0.016677607518959178 -0.0063568202807434311 -0.01777099126272581
leaf_weight=16510 34 554 28 32 146 103 41 31 49 36 26 50 20 133 33 26 460 21 22 271 20 20 459 62 120 27 176 311 397 22
leaf_count=16510 34 554 28 32 146 103 41 31 49 36 26 50 20 133 33 26 460 21 22 271 20 20 459 62 120 27 176 311 397 22
internal_value=7.63413e-08 -0.00222455 -0.00324814 -0.00569464 -0.00290766 -0.0132855 -0.0288632 0.00364996 0.0167179 -0.00464817 -0.0157186 0.0281516 0.00159422 0.000981454 0.0121401 0.000157549 0.00012229 0.0044342 0.00629923 0.00765513 -0.0185883 -0.0340679 -7.20351e-05 -0.00499939 -0.0169377 -0.000528683 0.000117195 0.00816051 -0.000114489 0.00137562
internal_weight=20240 1338 1249 922 823 249 99 327 127 200 67 99 574 169 89 18902 18876 814 753 731 61 41 18062 668 182 486 17394 487 16907 56
internal_count=20240 1338 1249 922 823 249 99 327 127 200 67 99 574 169 89 18902 18876 814 753 731 61 41 18062 668 182 486 17394 487 16907 56
is_linear=0
shrinkage=0.05


Tree=239
num_leaves=29
num_cat=0
split_feature=37 20 0 32 34 22 23 0 1 33 34 30 1 5 29 4 35 16 40 12 21 27 13 15 27 29 0 45
split_gain=2.90432 10.0735 14.1775 9.70997 8.97195 9.62933 18.9891 18.2417 8.63251 12.4808 16.3768 16.0527 9.43624 8.57416 18.3079 10.2425 6.68624 11.3859 6.99577 8.57125 6.87658 6.38364 13.2498 17.9956 16.1053 12.8696 5.90361 4.30408
threshold=61.287500000000016 4.2708333333333348 3.8125000000000004 2.5000000000000004 2.5000000000000004 15.97916666666667 22.854166666666668 13.60416666666667 37.770833333333336 2.5000000000000004 10.500000000000002 0.011904761904761895 37.604166666666679 0.64583333333333337 2.2208053324986698 0.97916666666666685 1.0714285714285716 -0.56174490092936669 9.5000000000000018 6.5000000000000009 7.4375000000000009 1.6134134736502992 271.50000000000006 1.0000000180025095e-35 4.8878627288419434 1.2252551183536322 10.645833333333334 7.5000000000000009
decision_type=2 2 2 2 2 2 2 2 2 2 2 2 2 2 2 2 2 2 2 2 2 2 2 2 2 2 2 2
left_child=8 3 -3 16 5 6 -4 -7 12 11 -11 -10 21 14 -6 -15 18 -18 19 -2 -19 25 23 -23 -24 27 -27 -1
right_child=1 2 4 -5 13 7 -8 -9 9 10 -12 -13 -14 15 -16 -17 17 20 -20 -21 -22 22 24 -25 -26 26 -28 -29
leaf_value=-0.002295165965601911 -0.012407804256374087 -0.029809929494140075 -0.0007053404712835012 0.03760910398503315 0.0096080283346082762 -0.019535989235201622 0.043040992222726344 -0.0020374376054286309 0.024105447033584557 -0.059587812975600923 -0.00071516362506718865 -0.022898478025737676 0.032133628080853009 -0.0083142128713398523 0.0013005083551763711 0.00043898575231719284 0.047242747357284481 0.022572215513015789 -0.028743047746164457 0.030778311379253867 -0.010748676373623312 -0.00034391901476708137 0.002400626362346267 -0.0091070428103554937 0.040030251120527591 -0.0022438297265166929 0.0079915628646110935 0.0012576077839075829
leaf_weight=2037 27 39 3201 31 813 201 25 575 34 27 21 39 22 367 3599 3740 22 30 21 20 32 1371 545 1023 30 176 706 1466
leaf_count=2037 27 39 3201 31 813 201 25 575 34 27 21 39 22 367 3599 3740 22 30 21 20 32 1371 545 1023 30 176 706 1466
internal_value=7.25225e-08 0.000459477 0.000289787 0.0121059 0.000383541 -0.00156922 -0.000366327 -0.00656992 -0.000780798 -0.0140276 -0.033831 -0.00100624 -0.00056349 0.0013009 0.00283134 -0.000343197 0.00690461 0.0163399 -0.00475071 0.00596927 0.00537434 -0.000661305 -0.00245159 -0.00408856 0.00436391 0.000550862 0.00594913 -0.000808336
internal_weight=20240 12743 12560 183 12521 4002 3226 776 7497 121 48 73 7376 8519 4412 4107 152 84 68 47 62 7354 2969 2394 575 4385 882 3503
internal_count=20240 12743 12560 183 12521 4002 3226 776 7497 121 48 73 7376 8519 4412 4107 152 84 68 47 62 7354 2969 2394 575 4385 882 3503
is_linear=0
shrinkage=0.05


Tree=240
num_leaves=20
num_cat=0
split_feature=39 43 20 35 24 21 15 37 24 46 10 37 27 37 40 27 41 25 5
split_gain=2.86325 2.97893 16.2018 7.517 11.3016 12.1741 7.40188 3.95271 13.1884 9.88074 24.5278 13.4486 12.9846 9.05384 13.886 6.66504 31.2708 22.1146 5.8722
threshold=5.5000000000000009 7.3571428571428585 14.020833333333334 3.6428571428571437 10.080357142857144 11.812500000000002 0.6078576107927941 56.187500000000007 2.7440476190476195 0.87500000000000011 2.5000000000000004 52.737500000000004 3.6072209225176048 56.362500000000004 18.500000000000004 4.3019365669452281 152.50000000000003 4.5657218216081352 0.56250000000000011
decision_type=2 2 2 2 2 2 2 2 2 2 2 2 2 2 2 2 2 2 2
left_child=-1 2 3 4 6 -6 -2 9 -9 10 11 -3 -12 14 -10 17 -17 -11 -15
right_child=1 7 -4 -5 5 -7 -8 8 13 15 12 -13 -14 18 -16 16 -18 -19 -20
leaf_value=-0.017259740452088106 -0.0032266732446782475 -0.060243576192962271 -0.041940594654387015 0.020196137723286409 -0.033828786750590166 -0.0015421796529019466 0.010860419272437631 0.041081566782668236 0.02909492225706822 -0.00057103862747509635 0.0093961398296178913 -0.018596919018050863 -0.034463153220713139 0.0012881840620609154 -0.018045309217025837 6.7770337635600884e-05 -0.060851058156157913 0.047575522268501425 -0.00067832637805284688
leaf_weight=24 376 28 26 37 56 61 124 20 61 3815 108 63 20 8074 21 111 26 24 7165
leaf_count=24 376 28 26 37 56 61 124 20 61 3815 108 63 20 8074 21 111 26 24 7165
internal_value=6.89025e-08 2.05594e-05 -0.00323268 -0.00169383 -0.00300652 -0.0169956 0.000266926 0.000133797 0.000505708 -0.00122627 -0.0115658 -0.0314113 0.00254313 0.00045274 0.0170224 -0.000656767 -0.0114935 -0.000270044 0.00036358
internal_weight=20240 20216 680 654 617 117 500 19536 15341 4195 219 91 128 15321 82 3976 137 3839 15239
internal_count=20240 20216 680 654 617 117 500 19536 15341 4195 219 91 128 15321 82 3976 137 3839 15239
is_linear=0
shrinkage=0.05


Tree=241
num_leaves=23
num_cat=0
split_feature=32 6 37 23 5 20 0 20 38 24 41 41 7 39 28 20 28 20 33 20 25 45
split_gain=2.88097 5.524 2.87773 6.26753 13.9973 2.84096 17.1554 12.9377 25.583 12.6149 14.8287 25.6433 18.3901 11.3521 7.33714 19.4566 14.154 6.62252 11.5495 8.79806 1.58465 1.40884
threshold=17.500000000000004 0.98840803017137147 112.58750000000002 13.10416666666667 0.56250000000000011 13.770833333333334 12.937500000000002 16.020833333333339 77.500000000000014 14.145833333333334 79.500000000000014 55.500000000000007 0.64677246769892771 34.500000000000007 14.572222222222225 12.937500000000002 14.148611111111114 14.145833333333334 1.5000000000000002 15.35416666666667 1.1762468054410886 9.5000000000000018
decision_type=2 2 2 2 2 2 2 2 2 2 2 2 2 2 2 2 2 2 2 2 2 2
left_child=2 -2 5 20 -5 9 7 13 -9 14 11 -11 -12 -7 16 -16 -1 18 -8 -19 -4 -6
right_child=1 -3 3 4 21 6 17 8 -10 10 12 -13 -14 -15 15 -17 -18 19 -20 -21 -22 -23
leaf_value=9.2905348196490472e-05 0.032324664993211627 -0.0018324276855905897 -0.012451487666729724 0.048223652287075924 0.0092052920834358905 -0.01160223874880017 -0.0036020798752592373 0.007119731037389665 -0.064835172444581993 -0.0079153312632861805 0.0041393763453015714 0.02610741857358825 -0.036801817067122704 0.01973163408763481 -0.0014106075509864077 -0.034904841936400366 0.01938893964640253 0.0056568454994131113 -0.038601314208159848 -0.00055873587121173078 0.003881777457341 -0.0069150231292714253
leaf_weight=9456 20 29 33 24 33 233 110 21 30 78 320 191 30 33 220 54 96 610 30 8539 27 23
leaf_count=9456 20 29 33 24 33 233 110 21 30 78 320 191 30 33 220 54 96 610 30 8539 27 23
internal_value=6.54669e-08 0.0121092 -2.93214e-05 0.00711433 0.0162762 -7.91997e-05 -0.000699808 -0.0121379 -0.0352067 0.000491558 0.00741465 0.0162421 0.000630131 -0.00771495 5.54301e-05 -0.00801166 0.000286835 -0.000309467 -0.0111019 -0.000144318 -0.00510152 0.00258445
internal_weight=20240 49 20191 140 80 20051 9606 317 51 10445 619 269 350 266 9826 274 9552 9289 140 9149 60 56
internal_count=20240 49 20191 140 80 20051 9606 317 51 10445 619 269 350 266 9826 274 9552 9289 140 9149 60 56
is_linear=0
shrinkage=0.05


Tree=242
num_leaves=29
num_cat=0
split_feature=36 6 6 6 20 0 43 29 29 36 0 30 18 8 32 15 0 32 4 22 30 4 45 23 10 37 25 37
split_gain=2.90816 13.9945 55.9288 15.6786 26.0303 14.973 20.2811 22.7835 13.0703 9.66926 41.567 8.55362 8.20562 4.72454 11.9345 6.96624 7.44697 6.4614 15.2046 16.3716 14.2822 6.05391 5.36887 15.4069 10.0748 5.36528 2.99841 0.505099
threshold=7.6428571428571432 0.6876548648202192 0.70599456317960263 0.73283012418821925 27.020833333333339 23.562500000000004 21.785714285714288 4.0714114104069283 5.841332857399518 7.5000000000000009 26.062500000000004 0.22321428571428578 -0.24999999999999994 0.0036300505050505054 6.5000000000000009 -0.8783796973249266 21.395833333333339 8.5000000000000018 0.64583333333333337 16.145833333333339 0.16369047619047622 0.31250000000000006 5.5000000000000009 30.937500000000004 3.5000000000000004 83.987500000000011 0.64827686035946952 58.687500000000007
decision_type=2 2 2 2 2 2 2 2 2 2 2 2 2 2 2 2 2 2 2 2 2 2 2 2 2 2 2 2
left_child=9 5 -3 4 -4 6 7 -2 11 13 12 -5 -11 17 15 25 -17 22 19 -19 -20 -16 23 -1 -24 -15 27 -14
right_child=1 2 3 8 -6 -7 -8 -9 -10 10 -12 -13 26 14 21 16 -18 18 20 -21 -22 -23 24 -25 -26 -27 -28 -29
leaf_value=-0.0013462102893435184 0.059096418687009392 -0.082228220142424105 0.071433123165652868 0.013337220278778442 -0.0072923513750235251 0.058556716805323962 -0.028534194547683002 -0.0014150551440460341 -0.033391236951919617 -0.024112380221486093 -0.073169442887107528 0.00033251599165118122 -0.002114511421845796 -0.001168190763287601 -0.044708662362838235 -0.0017027767968454189 -0.027815771257155578 -0.0057222897690439294 -0.03647372167453998 0.019818596763723002 0.00093451933278880343 -0.0093746627606874841 0.0019599503482533253 0.030998203525873454 -0.0012458852132419362 0.034573195883560746 0.025620554476045072 0.0079443978325192191
leaf_weight=7474 28 20 21 142 21 20 24 35 27 25 24 1154 26 21 27 186 32 86 27 232 464 22 5702 37 4298 21 20 24
leaf_count=7474 28 20 21 142 21 20 24 35 27 25 24 1154 26 21 27 186 32 86 27 232 464 22 5702 37 4298 21 20 24
internal_value=6.21723e-08 0.00212461 0.000778655 0.00199487 0.0320704 0.0195466 0.0105788 0.0254789 0.00104009 -0.000169014 -0.0143763 0.00175741 0.000476735 -7.82591e-05 -0.00620936 -0.00194352 -0.00553588 2.51531e-05 0.00439385 0.0129113 -0.00112255 -0.0288444 -0.000176679 -0.00118688 0.000582082 0.0167025 0.00925856 0.00271377
internal_weight=20240 1492 1385 1365 42 107 87 63 1323 18748 119 1296 95 18629 309 260 218 18320 809 318 491 49 17511 7511 10000 42 70 50
internal_count=20240 1492 1385 1365 42 107 87 63 1323 18748 119 1296 95 18629 309 260 218 18320 809 318 491 49 17511 7511 10000 42 70 50
is_linear=0
shrinkage=0.05


Tree=243
num_leaves=18
num_cat=0
split_feature=36 36 22 38 35 36 22 25 27 6 28 5 36 21 34 41 41
split_gain=2.8174 22.4258 31.6466 18.3892 13.4121 10.4347 17.2254 8.63603 11.5077 15.2672 32.3893 11.4603 4.81189 26.1626 5.75683 10.5528 4.47103
threshold=9.6428571428571441 9.3571428571428594 24.729166666666668 156.50000000000003 10.071428571428573 9.2142857142857171 23.645833333333339 4.7519097569350643 4.7499547787569325 0.91147079346092508 30.093750000000004 0.77083333333333337 9.071428571428573 27.645833333333339 14.500000000000002 133.50000000000003 204.50000000000003
decision_type=2 2 2 2 2 2 2 2 2 2 2 2 2 2 2 2 2
left_child=1 5 -3 -4 -2 12 -7 8 9 10 -6 -11 14 -14 16 -16 -1
right_child=4 2 3 -5 7 6 -8 -9 -10 11 -12 -13 13 -15 15 -17 -18
leaf_value=-0.00016827662479477137 0.031857162885940996 0.010489498544484378 -0.072697031317335181 -0.011937021630583331 -0.072327020977224626 -0.0065870913992365533 0.045317685461574886 -0.029246820746497676 0.032226136279472663 0.040206478942524305 0.00014334016254749792 0.0028604856644890409 0.019284922472434119 -0.057134045261357513 0.042473136007108475 0.003474327995123842 0.0058468661357837385
leaf_weight=19120 39 37 33 20 21 31 33 22 31 22 58 310 24 21 22 82 314
leaf_count=19120 39 37 33 20 21 31 33 22 31 22 58 310 24 21 22 82 314
internal_value=5.90734e-08 -9.41153e-05 -0.0249959 -0.0497687 0.00369533 1.99561e-05 0.0201763 0.00132827 0.00285011 0.000634402 -0.0191209 0.00533522 -4.59177e-05 -0.0163773 -8.30327e-06 0.0117241 -7.10885e-05
internal_weight=20240 19737 90 53 503 19647 64 464 442 411 79 332 19583 45 19538 104 19434
internal_count=20240 19737 90 53 503 19647 64 464 442 411 79 332 19583 45 19538 104 19434
is_linear=0
shrinkage=0.05


Tree=244
num_leaves=31
num_cat=0
split_feature=40 24 26 41 25 21 38 13 40 25 35 21 27 23 36 6 41 27 28 0 23 43 6 43 21 25 43 23 38 1
split_gain=2.82239 7.46238 12.6517 8.3065 8.03907 6.98317 5.08458 4.07821 3.99394 8.34911 17.3679 18.7606 11.8078 10.3711 9.95765 15.8726 17.2595 9.3262 6.4709 12.0909 4.77593 4.59736 7.56504 5.11068 10.7822 16.65 6.39315 7.99345 4.68048 4.47812
threshold=3.5000000000000004 9.860119047619051 13.907738095238097 63.500000000000007 1.8707624070519457 9.7291666666666696 32.500000000000007 181.50000000000003 6.5000000000000009 1.2899694366890748 6.2142857142857153 18.854166666666668 3.7484180877689011 20.437500000000004 2.9285714285714293 0.91806961992245883 59.500000000000007 3.1986535403596168 11.330555555555557 12.645833333333334 11.020833333333334 5.5000000000000009 0.71676599262806173 6.2142857142857153 10.270833333333334 1.4273783785239198 6.7857142857142865 11.270833333333334 33.500000000000007 16.770833333333339
decision_type=2 2 2 2 2 2 2 2 2 2 2 2 2 2 2 2 2 2 2 2 2 2 2 2 2 2 2 2 2 2
left_child=1 3 4 5 7 6 -1 -3 9 14 11 17 -12 -13 18 16 -16 -11 20 -20 -2 22 -10 24 25 -23 27 -25 -28 -17
right_child=8 2 -4 -5 -6 -7 -8 -9 21 10 12 13 -14 -15 15 29 -18 -19 19 -21 -22 23 -24 26 -26 -27 28 -29 -30 -31
leaf_value=0.016185741028748452 -0.00080228757704257697 0.0031828309309535792 -0.0094277981565230439 0.019796004566160263 0.052882021736531032 -0.034347918147051876 -0.010788712515656291 0.030683046174593845 -0.00045998203244784644 -0.0037526995825324875 -0.049993237361518873 0.046117966290977266 -0.0041298434219282608 0.0034032419153178736 -0.00011830681469291449 0.0057628768519893039 0.054621428975628487 -0.019707327454212914 -0.033394413759432189 0.0076159815800565418 0.017496975986623989 0.0048503983904548149 -0.038813326805830002 -0.0054903648531509815 -0.015798091737983321 0.056767875798370532 0.019316481961868706 -0.039036926840032848 0.00017720236142853131 -0.021123197861015797
leaf_weight=25 578 28 36 32 21 22 58 26 36 603 36 27 23 30 24 59 36 108 41 32 38 47 20 115 26 23 32 21 18016 21
leaf_count=25 578 28 36 32 21 22 58 26 36 603 36 27 23 30 24 59 36 108 41 32 38 47 20 115 26 23 32 21 18016 21
internal_value=5.61184e-08 0.00530128 0.0149369 -0.00250572 0.026632 -0.00930244 -0.00266388 0.0164237 -6.57053e-05 -0.00241731 -0.00597186 -0.00396352 -0.0321143 0.0236365 0.00112866 0.0132854 0.0327255 -0.00617619 -0.0013415 -0.0154173 0.000326563 0.000146678 -0.0141576 0.000190499 0.0116967 0.021909 0.000129754 -0.0106703 0.000211137 -0.00129472
internal_weight=20240 248 111 137 75 105 83 54 19992 1656 827 768 59 57 829 140 60 711 689 73 616 18336 56 18280 96 70 18184 136 18048 80
internal_count=20240 248 111 137 75 105 83 54 19992 1656 827 768 59 57 829 140 60 711 689 73 616 18336 56 18280 96 70 18184 136 18048 80
is_linear=0
shrinkage=0.05


Tree=245
num_leaves=31
num_cat=1
split_feature=50 20 43 23 45 20 24 39 42 20 37 42 43 29 27 27 29 7 0 0 27 38 22 13 17 25 25 36 13 20
split_gain=2.77649 8.2575 17.674 15.9091 14.3545 11.9338 22.8569 15.4591 11.4151 11.2193 14.1939 15.1873 9.67572 17.2612 9.32286 18.6502 18.1224 9.0881 9.00429 8.9569 8.10508 19.0007 24.6105 14.1117 10.1959 21.2979 13.2709 13.0623 14.6257 12.6849
threshold=0 13.60416666666667 11.785714285714286 12.72916666666667 15.500000000000002 16.270833333333339 17.586309523809529 31.500000000000004 80.785714285714292 13.270833333333334 66.137500000000017 60.642857142857146 11.928571428571431 3.0735088963564356 2.0944028047781207 2.1413220686238499 2.6300400496657166 0.71286446020488581 14.145833333333334 14.437500000000002 5.6618609004608631 86.500000000000014 27.020833333333339 140.50000000000003 -0.93301270189221908 2.1191465363161712 1.952731772125625 2.2142857142857149 257.50000000000006 17.854166666666668
decision_type=1 2 2 2 2 2 2 2 2 2 2 2 2 2 2 2 2 2 2 2 2 2 2 2 2 2 2 2 2 2
left_child=1 4 3 8 9 6 -5 -7 18 14 11 -11 13 -4 16 -16 -1 19 -3 -14 24 -22 23 -23 25 26 29 -27 -29 -2
right_child=20 2 12 5 -6 7 -8 -9 -10 10 -12 -13 17 -15 15 -17 -18 -19 -20 -21 21 22 -24 -25 -26 27 -28 28 -30 -31
leaf_value=0.0029465475668944137 0.0018114349459711875 -0.02255602353243006 0.0021537507472056596 0.00033197641231872993 0.032825910700485114 -0.01307062417691595 0.046021309690871121 0.010386463325597686 -0.044853160638113287 -0.029373187369302563 0.041863018565644061 0.01642511604441739 -0.0081076789309141514 0.048887615548125631 -0.030562565354265128 0.00026686588689876089 0.024017971912080535 -0.033025512453168634 -0.0051378687618942789 0.0011364391333291153 0.020530567568836408 -0.010087301652750066 0.012732779617820468 -0.054093103087982354 -0.00081205252604179114 -0.0043469669823737248 -0.038000880591571334 0.073933252089080359 0.023742509293469025 0.041567864443086799
leaf_weight=798 450 123 62 488 40 348 29 88 29 23 39 85 274 29 51 1287 117 20 187 6003 34 29 35 49 9391 23 20 21 47 21
leaf_count=798 450 123 62 488 40 348 29 88 29 23 39 85 274 29 51 1287 117 20 187 6003 34 29 35 49 9391 23 20 21 47 21
internal_value=5.33087e-08 0.00058538 -0.000219083 -0.00555252 0.00311986 -0.00224339 0.00289482 -0.00833617 -0.0148552 0.00262476 0.0160082 0.00667177 0.000859628 0.017047 0.00175154 -0.000908247 0.00564093 0.0006257 -0.0120489 0.00073292 -0.000585274 -0.0122409 -0.0221013 -0.037732 -0.00041406 0.00600785 0.00189013 0.0282255 0.0392426 0.00358401
internal_weight=20240 10120 7680 1292 2440 953 517 436 339 2400 147 108 6388 91 2253 1338 915 6297 310 6277 10120 147 113 78 9973 582 491 91 68 471
internal_count=20240 10120 7680 1292 2440 953 517 436 339 2400 147 108 6388 91 2253 1338 915 6297 310 6277 10120 147 113 78 9973 582 491 91 68 471
cat_boundaries=0 1
cat_threshold=45
is_linear=0
shrinkage=0.05


Tree=246
num_leaves=31
num_cat=1
split_feature=33 46 37 48 29 22 42 28 7 29 29 25 23 23 21 9 24 45 15 23 43 26 42 43 43 50 29 29 33 45
split_gain=2.86207 9.74551 10.7625 15.8076 13.7922 9.30268 18.9688 17.3234 16.7546 12.1676 29.2704 18.0655 14.2876 13.2356 10.5503 10.2511 7.78637 6.19253 12.0275 13.8858 26.4508 24.1232 13.5022 14.6316 11.7885 11.53 15.5893 18.4187 13.1989 19.4636
threshold=2.5000000000000004 0.62500000000000011 97.850000000000009 0.91071428571428592 4.3800444907821889 33.770833333333336 128.78571428571431 33.488194444444453 0.077032747057542886 5.2341159736979153 5.841332857399518 4.3192497383699004 34.812500000000007 33.187500000000007 30.645833333333339 0.99774610136452246 22.752976190476193 10.500000000000002 -1.0000000180025095e-35 33.479166666666679 25.357142857142858 30.802083333333336 143.92857142857147 23.071428571428573 22.785714285714288 0 5.6194567016410604 4.7965190695747433 1.5000000000000002 20.500000000000004
decision_type=2 2 2 2 2 2 2 2 2 2 2 2 2 2 2 2 2 2 2 2 2 2 2 2 2 1 2 2 2 2
left_child=17 2 3 4 -2 9 14 8 -8 12 11 -11 13 -3 -7 -12 -5 -1 19 22 21 -21 23 -19 -24 28 27 -27 -20 -30
right_child=1 5 -4 16 -6 6 7 -9 -10 10 15 -13 -14 -15 -16 -17 -18 18 25 20 -22 -23 24 -25 -26 26 -28 -29 29 -31
leaf_value=-0.0003559354613199532 -0.019045277770895225 -0.0015877609882122029 0.016325187444686889 -0.022560394860338423 -0.074273907467722888 -0.058571289320077213 -0.016025164164602757 -0.02681043269235249 0.03790792953740392 0.0097718238021020382 -0.020920534373189397 0.046140883045811813 0.025582782807759941 -0.040594749214572158 -0.011023698914796114 0.0065608503401909076 0.0079200201032852587 -0.00082385394176338531 0.016467638665138749 -0.011930353318651518 0.015263853937212843 -0.069813430830836298 0.024522393410535234 -0.043786830091848972 0.0035853979428825174 0.0016941604358908535 -0.022467028921950731 0.023753290490643814 -0.0042139679366587903 0.030233045911416415
leaf_weight=12773 26 1891 25 40 20 28 24 38 36 76 65 62 48 22 20 71 44 2168 362 45 40 30 95 20 230 1500 62 101 228 50
leaf_count=12773 26 1891 25 40 20 28 24 38 36 76 65 62 48 22 20 71 44 2168 362 45 40 30 95 20 230 1500 62 101 228 50
internal_value=5.06477e-08 -0.00157091 -0.0137191 -0.0194968 -0.0430577 -0.000780081 -0.0130081 -0.00039505 0.0163347 1.87079e-05 0.00988824 0.0261115 -0.00136031 -0.00203635 -0.0387598 -0.00657364 -0.00659446 0.000225082 0.00173012 -0.000581544 -0.0175714 -0.0350836 0.000195948 -0.00121657 0.00970544 0.00436801 0.00212036 0.00308577 0.0100187 0.00198154
internal_weight=20240 2536 155 130 46 2381 146 98 60 2235 274 138 1961 1913 48 136 84 17704 4931 2628 115 75 2513 2188 325 2303 1663 1601 640 278
internal_count=20240 2536 155 130 46 2381 146 98 60 2235 274 138 1961 1913 48 136 84 17704 4931 2628 115 75 2513 2188 325 2303 1663 1601 640 278
cat_boundaries=0 1
cat_threshold=33
is_linear=0
shrinkage=0.05


Tree=247
num_leaves=31
num_cat=0
split_feature=10 9 13 26 30 27 42 43 12 13 27 42 9 30 46 0 40 46 40 35 27 36 7 17 26 30 41 29 36 0
split_gain=2.71252 7.74311 9.93128 14.6845 11.6529 12.6576 9.13466 8.45449 7.45977 10.4441 10.1746 15.2418 11.0643 8.29625 7.36233 12.9463 6.97958 6.5282 6.39865 8.93295 5.76009 5.01964 14.2643 24.9897 27.2294 14.2957 11.9978 29.3456 11.395 36.5615
threshold=5.5000000000000009 0.99875372023809539 83.500000000000014 13.316964285714286 0.32440476190476197 3.3850448856987021 101.71428571428574 16.500000000000004 8.5000000000000018 229.50000000000003 1.5825333553392575 63.071428571428577 0.99726113505747149 0.16666666666666677 0.62500000000000011 23.812500000000004 8.5000000000000018 0.87500000000000011 3.5000000000000004 4.5000000000000009 2.5482232800772722 7.6428571428571432 0.31380480735704336 -0.6830127018922193 23.072916666666671 0.19345238095238104 100.50000000000001 3.7006237386048659 7.5000000000000009 26.062500000000004
decision_type=2 2 2 2 2 2 2 2 2 2 2 2 2 2 2 2 2 2 2 2 2 2 2 2 2 2 2 2 2 2
left_child=18 8 7 16 5 -5 -6 -3 9 14 -10 -12 -13 20 15 -2 -4 -16 19 -1 -11 28 23 24 -23 -25 -24 -28 -20 -30
right_child=1 2 3 4 6 -7 -8 -9 10 13 11 12 -14 -15 17 -17 -18 -19 21 -21 -22 22 26 25 -26 -27 27 -29 29 -31
leaf_value=0.0050345319570705566 -0.020625031125002906 0.012753448907285928 -0.020348968128673733 0.067102851316332812 0.028277402311563494 0.023381573180976917 -0.014465232208371162 -0.02579445659436963 -0.0013633078618928971 -0.01469681711624498 0.044572929160729531 0.0105917937446788 -0.024089686349034311 0.0033941938290372488 0.0095189392825881878 0.023760713767260314 0.0084154533720772039 -0.00049319864147059607 -0.00047321982921878195 0.039504922292239612 -0.050083167559426767 0.0022387179493671286 -0.0048352689482271671 0.02003602509908628 -0.057273157376393269 0.0011844074212281782 0.083784960582852369 0.010994032240576214 -0.0024026358275414383 -0.075992010320935943
leaf_weight=179 92 25 30 25 25 49 25 33 310 23 31 287 25 25 181 20 71 1620 15744 21 23 40 30 112 37 985 20 45 86 21
leaf_count=179 92 25 30 25 25 49 25 33 310 23 31 287 25 25 181 20 71 1620 15744 21 23 40 30 112 37 985 20 45 86 21
internal_value=4.81258e-08 0.00140977 0.00926933 0.0140249 0.025553 0.0381523 0.00690609 -0.00917898 0.000566292 -0.000959389 0.00520174 0.0111352 0.00781283 -0.0197899 -0.000260503 -0.012699 -0.000128434 0.000513018 -0.000237619 0.00865392 -0.03239 -0.000341492 0.00268439 0.00117642 -0.0263579 0.00310909 0.0213197 0.0333912 -0.000583738 -0.0168454
internal_weight=20240 2920 283 225 124 74 50 58 2637 1984 653 343 312 71 1913 112 101 1801 17320 200 46 17120 1269 1174 77 1097 95 65 15851 107
internal_count=20240 2920 283 225 124 74 50 58 2637 1984 653 343 312 71 1913 112 101 1801 17320 200 46 17120 1269 1174 77 1097 95 65 15851 107
is_linear=0
shrinkage=0.05


Tree=248
num_leaves=31
num_cat=0
split_feature=48 39 23 20 27 21 6 45 29 31 40 40 44 16 27 4 1 42 42 4 30 41 43 10 43 29 27 38 22 28
split_gain=2.66667 15.1516 18.6962 18.0012 15.4475 13.5462 13.3499 13.1377 15.1729 12.3091 11.6624 17.3208 10.98 10.8781 9.96741 13.0393 7.42603 3.86844 13.3042 12.4069 20.3359 12.7205 10.8513 11.9868 22.0537 24.5909 14.2855 10.3101 16.7437 14.4515
threshold=0.8392857142857143 29.500000000000004 24.687500000000004 21.562500000000004 4.0814949101490479 36.770833333333336 0.56092274632679862 24.500000000000004 3.4712697442458205 9.5000000000000018 23.500000000000004 27.500000000000004 1.5000000000000002 -0.56174490092936669 2.9987286037441643 0.18750000000000003 41.562500000000007 143.92857142857147 141.64285714285717 0.81250000000000011 0.36607142857142871 134.50000000000003 22.214285714285719 5.5000000000000009 19.642857142857149 3.4402746261760089 2.9749956357791887 165.50000000000003 26.062500000000004 23.902083333333334
decision_type=2 2 2 2 2 2 2 2 2 2 2 2 2 2 2 2 2 2 2 2 2 2 2 2 2 2 2 2 2 2
left_child=1 2 3 14 -4 7 -5 8 13 -10 12 -12 -9 -3 15 -1 -16 18 27 20 21 -20 23 24 26 -26 -19 -2 -29 -30
right_child=17 5 4 6 -6 -7 -8 10 9 -11 11 -13 -14 -15 16 -17 -18 22 19 -21 -22 -23 -24 -25 25 -27 -28 28 29 -31
leaf_value=0.041096478373263828 -0.00016728077165340419 0.011268076660935997 -0.048164991110563278 0.065842193102464072 0.0046602982426843338 0.030970102043024136 0.012437767399982973 0.019681204929947856 -0.035986118020453289 0.0038119723399480188 0.058329030478905357 -0.006687064768048004 -0.027836942641184699 -0.013270014912444006 0.012179336826438489 0.0025045041696956528 -0.023816944443081557 0.0049344228301197298 0.0049663491884712127 0.0011168070935492968 -0.057422958413759877 -0.027201967171600297 0.00033879293136669734 0.031426320211203014 -0.0030952656356948282 0.025208138492119982 -0.051759907919913528 0.0030789267159245142 0.06353090267096248 0.015440447912475126
leaf_weight=33 16721 61 25 25 31 21 22 20 102 24 21 20 31 174 23 65 38 20 60 117 30 63 1600 54 155 152 25 425 21 61
leaf_count=33 16721 61 25 25 31 21 22 20 102 24 21 20 31 174 23 65 38 20 60 117 30 63 1600 54 155 152 25 425 21 61
internal_value=4.57017e-08 -0.00295437 0.00669499 0.0136589 -0.0189224 -0.00828799 0.0408444 -0.0101079 -0.0144064 -0.0284055 0.00675921 0.0266139 -0.00920237 -0.00690055 0.005623 0.0154998 -0.0102446 0.000111533 -0.000126889 -0.0111399 -0.0205126 -0.0115101 0.00219125 0.00949158 0.0061266 0.0109181 -0.0265624 4.57081e-05 0.00707014 0.0277563
internal_weight=20240 736 262 206 56 474 47 453 361 126 92 41 51 235 159 98 61 19504 17498 270 153 123 2006 406 352 307 45 17228 507 82
internal_count=20240 736 262 206 56 474 47 453 361 126 92 41 51 235 159 98 61 19504 17498 270 153 123 2006 406 352 307 45 17228 507 82
is_linear=0
shrinkage=0.05


Tree=249
num_leaves=27
num_cat=0
split_feature=39 20 0 42 37 36 45 21 22 13 9 26 21 44 35 20 28 24 29 9 33 21 29 23 23 28
split_gain=2.63925 2.68601 20.8723 27.6934 15.1247 45.0704 15.0966 10.2926 19.2201 21.552 16.2943 12.6354 21.5128 11.4482 11.4839 11.4264 10.1159 11.7883 10.1044 8.96484 10.0997 12.0667 11.6509 9.93968 27.6262 15.9432
threshold=5.5000000000000009 19.229166666666668 18.562500000000004 85.214285714285737 57.162500000000009 5.6428571428571432 16.500000000000004 20.854166666666668 17.395833333333339 351.50000000000006 0.99885651629072703 21.233630952380956 19.437500000000004 6.5000000000000009 6.0714285714285721 16.854166666666668 23.031250000000004 20.684523809523814 4.7422364860616719 0.9870860700602081 1.5000000000000002 27.895833333333339 4.0258825868576045 16.145833333333339 19.437500000000004 21.786805555555556
decision_type=2 2 2 2 2 2 2 2 2 2 2 2 2 2 2 2 2 2 2 2 2 2 2 2 2 2
left_child=-1 7 3 6 -5 -6 -3 11 13 10 -10 16 15 14 -9 -13 17 -2 -14 20 22 -22 -4 25 -25 -21
right_child=1 2 19 4 5 -7 -8 8 9 -11 -12 12 18 -15 -16 -17 -18 -19 -20 23 21 -23 -24 24 -26 -27
leaf_value=-0.016570875951826262 0.00020403869419571071 -0.064489686861634254 0.0034752845670381147 -0.034826146877419792 -0.012400041090129594 0.04331861084893994 -0.017351508885622025 0.043108282067839981 0.0062385981458559052 0.050816917961294006 -0.014049419863578858 0.032924154065549376 -0.070786042958497997 -0.0082445759681009124 0.0035548611581325534 -0.020522911637090149 0.034077309029684831 -0.035620415081148563 -0.020525743640027943 -0.0036312242030019401 -0.017542729016448207 0.014714239256202497 0.020622620610705276 0.010519079305396681 -0.0018562750473131379 -0.030378220028110914
leaf_weight=24 14329 35 288 38 172 46 33 69 332 22 141 20 20 21 25 20 22 23 20 273 85 44 151 520 3397 70
leaf_count=24 14329 35 288 38 172 46 33 69 332 22 141 20 20 21 25 20 22 23 20 273 85 44 151 520 3397 70
internal_value=4.3449e-08 1.97161e-05 -0.000965787 -0.0132509 -0.00571697 -0.000642894 -0.0416138 0.000356766 0.00671873 0.00244085 0.000190796 8.82725e-05 -0.0197276 0.0251322 0.0325888 0.00620062 0.00019856 0.000146628 -0.0456559 -0.000141353 0.00575914 -0.00654035 0.00937334 -0.000928086 -0.000213389 -0.00908979
internal_weight=20240 20216 5152 324 256 218 68 15064 610 495 473 14454 80 115 94 40 14374 14352 40 4828 568 129 439 4260 3917 343
internal_count=20240 20216 5152 324 256 218 68 15064 610 495 473 14454 80 115 94 40 14374 14352 40 4828 568 129 439 4260 3917 343
is_linear=0
shrinkage=0.05


Tree=250
num_leaves=16
num_cat=0
split_feature=20 6 43 20 41 45 23 48 20 29 35 20 48 0 31
split_gain=2.63313 12.1809 8.91803 4.12717 9.7863 12.4514 13.1748 19.393 4.39613 4.66481 4.49751 3.81691 17.7433 8.44616 2.59087
threshold=37.562500000000007 0.99945175438596501 22.642857142857149 34.937500000000007 105.50000000000001 21.500000000000004 26.604166666666668 0.91071428571428592 34.812500000000007 3.647841263254461 13.928571428571431 32.104166666666679 0.87500000000000011 30.520833333333339 11.500000000000002
decision_type=2 2 2 2 2 2 2 2 2 2 2 2 2 2 2
left_child=3 2 -2 8 -5 6 -6 -8 10 -10 11 13 -13 -1 -3
right_child=1 14 -4 4 5 -7 7 -9 9 -11 -12 12 -14 -15 -16
leaf_value=-7.1061442971545542e-05 -0.00033422320460279784 0.020905442541051242 -0.04039130233171763 -0.020894357931144813 -0.027404366891520721 0.048576775696128609 -0.021724437429539622 0.023485951252410764 -0.029461369857800981 0.0022225987875745408 0.017912768774798939 0.033360750627304828 -0.0079772078602841617 0.0077125684488040039 -0.0025110470397131787
leaf_weight=19111 24 27 33 27 24 20 31 101 26 21 35 28 356 355 21
leaf_count=19111 24 27 33 27 24 20 31 101 26 21 35 28 356 355 21
internal_value=4.12369e-08 -0.00789733 -0.0235252 4.12244e-05 0.00713452 0.0114344 0.00667256 0.0128684 -3.10181e-05 -0.0153047 5.08265e-06 -2.64926e-05 -0.00496298 7.0888e-05 0.0106607
internal_weight=20240 105 57 20135 203 176 156 132 19932 47 19885 19850 384 19466 48
internal_count=20240 105 57 20135 203 176 156 132 19932 47 19885 19850 384 19466 48
is_linear=0
shrinkage=0.05


Tree=251
num_leaves=25
num_cat=0
split_feature=33 13 33 33 27 34 26 38 29 35 21 21 15 13 25 0 45 27 16 20 20 22 32 1
split_gain=2.65927 8.12336 4.5537 3.91275 9.83456 19.9408 18.9144 14.2325 13.8487 15.7822 20.1803 12.1824 11.6537 7.79323 18.717 8.41308 5.91383 5.20096 12.3989 16.564 13.5321 6.18739 27.5433 9.98221
threshold=7.5000000000000009 205.50000000000003 8.5000000000000018 3.5000000000000004 4.4623090862005137 6.5000000000000009 27.962797619047624 158.50000000000003 5.1612233359612976 5.2142857142857153 24.020833333333339 18.729166666666668 0.6078576107927941 317.50000000000006 1.67538639595301 32.895833333333336 43.500000000000007 4.8878627288419434 -0.56174490092936669 30.520833333333339 15.85416666666667 28.145833333333339 3.5000000000000004 34.979166666666679
decision_type=2 2 2 2 2 2 2 2 2 2 2 2 2 2 2 2 2 2 2 2 2 2 2 2
left_child=3 2 -2 16 8 6 12 11 13 -10 -11 -7 -6 15 -15 -5 17 21 19 -19 -20 23 -23 -1
right_child=1 -3 -4 4 5 7 -8 -9 9 10 -12 -13 -14 14 -16 -17 -18 18 20 -21 -22 22 -24 -25
leaf_value=-9.9806686148243596e-05 0.011779146062003242 0.034887901515784588 -0.019265112773116148 -0.002120358734953635 -0.043503040499840079 0.044691720001754309 0.0094697368859842021 -0.035450005019083623 -0.012968506397945541 0.076468744352459914 0.007073105101219633 0.0026884907047677133 -0.01320640129485616 0.0066428957640060366 -0.054230857446141867 0.016599728743760631 0.023976362210053666 0.022431287110242764 0.01699764546379447 -0.0081378229389913754 -0.0031816576392625275 -0.02042160892062149 0.00048066934584624018 0.0059072958813454826
leaf_weight=16409 27 22 21 783 77 21 37 20 21 20 22 97 54 28 23 65 26 162 100 61 491 201 730 722
leaf_count=16409 27 22 21 783 77 21 37 20 21 20 22 97 54 28 23 65 26 162 100 61 491 201 730 722
internal_value=3.9191e-08 0.00972862 -0.00180272 -3.37239e-05 -0.00272249 -0.01053 -0.0220982 0.00355297 -0.000239005 0.0224229 0.0401186 0.0101636 -0.0310143 -0.0018271 -0.02081 -0.000685446 0.000146646 0.000113823 0.00402338 0.0140693 0.000232776 -6.23693e-05 -0.00403207 0.000153368
internal_weight=20240 70 48 20170 1268 306 168 138 962 63 42 118 131 899 51 848 18902 18876 814 223 591 18062 931 17131
internal_count=20240 70 48 20170 1268 306 168 138 962 63 42 118 131 899 51 848 18902 18876 814 223 591 18062 931 17131
is_linear=0
shrinkage=0.05


Tree=252
num_leaves=31
num_cat=1
split_feature=37 50 43 20 42 36 45 41 40 25 20 40 1 33 27 38 23 41 6 42 21 24 0 21 35 45 37 4 30 24
split_gain=2.54333 11.6737 9.72681 10.6312 22.6686 15.9237 14.319 13.5273 8.24852 8.14626 24.3374 13.4361 7.91926 23.5863 16.0563 23.0412 9.80747 7.11789 11.1611 10.0813 9.20739 10.1678 19.9027 9.74403 7.25385 6.75455 8.54142 6.05509 5.69854 13.3523
threshold=64.612500000000011 0 5.7857142857142865 15.72916666666667 84.500000000000014 4.2142857142857153 15.500000000000002 44.500000000000007 7.5000000000000009 5.9444174996093997 19.479166666666668 16.500000000000004 41.729166666666679 3.5000000000000004 3.3850448856987021 66.500000000000014 20.770833333333339 210.50000000000003 0.97676988307850465 176.78571428571431 37.479166666666679 27.529761904761909 25.604166666666668 30.312500000000004 5.6428571428571432 18.500000000000004 61.987500000000004 0.062500000000000014 0.58035714285714302 33.178571428571438
decision_type=2 1 2 2 2 2 2 2 2 2 2 2 2 2 2 2 2 2 2 2 2 2 2 2 2 2 2 2 2 2
left_child=9 2 -2 6 7 -6 8 -5 -4 12 -11 -12 25 14 16 -16 -14 20 19 24 21 23 -23 -3 -19 28 -27 -22 29 -1
right_child=1 17 3 4 5 -7 -8 -9 -10 10 11 -13 13 -15 15 -17 -18 18 -20 -21 27 22 -24 -25 -26 26 -28 -29 -30 -31
leaf_value=-0.0011929560493939429 -0.026978100805232927 -0.0002128139604748397 0.00045455110653111822 0.028987181283857511 -0.021667997039269745 0.00983744749897816 0.05249139757826924 -0.010675709049608094 0.014143806604298356 0.024762513262352775 -0.070686998199671502 -0.012729981541633607 0.04091767425863789 -0.050802524724314291 0.022595567591488362 -0.045416899572945008 -0.0050234064282405943 0.019696046154086405 -0.0034285519580724978 0.0051698270166525622 0.04300131499767304 -0.024194279119658931 -0.0014834008059454434 0.0158875704046927 0.058706126599149269 0.0033473093138615554 0.032550390516681703 0.0045600519116435739 0.0013480448954218344 -0.035202471276038677
leaf_weight=5972 24 8698 170 23 43 596 20 329 312 21 20 20 26 31 20 33 21 26 86 48 20 130 374 95 22 95 34 21 2881 29
leaf_count=5972 24 8698 170 23 43 596 20 329 312 21 20 20 26 31 20 33 21 26 86 48 20 130 374 95 22 95 34 21 2881 29
internal_value=3.7242e-08 0.000511844 0.00456993 0.00510768 0.00210473 0.00771736 0.0110358 -0.0080841 0.00931565 -0.000613763 -0.018825 -0.0417085 -0.000492249 -0.0126974 -0.000884783 -0.0197518 0.0203908 -0.000139462 0.00965345 0.0213727 -0.000330477 -0.000434741 -0.00734137 -3.88646e-05 0.0375757 -0.000314813 0.0110442 0.0233119 -0.000479789 -0.00135731
internal_weight=20240 11037 1517 1493 991 639 502 352 482 9203 61 40 9142 131 100 53 47 9520 182 96 9338 9297 504 8793 48 9011 129 41 8882 6001
internal_count=20240 11037 1517 1493 991 639 502 352 482 9203 61 40 9142 131 100 53 47 9520 182 96 9338 9297 504 8793 48 9011 129 41 8882 6001
cat_boundaries=0 1
cat_threshold=13
is_linear=0
shrinkage=0.05


Tree=253
num_leaves=31
num_cat=0
split_feature=20 0 25 35 25 32 37 45 4 21 13 23 32 14 45 1 1 31 27 20 0 20 23 38 23 9 21 43 32 42
split_gain=2.60887 17.5315 12.5587 18.8566 16.2226 12.3161 14.8981 11.3051 13.1976 13.89 10.8221 9.96771 10.217 10.1993 8.16315 7.85154 7.59677 10.0886 5.85884 14.8074 11.0481 8.23998 7.79198 14.4115 8.22475 5.49042 5.43556 6.07345 13.5401 6.069
threshold=10.645833333333334 10.645833333333334 2.7095235469219339 3.9285714285714293 3.0377569800082296 1.0000000180025095e-35 87.037500000000023 9.5000000000000018 0.39583333333333343 11.812500000000002 185.50000000000003 7.5208333333333348 4.5000000000000009 33.500000000000007 12.500000000000002 17.937500000000004 10.35416666666667 2.5000000000000004 2.6643736205173827 9.5208333333333339 9.8541666666666696 9.9791666666666696 15.937500000000002 63.500000000000007 15.645833333333334 0.97374686716792003 5.1458333333333348 7.2142857142857153 3.5000000000000004 48.571428571428577
decision_type=2 2 2 2 2 2 2 2 2 2 2 2 2 2 2 2 2 2 2 2 2 2 2 2 2 2 2 2 2 2
left_child=2 7 14 5 -5 -4 10 11 9 -9 -7 -2 13 -13 18 -6 -16 -18 22 20 -20 -21 24 -24 -1 -3 -27 28 -28 -29
right_child=1 25 3 4 15 6 -8 8 -10 -11 -12 12 -14 -15 16 -17 17 -19 19 21 -22 -23 23 -25 -26 26 27 29 -30 -31
leaf_value=-0.0001348901892877307 -0.03936185982699196 0.019726041770939316 0.039329332450316071 0.065461744594833129 0.0039366326284256178 0.018268159765685941 -0.027165545297916545 0.037869201842192057 -0.014879658051988862 -0.0025413911154028028 -0.0062653732576197193 -0.0093045029671663792 0.012025168897234836 -0.031054623200468826 0.0019729877631373422 0.037108987644314771 0.026087021812536689 0.0046580197268907032 -0.0080512120576033443 -0.051913273458679521 0.021777078946165387 -0.014677062082605866 0.045142696052789692 -0.0014650218834461604 -0.026832598974478657 0.021517206710393959 -0.00011375209653814291 0.026792239725944546 -0.043536708862162557 -0.00010968602157044789
leaf_weight=5502 36 35 21 23 44 87 43 37 67 50 93 206 40 73 656 30 86 152 119 24 42 39 27 43 29 29 58 21 26 12502
leaf_count=5502 36 35 21 23 44 87 43 37 67 50 93 206 40 73 656 30 86 152 119 24 42 39 27 43 29 29 58 21 26 12502
internal_value=3.5387e-08 -0.000415431 0.000775651 0.0101365 0.0287846 0.00272315 -0.000724073 -0.00951391 0.0017997 0.0146447 0.0055925 -0.0144218 -0.0116072 -0.0149954 0.000300573 0.0173849 0.0047492 0.0124013 -0.000382186 -0.00831152 -0.000269919 -0.0288623 -6.50695e-05 0.0165122 -0.000274871 -4.99407e-05 -0.000104718 -0.000154455 -0.0135542 -6.45738e-05
internal_weight=20240 13180 7060 341 97 244 223 509 154 87 180 355 319 279 6719 74 894 238 5825 224 161 63 5601 70 5531 12671 12636 12607 84 12523
internal_count=20240 13180 7060 341 97 244 223 509 154 87 180 355 319 279 6719 74 894 238 5825 224 161 63 5601 70 5531 12671 12636 12607 84 12523
is_linear=0
shrinkage=0.05


Tree=254
num_leaves=31
num_cat=0
split_feature=37 23 5 20 0 32 45 1 42 9 29 35 23 23 32 26 36 21 22 21 9 29 8 6 1 15 43 43 39 27
split_gain=2.53026 5.68535 12.4289 2.79157 15.4461 11.4293 13.3496 11.2534 11.3479 10.5469 9.8042 9.76364 14.0125 11.4348 6.43347 6.31671 5.96605 9.96222 22.0181 10.9041 8.42428 10.6756 6.7573 3.55491 3.40679 3.10268 7.39888 5.89888 1.42692 1.31504
threshold=112.58750000000002 13.10416666666667 0.56250000000000011 10.645833333333334 10.72916666666667 4.5000000000000009 6.5000000000000009 10.35416666666667 137.07142857142858 0.99237440191387571 2.1476030011619143 3.785714285714286 17.937500000000004 8.7708333333333339 4.5000000000000009 12.21279761904762 2.0714285714285716 15.72916666666667 24.479166666666668 15.270833333333334 0.98092757936507946 4.0258825868576045 0.010168650793650796 0.74048217219055001 9.3541666666666696 1.0000000180025095e-35 6.0714285714285721 6.7857142857142865 26.500000000000004 1.7843550229343563
decision_type=2 2 2 2 2 2 2 2 2 2 2 2 2 2 2 2 2 2 2 2 2 2 2 2 2 2 2 2 2 2
left_child=3 29 -3 7 5 6 10 14 11 -8 -5 12 -9 -13 25 -7 17 19 -19 -6 21 -18 -22 -16 -25 27 -27 -1 -4 -2
right_child=1 2 28 4 16 15 9 8 -10 -11 -12 13 -14 -15 23 -17 20 18 -20 -21 22 -23 -24 24 -26 26 -28 -29 -30 -31
leaf_value=-0.012456090383063457 -0.010170257766731083 0.045529032312333587 0.0096901354319866642 -0.007094056625729022 -0.00057871315638603879 -0.0071247084572425359 0.015126209095693552 0.0027193244732068638 0.034982987364818308 -0.0091912213390943943 -0.02611202631032828 0.046389333053451519 -0.033586480542672457 0.0093451521532821828 0.0055582892085457676 0.027227751727332362 0.0043498936919171742 -0.014618952926086946 0.0066984414009947993 0.033029660161584616 0.00020965290210283121 0.031237042031210402 -0.0096122681470640174 -0.02741725319886909 -0.0090725159479512121 0.020894408471723823 0.00082955813107388806 -0.00079415936691105472 -0.0063649567216634761 0.0055322907771915199
leaf_weight=113 40 24 31 115 697 23 65 1696 29 142 165 23 27 221 29 32 187 404 173 25 10800 46 178 34 99 47 2046 2684 25 20
leaf_count=113 40 24 31 115 697 23 65 1696 29 142 165 23 27 221 29 32 187 404 173 25 10800 46 178 34 99 47 2046 2684 25 20
internal_value=3.36088e-08 0.00669859 0.0154246 -4.6623e-05 -0.000479626 -0.00874323 -0.0111833 0.000755243 0.00393381 -0.00155531 -0.0183011 0.00347604 0.0021504 0.012837 -0.000500579 0.0128622 -0.000121602 -0.00332937 -0.00822743 0.000585012 0.000250076 0.00965809 5.03979e-05 -0.0103036 -0.0137621 -0.000175818 0.00128013 -0.00126531 0.00252268 -0.00493607
internal_weight=20240 140 80 20100 13052 542 487 7048 1996 207 280 1967 1723 244 5052 55 12510 1299 577 722 11211 233 10978 162 133 4890 2093 2797 56 60
internal_count=20240 140 80 20100 13052 542 487 7048 1996 207 280 1967 1723 244 5052 55 12510 1299 577 722 11211 233 10978 162 133 4890 2093 2797 56 60
is_linear=0
shrinkage=0.05


Tree=255
num_leaves=22
num_cat=0
split_feature=13 37 37 43 36 23 35 38 38 38 1 38 10 1 41 27 38 6 39 48 22
split_gain=2.48159 2.56461 13.3059 20.9572 12.2096 9.69548 9.5715 9.09595 7.97669 17.0066 13.89 7.19889 5.88058 5.80914 10.5617 5.37833 5.32717 9.81657 5.82805 4.61991 1.2405
threshold=365.50000000000006 91.33750000000002 90.96250000000002 18.928571428571434 4.6428571428571432 27.812500000000004 6.7857142857142865 111.50000000000001 201.50000000000003 172.50000000000003 37.729166666666679 57.500000000000007 3.5000000000000004 57.854166666666679 85.500000000000014 4.9714603295577371 209.50000000000003 0.92810897925726288 67.500000000000014 0.94642857142857151 15.187500000000002
decision_type=2 2 2 2 2 2 2 2 2 2 2 2 2 2 2 2 2 2 2 2 2
left_child=1 2 13 11 6 19 8 -8 9 -3 -10 -4 -13 16 -15 -9 18 -18 -1 -6 -2
right_child=20 4 3 -5 5 -7 7 15 10 -11 -12 12 -14 14 -16 -17 17 -19 -20 -21 -22
leaf_value=-0.00023928046993183287 -0.0036363497702404861 0.0009464880652575087 -0.025556929370966455 -0.04981000906075625 -0.019466513945233258 -0.038421281171031302 0.048617274686694148 0.022915048528186703 -0.041315814871983284 0.020671533767661426 0.009540938019752504 0.017140469296524921 -0.011308715886929457 0.042026655084413028 -0.0011201226328675813 -0.011294368393719197 0.014840930382147569 -0.0020478475799022545 -0.015476874810170441 0.013320371364666659 -0.021246721222996715
leaf_weight=15970 20 3315 29 34 21 34 20 27 29 113 25 39 34 23 37 20 164 181 63 22 20
leaf_count=15970 20 3315 29 34 21 34 20 27 29 113 25 39 34 23 37 20 164 181 63 22 20
internal_value=3.19214e-08 2.46687e-05 -0.000238846 -0.015814 0.00122916 -0.0184685 0.00165653 0.0203756 0.00129634 0.0015967 -0.017771 -0.00448205 0.00389016 -0.000109985 0.0154195 0.00835785 -0.000166876 0.00598044 -0.000299155 -0.00269183 -0.0124415
internal_weight=20240 20200 16574 136 3626 77 3549 67 3482 3428 54 102 73 16438 60 47 16378 345 16033 43 40
internal_count=20240 20200 16574 136 3626 77 3549 67 3482 3428 54 102 73 16438 60 47 16378 345 16033 43 40
is_linear=0
shrinkage=0.05


Tree=256
num_leaves=16
num_cat=0
split_feature=20 6 43 20 41 45 23 39 20 34 35 23 20 20 31
split_gain=2.53925 10.8974 7.87897 3.66455 8.67817 11.053 12.0002 20.1322 4.03736 4.28677 4.08289 3.63696 21.2133 6.40023 2.29928
threshold=37.562500000000007 0.99945175438596501 22.642857142857149 34.937500000000007 105.50000000000001 21.500000000000004 26.604166666666668 40.500000000000007 34.812500000000007 10.500000000000002 13.928571428571431 37.395833333333336 27.854166666666668 32.520833333333336 11.500000000000002
decision_type=2 2 2 2 2 2 2 2 2 2 2 2 2 2 2
left_child=3 2 -2 8 -5 6 -6 -8 10 -10 11 13 -13 -1 -3
right_child=1 14 -4 4 5 -7 7 -9 9 -11 -12 12 -14 -15 -16
leaf_value=4.7600508784760089e-05 -0.0007387294123570125 0.019448854684553766 -0.038389999521049586 -0.019669929374423294 -0.026235407435645661 0.045768069952027875 0.04129116109958509 -0.00090668157438982986 -0.028830137833952902 0.0014322303362529387 0.017069294420736177 -0.020424582761313235 0.029369766378605906 -0.0070274137001923439 -0.0026106100529432298
leaf_weight=19435 24 27 33 27 24 20 41 91 25 22 35 35 55 325 21
leaf_count=19435 24 27 33 27 24 20 41 91 25 22 35 35 55 325 21
internal_value=3.0336e-08 -0.00775527 -0.0225368 4.04727e-05 0.0067244 0.0107735 0.00628705 0.0122002 -2.76006e-05 -0.0146648 6.99565e-06 -2.3089e-05 0.0100053 -6.87649e-05 0.00979784
internal_weight=20240 105 57 20135 203 176 156 132 19932 47 19885 19850 90 19760 48
internal_count=20240 105 57 20135 203 176 156 132 19932 47 19885 19850 90 19760 48
is_linear=0
shrinkage=0.05


Tree=257
num_leaves=31
num_cat=0
split_feature=40 37 36 26 48 41 24 27 40 25 37 24 37 25 43 36 30 43 26 28 37 9 38 18 33 42 0 25 42 38
split_gain=2.46733 6.59333 7.85107 13.4874 11.8145 6.29417 7.2895 5.88058 5.54181 9.11043 13.7113 15.6363 15.0436 12.5766 11.987 10.9412 9.94611 11.2264 9.64292 6.76914 13.9608 5.26235 4.7533 4.33698 3.86991 3.86512 9.52747 6.63057 6.28817 10.0293
threshold=4.5000000000000009 99.425000000000026 4.0714285714285721 14.001488095238097 0.98214285714285732 62.500000000000007 12.05654761904762 0.71594834421315767 6.5000000000000009 1.5087651751506208 63.587500000000013 10.276785714285715 66.512500000000017 1.8393884493833503 7.9285714285714297 2.9285714285714293 0.42261904761904773 9.9285714285714306 23.686011904761909 11.330555555555557 88.037500000000009 0.99726113505747149 69.500000000000014 -0.9330127018922193 1.0000000180025095e-35 46.214285714285722 10.270833333333334 2.1001897431623955 47.500000000000007 74.500000000000014
decision_type=2 2 2 2 2 2 2 2 2 2 2 2 2 2 2 2 2 2 2 2 2 2 2 2 2 2 2 2 2 2
left_child=1 2 3 5 21 6 -1 -7 9 15 11 14 24 -13 -11 19 17 -17 -14 23 -21 -4 -18 -2 -12 26 27 -10 29 -27
right_child=8 -3 4 -5 -6 7 -8 -9 25 10 12 13 18 -15 -16 16 22 -19 -20 20 -22 -23 -24 -25 -26 28 -28 -29 -30 -31
leaf_value=-0.0047681720636538194 -0.011455069482326509 0.026488089317391661 0.0164792456664145 -0.031661284668371086 -0.0072993485381760235 -0.003037490136921406 0.020146590749253381 0.019049025420099498 -0.0067017237338739891 -0.024938784477611387 0.012697372905910016 -0.046876477487173607 -0.00815779151821352 -0.016565728300347828 0.021711042602546513 0.050818928742203222 -0.0017952872076775969 0.0021251272782683373 0.027123688762852302 -0.05241662877553608 -0.0037509792771223669 0.05231588216764587 0.025390741890296345 0.0012182769274157433 0.042205503284931188 0.00052803160157054673 -0.030770147920531388 0.016649440028949788 0.00015931693155877676 0.041412533035812278
leaf_weight=266 79 29 20 32 28 47 33 84 152 21 25 44 249 154 40 29 82 20 21 20 56 21 20 464 20 40 34 38 18048 24
leaf_count=266 79 29 20 32 28 47 33 84 152 21 25 44 249 154 40 29 82 20 21 20 56 21 20 464 20 40 34 38 18048 24
internal_value=2.87989e-08 0.00327266 0.00200477 -0.000344808 0.0177368 0.00198572 -0.00201838 0.0111249 -9.30949e-05 -0.0031922 -0.00796012 -0.0164825 -0.000952852 -0.0233015 0.00565127 0.000362072 0.0124295 0.0309439 -0.00541368 -0.00258168 -0.0165577 0.0348346 0.00353531 -0.000625543 0.0258121 0.000134064 -0.00639361 -0.00203149 0.000214795 0.0158597
internal_weight=20240 560 531 462 69 430 299 131 19680 1344 574 259 315 198 61 770 151 49 270 619 76 41 102 543 45 18336 224 190 18112 64
internal_count=20240 560 531 462 69 430 299 131 19680 1344 574 259 315 198 61 770 151 49 270 619 76 41 102 543 45 18336 224 190 18112 64
is_linear=0
shrinkage=0.05


Tree=258
num_leaves=31
num_cat=1
split_feature=48 39 23 28 50 38 45 25 22 26 16 0 31 23 4 22 41 47 38 40 43 28 26 15 1 37 1 25 40 38
split_gain=2.45844 13.6498 15.6002 13.8835 11.8722 12.8941 22.4697 24.7851 11.5711 11.4934 16.3918 10.6219 10.3123 15.0309 13.5964 8.24164 6.52559 6.10204 6.71417 4.5615 3.51553 10.3648 25.217 22.8627 17.0968 42.5098 17.217 15.4645 6.76003 11.5521
threshold=0.8392857142857143 30.500000000000004 24.687500000000004 22.409027777777784 0 146.50000000000003 24.500000000000004 2.4509996205917139 22.854166666666668 20.900297619047624 -0.22252093395631442 26.604166666666668 6.5000000000000009 20.562500000000004 0.56250000000000011 13.687500000000002 144.50000000000003 0.62500000000000011 76.500000000000014 26.500000000000004 13.785714285714286 21.918750000000003 24.047619047619055 0.87837969732492682 31.854166666666668 86.912500000000009 25.458333333333339 2.8220626673432672 22.500000000000004 177.50000000000003
decision_type=2 2 2 2 1 2 2 2 2 2 2 2 2 2 2 2 2 2 2 2 2 2 2 2 2 2 2 2 2 2
left_child=1 2 3 8 5 9 7 -7 15 10 -3 -4 13 -6 -14 -1 -11 18 -2 -16 21 24 23 -23 26 -26 -19 -24 29 -22
right_child=17 4 11 -5 12 6 -8 -9 -10 16 -12 -13 14 -15 19 -17 -18 20 -20 -21 28 22 27 -25 25 -27 -28 -29 -30 -31
leaf_value=-0.0019673322668482722 -2.4101763963699341e-05 0.013556554477269712 -0.032287511239067104 0.042399868788197639 0.021854158211499455 -0.024532330976148577 0.04640383363701403 0.029707198134357377 -0.029173804745078087 -0.049414477108957924 -0.028278922201057929 0.011162822956049985 0.043830949233637923 -0.031946032091572478 0.011007438415915451 0.020355769853234632 -0.017369893224289022 -0.00049425364449646612 0.037408755525298744 -0.016876758241348648 0.0012615877043599575 -0.030729230292823304 0.034502022209412918 0.025217308742659435 0.0022199729154817761 0.047387313631043072 -0.020672740121850761 -0.0034652182700361796 -0.0016017501689359341 0.021114680316374715
leaf_weight=71 25 38 39 32 20 85 20 28 20 47 61 22 27 37 44 99 24 8775 23 22 7457 140 34 21 280 64 107 127 2377 74
leaf_count=71 25 38 39 32 20 85 20 28 20 47 61 22 27 37 44 99 24 8775 23 22 7457 140 34 21 280 64 107 127 2377 74
internal_value=2.73781e-08 -0.0028367 0.0057782 0.0119318 -0.00821863 -0.0136568 -0.00244639 -0.0110924 0.00680034 -0.0232307 -0.0122209 -0.0166169 0.00344721 -0.0130688 0.0139406 0.0110326 -0.0385825 0.000107074 0.0179125 0.00171271 6.31458e-05 -0.000621515 -0.00943957 -0.0234319 -0.000313752 0.0106232 -0.000737341 0.00455271 0.00072293 0.00145667
internal_weight=20240 736 283 222 453 303 133 113 190 170 99 61 150 57 93 170 71 19504 48 66 19456 9548 322 161 9226 344 8882 161 9908 7531
internal_count=20240 736 283 222 453 303 133 113 190 170 99 61 150 57 93 170 71 19504 48 66 19456 9548 322 161 9226 344 8882 161 9908 7531
cat_boundaries=0 1
cat_threshold=116
is_linear=0
shrinkage=0.05


Tree=259
num_leaves=31
num_cat=0
split_feature=20 0 7 48 26 43 7 31 18 33 24 17 37 0 0 32 39 13 7 23 25 25 4 14 34 13 44 32 27 26
split_gain=2.52757 14.8292 15.2802 20.1007 16.472 14.7528 16.4895 16.2611 16.8247 12.277 11.3238 15.5279 14.3074 10.6287 13.0196 10.5767 16.7151 13.8172 12.333 12.3078 10.73 10.4958 13.9527 9.87322 8.62141 15.9272 23.2756 16.4335 7.62906 13.8024
threshold=15.35416666666667 14.687500000000002 0.55559569685292243 0.98214285714285732 20.105654761904763 11.214285714285717 0.0023995209594629978 8.5000000000000018 -0.68301270189221952 3.5000000000000004 17.264880952380956 0.68301270189221941 63.237500000000004 18.854166666666668 14.020833333333334 3.5000000000000004 30.500000000000004 267.50000000000006 0.55029567382508571 22.520833333333339 1.7750591498742831 3.2790155213201659 0.22916666666666671 41.500000000000007 1.5000000000000002 144.50000000000003 1.5000000000000002 4.5000000000000009 6.1341084082564459 19.028273809523814
decision_type=2 2 2 2 2 2 2 2 2 2 2 2 2 2 2 2 2 2 2 2 2 2 2 2 2 2 2 2 2 2
left_child=13 2 10 4 -4 6 -3 8 -8 -9 21 12 -12 14 28 16 18 19 -16 -17 -18 22 -2 -19 25 27 -27 -7 29 -1
right_child=1 5 3 -5 -6 24 7 9 -10 -11 11 -13 -14 -15 15 17 20 23 -20 -21 -22 -23 -24 -25 -26 26 -28 -29 -30 -31
leaf_value=0.00012906768534630883 0.0068058662116527559 0.0062585611232659879 -0.042993310934398322 0.046821094676852228 0.017362768690173443 -0.015098984780806034 -0.005974061049320206 0.038972321486410999 -0.028098788058732529 -0.011093118101358414 -0.04900965889294942 -0.066496631943366746 -0.00082065944754800132 -0.026265560470622135 0.014755295499365915 -0.0029604859148038426 -0.036063111588979763 0.04334528411513773 0.050197398298661468 0.027663854455043164 0.0046088655646890405 -0.041005781033764718 -0.019482864496456656 0.0094019103266452103 4.7436892943802116e-05 0.040320568811148406 -0.0045055089023662729 0.022047106249827066 0.03089246893301606 -0.022638673797152495
leaf_weight=10285 109 144 20 25 26 88 167 24 177 25 24 22 43 37 270 524 24 29 27 35 50 23 94 82 7613 73 48 45 20 67
leaf_count=10285 109 144 20 25 26 88 167 24 177 25 24 22 43 37 270 524 24 29 27 35 50 23 94 82 7613 73 48 45 20 67
internal_value=2.60064e-08 -0.000637687 -0.0102203 0.0107337 -0.00887901 -0.000197552 -0.00821585 -0.0135195 -0.017358 0.0134287 -0.0149433 -0.03005 -0.0180824 0.000489589 0.000576327 0.00590691 0.0126798 0.00215658 0.0179773 -0.00104304 -0.00858205 -0.00899417 -0.00536724 0.01827 0.000349775 0.0094116 0.0225383 -0.00253076 4.1315e-05 -1.82892e-05
internal_weight=20240 8790 386 71 46 8404 537 393 344 49 315 89 67 11450 11413 1041 371 670 297 559 74 226 203 111 7867 254 121 133 10372 10352
internal_count=20240 8790 386 71 46 8404 537 393 344 49 315 89 67 11450 11413 1041 371 670 297 559 74 226 203 111 7867 254 121 133 10372 10352
is_linear=0
shrinkage=0.05


Tree=260
num_leaves=31
num_cat=0
split_feature=20 0 42 24 37 36 45 1 28 7 6 39 43 41 24 6 23 23 6 40 22 48 28 31 23 27 21 43 39 35
split_gain=2.48864 18.032 24.4247 13.9097 17.0649 35.1759 13.3377 9.39932 13.9676 14.4217 33.9944 29.3827 27.2057 18.6435 17.157 8.39055 14.8232 33.0249 22.9529 21.0946 22.6505 17.645 15.3874 12.6678 7.1487 6.30423 20.626 14.4602 11.9535 5.62006
threshold=19.229166666666668 18.562500000000004 85.214285714285737 17.788690476190478 57.162500000000009 5.6428571428571432 16.500000000000004 19.729166666666668 14.957638888888891 0.47124178092491087 0.5389182735400645 14.500000000000002 18.785714285714288 113.50000000000001 17.949404761904766 0.99945175438596501 16.145833333333339 19.437500000000004 0.64043513957307074 11.500000000000002 16.854166666666668 0.94642857142857151 22.550694444444449 4.5000000000000009 18.354166666666668 3.1356625142054413 15.47916666666667 11.928571428571431 20.500000000000004 7.5000000000000009
decision_type=2 2 2 2 2 2 2 2 2 2 2 2 2 2 2 2 2 2 2 2 2 2 2 2 2 2 2 2 2 2
left_child=7 2 6 -4 -5 -6 -2 24 -9 10 -10 14 -13 -12 -11 16 19 18 -18 21 -21 -3 -19 29 25 -1 28 -28 -27 -17
right_child=1 15 3 4 5 -7 -8 8 9 11 13 12 -14 -15 -16 23 17 22 -20 20 -22 -23 -24 -25 -26 26 27 -29 -30 -31
leaf_value=0.00012620301141217581 -0.060505940509693969 -0.019250821322202682 -0.043302815322848881 -0.035042268671377594 -0.0074814712509321856 0.042697513323898123 -0.016198762128073158 0.045178631328453782 0.058171517353865415 0.005960383832765123 0.0099194902807760513 -0.0081619440168517361 0.030967066283725826 -0.0032496780482666834 0.069874391119394988 0.010743007063546715 0.032662463961686532 -0.0083297718915571767 0.0059185961402153445 -0.055068126351043994 -0.012396971021707242 0.031523278965191408 -0.00012038145587915316 0.0011876192729926155 -0.026860959224402903 -0.0069719687602034612 -0.036799416916542933 -0.0029598492702158793 0.010556712142112325 0.031128183697265662
leaf_weight=12633 35 28 22 33 156 45 33 20 31 21 737 596 48 423 21 146 108 759 312 37 195 44 2302 853 25 239 76 54 164 44
leaf_count=12633 35 28 22 33 156 45 33 20 31 21 737 596 48 423 21 146 108 759 312 37 195 44 2302 853 25 239 76 54 164 44
internal_value=2.46951e-08 -0.000948774 -0.0123674 -0.0052921 -0.00171845 0.00375263 -0.0390039 0.000324005 0.00361485 0.00317198 0.00649821 -0.00260287 -0.0052455 0.00511728 0.0379174 -0.000182485 -0.00127667 -0.000351987 0.0127956 -0.0118649 -0.0192023 0.0117778 -0.00215597 0.00378826 -0.000149252 -9.85314e-05 -0.00542512 -0.022743 0.000161291 0.0154638
internal_weight=20240 5152 324 256 234 201 68 15088 1897 1877 1191 686 644 1160 42 4828 3785 3481 420 304 232 72 3061 1043 13191 13166 533 130 403 190
internal_count=20240 5152 324 256 234 201 68 15088 1897 1877 1191 686 644 1160 42 4828 3785 3481 420 304 232 72 3061 1043 13191 13166 533 130 403 190
is_linear=0
shrinkage=0.05


Tree=261
num_leaves=31
num_cat=0
split_feature=10 27 9 22 22 38 26 20 36 36 9 27 28 0 1 22 30 35 40 28 22 9 36 21 17 41 30 36 0 18
split_gain=2.4598 7.64453 19.6029 14.4119 16.1052 16.7682 15.2996 20.8106 13.2913 12.7893 11.188 19.1658 9.91766 14.7588 18.5532 10.0779 8.57684 11.2031 5.80177 8.56632 6.80086 6.0924 4.22517 12.3671 14.6804 32.4566 11.2083 10.6284 32.8264 8.24543
threshold=5.5000000000000009 3.639433783520289 0.98323412698412704 23.770833333333339 27.979166666666668 154.50000000000003 23.379464285714292 29.937500000000004 2.6428571428571437 2.0714285714285716 0.99838789682539686 1.9650365558544152 33.94166666666667 23.979166666666668 34.895833333333336 27.354166666666668 0.32440476190476197 5.2142857142857153 3.5000000000000004 10.300694444444446 11.395833333333334 0.99647817460317467 7.6428571428571432 14.437500000000002 -0.6830127018922193 126.50000000000001 0.6994047619047622 7.5000000000000009 26.062500000000004 -0.24999999999999994
decision_type=2 2 2 2 2 2 2 2 2 2 2 2 2 2 2 2 2 2 2 2 2 2 2 2 2 2 2 2 2 2
left_child=18 10 -3 6 8 -6 9 -8 -5 -4 12 -12 13 15 -15 -2 17 -13 19 -1 -21 -22 27 -24 25 -25 -26 -20 29 -29
right_child=1 2 3 4 5 -7 7 -9 -10 -11 11 16 -14 14 -16 -17 -18 -19 22 20 21 -23 23 24 26 -27 -28 28 -30 -31
leaf_value=5.2999113440301605e-05 0.0011919590236352177 0.033579882576821311 -0.039496986040224634 0.054201944030466534 -0.028778458100871419 0.019951208584286548 -0.04904310139748505 0.0015541490287550035 0.0077778709988141877 9.2326403212021385e-05 0.0026271709612681652 0.023776312276721001 -0.028764428819219274 0.007397087010210507 0.05590766477915976 -0.03282519484108145 0.012098697547254893 0.072698619826273486 -0.0004407259163484562 0.046404776284471157 -0.0053324286575214229 0.027487235089703917 0.038781105844384954 0.01197945713825828 0.0091630396194197824 -0.045569655433183122 -0.00084450073552902623 -0.027451303973793986 -0.072296633748781119 0.0070650083377146195
leaf_weight=123 2108 31 24 21 51 27 59 31 58 136 149 25 27 73 27 22 29 22 15744 20 26 31 23 49 483 49 665 24 21 62
leaf_count=123 2108 31 24 21 51 27 59 31 58 136 149 25 27 73 27 22 29 22 15744 20 26 31 23 49 483 49 665 24 21 62
internal_value=2.34707e-08 0.00134247 -0.00474754 -0.00766682 0.00420598 -0.0119105 -0.0151229 -0.0316152 0.0201184 -0.00584607 0.00241718 0.0130493 0.00135727 0.00172197 0.0204949 0.000840608 0.0334821 0.0466761 -0.000226302 0.00824038 0.0213189 0.0125169 -0.000325211 0.00245091 0.00178029 -0.0167951 0.00336599 -0.000547462 -0.0162526 -0.00256745
internal_weight=20240 2920 438 407 157 78 250 90 79 160 2482 225 2257 2230 100 2130 76 47 17320 200 77 57 17120 1269 1246 98 1148 15851 107 86
internal_count=20240 2920 438 407 157 78 250 90 79 160 2482 225 2257 2230 100 2130 76 47 17320 200 77 57 17120 1269 1246 98 1148 15851 107 86
is_linear=0
shrinkage=0.05


Tree=262
num_leaves=31
num_cat=1
split_feature=37 50 9 25 13 34 25 25 38 9 20 29 25 20 40 1 33 27 38 42 20 25 6 13 24 1 41 29 25 27
split_gain=2.39751 10.629 13.2793 11.8729 10.9425 15.4716 16.3977 13.0843 10.1434 9.6637 8.39809 7.18384 7.15731 21.5099 12.0925 7.18673 21.1216 14.1482 20.2133 9.05899 6.94516 8.66018 6.79859 26.3109 22.3976 10.9678 11.9271 10.3392 9.03304 6.44233
threshold=64.612500000000011 0 0.98672462406015049 1.8536705637242696 176.50000000000003 2.5000000000000004 4.4663183117119916 1.4121075097341704 94.500000000000014 0.98925492610837451 8.0208333333333339 3.1647178686995394 5.9444174996093997 19.479166666666668 16.500000000000004 41.729166666666679 3.5000000000000004 3.3850448856987021 66.500000000000014 69.357142857142875 3.8125000000000004 0.9883372478236786 0.44657318762042392 295.50000000000006 28.413690476190478 57.729166666666679 113.50000000000001 5.841332857399518 3.2006194571615181 4.9714603295577371
decision_type=2 1 2 2 2 2 2 2 2 2 2 2 2 2 2 2 2 2 2 2 2 2 2 2 2 2 2 2 2 2
left_child=12 2 3 -2 5 7 -7 -4 -5 11 -11 -6 15 -14 -15 29 17 19 -19 -17 21 -3 23 24 -22 27 -27 -24 -25 -1
right_child=1 20 4 8 9 6 -8 -9 -10 10 -12 -13 13 14 -16 16 -18 18 -20 -21 22 -23 25 28 -26 26 -28 -29 -30 -31
leaf_value=-0.00052399203257642 0.0022458804054902152 -0.0074318264028988782 -0.0017140709282830358 0.050698139212834531 -0.0044962459466081454 0.0015441450705243782 0.027570892210282822 0.037926746953470529 0.012026476209672789 0.02968967277556658 -0.0010841722468009783 -0.045381003791200268 0.023311419368145014 -0.066670586275868124 -0.011687746755778791 -0.0064642675500363109 -0.048168286152424356 0.021022548489272597 -0.042679738400108885 0.037933577093537209 -0.0063305750279835336 0.020889723420995904 0.00011504273710955028 0.0091069311967917864 -0.052356847269194463 0.025346002534749997 -0.011001108911248947 -0.011413868869556554 0.055482836138634452 0.0081578540829962895
leaf_weight=8792 52 40 30 39 22 550 68 68 30 23 614 21 21 20 20 20 31 20 33 27 472 83 8542 21 28 83 31 199 21 219
leaf_count=8792 52 40 30 39 22 550 68 68 30 23 614 21 21 20 20 20 31 20 33 27 472 83 8542 21 28 83 31 199 21 219
internal_value=2.22827e-08 0.00049694 0.0043692 0.0202877 0.00302074 0.00733477 0.00440793 0.0257918 0.0338844 -0.00152167 2.69713e-05 -0.0244632 -0.000595922 -0.017666 -0.0391792 -0.000482022 -0.012109 -0.000930592 -0.0186411 0.0190409 -0.000124559 0.0116795 -0.000279198 -0.0057152 -0.00890805 5.35312e-05 0.0154621 -0.000147428 0.0322949 -0.000312992
internal_weight=20240 11037 1517 121 1396 716 618 98 69 680 637 43 9203 61 40 9142 131 100 53 47 9520 123 9397 542 500 8855 114 8741 42 9011
internal_count=20240 11037 1517 121 1396 716 618 98 69 680 637 43 9203 61 40 9142 131 100 53 47 9520 123 9397 542 500 8855 114 8741 42 9011
cat_boundaries=0 1
cat_threshold=13
is_linear=0
shrinkage=0.05


Tree=263
num_leaves=17
num_cat=0
split_feature=20 23 7 9 20 41 27 9 27 20 29 23 20 25 0 0
split_gain=2.38686 9.86047 11.5654 10.2843 3.32154 7.93239 10.1316 9.99945 11.9656 3.70353 4.04403 3.32334 18.9148 6.66147 5.13354 3.88723
threshold=37.562500000000007 25.520833333333339 1.0000000180025095e-35 0.99661915204678375 34.937500000000007 105.50000000000001 5.5249561025763496 0.99043040293040308 2.7923311890796554 34.812500000000007 3.647841263254461 37.395833333333336 27.854166666666668 2.5700905447933455 36.104166666666679 34.937500000000007
decision_type=2 2 2 2 2 2 2 2 2 2 2 2 2 2 2 2
left_child=4 -2 -3 -4 9 -6 7 -7 -9 11 -11 14 -13 -14 15 -1
right_child=1 2 3 -5 5 6 -8 8 -10 10 -12 12 13 -15 -16 -17
leaf_value=-3.4502428745880673e-05 0.024068766925483945 0.0070927057162459414 -0.011085529830949062 -0.057030081465130757 -0.018832058925181628 0.037874944407182441 -0.021465711397203532 -0.022179656548318095 0.016235061376558051 -0.027225649929963625 0.0022748891752035843 -0.019140173457562925 0.050020468048751356 0.014203632014858372 -0.018158512161328241 0.014362051805600207
leaf_weight=19709 20 35 29 21 27 36 22 26 92 26 21 35 21 34 39 47
leaf_count=19709 20 35 29 21 27 36 22 26 92 26 21 35 21 34 39 47
internal_value=2.11665e-08 -0.00751897 -0.0149514 -0.0303822 3.92312e-05 0.00640267 0.0102739 0.0148081 0.0077708 -2.5578e-05 -0.0140446 7.55712e-06 0.00959386 0.0278792 -3.6028e-05 -2.52679e-07
internal_weight=20240 105 85 50 20135 203 176 154 118 19932 47 19885 90 55 19795 19756
internal_count=20240 105 85 50 20135 203 176 154 118 19932 47 19885 90 55 19795 19756
is_linear=0
shrinkage=0.05


Tree=264
num_leaves=31
num_cat=0
split_feature=43 43 22 20 1 0 20 22 26 20 37 23 30 36 26 37 22 0 29 9 23 25 37 30 32 27 5 42 29 25
split_gain=2.38284 13.5258 28.7321 27.392 13.0327 11.5763 17.7941 13.773 11.0962 10.3261 20.0812 26.4197 30.3968 19.0883 24.9319 18.4735 16.9121 15.7681 14.7859 12.8741 11.2824 22.0578 9.30503 16.394 13.6154 20.0703 10.8606 9.76272 25.4319 20.1768
threshold=21.928571428571434 21.214285714285719 27.354166666666668 30.854166666666668 56.895833333333336 26.604166666666668 23.812500000000004 20.937500000000004 29.602678571428573 28.270833333333339 65.437500000000014 27.729166666666668 0.16666666666666677 8.3571428571428594 21.069940476190482 84.425000000000026 25.854166666666668 26.229166666666668 5.0534938663273001 0.99895572263993337 35.145833333333336 3.1087474159829491 96.71250000000002 0.19345238095238104 3.5000000000000004 3.4243059026757563 0.56250000000000011 146.50000000000003 2.7599771199359227 5.0045570210749064
decision_type=2 2 2 2 2 2 2 2 2 2 2 2 2 2 2 2 2 2 2 2 2 2 2 2 2 2 2 2 2 2
left_child=1 9 5 8 22 6 7 -3 -4 13 11 12 -11 20 -15 19 -13 -17 -16 -12 -1 -22 27 -24 25 -25 -26 28 -2 -30
right_child=4 2 3 -5 -6 -7 -8 -9 -10 10 15 16 -14 14 18 17 -18 -19 -20 -21 21 -23 23 24 26 -27 -28 -29 29 -31
leaf_value=0.00010764340856556109 0.00057822336210760648 -0.0026999778660515752 0.039334339987147943 -0.0072565491870045656 -0.041716784471645951 0.026223372328612538 -0.038847769238054754 0.031231304449406833 0.090792692775139586 -0.077927015716476103 0.027125345930586794 0.036144518963992595 -0.0093393876279393839 0.003123748151748585 0.05153866909740662 -0.037526810209493382 -0.016073999357868688 -0.0027964384892922162 0.0030381921721114357 -0.016122474068437111 -0.062924821586126375 -0.00064148153178393845 0.036951410657791207 0.014437361523509027 0.047241930379532282 -0.047734941492133122 0.00027312761230859908 -0.0002340259775494724 -0.031146200208345076 0.018396620669712625
leaf_weight=16788 283 156 22 20 20 45 28 37 20 35 79 20 30 162 55 37 69 280 22 22 21 44 43 25 20 27 32 1631 143 24
leaf_count=16788 283 156 22 20 20 45 28 37 20 35 79 20 30 162 55 37 69 280 22 22 21 44 43 25 20 27 32 1631 143 24
internal_value=2.0128e-08 0.000191786 0.0102523 0.0409045 -0.00153479 0.0031078 -0.00159899 0.00380498 0.0638383 4.97372e-06 -0.00660337 -0.0220379 -0.0462712 0.000226128 0.0142574 -0.000916954 -0.0043395 -0.00685014 0.0376814 0.017705 2.71448e-05 -0.0207638 -0.00117409 0.0109835 0.00024682 -0.0178444 0.0183381 -0.00203289 -0.00855278 -0.0240263
internal_weight=20240 17992 328 62 2248 266 221 193 42 17664 572 154 65 17092 239 418 89 317 77 101 16853 65 2228 147 104 52 52 2081 450 167
internal_count=20240 17992 328 62 2248 266 221 193 42 17664 572 154 65 17092 239 418 89 317 77 101 16853 65 2228 147 104 52 52 2081 450 167
is_linear=0
shrinkage=0.05


Tree=265
num_leaves=21
num_cat=1
split_feature=32 6 40 25 29 25 31 48 50 38 39 29 45 29 41 41 37 20 1 23
split_gain=2.41838 4.67945 2.89089 15.6684 9.66312 14.8121 7.77934 11.3339 9.32512 5.10873 9.6214 9.21521 10.5414 4.80715 3.8582 8.11751 11.1854 5.33187 14.9276 11.6297
threshold=17.500000000000004 0.99401197604790437 28.500000000000004 5.0045570210749064 4.9935732012093332 2.854438203388225 3.5000000000000004 0.98214285714285732 0 182.50000000000003 48.500000000000007 4.429435768254681 1.5000000000000002 4.0258825868576045 204.50000000000003 205.50000000000003 66.137500000000017 18.187500000000004 19.729166666666668 15.97916666666667
decision_type=2 2 2 2 2 2 2 2 1 2 2 2 2 2 2 2 2 2 2 2
left_child=2 -2 9 4 6 -6 7 -4 -8 14 -11 13 -13 -12 17 -16 -17 18 -1 -19
right_child=1 -3 3 -5 5 -7 8 -9 -10 10 11 12 -14 -15 15 16 -18 19 -20 -21
leaf_value=-0.00017024291427772409 0.028936328634154053 -0.0022868231654034131 0.028106679717767175 -0.035648164749145506 -0.0080903933693965268 0.043372224296989115 0.0014712483063142874 -0.0028345353065440098 -0.010776939498601429 -0.024384819941284757 0.0063227132491759618 -0.0035398710612207654 0.040918219997547571 -0.019195472821593285 0.033619084251889336 -0.0070014821600972305 0.013907133810967207 -0.0090612289951954687 0.005166416142657098 -0.00073268672708402653
leaf_weight=12709 21 28 46 35 27 29 285 83 335 24 239 20 40 20 24 131 125 467 1461 4091
leaf_count=12709 21 28 46 35 27 29 285 83 335 24 239 20 40 20 24 131 125 467 1461 4091
internal_value=1.91043e-08 0.0110945 -2.69053e-05 -0.00289847 -0.00147457 0.0185599 -0.00297248 0.00819877 -0.00529682 9.77454e-05 0.00614552 0.00844248 0.0260989 0.0043522 -1.13869e-05 0.00581448 0.0032078 -9.84888e-05 0.000379994 -0.00158601
internal_weight=20240 49 20191 840 805 56 749 129 620 19351 343 319 60 259 19008 280 256 18728 14170 4558
internal_count=20240 49 20191 840 805 56 749 129 620 19351 343 319 60 259 19008 280 256 18728 14170 4558
cat_boundaries=0 1
cat_threshold=170
is_linear=0
shrinkage=0.05


Tree=266
num_leaves=22
num_cat=0
split_feature=39 29 24 22 26 28 21 45 21 45 48 37 9 27 27 25 27 1 6 21 35
split_gain=2.34756 2.40633 6.50174 5.58923 24.155 23.0855 21.6582 19.867 11.8783 3.82131 4.03406 20.0362 5.67703 4.27209 6.89253 4.18323 3.35503 4.40701 2.82899 1.73269 1.43896
threshold=5.5000000000000009 1.2397910289694347 2.7440476190476195 17.562500000000004 16.290178571428573 24.592361111111114 27.520833333333339 28.500000000000004 12.937500000000002 9.5000000000000018 0.94642857142857151 54.112500000000004 0.99788074712643682 1.3971294542269013 1.4955130951743376 0.57419140292745008 0.28583585183635651 19.979166666666668 0.92810897925726288 17.895833333333339 3.785714285714286
decision_type=2 2 2 2 2 2 2 2 2 2 2 2 2 2 2 2 2 2 2 2 2
left_child=-1 9 -3 5 7 6 -4 -5 -6 10 11 -2 -13 15 -15 -12 19 18 -18 20 -11
right_child=1 2 3 4 8 -7 -8 -9 -10 16 13 12 -14 14 -16 -17 17 -19 -20 -21 -22
leaf_value=-0.015628624272843204 -0.042698430546531177 0.021036688352346816 0.0012113211127029403 -0.015728188170852312 -0.018852361518798808 0.041141990690246329 -0.033197150454330054 0.024716626770907281 0.00031968197865878367 -0.0042451922899385082 -0.0014155425142793479 -0.0014568768504582216 -0.011461137094233624 -0.028241824775135944 0.0065474818538253507 0.0033368752045430127 0.0031622402746103967 0.020721944995344646 -0.0013513185291794941 -0.016277827838943763 0.0011454812540587565
leaf_weight=24 33 38 7887 380 82 36 46 33 5475 290 2413 855 170 35 24 573 1061 31 516 22 216
leaf_count=24 33 38 7887 380 82 36 46 33 5475 290 2413 855 170 35 24 573 1061 31 516 22 216
internal_value=-2.11728e-07 1.8342e-05 0.000382802 0.000326497 -0.000830268 0.00119309 0.0010118 -0.0124965 3.67762e-05 -0.000798145 -0.00169097 -0.00435073 -0.00311612 -0.000766831 -0.0140902 -0.000503575 0.000916874 0.00205239 0.00168539 -0.00254128 -0.00194404
internal_weight=20240 20216 13977 13939 5970 7969 7933 413 5557 6239 4103 1058 1025 3045 59 2986 2136 1608 1577 528 506
internal_count=20240 20216 13977 13939 5970 7969 7933 413 5557 6239 4103 1058 1025 3045 59 2986 2136 1608 1577 528 506
is_linear=0
shrinkage=0.05


Tree=267
num_leaves=31
num_cat=0
split_feature=33 22 38 38 38 25 29 35 37 37 27 28 29 25 21 26 23 23 37 24 25 45 10 23 43 26 13 4 32 35
split_gain=2.32943 9.56014 15.709 11.2357 21.4668 12.1595 9.37732 21.2517 17.9921 13.6687 12.1442 19.7702 17.8157 13.0418 11.6455 14.7493 10.2232 22.0584 11.8817 9.33187 6.34666 5.22277 10.8166 12.0852 21.2571 21.2929 12.0955 11.4209 23.1898 15.9458
threshold=2.5000000000000004 33.770833333333336 90.500000000000014 130.50000000000003 174.50000000000003 3.0377569800082296 5.2341159736979153 5.9285714285714297 80.912500000000009 98.625000000000014 4.5167791925345488 26.515972222222228 4.5300434102063551 4.8874019206878527 21.187500000000004 24.656250000000004 31.145833333333339 23.854166666666668 98.316666666666677 30.333333333333339 3.411272600096543 10.500000000000002 3.5000000000000004 33.479166666666679 25.357142857142858 30.802083333333336 195.50000000000003 0.64583333333333337 6.5000000000000009 5.5000000000000009
decision_type=2 2 2 2 2 2 2 2 2 2 2 2 2 2 2 2 2 2 2 2 2 2 2 2 2 2 2 2 2 2
left_child=21 6 -3 19 5 -5 10 8 -8 -10 16 13 -13 -12 -9 -16 17 -2 -18 -4 -6 -1 27 26 25 -25 -24 28 -23 -30
right_child=1 2 3 4 20 -7 7 14 9 -11 11 12 -14 -15 15 -17 18 -19 -20 -21 -22 22 23 24 -26 -27 -28 -29 29 -31
leaf_value=-0.00033077362510102587 0.00099508985563444719 -0.051622628388197526 -0.0088954443112015721 -0.067410563209393468 0.030624359296634797 -0.017452596490881569 -0.041387669711063307 0.051357487515945523 0.0089353847404032259 -0.035488617010414607 -0.033543737325817349 -0.024618882227324598 0.031135786903139791 0.00086639496791911751 -0.016751919548820566 0.026269605884475536 0.029331697360203982 -0.01425931262601419 -0.011455619292190442 0.039405348319560295 -0.0092086091823875907 0.0050369587871852296 -0.0021659126527187335 -0.010403715065783926 0.012978329677134755 -0.064785261539121466 0.005386399673719241 -0.00016480874503105143 0.0058561377870121403 0.043972591585963318
leaf_weight=12773 1513 23 20 21 20 29 27 28 129 20 100 23 38 38 27 76 57 281 26 20 20 1252 1753 45 40 30 760 937 46 68
leaf_count=12773 1513 23 20 21 20 29 27 28 129 20 100 23 38 38 27 76 57 281 26 20 20 1252 1753 45 40 30 760 937 46 68
internal_value=-2.0114e-07 -0.00141747 -0.013533 -0.00679411 -0.0165937 -0.0384349 -0.000639588 0.00751669 -0.00383281 0.00297243 -0.00184574 -0.0135906 0.0101135 -0.0240685 0.0227649 0.0149921 -0.000600552 -0.00139426 0.0165549 0.015255 0.0107079 0.000202814 0.00158499 -0.00060722 -0.0164573 -0.0321563 0.000118113 0.00408657 0.00700278 0.0285923
internal_weight=20240 2536 153 130 90 50 2383 307 176 149 2076 199 61 138 131 103 1877 1794 83 40 40 17704 4931 2628 115 75 2513 2303 1366 114
internal_count=20240 2536 153 130 90 50 2383 307 176 149 2076 199 61 138 131 103 1877 1794 83 40 40 17704 4931 2628 115 75 2513 2303 1366 114
is_linear=0
shrinkage=0.05


Tree=268
num_leaves=25
num_cat=0
split_feature=37 7 45 41 38 36 42 41 4 20 20 39 37 23 36 43 21 31 30 33 33 26 34 21
split_gain=2.34308 8.2588 11.0127 9.72945 27.2787 11.3011 10.752 9.2971 8.4505 7.85748 6.75549 5.92843 5.60306 16.0532 7.07757 6.74533 5.57709 7.18522 4.40517 3.92402 8.33094 3.89018 15.5452 6.58899
threshold=100.06250000000001 0.069481580510992361 29.500000000000004 112.50000000000001 124.50000000000001 1.3571428571428574 156.07142857142858 163.50000000000003 0.97916666666666685 12.937500000000002 37.937500000000007 54.500000000000007 99.08750000000002 25.229166666666668 1.2142857142857146 18.642857142857149 23.020833333333339 3.5000000000000004 0.4166666666666668 7.5000000000000009 8.5000000000000018 35.729166666666671 10.500000000000002 31.145833333333339
decision_type=2 2 2 2 2 2 2 2 2 2 2 2 2 2 2 2 2 2 2 2 2 2 2 2
left_child=10 8 3 4 5 -3 7 -5 9 -2 12 16 19 14 -14 -15 17 -10 -16 21 -21 23 -23 -1
right_child=1 2 -4 6 -6 -7 -8 -9 11 -11 -12 -13 13 15 18 -17 -18 -19 -20 20 -22 22 -24 -25
leaf_value=-0.00020809005779366761 -0.0049732362820456427 -0.0044381229792481774 0.041190504739907659 -0.0050536891835786047 0.051328798210514448 0.013304806721622375 0.028195657385513186 -0.040800694422796373 0.005248489887613117 -0.044850609238658634 -0.027823647636581551 -0.024947583513415379 -0.023452944055731811 -0.055036208955094812 0.02034650567220524 -0.014915372319519522 0.026883270363323393 -0.0068324237154237513 -0.0013839261781973874 0.030442831280731386 -0.0087956217544463769 -0.042121611397713421 0.012594882160839108 0.0045628040956101068
leaf_weight=18010 30 167 22 105 35 194 20 22 281 21 22 23 28 22 32 20 20 219 86 31 24 25 27 754
leaf_count=18010 30 167 22 105 35 194 20 22 281 21 22 23 28 22 32 20 20 219 86 31 24 25 27 754
internal_value=-1.91106e-07 0.00218262 0.00651031 0.00510522 0.00918301 0.00509686 -0.00587986 -0.0112461 -0.00193378 -0.0213933 -0.000132778 -0.000106085 -0.000100814 -0.00868998 -0.000853506 -0.035931 0.000992674 -4.29503e-05 0.00450907 -1.52453e-05 0.0133206 -5.42265e-05 -0.0137111 -1.63796e-05
internal_weight=20240 1159 565 543 396 361 147 127 594 51 19081 543 19059 188 146 42 520 500 118 18871 55 18816 52 18764
internal_count=20240 1159 565 543 396 361 147 127 594 51 19081 543 19059 188 146 42 520 500 118 18871 55 18816 52 18764
is_linear=0
shrinkage=0.05


Tree=269
num_leaves=31
num_cat=0
split_feature=38 38 28 28 21 13 40 40 1 22 22 45 7 45 45 44 21 31 9 38 23 41 26 29 42 23 35 26 0 38
split_gain=2.30061 11.8186 17.349 32.5047 20.9586 17.5 20.4173 13.9155 11.6476 28.0236 21.7942 19.4124 23.6114 11.5252 10.3952 10.1401 9.37534 8.8737 8.65951 13.6375 11.325 7.80019 10.4653 37.3988 35.0373 15.748 11.7419 15.026 10.0688 18.4905
threshold=121.50000000000001 115.50000000000001 22.713194444444451 24.78680555555556 26.062500000000004 85.500000000000014 15.500000000000002 17.500000000000004 39.395833333333336 28.729166666666668 19.812500000000004 15.500000000000002 0.47600627413859548 32.500000000000007 34.500000000000007 1.0000000180025095e-35 31.562500000000004 4.5000000000000009 0.99726113505747149 123.50000000000001 34.937500000000007 166.50000000000003 29.602678571428573 4.1988584807440903 149.78571428571431 28.729166666666668 8.9285714285714306 21.924107142857149 20.854166666666668 102.50000000000001
decision_type=2 2 2 2 2 2 2 2 2 2 2 2 2 2 2 2 2 2 2 2 2 2 2 2 2 2 2 2 2 2
left_child=1 21 4 7 13 -5 -7 -4 14 10 -10 -12 -13 15 18 -3 -11 -16 -2 -20 -21 22 26 24 -24 -25 -1 -28 -23 -30
right_child=8 2 3 5 -6 6 -8 -9 9 16 11 12 -14 -15 17 -17 -18 -19 19 20 -22 28 23 25 -26 -27 27 -29 29 -31
leaf_value=-0.00017276968856273453 0.00047025955514304498 0.007366522199818335 0.029738269168241273 -0.032584970838312681 -0.047751848660409456 0.052373629206648245 -0.002069493779437799 0.081208007161815976 0.0085538453131448478 0.041913116950055833 -0.076899470567703243 0.014118278069266431 -0.049229193074432645 0.039795673079788686 0.046034549782052639 -0.006794040732948696 -0.0037425387608395382 0.0078790650404698681 -0.03552278167540756 -0.004617634453147593 0.015411644270022709 0.00034097515539649654 -0.094669208724213694 0.019332763339791979 -0.0073949172687919245 -0.015881928554154 6.3018066292578307e-06 0.034162902010179928 0.00021862439528779417 0.039826659070687338
leaf_weight=13640 3671 404 29 24 20 26 51 24 32 23 25 24 38 22 20 184 22 64 34 1196 75 170 23 63 23 64 74 57 61 57
leaf_count=13640 3671 404 29 24 20 26 51 24 32 23 25 24 38 22 20 184 22 64 34 1196 75 170 23 63 23 64 74 57 61 57
internal_value=-1.81525e-07 0.000314239 0.00629078 0.0213346 0.0026134 0.00469437 0.0163139 0.0530453 -0.00090396 -0.0140181 -0.026728 -0.0397053 -0.0247076 0.00426472 -0.000478917 0.00293533 0.0195926 0.0169637 -0.000773366 -0.00427172 -0.00343573 -1.49915e-05 -0.000183217 -0.0124044 -0.0510321 0.00158678 -2.96875e-05 0.0148683 0.00812994 0.0193513
internal_weight=20240 15016 784 154 630 101 77 53 5224 164 119 87 62 610 5060 588 45 84 4976 1305 1271 14232 13944 173 46 127 13771 131 288 118
internal_count=20240 15016 784 154 630 101 77 53 5224 164 119 87 62 610 5060 588 45 84 4976 1305 1271 14232 13944 173 46 127 13771 131 288 118
is_linear=0
shrinkage=0.05


Tree=270
num_leaves=31
num_cat=1
split_feature=20 20 43 35 45 15 42 40 9 35 39 22 42 4 5 4 5 20 40 50 9 21 44 0 23 23 24 1 37 0
split_gain=2.36523 12.8692 23.5549 16.6989 15.5699 13.2591 11.9919 11.2582 18.9116 16.8461 20.5623 18.9143 16.0635 28.9117 21.5339 16.1871 22.9954 19.3374 15.161 18.1023 12.5329 11.8366 7.7025 7.22001 15.089 20.1922 35.1385 17.7151 10.3882 8.15918
threshold=21.562500000000004 21.187500000000004 19.214285714285719 5.9285714285714297 10.500000000000002 1.0000000180025095e-35 71.500000000000014 20.500000000000004 0.98925492610837451 5.2142857142857153 42.500000000000007 26.062500000000004 160.57142857142858 0.56250000000000011 0.35416666666666669 0.062500000000000014 0.14583333333333334 30.520833333333339 18.500000000000004 0 0.99097842261904778 27.812500000000004 1.5000000000000002 22.812500000000004 19.854166666666668 23.937500000000004 20.163690476190478 31.812500000000004 87.037500000000023 22.104166666666668
decision_type=2 2 2 2 2 2 2 2 2 2 2 2 2 2 2 2 2 2 2 1 2 2 2 2 2 2 2 2 2 2
left_child=1 23 3 5 -5 -3 22 8 18 10 -10 -11 15 20 -15 17 -17 -9 19 -8 -14 -20 -2 29 28 27 -27 -26 -25 -1
right_child=6 2 -4 4 -6 -7 7 12 9 11 -12 -13 13 14 -16 16 -18 -19 21 -21 -22 -23 -24 24 25 26 -28 -29 -30 -31
leaf_value=0.00010108228109466188 -0.049855099096894263 0.011230377959353584 0.061027829252028223 -0.00050792304426431657 0.057892030477523809 -0.044314092279157863 -0.0056451965290982504 -0.021430131005304009 -0.01838568435941481 0.0064505822401318752 0.033673608432789999 -0.0050137083678229843 0.0010265041355286603 -0.050709414336344474 -0.0012202309110322066 0.013884800760662997 -0.0089994899000457717 0.011298559975089892 0.057553407423678905 0.021361318382820706 0.032990662771803535 0.010212548135820291 -0.0085823869726692256 0.011410662208107256 0.0059157124254852539 0.06158582974225283 -0.0052675389080194014 -0.048039427913468463 0.061143865383097108 -0.016109010946148864
leaf_weight=16255 20 21 24 25 21 22 122 304 196 846 21 626 46 23 496 149 417 53 31 113 92 23 26 21 32 30 57 29 21 78
leaf_count=16255 20 21 24 25 21 22 122 304 196 846 21 626 46 23 496 149 417 53 31 113 92 23 26 21 32 30 57 29 21 78
internal_value=-1.7244e-07 0.000251404 0.0170675 0.00521306 0.0261529 -0.0171877 -0.00116144 -0.000833501 0.00168022 -0.000342118 -0.0133477 0.00157514 -0.00398043 0.00199514 -0.00341339 -0.0082339 -0.00297518 -0.0165712 0.0134994 0.00800969 0.0223359 0.0373897 -0.026527 0.000136399 0.009827 0.00232084 0.0177853 -0.0197351 0.0362773 2.36692e-05
internal_weight=20240 16636 113 89 46 43 3604 3558 1978 1689 217 1472 1580 657 519 923 566 357 289 235 138 54 46 16523 190 148 87 61 42 16333
internal_count=20240 16636 113 89 46 43 3604 3558 1978 1689 217 1472 1580 657 519 923 566 357 289 235 138 54 46 16523 190 148 87 61 42 16333
cat_boundaries=0 1
cat_threshold=65
is_linear=0
shrinkage=0.05


Tree=271
num_leaves=30
num_cat=0
split_feature=1 21 38 6 34 42 21 34 38 33 1 37 0 28 45 43 21 5 1 42 45 43 28 26 35 42 35 30 14
split_gain=2.39986 13.7692 16.9932 13.8679 13.4577 10.8351 11.9077 10.0216 13.9616 4.30824 9.71655 25.0651 15.9664 30.1394 14.0605 14.9722 16.3953 14.761 8.23019 6.96466 5.09931 2.95202 12.4643 16.9216 14.1411 9.52931 12.7029 6.98353 2.76861
threshold=57.729166666666679 28.145833333333339 124.50000000000001 0.38608608303908443 3.5000000000000004 85.642857142857153 24.937500000000004 5.5000000000000009 95.500000000000014 3.5000000000000004 41.895833333333336 65.437500000000014 23.437500000000004 26.888194444444448 24.500000000000004 20.785714285714288 20.895833333333339 0.72916666666666685 41.770833333333336 129.35714285714286 44.500000000000007 13.785714285714286 22.270833333333336 22.912202380952383 7.6428571428571432 86.928571428571445 5.9285714285714297 0.017857142857142894 25.500000000000004
decision_type=2 2 2 2 2 2 2 2 2 2 2 2 2 2 2 2 2 2 2 2 2 2 2 2 2 2 2 2 2
left_child=9 2 3 4 28 -5 -7 -3 -9 20 14 -12 -13 -14 18 16 -16 -17 19 -11 21 22 24 -24 -1 26 -23 -27 -2
right_child=1 7 -4 5 -6 6 -8 8 -10 10 11 12 13 -15 15 17 -18 -19 -20 -21 -22 25 23 -25 -26 27 -28 -29 -30
leaf_value=-0.00041265209198891286 0.017074399329721931 0.041021751894338709 -0.039576041256939927 0.046326840992854994 -0.043439747090451425 0.02195460174459582 -0.025498368814587592 -0.025137901194393637 0.031426489461834232 -0.0024442456881221767 -0.062067855056375271 0.021508931534157862 -0.047127269841730601 0.022022797597142367 -0.019908116267430127 -0.069448713110759855 0.0069335832612729886 -0.012775170339564622 0.033563990443944931 0.0073209156931708019 0.025358961503952743 0.012661644266730535 -0.032127292016648677 -0.00078396891376801905 0.028667055544931264 0.0030186845342415601 -0.012472609054918092 -0.00033327567008756883 -0.0092343874089419846
leaf_weight=9072 20 37 27 23 24 39 20 20 24 505 24 36 40 26 109 20 119 27 20 286 20 310 73 105 42 1989 60 7103 20
leaf_count=9072 20 37 27 23 24 39 20 20 24 505 24 36 40 26 109 20 119 27 20 286 20 310 73 105 42 1989 60 7103 20
internal_value=2.24407e-07 0.00482974 -0.003136 0.00360292 -0.0138399 0.0172168 0.00586885 0.021843 0.0057154 -6.11535e-05 -0.0029504 -0.0160937 -0.00527624 -0.0198863 -0.00142548 -0.0111956 -0.00589863 -0.0368916 0.00188744 0.00108652 0.000125368 9.84583e-05 -0.000534564 -0.0136383 -0.000278644 0.000720108 0.00858582 0.000400012 0.00392001
internal_weight=20240 254 173 146 64 82 59 81 44 19986 1212 126 102 66 1086 275 228 47 811 791 18774 18754 9292 178 9114 9462 370 9092 40
internal_count=20240 254 173 146 64 82 59 81 44 19986 1212 126 102 66 1086 275 228 47 811 791 18774 18754 9292 178 9114 9462 370 9092 40
is_linear=0
shrinkage=0.05


Tree=272
num_leaves=31
num_cat=0
split_feature=43 43 22 20 1 45 34 26 20 37 32 0 36 6 37 26 0 35 9 23 25 34 36 37 30 42 21 34 42 29
split_gain=2.30423 11.9508 26.0345 24.398 11.1351 10.6626 15.0291 10.3668 9.68403 17.8004 24.6779 29.1306 17.046 23.6161 15.852 15.4299 14.362 13.1039 11.5338 9.68577 19.5401 8.89412 8.80252 7.9208 14.595 10.8561 15.5046 9.54722 8.4047 22.5213
threshold=21.928571428571434 21.214285714285719 27.354166666666668 30.854166666666668 56.895833333333336 12.500000000000002 5.5000000000000009 29.602678571428573 28.270833333333339 65.437500000000014 9.5000000000000018 30.854166666666668 8.3571428571428594 0.66873947902886821 84.425000000000026 25.380952380952387 26.229166666666668 9.2142857142857171 0.99895572263993337 35.145833333333336 3.1087474159829491 9.5000000000000018 7.6428571428571432 96.71250000000002 0.071428571428571466 156.07142857142858 23.187500000000004 7.5000000000000009 146.50000000000003 2.7599771199359227
decision_type=2 2 2 2 2 2 2 2 2 2 2 2 2 2 2 2 2 2 2 2 2 2 2 2 2 2 2 2 2 2
left_child=1 8 5 7 23 21 -7 -4 12 10 11 -10 19 -14 18 -15 -16 -12 -11 -1 -21 22 -3 28 -25 26 -26 -27 29 -2
right_child=4 2 3 -5 -6 6 -8 -9 9 14 17 -13 13 15 16 -17 -18 -19 -20 20 -22 -23 -24 24 25 27 -28 -29 -30 -31
leaf_value=0.00011390685028784652 0.0005751619763777661 -0.006030913784504972 0.036782485856251289 -0.0066296733170747761 -0.038650693316012619 -0.0019376910981480724 0.037187037016782498 0.086520855305716404 -0.013621127029711549 0.025133985097083866 -0.021393275908194481 -0.067283852142849709 0.065496233031153692 0.0029487180002236175 -0.035805714512998993 0.039167235723164467 -0.0026599829096812756 0.032004346284601429 -0.015800774192691529 -0.058906435035169125 -0.0002853253337723965 -0.029521330498779814 0.024994871929159453 0.043255376063839154 0.0084671370388040759 0.028195685449432819 -0.047945463275980385 -0.011118087423560413 -0.0002989434012449758 -0.022578608928789237
leaf_weight=16788 283 108 22 20 20 54 45 20 66 79 20 41 20 184 37 35 280 27 22 21 44 30 29 27 29 47 21 23 1631 167
leaf_count=16788 283 108 22 20 20 54 45 20 66 79 20 41 20 184 37 35 280 27 22 21 44 30 29 27 29 47 21 23 1631 167
internal_value=2.13191e-07 0.000188789 0.0096454 0.0388232 -0.00150907 0.00284456 0.0158463 0.0604674 1.31908e-05 -0.0063864 -0.0209181 -0.0341835 0.000227359 0.0134868 -0.00103263 0.00873707 -0.00652873 0.00928195 0.0162175 3.93211e-05 -0.0192245 -0.00486304 0.000536588 -0.00117566 0.0100413 0.00256811 -0.0152262 0.0152783 -0.00196801 -0.00801746
internal_weight=20240 17992 328 62 2248 266 99 42 17664 572 154 107 17092 239 418 219 317 47 101 16853 65 167 137 2228 147 120 50 70 2081 450
internal_count=20240 17992 328 62 2248 266 99 42 17664 572 154 107 17092 239 418 219 317 47 101 16853 65 167 137 2228 147 120 50 70 2081 450
is_linear=0
shrinkage=0.05


Tree=273
num_leaves=18
num_cat=0
split_feature=36 36 20 37 35 36 5 25 27 6 28 5 36 32 34 41 38
split_gain=2.31543 20.4203 19.5854 12.5372 11.487 8.13139 14.5202 7.53188 10.298 13.2525 29.528 10.0269 4.15454 22.8357 4.63623 8.77608 3.50283
threshold=9.6428571428571441 9.3571428571428594 25.604166666666668 62.112500000000004 10.071428571428573 9.2142857142857171 0.77083333333333337 4.7519097569350643 4.7499547787569325 0.91147079346092508 30.093750000000004 0.77083333333333337 9.071428571428573 7.5000000000000009 14.500000000000002 133.50000000000003 256.00000000000006
decision_type=2 2 2 2 2 2 2 2 2 2 2 2 2 2 2 2 2
left_child=1 5 -3 -4 -2 12 -7 8 9 10 -6 -11 14 -14 16 -16 -1
right_child=4 2 3 -5 7 6 -8 -9 -10 11 -12 -13 13 -15 15 -17 -18
leaf_value=-1.8507396792975288e-05 0.029412640323146035 0.005391571880983455 -0.062692514789523562 -0.014296208505275783 -0.068722659739710035 0.04756283002533019 -0.0012510455344827514 -0.027394166762347929 0.030369962841993378 0.037482212822545657 0.00047266480095427618 0.0025496337690480778 0.022867970827168654 -0.04852702040225268 0.038570599495009947 0.003005937183639262 -0.012118222320762775
leaf_weight=19374 39 35 32 23 21 25 39 22 31 22 58 310 21 24 22 82 60
leaf_count=19374 39 35 32 23 21 25 39 22 31 22 58 310 21 24 22 82 60
internal_value=2.02521e-07 -8.51713e-05 -0.0238474 -0.0424541 0.00335015 2.36801e-05 0.0178169 0.00115955 0.00258078 0.000484754 -0.017921 0.00486444 -3.44705e-05 -0.0152094 4.80315e-07 0.0105292 -5.58637e-05
internal_weight=20240 19737 90 55 503 19647 64 464 442 411 79 332 19583 45 19538 104 19434
internal_count=20240 19737 90 55 503 19647 64 464 442 411 79 332 19583 45 19538 104 19434
is_linear=0
shrinkage=0.05


Tree=274
num_leaves=31
num_cat=1
split_feature=31 50 42 41 24 30 43 7 25 28 13 28 16 41 38 23 25 43 16 27 10 22 45 30 5 4 35 13 31 21
split_gain=2.29663 7.42484 15.6628 10.5601 13.8901 9.69492 8.89793 7.20987 6.938 8.05995 5.43428 3.96886 3.87663 3.67941 3.47892 11.8439 7.06439 3.68409 8.65978 12.2068 8.06055 9.92369 5.31317 4.38097 3.35024 17.3701 22.8714 10.0098 14.6709 11.0279
threshold=1.0000000180025095e-35 0 118.21428571428574 65.500000000000014 14.830357142857144 0.79464285714285732 7.3571428571428585 0.031867627529099392 3.3177711969292472 15.591666666666667 229.50000000000003 11.288194444444446 1.0000000180025095e-35 74.500000000000014 32.500000000000007 14.97916666666667 2.155898915048557 6.7857142857142865 -0.22252093395631442 1.4430847795226718 1.0000000180025095e-35 5.6458333333333348 3.5000000000000004 0.0059523809523810717 0.56250000000000011 0.97916666666666685 6.0714285714285721 73.500000000000014 11.500000000000002 25.604166666666668
decision_type=2 1 2 2 2 2 2 2 2 2 2 2 2 2 2 2 2 2 2 2 2 2 2 2 2 2 2 2 2 2
left_child=1 7 3 6 5 -5 -3 12 9 11 -8 -9 13 -1 15 16 -2 18 19 -16 22 -22 -20 -21 27 26 -26 28 -19 -29
right_child=14 2 -4 4 -6 -7 10 8 -10 -11 -12 -13 -14 -15 17 -17 -18 24 20 23 21 -23 -24 -25 25 -27 -28 29 -30 -31
leaf_value=0.021641178689897064 0.0074295281824462191 0.007916722038099842 -0.051833170522004368 0.028068115221909606 -0.024040637296788833 -0.0023195394200606727 -0.028690555296748518 -0.0021425895068970164 0.025211679826801021 -0.025214924254558152 -0.0024949346024256487 0.0092618285035271017 0.023544466327875851 -0.0046245495765469971 0.0053986659406551297 0.042596519844872616 -0.024443034543877556 0.0034225467563952362 -0.035786281069740654 -0.041192405974891572 -0.017653392103590793 0.014343549253058261 -0.0033082926454132094 -0.016825253232262839 -0.0027203253102184737 0.00030128853655834819 -0.020875694009636198 0.00078117069988776523 0.028039169569023043 -0.0043712216105495257
leaf_weight=20 101 31 20 52 34 53 83 831 24 36 26 84 45 40 42 21 21 1541 20 35 31 111 34 39 781 6672 223 7931 63 1195
leaf_count=20 101 31 20 52 34 53 83 831 24 36 26 84 45 40 42 21 21 1541 20 35 31 111 34 39 781 6672 223 7931 63 1195
internal_value=1.92432e-07 -0.00196956 -0.00879678 -0.00602703 0.00373543 0.0127296 -0.0157198 2.00673e-06 -0.00133862 -0.00200866 -0.0224421 -0.00109563 0.0124509 0.00413069 0.000144208 0.00791333 0.00194327 8.48545e-05 -0.0053029 -0.0161308 0.00110547 0.0073583 -0.0153372 -0.0283503 0.000176182 -0.000621373 -0.00675284 0.000746735 0.00438941 0.000106493
internal_weight=20240 1379 299 279 139 105 140 1080 975 951 109 915 105 60 18861 143 122 18718 312 116 196 142 54 74 18406 7676 1004 10730 1604 9126
internal_count=20240 1379 299 279 139 105 140 1080 975 951 109 915 105 60 18861 143 122 18718 312 116 196 142 54 74 18406 7676 1004 10730 1604 9126
cat_boundaries=0 1
cat_threshold=54
is_linear=0
shrinkage=0.05


Tree=275
num_leaves=30
num_cat=0
split_feature=1 21 38 38 7 1 39 34 38 29 0 36 43 41 21 9 39 14 41 29 6 42 42 27 11 28 27 20 45
split_gain=2.29638 12.558 15.1974 13.5769 12.7538 12 11.625 8.90999 12.6116 4.64552 15.127 19.8768 15.6123 25.7117 17.0583 10.9801 11.2882 7.53629 7.73472 5.70467 9.54487 7.50721 5.57944 5.42005 12.419 11.8504 5.41475 17.7982 4.7964
threshold=57.729166666666679 28.145833333333339 124.50000000000001 103.50000000000001 0.6090596434066432 57.895833333333336 24.500000000000004 5.5000000000000009 95.500000000000014 5.841332857399518 17.270833333333339 3.2142857142857149 16.642857142857149 152.50000000000003 25.604166666666668 0.99465460526315796 32.500000000000007 20.500000000000004 81.500000000000014 5.7470842361365433 0.58636640804053919 132.92857142857147 99.214285714285737 6.1341084082564459 1.0000000180025095e-35 25.469444444444449 5.1379845452418804 12.145833333333334 26.500000000000004
decision_type=2 2 2 2 2 2 2 2 2 2 2 2 2 2 2 2 2 2 2 2 2 2 2 2 2 2 2 2 2
left_child=9 2 3 4 5 -2 -6 -3 -9 19 11 17 15 14 -14 16 -12 -11 -19 23 -21 -22 -17 26 25 -25 28 -28 -1
right_child=1 7 -4 -5 6 -7 -8 8 -10 10 12 -13 13 -15 -16 22 -18 18 -20 20 21 -23 -24 24 -26 -27 27 -29 -30
leaf_value=-0.00024999960288785747 0.034419270887249907 0.039056060775309001 -0.03734378821595951 0.03875001276964727 -0.00098523601918714125 -0.0080197601475649419 -0.047019446827471258 -0.023558412231504917 0.030201706627849489 0.024245474236086015 -0.021536205598386007 0.050243582487106322 0.030471812916609151 -0.034980731170911057 -0.0078986307389901159 -0.020488482160384167 0.022415637051952736 0.01011527997801419 -0.029502215083422406 -0.0074436613715564218 0.049637903425503865 0.0073118708841502667 -0.047592707168282795 -0.036342326583986992 0.016894226259103529 0.0093295168085023774 -0.039184833171644382 0.0080447268316021486 0.0034115176755718703
leaf_weight=18062 31 37 27 23 32 36 24 20 24 20 48 25 60 39 56 34 21 22 28 30 22 20 43 49 27 20 21 398 941
leaf_count=18062 31 37 27 23 32 36 24 20 24 20 48 25 60 39 56 34 21 22 28 30 22 20 43 49 27 20 21 398 941
internal_value=1.82784e-07 0.00472444 -0.00288289 0.00349001 -0.00310332 0.0116162 -0.0207142 0.0209722 0.00576529 -5.98573e-05 -0.00542145 0.0119734 -0.0109115 0.000140238 0.0119482 -0.0226445 -0.00815956 -0.00169452 -0.0120705 4.85241e-05 0.0140967 0.0294826 -0.0356246 -3.29821e-06 -0.0118546 -0.0231041 5.52809e-05 0.00567761 -6.86868e-05
internal_weight=20240 254 173 146 123 67 56 81 44 19986 396 95 301 155 116 146 69 70 50 19590 72 42 77 19518 96 69 19422 419 19003
internal_count=20240 254 173 146 123 67 56 81 44 19986 396 95 301 155 116 146 69 70 50 19590 72 42 77 19518 96 69 19422 419 19003
is_linear=0
shrinkage=0.05


Tree=276
num_leaves=31
num_cat=0
split_feature=37 20 34 13 9 6 31 40 20 22 9 27 1 38 48 39 6 1 41 27 47 44 35 27 13 13 27 29 23 37
split_gain=2.25868 8.26993 8.53244 9.48608 10.6229 10.698 8.49629 7.74079 14.3608 14.6489 9.04504 7.3743 7.12803 10.4212 13.0827 11.3201 10.0281 8.18247 7.11932 15.4 7.10723 6.70056 6.62952 5.85694 10.8845 15.729 14.4786 10.793 5.40197 5.06276
threshold=61.287500000000016 4.2708333333333348 2.5000000000000004 34.500000000000007 0.97740575396825402 0.45753087551968702 3.5000000000000004 5.5000000000000009 9.9375000000000018 10.270833333333334 0.99895572263993337 2.1071181184623082 37.770833333333336 138.50000000000003 0.94642857142857151 34.500000000000007 0.49309817488969115 37.604166666666679 147.50000000000003 2.2652047797873238 0.37500000000000006 3.5000000000000004 0.6428571428571429 1.6134134736502992 271.50000000000006 253.50000000000003 4.8878627288419434 1.2252551183536322 33.479166666666679 74.96250000000002
decision_type=2 2 2 2 2 2 2 2 2 2 2 2 2 2 2 2 2 2 2 2 2 2 2 2 2 2 2 2 2 2
left_child=12 6 3 18 -5 -6 11 8 9 -4 -10 22 17 15 -15 16 -14 23 19 -3 -9 -22 -2 27 25 -25 -26 -1 -29 -24
right_child=1 2 7 4 5 -7 -8 20 10 -11 -12 -13 13 14 -16 -17 -18 -19 -20 -21 21 -23 29 24 26 -27 -28 28 -30 -31
leaf_value=-0.00066570263007139838 -0.010181937095425699 0.0056184595863703855 0.011386479735995332 -0.028884354968731471 -0.009794017744665642 -0.0010597979511598134 0.038687931585203235 -0.02386735417591087 -0.0043224385603152348 0.0513622505223435 0.018086638752768031 -0.0098502311221462628 0.012846284335398157 -0.0056592718210248727 -0.062164233690127739 0.030355869885534049 -0.029196417296456324 0.029956554615108127 -0.014212676975876094 0.043635103717679161 0.0016964982929797501 -0.001750061972456517 0.0051189589620168723 -0.0027976358033332989 0.0020188605202759251 -0.020490837091215908 0.037697508018754891 0.0062179471980845042 -0.016497192183440482 0.029532329613963765
leaf_weight=3503 23 159 75 37 391 3392 24 29 172 33 61 47 23 21 20 20 37 22 30 32 6335 1814 35 2261 545 133 30 855 27 54
leaf_count=3503 23 159 75 37 391 3392 24 29 172 33 61 47 23 21 20 20 37 22 30 32 6335 1814 35 2261 545 133 30 855 27 54
internal_value=1.73639e-07 0.000405309 0.000251559 -0.00164062 -0.0022233 -0.00196254 0.0109578 0.00114912 0.0085301 0.0236013 0.00154432 0.0067721 -0.000688454 -0.0127257 -0.0332227 -0.00222107 -0.01308 -0.000490987 0.00843112 0.0119877 0.000841349 0.00092928 0.0137475 -0.000582073 -0.00229691 -0.00378059 0.00388036 0.000579011 0.00552259 0.0199316
internal_weight=20240 12743 12560 4041 3820 3783 183 8519 341 108 233 159 7497 121 41 80 60 7376 221 191 8178 8149 112 7354 2969 2394 575 4385 882 89
internal_count=20240 12743 12560 4041 3820 3783 183 8519 341 108 233 159 7497 121 41 80 60 7376 221 191 8178 8149 112 7354 2969 2394 575 4385 882 89
is_linear=0
shrinkage=0.05


Tree=277
num_leaves=21
num_cat=0
split_feature=39 20 0 6 48 43 24 45 26 15 39 21 0 0 24 34 4 0 21 41
split_gain=2.25775 2.25556 13.505 13.4246 18.3163 12.3109 14.8737 15.9654 10.9365 10.4012 12.6414 9.7578 13.5173 12.766 9.54908 8.12928 15.6136 7.58669 7.03379 6.56547
threshold=5.5000000000000009 15.35416666666667 14.687500000000002 0.43409931602456731 0.98214285714285732 11.214285714285717 23.425595238095241 16.500000000000004 20.343750000000004 0.6078576107927941 18.500000000000004 27.812500000000004 18.854166666666668 18.187500000000004 14.372023809523812 1.5000000000000002 0.77083333333333337 14.020833333333334 8.6041666666666696 72.500000000000014
decision_type=2 2 2 2 2 2 2 2 2 2 2 2 2 2 2 2 2 2 2 2
left_child=-1 11 3 4 8 6 7 -4 -3 14 -11 12 13 17 -5 16 -7 -2 -17 -8
right_child=1 2 5 9 -6 15 19 -9 -10 10 -12 -13 -14 -15 -16 18 -18 -19 -20 -21
leaf_value=-0.015326393644014995 2.8914904179288192e-05 -0.034269962304582201 -0.0092997534304313789 0.0090725882165133952 0.046818769204875703 0.017541334747026363 -0.013137514740228654 0.013710308587679298 0.016175641661340539 -0.0053479356035866128 -0.049854552979843744 0.033748779979280455 -0.032033713593773432 0.03693653345884134 -0.01446487970893557 0.02652034442871809 -0.0091468507036915978 0.0045813596018022332 -4.4599900024494017e-05 -0.051242352563601282
leaf_weight=24 10344 21 398 55 23 174 20 93 22 27 39 22 32 24 199 25 80 1004 7588 26
leaf_count=24 10344 21 398 55 23 174 20 93 22 27 39 22 32 24 199 25 80 1004 7588 26
internal_value=1.64955e-07 1.83603e-05 -0.000583786 -0.00972853 0.0108034 -0.000163763 -0.00748844 -0.00494143 -0.00846058 -0.0139633 -0.0316473 0.00048159 0.000417413 0.000508728 -0.00936818 0.000336218 0.00913561 0.000431687 4.26356e-05 -0.034675
internal_weight=20240 20216 8790 386 66 8404 537 491 43 320 66 11426 11404 11372 254 7867 254 11348 7613 46
internal_count=20240 20216 8790 386 66 8404 537 491 43 320 66 11426 11404 11372 254 7867 254 11348 7613 46
is_linear=0
shrinkage=0.05


Tree=278
num_leaves=31
num_cat=0
split_feature=3 9 27 34 35 10 27 9 29 9 32 37 22 6 22 29 22 29 13 31 28 26 22 9 1 27 29 38 25 9
split_gain=2.26889 4.94291 5.04945 6.76764 6.62313 2.65398 6.71947 17.0876 13.4766 24.1793 16.8654 13.6914 10.9637 15.2709 14.7518 6.37063 16.5415 9.7862 4.21426 9.08834 13.8601 17.1717 14.2671 13.476 19.5971 16.2314 8.88634 21.0314 18.838 5.8266
threshold=1.9166666666666667 0.99081307870370383 3.4556442976870434 7.5000000000000009 4.3571428571428585 5.5000000000000009 3.639433783520289 0.98323412698412704 3.0493133295227821 0.99747242647058831 2.5000000000000004 65.437500000000014 23.770833333333339 0.59646034513590851 27.979166666666668 2.610934690940264 20.770833333333339 2.1939461983993467 145.50000000000003 8.5000000000000018 14.572222222222225 16.165178571428577 13.812500000000002 0.99530423280423297 25.458333333333339 3.9572855031626424 5.1612233359612976 64.500000000000014 1.3317823320250743 0.9911497493734337
decision_type=2 2 2 2 2 2 2 2 2 2 2 2 2 2 2 2 2 2 2 2 2 2 2 2 2 2 2 2 2 2
left_child=5 -2 3 4 -3 18 8 -8 15 10 -10 -11 13 -9 -14 17 -17 -7 26 20 22 -22 -20 24 -21 -25 29 -28 -29 -1
right_child=1 2 -4 -5 -6 6 7 12 9 11 -12 -13 14 -15 -16 16 -18 -19 19 23 21 -23 -24 25 -26 -27 27 28 -30 -31
leaf_value=0.0021070975646470015 -0.021642169420068205 0.0034064603348573051 0.015102709920278618 0.015981766923020283 -0.027203879747972934 0.0002813527726171924 0.031472800900754071 -0.0010106696325476419 -0.01129301297478378 0.068111864018898752 0.013808097315497557 0.018539359358449779 0.01869565839162813 -0.0258772060174495 -0.012155125414734924 -0.0010596493003340284 -0.038136506784293395 0.010118783037317454 -0.00072799270531358944 0.0090978995676980253 -0.012033012001987985 -0.0023487458359287934 0.0087579361417855339 0.0028585035341216762 -0.012654401937753315 0.022057878200388598 -0.032730260222839813 -0.036600690316408876 0.013195629598355461 -0.00073458219753175713
leaf_weight=2737 38 30 35 24 43 1579 31 122 98 26 211 30 78 125 77 183 36 301 4465 189 569 2341 435 323 229 167 30 20 377 5291
leaf_count=2737 38 30 35 24 43 1579 31 122 98 26 211 30 78 125 77 183 36 301 4465 189 569 2341 435 323 229 167 30 20 377 5291
internal_value=1.56702e-07 -0.00575187 -0.00117739 -0.00705166 -0.0146243 4.88784e-05 0.00144877 -0.00429556 0.00245822 0.0113257 0.00584723 0.0415552 -0.00705382 -0.0135949 0.00336979 0.000916236 -0.00715448 0.00185639 -0.000187276 -0.000958635 -0.00150909 -0.00424234 0.000114125 0.003776 -0.00281903 0.00940196 0.000608076 0.00763661 0.010687 0.000234237
internal_weight=20240 170 132 97 73 20070 2897 433 2464 365 309 56 402 247 155 2099 219 1880 17173 8718 7810 2910 4900 908 418 490 8455 427 397 8028
internal_count=20240 170 132 97 73 20070 2897 433 2464 365 309 56 402 247 155 2099 219 1880 17173 8718 7810 2910 4900 908 418 490 8455 427 397 8028
is_linear=0
shrinkage=0.05


Tree=279
num_leaves=31
num_cat=1
split_feature=38 38 25 25 6 23 1 22 22 45 39 45 23 22 21 27 42 50 23 20 22 26 37 35 1 20 9 38 6 17
split_gain=2.2612 10.2009 21.9384 14.5416 20.2963 12.2032 9.78157 23.4187 19.4581 17.3645 20.5229 9.13697 8.93003 9.36587 8.84142 8.31566 8.26187 8.0435 8.03856 9.205 22.4811 18.5679 18.5235 14.6059 21.9951 8.42744 7.63611 12.5283 11.2996 8.94739
threshold=121.50000000000001 115.50000000000001 3.6387885202700976 5.7165824815765598 0.75546274197825525 24.854166666666668 39.395833333333336 28.729166666666668 19.812500000000004 15.500000000000002 38.500000000000007 34.500000000000007 28.145833333333339 24.937500000000004 31.562500000000004 4.4080865810672263 123.92857142857144 0 37.687500000000007 28.854166666666668 20.895833333333339 23.825892857142865 88.862500000000011 8.7857142857142865 34.937500000000007 26.812500000000004 0.99726113505747149 123.50000000000001 0.69654930475826016 -0.5
decision_type=2 2 2 2 2 2 2 2 2 2 2 2 2 2 2 2 2 1 2 2 2 2 2 2 2 2 2 2 2 2
left_child=1 18 12 4 5 -4 11 8 -8 -10 -11 26 13 17 -9 16 -13 -3 19 23 22 -22 -21 25 -25 -1 29 -28 -29 -2
right_child=6 2 3 -5 -6 -7 7 14 9 10 -12 15 -14 -15 -16 -17 -18 -19 -20 20 21 -23 -24 24 -26 -27 27 28 -30 -31
leaf_value=-0.00016683837917917554 0.0056921828707245138 -0.0085001504858623119 0.033265926416165069 -0.0089398350080718177 0.0068519227879328863 0.081853449096282338 0.008804870234962436 0.039487320103723078 -0.071972274899482727 -0.064297186601907017 -0.0027589245898915187 0.046155762755208551 -0.021411479106550484 0.024857575549002815 -0.0048492477444762533 -0.0097734242272765753 0.0091087873258134909 0.0051924801281153787 0.030918120699269431 0.046327814411732463 -0.052905981555315 -0.0099696085570380108 -0.0074970871322985857 0.0056951985391625369 0.049917491504124237 0.010814541992915552 -0.03402083206216476 0.0045349941196207721 -0.0061152702467588589 -0.00076278545520528523
leaf_weight=13514 653 130 28 23 36 24 32 23 25 20 42 27 37 49 22 23 34 457 21 31 28 250 33 143 35 177 34 340 931 3018
leaf_count=13514 653 130 28 23 36 24 32 23 25 20 42 27 37 49 22 23 34 457 21 31 28 250 33 143 35 177 34 340 931 3018
internal_value=1.48877e-07 0.000311865 0.00586434 0.0264593 0.0357113 0.0556909 -0.000895855 -0.0129137 -0.0245325 -0.0367945 -0.02261 -0.000506344 0.00246755 0.00385674 0.0178117 0.0158466 0.0255066 0.00210369 5.99459e-06 -3.96851e-05 -0.00814331 -0.0142941 0.0185743 0.000160145 0.0143906 -2.48689e-05 -0.000782399 -0.00406753 -0.00326626 0.000385429
internal_weight=20240 15016 784 111 88 52 5224 164 119 87 62 5060 673 636 45 84 61 587 14232 14211 342 278 64 13869 178 13691 4976 1305 1271 3671
internal_count=20240 15016 784 111 88 52 5224 164 119 87 62 5060 673 636 45 84 61 587 14232 14211 342 278 64 13869 178 13691 4976 1305 1271 3671
cat_boundaries=0 1
cat_threshold=96
is_linear=0
shrinkage=0.05


Tree=280
num_leaves=25
num_cat=0
split_feature=37 37 42 36 16 35 38 40 23 45 26 38 1 41 36 24 29 24 20 20 41 43 41 26
split_gain=2.23464 11.8703 19.2407 10.9024 8.19909 8.0482 7.31108 14.6993 21.1384 12.5228 9.15612 6.51957 4.64163 9.29362 4.8992 21.0444 32.2314 16.4823 8.79429 16.9623 12.7633 4.18692 3.85876 3.08817
threshold=91.33750000000002 90.96250000000002 126.21428571428574 4.6428571428571432 1.0000000180025095e-35 7.0714285714285721 201.50000000000003 26.500000000000004 18.354166666666668 22.500000000000004 26.757440476190482 57.500000000000007 57.854166666666679 85.500000000000014 3.6428571428571437 24.633928571428577 4.9935732012093332 24.002976190476193 12.937500000000002 13.270833333333334 84.500000000000014 22.500000000000004 81.500000000000014 15.483630952380956
decision_type=2 2 2 2 2 2 2 2 2 2 2 2 2 2 2 2 2 2 2 2 2 2 2 2
left_child=1 12 11 5 -5 6 7 10 -9 -8 -2 -3 14 -14 15 17 -17 -1 20 -20 -16 -7 -13 -24
right_child=3 2 -4 4 -6 21 9 8 -10 -11 -12 22 13 -15 18 16 -18 -19 19 -21 -22 -23 23 -25
leaf_value=-0.00084253511188848388 0.0018252605464560213 -0.024154772904926333 -0.047530917832901809 -0.0011580171899344678 -0.033579696539359598 0.040006263800896703 -0.035448550104218372 -0.014782252097250643 0.029393476648901656 0.014412756096571683 -0.0065081173214230521 0.017249140990597586 0.03871601529662376 -0.0017577132663211309 0.010921673472508936 0.0010681170741187746 -0.054026279328985419 0.032599839799710227 -0.02317996667992844 0.00042383686672699245 -0.0014116869837243451 0.0076530417427420616 0.006919410326306454 -0.020227394942194225
leaf_weight=8723 2955 29 34 39 39 20 34 37 101 20 371 31 23 37 481 61 47 37 77 6610 372 20 22 20
leaf_count=8723 2955 29 34 39 39 20 34 37 101 20 371 31 23 37 481 61 47 37 77 6610 372 20 22 20
internal_value=5.97173e-08 -0.000245793 -0.0149569 0.00112276 -0.0173689 0.00152814 0.00127457 0.00155916 0.0175493 -0.0169814 0.000895711 -0.00409888 -0.000124302 0.0137572 -0.000175063 -0.000971732 -0.0229081 -0.000701283 0.000761921 0.000152042 0.005543 0.0238297 0.00386853 -0.00600764
internal_weight=20240 16604 136 3636 78 3558 3518 3464 138 54 3326 102 16468 60 16408 8868 108 8760 7540 6687 853 40 73 42
internal_count=20240 16604 136 3636 78 3558 3518 3464 138 54 3326 102 16468 60 16408 8868 108 8760 7540 6687 853 40 73 42
is_linear=0
shrinkage=0.05


Tree=281
num_leaves=29
num_cat=0
split_feature=43 5 25 43 42 40 6 27 22 27 35 22 1 28 41 37 30 42 17 36 29 38 29 29 37 20 35 29
split_gain=2.20865 5.3269 16.1452 3.19709 10.8164 17.0699 19.0192 21.755 12.6983 30.3347 13.6888 10.5536 10.2388 8.77528 22.7695 8.32474 12.7681 10.6865 8.27542 15.655 13.1625 8.01207 7.92599 22.2902 18.2847 7.85093 2.45909 1.32238
threshold=30.285714285714288 0.93750000000000011 0.81609147220471001 21.928571428571434 134.07142857142858 17.500000000000004 0.81951911589008375 1.9057385694290001 31.854166666666668 5.1379845452418804 8.2142857142857171 24.479166666666668 56.895833333333336 29.695833333333336 102.50000000000001 96.71250000000002 0.071428571428571466 156.07142857142858 -0.6830127018922193 7.7857142857142865 2.9007710321953555 91.500000000000014 2.5917712337403116 2.4855802205997288 54.712500000000006 36.770833333333336 7.2142857142857153 2.4568311498288522
decision_type=2 2 2 2 2 2 2 2 2 2 2 2 2 2 2 2 2 2 2 2 2 2 2 2 2 2 2 2
left_child=3 2 -2 4 8 6 7 -6 13 10 -10 -8 15 25 -15 22 -17 -18 19 -7 -20 -11 23 -5 -24 -1 -3 -28
right_child=1 26 -4 12 5 18 11 -9 9 21 -12 -13 -14 14 -16 16 17 -19 20 -21 -22 -23 24 -25 -26 -27 27 -29
leaf_value=-1.0056053042811759e-05 -0.0068950908267180677 -0.016069754869455385 0.050112214366621943 -0.0010705207037788858 -0.00053773081228839902 -0.0019605702938861216 0.010667770190048033 0.038076141724983859 -0.020631865116000108 -0.0090967674754210744 -0.065664852196350695 -0.014696664514084315 -0.037488501030602493 0.061051773470604712 -0.003822273780640803 0.041125230518756092 -0.014406134026125074 0.016551845999700682 -0.0041278310767758073 -0.046853341219946748 0.010817354580259248 0.022476521924276044 -0.047023099947434206 0.031952062398367738 -0.0045045232611680506 -0.030601158667178382 -0.0036313029995653778 0.01063372406149001
leaf_weight=16626 27 21 23 952 53 87 140 117 108 32 20 58 20 21 38 27 50 63 316 25 276 54 26 54 920 21 32 33
leaf_count=16626 27 21 23 952 53 87 140 117 108 32 20 58 20 21 38 27 50 63 316 25 276 54 26 54 920 21 32 33
internal_value=5.67309e-08 0.00635044 0.0193283 -4.29025e-05 0.000173127 0.00504364 0.0137704 0.0260377 -0.000135454 -0.0122379 -0.0276683 0.00323778 -0.00188325 1.95753e-05 0.0192685 -0.00154285 0.0102346 0.00285362 0.000481949 -0.0119813 0.00283986 0.0107283 -0.00238754 0.000702063 -0.00567311 -4.86464e-05 -0.00119481 0.00361094
internal_weight=20240 136 50 20104 17992 1072 368 170 16920 214 128 198 2112 16706 59 2092 140 113 704 112 592 86 1952 1006 946 16647 86 65
internal_count=20240 136 50 20104 17992 1072 368 170 16920 214 128 198 2112 16706 59 2092 140 113 704 112 592 86 1952 1006 946 16647 86 65
is_linear=0
shrinkage=0.05


Tree=282
num_leaves=18
num_cat=0
split_feature=36 36 22 38 35 36 22 25 27 6 28 5 36 21 34 41 20
split_gain=2.31374 18.109 25.974 14.6411 10.1952 7.4423 14.4442 6.91314 8.70555 11.7906 26.3501 9.3574 3.67125 21.1986 4.34422 7.93294 3.38692
threshold=9.6428571428571441 9.3571428571428594 24.729166666666668 156.50000000000003 10.071428571428573 9.2142857142857171 23.645833333333339 4.7519097569350643 4.7499547787569325 0.91147079346092508 30.093750000000004 0.77083333333333337 9.071428571428573 27.645833333333339 14.500000000000002 133.50000000000003 19.229166666666668
decision_type=2 2 2 2 2 2 2 2 2 2 2 2 2 2 2 2 2
left_child=1 5 -3 -4 -2 12 -7 8 9 10 -6 -11 14 -14 16 -16 -1
right_child=4 2 3 -5 7 6 -8 -9 -10 11 -12 -13 13 -15 15 -17 -18
leaf_value=0.00029788357840092246 0.027902107755392376 0.0096857090128233316 -0.065364057638428438 -0.011148563260212541 -0.064631586379948119 -0.007467972129703529 0.040062220620386529 -0.026070719605989081 0.028196978614094759 0.036360497400164608 0.00073429084029690971 0.0026143308564449755 0.017797807860188187 -0.050990478162254604 0.036846578383648937 0.0030334439355789162 -0.0012771801632876032
leaf_weight=15017 39 37 33 20 21 31 33 22 31 22 58 310 24 21 22 82 4417
leaf_count=15017 39 37 33 20 21 31 33 22 31 22 58 310 24 21 22 82 4417
internal_value=5.39215e-08 -8.52886e-05 -0.0224624 -0.0449054 0.00334877 1.72176e-05 0.0170398 0.00128502 0.00264662 0.000719462 -0.0166414 0.00485052 -3.84146e-05 -0.0143034 -5.55942e-06 0.0101862 -6.01002e-05
internal_weight=20240 19737 90 53 503 19647 64 464 442 411 79 332 19583 45 19538 104 19434
internal_count=20240 19737 90 53 503 19647 64 464 442 411 79 332 19583 45 19538 104 19434
is_linear=0
shrinkage=0.05


Tree=283
num_leaves=29
num_cat=0
split_feature=37 20 0 31 29 25 30 29 26 13 29 27 25 9 41 25 23 40 27 26 21 34 17 34 13 40 25 39
split_gain=2.19431 7.47848 12.0556 7.64406 7.02878 14.1471 20.3162 22.704 17.6528 14.5195 12.9004 22.0758 22.3358 21.9463 21.5126 18.2635 18.0072 29.8815 6.73395 6.65134 7.14614 6.59429 6.28045 6.07643 8.02951 7.22808 4.92138 4.42674
threshold=61.287500000000016 4.2708333333333348 3.8125000000000004 3.5000000000000004 4.7422364860616719 1.4788103191829709 0.57440476190476208 5.3971496631864389 26.233630952380956 140.50000000000003 4.3800444907821889 4.2017683437988742 2.943161969579156 0.99516806722689088 170.50000000000003 4.7519097569350643 29.479166666666668 20.500000000000004 2.0170901498149894 4.8407738095238111 6.8125000000000009 16.500000000000004 -0.24999999999999994 2.5000000000000004 34.500000000000007 5.5000000000000009 3.688203345172766 17.500000000000004
decision_type=2 2 2 2 2 2 2 2 2 2 2 2 2 2 2 2 2 2 2 2 2 2 2 2 2 2 2 2
left_child=4 3 -3 18 10 -6 7 8 -7 -9 11 15 22 -14 16 26 17 -12 19 -2 -21 23 -13 24 -4 -25 -1 -20
right_child=1 2 21 -5 5 6 -8 9 -10 -11 14 12 13 -15 -16 -17 -18 -19 27 20 -22 -23 -24 25 -26 -27 -28 -29
leaf_value=-0.00062113650487477913 -0.0032825376133486213 -0.02750278151391122 0.0079382480595185014 0.036736857200351851 -0.041108986285739932 -0.0064522931720545039 0.034515062806506951 0.031264495459753412 -0.039483546882107014 -0.0054548528578986103 0.029040919198981816 -0.011565821034752805 -0.01481509098843874 -0.067790878865429588 -0.029067243480434019 0.045207765325903898 0.060566049039363856 -0.034186086688190696 0.0076094807322638547 0.039452244319459977 0.0067899483058488728 0.022661155699328944 0.025801870540123097 0.0081698346136259391 -0.0018668879588916395 0.00073946782823099903 0.0085661345516212743 -0.020578161862213167
leaf_weight=6714 36 39 221 24 29 94 30 43 71 72 74 23 46 34 24 22 25 25 26 34 33 33 22 341 3781 8145 149 30
leaf_count=6714 36 39 221 24 29 94 30 43 71 72 74 23 46 34 24 22 25 25 26 34 33 33 22 341 3781 8145 149 30
internal_value=5.11985e-08 0.000399372 0.000253164 0.0104342 -0.000678693 -0.00771366 -0.00458959 -0.00877937 -0.0206657 0.00827499 -0.00034552 -0.000653943 -0.0214781 -0.0373298 0.0142629 -0.000275873 0.0226494 0.0130745 0.00646399 0.0140512 0.0233648 0.000339617 0.00670283 0.000280632 -0.00132542 0.00103805 -0.000421675 -0.00749104
internal_weight=20240 12743 12560 183 7497 339 310 280 165 115 7158 7010 125 80 148 6885 124 99 159 103 67 12521 45 12488 4002 8486 6863 56
internal_count=20240 12743 12560 183 7497 339 310 280 165 115 7158 7010 125 80 148 6885 124 99 159 103 67 12521 45 12488 4002 8486 6863 56
is_linear=0
shrinkage=0.05


Tree=284
num_leaves=23
num_cat=0
split_feature=36 36 22 42 35 36 22 37 6 21 43 32 40 27 39 39 45 41 31 9 20 10
split_gain=2.10801 16.2447 23.2579 14.2262 9.1053 6.77474 12.8041 5.82591 6.61482 13.4472 30.4298 17.06 5.18796 4.4379 3.49115 5.99578 8.32746 4.53485 3.85168 7.58869 6.02383 2.55024
threshold=9.6428571428571441 9.3571428571428594 24.729166666666668 164.78571428571431 10.071428571428573 9.2142857142857171 23.645833333333339 65.71250000000002 0.99736494931259556 30.937500000000004 22.357142857142858 7.5000000000000009 18.500000000000004 0.69809859665902385 70.500000000000014 61.500000000000007 24.500000000000004 240.00000000000003 10.500000000000002 0.99661915204678375 27.937500000000004 1.0000000180025095e-35
decision_type=2 2 2 2 2 2 2 2 2 2 2 2 2 2 2 2 2 2 2 2 2 2
left_child=1 5 -3 -4 -2 14 -7 8 9 10 -6 -11 13 -10 15 17 -17 -1 20 -20 -16 -14
right_child=4 2 3 -5 7 6 -8 -9 12 11 -12 -13 21 -15 18 16 -18 -19 19 -21 -22 -23
leaf_value=-0.00011105979611594508 0.026400260506376911 0.0091454403581903206 -0.062679239001237994 -0.0092375768651254478 0.025974026918411254 -0.0068175582444265255 0.037932835906659343 0.026978794984253391 0.0045757294039834636 0.031304953589632707 -0.048149363079832662 -0.0082272539340640209 -0.0098962475985495593 0.035665728043143947 -0.0070769021785495314 0.0045233776210807262 0.033813505313758339 0.013017810925587334 -0.0026302190247406545 -0.040777522363615315 0.022957812361419201 0.0048764522059354934
leaf_weight=19132 39 37 33 20 20 31 33 21 22 37 45 104 36 24 101 182 28 66 32 22 20 155
leaf_count=19132 39 37 33 20 20 31 33 21 22 37 45 104 36 24 101 182 28 66 32 22 20 155
internal_value=4.86551e-08 -8.14114e-05 -0.0212754 -0.0425126 0.00319642 1.56751e-05 0.0162569 0.0012461 2.62681e-05 -0.00652715 -0.0253422 0.00214645 0.00572248 0.0207966 -3.74034e-05 2.59899e-05 0.00842873 -6.59246e-05 -0.0070679 -0.0181717 -0.00211249 0.00209207
internal_weight=20240 19737 90 53 503 19647 64 464 443 206 65 141 237 46 19583 19408 210 19198 175 54 121 191
internal_count=20240 19737 90 53 503 19647 64 464 443 206 65 141 237 46 19583 19408 210 19198 175 54 121 191
is_linear=0
shrinkage=0.05


Tree=285
num_leaves=16
num_cat=0
split_feature=3 31 34 17 27 29 21 26 40 10 39 27 40 1 13
split_gain=2.12369 4.62957 6.4816 4.41067 3.85878 3.19577 2.56049 3.09985 8.68947 2.91424 6.69334 7.12253 4.97415 7.73395 4.35061
threshold=1.9166666666666667 8.5000000000000018 8.5000000000000018 -0.5 3.4997015472643969 2.3770740017875114 37.895833333333336 35.729166666666671 23.500000000000004 5.5000000000000009 8.5000000000000018 3.639433783520289 3.5000000000000004 16.895833333333339 145.50000000000003
decision_type=2 2 2 2 2 2 2 2 2 2 2 2 2 2 2
left_child=6 2 3 -2 5 -5 7 9 -9 12 -11 -12 13 -1 -14
right_child=1 -3 -4 4 -6 -7 -8 8 -10 10 11 -13 14 -15 -16
leaf_value=0.002340071639287975 -0.025183805621539553 -0.022699737083166839 0.024729118701070547 0.0026538291480392219 0.017158587670631029 -0.018545354291563853 0.01355914701308523 0.008348837870590646 -0.029728143258891521 -0.021212649179506118 0.0028364959558319961 -0.0041395988267805351 0.00053005313496122628 0.025903078466653823 -0.001074984553085337
leaf_weight=154 24 32 20 40 22 32 35 29 31 32 2422 431 8334 45 8557
leaf_count=154 24 32 20 40 22 32 35 29 31 32 2422 431 8334 45 8557
internal_value=4.62015e-08 -0.00556488 -0.00159158 -0.00605272 -0.00116818 -0.00676803 4.71831e-05 2.35785e-05 -0.0113243 5.76646e-05 0.00152756 0.00178262 -0.000190472 0.00766839 -0.000283061
internal_weight=20240 170 138 118 94 72 20070 20035 60 19975 2885 2853 17090 199 16891
internal_count=20240 170 138 118 94 72 20070 20035 60 19975 2885 2853 17090 199 16891
is_linear=0
shrinkage=0.05


Tree=286
num_leaves=23
num_cat=1
split_feature=39 50 21 21 21 21 26 22 34 1 27 37 24 20 44 43 42 20 22 35 37 24
split_gain=2.11063 2.17507 7.84035 6.93762 17.2767 33.1193 18.4619 16.5887 13.2104 13.2816 18.8888 11.2009 8.92966 8.17132 10.9295 6.83927 14.7911 12.1074 11.8683 10.743 8.97646 4.01877
threshold=5.5000000000000009 0 5.1458333333333348 26.812500000000004 24.270833333333339 23.645833333333339 22.251488095238098 27.979166666666668 5.5000000000000009 27.604166666666668 3.2536110997061627 83.162500000000023 26.145833333333336 27.937500000000004 4.5000000000000009 7.3571428571428585 53.928571428571438 9.9375000000000018 10.145833333333334 3.6428571428571437 64.612500000000011 8.0446428571428594
decision_type=2 1 2 2 2 2 2 2 2 2 2 2 2 2 2 2 2 2 2 2 2 2
left_child=-1 2 21 4 5 12 -7 11 9 -5 -11 -6 -3 14 -10 16 19 18 -17 -4 -19 -2
right_child=1 3 15 8 7 6 -8 -9 13 10 -12 -13 -14 -15 -16 17 -18 20 -20 -21 -22 -23
leaf_value=-0.014818750360670188 0.037633666999283291 -0.00020312268740785129 -0.0067799356136443133 0.018529894047727188 -0.012556065234445758 -0.064655292586519794 -0.014321688997882363 -0.026222671982115853 0.016032515749059343 -0.042700145773414994 -0.0084206252436464027 0.019460332592716442 -0.021182689041483637 -0.019955516979098323 -0.0068482657885271143 0.019700249209754953 -0.04140228449500033 -0.0010191791945250665 0.0034259735886171512 0.023061533943366477 0.0021832993054993382 0.0063164121937006714
leaf_weight=24 21 9248 267 24 31 29 49 26 108 64 108 230 51 39 101 152 28 5546 426 34 3614 20
leaf_count=24 21 9248 267 24 31 29 49 26 108 64 108 230 51 39 101 152 28 5546 426 34 3614 20
internal_value=4.38945e-08 1.76364e-05 0.000535995 -0.000500757 -0.000220479 -0.000590334 -0.0330355 0.0118636 -0.00661249 -0.0163139 -0.0211758 0.0156576 -0.000318184 0.00105472 0.0049753 0.000447657 -0.0066426 0.000687203 0.00770571 -0.00340914 0.000244331 0.022357
internal_weight=20240 20216 10108 10108 9664 9377 78 287 444 196 172 261 9299 248 209 10067 329 9738 578 301 9160 41
internal_count=20240 20216 10108 10108 9664 9377 78 287 444 196 172 261 9299 248 209 10067 329 9738 578 301 9160 41
cat_boundaries=0 1
cat_threshold=45
is_linear=0
shrinkage=0.05


Tree=287
num_leaves=31
num_cat=2
split_feature=42 20 0 40 1 38 20 29 40 40 20 42 15 32 29 24 50 38 35 43 22 37 9 38 31 38 0 38 50 39
split_gain=2.09145 11.6862 15.0055 11.1771 21.4607 15.1217 10.9329 13.0724 7.70903 9.18528 10.2968 9.68847 7.59832 7.17452 7.02041 6.24291 5.6802 12.7573 5.53902 5.50007 7.47499 4.65452 4.54229 3.78861 4.01819 3.73959 8.73578 3.7588 15.3798 11.1248
threshold=63.642857142857146 8.3958333333333339 8.5208333333333339 11.500000000000002 16.812500000000004 90.500000000000014 17.395833333333339 4.1988584807440903 6.5000000000000009 9.5000000000000018 9.1875000000000018 54.357142857142868 1.0000000180025095e-35 5.5000000000000009 2.5266767823217573 11.127976190476192 0 34.500000000000007 2.5000000000000004 8.2142857142857171 11.72916666666667 63.587500000000013 0.98733974358974375 34.500000000000007 1.5000000000000002 38.500000000000007 10.895833333333334 59.500000000000007 1 11.500000000000002
decision_type=2 2 2 2 2 2 2 2 2 2 2 2 2 2 2 2 1 2 2 2 2 2 2 2 2 2 2 2 1 2
left_child=1 13 8 6 22 -6 7 -4 12 10 -10 -11 18 15 -15 16 -1 -18 -3 20 -2 -17 -5 24 -21 26 -25 28 -27 -29
right_child=19 2 3 4 5 -7 -8 -9 9 11 -12 -13 -14 14 -16 21 17 -19 -20 23 -22 -23 -24 25 -26 27 -28 29 -30 -31
leaf_value=8.4274675201514694e-05 0.001164373881457483 -0.026485675827346067 -0.0002281159061851615 0.019684359301691472 -0.038320544197717132 0.010000915750861169 -0.034154182241257762 0.033230568269888565 -0.021409415899087555 -0.047002866543829444 0.021419070764548249 -0.0080242999173192817 -0.0098009024781209458 -0.0025687485840171576 0.035427468270063399 -0.035090798437595369 0.036798747497446403 0.0044823875483125447 -0.062842392073944209 0.027028024722649542 0.038568419336595321 -0.00097877618856728093 -0.0039275654400646514 -0.037004093631086026 0.00022410418966720843 0.0090336387267649417 0.005805742999431319 -0.029520362918265167 -0.0014048420876466442 -8.9841562661881055e-06
leaf_weight=998 34 22 1085 23 85 20 23 30 23 25 36 44 27 20 31 20 34 300 20 27 22 20 178 22 29 558 26 32 930 15496
leaf_count=998 34 22 1085 23 85 20 23 30 23 25 36 44 27 20 31 20 34 300 20 27 22 20 178 22 29 558 26 32 930 15496
internal_value=4.17214e-08 -0.00120335 -0.00407883 -0.00231283 -0.0107961 -0.0291165 -3.1753e-05 0.000672118 -0.0170235 -0.00976149 0.00472322 -0.022147 -0.030495 0.00211265 0.020527 0.00142816 0.00201263 0.00754614 -0.0437984 0.000214712 0.0158588 -0.0180348 -0.0012257 0.00016354 0.0131474 0.00012093 -0.0138154 0.000160242 0.00256086 -6.9801e-05
internal_weight=20240 3064 1641 1444 306 105 1138 1115 197 128 59 69 69 1423 51 1372 1332 334 42 17176 56 40 201 17120 56 17064 48 17016 1488 15528
internal_count=20240 3064 1641 1444 306 105 1138 1115 197 128 59 69 69 1423 51 1372 1332 334 42 17176 56 40 201 17120 56 17064 48 17016 1488 15528
cat_boundaries=0 1 2
cat_threshold=178 49
is_linear=0
shrinkage=0.05


Tree=288
num_leaves=31
num_cat=0
split_feature=31 24 13 29 25 1 9 24 28 29 40 22 25 38 1 5 6 34 5 7 13 28 31 29 20 25 22 34 13 25
split_gain=2.02076 7.00694 15.3606 6.85755 10.4018 13.9659 12.1806 6.53362 5.67335 4.65085 6.68073 8.86681 6.15844 5.61266 3.48822 3.04923 13.1827 12.4171 12.071 20.2816 19.7579 15.2886 12.0516 11.6329 10.1871 9.83683 13.5355 13.1038 8.62013 13.9315
threshold=1.0000000180025095e-35 9.8839285714285747 50.500000000000007 0.6094374715248646 1.3168311571357614 17.895833333333339 0.99506886087768442 9.4791666666666696 9.5847222222222239 1.7574701445703451 6.5000000000000009 9.6458333333333339 1.6145369264488285 41.500000000000007 10.937500000000002 0.64583333333333337 0.91806961992245883 9.5000000000000018 0.97916666666666685 0.021064957475656402 164.50000000000003 14.957638888888891 3.5000000000000004 1.9249334983170412 37.270833333333336 2.4310345325755458 15.687500000000002 3.5000000000000004 73.500000000000014 5.0045570210749064
decision_type=2 2 2 2 2 2 2 2 2 2 2 2 2 2 2 2 2 2 2 2 2 2 2 2 2 2 2 2 2 2
left_child=1 7 -3 -4 5 -5 -6 9 -9 12 13 -12 14 -11 -1 16 24 25 19 22 -21 -22 23 -17 28 27 -27 -18 29 -2
right_child=15 2 3 4 6 -7 -8 8 -10 10 11 -13 -14 -15 -16 18 17 -19 -20 20 21 -23 -24 -25 -26 26 -28 -29 -30 -31
leaf_value=-0.0005404105646062519 0.0030261021148321834 -0.042009487466420983 0.01503849506067733 -0.011037624379912136 0.011542315886785779 -0.056732616424560546 -0.014595886445246065 0.0024559241415851793 0.03886797707527876 -0.011918634350101154 -0.023553412657098049 0.0070345206623614737 0.020545223391113376 0.016541097540317514 0.017152627801586842 -0.022490168845233246 -0.0016191960166120349 0.048129191486672926 0.00031085649494284233 0.0025741129543724768 -0.0026923836402834673 -0.02064712608063763 -0.011041876639317827 -0.067961341786113655 -0.029194845381224979 0.017993719428777696 -0.0377009188028751 0.026443790781164642 -9.2423371091152875e-05 0.029836878004483883
leaf_weight=707 1566 30 39 102 104 20 78 23 20 30 84 33 39 41 29 39 74 22 6029 730 274 209 107 22 29 20 24 95 9571 50
leaf_count=707 1566 30 39 102 104 20 78 23 20 30 84 33 39 41 29 39 74 22 6029 730 274 209 107 22 29 20 24 95 9571 50
internal_value=2.30167e-07 -0.00184743 -0.00770067 -0.0046999 -0.00723213 -0.0185286 0.000340229 0.000322807 0.0193918 -0.000528662 -0.00758363 -0.014926 0.00118274 0.00451586 0.000156734 0.00013532 0.000646731 0.012367 -0.000654987 -0.00487155 -0.00261654 -0.0104616 -0.0211533 -0.0388896 0.000401167 0.0086732 -0.0123852 0.0141559 0.000477888 0.00385564
internal_weight=20240 1379 373 343 304 122 182 1006 43 963 188 117 775 71 736 18861 11451 235 7410 1381 1213 483 168 61 11216 213 44 169 11187 1616
internal_count=20240 1379 373 343 304 122 182 1006 43 963 188 117 775 71 736 18861 11451 235 7410 1381 1213 483 168 61 11216 213 44 169 11187 1616
is_linear=0
shrinkage=0.05


Tree=289
num_leaves=27
num_cat=0
split_feature=37 23 5 36 20 20 18 23 42 6 23 24 23 25 23 27 0 22 22 37 13 13 22 21 25 39
split_gain=2.05209 5.02764 10.7906 2.23933 7.64537 15.3561 15.3391 12.0599 17.8933 16.788 11.2614 10.7504 10.0155 19.5903 9.64037 8.24225 7.66206 7.13754 12.8081 15.5707 15.7924 11.6191 10.6285 8.05149 1.22739 1.15589
threshold=112.58750000000002 13.10416666666667 0.56250000000000011 3.6428571428571437 12.937500000000002 13.270833333333334 -0.68301270189221952 14.97916666666667 86.500000000000014 0.54192874164941218 14.47916666666667 15.360119047619049 15.85416666666667 2.6365878642237894 25.020833333333339 2.2033299085116647 15.062500000000002 36.104166666666679 30.937500000000004 101.21250000000002 327.50000000000006 116.50000000000001 30.354166666666668 36.062500000000007 1.0760784240766939 26.500000000000004
decision_type=2 2 2 2 2 2 2 2 2 2 2 2 2 2 2 2 2 2 2 2 2 2 2 2 2 2
left_child=3 24 -3 17 7 6 -6 10 9 -9 16 -10 13 -7 -14 -8 -5 18 22 20 -20 -19 23 -1 -2 -4
right_child=1 2 25 4 5 12 15 8 11 -11 -12 -13 14 -15 -16 -17 -18 21 19 -21 -22 -23 -24 -25 -26 -27
leaf_value=-0.00036661535126952826 -0.012059609213223061 0.042288663967822993 0.0086679142298958008 0.00096706185490794182 0.010027589119970799 -0.00033779066246924654 -0.059132543036442567 -0.0086415340980658169 -0.019429546933282506 0.027634923792311125 -0.029639807812355718 0.013135525235470305 0.002698926520675523 -0.014124834328065328 -0.0018828490958086065 -0.019201570825784334 0.027337754977032031 0.035626428829772135 -0.027047197910324308 0.015189427832343713 0.019658647309101763 -0.0067787320166826249 0.028886257661806958 -0.027701778571914745 0.0022430099919438363 -0.0057822208553552634
leaf_weight=11821 30 24 31 549 25 1215 24 39 55 175 29 47 3774 327 1650 28 29 35 131 38 21 30 31 27 30 25
leaf_count=11821 30 24 31 549 25 1215 24 39 55 175 29 47 3774 327 1650 28 29 35 131 38 21 30 31 27 30 25
internal_value=2.18648e-07 0.00603271 0.0142385 -4.17987e-05 0.000609549 4.87968e-05 -0.0221576 0.0048884 0.0128096 0.0210238 0.000764675 -0.00442407 0.000294259 -0.0032615 0.00130513 -0.0376313 0.00229016 -0.00046941 -0.000558405 -0.0134376 -0.0205944 0.0160548 -0.000352406 -0.000428909 -0.0049083 0.00221696
internal_weight=20240 140 80 20100 7966 7043 77 923 316 214 607 102 6966 1542 5424 52 578 12134 12069 190 152 65 11879 11848 60 56
internal_count=20240 140 80 20100 7966 7043 77 923 316 214 607 102 6966 1542 5424 52 578 12134 12069 190 152 65 11879 11848 60 56
is_linear=0
shrinkage=0.05


Tree=290
num_leaves=31
num_cat=0
split_feature=29 20 32 7 17 6 17 41 7 24 42 30 45 48 37 6 9 23 27 32 25 32 27 27 23 6 39 4 7 6
split_gain=2.05955 6.67293 11.7478 8.30564 7.43993 6.8198 19.8088 17.6517 5.07226 17.1097 5.89764 4.43889 3.36594 3.82312 17.8284 4.83053 9.04914 4.71021 3.95036 8.79687 3.78103 6.63892 3.12374 2.94797 3.02234 6.73688 10.2553 2.879 7.22649 3.0749
threshold=1.2397910289694347 3.3125000000000004 1.5000000000000002 0.75018037518037528 -0.6830127018922193 0.38608608303908443 0.93301270189221952 127.50000000000001 0.59419563765211592 23.425595238095241 63.642857142857146 0.011904761904761868 9.5000000000000018 0.94642857142857151 54.112500000000004 0.92535198652274675 0.99615293560606066 23.354166666666668 1.3971294542269013 2.5000000000000004 0.57419140292745008 3.5000000000000004 0.73221821850896884 0.28583585183635651 11.895833333333334 0.96869555749128933 31.500000000000004 0.72916666666666685 0.14818911832186163 0.99298655517297929
decision_type=2 2 2 2 2 2 2 2 2 2 2 2 2 2 2 2 2 2 2 2 2 2 2 2 2 2 2 2 2 2
left_child=12 2 11 5 -5 6 7 -3 10 -10 -7 -2 13 14 -1 16 -16 -17 20 -20 22 -22 -15 -14 27 26 -26 28 -25 -29
right_child=1 3 -4 4 -6 8 -8 -9 9 -11 -12 -13 23 18 15 17 -18 -19 19 -21 21 -23 -24 24 25 -27 -28 29 -30 -31
leaf_value=-0.04035531373863871 -0.0054696100441931498 -0.0053277090099888361 0.032995116255830889 0.0014189466740936042 0.044546461412683133 -0.0021032752747282622 -0.041255231276025171 0.033691150842294577 0.019478509158209385 -0.022192260586598424 0.00075247350990848721 0.020972133764908429 -0.0023867299124503919 -0.00086839375131044991 -0.0035661283399288854 -0.0018401398114852602 -0.025233993587971782 0.017756500682662591 -0.03947680983692408 0.00084672868496885436 0.0076840734942733779 -0.0032514788653513296 -0.0086688269644422267 0.023935091739671455 0.0047137790576865278 0.0012189407591078061 0.038469984858400294 -0.011596151937034994 0.0014096818969498055 -0.00039753199714126942
leaf_weight=33 65 446 43 20 20 2163 36 31 107 32 11013 21 528 2280 195 734 64 32 21 38 339 235 136 37 60 197 36 81 945 252
leaf_count=33 65 446 43 20 20 2163 36 31 107 32 11013 21 528 2280 195 734 64 32 21 38 339 235 136 37 60 197 36 81 945 252
internal_value=2.07745e-07 0.000337052 0.0116564 0.00023176 0.0229827 0.000165948 -0.00549107 -0.00279189 0.000383902 0.00988524 0.000283668 0.000987095 -0.000755008 -0.00159228 -0.00418199 -0.00301739 -0.00892035 -0.00102148 -0.000693648 -0.0135057 -0.000440834 0.00320697 -0.00130749 0.000854853 0.00191925 0.00651153 0.0173724 0.000896031 0.0022584 -0.00312152
internal_weight=20240 13997 129 13868 40 13828 513 477 13315 139 13176 86 6243 4107 1058 1025 259 766 3049 59 2990 574 2416 2136 1608 293 96 1315 982 333
internal_count=20240 13997 129 13868 40 13828 513 477 13315 139 13176 86 6243 4107 1058 1025 259 766 3049 59 2990 574 2416 2136 1608 293 96 1315 982 333
is_linear=0
shrinkage=0.05


Tree=291
num_leaves=31
num_cat=0
split_feature=38 41 28 38 27 36 30 17 26 38 1 28 21 27 28 20 3 23 32 28 17 7 43 35 21 20 35 24 26 25
split_gain=2.08765 9.18969 14.6794 19.0751 20.7632 14.5625 15.4485 12.197 9.98706 9.18138 20.0996 22.9747 21.3505 15.8117 11.9349 10.9387 9.32782 9.16744 24.744 16.4149 25.1382 16.8362 16.3599 15.4014 15.459 13.1408 12.7952 11.3517 8.18579 8.02073
threshold=121.50000000000001 161.50000000000003 22.550694444444449 108.50000000000001 2.9749956357791887 5.2142857142857153 0.36607142857142871 0.68301270189221941 21.421130952380956 124.50000000000001 27.979166666666668 26.515972222222228 24.479166666666668 4.160462981181694 21.47291666666667 21.395833333333339 1.0000000180025095e-35 28.729166666666668 7.5000000000000009 24.207638888888891 0.93301270189221952 0.40281623317305998 16.071428571428573 4.5000000000000009 34.937500000000007 31.770833333333339 4.2142857142857153 27.059523809523814 18.086309523809529 1.7450207818827967
decision_type=2 2 2 2 2 2 2 2 2 2 2 2 2 2 2 2 2 2 2 2 2 2 2 2 2 2 2 2 2 2
left_child=1 17 8 4 -4 -5 -7 -6 -3 10 14 12 15 -13 28 -12 -11 19 23 25 22 -22 -21 26 -25 27 -19 -1 -2 -18
right_child=9 2 3 5 7 6 -8 -9 -10 16 11 13 -14 -15 -16 -17 29 18 -20 20 21 -23 -24 24 -26 -27 -28 -29 -30 -31
leaf_value=0.00016065183213671169 -0.00062858972379470791 0.0031991473585088123 0.046128532559226228 0.013607012531296772 0.0051031076199954976 0.08955062363296748 0.027404669411480426 -0.038498313239087228 -0.030354159573713943 2.839324901156232e-05 0.001681760707426639 -0.027211846007655069 -0.08480931408703328 0.034907486984157007 0.034222730253399773 -0.047268253445625311 -0.0063575564410354272 0.0020017371158159917 -0.045134538082549205 0.0028486615465279077 -0.045547514337425432 0.0054975193100316186 0.02544312481402727 -0.012419129121959265 0.019226424669226014 -0.037760928921077568 0.047766881405065464 -0.021456828025994121 -0.026997914688784957 -0.039089487437848694
leaf_weight=13629 219 292 23 33 53 20 20 23 24 4752 21 21 22 20 22 25 61 42 39 138 30 35 191 271 45 23 24 61 34 27
leaf_count=13629 219 292 23 33 53 20 20 23 24 4752 21 21 22 20 22 25 61 42 39 138 30 35 191 271 45 23 24 61 34 27
internal_value=1.97353e-07 0.000299712 0.00704866 0.0188029 0.00450464 0.0381937 0.0584776 -0.00809206 0.000650795 -0.000860736 -0.00830256 -0.0264724 -0.044297 0.00309027 -0.00110069 -0.0249215 -0.00027031 7.30129e-05 -0.00719754 0.00028999 0.0103521 -0.0180617 0.0159658 -0.00332439 -0.00791264 8.86454e-07 0.0186436 6.43285e-05 -0.00417229 -0.0164003
internal_weight=20240 15016 488 172 99 73 40 76 316 5224 384 109 68 41 275 46 4840 14528 421 14107 394 65 329 382 316 13713 66 13690 253 88
internal_count=20240 15016 488 172 99 73 40 76 316 5224 384 109 68 41 275 46 4840 14528 421 14107 394 65 329 382 316 13713 66 13690 253 88
is_linear=0
shrinkage=0.05


Tree=292
num_leaves=27
num_cat=0
split_feature=1 21 38 38 21 7 24 40 29 0 36 14 13 27 23 13 10 29 6 42 27 10 22 25 26 21
split_gain=2.09218 11.3755 13.3288 12.1507 12.3037 15.0232 7.93266 8.56475 4.16001 12.9392 17.7938 11.1737 12.3794 12.9342 12.1935 6.69342 7.11475 4.92958 8.27905 7.01443 4.91486 11.0375 10.9427 4.9091 13.9613 6.28929
threshold=57.729166666666679 28.145833333333339 124.50000000000001 103.50000000000001 26.395833333333339 0.6090596434066432 30.333333333333339 12.500000000000002 5.841332857399518 17.270833333333339 3.2142857142857149 43.500000000000007 261.50000000000006 4.2588928668237651 16.520833333333339 138.50000000000003 3.5000000000000004 5.7470842361365433 0.58636640804053919 132.92857142857147 6.1341084082564459 4.5000000000000009 25.145833333333339 4.8874019206878527 16.483630952380956 37.895833333333336
decision_type=2 2 2 2 2 2 2 2 2 2 2 2 2 2 2 2 2 2 2 2 2 2 2 2 2 2
left_child=8 2 3 4 5 -2 7 -3 17 10 15 12 14 -14 -11 -10 -17 20 -19 -20 23 22 -22 25 -25 -1
right_child=1 6 -4 -5 -6 -7 -8 -9 9 11 -12 -13 13 -15 -16 16 -18 18 19 -21 21 -23 -24 24 -26 -27
leaf_value=-0.00010010280132074589 0.022515643071734683 0.052695853627907734 -0.035003722399145502 0.036594131264997568 -0.038887142278254037 -0.015691703347081785 -0.0048743174249387304 0.013684017997344628 0.022471482395194472 -0.046459967169262796 0.047166447818279271 -0.037661796449824717 -0.016010235399007797 0.035563612020304128 -0.0079565293326032994 -0.030614496223628523 0.0071075025200843817 -0.0069568312106033162 0.04691641079208983 0.0060031195729970937 -0.042690609341882402 0.015814450176225771 -0.0028296325019457275 0.033402151699410756 0.0024652721128058924 0.027277900819622336
leaf_weight=18948 53 24 27 23 20 50 23 34 20 23 25 33 20 31 194 25 25 30 22 20 33 27 36 40 413 21
leaf_count=18948 53 24 27 23 20 50 23 34 20 23 25 33 20 31 194 25 25 30 22 20 33 27 36 40 413 21
internal_value=1.87485e-07 0.0045095 -0.00273083 0.00323744 -0.00299999 0.00396839 0.0199734 0.0298268 -5.71209e-05 -0.00513081 0.010957 -0.0102084 -0.00682791 0.0153386 -0.0120375 -0.00197493 -0.0117535 4.54407e-05 0.0131044 0.0274339 -2.73262e-06 -0.0112882 -0.0218936 5.30497e-05 0.00519701 -6.97935e-05
internal_weight=20240 254 173 146 123 103 81 58 19986 396 95 301 268 51 217 70 50 19590 72 42 19518 96 69 19422 453 18969
internal_count=20240 254 173 146 123 103 81 58 19986 396 95 301 268 51 217 70 50 19590 72 42 19518 96 69 19422 453 18969
is_linear=0
shrinkage=0.05


Tree=293
num_leaves=28
num_cat=0
split_feature=36 36 22 42 36 24 20 25 34 23 16 35 36 5 6 6 32 40 28 36 32 34 41 38 27 31 39
split_gain=1.9888 14.6578 21.1066 12.9219 8.08343 16.8111 18.7127 21.0034 13.6281 9.85254 8.03377 7.24819 6.03689 11.9132 5.37847 12.2989 7.76688 6.0354 4.45516 3.16944 20.0094 3.65276 7.27597 3.10707 2.60835 1.48329 1.00818
threshold=9.6428571428571441 9.3571428571428594 24.729166666666668 164.78571428571431 10.500000000000002 32.232142857142861 31.770833333333339 2.5237791039809863 9.5000000000000018 29.479166666666668 0.81174490092936691 12.642857142857144 9.2142857142857171 0.68750000000000011 0.99736494931259556 0.98481967968659989 7.5000000000000009 20.500000000000004 20.813194444444445 9.071428571428573 7.5000000000000009 14.500000000000002 133.50000000000003 256.00000000000006 1.7367642234905663 9.5000000000000018 40.500000000000007
decision_type=2 2 2 2 2 2 2 2 2 2 2 2 2 2 2 2 2 2 2 2 2 2 2 2 2 2 2
left_child=1 12 -3 -4 5 6 7 18 -7 -8 14 -12 19 -14 15 16 -6 25 -2 21 -21 23 -23 -1 -19 -16 -15
right_child=4 2 3 -5 10 8 9 -9 -10 -11 11 -13 13 26 17 -17 -18 24 -20 20 -22 22 -24 -25 -26 -27 -28
leaf_value=-2.1129571870793752e-05 0.0057221512824885161 0.008768676762544626 -0.059662247499253487 -0.0087293104775017141 0.023119797850293774 0.060474589896889835 -0.0024290750431828203 0.045633681035498301 0.012071870055726984 -0.0520590540766716 -0.04396631021401845 -0.0023768724577332089 0.043194071101606828 0.0065727915824390949 0.03226476542820985 -0.040475606969134381 -0.0083074455438746208 -0.0066729069790906377 -0.0234325705547235 0.022352171236915248 -0.044478919267809641 0.034871820779517296 0.0024890531284632389 -0.011416845298372211 0.0086619729682672446 0.013904173579066993 -0.0093031256971880787
leaf_weight=19374 38 37 33 20 28 26 20 33 33 20 20 22 24 20 22 22 66 54 20 21 24 22 82 60 57 22 20
leaf_count=19374 38 37 33 20 28 26 20 33 33 20 20 22 24 20 22 22 66 54 20 21 24 22 82 60 57 22 20
internal_value=1.78122e-07 -7.89451e-05 -0.0202111 -0.0404423 0.00310486 0.0112403 0.00125908 0.0137879 0.0334019 -0.0272441 -0.00183356 -0.0221814 1.32773e-05 0.0153445 0.00131997 -0.00682242 0.00105386 0.00741363 -0.0043312 -3.68274e-05 -0.0132911 -6.30017e-06 0.00933925 -5.63124e-05 0.00120176 0.0230845 -0.00136517
internal_weight=20240 19737 90 53 503 190 131 91 59 40 313 42 19647 64 271 116 94 155 58 19583 45 19538 104 19434 111 44 40
internal_count=20240 19737 90 53 503 190 131 91 59 40 313 42 19647 64 271 116 94 155 58 19583 45 19538 104 19434 111 44 40
is_linear=0
shrinkage=0.05


Tree=294
num_leaves=23
num_cat=0
split_feature=13 33 22 38 38 38 22 29 20 27 1 22 20 22 22 1 37 10 22 25 0 22
split_gain=1.97541 2.02392 8.58496 12.6609 10.0989 18.0674 8.08538 8.38657 19.7044 12.8627 5.54252 19.004 12.4635 18.3045 15.8567 4.08389 21.2864 14.8292 3.8128 11.4917 6.65585 1.00804
threshold=365.50000000000006 2.5000000000000004 33.770833333333336 92.500000000000014 130.50000000000003 174.50000000000003 33.020833333333336 5.2341159736979153 22.645833333333339 4.5167791925345488 37.770833333333336 12.97916666666667 26.395833333333339 34.437500000000007 20.604166666666668 37.520833333333336 62.362500000000011 5.5000000000000009 34.145833333333336 2.7360531964000834 34.937500000000007 15.187500000000002
decision_type=2 2 2 2 2 2 2 2 2 2 2 2 2 2 2 2 2 2 2 2 2 2
left_child=1 10 6 -4 -5 -6 7 9 -9 -3 15 -12 13 -13 -14 18 -17 -18 20 -20 -1 -2
right_child=21 2 3 4 5 -7 -8 8 -10 -11 11 12 14 -15 -16 16 17 -19 19 -21 -22 -23
leaf_value=-4.13989873088341e-05 -0.0031628539925441148 -0.00072412878229768354 -0.046125915180891756 0.014676258292717813 -0.035822455599904067 0.0092617226834408942 0.027723665982484821 -0.0055188431744013109 0.020033462056700063 -0.014221749988217383 -0.03895537994801998 0.0087626990334659285 0.026258127027230856 0.057659515570849189 -0.0045971201663224459 0.028247287177613808 -0.0057010104256914928 -0.039922361086707478 -0.0019709893939607527 0.020156010378011933 0.026308910447793706 -0.019037645272910596
leaf_weight=16288 20 1861 24 39 50 40 25 155 147 195 25 445 47 20 365 35 120 43 159 93 24 20
leaf_count=16288 20 1861 24 39 50 40 25 155 147 195 25 445 47 20 365 35 120 43 159 93 24 20
internal_value=1.69184e-07 2.21502e-05 -0.00129872 -0.0127798 -0.00657581 -0.015785 -0.000561584 -0.00086147 0.00691887 -0.0020043 0.000211786 0.00402981 0.00525516 0.0108658 -0.00107723 6.32986e-06 -0.00713196 -0.0147287 9.16583e-05 0.00619493 -2.62953e-06 -0.0111002
internal_weight=20240 20200 2536 153 129 90 2383 2358 302 2056 17664 902 877 465 412 16762 198 163 16564 252 16312 40
internal_count=20240 20200 2536 153 129 90 2383 2358 302 2056 17664 902 877 465 412 16762 198 163 16564 252 16312 40
is_linear=0
shrinkage=0.05


Tree=295
num_leaves=31
num_cat=0
split_feature=20 0 45 32 43 25 35 25 6 25 31 41 38 10 22 24 45 15 27 20 6 20 22 42 6 4 37 26 37 37
split_gain=2.00233 13.6239 10.694 10.5307 10.5989 10.3892 15.3972 14.429 11.9357 10.6964 11.731 8.94919 8.51268 7.63794 9.08099 7.28851 6.98332 6.56664 6.32918 13.6833 8.75859 7.87271 6.99573 11.2786 6.00679 6.98848 5.95676 5.35392 4.79451 4.4889
threshold=10.645833333333334 10.72916666666667 17.500000000000004 4.5000000000000009 17.500000000000004 2.7095235469219339 3.9285714285714293 3.0377569800082296 0.54950373427672961 3.4593013215092285 2.5000000000000004 52.500000000000007 54.500000000000007 1.5000000000000002 12.97916666666667 11.66369047619048 13.500000000000002 1.0000000180025095e-35 2.6643736205173827 9.5208333333333339 0.58316993464052291 9.9791666666666696 13.10416666666667 70.071428571428584 0.60965484860977515 0.47916666666666669 84.637500000000017 12.21279761904762 95.27500000000002 55.712500000000013
decision_type=2 2 2 2 2 2 2 2 2 2 2 2 2 2 2 2 2 2 2 2 2 2 2 2 2 2 2 2 2 2
left_child=5 2 3 4 12 16 8 -8 9 10 -7 -11 -2 -10 -15 -9 18 -17 22 20 -20 -21 28 -24 26 -26 -18 -5 -1 -3
right_child=1 29 -4 27 -6 6 7 15 13 11 -12 -13 -14 14 -16 17 24 -19 19 21 -22 -23 23 -25 25 -27 -28 -29 -30 -31
leaf_value=-0.00066930904278076633 -0.021821068125402826 -0.0028888171931194164 0.01821363150374964 -0.006315956216143526 -0.04062335654612511 0.04679367641973145 0.060634830966591835 -0.010490809902548789 0.013751303061842919 0.020156841421568837 0.0063666105564487612 -0.016914853516102928 -0.0059783672373409256 -0.0060850220328232032 -0.042161621740804268 0.0098246907965550499 0.0033261245144956611 0.045085604974757075 -0.010050947772164953 -0.049653751105070115 0.013463751076822961 -0.014215277561119625 0.023807632726115677 -0.0041626177450169383 0.021940690686460585 0.0043209214955020475 -0.018788726311741454 0.026241336250677705 0.0046553500872940521 0.00028010636131088775
leaf_weight=5223 117 1239 36 23 31 34 23 20 25 27 38 41 308 53 26 31 394 23 99 25 66 42 78 67 96 136 33 28 460 11398
leaf_count=5223 117 1239 36 23 31 34 23 20 25 27 38 41 308 53 26 31 394 23 99 25 66 42 78 67 96 136 33 28 460 11398
internal_value=1.60728e-07 -0.000363819 -0.00811887 -0.00998863 -0.0123985 0.000679659 0.00919365 0.0260445 0.00249474 0.012026 0.0254572 -0.00219521 -0.0103398 -0.0103358 -0.0179583 0.0152935 0.00024756 0.0248432 -0.000284004 -0.00838285 -0.000645068 -0.0274386 3.83939e-05 0.0108834 0.00513569 0.0116119 0.00161701 0.0115586 -0.000238314 -3.05921e-05
internal_weight=20240 13180 543 507 456 7060 341 97 244 140 72 68 425 104 79 74 6719 54 6060 232 165 67 5828 145 659 232 427 51 5683 12637
internal_count=20240 13180 543 507 456 7060 341 97 244 140 72 68 425 104 79 74 6719 54 6060 232 165 67 5828 145 659 232 427 51 5683 12637
is_linear=0
shrinkage=0.05


Tree=296
num_leaves=30
num_cat=0
split_feature=32 6 40 46 6 6 35 35 0 4 7 36 38 34 31 15 25 38 35 18 28 41 41 21 22 48 25 38 23
split_gain=1.9374 4.05965 2.37555 10.9548 12.542 15.0774 11.8755 15.5669 17.3772 15.6971 12.8749 35.5781 9.86776 8.12805 6.90705 16.2296 23.3377 10.1875 8.77725 18.3595 7.87859 6.52932 6.39633 5.46651 5.1204 4.40833 4.73808 4.69521 3.68437
threshold=17.500000000000004 0.99401197604790437 22.500000000000004 0.62500000000000011 0.85874520904832297 0.78063793305015405 6.2142857142857153 4.7857142857142865 22.645833333333339 0.60416666666666685 0.28992112815642229 7.9285714285714297 149.50000000000003 14.500000000000002 12.500000000000002 0.6078576107927941 2.5457373696064849 157.50000000000003 10.214285714285717 0.25000000000000017 25.469444444444449 129.50000000000003 146.50000000000003 28.395833333333339 22.187500000000004 0.94642857142857151 1.4609811316054933 200.50000000000003 32.770833333333336
decision_type=2 2 2 2 2 2 2 2 2 2 2 2 2 2 2 2 2 2 2 2 2 2 2 2 2 2 2 2 2
left_child=2 -2 13 4 5 12 7 8 -5 -9 22 -12 -4 14 18 17 -17 -16 20 -20 -1 -15 -8 24 -23 27 -27 -6 -25
right_child=1 -3 3 6 25 -7 10 9 -10 -11 11 -13 -14 21 15 16 -18 -19 19 -21 -22 23 -24 28 -26 26 -28 -29 -30
leaf_value=-0.00013691528600262505 0.026548552620668145 -0.0025334063484998689 -0.037601443111896518 0.00031796894461964516 -0.017319874984721813 -0.061028406800081342 0.0015864578159136924 0.018606848528222499 -0.034634413869699114 -0.00041919052716063264 -0.039852997381240131 0.020487962662526924 0.0040438810476299495 0.037946578074756654 -0.0072142796220398091 -0.0077814333047717815 0.061946739840010805 0.031342842389962509 -0.029901090346587202 0.002300978725112078 0.0047556960079394662 0.0098250333554460671 -0.0064600826353162768 0.030185430593067605 -0.020375487647950649 -0.0068121749022975568 0.026813379361886869 0.011112039736981388 0.0053913769609262724
leaf_weight=16149 21 28 25 914 53 24 478 249 37 192 76 36 33 21 93 20 30 21 75 108 867 32 511 31 25 20 22 20 29
leaf_count=16149 21 28 25 914 53 24 478 249 37 192 76 36 33 21 93 20 30 21 75 108 867 32 511 31 25 20 22 20 29
internal_value=1.52674e-07 0.00993029 -2.3946e-05 -0.00140729 -0.012758 -0.0276984 -0.000510335 0.00255874 -0.0010419 0.0103234 -0.00439059 -0.0204577 -0.0139067 0.000188681 9.26172e-05 0.0103052 0.0340555 -0.000111652 -4.7638e-06 -0.0108966 0.000112373 0.0122753 -0.00257106 0.00766763 -0.00342081 -0.00210488 0.0108012 -0.00953031 0.0182016
internal_weight=20240 49 20191 2690 197 82 2493 1392 951 441 1101 112 58 17501 17363 164 50 114 17199 183 17016 138 989 117 57 115 42 73 60
internal_count=20240 49 20191 2690 197 82 2493 1392 951 441 1101 112 58 17501 17363 164 50 114 17199 183 17016 138 989 117 57 115 42 73 60
is_linear=0
shrinkage=0.05


Tree=297
num_leaves=31
num_cat=0
split_feature=20 0 17 41 1 0 24 9 39 1 6 28 39 40 24 41 27 30 23 23 30 6 21 20 27 29 21 23 31 6
split_gain=1.96397 11.259 17.5068 24.4281 18.994 19.9454 16.5942 18.366 11.5351 9.55462 21.2928 18.0444 17.5569 15.3946 14.6977 11.3064 11.8586 11.4686 5.81758 18.5465 34.347 19.1276 16.1862 6.99359 5.52983 18.8831 14.4408 13.942 12.1025 11.081
threshold=17.979166666666668 17.479166666666668 0.93301270189221952 138.50000000000003 41.479166666666679 16.270833333333339 15.276785714285715 0.99295634920634934 28.500000000000004 19.729166666666668 0.71676599262806173 15.299305555555557 15.500000000000002 19.500000000000004 17.699404761904766 59.500000000000007 1.2290909684611311 1.0000000180025095e-35 19.687500000000004 16.145833333333339 0.34226190476190493 0.78063793305015405 12.85416666666667 18.562500000000004 2.8637384281844049 2.471536760314077 12.562500000000002 10.270833333333334 3.5000000000000004 0.66305651131268906
decision_type=2 2 2 2 2 2 2 2 2 2 2 2 2 2 2 2 2 2 2 2 2 2 2 2 2 2 2 2 2 2
left_child=9 2 3 4 5 -2 7 -3 -9 24 11 -11 14 -14 -13 -12 -17 -18 19 21 -21 -8 -20 -24 -1 27 28 -26 -27 -28
right_child=1 6 -4 -5 -6 -7 18 8 -10 10 15 12 13 -15 -16 16 17 -19 22 20 -22 -23 23 -25 25 26 29 -29 -30 -31
leaf_value=0.00015520136682588008 0.012559134410965501 0.011803710271223365 0.026549729928374288 -0.060823969006538393 -0.042423014483741812 -0.016947634441438746 -0.016053560204992781 -0.068513177578216011 -0.016592912520281972 0.036270599982098625 0.050648807939141997 0.0031337818719054523 -0.0055061928885419519 0.010982274983853447 0.049950065010537704 0.042795652099724475 0.039076468882461392 0.0067408489550939742 -0.035241522837211103 0.019232924390636702 -0.0010135244205981356 0.0039344458463219109 0.014132569484188682 -0.00089305597977381668 0.0036073542399598021 -0.0040179066536039478 0.0018152649852459972 -0.04590954324230552 0.013121426707709542 -0.01579687999553837
leaf_weight=12156 103 22 30 25 37 129 215 23 20 34 20 38 779 173 30 29 30 319 34 355 511 270 79 3926 21 205 146 44 207 230
leaf_count=12156 103 22 30 25 37 129 215 23 20 34 20 38 779 173 30 29 30 319 34 355 511 270 79 3926 21 205 146 44 207 230
internal_value=1.4508e-07 -0.000778977 -0.00983461 -0.0135473 -0.00915355 -0.00384765 -0.000241117 -0.0253535 -0.0443642 0.000311503 0.00415845 0.000437757 -0.000756672 -0.00250986 0.023788 0.0140117 0.0120733 0.00952042 6.17227e-05 0.00290197 0.00728612 -0.00492622 -0.000888308 -0.00059667 -0.000117874 -0.00400944 -0.00187283 -0.0299118 0.00459336 -0.00895812
internal_weight=20240 5779 324 294 269 232 5455 65 43 14461 1452 1054 1020 952 68 398 378 349 5390 1351 866 485 4039 4005 13009 853 788 65 412 376
internal_count=20240 5779 324 294 269 232 5455 65 43 14461 1452 1054 1020 952 68 398 378 349 5390 1351 866 485 4039 4005 13009 853 788 65 412 376
is_linear=0
shrinkage=0.05


Tree=298
num_leaves=31
num_cat=0
split_feature=8 8 3 35 41 39 36 20 23 32 26 17 23 41 1 0 32 5 25 9 17 6 17 46 32 18 4 0 28 32
split_gain=1.9374 3.82877 3.45042 6.66797 3.83029 2.51283 2.13512 6.69079 15.279 14.9899 20.1574 11.0288 10.2801 21.3199 17.0949 7.78895 19.7948 13.5464 11.2287 10.2402 23.0696 10.2449 6.64464 11.0545 8.1986 11.1539 9.58877 8.58296 7.67673 16.4326
threshold=0.10947712418300655 0.18217893217893222 4.791666666666667 4.2142857142857153 95.500000000000014 23.500000000000004 3.6428571428571437 15.145833333333334 15.85416666666667 1.5000000000000002 17.025297619047624 -0.5 17.562500000000004 81.500000000000014 41.145833333333336 15.062500000000002 3.5000000000000004 0.68750000000000011 4.4663183117119916 0.99500547345374935 -0.93301270189221908 0.7995064831002332 -0.93301270189221908 0.62500000000000011 6.5000000000000009 -0.68301270189221952 0.10416666666666667 20.020833333333339 32.813194444444449 2.5000000000000004
decision_type=2 2 2 2 2 2 2 2 2 2 2 2 2 2 2 2 2 2 2 2 2 2 2 2 2 2 2 2 2 2
left_child=6 2 3 -2 -5 -3 22 15 9 10 -9 -11 14 -14 -10 19 17 -17 -18 21 -21 -8 23 -1 28 27 -27 -26 -24 -30
right_child=1 5 -4 4 -6 -7 7 8 12 11 -12 -13 13 -15 -16 16 18 -19 -20 20 -22 -23 24 -25 25 26 -28 -29 29 -31
leaf_value=0.03681168521940708 -0.0016939192040202518 0.019617774463923918 0.0070702447920389794 -0.044801439866423612 -0.015174184289450447 -0.0048422371081653093 0.011964401771308995 -0.0098857798864917159 0.0049716561897121423 0.0035841057817413593 -0.062948327355086806 -0.0069708401300847891 -0.0090783703180949121 0.0015526829706597105 0.041291007054421833 0.054705862535370721 0.0066139408172289612 0.013348870343444022 -0.031358284316956996 -0.039695663843303919 -0.0003888427783245278 -0.00085912659140287458 -0.00055919642639031626 0.0030152275765469817 0.015894817821090184 -0.031102408249504294 -0.0079664980523779776 -0.018730160098522904 -0.016727974490883448 0.034916090939280602
leaf_weight=25 48 21 23 20 24 21 342 63 688 367 25 760 538 3821 34 36 267 44 21 40 559 286 11051 752 63 65 144 25 24 43
leaf_count=25 48 21 23 20 24 21 342 63 688 367 25 760 538 3821 34 36 267 44 21 40 559 286 11051 752 63 65 144 25 24 43
internal_value=1.37803e-07 -0.00553258 -0.0102513 -0.0145817 -0.0286411 0.00738777 4.33902e-05 0.000684214 -4.85946e-05 -0.00508558 -0.0249604 -0.00353369 0.00115588 0.000240569 0.00668199 0.00357686 0.00995696 0.0319595 0.00384513 0.00166335 -0.00301367 0.00612439 -0.000371369 0.00410263 -0.000675906 -0.00887445 -0.0151619 0.00605818 -0.000456895 0.0164167
internal_weight=20240 157 115 92 44 42 20083 7891 6296 1215 88 1127 5081 4359 722 1595 368 80 288 1227 599 628 12192 777 11415 297 209 88 11118 67
internal_count=20240 157 115 92 44 42 20083 7891 6296 1215 88 1127 5081 4359 722 1595 368 80 288 1227 599 628 12192 777 11415 297 209 88 11118 67
is_linear=0
shrinkage=0.05


Tree=299
num_leaves=31
num_cat=1
split_feature=20 20 43 35 45 15 42 40 9 35 37 22 40 50 42 4 5 4 5 20 7 21 45 24 48 32 0 26 40 29
split_gain=1.93164 11.978 20.5739 13.7514 13.3658 11.5281 10.2098 9.14262 15.6324 16.1588 17.7438 15.8065 13.6295 16.2614 13.4816 24.67 18.5749 14.6898 18.8283 17.1628 13.5657 9.75338 7.00474 6.61623 15.042 11.1409 11.9626 6.97713 21.1637 7.61212
threshold=21.562500000000004 21.187500000000004 19.214285714285719 5.9285714285714297 10.500000000000002 1.0000000180025095e-35 71.500000000000014 20.500000000000004 0.98925492610837451 5.2142857142857153 87.512500000000017 26.062500000000004 18.500000000000004 0 160.57142857142858 0.56250000000000011 0.35416666666666669 0.062500000000000014 0.14583333333333334 30.520833333333339 0.19469666532744082 27.812500000000004 17.500000000000004 25.580357142857149 0.91071428571428592 3.5000000000000004 21.020833333333339 26.016369047619055 17.500000000000004 4.429435768254681
decision_type=2 2 2 2 2 2 2 2 2 2 2 2 2 1 2 2 2 2 2 2 2 2 2 2 2 2 2 2 2 2
left_child=1 23 3 5 -5 -3 22 8 12 10 -10 -11 13 -8 17 20 -17 19 -19 -9 -16 -14 -2 27 -25 -26 -27 29 -29 -1
right_child=6 2 -4 4 -6 -7 7 14 9 11 -12 -13 21 -15 15 16 -18 18 -20 -21 -22 -23 -24 24 25 26 -28 28 -30 -31
leaf_value=-0.00014227232402810468 -0.0049430089759761875 0.01154221087428076 0.057535475627325167 -0.00032766265422105791 0.053780948902879447 -0.040249731628732251 -0.0058196898151160869 -0.019999173225254421 -0.041408065833490007 0.0060145381996055836 -0.0058470847169233417 -0.0044656495222064573 0.053219270970552207 0.019732657610012857 0.0435946354594886 -0.047030877599330702 -0.0010674173870176028 0.01278637667567838 -0.0079208715098485136 0.010834332003767761 0.009955843682202729 0.01024587374565232 -0.043965681123992677 0.037684189582145533 -0.032989601492881777 -0.014628209890797734 0.040058566182851793 -0.048275853120894351 0.018650142937189057 0.0049916750143215683
leaf_weight=15620 23 21 24 25 21 22 122 304 44 846 173 626 31 113 44 23 496 149 417 53 94 23 23 38 20 20 20 27 21 757
leaf_count=15620 23 21 24 25 21 22 122 304 44 846 173 626 31 113 44 23 496 149 417 53 94 23 23 38 20 20 20 27 21 757
internal_value=1.30928e-07 0.000227481 0.0164509 0.00537192 0.0243741 -0.014956 -0.00104931 -0.000746719 0.00151854 -0.000320129 -0.0130576 0.00155761 0.0122643 0.00705922 -0.00358259 0.00189173 -0.00310433 -0.00747927 -0.00246967 -0.0154217 0.0206813 0.0349158 -0.0244543 0.00011653 0.0130695 -0.00251975 0.0127152 3.92456e-05 -0.0189957 9.5036e-05
internal_weight=20240 16636 113 89 46 43 3604 3558 1978 1689 217 1472 289 235 1580 657 519 923 566 357 138 54 46 16523 98 60 40 16425 48 16377
internal_count=20240 16636 113 89 46 43 3604 3558 1978 1689 217 1472 289 235 1580 657 519 923 566 357 138 54 46 16523 98 60 40 16425 48 16377
cat_boundaries=0 1
cat_threshold=65
is_linear=0
shrinkage=0.05


end of trees

feature_importances:
occupied_beds=712
n_admissions=627
occupied_lag_1=470
staffed_beds=378
surgeries_scheduled_next_7d=371
median_los_roll30=305
occupancy_rate=299
occupied_roll_std_30=266
occupied_roll_std_7=262
occupied_lag_14=259
occupied_roll_std_14=242
ed_admitted=225
occupied_lag_28=223
occupied_lag_7=199
ed_arrivals=198
ed_arrivals_lag1=196
occupied_roll_mean_7=187
n_emergency_admissions=185
occupied_roll_mean_30=184
ed_arrivals_roll7=172
ed_high_acuity_arrivals_roll7=164
day_of_week=159
n_admissions_lag1=159
n_admissions_roll7=157
occupied_roll_mean_14=151
available_bed_ratio=147
n_emergency_admissions_roll7=146
bottleneck_roll7_ge90pct=144
ward=140
hours_ge_85pct=135
day_of_year=132
staffed_bed_ratio=125
ed_high_acuity_arrivals=125
dow_cos=118
hours_ge_90pct=117
dow_sin=116
n_elective_admissions=70
n_scheduled=67
month_cos=60
safe_staffing_rate_roll7_lag1=42
month_sin=39
closed_bed_ratio=29
safe_staffing_rate=19
month=18
hospital_id=13
total_beds=12
closed_beds=11
week_of_year=11
safe_staffing_rate_lag1=4
is_weekend=2
bed_type=2

parameters:
[boosting: gbdt]
[objective: regression]
[metric: l2]
[tree_learner: serial]
[device_type: cpu]
[data_sample_strategy: bagging]
[data: ]
[valid: ]
[num_iterations: 300]
[learning_rate: 0.05]
[num_leaves: 31]
[num_threads: 4]
[seed: 42]
[deterministic: 0]
[force_col_wise: 0]
[force_row_wise: 0]
[histogram_pool_size: -1]
[max_depth: 6]
[min_data_in_leaf: 20]
[min_sum_hessian_in_leaf: 0.001]
[bagging_fraction: 0.9]
[pos_bagging_fraction: 1]
[neg_bagging_fraction: 1]
[bagging_freq: 0]
[bagging_seed: 400]
[bagging_by_query: 0]
[feature_fraction: 0.9]
[feature_fraction_bynode: 1]
[feature_fraction_seed: 30056]
[extra_trees: 0]
[extra_seed: 12879]
[early_stopping_round: 0]
[early_stopping_min_delta: 0]
[first_metric_only: 0]
[max_delta_step: 0]
[lambda_l1: 0]
[lambda_l2: 0]
[linear_lambda: 0]
[min_gain_to_split: 0]
[drop_rate: 0.1]
[max_drop: 50]
[skip_drop: 0.5]
[xgboost_dart_mode: 0]
[uniform_drop: 0]
[drop_seed: 17869]
[top_rate: 0.2]
[other_rate: 0.1]
[min_data_per_group: 100]
[max_cat_threshold: 32]
[cat_l2: 10]
[cat_smooth: 10]
[max_cat_to_onehot: 4]
[top_k: 20]
[monotone_constraints: ]
[monotone_constraints_method: basic]
[monotone_penalty: 0]
[feature_contri: ]
[forcedsplits_filename: ]
[refit_decay_rate: 0.9]
[cegb_tradeoff: 1]
[cegb_penalty_split: 0]
[cegb_penalty_feature_lazy: ]
[cegb_penalty_feature_coupled: ]
[path_smooth: 0]
[interaction_constraints: ]
[verbosity: -1]
[saved_feature_importance_type: 0]
[use_quantized_grad: 0]
[num_grad_quant_bins: 4]
[quant_train_renew_leaf: 0]
[stochastic_rounding: 1]
[linear_tree: 0]
[max_bin: 255]
[max_bin_by_feature: ]
[min_data_in_bin: 3]
[bin_construct_sample_cnt: 200000]
[data_random_seed: 175]
[is_enable_sparse: 1]
[enable_bundle: 1]
[use_missing: 1]
[zero_as_missing: 0]
[feature_pre_filter: 1]
[pre_partition: 0]
[two_round: 0]
[header: 0]
[label_column: ]
[weight_column: ]
[group_column: ]
[ignore_column: ]
[categorical_feature: 49,50,51]
[forcedbins_filename: ]
[precise_float_parser: 0]
[parser_config_file: ]
[objective_seed: 16083]
[num_class: 1]
[is_unbalance: 0]
[scale_pos_weight: 1]
[sigmoid: 1]
[boost_from_average: 1]
[reg_sqrt: 0]
[alpha: 0.9]
[fair_c: 1]
[poisson_max_delta_step: 0.7]
[tweedie_variance_power: 1.5]
[lambdarank_truncation_level: 30]
[lambdarank_norm: 1]
[label_gain: ]
[lambdarank_position_bias_regularization: 0]
[eval_at: ]
[multi_error_top_k: 1]
[auc_mu_weights: ]
[num_machines: 1]
[local_listen_port: 12400]
[time_out: 120]
[machine_list_filename: ]
[machines: ]
[gpu_platform_id: -1]
[gpu_device_id: -1]
[gpu_use_dp: 0]
[num_gpu: 1]

end of parameters

pandas_categorical:[["HHN-BIR-01", "HHN-EDI-01", "HHN-LON-01", "HHN-LON-02", "HHN-MAN-01"], ["Cardiology Ward", "Day Case Unit", "General Medicine Ward A", "General Medicine Ward B", "ICU", "Oncology Ward", "Orthopaedics Ward A", "Orthopaedics Ward B"], ["Critical Care", "Day Case", "Standard"]]
