tree
version=v4
num_class=1
num_tree_per_iteration=1
label_index=0
max_feature_idx=51
objective=regression
feature_names=occupied_beds staffed_beds total_beds closed_beds hours_ge_85pct hours_ge_90pct occupancy_rate available_bed_ratio closed_bed_ratio staffed_bed_ratio day_of_week is_weekend month day_of_year week_of_year dow_sin dow_cos month_sin month_cos is_holiday occupied_lag_1 occupied_lag_7 occupied_lag_14 occupied_lag_28 occupied_roll_mean_7 occupied_roll_std_7 occupied_roll_mean_14 occupied_roll_std_14 occupied_roll_mean_30 occupied_roll_std_30 bottleneck_roll7_ge90pct n_admissions n_emergency_admissions n_elective_admissions n_admissions_lag1 n_admissions_roll7 n_emergency_admissions_roll7 median_los_roll30 ed_arrivals ed_admitted ed_high_acuity_arrivals ed_arrivals_lag1 ed_arrivals_roll7 ed_high_acuity_arrivals_roll7 n_scheduled surgeries_scheduled_next_7d safe_staffing_rate safe_staffing_rate_lag1 safe_staffing_rate_roll7_lag1 hospital_id ward bed_type
feature_infos=[0:42.583333333333336] [2.6666666666666665:58] [3:58] [0:8] [0:1] [0:1] [0:1] [0:1] [0:0.33333333333333331] [0.88888888888888884:1] [0:6] [0:1] [1:12] [1:366] [1:52] [-0.97492791218182362:0.97492791218182362] [-0.90096886790241903:1] [-1:1] [-1:1] [0:1] [0:43.333333333333336] [0:43.333333333333336] [0:43.333333333333336] [0:43.333333333333336] [0.065476190476190535:39.363095238095241] [0.020331251519280748:10.980344090656066] [0.11011904761904763:37.645833333333329] [0.02638848724072158:8.7140379294572359] [0.13333333333333333:36.677777777777777] [0.038531471935446135:7.960723849109943] [0:1] [0:28] [0:28] [0:12] [0:28] [0.14285714285714285:16.142857142857142] [0:15.857142857142858] [4.5499999999999998:141.40000000000001] [19:329] [4:102] [1:60] [19:329] [37.428571428571431:235.14285714285714] [4.1428571428571432:39.857142857142854] [0:15] [0:52] [0.25:1] [0.25:1] [0.5:1] -1:0:1:2:3:4 -1:0:1:2:3:4:5:6:7 -1:2:0:1
tree_sizes=1394 1441 1444 1448 1449 1449 1447 1447 1457 1456 1448 1454 1450 1465 1448 1449 1455 1454 1461 1444 1452 1462 1464 1463 1465 1455 1458 1457 1455 1454 1453 1465 1471 1477 1476 1469 1472 1476 1473 1479 1472 1483 1489 1471 1477 1473 1485 1479 1492 1471 1491 1498 1484 1507 1482 1488 1474 1483 1489 1484 1493 1484 1485 1505 1485 1503 1493 1496 1466 1486 1508 1501 1515 1500 1494 1522 1491 1512 1486 1521 1510 1505 1483 1481 1494 1517 1502 1507 1510 1497 1520 1481 1518 1483 1509 1489 1507 1503 1502 1514 1476 1518 1514 1487 1484 1520 1464 1509 1486 1442 1489 1499 1461 1483 1469 1502 1459 1499 1497 1479 1470 1484 1470 1521 1459 1504 1517 1451 1479 1516 1489 1495 1467 1475 1472 1471 1491 1494 1467 1463 1460 1503 1486 1492 1464 1486 1490 1452 1473 1447 1477 1489 1492 1467 1500 1457 1474 1469 1494 1487 1485 1462 1478 1487 1457 1478 1440 1460 1476 1467 1437 1486 1495 1489 1444 1445 1464 1464 1455 1473 1497 1443 1505 1441 1469 1458 1483 1455 1480 1482 1469 1484 1457 1508 1449 1507 1453 1473 1444 1484

Tree=0
num_leaves=15
num_cat=0
split_feature=0 0 0 0 0 0 0 0 31 0 0 0 0 0
split_gain=936645 218237 190359 33516.1 28295.6 22142.4 8149.03 4587.35 4435.02 4036.97 3754.9 3414.34 2367.1 2210.04
threshold=14.437500000000002 23.979166666666668 5.3958333333333348 18.395833333333339 31.062500000000004 10.020833333333334 2.6041666666666674 21.395833333333339 8.5000000000000018 12.020833333333334 16.645833333333339 8.0208333333333339 34.395833333333336 27.520833333333339
decision_type=2 2 2 2 2 2 2 2 2 2 2 2 2 2
left_child=2 3 6 10 8 11 -1 -5 13 -7 -2 -4 -6 -3
right_child=1 4 5 7 12 9 -8 -9 -10 -11 -12 -13 -14 -15
leaf_value=13.498313511296816 14.251130290544097 14.699738531580604 13.839964938642208 14.480577107050232 15.066152002361843 14.039592819107391 13.716745952733035 14.614783020453471 14.92845122823784 14.142677433043779 14.348678974852126 13.942337280114094 15.227439572291667 14.837698592292787
leaf_weight=2597 1912 696 1269 1811 416 2721 511 982 554 1459 2038 2274 502 498
leaf_count=2597 1912 696 1269 1811 416 2721 511 982 554 1459 2038 2274 502 498
internal_value=14.1817 14.5466 13.8647 14.3952 14.9296 13.9976 13.5342 14.5278 14.8115 14.0756 14.3015 13.9057 15.1544 14.7573
internal_weight=20240 9409 10831 6743 2666 7723 3108 2793 1748 4180 3950 3543 918 1194
internal_count=20240 9409 10831 6743 2666 7723 3108 2793 1748 4180 3950 3543 918 1194
is_linear=0
shrinkage=1


Tree=1
num_leaves=15
num_cat=0
split_feature=0 0 0 0 0 0 0 0 31 0 0 0 0 0
split_gain=845322 196959 171799 30248.3 25536.8 19983.5 7354.5 4140.09 4002.61 3643.36 3398.06 3081.44 2190.19 2007.63
threshold=14.437500000000002 23.979166666666668 5.3958333333333348 18.395833333333339 31.062500000000004 10.020833333333334 2.6041666666666674 21.395833333333339 8.5000000000000018 12.020833333333334 16.145833333333339 8.0208333333333339 33.270833333333336 27.020833333333339
decision_type=2 2 2 2 2 2 2 2 2 2 2 2 2 2
left_child=2 3 6 10 8 11 -1 -5 13 -7 -2 -4 -6 -3
right_child=1 4 5 7 12 9 -8 -9 -10 -11 -12 -13 -14 -15
leaf_value=-0.64919449678053065 0.058439238057473246 0.47921397811049354 -0.32462564311610426 0.28395591654698044 0.80716133083493902 -0.13497914827054999 -0.44168367969079958 0.411451526919414 0.70943632969357051 -0.037048768407631362 0.1526467880844839 -0.2273719295773331 0.97507269035482624 0.60899786305197567
leaf_weight=2597 1629 572 1269 1811 279 2721 511 982 554 1459 2321 2274 639 622
leaf_count=2597 1629 572 1269 1811 279 2721 511 982 554 1459 2321 2274 639 622
internal_value=-3.03145e-09 0.346688 -0.301171 0.202844 0.710504 -0.174845 -0.615077 0.328783 0.598361 -0.100797 0.113795 -0.262205 0.924041 0.546823
internal_weight=20240 9409 10831 6743 2666 7723 3108 2793 1748 4180 3950 3543 918 1194
internal_count=20240 9409 10831 6743 2666 7723 3108 2793 1748 4180 3950 3543 918 1194
is_linear=0
shrinkage=0.05


Tree=2
num_leaves=15
num_cat=0
split_feature=0 0 0 0 0 0 0 0 31 0 0 0 0 0
split_gain=762903 177755 155110 27299.1 23046.9 17194.5 7859.92 3761.65 3612.35 3288.14 3101.64 2486.32 1982.18 1835.55
threshold=14.437500000000002 23.979166666666668 5.6458333333333348 18.395833333333339 31.062500000000004 10.020833333333334 2.6041666666666674 21.020833333333339 8.5000000000000018 12.020833333333334 16.645833333333339 8.3958333333333339 34.395833333333336 27.520833333333339
decision_type=2 2 2 2 2 2 2 2 2 2 2 2 2 2
left_child=2 3 6 10 8 11 -1 -5 13 -7 -2 -4 -6 -3
right_child=1 4 5 7 12 9 -8 -9 -10 -11 -12 -13 -14 -15
leaf_value=-0.61673476519748072 0.062362290823356752 0.4670424492665749 -0.29683345923429177 0.2656759127563762 0.79712913575080735 -0.12823019381746026 -0.41400730156247523 0.38449291843099992 0.67396450915276362 -0.035196328320176003 0.15102035539565251 -0.2108475229834629 0.944721646232909 0.59277144210884369
leaf_weight=2597 1912 696 1432 1696 416 2721 586 1097 554 1459 2038 2036 502 498
leaf_count=2597 1912 696 1432 1696 416 2721 586 1097 554 1459 2038 2036 502 498
internal_value=-1.13794e-09 0.329353 -0.286113 0.192702 0.674979 -0.164045 -0.579412 0.312343 0.568443 -0.0957574 0.108105 -0.246353 0.877839 0.519482
internal_weight=20240 9409 10831 6743 2666 7648 3183 2793 1748 4180 3950 3468 918 1194
internal_count=20240 9409 10831 6743 2666 7648 3183 2793 1748 4180 3950 3468 918 1194
is_linear=0
shrinkage=0.05


Tree=3
num_leaves=15
num_cat=0
split_feature=0 0 0 0 0 0 0 0 0 0 0 31 0 31
split_gain=688736 150617 148810 21456.2 20911.8 19209.5 7093.58 4365.66 3332.42 3251.65 2581.52 2441.12 2194.1 1698.78
threshold=15.062500000000002 23.979166666666668 5.6458333333333348 18.562500000000004 29.937500000000004 11.020833333333334 2.6041666666666674 9.0625000000000018 33.270833333333336 21.937500000000004 13.062500000000002 8.5000000000000018 17.020833333333339 5.5000000000000009
decision_type=2 2 2 2 2 2 2 2 2 2 2 2 2 2
left_child=2 3 6 12 11 7 -1 -4 -6 13 -7 -3 -2 -5
right_child=1 4 5 9 8 10 -8 -9 -10 -11 -12 -13 -14 -15
leaf_value=-0.58589803567518395 0.074383666554001512 0.48083010387917363 -0.26652213469940372 0.21278224410666896 0.7063263268768788 -0.086182773295445964 -0.39330694088553408 -0.1694633339297841 0.88066515750914864 0.38235685938495623 0.0068718050831805171 0.61764703505937757 0.15243306782145616 0.30721724203087658
leaf_weight=2597 1815 1080 2049 891 480 2220 586 2666 639 818 1122 467 1787 1023
leaf_count=2597 1815 1080 2049 891 480 2220 586 2666 639 818 1122 467 1787 1023
internal_value=-1.65506e-09 0.325952 -0.260993 0.19325 0.64123 -0.146644 -0.550441 -0.211642 0.805882 0.298917 -0.0549418 0.522132 0.113105 0.263256
internal_weight=20240 9000 11240 6334 2666 8057 3183 4715 1119 2732 3342 1547 3602 1914
internal_count=20240 9000 11240 6334 2666 8057 3183 4715 1119 2732 3342 1547 3602 1914
is_linear=0
shrinkage=0.05


Tree=4
num_leaves=15
num_cat=0
split_feature=0 0 0 0 0 0 0 0 0 31 0 0 31 0
split_gain=621584 136191 134301 22857.5 17336.5 15413.8 6401.95 4149.57 3940.01 2512.86 2329.82 1980.18 1603.32 1580.77
threshold=15.062500000000002 24.937500000000004 5.6458333333333348 18.562500000000004 11.020833333333334 31.479166666666668 2.6041666666666674 21.937500000000004 9.0625000000000018 9.5000000000000018 13.062500000000002 17.020833333333339 6.5000000000000009 36.104166666666679
decision_type=2 2 2 2 2 2 2 2 2 2 2 2 2 2
left_child=2 3 6 11 8 9 -1 -5 -4 -3 -6 -2 -9 -7
right_child=1 5 4 7 10 13 -8 12 -10 -11 -12 -13 -14 -15
leaf_value=-0.55660312972621451 0.070664481455931627 0.50046037492981876 -0.25319603225120818 0.25009331962123155 -0.081873635451544316 0.76013958585354713 -0.37364159377972017 0.31333447795816893 -0.16099017175314773 0.65038496664036882 0.0065282142290836384 0.14481141219818761 0.43505151288219834 0.91380601899813763
leaf_weight=2597 1815 1162 2049 1914 2220 645 586 556 2666 368 1122 1787 527 226
leaf_count=2597 1815 1162 2049 1914 2220 645 586 556 2666 368 1122 1787 527 226
internal_value=-4.63306e-10 0.309654 -0.247944 0.192332 -0.139312 0.632106 -0.522919 0.294349 -0.20106 0.536521 -0.0521947 0.10745 0.372563 0.800012
internal_weight=20240 9000 11240 6599 8057 2401 3183 2997 4715 1530 3342 3602 1083 871
internal_count=20240 9000 11240 6599 8057 2401 3183 2997 4715 1530 3342 3602 1083 871
is_linear=0
shrinkage=0.05


Tree=5
num_leaves=15
num_cat=0
split_feature=0 0 0 0 0 0 1 31 0 0 0 31 31 1
split_gain=561116 130733 114076 20049.9 17240.1 14085.9 3924.9 3207.72 2718.43 2445.18 2426.22 2355.97 2124.78 1978.35
threshold=14.437500000000002 23.979166666666668 5.1458333333333348 18.187500000000004 29.937500000000004 10.020833333333334 5.854166666666667 5.5000000000000009 33.270833333333336 12.020833333333334 8.0208333333333339 4.5000000000000009 6.5000000000000009 22.166666666666668
decision_type=2 2 2 2 2 2 2 2 2 2 2 2 2 2
left_child=2 3 6 11 12 10 -1 -5 -6 -7 -4 -2 -3 -9
right_child=1 4 5 7 8 9 -8 13 -10 -11 -12 -13 -14 -15
leaf_value=-0.53100107292883958 0.043819157765694679 0.40953308186015569 -0.26962800125853004 0.20742548137792671 0.63844642696281273 -0.10969463705474725 -0.37782246664374652 0.23930015909818955 0.79590750979332492 -0.029467496700149472 -0.18493022657537683 0.12323403491173941 0.52683898866259704 0.3562137186935172
leaf_weight=2530 1560 740 1346 1289 480 2721 501 567 639 1459 2274 2327 807 1000
leaf_count=2530 1560 740 1346 1289 480 2721 501 567 639 1459 2274 2327 807 1000
internal_value=-6.15445e-10 0.282458 -0.245374 0.165266 0.578864 -0.144221 -0.505682 0.26585 0.728364 -0.0816919 -0.216423 0.0913618 0.470726 0.31391
internal_weight=20240 9409 10831 6743 2666 7800 3031 2856 1119 4180 3620 3887 1547 1567
internal_count=20240 9409 10831 6743 2666 7800 3031 2856 1119 4180 3620 3887 1547 1567
is_linear=0
shrinkage=0.05


Tree=6
num_leaves=15
num_cat=0
split_feature=0 0 0 0 0 0 0 0 0 0 31 31 1 0
split_gain=506761 111171 109583 18527.1 13199.9 12530.1 6811.9 2855.61 2681.55 2294.26 2211.67 2095.36 1460.66 1373.2
threshold=15.062500000000002 24.937500000000004 6.0625000000000009 19.312500000000004 11.020833333333334 31.479166666666668 2.6041666666666674 21.937500000000004 9.0625000000000018 17.020833333333339 10.500000000000002 4.5000000000000009 15.687500000000002 36.812500000000007
decision_type=2 2 2 2 2 2 2 2 2 2 2 2 2 2
left_child=2 3 6 9 8 10 -1 -5 -4 -2 -3 -6 -13 -7
right_child=1 5 4 7 11 13 -8 -9 -10 -11 -12 12 -14 -15
leaf_value=-0.50242050948122807 0.062693494508753611 0.45805009602684188 -0.22319000563103902 0.23213620863351903 -0.075838089559389199 0.68937483661171284 -0.3300047715058943 0.33698502664780206 -0.14545369016173224 0.13962840691578191 0.6201228919483367 -0.07570863735577292 0.045364343656138437 0.8419757830335739
leaf_weight=2597 1815 1278 1900 1622 2185 683 735 1083 2666 2079 252 363 794 188
leaf_count=2597 1815 1278 1900 1622 2185 683 735 1083 2666 2079 252 363 794 188
internal_value=1.27716e-09 0.279594 -0.223874 0.173595 -0.122535 0.570926 -0.464388 0.274114 -0.177801 0.103769 0.484744 -0.0470285 0.00737861 0.722313
internal_weight=20240 9000 11240 6599 7908 2401 3332 2705 4566 3894 1530 3342 1157 871
internal_count=20240 9000 11240 6599 7908 2401 3332 2705 4566 3894 1530 3342 1157 871
is_linear=0
shrinkage=0.05


Tree=7
num_leaves=15
num_cat=0
split_feature=0 0 0 0 0 0 0 0 0 31 31 31 1 0
split_gain=457378 99819.7 99366.5 16532.4 12296.9 11308.8 6162.34 3024.22 2420.1 2035.74 1944.54 1595.47 1568.95 1382.39
threshold=15.145833333333334 6.0625000000000009 24.937500000000004 20.187500000000004 11.020833333333334 31.062500000000004 3.3541666666666674 17.479166666666668 9.0625000000000018 8.5000000000000018 4.5000000000000009 6.5000000000000009 22.166666666666668 35.270833333333336
decision_type=2 2 2 2 2 2 2 2 2 2 2 2 2 2
left_child=1 6 3 7 8 9 -1 -2 -3 -4 -6 -5 -13 -7
right_child=2 4 5 11 10 13 -8 -9 -10 -11 -12 12 -14 -15
leaf_value=-0.47515404013342555 0.066405485525857219 -0.21203050878065591 0.41616616892210301 0.23780340492829821 -0.070865674282178145 0.64121431752149405 -0.30512300308223245 0.14944398317468968 -0.13818100392926744 0.54103818969628248 0.0085520233350716689 0.23120965139492405 0.36432707809184017 0.77661680878333328
leaf_weight=2666 2039 1900 998 1070 2226 653 666 2372 2666 485 1179 316 739 265
leaf_count=2666 2039 1900 998 1070 2226 653 666 2372 2666 485 1179 316 739 265
internal_value=4.6988e-10 -0.21135 0.267303 0.166253 -0.115282 0.54238 -0.441168 0.111059 -0.168911 0.457004 -0.0433669 0.280823 0.324455 0.680301
internal_weight=20240 11303 8937 6536 7971 2401 3332 4411 4566 1483 3405 2125 1055 918
internal_count=20240 11303 8937 6536 7971 2401 3332 4411 4566 1483 3405 2125 1055 918
is_linear=0
shrinkage=0.05


Tree=8
num_leaves=15
num_cat=0
split_feature=0 0 0 0 0 0 1 31 31 0 31 31 28 1
split_gain=413231 99426.1 81201.5 15306.4 13485.6 9423.45 2908.34 2346.13 2276.24 2222.68 1942.46 1670.06 1459.87 1400.47
threshold=14.020833333333334 23.562500000000004 5.1458333333333348 29.604166666666668 18.187500000000004 10.020833333333334 5.854166666666667 6.5000000000000009 4.5000000000000009 33.270833333333336 2.5000000000000004 4.5000000000000009 12.702083333333336 17.187500000000004
decision_type=2 2 2 2 2 2 2 2 2 2 2 2 2 2
left_child=2 4 6 11 8 10 -1 -6 -2 -5 -4 -3 -7 -10
right_child=1 3 5 9 7 12 -8 -9 13 -11 -12 -13 -14 -15
leaf_value=-0.4555722878667206 0.030221824039066654 0.29996543879695148 -0.2168767375697164 0.5457499225046698 0.18054661616831924 -0.093858060481499875 -0.32371425890399075 0.27675936435107834 0.044729545601072097 0.68453019086930311 -0.14256165118758068 0.41505753355545771 -0.027101739942503381 0.12963394220032462
leaf_weight=2530 1679 413 2115 526 1533 2815 501 1080 673 639 1505 1331 1155 1745
leaf_count=2530 1679 413 2115 526 1533 2815 501 1080 673 639 1505 1331 1155 1745
internal_value=9.71556e-10 0.237399 -0.215002 0.481542 0.131555 -0.127637 -0.433777 0.220313 0.0749467 0.621871 -0.185981 0.387802 -0.0744365 0.106003
internal_weight=20240 9619 10621 2909 6710 7590 3031 2613 4097 1165 3620 1744 3970 2418
internal_count=20240 9619 10621 2909 6710 7590 3031 2613 4097 1165 3620 1744 3970 2418
is_linear=0
shrinkage=0.05


Tree=9
num_leaves=15
num_cat=0
split_feature=0 0 0 0 0 0 0 0 31 0 31 31 28 0
split_gain=373150 83328.1 79362.8 12871.5 10043.9 9200.4 6201.33 2178.28 1928.1 1826.04 1768.99 1371.83 1359.07 1330.95
threshold=15.35416666666667 6.479166666666667 24.937500000000004 20.187500000000004 11.020833333333334 29.937500000000004 3.3541666666666674 17.395833333333339 4.5000000000000009 33.270833333333336 3.5000000000000004 4.5000000000000009 12.41527777777778 8.7708333333333339
decision_type=2 2 2 2 2 2 2 2 2 2 2 2 2 2
left_child=1 6 3 7 10 -4 -1 -2 -6 -7 13 -5 -10 -3
right_child=2 4 5 11 8 9 -8 -9 12 -11 -12 -13 -14 -15
leaf_value=-0.42895405116335222 0.061477571227543673 -0.21355107172527746 0.39874056089559046 0.18575633808559525 -0.063484495621162526 0.52125036821390192 -0.27157574420599018 0.13374470007059397 -0.047833544492331875 0.65030368911641689 -0.10046575659807258 0.27731751496014934 0.057735557490078263 -0.14530714909480344
leaf_weight=2666 1822 1114 1282 553 2303 480 818 2438 524 639 1308 1572 729 1992
leaf_count=2666 1822 1114 1282 553 2303 480 818 2438 524 639 1308 1572 729 1992
internal_value=-8.80768e-10 -0.188028 0.245126 0.152975 -0.0988629 0.490183 -0.392004 0.102836 -0.0363274 0.594946 -0.149243 0.25349 0.0135869 -0.169784
internal_weight=20240 11454 8786 6385 7970 2401 3484 4260 3556 1119 4414 2125 1253 3106
internal_count=20240 11454 8786 6385 7970 2401 3484 4260 3556 1119 4414 2125 1253 3106
is_linear=0
shrinkage=0.05


Tree=10
num_leaves=15
num_cat=0
split_feature=0 0 0 0 0 0 0 31 0 31 31 29 1 31
split_gain=337217 84000.6 63876.2 14359.4 9963.76 7504.19 2502.31 2216.19 2036.86 1793.87 1537.72 1317.64 1210.29 1153.48
threshold=13.60416666666667 22.979166666666668 4.604166666666667 28.270833333333339 18.020833333333339 10.020833333333334 33.270833333333336 4.5000000000000009 7.2708333333333348 5.5000000000000009 4.5000000000000009 0.66732932025134029 17.187500000000004 10.500000000000002
decision_type=2 2 2 2 2 2 2 2 2 2 2 2 2 2
left_child=2 4 11 10 7 8 13 -2 -4 -6 -3 -1 -9 -5
right_child=1 3 5 6 9 -7 -8 12 -10 -11 -12 -13 -14 -15
leaf_value=-0.41132651349387594 0.021407312305150528 0.24754227731731265 -0.23335117196764235 0.44810836346442162 0.14518361602054486 -0.071767303555295245 0.61778850040525346 0.039155518944211182 -0.14976301434240422 0.23071276752686296 0.35617603647293639 -0.30742946459511861 0.11675687104389283 0.59917971056663188
leaf_weight=2531 1790 431 987 562 1165 3752 639 704 2786 1294 1334 347 1755 163
leaf_count=2531 1790 431 987 562 1165 3752 639 704 2786 1294 1334 347 1755 163
internal_value=-7.81285e-11 0.209878 -0.198459 0.423809 0.110089 -0.121838 0.545653 0.063731 -0.171629 0.190192 0.329648 -0.3988 0.09454 0.482073
internal_weight=20240 9837 10403 3129 6708 7525 1364 4249 3773 2459 1765 2878 2459 725
internal_count=20240 9837 10403 3129 6708 7525 1364 4249 3773 2459 1765 2878 2459 725
is_linear=0
shrinkage=0.05


Tree=11
num_leaves=15
num_cat=0
split_feature=0 0 0 0 0 0 0 31 0 31 31 0 1 31
split_gain=304457 67867.8 64911.3 10457.5 7954.03 7452.25 5521.44 2057.53 1761.54 1658.36 1482.1 1340.84 1159.29 1118.89
threshold=15.35416666666667 6.6458333333333348 24.937500000000004 20.187500000000004 11.020833333333334 32.520833333333336 3.3541666666666674 10.500000000000002 17.479166666666668 4.5000000000000009 3.5000000000000004 27.520833333333339 14.250000000000002 4.5000000000000009
decision_type=2 2 2 2 2 2 2 2 2 2 2 2 2 2
left_child=1 6 3 8 10 7 -1 11 -2 -6 -3 -4 -11 -5
right_child=2 4 5 13 9 -7 -8 -9 -10 12 -12 -13 -14 -15
leaf_value=-0.38720307525440173 0.056845119326966578 -0.15261437486726359 0.30375758039256928 0.16750644726213912 -0.057901254314748289 0.57671008670838375 -0.2434327630662724 0.50710849240943279 0.12156876968550318 -0.062616196794419737 -0.088743974078681259 0.40289995986944549 0.043933810319296239 0.25019672055398151
leaf_weight=2666 1888 3047 603 553 2303 727 891 286 2372 357 1294 785 896 1572
leaf_count=2666 1888 3047 603 553 2303 727 891 286 2372 357 1294 785 896 1572
internal_value=-8.52054e-11 -0.169842 0.221417 0.138078 -0.0881584 0.443042 -0.35119 0.384991 0.0928837 -0.0327154 -0.133575 0.359829 0.013576 0.228678
internal_weight=20240 11454 8786 6385 7897 2401 3557 1674 4260 3556 4341 1388 1253 2125
internal_count=20240 11454 8786 6385 7897 2401 3557 1674 4260 3556 4341 1388 1253 2125
is_linear=0
shrinkage=0.05


Tree=12
num_leaves=15
num_cat=0
split_feature=0 0 0 0 0 0 31 31 31 0 0 31 1 31
split_gain=275096 68981.5 52011.5 14012 6320.74 5914.79 2296.94 1886.38 1593.98 1503.46 1411.16 1269.34 1222.5 1162.13
threshold=13.60416666666667 21.937500000000004 4.604166666666667 28.020833333333339 9.1875000000000018 18.020833333333339 10.500000000000002 3.5000000000000004 4.5000000000000009 11.020833333333334 34.395833333333336 2.5000000000000004 17.187500000000004 5.5000000000000009
decision_type=2 2 2 2 2 2 2 2 2 2 2 2 2 2
left_child=2 5 -1 8 11 7 10 -2 -3 -6 -5 -4 -9 -7
right_child=1 3 4 6 9 13 -8 12 -10 -11 -12 -13 -14 -15
leaf_value=-0.36002904648702955 0.0037403022393286741 0.2110629222923226 -0.20223104249393731 0.40697247059947417 -0.10515209066040693 0.12139764916337335 0.58068698470684588 0.028835837297976716 0.31139106300439812 -0.05076060650352493 0.54296263190935246 -0.12625875338938747 0.098344340954214626 0.19577678798555723
leaf_weight=2878 1177 533 1606 681 2578 1010 466 891 1539 2505 265 836 2181 1094
leaf_count=2878 1177 533 1606 681 2578 1010 466 891 1539 2505 265 836 2181 1094
internal_value=-1.1999e-10 0.189564 -0.17925 0.368358 -0.110109 0.091512 0.489825 0.0575627 0.285583 -0.0783469 0.445067 -0.176223 0.0781842 0.160072
internal_weight=20240 9837 10403 3484 7525 6353 1412 4249 2072 5083 946 2442 3072 2104
internal_count=20240 9837 10403 3484 7525 6353 1412 4249 2072 5083 946 2442 3072 2104
is_linear=0
shrinkage=0.05


Tree=13
num_leaves=15
num_cat=0
split_feature=0 0 0 0 0 0 1 31 31 31 1 1 31 44
split_gain=248463 57161.3 51443.2 9185.54 7053.8 5034.81 4567.67 1546.51 1480.03 1468.6 1330.52 1297.24 1406.51 1132.06
threshold=15.645833333333334 6.6458333333333348 25.854166666666668 20.187500000000004 11.47916666666667 32.520833333333336 5.854166666666667 3.5000000000000004 7.5000000000000009 2.5000000000000004 17.187500000000004 18.645833333333339 6.5000000000000009 1.0000000180025095e-35
decision_type=2 2 2 2 2 2 2 2 2 2 2 2 2 2
left_child=1 6 3 11 9 8 -1 -6 -4 -3 -9 -2 -13 -5
right_child=2 4 5 13 7 -7 -8 10 -10 -11 -12 12 -14 -15
leaf_value=-0.35341803952168105 0.06153728725154875 -0.14517800121879917 0.31470965522281197 0.17996957378268871 -0.059803009775350802 0.52122431044073514 -0.22838819616822437 -0.025783389439123772 0.41599987695158802 -0.08892414984558597 0.060092898692452913 0.090731328827285421 0.18812090991052322 0.24983302260359963
leaf_weight=2530 2228 2333 804 1283 1562 727 1027 1170 654 2308 734 1304 518 1058
leaf_count=2530 2228 2333 804 1283 1562 727 1027 1170 654 2308 734 1304 518 1058
internal_value=2.86575e-10 -0.150215 0.204304 0.132701 -0.0768975 0.413739 -0.317319 -0.0229286 0.360144 -0.117203 0.00732228 0.0871272 0.118419 0.211544
internal_weight=20240 11664 8576 6391 8107 2185 3557 3466 1458 4641 1904 4050 1822 2341
internal_count=20240 11664 8576 6391 8107 2185 3557 3466 1458 4641 1904 4050 1822 2341
is_linear=0
shrinkage=0.05


Tree=14
num_leaves=15
num_cat=0
split_feature=0 0 0 0 0 0 1 31 31 31 31 0 28 31
split_gain=224446 56385.5 42428.1 11534.6 4772.32 4451.5 1993 1975.86 1417.8 1391.62 1201.54 1178.62 1095.85 1050.72
threshold=13.60416666666667 21.937500000000004 5.3958333333333348 27.937500000000004 17.479166666666668 10.020833333333334 5.854166666666667 10.500000000000002 4.5000000000000009 6.5000000000000009 1.5000000000000002 34.395833333333336 18.175694444444449 4.5000000000000009
decision_type=2 2 2 2 2 2 2 2 2 2 2 2 2 2
left_child=2 4 6 9 8 10 -1 11 -2 -3 -4 -5 -6 -14
right_child=1 3 5 7 12 -7 -8 -9 -10 -11 -12 -13 13 -15
leaf_value=-0.33574713880365548 -0.00061497796138877865 0.2143100528722981 -0.17680382805745601 0.36641825610150897 0.092604605240451457 -0.058046053794441256 -0.23284129616941379 0.52375335875310403 0.06892527715511676 0.297229826301595 -0.1153167655033136 0.48975329705004422 0.097325439751815956 0.17718020016503649
leaf_weight=2530 1397 1016 1203 720 1599 3752 578 475 1542 1008 2340 265 632 1183
leaf_count=2530 1397 1016 1203 720 1599 3752 578 475 1542 1008 2340 265 632 1183
internal_value=1.57191e-10 0.171226 -0.16191 0.332875 0.0825771 -0.0960007 -0.31661 0.439992 0.0358706 0.255606 -0.136194 0.3996 0.122785 0.149374
internal_weight=20240 9837 10403 3484 6353 7295 3108 1460 2939 2024 3543 985 3414 1815
internal_count=20240 9837 10403 3484 6353 7295 3108 1460 2939 2024 3543 985 3414 1815
is_linear=0
shrinkage=0.05


Tree=15
num_leaves=15
num_cat=0
split_feature=0 0 0 0 0 0 1 0 31 31 1 28 31 31
split_gain=202645 47960.2 41140.9 7124.55 6343.21 4362.5 2693.29 1333.03 1299.61 1231.99 1133.26 1102.32 1096.82 1082.12
threshold=14.437500000000002 23.979166666666668 6.0625000000000009 18.562500000000004 29.187500000000004 10.395833333333334 5.854166666666667 36.104166666666679 6.5000000000000009 4.5000000000000009 22.166666666666668 12.41527777777778 5.5000000000000009 6.5000000000000009
decision_type=2 2 2 2 2 2 2 2 2 2 2 2 2 2
left_child=2 3 6 9 12 -4 -1 13 -5 -2 -10 -7 -3 -6
right_child=1 4 5 8 7 11 -8 -9 10 -11 -12 -13 -14 -15
leaf_value=-0.31895978289630578 0.022699139599761893 0.22066616189397203 -0.12262763780067815 0.13090047593339146 0.32889622773065619 -0.065307648581247657 -0.21380794655689575 0.5429549125443518 0.13620965923882769 0.079168139069241764 0.2377504418536931 -0.0095422370287158234 0.31126034858822826 0.44270101827804487
leaf_weight=2530 1621 523 3559 1549 299 2594 802 226 434 2390 749 1346 925 693
leaf_count=2530 1621 523 3559 1549 299 2594 802 226 434 2390 749 1346 925 693
internal_value=1.38049e-10 0.169744 -0.147459 0.0987635 0.349274 -0.0825022 -0.29365 0.433366 0.161038 0.0563468 0.200499 -0.0462568 0.278539 0.408399
internal_weight=20240 9409 10831 6743 2666 7499 3332 1218 2732 4011 1183 3940 1448 992
internal_count=20240 9409 10831 6743 2666 7499 3332 1218 2732 4011 1183 3940 1448 992
is_linear=0
shrinkage=0.05


Tree=16
num_leaves=15
num_cat=0
split_feature=0 0 0 0 0 0 0 31 31 31 31 1 31 1
split_gain=183406 46628.6 33629.6 7019.87 5184.36 3935.83 3726.37 1512.97 1406.55 1163.73 986.286 1136.31 969.276 758.34
threshold=16.020833333333339 6.979166666666667 25.854166666666668 12.020833333333334 20.895833333333339 3.3541666666666674 32.520833333333336 3.5000000000000004 2.5000000000000004 9.5000000000000018 4.5000000000000009 27.437500000000004 7.5000000000000009 27.562500000000004
decision_type=2 2 2 2 2 2 2 2 2 2 2 2 2 2
left_child=1 5 4 8 10 -1 9 -5 -3 -4 -2 -12 -6 -14
right_child=2 3 6 7 12 -7 -8 -9 -10 -11 11 -13 13 -15
leaf_value=-0.30028480196459711 0.059456644882816878 -0.11647900928849238 0.28366415863685474 -0.039490595682306305 0.16694199126457787 -0.18587922648924343 0.44829147535964253 0.033182465465243526 -0.066417996596986592 0.386314223904062 0.092718665089344954 0.1732048964926986 0.17178816042185829 0.28306609741914934
leaf_weight=2666 1436 2573 1088 1165 1126 1047 727 1859 3086 370 1858 574 239 426
leaf_count=2666 1436 2573 1088 1165 1126 1047 727 1859 3086 370 1858 574 239 426
internal_value=5.51791e-10 -0.119729 0.18921 -0.0563154 0.124879 -0.268024 0.355822 0.00518507 -0.0891794 0.309714 0.092314 0.111715 0.195209 0.243073
internal_weight=20240 12396 7844 8683 5659 3713 2185 3024 5659 1458 3868 2432 1791 665
internal_count=20240 12396 7844 8683 5659 3713 2185 3024 5659 1458 3868 2432 1791 665
is_linear=0
shrinkage=0.05


Tree=17
num_leaves=15
num_cat=0
split_feature=0 0 0 0 0 0 0 0 31 31 31 1 31 1
split_gain=165524 42089.8 30350.8 6668.16 4697.62 3376.66 2957.81 1540.19 1365.46 1175.4 871.141 1099.65 737.512 1005.83
threshold=16.020833333333339 6.6458333333333348 25.854166666666668 12.020833333333334 20.729166666666668 33.270833333333336 2.6041666666666674 9.0625000000000018 3.5000000000000004 5.5000000000000009 4.5000000000000009 27.437500000000004 7.5000000000000009 27.562500000000004
decision_type=2 2 2 2 2 2 2 2 2 2 2 2 2 2
left_child=1 6 4 7 10 9 -1 -3 -5 -4 -2 -12 -6 -14
right_child=2 3 5 8 12 -7 -8 -9 -10 -11 11 -13 13 -15
leaf_value=-0.28670082354389526 0.053224656306053157 -0.12706904312481743 0.2351982575922878 -0.037516065336376143 0.15556818121631821 0.43471196687464053 -0.18398777920093079 -0.070245954684512737 0.031523341922159095 0.32830149446423906 0.083714298902164419 0.16537497253988737 0.1540286894138346 0.26813284189822284
leaf_weight=2597 1385 1675 502 1165 1263 639 960 4140 1859 1044 1683 546 348 434
leaf_count=2597 1385 1675 502 1165 1263 639 960 4140 1859 1044 1683 546 348 434
internal_value=8.37955e-11 -0.113743 0.179749 -0.0552962 0.118635 0.338031 -0.25898 -0.0866137 0.00492582 0.29807 0.0843669 0.103717 0.179195 0.217355
internal_weight=20240 12396 7844 8839 5659 2185 3557 5815 3024 1546 3614 2229 2045 782
internal_count=20240 12396 7844 8839 5659 2185 3557 5815 3024 1546 3614 2229 2045 782
is_linear=0
shrinkage=0.05


Tree=18
num_leaves=15
num_cat=0
split_feature=0 0 0 0 0 0 31 31 31 31 31 0 1 0
split_gain=149452 38863.8 27228.8 7905.99 3566.83 3443.47 1519.81 1139.84 1052.4 920.439 887.003 866.558 781.298 760.402
threshold=13.22916666666667 21.937500000000004 4.604166666666667 27.937500000000004 17.020833333333339 8.7708333333333339 10.500000000000002 5.5000000000000009 4.5000000000000009 3.5000000000000004 3.5000000000000004 18.562500000000004 12.35416666666667 34.395833333333336
decision_type=2 2 2 2 2 2 2 2 2 2 2 2 2 2
left_child=2 4 -1 8 7 10 13 -2 -3 -7 -4 -6 -11 -5
right_child=1 3 5 6 11 9 -8 -9 -10 12 -12 -13 -14 -15
leaf_value=-0.26520866683073979 -0.0012645538051576635 0.14689814792511366 -0.15510747965076999 0.29839593097826261 0.072572958011253907 -0.07954803460736326 0.43393516413161626 0.06378811210739925 0.2291575278863861 -0.063445660445990412 -0.069126377260688016 0.12098966489477332 -0.0021842797978430008 0.39746102731182892
leaf_weight=2878 1783 525 1642 720 1787 3181 475 1082 1499 1207 367 1914 915 265
leaf_count=2878 1783 525 1642 720 1787 3181 475 1082 1499 1207 367 1914 915 265
internal_value=4.18366e-10 0.136811 -0.134931 0.271791 0.0651883 -0.0836537 0.360474 0.0233033 0.20782 -0.0625344 -0.139401 0.097612 -0.0370299 0.325048
internal_weight=20240 10050 10190 3484 6566 7312 1460 2865 2024 5303 2009 3701 2122 985
internal_count=20240 10050 10190 3484 6566 7312 1460 2865 2024 5303 2009 3701 2122 985
is_linear=0
shrinkage=0.05


Tree=19
num_leaves=15
num_cat=0
split_feature=0 0 0 0 0 0 1 31 31 1 0 31 31 10
split_gain=134984 31077.1 28200 4243.01 4035.4 3446.53 2455.83 1186.26 990.598 1011.68 962.328 913.076 760.673 689.528
threshold=15.645833333333334 6.6458333333333348 24.937500000000004 19.312500000000004 11.020833333333334 29.937500000000004 5.854166666666667 5.5000000000000009 7.5000000000000009 27.437500000000004 36.812500000000007 3.5000000000000004 6.5000000000000009 3.5000000000000004
decision_type=2 2 2 2 2 2 2 2 2 2 2 2 2 2
left_child=1 6 3 -2 11 13 -1 -6 -5 -10 12 -3 -7 -4
right_child=2 4 5 8 7 10 -8 -9 9 -11 -12 -13 -14 -15
leaf_value=-0.26040207561296908 0.057456655134453631 -0.10446015641867204 0.27304009752845299 0.11960983059536874 -0.034488108003671407 0.26647444757773153 -0.1687240658134781 0.03136436022534958 0.13352117298597291 0.23962963319250516 0.46329431571859003 -0.054328174260444943 0.36733219910612602 0.19929769092080435
leaf_weight=2530 3470 3047 708 1804 2868 259 1027 898 474 427 188 1294 672 574
leaf_count=2530 3470 3047 708 1804 2868 259 1027 898 474 427 188 1294 672 574
internal_value=6.19108e-10 -0.11072 0.150587 0.0940505 -0.0566594 0.29599 -0.233932 -0.0187856 0.140993 0.183808 0.36011 -0.0895164 0.339274 0.240023
internal_weight=20240 11664 8576 6175 8107 2401 3557 3766 2705 901 1119 4341 931 1282
internal_count=20240 11664 8576 6175 8107 2401 3557 3766 2705 901 1119 4341 931 1282
is_linear=0
shrinkage=0.05


Tree=20
num_leaves=15
num_cat=0
split_feature=0 0 1 0 1 0 31 31 31 0 31 0 0 31
split_gain=122071 31756.7 22264.2 6461.06 2947.05 2516.94 1740.19 1315 944.408 911.202 905.59 896.755 616.679 615.434
threshold=13.22916666666667 21.937500000000004 8.3541666666666696 28.020833333333339 19.645833333333339 9.3125000000000018 5.5000000000000009 10.500000000000002 3.5000000000000004 3.8125000000000004 1.5000000000000002 16.645833333333339 36.812500000000007 10.500000000000002
decision_type=2 2 2 2 2 2 2 2 2 2 2 2 2 2
left_child=2 4 9 8 11 10 -6 12 -3 -1 -4 -2 -5 -10
right_child=1 3 5 7 6 -7 -8 -9 13 -11 -12 -13 -14 -15
leaf_value=-0.24586709910808935 0.0022936558970518012 0.11231094322673552 -0.15485714720930421 0.28008884393694128 0.05819147004800606 -0.052938506787327991 0.13111681150579402 0.39689193690923152 0.19183644790530102 -0.1637314387031612 -0.091381334514805804 0.054976356129515958 0.40914314518181183 0.27565107867991417
leaf_weight=2649 1843 333 917 842 1745 4786 1540 466 1482 387 1451 1438 104 257
leaf_count=2649 1843 333 917 842 1745 4786 1540 466 1482 387 1451 1438 104 257
internal_value=4.99906e-10 0.123645 -0.121946 0.24566 0.0589015 -0.0737996 0.0923787 0.328143 0.189451 -0.235397 -0.115962 0.0253835 0.294277 0.204223
internal_weight=20240 10050 10190 3484 6566 7154 3285 1412 2072 3036 2368 3281 946 1739
internal_count=20240 10050 10190 3484 6566 7154 3285 1412 2072 3036 2368 3281 946 1739
is_linear=0
shrinkage=0.05


Tree=21
num_leaves=15
num_cat=0
split_feature=0 0 0 0 0 0 0 31 31 31 31 31 1 10
split_gain=110315 28147.1 20446 4155.1 3530.55 2504.48 1970.83 1046.47 945.536 931.116 792.421 780.262 923.608 674.351
threshold=16.020833333333339 7.104166666666667 26.395833333333339 12.270833333333334 21.020833333333339 1.5625000000000002 33.270833333333336 2.5000000000000004 8.5000000000000018 3.5000000000000004 12.500000000000002 5.5000000000000009 27.437500000000004 3.5000000000000004
decision_type=2 2 2 2 2 2 2 2 2 2 2 2 2 2
left_child=1 5 4 7 11 -1 10 -3 13 -5 -4 -2 -13 -6
right_child=2 3 6 9 8 -7 -8 -9 -10 -11 -12 12 -14 -15
leaf_value=-0.23516403045741063 0.051546380783890615 -0.091216988967364479 0.23759189359486191 -0.03028981530667333 0.17132581828253723 -0.14882841285152304 0.35604313084613737 -0.048254779937863312 0.2228270537185528 0.028323549954982187 0.36507417779277873 0.077478572040876215 0.15816764874084455 0.099159084472161818
leaf_weight=2528 2018 2569 1256 1091 691 1258 639 3162 433 1788 135 1608 455 609
leaf_count=2528 2018 2569 1256 1091 691 1258 639 3162 433 1788 135 1608 455 609
internal_value=-8.98634e-11 -0.092856 0.146742 -0.0428945 0.0990421 -0.206477 0.283356 -0.0675132 0.158833 0.00611196 0.249964 0.0736517 0.0952748 0.137518
internal_weight=20240 12396 7844 8610 5814 3786 2030 5731 1733 2879 1391 4081 2063 1300
internal_count=20240 12396 7844 8610 5814 3786 2030 5731 1733 2879 1391 4081 2063 1300
is_linear=0
shrinkage=0.05


Tree=22
num_leaves=15
num_cat=0
split_feature=0 0 0 0 0 0 0 31 31 31 31 1 31 1
split_gain=99570.5 25619.4 18243 3858.11 3401.65 2275.69 1581.4 954.514 904.871 853.943 721.255 751.981 649.136 554.674
threshold=16.145833333333339 7.104166666666667 26.812500000000004 12.020833333333334 21.020833333333339 3.3541666666666674 33.270833333333336 5.5000000000000009 5.5000000000000009 2.5000000000000004 3.5000000000000004 27.437500000000004 12.500000000000002 11.35416666666667
decision_type=2 2 2 2 2 2 2 2 2 2 2 2 2 2
left_child=1 5 4 9 10 -1 12 -5 -6 -3 -2 -12 -4 -11
right_child=2 3 6 7 8 -7 -8 -9 -10 13 11 -13 -14 -15
leaf_value=-0.22127841734519513 0.031592671879173542 -0.086637145259885112 0.2303570531805649 -0.014340556079471567 0.10988068698199019 -0.13634509770145606 0.33824097587608959 0.045416481893843876 0.18143747700906021 -0.072407117530571538 0.068367232120634114 0.12603986056842423 0.35071658753159068 -0.029311135070421421
leaf_weight=2666 912 2518 1160 2110 737 1120 639 978 1103 1284 2362 743 124 1784
leaf_count=2666 912 2518 1160 2110 737 1120 639 978 1103 1284 2362 743 124 1784
internal_value=6.21193e-11 -0.0876316 0.140346 -0.0402646 0.0964745 -0.196153 0.273967 0.00458509 0.152776 -0.065058 0.0706855 0.0821678 0.241981 -0.0473474
internal_weight=20240 12460 7780 8674 5857 3786 1923 3088 1840 5586 4017 3105 1284 3068
internal_count=20240 12460 7780 8674 5857 3786 1923 3088 1840 5586 4017 3105 1284 3068
is_linear=0
shrinkage=0.05


Tree=23
num_leaves=15
num_cat=0
split_feature=0 0 28 0 0 0 31 31 31 0 31 10 39 1
split_gain=89920.8 23480 16521.1 3916.56 3038.06 1792.53 977.826 858.494 831.719 827.424 744.696 731.815 761.823 699.344
threshold=13.22916666666667 23.104166666666668 6.6104166666666666 28.854166666666668 18.187500000000004 9.8541666666666696 3.5000000000000004 3.5000000000000004 7.5000000000000009 1.5625000000000002 7.5000000000000009 3.5000000000000004 39.500000000000007 17.187500000000004
decision_type=2 2 2 2 2 2 2 2 2 2 2 2 2 2
left_child=2 4 9 11 6 7 -2 -4 -5 -1 -6 -3 -13 -8
right_child=1 3 5 8 10 -7 13 -9 -10 -11 -12 12 -14 -15
leaf_value=-0.21241209281878351 -0.0061059934802456051 0.20266589441178368 -0.10804399322798486 0.23694166145742468 0.082393605957641225 -0.041488342017730301 0.0094550572560691444 -0.041548454798475361 0.32045829583254015 -0.14860488193800803 0.14285468961322167 0.092792841174314786 0.18985009402094877 0.060456312953127103
leaf_weight=2526 1270 1000 2161 481 1723 4241 948 626 784 636 723 427 384 2310
leaf_count=2526 1270 1000 2161 481 1723 4241 948 626 784 636 723 427 384 2310
internal_value=-2.97065e-10 0.10612 -0.104662 0.221196 0.0553644 -0.0619585 0.0311093 -0.0931081 0.288702 -0.199578 0.100265 0.174042 0.138748 0.0456162
internal_weight=20240 10050 10190 3076 6974 7028 4528 2787 1265 3162 2446 1811 811 3258
internal_count=20240 10050 10190 3076 6974 7028 4528 2787 1265 3162 2446 1811 811 3258
is_linear=0
shrinkage=0.05


Tree=24
num_leaves=15
num_cat=0
split_feature=28 0 0 0 0 0 1 31 0 0 31 44 10 10
split_gain=81302.3 18999.1 16905.3 2950.23 2793.93 1735.04 1656.22 1051.02 602.892 583.642 578.295 572.388 568.269 508.112
threshold=15.677083333333336 6.979166666666667 25.854166666666668 20.187500000000004 11.812500000000002 31.479166666666668 5.854166666666667 3.5000000000000004 15.72916666666667 36.812500000000007 4.5000000000000009 1.0000000180025095e-35 2.5000000000000004 3.5000000000000004
decision_type=2 2 2 2 2 2 2 2 2 2 2 2 2 2
left_child=1 6 3 7 10 12 -1 -2 -6 -7 -3 -5 -4 -13
right_child=2 4 5 11 8 9 -8 -9 -10 -11 -12 13 -14 -15
leaf_value=-0.20172303968738664 0.0096713740210984268 -0.075882026715705486 0.24148573058526823 0.098541484388003919 -0.021792697141212944 0.27096667475207531 -0.12990766057394337 0.066458637531887618 0.023811241846335277 0.37045289225717815 -0.029036794042735264 0.16497694155044645 0.17436592728910566 0.075730122479001946
leaf_weight=2530 1141 3777 528 1277 2423 683 1176 2850 1034 188 798 856 783 196
leaf_count=2530 1141 3777 528 1277 2423 683 1176 2850 1034 188 798 856 783 196
internal_value=4.33671e-10 -0.0852864 0.117748 0.0763201 -0.0420768 0.23774 -0.178934 0.0502235 -0.00815241 0.29244 -0.067711 0.121039 0.201398 0.148349
internal_weight=20240 11738 8502 6320 8032 2182 3706 3991 3457 871 4575 2329 1311 1052
internal_count=20240 11738 8502 6320 8032 2182 3706 3991 3457 871 4575 2329 1311 1052
is_linear=0
shrinkage=0.05


Tree=25
num_leaves=15
num_cat=0
split_feature=0 0 28 0 0 0 31 31 1 31 31 1 0 31
split_gain=73537.9 16497 15919.2 2787.16 2387.74 1933.16 823.128 775.054 733.04 733.459 719.313 709.989 651.664 578.679
threshold=15.062500000000002 24.937500000000004 6.6104166666666666 18.395833333333339 10.520833333333334 29.187500000000004 4.5000000000000009 3.5000000000000004 27.437500000000004 11.500000000000002 10.500000000000002 17.687500000000004 3.8125000000000004 2.5000000000000004
decision_type=2 2 2 2 2 2 2 2 2 2 2 2 2 2
left_child=2 3 12 -2 7 -3 -5 -4 -8 -10 -7 -6 -1 -13
right_child=1 5 4 6 11 10 8 -9 9 -11 -12 13 -14 -15
leaf_value=-0.19013442113324094 0.035477958053124391 0.1732103967333086 -0.089901075431110755 0.062981084491540107 -0.035091947923131271 0.23466773642439254 0.087011976093122945 -0.038077281659585183 0.13509605534162317 0.29233338724821806 0.31515317148851041 -0.041883282683904885 -0.12751276692057528 0.033444361821706237
leaf_weight=2670 3541 1183 2850 984 3064 790 977 966 1017 80 428 368 492 830
leaf_count=2670 3541 1183 2850 984 3064 790 977 966 1017 80 428 368 492 830
internal_value=2.0031e-10 0.106508 -0.0852822 0.0656752 -0.0480536 0.218734 0.100642 -0.0767822 0.11851 0.146563 0.26295 -0.0223313 -0.180391 0.0103053
internal_weight=20240 9000 11240 6599 8078 2401 3058 3816 2074 1097 1218 4262 3162 1198
internal_count=20240 9000 11240 6599 8078 2401 3058 3816 2074 1097 1218 4262 3162 1198
is_linear=0
shrinkage=0.05


Tree=26
num_leaves=15
num_cat=0
split_feature=0 0 0 28 0 0 0 31 31 31 0 16 31 1
split_gain=66529.8 17190.4 12225.2 2567.49 2258.8 1686.74 1151.03 1025.4 801.628 702.621 658.118 547.443 510.331 721.028
threshold=16.145833333333339 7.4375000000000009 26.812500000000004 12.41527777777778 20.895833333333339 3.3541666666666674 35.270833333333336 5.5000000000000009 5.5000000000000009 9.5000000000000018 10.72916666666667 -0.22252093395631442 6.5000000000000009 22.166666666666668
decision_type=2 2 2 2 2 2 2 2 2 2 2 2 2 2
left_child=1 5 4 10 12 -1 8 -5 -4 11 -3 -6 -2 -14
right_child=2 3 6 7 9 -7 -8 -9 -10 -11 -12 -13 13 -15
leaf_value=-0.18043886705903256 0.041957006495542563 -0.069211295478272469 0.15052630285001456 -0.01492532904147271 0.075683520616568786 -0.11081088955629917 0.32086499682645192 0.046789281982966523 0.22943961483331143 0.1830498470720601 -0.03423476808524515 0.13307607277401592 0.058680355595648215 0.1402583523164885
leaf_weight=2666 2396 2807 437 2130 755 1291 265 984 1221 374 2582 924 1042 366
leaf_count=2666 2396 2807 437 2130 755 1291 265 984 1221 374 2582 924 1042 366
internal_value=1.17793e-10 -0.0716314 0.114721 -0.0315677 0.078807 -0.157722 0.224106 0.00457601 0.20864 0.121074 -0.0524532 0.107268 0.0559959 0.079886
internal_weight=20240 12460 7780 8503 5857 3957 1923 3114 1658 2053 5389 1679 3804 1408
internal_count=20240 12460 7780 8503 5857 3957 1923 3114 1658 2053 5389 1679 3804 1408
is_linear=0
shrinkage=0.05


Tree=27
num_leaves=15
num_cat=0
split_feature=28 0 0 0 0 31 0 31 0 31 31 1 10 36
split_gain=60259.6 14003 12387.5 2163.91 1919.34 1411.75 1379.95 899.213 658.107 580.592 525.843 649.728 507.538 575.807
threshold=15.677083333333336 7.2708333333333348 25.854166666666668 19.854166666666668 12.770833333333334 10.500000000000002 3.8125000000000004 2.5000000000000004 34.395833333333336 1.5000000000000002 8.5000000000000018 27.562500000000004 3.5000000000000004 3.5000000000000004
decision_type=2 2 2 2 2 2 2 2 2 2 2 2 2 2
left_child=1 6 3 7 9 8 -1 -2 12 -3 -5 -12 13 -4
right_child=2 4 5 10 -6 -7 -8 -9 -10 -11 11 -13 -14 -15
leaf_value=-0.17064369611184999 -0.01366508273667192 -0.079415012947988195 0.26835674640800183 0.088019281868490923 0.0035860108937321128 0.27084789010928545 -0.10479438540410774 0.052507598842976504 0.25183663292295949 -0.041836224164144752 0.089638374197400283 0.18931542207966701 0.13251290095208179 0.16711490276709456
leaf_weight=2735 614 1355 192 1919 2269 581 1122 3133 265 4257 324 330 621 523
leaf_count=2735 614 1355 192 1919 2269 581 1122 3133 265 4257 324 330 621 523
internal_value=2.10016e-10 -0.0734245 0.101371 0.0659085 -0.0352198 0.204086 -0.151488 0.0416643 0.179858 -0.0509095 0.101215 0.139934 0.165581 0.194302
internal_weight=20240 11738 8502 6320 7881 2182 3857 3747 1601 5612 2573 654 1336 715
internal_count=20240 11738 8502 6320 7881 2182 3857 3747 1601 5612 2573 654 1336 715
is_linear=0
shrinkage=0.05


Tree=28
num_leaves=15
num_cat=0
split_feature=28 0 1 0 0 0 31 39 31 31 7 33 7 31
split_gain=54415 12771.8 11285.8 2029.18 1797.45 1764.27 823.333 779.5 632.372 576.215 565.727 527.753 443.355 455.676
threshold=14.847222222222225 23.812500000000004 8.8541666666666696 28.270833333333339 10.520833333333334 18.187500000000004 5.5000000000000009 38.500000000000007 1.5000000000000002 7.5000000000000009 0.14818911832186163 3.5000000000000004 0.21863893491800471 9.5000000000000018
decision_type=2 2 2 2 2 2 2 2 2 2 2 2 2 2
left_child=2 5 -1 -3 8 6 -2 11 -4 -7 -11 -5 -8 -14
right_child=1 3 4 7 -6 9 12 -9 -10 10 -12 -13 13 -15
leaf_value=-0.15668483852085086 0.0083763775208394002 0.13673381505808252 -0.09752812946907323 0.1420302096227149 -0.020860878059602683 0.066028250153458021 0.037998069009093215 0.25285302684517441 -0.054144750213084625 0.078549393059674594 0.1614534544363618 0.24777885352428253 0.076055254789357513 0.21709201467703237
leaf_weight=3081 2170 1424 1265 371 4096 1896 1114 820 2500 456 375 173 433 66
leaf_count=3081 2170 1424 1265 371 4096 1896 1114 820 2500 456 375 173 433 66
internal_value=-9.44591e-11 0.088936 -0.0755737 0.178482 -0.0437834 0.0505867 0.0284871 0.222066 -0.0687211 0.0812443 0.115961 0.17566 0.0555424 0.0947094
internal_weight=20240 9298 10942 2788 7861 6510 3783 1364 3765 2727 831 544 1613 499
internal_count=20240 9298 10942 2788 7861 6510 3783 1364 3765 2727 831 544 1613 499
is_linear=0
shrinkage=0.05


Tree=29
num_leaves=15
num_cat=0
split_feature=0 0 0 0 31 0 0 0 1 31 39 10 45 44
split_gain=49341.1 11839.1 9769.51 1960.88 1650.52 1253.05 938.55 826.573 710.223 637.093 533.852 528.384 525.173 520.084
threshold=15.85416666666667 7.4375000000000009 26.812500000000004 20.729166666666668 5.5000000000000009 1.5625000000000002 35.270833333333336 11.812500000000002 14.250000000000002 5.5000000000000009 38.500000000000007 3.5000000000000004 16.500000000000004 1.5000000000000002
decision_type=2 2 2 2 2 2 2 2 2 2 2 2 2 2
left_child=1 5 3 13 7 -1 9 -3 -6 -4 11 12 -5 -2
right_child=2 4 6 10 8 -7 -8 -9 -10 -11 -12 -13 -14 -15
leaf_value=-0.15678458297978851 0.032902509772542325 -0.054291896355919682 0.12690927591089593 0.073040314157128666 -0.032002181045122834 -0.098206791473536947 0.28005542418585633 -0.017907840222469187 0.043923752943702904 0.197259451210061 0.13208654626656233 0.044697884800942278 0.15097878063957659 0.074878859637140346
leaf_weight=2528 3064 4086 437 503 456 1429 265 2526 949 1221 857 568 379 972
leaf_count=2528 3064 4086 437 503 456 1429 265 2526 949 1221 857 568 379 972
internal_value=1.51752e-11 -0.0648631 0.0939596 0.06403 -0.029934 -0.13563 0.192682 -0.040392 0.0192816 0.178717 0.100801 0.0823094 0.106531 0.0430118
internal_weight=20240 11974 8266 6343 8017 3957 1923 6612 1405 1658 2307 1450 882 4036
internal_count=20240 11974 8266 6343 8017 3957 1923 6612 1405 1658 2307 1450 882 4036
is_linear=0
shrinkage=0.05


Tree=30
num_leaves=15
num_cat=0
split_feature=28 0 0 0 0 0 31 31 10 45 39 1 31 10
split_gain=44613.8 10339 9112.3 1756.19 1309.91 1251.57 1008.41 841.713 512.143 662.244 486.808 480.436 628.83 479.909
threshold=15.677083333333336 7.6875000000000009 26.395833333333339 20.729166666666668 12.770833333333334 3.8125000000000004 10.500000000000002 3.5000000000000004 3.5000000000000004 16.500000000000004 38.500000000000007 27.437500000000004 8.5000000000000018 3.5000000000000004
decision_type=2 2 2 2 2 2 2 2 2 2 2 2 2 2
left_child=1 5 3 7 -3 -1 10 -2 9 -5 13 -9 -13 -4
right_child=2 4 6 8 -6 -7 -8 11 -10 -11 -12 12 -14 -15
leaf_value=-0.1467713974922269 0.0039396365314968958 -0.042274872524285592 0.16394886879061568 0.084192579106121559 0.003032545207812582 -0.088094079607025394 0.2372452271969431 0.040187159634278879 0.066401766424972364 0.15732908463580725 0.1873479456734041 0.065843135196175656 0.17952013232491235 0.082873244147585151
leaf_weight=2735 1192 5373 434 727 2269 1361 554 2133 926 539 724 815 143 315
leaf_count=2735 1192 5373 434 727 2269 1361 554 2133 926 539 724 815 143 315
internal_value=-1.45955e-11 -0.0631775 0.0872239 0.0582618 -0.0288226 -0.127274 0.17974 0.0396332 0.0946608 0.11533 0.158112 0.0533978 0.0828116 0.129852
internal_weight=20240 11738 8502 6475 7642 4096 2027 4283 2192 1266 1473 3091 958 749
internal_count=20240 11738 8502 6475 7642 4096 2027 4283 2192 1266 1473 3091 958 749
is_linear=0
shrinkage=0.05


Tree=31
num_leaves=15
num_cat=0
split_feature=0 0 0 0 28 28 0 31 31 31 16 31 31 7
split_gain=40404.9 10334.5 7361.38 1598.42 1428.95 1300.5 715.764 684.339 651.556 516.212 493.941 459.288 397.469 542.919
threshold=16.145833333333339 7.9375000000000009 27.520833333333339 21.395833333333339 13.270138888888892 5.2055555555555566 36.812500000000007 2.5000000000000004 10.500000000000002 8.5000000000000018 -0.22252093395631442 1.5000000000000002 5.5000000000000009 0.21863893491800471
decision_type=2 2 2 2 2 2 2 2 2 2 2 2 2 2
left_child=1 5 3 12 -3 -1 9 -6 10 -4 -5 -7 -2 -14
right_child=2 4 6 8 7 11 -8 -9 -10 -11 -12 -13 13 -15
leaf_value=-0.13927413124427582 0.030330771238374202 -0.037781436811530858 0.14342857297784969 0.061508292279868107 -0.040157977617338157 -0.11153275282694293 0.2734523632147528 0.019749551612943991 0.17966643294062595 0.2021652555811774 0.11527764781724809 -0.056483563586416125 0.046243156134928028 0.10413414108467944
leaf_weight=2755 2032 5422 827 795 613 700 188 2144 232 683 923 826 1552 548
leaf_count=2755 2032 5422 827 795 613 700 188 2144 232 683 923 826 1552 548
internal_value=-9.19658e-11 -0.0558229 0.0894027 0.0637044 -0.0228787 -0.118764 0.181451 0.00642952 0.101017 0.169996 0.090396 -0.0817355 0.0460956 0.0613499
internal_weight=20240 12460 7780 6082 8179 4281 1698 2757 1950 1510 1718 1526 4132 2100
internal_count=20240 12460 7780 6082 8179 4281 1698 2757 1950 1510 1718 1526 4132 2100
is_linear=0
shrinkage=0.05


Tree=32
num_leaves=15
num_cat=0
split_feature=0 1 0 31 0 1 0 31 0 7 31 28 31 1
split_gain=36476.2 9813.36 6247.07 2131.04 1328.11 909.193 773.745 633.845 617.795 589.199 446.113 434.206 409.189 332.402
threshold=16.770833333333339 9.3541666666666696 27.645833333333339 3.5000000000000004 21.395833333333339 17.187500000000004 9.8125000000000018 3.5000000000000004 36.812500000000007 0.49130216754134942 13.500000000000002 26.268750000000001 7.5000000000000009 12.35416666666667
decision_type=2 2 2 2 2 2 2 2 2 2 2 2 2 2
left_child=1 9 4 6 -2 13 -3 -6 10 -1 -4 -9 -7 -5
right_child=2 3 8 5 7 12 -8 11 -10 -11 -12 -13 -14 -15
leaf_value=-0.084983628529008259 0.046334004993853706 -0.072477371325386244 0.15286925060143497 -0.03135296600832424 0.034716408276039855 0.024242812587035589 -0.031550522895024295 0.095786041586531367 0.2597797477816014 -0.13314768566620916 0.23639636591809696 0.15729616146646036 0.096908300818953047 0.0025047201081541074
leaf_weight=829 3774 1766 1264 1320 343 1005 3337 1302 188 2713 183 368 240 1608
leaf_count=829 3774 1766 1264 1320 343 1005 3337 1302 188 2713 183 368 240 1608
internal_value=-7.49943e-11 -0.0510763 0.0882103 -0.0240422 0.0638277 0.00245955 -0.0457141 0.096625 0.174511 -0.121875 0.163433 0.10934 0.0382506 -0.012759
internal_weight=20240 12818 7422 9276 5787 4173 5103 2013 1635 3542 1447 1670 1245 2928
internal_count=20240 12818 7422 9276 5787 4173 5103 2013 1635 3542 1447 1670 1245 2928
is_linear=0
shrinkage=0.05


Tree=33
num_leaves=15
num_cat=0
split_feature=28 1 0 31 28 31 1 31 1 0 6 6 31 31
split_gain=33007.4 7679.41 6703.56 1437.21 1310.11 1073.39 868.663 626.588 619.263 572.541 559.711 453.733 376.098 365.405
threshold=15.677083333333336 8.9791666666666696 23.979166666666668 2.5000000000000004 26.888194444444448 6.5000000000000009 22.166666666666668 8.5000000000000018 12.35416666666667 17.770833333333339 0.99619046236902453 0.50993384454256951 5.5000000000000009 5.5000000000000009
decision_type=2 2 2 2 2 2 2 2 2 2 2 2 2 2
left_child=1 11 5 10 13 9 -7 -6 -5 -2 -3 -1 -10 -4
right_child=2 3 4 8 7 6 -8 -9 12 -11 -12 -13 -14 -15
leaf_value=-0.12673894280886885 0.006048272131202603 -0.066665245609027105 0.068600704442588215 -0.031918770163268606 0.14108699971505101 0.043889239021510082 0.10738763697450082 0.20832591836251382 -0.0096209014777836055 0.04588261373333577 -0.020593038299786193 -0.082262938633333421 0.028268262321436189 0.12435149604942715
leaf_weight=2701 1594 2392 460 2129 698 1177 993 688 1870 2078 910 728 1008 814
leaf_count=2701 1594 2392 460 2129 698 1177 993 688 1870 2078 910 728 1008 814
internal_value=-3.95811e-11 -0.0543418 0.0750252 -0.0283614 0.140822 0.0450665 0.0729463 0.174464 -0.0114743 0.0285907 -0.0539682 -0.117296 0.00364952 0.104222
internal_weight=20240 11738 8502 8309 2660 5842 2170 1386 5007 3672 3302 3429 2878 1274
internal_count=20240 11738 8502 8309 2660 5842 2170 1386 5007 3672 3302 3429 2878 1274
is_linear=0
shrinkage=0.05


Tree=34
num_leaves=15
num_cat=0
split_feature=1 0 28 28 31 31 1 31 7 31 10 6 1 16
split_gain=29894.3 7255.63 5852.92 1483.54 1422.73 1029.13 747.839 739.363 606.266 589.953 459.525 398.606 390.711 384.328
threshold=17.187500000000004 23.104166666666668 6.6104166666666666 26.888194444444448 3.5000000000000004 2.5000000000000004 27.437500000000004 9.5000000000000018 0.0041076248313089989 8.5000000000000018 3.5000000000000004 0.99945175438596501 11.35416666666667 -0.22252093395631442
decision_type=2 2 2 2 2 2 2 2 2 2 2 2 2 2
left_child=2 4 -1 10 11 8 -6 13 -4 -5 -3 -2 -7 -8
right_child=1 3 5 9 6 12 7 -9 -10 -11 -12 -13 -14 -15
leaf_value=-0.11481309435948857 -0.0096591444808237642 0.11804214132776288 -0.023115730363351163 0.13325309905755733 0.035385756287374191 -0.040645679763477632 0.029961328923767367 0.17904763776991817 -0.070748539137883648 0.19733738126500844 0.064660494396368215 0.061072600018646984 -0.0081484667361606949 0.086314489692504617
leaf_weight=3162 1736 921 976 742 3097 1329 471 163 2117 696 717 225 3042 846
leaf_count=3162 1736 921 976 742 3097 1329 471 163 2117 696 717 225 3042 846
internal_value=6.4321e-11 0.063884 -0.0577998 0.12721 0.0340901 -0.033647 0.0493573 0.0785937 -0.0557179 0.16427 0.0946754 -0.00154357 -0.0180292 0.0661609
internal_weight=20240 9614 10626 3076 6538 7464 4577 1480 3093 1438 1638 1961 4371 1317
internal_count=20240 9614 10626 3076 6538 7464 4577 1480 3093 1438 1638 1961 4371 1317
is_linear=0
shrinkage=0.05


Tree=35
num_leaves=15
num_cat=0
split_feature=0 0 1 0 1 31 31 39 31 33 32 5 16 6
split_gain=27091.8 7147.98 4739.35 1632.48 997.241 854.256 672.378 505.999 453.529 418.975 374.161 363.618 342.367 328.798
threshold=12.937500000000002 21.937500000000004 8.8541666666666696 27.937500000000004 19.645833333333339 1.5000000000000002 7.5000000000000009 38.500000000000007 3.5000000000000004 3.5000000000000004 5.5000000000000009 0.97916666666666685 -0.22252093395631442 0.78372554448135856
decision_type=2 2 2 2 2 2 2 2 2 2 2 2 2 2
left_child=2 4 -1 8 -2 11 12 9 -3 -5 -7 -4 -6 -8
right_child=1 3 5 7 6 10 13 -9 -10 -11 -12 -13 -14 -15
leaf_value=-0.11016660150251914 0.0083609582432068747 0.032309212995691665 -0.080119317920748154 0.090822000750107698 0.011892452983180729 -0.029393639848415299 0.12159801388535996 0.17959360593617679 0.096616917161071222 0.18215818007837961 0.018019816395571899 -0.031425597015633563 0.049433591740035268 0.057222069585351726
leaf_weight=3081 3456 327 1250 400 1029 4649 366 877 1697 183 457 553 1482 433
leaf_count=3081 3456 327 1250 400 1029 4649 366 877 1697 183 457 553 1482 433
internal_value=6.76602e-11 0.057109 -0.0585953 0.115296 0.0271468 -0.0355976 0.0467613 0.155594 0.0862273 0.119492 -0.02515 -0.0651844 0.0340493 0.0867109
internal_weight=20240 10250 9990 3484 6766 6909 3310 1460 2024 583 5106 1803 2511 799
internal_count=20240 10250 9990 3484 6766 6909 3310 1460 2024 583 5106 1803 2511 799
is_linear=0
shrinkage=0.05


Tree=36
num_leaves=15
num_cat=0
split_feature=0 0 28 44 31 31 37 39 4 31 37 1 31 10
split_gain=24536.9 5879.52 4871.74 1203.14 962.415 823.219 689.963 627.581 475.444 411.689 385.052 374.316 368.898 344.881
threshold=15.85416666666667 7.6875000000000009 26.006944444444446 2.5000000000000004 5.5000000000000009 8.5000000000000018 46.237500000000004 33.500000000000007 0.72916666666666685 1.5000000000000002 95.062500000000014 17.187500000000004 1.5000000000000002 3.5000000000000004
decision_type=2 2 2 2 2 2 2 2 2 2 2 2 2 2
left_child=1 6 3 7 9 10 -1 -2 -6 -3 -4 -11 -8 -12
right_child=2 4 5 -5 8 -7 12 -9 -10 11 13 -13 -14 -15
leaf_value=-0.11037025020555163 0.017789401189414397 -0.050905483897042005 0.087181906665577319 0.081865624429493702 0.042732304866206702 0.17718010377150809 -0.092397864160584722 0.054860813540940058 -0.016069207981126966 -0.028677360593860852 0.19849117503110922 0.004915997890212887 -0.04395527679397529 0.10167761114374785
leaf_weight=2535 2814 1563 684 1700 791 779 787 1921 608 3848 186 1057 785 182
leaf_count=2535 2814 1563 684 1700 791 779 787 1921 608 3848 186 1057 785 182
internal_value=9.84253e-11 -0.0457407 0.0662593 0.0457838 -0.0204256 0.13822 -0.0942319 0.0328294 0.0171774 -0.028559 0.10937 -0.0214382 -0.0682074 0.150611
internal_weight=20240 11974 8266 6435 7867 1831 4107 4735 1399 6468 1052 4905 1572 368
internal_count=20240 11974 8266 6435 7867 1831 4107 4735 1399 6468 1052 4905 1572 368
is_linear=0
shrinkage=0.05


Tree=37
num_leaves=15
num_cat=0
split_feature=1 0 0 31 0 37 37 0 1 31 31 32 31 31
split_gain=22238.3 6338.78 3650.31 1273.21 1017.37 832.486 583.387 498.428 455.244 522.63 390.763 385.31 380.401 323.639
threshold=19.645833333333339 8.3958333333333339 27.645833333333339 6.5000000000000009 15.47916666666667 46.237500000000004 86.062500000000014 36.812500000000007 25.458333333333339 12.500000000000002 3.5000000000000004 4.5000000000000009 1.5000000000000002 5.5000000000000009
decision_type=2 2 2 2 2 2 2 2 2 2 2 2 2 2
left_child=1 5 3 6 11 -1 -2 13 -5 -10 -7 -3 -8 -4
right_child=2 4 7 8 -6 10 12 -9 9 -11 -12 -13 -14 -15
leaf_value=-0.10485173828973338 0.012834869964284432 -0.029373119675329979 0.084538268358241228 0.054139753141523084 0.015082488457201887 -0.071354077529215798 -0.011759327560859291 0.21374607410410698 0.092248401445534492 0.21092665547246836 -0.011032530040353867 0.0028522547587849587 0.063611167684336001 0.14031091940790322
leaf_weight=2535 1745 5096 340 834 2353 1754 190 188 1138 101 317 1134 1408 1107
leaf_count=2535 1745 5096 340 834 2353 1754 190 188 1138 101 317 1134 1408 1107
internal_value=9.25699e-11 -0.0383208 0.0716797 0.0519132 -0.0129281 -0.0856386 0.0328229 0.137157 0.0826989 0.101923 -0.0621209 -0.0235074 0.0546497 0.127206
internal_weight=20240 13189 7051 5416 8583 4606 3343 1635 2073 1239 2071 6230 1598 1447
internal_count=20240 13189 7051 5416 8583 4606 3343 1635 2073 1239 2071 6230 1598 1447
is_linear=0
shrinkage=0.05


Tree=38
num_leaves=15
num_cat=0
split_feature=0 0 28 31 0 44 31 4 39 0 31 37 10 45
split_gain=20164.6 5578.35 3389.53 925.922 761.592 720.322 650.351 453.575 369.942 365.109 343.44 330.785 321.719 312.145
threshold=17.020833333333339 8.3958333333333339 26.006944444444446 5.5000000000000009 1.5625000000000002 2.5000000000000004 8.5000000000000018 0.72916666666666685 37.500000000000007 11.812500000000002 1.5000000000000002 95.062500000000014 3.5000000000000004 15.500000000000002
decision_type=2 2 2 2 2 2 2 2 2 2 2 2 2 2
left_child=1 4 5 9 -1 8 11 -5 -2 -3 -6 -4 13 -7
right_child=2 3 6 7 10 12 -8 -9 -10 -11 -12 -13 -14 -15
leaf_value=-0.099679063457429787 0.024386734053291143 -0.032770425987543254 0.079606954289747164 0.042916031841528104 -0.080888041604656846 0.047847236168116578 0.16089782140793515 -0.006869152779167444 0.057474661080341098 -0.00923892190388962 -0.040184990276935811 0.13873605804792161 0.029725165998241605 0.10250668537864159
leaf_weight=2528 2519 3464 672 937 958 367 778 894 1271 3145 1129 365 307 906
leaf_count=2528 2519 3464 672 937 958 367 778 894 1271 3145 1129 365 307 906
internal_value=-3.11667e-11 -0.0370241 0.0672721 -0.0128557 -0.0812239 0.0473067 0.126343 0.018608 0.035483 -0.0215726 -0.058869 0.100419 0.0756687 0.0867486
internal_weight=20240 13055 7185 8440 4615 5370 1815 1831 3790 6609 2087 1037 1580 1273
internal_count=20240 13055 7185 8440 4615 5370 1815 1831 3790 6609 2087 1037 1580 1273
is_linear=0
shrinkage=0.05


Tree=39
num_leaves=15
num_cat=0
split_feature=1 28 0 31 31 0 28 6 0 16 1 5 45 31
split_gain=18252.6 5134.61 3028.99 1107.66 906.245 628.031 512.799 454.223 440.086 428.617 325.878 314.297 303.103 285.057
threshold=19.645833333333339 8.7409722222222239 27.645833333333339 4.5000000000000009 4.5000000000000009 3.8125000000000004 22.550694444444449 0.99945175438596501 35.270833333333336 -0.22252093395631442 12.35416666666667 0.97916666666666685 15.500000000000002 13.500000000000002
decision_type=2 2 2 2 2 2 2 2 2 2 2 2 2 2
left_child=1 5 3 9 7 -1 -5 -3 -4 11 -6 -2 -11 -8
right_child=2 4 8 6 10 -7 13 -9 -10 12 -12 -13 -14 -15
leaf_value=-0.09344244904340207 -0.022143173847530961 -0.034629439840882549 0.11317541928458824 0.049866366623318753 -0.021313937745355019 -0.054914768548025239 0.085501535570279369 -0.0042675456239349629 0.18356601782564849 0.010877405719314566 0.017393899949636006 0.060894203335046776 0.062920559556773198 0.21240487020948662
leaf_weight=2717 731 3731 1370 2220 697 1732 1164 1839 265 544 2473 135 576 46
leaf_count=2717 731 3731 1370 2220 697 1732 1164 1839 265 544 2473 135 576 46
internal_value=1.58432e-10 -0.0347173 0.0649393 0.0469334 -0.0124589 -0.0784436 0.0641393 -0.0246051 0.124584 0.0172173 0.00888306 -0.00919855 0.0376425 0.090326
internal_weight=20240 13189 7051 5416 8740 4449 3430 5570 1635 1986 3170 866 1120 1210
internal_count=20240 13189 7051 5416 8740 4449 3430 5570 1635 1986 3170 866 1120 1210
is_linear=0
shrinkage=0.05


Tree=40
num_leaves=15
num_cat=0
split_feature=1 26 1 31 31 45 31 1 6 6 10 31 38 31
split_gain=16597.7 4087.5 3175.23 1210.76 827.218 790.079 593.157 550.858 402.272 390.029 375.139 333.763 260.538 260.186
threshold=17.187500000000004 25.235119047619055 8.9791666666666696 3.5000000000000004 5.5000000000000009 16.500000000000004 2.5000000000000004 35.937500000000007 0.99619046236902453 0.9980099482784569 3.5000000000000004 7.5000000000000009 122.50000000000001 1.5000000000000002
decision_type=2 2 2 2 2 2 2 2 2 2 2 2 2 2
left_child=2 3 -1 9 -3 11 8 -6 -4 13 -7 -5 -12 -2
right_child=1 4 6 5 7 10 -8 -9 -10 -11 12 -13 -14 -15
leaf_value=-0.082665342782980142 -0.041414626939229107 0.061296271870131841 -0.053975450186554447 0.020171952210708565 0.099745938550896154 0.09347455175108009 -0.012396271164177103 0.16021213686002511 -0.013546852830279156 0.056653435751254755 0.0038641901076993065 0.05010775844322235 0.077545997597415442 0.000940291357326647
leaf_weight=3429 507 661 2019 2561 796 916 4293 715 885 241 252 1463 229 1273
leaf_count=3429 507 661 2019 2561 796 916 4293 715 885 241 252 1463 229 1273
internal_value=7.343e-11 0.0476016 -0.0430681 0.0299887 0.107949 0.0423026 -0.0242021 0.128358 -0.0416548 -0.00304144 0.074699 0.0310557 0.0389435 -0.0111237
internal_weight=20240 9614 10626 7442 2172 5421 7197 1511 2904 2021 1397 4024 481 1780
internal_count=20240 9614 10626 7442 2172 5421 7197 1511 2904 2021 1397 4024 481 1780
is_linear=0
shrinkage=0.05


Tree=41
num_leaves=15
num_cat=0
split_feature=0 0 0 31 37 28 0 44 6 31 31 31 1 45
split_gain=14979.5 4151.05 2576.46 726.833 563.01 508.892 404.107 392.108 389.505 354.859 314.994 296.539 289.715 288.858
threshold=17.020833333333339 8.3958333333333339 27.354166666666668 6.5000000000000009 46.237500000000004 26.006944444444446 36.812500000000007 1.0000000180025095e-35 0.7995064831002332 1.5000000000000002 3.5000000000000004 13.500000000000002 17.187500000000004 15.500000000000002
decision_type=2 2 2 2 2 2 2 2 2 2 2 2 2 2
left_child=1 4 5 9 -1 7 11 -2 -5 -3 -6 -4 -11 -9
right_child=2 3 6 8 10 -7 -8 13 -10 12 -12 -13 -14 -15
leaf_value=-0.085858204387150402 0.023795208089615296 -0.039131817107301563 0.09437481502781947 0.06764015532866556 -0.059086692743211301 0.085459908290412473 0.1798631948557623 0.033057013900297805 0.0055956958589339235 -0.018185879054424894 -0.0052949958865932817 0.16193179878299935 0.0068680921670805362 0.071117234874342058
leaf_weight=2535 2857 1439 1386 376 1758 574 188 967 773 4271 322 184 1581 1029
leaf_count=2535 2857 1439 1386 376 1758 574 188 967 773 4271 322 184 1581 1029
internal_value=-1.30638e-10 -0.0319108 0.0579813 -0.0110623 -0.070039 0.0409402 0.110588 0.0356746 0.0258992 -0.0168871 -0.0507593 0.102292 -0.0114172 0.0526782
internal_weight=20240 13055 7185 8440 4615 5427 1758 4853 1149 7291 2080 1570 5852 1996
internal_count=20240 13055 7185 8440 4615 5427 1758 4853 1149 7291 2080 1570 5852 1996
is_linear=0
shrinkage=0.05


Tree=42
num_leaves=15
num_cat=1
split_feature=0 0 26 39 39 10 50 1 31 1 31 7 33 7
split_gain=13578.9 3707.58 2310.96 763.764 677.537 672.311 506.414 475.53 453.097 405.834 301.923 325.494 283.42 331.613
threshold=12.937500000000002 23.104166666666668 6.2752976190476204 38.500000000000007 27.500000000000004 3.5000000000000004 0 35.937500000000007 1.5000000000000002 19.770833333333339 8.5000000000000018 0.20950246104649337 1.5000000000000002 0.0020060200722730741
decision_type=2 2 2 2 2 2 1 2 2 2 2 2 2 2
left_child=2 4 -1 5 12 6 -3 -5 -4 -6 -11 -12 13 -2
right_child=1 3 8 7 9 -7 -8 -9 -10 10 11 -13 -14 -15
leaf_value=-0.077185176458970897 0.024560753759866511 0.15111732452909354 -0.0468770269229144 0.08919505504316641 0.015784846206242192 0.019109786770501472 0.061556985826634825 0.14532280730549246 -0.017650879450683853 0.038535699936364409 0.048049579160408931 0.12685952034693113 0.032428830983536314 -0.01448935447623877
leaf_weight=3118 765 234 1795 1017 1586 593 632 600 5077 1700 308 228 708 1879
leaf_count=3118 765 234 1795 1017 1586 593 632 600 5077 1700 308 228 708 1879
internal_value=6.93326e-11 0.0404313 -0.0414836 0.0863555 0.0207404 0.0601263 0.0882127 0.110022 -0.0252849 0.0351305 0.0488524 0.0815732 0.00433266 -0.00319082
internal_weight=20240 10250 9990 3076 7174 1459 866 1617 6872 3822 2236 536 3352 2644
internal_count=20240 10250 9990 3076 7174 1459 866 1617 6872 3822 2236 536 3352 2644
cat_boundaries=0 1
cat_threshold=32
is_linear=0
shrinkage=0.05


Tree=43
num_leaves=15
num_cat=0
split_feature=1 26 1 31 31 45 31 1 10 6 31 10 6 15
split_gain=12295.9 3066.3 2354.3 966.248 684.687 628.757 452.061 449.765 418.313 343.766 331.37 247.505 227.091 221.232
threshold=17.187500000000004 25.235119047619055 8.9791666666666696 2.5000000000000004 5.5000000000000009 16.500000000000004 2.5000000000000004 35.937500000000007 3.5000000000000004 0.99619046236902453 7.5000000000000009 5.5000000000000009 0.99945175438596501 -0.8783796973249266
decision_type=2 2 2 2 2 2 2 2 2 2 2 2 2 2
left_child=2 3 -1 12 13 10 9 -6 -7 -4 -5 -10 -2 -3
right_child=1 4 6 5 7 8 -8 -9 11 -11 -12 -13 -14 -15
leaf_value=-0.071160243555150285 -0.022630047941310866 -0.003526847669535814 -0.04744440560393122 0.0150158795633464 0.085958500018216977 0.079947295697621601 -0.010512213277652269 0.14059532273163486 0.0078866760624871166 -0.010071214420726197 0.043811029137597761 0.07797555938384243 0.051577265364559081 0.066202399779667229
leaf_weight=3429 1078 146 2019 3151 796 1017 4293 715 443 885 1463 176 114 515
leaf_count=3429 1078 146 2019 3151 796 1017 4293 715 443 885 1463 176 114 515
internal_value=5.25375e-06 0.0409764 -0.0370639 0.0257215 0.0932449 0.0335895 -0.0208187 0.111812 0.0602224 -0.0360548 0.0241462 0.027815 -0.015533 0.0508008
internal_weight=20240 9614 10626 7442 2172 6250 7197 1511 1636 2904 4614 619 1192 661
internal_count=20240 9614 10626 7442 2172 6250 7197 1511 1636 2904 4614 619 1192 661
is_linear=0
shrinkage=0.05


Tree=44
num_leaves=15
num_cat=0
split_feature=1 0 0 31 16 0 0 45 5 31 0 31 31 31
split_gain=11147.6 3177.17 1924.24 823.182 507.062 481.951 472.939 454.119 393.322 354.729 305.128 301.698 275.054 245.68
threshold=19.645833333333339 8.7708333333333339 27.645833333333339 8.5000000000000018 -0.22252093395631442 15.47916666666667 1.5625000000000002 16.500000000000004 0.56250000000000011 2.5000000000000004 36.812500000000007 12.500000000000002 1.5000000000000002 13.500000000000002
decision_type=2 2 2 2 2 2 2 2 2 2 2 2 2 2
left_child=1 6 3 4 9 -3 -1 -6 11 -2 13 -5 -8 -4
right_child=2 5 10 8 7 -7 12 -9 -10 -11 -12 -13 -14 -15
leaf_value=-0.074194482453513733 -0.043907319117582388 -0.015906110426090674 0.08266955284203574 0.085353910693926102 0.022195108329179605 0.010815617566616401 -0.062088670417518192 0.064705665464524151 0.036552778226552049 0.016419008145312733 0.15821933585040748 0.1782719439853771 -0.027627574584828136 0.14465500979679205
leaf_weight=2528 289 5965 1264 546 1389 2353 1046 1147 387 1554 188 104 1297 183
leaf_count=2528 289 5965 1264 546 1389 2353 1046 1147 387 1554 188 104 1297 183
internal_value=4.99115e-06 -0.0271266 0.050755 0.0364036 0.0269176 -0.00834705 -0.0591955 0.0414221 0.0764604 0.00695926 0.0982944 0.100221 -0.0430123 0.0905088
internal_weight=20240 13189 7051 5416 4379 8318 4871 2536 1037 1843 1635 650 2343 1447
internal_count=20240 13189 7051 5416 4379 8318 4871 2536 1037 1843 1635 650 2343 1447
is_linear=0
shrinkage=0.05


Tree=45
num_leaves=15
num_cat=0
split_feature=0 28 0 31 39 37 1 39 10 37 31 1 10 45
split_gain=10132.8 2935.72 1655.28 728.079 432.844 345.554 339.771 300.822 292.537 303.849 289.394 287.3 268.288 503.29
threshold=17.562500000000004 8.7409722222222239 27.937500000000004 4.5000000000000009 38.500000000000007 50.412500000000001 27.437500000000004 38.500000000000007 3.5000000000000004 64.612500000000011 1.0000000180025095e-35 12.35416666666667 3.5000000000000004 20.500000000000004
decision_type=2 2 2 2 2 2 2 2 2 2 2 2 2 2
left_child=1 5 4 10 12 -1 -6 8 9 -4 -3 -5 13 -2
right_child=2 3 7 11 6 -7 -8 -9 -10 -11 -12 -13 -14 -15
leaf_value=-0.070485518446537096 0.024044181662074643 -0.057485201932699376 0.032053761743009092 -0.01685394509591916 0.030356796008128475 -0.04232045843409895 0.074576285378227747 0.11530172461784523 0.024605979457792998 0.12997483799871615 -0.01573893729591885 0.019765956423941852 0.0098422288126067126 0.080478842287352415
leaf_weight=2546 1615 449 119 697 729 1903 1075 877 227 237 5505 2313 1425 523
leaf_count=2546 1615 449 119 697 729 1903 1075 877 227 237 5505 2313 1425 523
internal_value=4.74154e-06 -0.0252348 0.0495928 -0.00875527 0.0367517 -0.0584383 0.0567071 0.096797 0.0689605 0.0972428 -0.0188871 0.0112862 0.026648 0.0378493
internal_weight=20240 13413 6827 8964 5367 4449 1804 1460 583 356 5954 3010 3563 2138
internal_count=20240 13413 6827 8964 5367 4449 1804 1460 583 356 5954 3010 3563 2138
is_linear=0
shrinkage=0.05


Tree=46
num_leaves=15
num_cat=1
split_feature=0 0 0 31 39 50 10 39 31 1 1 16 32 32
split_gain=9155.71 2571.88 1533.24 581.064 525.027 468.847 610.183 317.282 302.397 301.031 281.859 241.635 238.92 233.396
threshold=12.85416666666667 23.104166666666668 5.854166666666667 10.500000000000002 27.500000000000004 0 3.5000000000000004 35.500000000000007 1.0000000180025095e-35 31.854166666666668 19.729166666666668 -0.22252093395631442 3.5000000000000004 6.5000000000000009
decision_type=2 2 2 2 2 1 2 2 2 2 2 2 2 2
left_child=2 4 -1 5 -2 6 -3 -7 -4 -5 -6 -12 -8 -10
right_child=1 3 8 9 10 7 12 -9 13 -11 11 -13 -14 -15
leaf_value=-0.062556664268929391 0.002472886765594701 0.14246288495655987 -0.056533441448680104 0.031607495096512138 0.013160507893049884 0.021757597214929987 0.014991324985003919 0.064805759149906703 -0.019300990708642721 0.12548095156860531 0.020274641634095716 0.053766960156398882 0.10618077434620565 0.034592304916049428
leaf_weight=3252 3443 349 539 100 1581 788 207 937 5879 585 884 1378 110 208
leaf_count=3252 3443 349 539 100 1581 788 207 937 5879 585 884 1378 110 208
internal_value=4.50443e-06 0.0328385 -0.0344383 0.0711761 0.0166531 0.0595444 0.0954181 0.0448807 -0.0206379 0.111777 0.0293574 0.040678 0.0466344 -0.0174594
internal_weight=20240 10362 9878 3076 7286 2391 666 1725 6626 685 3843 2262 317 6087
internal_count=20240 10362 9878 3076 7286 2391 666 1725 6626 685 3843 2262 317 6087
cat_boundaries=0 1
cat_threshold=32
is_linear=0
shrinkage=0.05


Tree=47
num_leaves=15
num_cat=0
split_feature=1 26 0 31 31 45 1 10 0 31 10 37 7 6
split_gain=8316.29 2089.87 1579.89 726.357 513.577 439.974 369.965 339.113 253.632 237.488 212.38 201.528 197.998 192.042
threshold=17.187500000000004 25.235119047619055 7.2708333333333348 2.5000000000000004 5.5000000000000009 16.500000000000004 35.937500000000007 3.5000000000000004 10.520833333333334 7.5000000000000009 5.5000000000000009 88.662500000000009 0.0020060200722730741 0.99945175438596501
decision_type=2 2 2 2 2 2 2 2 2 2 2 2 2 2
left_child=2 3 -1 13 11 9 -6 -7 -4 12 -9 -3 -5 -2
right_child=1 4 8 5 6 7 -8 10 -10 -11 -12 -13 -14 -15
leaf_value=-0.056215814348611642 -0.021189937079411306 0.0046915495229666706 -0.027320643416787888 0.032385045263625151 0.069482675919981432 0.067965312623702756 0.11903601533336031 0.0025667362055966196 -0.0077805247102181591 0.036675139043005268 0.067492006924691275 0.061622428428664937 0.0044774376458531114 0.047050962395140936
leaf_weight=3820 1078 250 2876 883 796 1017 715 443 3930 1463 176 411 2268 114
leaf_count=3820 1078 250 2876 883 796 1017 715 443 3930 1463 176 411 2268 114
internal_value=4.27929e-06 0.033699 -0.0304815 0.0211051 0.0768502 0.0279269 0.0929311 0.0502056 -0.0160376 0.0200274 0.0210269 0.0400903 0.0122979 -0.0146635
internal_weight=20240 9614 10626 7442 2172 6250 1511 1636 6806 4614 619 661 3151 1192
internal_count=20240 9614 10626 7442 2172 6250 1511 1636 6806 4614 619 661 3151 1192
is_linear=0
shrinkage=0.05


Tree=48
num_leaves=15
num_cat=1
split_feature=1 1 31 39 1 31 50 7 0 31 31 37 6 15
split_gain=7532.14 2161.8 1410.37 741.511 493.759 475.069 392.785 357.261 304.039 289.942 277.717 290.375 240.745 209.416
threshold=19.645833333333339 10.35416666666667 8.5000000000000018 34.500000000000007 31.437500000000004 2.5000000000000004 0 0.53812656641604029 30.854166666666668 2.5000000000000004 13.500000000000002 66.137500000000017 0.99945175438596501 -0.8783796973249266
decision_type=2 2 2 2 2 2 1 2 2 2 2 2 2 2
left_child=1 7 3 6 -4 12 -2 -1 13 -8 11 -6 -3 -5
right_child=2 5 4 8 10 -7 9 -9 -10 -11 -12 -13 -14 -15
leaf_value=-0.033551503385450314 0.045159247853544526 -0.03282435817557304 0.042536491698143157 0.0086797967960236359 0.062889841610514391 0.0018028529337688441 -0.038555018074061108 -0.060209905263135494 0.10095792209614181 0.010953044072690812 0.14244035269396427 0.1197600128621918 0.0035808950646613173 0.053154000593896217
leaf_weight=2326 754 1939 598 327 573 5597 343 2734 279 2146 273 369 593 1389
leaf_count=2326 754 1939 598 327 573 5597 343 2734 279 2146 273 369 593 1389
internal_value=4.06522e-06 -0.0222979 0.0417202 0.0285641 0.0797299 -0.00632703 0.013809 -0.0479555 0.0525496 0.00411399 0.0980358 0.085167 -0.0242982 0.044679
internal_weight=20240 13189 7051 5238 1813 8129 3243 5060 1995 2489 1215 942 2532 1716
internal_count=20240 13189 7051 5238 1813 8129 3243 5060 1995 2489 1215 942 2532 1716
cat_boundaries=0 1
cat_threshold=32
is_linear=0
shrinkage=0.05


Tree=49
num_leaves=15
num_cat=0
split_feature=0 28 28 31 29 39 37 10 6 31 1 10 45 31
split_gain=6841.95 2011.7 1145.49 473.697 372.65 333.506 305.064 286.353 276.344 262.541 261.969 258.502 295.16 230.785
threshold=17.562500000000004 9.5847222222222239 26.888194444444448 6.5000000000000009 0.6894810418476317 42.500000000000007 83.162500000000023 3.5000000000000004 0.7995064831002332 1.5000000000000002 31.854166666666668 3.5000000000000004 10.500000000000002 6.5000000000000009
decision_type=2 2 2 2 2 2 2 2 2 2 2 2 2 2
left_child=1 4 6 9 -1 11 13 10 -5 -3 -8 12 -4 -2
right_child=2 3 5 8 -6 -7 7 -9 -10 -11 -12 -13 -14 -15
leaf_value=-0.057738691486013939 0.0044089784702761071 -0.03070359134985436 0.029878298365827945 0.057227390133865755 -0.031657480234616446 0.10163829160302006 0.044139720816580102 0.022876514157415519 0.007011244547265736 -0.0051352044638590137 0.093827606471461045 0.021140299720761296 0.1092423593394901 0.031919775500817378
leaf_weight=2596 1404 1230 191 414 2899 768 853 930 810 5464 385 325 303 1668
leaf_count=2596 1404 1230 191 414 2899 768 853 930 810 5464 385 325 303 1668
internal_value=4.97776e-06 -0.0207349 0.0407527 -0.0046038 -0.043979 0.0779685 0.0294814 0.0438422 0.0239961 -0.00983331 0.0595919 0.0557726 0.0785571 0.0193465
internal_weight=20240 13413 6827 7918 5495 1587 5240 2168 1224 6694 1238 819 494 3072
internal_count=20240 13413 6827 7918 5495 1587 5240 2168 1224 6694 1238 819 494 3072
is_linear=0
shrinkage=0.05


Tree=50
num_leaves=15
num_cat=1
split_feature=1 0 0 31 31 50 10 31 7 6 32 37 32 39
split_gain=6209.59 1597.47 1174.63 446.918 426.499 387.214 566.322 262.554 368.435 250.606 239.504 214.147 212.745 205.263
threshold=17.187500000000004 23.104166666666668 8.7708333333333339 2.5000000000000004 13.500000000000002 0 3.5000000000000004 8.5000000000000018 0.19469666532744082 0.99945175438596501 1.5000000000000002 86.312500000000014 3.5000000000000004 24.500000000000004
decision_type=2 2 2 2 2 1 2 2 2 2 2 2 2 2
left_child=2 3 10 -2 5 6 -3 11 -9 13 -1 -5 -8 -7
right_child=1 4 -4 7 -6 9 12 8 -10 -11 -12 -13 -14 -15
leaf_value=-0.053067998979389588 -0.012787838216405362 0.12650531397844064 -0.011306032828709775 0.0091204560522593625 0.11934765472279905 -0.011908661198832061 0.007223530394430651 0.023210463041345254 0.088365196807658877 0.076959067132868597 -0.02971265975747351 0.033747168967277565 0.092136719004300094 0.03998533394120584
leaf_weight=3072 1175 394 5846 3153 266 219 209 661 323 407 1708 1226 114 1467
leaf_count=3072 1175 394 5846 3153 266 219 209 661 323 407 1708 1226 114 1467
internal_value=4.72877e-06 0.0291205 -0.0263382 0.0151406 0.0588348 0.0531065 0.0850845 0.0212595 0.0445976 0.0415468 -0.0447226 0.0160153 0.0371929 0.0332447
internal_weight=20240 9614 10626 6538 3076 2810 717 5363 984 2093 4780 4379 323 1686
internal_count=20240 9614 10626 6538 3076 2810 717 5363 984 2093 4780 4379 323 1686
cat_boundaries=0 1
cat_threshold=32
is_linear=0
shrinkage=0.05


Tree=51
num_leaves=15
num_cat=1
split_feature=0 28 0 31 50 39 10 31 44 6 7 1 1 32
split_gain=5635.45 1619.2 927.243 579.768 418.468 411.468 401.053 317.118 260.29 241.266 232.789 216.502 198.728 185.248
threshold=12.770833333333334 23.174305555555559 4.2708333333333348 9.5000000000000018 0 24.500000000000004 3.5000000000000004 1.0000000180025095e-35 1.0000000180025095e-35 0.99945175438596501 0.0020060200722730741 35.937500000000007 27.520833333333339 6.5000000000000009
decision_type=2 2 2 2 1 2 2 2 2 2 2 2 2 2
left_child=2 5 -1 4 6 10 -3 -4 -7 -6 -2 -5 -10 -9
right_child=1 3 7 11 9 8 -8 13 12 -11 -12 -13 -14 -15
leaf_value=-0.051467365500290164 0.021667888045134455 0.11009884893398297 -0.051184346279212381 0.070247615708887753 0.019731840112105707 0.014083287273999484 0.035344158267253081 -0.015651404168045526 0.019638446513414273 0.082494616345770058 -0.011248184951575783 0.12229125505960692 0.05630178063339554 0.032892044978170415
leaf_weight=2808 736 385 634 464 1276 3230 336 6168 687 174 1988 351 800 203
leaf_count=2808 736 385 634 464 1276 3230 336 6168 687 174 1988 351 800 203
internal_value=4.49234e-06 0.0255992 -0.0271917 0.0567028 0.0432039 0.0131176 0.0742321 -0.0174606 0.0220526 0.0270766 -0.00235456 0.0926615 0.0393632 -0.0141047
internal_weight=20240 10427 9813 2986 2171 7441 721 7005 4717 1450 2724 815 1487 6371
internal_count=20240 10427 9813 2986 2171 7441 721 7005 4717 1450 2724 815 1487 6371
cat_boundaries=0 1
cat_threshold=32
is_linear=0
shrinkage=0.05


Tree=52
num_leaves=15
num_cat=1
split_feature=28 0 0 31 50 10 31 6 1 16 31 6 32 37
split_gain=5105.34 1485.56 840.926 470.581 397.04 407.613 370.623 270.019 238.053 201.658 200.536 335.973 170.577 168.188
threshold=13.270138888888892 21.729166666666668 7.6875000000000009 10.500000000000002 0 3.5000000000000004 2.5000000000000004 0.99736494931259556 31.437500000000004 -0.22252093395631442 8.5000000000000018 0.7995064831002332 3.5000000000000004 80.912500000000009
decision_type=2 2 2 2 1 2 2 2 2 2 2 2 2 2
left_child=2 6 -1 4 5 -3 -2 9 -5 -6 13 -12 -7 -8
right_child=1 3 -4 8 7 12 10 -9 -10 -11 11 -13 -14 -15
leaf_value=-0.043439585152935965 -0.01537327140522602 0.10951981706602965 -0.013647968230083943 0.013997988960686693 0.0043601034134943262 0.0096438683732743211 0.0057658780417555898 0.070360554219223562 0.097786122186489077 0.038408350343076693 0.084544692467589458 0.019126735157534949 0.084496485798113183 0.026670986492747812
leaf_weight=4057 1133 384 5692 98 845 229 3458 344 628 896 264 765 114 1333
leaf_count=4057 1133 384 5692 98 845 229 3458 344 628 896 264 765 114 1333
internal_value=4.26761e-06 0.0242117 -0.0260456 0.050588 0.0413225 0.0731298 0.0107903 0.0297385 0.0864759 0.0218829 0.0158836 0.0359104 0.034522 0.0115823
internal_weight=20240 10491 9749 3538 2812 727 6953 2085 726 1741 5820 1029 343 4791
internal_count=20240 10491 9749 3538 2812 727 6953 2085 726 1741 5820 1029 343 4791
cat_boundaries=0 1
cat_threshold=32
is_linear=0
shrinkage=0.05


Tree=53
num_leaves=15
num_cat=1
split_feature=1 0 28 31 50 45 0 31 32 16 1 45 7 28
split_gain=4628.89 1138.04 966.353 476.89 286.431 285.705 233.484 225.249 220.766 219.009 246.761 209.102 206.963 165.694
threshold=17.812500000000004 26.812500000000004 8.7409722222222239 5.5000000000000009 0 19.500000000000004 36.104166666666679 2.5000000000000004 4.5000000000000009 -0.22252093395631442 35.937500000000007 23.500000000000004 0.0034782713898567912 0.68819444444444455
decision_type=2 2 2 2 1 2 2 2 2 2 2 2 2 2
left_child=2 3 13 4 11 -5 9 -6 12 -3 -11 -2 -4 -1
right_child=1 6 8 5 7 -7 -8 -9 -10 10 -12 -13 -14 -15
leaf_value=-0.049304330875804103 0.019649671914157087 0.035085252140620249 -0.0019819640343541811 0.023456963153528129 -0.028189376018887154 0.05932988582672092 0.1081374700791594 0.0047562097132347585 0.0064741613053741209 0.048936835353785374 0.10225060275502283 0.093162796587332938 -0.022892072956783711 -0.029961841298449587
leaf_weight=2276 1008 803 1919 2695 691 699 226 2082 1597 523 371 107 3087 2156
leaf_count=2276 1008 803 1919 2695 691 699 226 2082 1597 523 371 107 3087 2156
internal_value=4.05429e-06 0.0261845 -0.0218347 0.0171501 0.00519518 0.0308451 0.060396 -0.00344105 -0.00971255 0.0540379 0.0710615 0.0264669 -0.0148764 -0.0398949
internal_weight=20240 9205 11035 7282 3888 3394 1923 2773 6603 1697 894 1115 5006 4432
internal_count=20240 9205 11035 7282 3888 3394 1923 2773 6603 1697 894 1115 5006 4432
cat_boundaries=0 1
cat_threshold=32
is_linear=0
shrinkage=0.05


Tree=54
num_leaves=15
num_cat=0
split_feature=0 1 0 31 39 5 31 16 1 5 10 37 28 31
split_gain=4196.67 1282.59 726.265 413.156 276.037 219.833 230.722 210.875 246.557 210.651 238.995 205.148 190.666 180.24
threshold=17.562500000000004 10.35416666666667 28.854166666666668 3.5000000000000004 38.500000000000007 0.68750000000000011 12.500000000000002 -0.22252093395631442 37.520833333333336 0.97916666666666685 3.5000000000000004 74.237500000000011 0.68819444444444455 9.5000000000000018
decision_type=2 2 2 2 2 2 2 2 2 2 2 2 2 2
left_child=1 12 4 11 7 6 -6 9 -9 10 -2 -3 -1 -5
right_child=2 3 -4 13 5 -7 -8 8 -10 -11 -12 -13 -14 -15
leaf_value=-0.046839113897964794 0.020640415545564058 -0.028893055694314936 0.066112499005537853 0.0042528642331065873 0.048028928709816066 0.021455954757546698 0.13148433056015235 0.01740528901451063 0.058876505969437942 0.024476409619503814 -0.03218877486860916 -0.0061825305573311763 -0.027328936205708226 0.049488334745656337
leaf_weight=2276 336 1687 1265 4011 921 889 91 1648 458 629 590 2422 2784 233
leaf_count=2276 336 1687 1265 4011 921 889 91 1648 458 629 590 2422 2784 233
internal_value=3.85165e-06 -0.0162393 0.0319167 -0.00420539 0.0241393 0.0395971 0.0555333 0.0161128 0.0264242 0.00214757 -0.0130197 -0.0155066 -0.0361047 0.00673634
internal_weight=20240 13413 6827 8353 5562 1901 1012 3661 2106 1555 926 4109 5060 4244
internal_count=20240 13413 6827 8353 5562 1901 1012 3661 2106 1555 926 4109 5060 4244
is_linear=0
shrinkage=0.05


Tree=55
num_leaves=15
num_cat=0
split_feature=1 1 31 37 31 1 31 43 15 0 6 6 16 44
split_gain=3824.71 1025.17 869.497 482.908 364.296 297.173 270.547 253.992 221.457 234.629 179.776 177.419 148.652 146.627
threshold=17.979166666666668 10.35416666666667 9.5000000000000018 91.33750000000002 3.5000000000000004 31.604166666666668 2.5000000000000004 18.928571428571434 1.0000000180025095e-35 21.937500000000004 0.99945175438596501 0.99945175438596501 -0.22252093395631442 1.0000000180025095e-35
decision_type=2 2 2 2 2 2 2 2 2 2 2 2 2 2
left_child=1 11 3 4 -2 -4 10 12 -5 -10 -3 -1 -6 -7
right_child=2 6 5 8 7 13 -8 -9 9 -11 -12 -13 -14 -15
leaf_value=-0.038630683317188587 -0.013798303926818557 -0.026857287511061145 0.029887337744592086 0.028188917953833326 -0.0043937983210180533 0.061782117890357181 0.0012041778435114194 0.037516366363342546 0.03791108026519148 0.097412613859049049 0.0052036301178911039 -0.014061002814260024 0.021004990918277566 0.10179518379275372
leaf_weight=4168 1056 1815 425 937 1032 491 5173 1277 352 313 576 892 1304 429
leaf_count=4168 1056 1815 425 937 1032 491 5173 1277 352 313 576 892 1304 429
internal_value=3.65907e-06 -0.0168785 0.027987 0.0201629 0.0120354 0.0644664 -0.00522468 0.0195861 0.0438501 0.0659171 -0.0191337 -0.0342994 0.00978429 0.0804404
internal_weight=20240 12624 7616 6271 4669 1345 7564 3613 1602 665 2391 5060 2336 920
internal_count=20240 12624 7616 6271 4669 1345 7564 3613 1602 665 2391 5060 2336 920
is_linear=0
shrinkage=0.05


Tree=56
num_leaves=15
num_cat=0
split_feature=0 28 1 31 39 31 1 15 31 37 7 37 45 10
split_gain=3461.29 1010.72 575.398 411.187 294.739 246.885 230.221 216.288 206.763 211.004 201.897 188.915 188.183 303.61
threshold=12.770833333333334 23.174305555555559 8.8541666666666696 5.5000000000000009 24.500000000000004 1.0000000180025095e-35 35.937500000000007 -0.8783796973249266 13.500000000000002 67.987500000000011 0.0020060200722730741 94.387500000000017 15.500000000000002 3.5000000000000004
decision_type=2 2 2 2 2 2 2 2 2 2 2 2 2 2
left_child=2 4 -1 7 10 -4 -5 -3 9 -8 -2 -9 -6 -14
right_child=1 3 5 6 12 -7 8 11 -10 -11 -12 -13 13 -15
leaf_value=-0.039207396141946543 0.019477821201858998 -0.024292341742944798 -0.044216252290895333 0.043130810969536394 0.012438720393409564 -0.010171261825319446 0.04100258197515369 0.012876028055141819 0.15022766893221573 0.093887955260313585 -0.011176479543053508 0.06373715587319774 0.059735657453718893 0.0052120083370424224
leaf_weight=3081 736 226 583 1121 3673 6149 353 508 88 405 1988 285 599 445
leaf_count=3081 736 226 583 1121 3673 6149 353 508 88 405 1988 285 599 445
internal_value=3.47608e-06 0.0200623 -0.0213104 0.0446364 0.0102009 -0.0131196 0.057991 0.0188577 0.0776815 0.0692593 -0.00289397 0.0311552 0.0177631 0.0364952
internal_weight=20240 10427 9813 2986 7441 6732 1967 1019 846 758 2724 793 4717 1044
internal_count=20240 10427 9813 2986 7441 6732 1967 1019 846 758 2724 793 4717 1044
is_linear=0
shrinkage=0.05


Tree=57
num_leaves=15
num_cat=0
split_feature=1 1 39 10 45 4 1 10 39 31 15 28 32 45
split_gain=3147.08 914.659 758.487 387.868 439.607 296.948 280.216 254.08 237.596 188.467 164.736 149.985 144.388 137.158
threshold=19.645833333333339 10.35416666666667 38.500000000000007 3.5000000000000004 10.500000000000002 0.97916666666666685 35.937500000000007 5.5000000000000009 17.500000000000004 8.5000000000000018 -0.8783796973249266 0.65486111111111123 2.5000000000000004 16.500000000000004
decision_type=2 2 2 2 2 2 2 2 2 2 2 2 2 2
left_child=1 11 3 4 -2 7 -4 12 -3 -6 -8 -1 -5 -12
right_child=2 8 6 5 9 -7 10 -9 -10 -11 13 -13 -14 -15
leaf_value=-0.040940447018255541 0.0027707576434875883 -0.018850521891909371 0.038410487674723139 -0.056556902655894394 0.035502224769171746 0.034734614380527135 0.021170323345268895 0.014399295176478033 0.00090434380523607611 0.080182603175998249 0.062372903639588188 -0.023569943807156886 -0.015023332376316654 0.11075947626781675
leaf_weight=2194 1117 2028 1908 328 1231 396 117 498 6101 292 298 2866 578 288
leaf_count=2194 1117 2028 1908 328 1231 396 117 498 6101 292 298 2866 578 288
internal_value=3.30224e-06 -0.0144125 0.0269682 0.0143926 0.0265953 -0.00350466 0.0483531 -0.0142901 -0.00402404 0.0440687 0.0753382 -0.0311017 -0.0300598 0.0861533
internal_weight=20240 13189 7051 4440 2640 1800 2611 1404 8129 1523 703 5060 906 586
internal_count=20240 13189 7051 4440 2640 1800 2611 1404 8129 1523 703 5060 906 586
is_linear=0
shrinkage=0.05


Tree=58
num_leaves=15
num_cat=0
split_feature=1 31 23 1 37 16 7 31 37 31 31 31 1 5
split_gain=2858.09 760.662 546.929 405.281 341.25 246.703 242.082 237.418 283.52 227.303 222.775 200.48 181.883 158.86
threshold=17.187500000000004 7.5000000000000009 5.0208333333333348 31.562500000000004 86.312500000000014 -0.22252093395631442 0.0020060200722730741 12.500000000000002 88.037500000000009 1.0000000180025095e-35 2.5000000000000004 3.5000000000000004 37.270833333333336 0.56250000000000011
decision_type=2 2 2 2 2 2 2 2 2 2 2 2 2 2
left_child=2 4 -1 13 6 10 -2 8 -5 -4 -6 -8 -7 -3
right_child=1 3 9 7 5 12 11 -9 -10 -11 -12 -13 -14 -15
leaf_value=-0.036184058654637662 0.025541104634362821 0.048597269012922578 -0.039895359087834717 0.033301226174586841 -0.027733292508577746 0.027242814114576186 -0.023168733461895599 0.092410626550577094 0.090067571840673863 -0.0082962208262030591 0.020772254844862975 0.0036179148375748101 0.066875686280668714 0.010851358436319895
leaf_weight=2946 807 384 619 901 331 1099 1037 383 291 7061 831 2140 393 1017
leaf_count=2946 807 384 619 901 331 1099 1037 383 291 7061 831 2140 393 1017
internal_value=3.13714e-06 0.0197562 -0.0178687 0.0407609 0.0103393 0.0242291 0.00108635 0.0581634 0.0471595 -0.0108431 0.00695527 -0.00512548 0.0376823 0.0211971
internal_weight=20240 9614 10626 2976 6638 2654 3984 1575 1192 7680 1162 3177 1492 1401
internal_count=20240 9614 10626 2976 6638 2654 3984 1575 1192 7680 1162 3177 1492 1401
is_linear=0
shrinkage=0.05


Tree=59
num_leaves=15
num_cat=0
split_feature=0 0 24 39 10 45 4 1 39 7 31 10 31 32
split_gain=2595.57 769.481 423.707 311.605 327.271 218.124 210.993 187.46 181.923 169.48 160.953 138.293 135.794 124.222
threshold=12.770833333333334 21.729166666666668 7.0744047619047619 42.500000000000007 3.5000000000000004 10.500000000000002 0.97916666666666685 35.937500000000007 27.500000000000004 0.0020060200722730741 1.0000000180025095e-35 5.5000000000000009 4.5000000000000009 6.5000000000000009
decision_type=2 2 2 2 2 2 2 2 2 2 2 2 2 2
left_child=2 8 -1 4 5 -3 11 -5 9 -2 -4 -6 -11 -12
right_child=1 3 10 7 6 -7 -8 -9 -10 12 13 -13 -14 -15
leaf_value=-0.032333488068103267 0.016891118896747225 0.0096541517998324118 -0.037747185899470334 0.041714363653122755 -0.026639493147882033 0.054514802828502053 0.043334042894682699 0.080908826496452091 0.015544381589869769 -0.01794727538586631 -0.0096890705275726879 0.023417221472497279 0.0063016806617799516 0.030709076723849718
leaf_weight=3524 971 389 505 887 484 893 227 465 3539 1393 5587 193 986 197
leaf_count=3524 971 389 505 887 484 893 227 465 3539 1393 5587 193 986 197
internal_value=2.9803e-06 0.0173731 -0.018454 0.0363265 0.0246569 0.0409026 0.00161818 0.0551947 0.0076391 -0.000712185 -0.0106767 -0.0123693 -0.00789706 -0.00831313
internal_weight=20240 10427 9813 3538 2186 1282 904 1352 6889 3350 6289 677 2379 5784
internal_count=20240 10427 9813 3538 2186 1282 904 1352 6889 3350 6289 677 2379 5784
is_linear=0
shrinkage=0.05


Tree=60
num_leaves=15
num_cat=1
split_feature=1 28 31 50 39 45 15 1 39 16 6 4 6 10
split_gain=2360.98 638.26 605.791 361.441 282.833 221.59 296.968 206.149 177.884 152.211 152.174 145.267 137.314 133.201
threshold=17.979166666666668 9.5847222222222239 9.5000000000000018 0 33.500000000000007 16.500000000000004 -0.8783796973249266 31.604166666666668 17.500000000000004 -0.22252093395631442 0.9980099482784569 0.97916666666666685 0.89167217084984596 3.5000000000000004
decision_type=2 2 2 1 2 2 2 2 2 2 2 2 2 2
left_child=1 -1 3 5 10 -2 -7 12 -3 11 13 -6 -4 -5
right_child=2 8 7 4 9 6 -8 -9 -10 -11 -12 -13 -14 -15
leaf_value=-0.026083351022790621 0.018655835119043607 -0.01729499515861567 0.077335927232859591 0.0037549306396020155 -0.0088124625935449893 -0.016787479374071827 0.070830549711670174 0.065742482035522062 0.0010820808853821693 0.034976353907040743 0.031942924020195183 0.033829414844952242 0.0085955455814381628 -0.019940822761450677
leaf_weight=5487 796 1742 93 1466 537 115 608 920 5395 1136 299 318 332 996
leaf_count=5487 796 1742 93 1466 537 115 608 920 5395 1136 299 318 332 996
internal_value=2.83128e-06 -0.0132612 0.0219888 0.0154581 0.0086 0.0366151 0.0568941 0.052438 -0.0034034 0.0229827 -0.00174046 0.00704732 0.0236376 -0.00583117
internal_weight=20240 12624 7616 6271 4752 1519 723 1345 7137 1991 2761 855 425 2462
internal_count=20240 12624 7616 6271 4752 1519 723 1345 7137 1991 2761 855 425 2462
cat_boundaries=0 1
cat_threshold=32
is_linear=0
shrinkage=0.05


Tree=61
num_leaves=15
num_cat=0
split_feature=28 39 1 0 44 10 31 45 38 31 4 15 45 7
split_gain=2139.33 679.12 376.017 342.097 317.695 264.001 230.394 180.609 167.97 152.775 130.397 117.624 116.177 114.683
threshold=12.41527777777778 34.500000000000007 31.937500000000004 8.3958333333333339 1.0000000180025095e-35 3.5000000000000004 1.5000000000000002 16.500000000000004 165.50000000000003 8.5000000000000018 0.97916666666666685 -0.8783796973249266 29.500000000000004 0.0020060200722730741
decision_type=2 2 2 2 2 2 2 2 2 2 2 2 2 2
left_child=3 4 12 -1 6 7 -2 -6 11 -9 -7 -4 -3 -8
right_child=1 2 8 -5 5 10 13 9 -10 -11 -12 -13 -14 -15
leaf_value=-0.027451701292974126 -0.035206825864623675 0.015161766509126798 -0.0041073677275760652 -0.0083107073771248562 0.013625526610128343 -0.031969297946183542 0.015952437009786373 0.034629730184193859 0.070659732596546218 0.089490194258955769 0.024809060650909334 0.044045054088865748 0.049929834515889747 -0.0041754429579044334
leaf_weight=4509 498 2322 147 4840 1079 324 954 744 590 153 147 924 268 2741
leaf_count=4509 498 2322 147 4840 1079 324 954 744 590 153 147 924 268 2741
internal_value=2.68972e-06 0.0150636 0.0306681 -0.0175424 0.00507351 0.01939 -0.00328148 0.0274081 0.0492373 0.0439872 -0.0142487 0.0374359 0.0187594 0.00102131
internal_weight=20240 10891 4251 9349 6640 2447 4193 1976 1661 897 471 1071 2590 3695
internal_count=20240 10891 4251 9349 6640 2447 4193 1976 1661 897 471 1071 2590 3695
is_linear=0
shrinkage=0.05


Tree=62
num_leaves=15
num_cat=2
split_feature=1 1 39 10 45 6 1 10 31 32 50 50 6 15
split_gain=1940.65 580.117 505.912 264.79 322.585 217.948 191.097 190.944 178.62 161.537 163.404 147.556 146.866 135.69
threshold=19.729166666666668 10.35416666666667 38.500000000000007 3.5000000000000004 10.500000000000002 0.96336240709857013 35.937500000000007 5.5000000000000009 2.5000000000000004 6.5000000000000009 0 1 0.99945175438596501 1.0000000180025095e-35
decision_type=2 2 2 2 2 2 2 2 2 2 1 1 2 2
left_child=1 -1 3 4 -2 7 -4 11 12 10 -6 -5 -3 -8
right_child=2 8 6 5 9 -7 13 -9 -10 -11 -12 -13 -14 -15
leaf_value=-0.024567654470832243 0.00057850350825082474 -0.020648040249072561 0.030525034968323275 -0.0028637603969885032 0.05583105043204345 0.034121496259411528 0.043231609948901989 0.012743149611255092 0.0019468084836089011 0.095577449830749894 0.019019590355916688 -0.042492858267057988 0.00771110828968051 0.088130609402086724
leaf_weight=5060 1110 1951 1894 433 461 311 424 511 5627 106 950 527 596 279
leaf_count=5060 1110 1951 1894 433 461 311 424 511 5627 106 950 527 596 279
internal_value=2.55517e-06 -0.0112624 0.0212815 0.0109696 0.0210615 -0.00390784 0.0387882 -0.011948 -0.00302591 0.0360491 0.0315771 -0.0250909 -0.014012 0.0610507
internal_weight=20240 13234 7006 4409 2627 1782 2597 1471 8174 1517 1411 960 2547 703
internal_count=20240 13234 7006 4409 2627 1782 2597 1471 8174 1517 1411 960 2547 703
cat_boundaries=0 1 2
cat_threshold=32 44
is_linear=0
shrinkage=0.05


Tree=63
num_leaves=15
num_cat=1
split_feature=1 31 23 16 45 4 1 31 31 37 31 5 50 6
split_gain=1759.79 507.225 386.777 250.406 326.223 271.587 246.353 190.03 181.487 230.469 171.526 139.385 135.647 127.543
threshold=17.812500000000004 7.5000000000000009 5.0208333333333348 -0.22252093395631442 15.500000000000002 0.97916666666666685 31.604166666666668 2.5000000000000004 12.500000000000002 88.037500000000009 1.0000000180025095e-35 0.56250000000000011 0 0.85874520904832297
decision_type=2 2 2 2 2 2 2 2 2 2 2 2 1 2
left_child=2 3 -1 5 -5 7 11 -2 9 -8 -4 -3 -6 -10
right_child=1 6 10 4 12 -7 8 -9 13 -11 -12 -13 -14 -15
leaf_value=-0.028973479851634915 -0.042197207618682162 0.043640268060850702 -0.032737547052105666 0.0056314736852900657 0.062844209548299612 0.020965431137094117 0.024780268223666128 -0.0048298293615941868 0.11712254926992149 0.076108423148728607 -0.0056862220719747086 0.0074198355508728712 0.025863714289760243 0.056105450561559536
leaf_weight=2946 441 369 636 2286 367 821 899 1489 130 289 7453 948 915 251
leaf_count=2946 441 369 636 2286 367 821 899 1489 130 289 7453 948 915 251
internal_value=3.15609e-06 0.0161456 -0.0134623 0.00821361 0.0169534 -0.00312176 0.033513 -0.0133682 0.0468969 0.0372667 -0.00781314 0.0175682 0.0371421 0.0769249
internal_weight=20240 9205 11035 6319 3568 2751 2886 1930 1569 1188 8089 1317 1282 381
internal_count=20240 9205 11035 6319 3568 2751 2886 1930 1569 1188 8089 1317 1282 381
cat_boundaries=0 1
cat_threshold=32
is_linear=0
shrinkage=0.05


Tree=64
num_leaves=15
num_cat=2
split_feature=31 28 0 50 6 50 31 1 24 16 37 4 15 38
split_gain=1603.87 627.094 486.618 226.211 230.079 219.692 245.405 174.3 154.3 135.519 144.086 129.04 113.732 112.814
threshold=4.5000000000000009 20.813194444444445 8.7708333333333339 0 0.9980099482784569 1 13.500000000000002 12.35416666666667 18.93154761904762 1.0000000180025095e-35 56.01250000000001 0.64583333333333337 1.0000000180025095e-35 108.50000000000001
decision_type=2 2 2 1 2 1 2 2 2 2 2 2 2 2
left_child=2 7 -1 -4 9 12 13 -2 -6 -5 -11 -8 -3 -7
right_child=1 5 3 4 8 6 11 -9 -10 10 -12 -13 -14 -15
leaf_value=-0.025006579364327548 -0.011476042737642758 0.039516344764534903 0.013089986205695426 -0.023697110534538213 0.0023017264041776185 0.0034525655135150355 0.12285233718906635 0.010891627291348138 0.07231588774338002 -0.04579930566374469 0.00061911955748937 0.0492371910307354 0.085450402113738722 0.029190885006535907
leaf_weight=4414 1098 246 1523 2223 1951 566 88 4212 82 189 1448 184 298 1718
leaf_count=4414 1098 246 1523 2223 1951 566 88 4212 82 189 1448 184 298 1718
internal_value=5.18969e-06 0.0166986 -0.0118622 -0.00403867 -0.00847327 0.0345677 0.0280494 0.00626645 0.00512571 -0.0156576 -0.00474012 0.0730539 0.0635113 0.0228126
internal_weight=20240 8410 11830 7416 5893 3100 2556 5310 2033 3860 1637 272 544 2284
internal_count=20240 8410 11830 7416 5893 3100 2556 5310 2033 3860 1637 272 544 2284
cat_boundaries=0 1 2
cat_threshold=32 32
is_linear=0
shrinkage=0.05


Tree=65
num_leaves=15
num_cat=1
split_feature=28 39 1 37 31 50 45 31 38 31 4 45 45 37
split_gain=1457.88 490.413 259.598 251.356 241.967 206.109 145.133 136.941 136.723 128.028 102.246 97.0236 95.8566 95.5574
threshold=12.41527777777778 34.500000000000007 31.937500000000004 53.01250000000001 2.5000000000000004 0 18.500000000000004 1.0000000180025095e-35 165.50000000000003 9.5000000000000018 0.93750000000000011 29.500000000000004 15.500000000000002 94.387500000000017
decision_type=2 2 2 2 2 1 2 2 2 2 2 2 2 2
left_child=3 4 11 -1 13 6 -6 10 -4 -7 -5 -3 -10 -2
right_child=1 2 8 7 5 9 -8 -9 12 -11 -12 -13 -14 -15
leaf_value=-0.027475803774849646 -0.024665794634229958 0.012515989717805596 0.030480415371592184 -0.042832558070815284 0.015854949351989344 0.0021418102899299343 0.060386404413542531 -0.0068783567349683331 0.047739023079028609 0.034458360873854184 -0.00066747903657218843 0.044289118522055339 0.09239669569540726 0.006557659575572381
leaf_weight=2661 891 2322 1071 487 490 4299 292 5997 422 330 204 268 168 338
leaf_count=2661 891 2322 1071 487 490 4299 292 5997 422 330 204 268 168 338
internal_value=5.25353e-06 0.0124382 0.0256986 -0.0144784 0.00394878 0.00849763 0.0320729 -0.00930699 0.0411277 0.00443606 -0.0303844 0.0158037 0.0604551 -0.0160787
internal_weight=20240 10891 4251 9349 6640 5411 782 6688 1661 4629 691 2590 590 1229
internal_count=20240 10891 4251 9349 6640 5411 782 6688 1661 4629 691 2590 590 1229
cat_boundaries=0 1
cat_threshold=32
is_linear=0
shrinkage=0.05


Tree=66
num_leaves=15
num_cat=1
split_feature=31 28 4 50 31 1 45 24 1 16 16 38 45 16
split_gain=1334.98 516.61 416.496 309.964 215.69 165.407 152.268 151.032 141.521 154.294 129.549 124.133 113.456 134.661
threshold=4.5000000000000009 22.550694444444449 0.97916666666666685 0 1.5000000000000002 11.812500000000002 32.500000000000007 14.020833333333334 35.937500000000007 -0.22252093395631442 -0.22252093395631442 92.500000000000014 22.500000000000004 -0.22252093395631442
decision_type=2 2 2 1 2 2 2 2 2 2 2 2 2 2
left_child=2 5 3 12 -5 -2 -6 -4 -3 11 -8 -10 -1 -14
right_child=1 8 7 4 6 -7 10 -9 9 -11 -12 -13 13 -15
leaf_value=0.0015434847846704125 -0.015107593230377362 0.024263931979198867 -0.0027629669391093913 -0.032021519142555376 -0.015823271379826084 0.010339540903813314 -0.019461553377349543 0.020485425096866603 -0.032624166282384022 0.064484441328372097 0.071529453784782204 0.037910221188714538 -0.0034697590779293984 0.091960677479244315
leaf_weight=969 728 1445 2439 2630 4503 5199 67 979 76 614 94 348 68 81
leaf_count=969 728 1445 2439 2630 4503 5199 67 979 76 614 94 348 68 81
internal_value=4.99088e-06 0.0152349 -0.010822 -0.0168022 -0.0205434 0.00721393 -0.014115 0.00389595 0.0343811 0.0484651 0.0336636 0.0252673 0.00772031 0.0484085
internal_weight=20240 8410 11830 8412 7294 5927 4664 3418 2483 1038 161 424 1118 149
internal_count=20240 8410 11830 8412 7294 5927 4664 3418 2483 1038 161 424 1118 149
cat_boundaries=0 1
cat_threshold=32
is_linear=0
shrinkage=0.05


Tree=67
num_leaves=15
num_cat=2
split_feature=31 28 6 50 31 24 50 31 37 1 16 4 45 20
split_gain=1204.82 470.806 384.913 299.561 203.262 184.88 174.355 207.642 134.858 132.116 121.374 115.468 107.936 107.908
threshold=4.5000000000000009 20.813194444444445 0.9980099482784569 0 1.5000000000000002 15.199404761904765 1 13.500000000000002 58.687500000000007 11.812500000000002 1.0000000180025095e-35 0.64583333333333337 33.500000000000007 8.1458333333333339
decision_type=2 2 2 1 2 2 1 2 2 2 2 2 2 2
left_child=2 9 3 -1 -5 -4 -3 -8 -6 -2 -10 -9 -12 -11
right_child=1 6 5 4 8 -7 7 11 10 13 12 -13 -14 -15
leaf_value=0.0072781829019604284 -0.014352213587305443 0.055717349767753027 0.00039411969242795906 -0.029302537183332578 -0.02301999158042449 0.034372736733009224 0.01933752391228178 0.11265856596556577 -0.014870902216259708 0.051483434706624656 0.0016007583684723035 0.04302238656537552 0.070115768446121371 0.0072054536300511082
leaf_weight=1315 728 544 1917 2819 1971 506 2284 88 1872 142 1370 184 60 4440
leaf_count=1315 728 544 1917 2819 1971 506 2284 88 1872 142 1370 184 60 4440
internal_value=4.74134e-06 0.0144731 -0.0102809 -0.0148582 -0.0184417 0.00748994 0.0299563 0.0241609 -0.0126703 0.00543398 -0.00649253 0.0655517 0.00447551 0.00857767
internal_weight=20240 8410 11830 9407 8092 2423 3100 2556 5273 5310 3302 272 1430 4582
internal_count=20240 8410 11830 9407 8092 2423 3100 2556 5273 5310 3302 272 1430 4582
cat_boundaries=0 1 2
cat_threshold=32 32
is_linear=0
shrinkage=0.05


Tree=68
num_leaves=15
num_cat=0
split_feature=1 31 1 16 4 45 10 45 0 39 32 6 0 31
split_gain=1092.68 336.868 331.12 257.709 296.273 248.312 201.694 186.852 136.245 135.034 133.87 121 151.487 146.628
threshold=19.729166666666668 9.5000000000000018 10.35416666666667 -0.22252093395631442 0.97916666666666685 11.500000000000002 3.5000000000000004 17.500000000000004 28.270833333333339 17.500000000000004 2.5000000000000004 0.84678992381174678 35.270833333333336 12.500000000000002
decision_type=2 2 2 2 2 2 2 2 2 2 2 2 2 2
left_child=2 3 -1 4 6 -5 7 -2 -7 -4 -8 13 -13 -3
right_child=1 11 9 5 -6 8 10 -9 -10 -11 -12 12 -14 -15
leaf_value=-0.018498913657659637 -0.014317397002446195 0.041743463396405583 -0.013393372495484361 0.0036378743482841968 0.026293475117078094 0.02683940552005868 -0.048462510388653318 0.042633640280748175 0.068240671711190887 0.0014735111811112118 -0.01255953524455599 0.016764370229872462 0.077026178421182256 0.10185356201862333
leaf_weight=5060 310 391 2033 1339 697 1646 377 269 226 6141 834 656 124 137
leaf_count=5060 310 391 2033 1339 697 1646 377 269 226 6141 834 656 124 137
internal_value=6.0605e-06 0.015973 -0.00844676 0.01072 -0.00136245 0.0200782 -0.0121313 0.0121417 0.0318376 -0.00222411 -0.0237366 0.0388565 0.0263445 0.0573402
internal_weight=20240 7006 13234 5698 2487 3211 1790 579 1872 8174 1211 1308 780 528
internal_count=20240 7006 13234 5698 2487 3211 1790 579 1872 8174 1211 1308 780 528
is_linear=0
shrinkage=0.05


Tree=69
num_leaves=15
num_cat=2
split_feature=31 28 6 50 50 31 1 15 4 31 41 15 45 39
split_gain=1013.6 543.362 340.141 191.297 180.351 176.427 164.011 122.293 118.04 116.877 111.778 102.858 194.362 95.0173
threshold=3.5000000000000004 20.077083333333338 0.9980099482784569 0 1 13.500000000000002 11.812500000000002 1.0000000180025095e-35 0.64583333333333337 1.0000000180025095e-35 141.50000000000003 -0.8783796973249266 22.500000000000004 25.500000000000004
decision_type=2 2 2 1 1 2 2 2 2 2 2 2 2 2
left_child=2 6 3 11 7 13 -2 10 -7 -5 -3 -1 -13 -6
right_child=1 4 -4 9 5 8 -8 -9 -10 -11 -12 12 -14 -15
leaf_value=-0.028543852171803847 -0.01346162515798276 0.007608095170987721 0.007375699258346558 -0.034916409831981909 -0.0052307470119827759 0.10472245357930661 0.0057483323618187157 0.069593526795309169 0.036031749794350525 -0.016980886291533655 0.070664734476903343 0.0034043129350021977 0.087773099284619099 0.020120688286512048
leaf_weight=205 1388 226 1805 1093 432 90 5570 354 205 5376 102 760 75 2559
leaf_count=205 1388 226 1805 1093 432 90 5570 354 205 5376 102 760 75 2559
internal_value=5.75749e-06 0.0103366 -0.0121131 -0.0167977 0.0251018 0.0200366 0.00191628 0.0485019 0.0569882 -0.0199804 0.0272172 0.00316073 0.0109823 0.0164591
internal_weight=20240 10926 9314 7509 3968 3286 6958 682 295 6469 328 1040 835 2991
internal_count=20240 10926 9314 7509 3968 3286 6958 682 295 6469 328 1040 835 2991
cat_boundaries=0 1 2
cat_threshold=32 32
is_linear=0
shrinkage=0.05


Tree=70
num_leaves=15
num_cat=1
split_feature=31 37 29 31 50 31 7 37 6 34 45 29 10 20
split_gain=918.969 353.801 318.428 234.695 172.595 170.67 167.982 157.873 119.536 103.376 85.4902 101.997 95.5415 87.8965
threshold=5.5000000000000009 56.01250000000001 2.1331379183327313 1.5000000000000002 0 12.500000000000002 0.0046565837263511942 89.46250000000002 0.84678992381174678 5.5000000000000009 25.500000000000004 4.9001211263694486 3.5000000000000004 25.604166666666668
decision_type=2 2 2 2 1 2 2 2 2 2 2 2 2 2
left_child=1 -1 -2 6 -5 7 -3 -4 -7 -6 11 -11 -12 -13
right_child=2 3 5 4 9 8 -8 -9 -10 10 12 13 -14 -15
leaf_value=-0.021611704965892153 0.00076696681281692499 0.0080496201392052571 0.015439200508101707 0.017119662770675458 -0.0057949524938521423 0.093842123658921486 -0.022821089053033951 0.040988219115428451 0.035787282170223672 0.0076505806266112461 0.06349810821286328 -0.00019714762315605627 0.0022556865862727229 -0.084565733161208967
leaf_weight=3264 2284 566 2928 1426 4839 133 1990 762 266 1402 137 66 119 58
leaf_count=3264 2284 566 2928 1426 4839 133 1990 762 266 1402 137 66 119 58
internal_value=5.46959e-06 -0.00721717 0.0157212 -0.00278599 0.00140649 0.0240742 -0.0159851 0.0207152 0.0551389 -0.00200058 0.00829178 0.00380622 0.03503 -0.0396599
internal_weight=20240 13867 6373 10603 8047 4089 2556 3690 399 6621 1782 1526 256 124
internal_count=20240 13867 6373 10603 8047 4089 2556 3690 399 6621 1782 1526 256 124
cat_boundaries=0 1
cat_threshold=32
is_linear=0
shrinkage=0.05


Tree=71
num_leaves=15
num_cat=1
split_feature=31 28 6 16 45 50 31 1 5 1 15 41 40 24
split_gain=839.658 455.808 287.522 173.204 279.958 154.224 153.381 137.47 120.21 115.636 108.966 101.219 89.5517 85.1854
threshold=3.5000000000000004 20.077083333333338 0.9980099482784569 -0.22252093395631442 8.5000000000000018 0 14.500000000000002 11.812500000000002 0.56250000000000011 11.35416666666667 1.0000000180025095e-35 141.50000000000003 15.500000000000002 15.199404761904765
decision_type=2 2 2 2 2 1 2 2 2 2 2 2 2 2
left_child=2 7 3 -1 -5 10 12 -2 -8 -6 11 -3 -7 -4
right_child=1 5 13 4 9 6 8 -9 -10 -11 -12 -13 -14 -15
leaf_value=-0.024005721892338384 -0.012382568763604225 0.0057956521766078951 0.0021901300306672055 -0.018832688071044587 -0.0064209638088630339 0.0018861935480401434 0.11734286707692915 0.0052045398432267352 0.034958613503664963 0.020196941246684003 0.064456350393172379 0.065799989055513472 0.020831143445460339 0.031978521670067782
leaf_weight=3258 1388 226 1520 2615 778 870 63 5570 149 858 354 102 2204 285
leaf_count=3258 1388 226 1520 2615 778 870 63 5570 149 858 354 102 2204 285
internal_value=5.61903e-06 0.00940834 -0.0110245 -0.0153316 -0.00868361 0.0229318 0.0182507 0.00169622 0.0594407 0.00753879 0.044565 0.0244555 0.0154694 0.00689356
internal_weight=20240 10926 9314 7509 4251 3968 3286 6958 212 1636 682 328 3074 1805
internal_count=20240 10926 9314 7509 4251 3968 3286 6958 212 1636 682 328 3074 1805
cat_boundaries=0 1
cat_threshold=32
is_linear=0
shrinkage=0.05


Tree=72
num_leaves=15
num_cat=1
split_feature=31 37 29 31 50 31 37 34 45 16 6 6 29 45
split_gain=759.081 301.119 272.599 200.332 165.588 151.1 155.753 111.452 116.98 115.517 90.7984 83.285 82.7309 80.6936
threshold=5.5000000000000009 56.01250000000001 2.1331379183327313 1.0000000180025095e-35 0 9.5000000000000018 89.46250000000002 7.5000000000000009 20.500000000000004 1.0000000180025095e-35 0.9980099482784569 0.99945175438596501 4.9001211263694486 21.500000000000004
decision_type=2 2 2 2 1 2 2 2 2 2 2 2 2 2
left_child=1 -1 -2 11 13 6 -4 9 12 10 -6 -3 -9 -5
right_child=2 3 5 4 7 -7 -8 8 -10 -11 -12 -13 -14 -15
leaf_value=-0.019838648530024365 0.00045228806047625624 -0.033507589446894331 0.0098294795384053293 0.0093418819934024729 -0.01576339784883533 0.037244358920700084 0.037706846229835764 0.0095343218911686303 0.049022116951384871 0.0018494972452595901 0.00054490189349887328 0.007322063374339171 -0.051119787720662939 0.041287913911828227
leaf_weight=3264 2284 680 2282 1530 2920 1165 642 603 183 3039 1206 153 62 227
leaf_count=3264 2284 680 2282 1530 2920 1165 642 603 183 3039 1206 153 62 227
internal_value=5.33806e-06 -0.00655898 0.0142886 -0.002471 -0.000464186 0.0220172 0.0159503 -0.00351496 0.0136212 -0.00554799 -0.0109966 -0.0260083 0.00387935 0.013393
internal_weight=20240 13867 6373 10603 9770 4089 2924 8013 848 7165 4126 833 665 1757
internal_count=20240 13867 6373 10603 9770 4089 2924 8013 848 7165 4126 833 665 1757
cat_boundaries=0 1
cat_threshold=32
is_linear=0
shrinkage=0.05


Tree=73
num_leaves=15
num_cat=1
split_feature=31 28 6 15 45 50 31 1 5 37 15 42 16 20
split_gain=699.687 379.601 242.56 153.413 186.478 130.964 133.047 116.6 107.366 103.273 97.6628 94.2826 82.4178 82.3169
threshold=3.5000000000000004 20.077083333333338 0.9980099482784569 -0.8783796973249266 10.500000000000002 0 14.500000000000002 11.812500000000002 0.56250000000000011 94.58750000000002 1.0000000180025095e-35 132.00000000000003 -0.22252093395631442 8.5208333333333339
decision_type=2 2 2 2 2 1 2 2 2 2 2 2 2 2
left_child=2 7 3 -1 -5 10 -7 -2 -8 12 11 -3 -6 -9
right_child=1 5 -4 4 9 6 8 13 -10 -11 -12 -13 -14 -15
leaf_value=-0.029733758930613668 -0.011415684947256545 -0.0011858707192851595 0.0063937320865887744 -0.016055280072067794 -0.021999472943608669 0.01402647352497593 0.1097011062390511 0.031817275497961595 0.031842318246603614 0.029432376926327636 0.05967280269277514 0.053062224441053844 0.0051843149276327169 0.0034148802676782254
leaf_weight=1287 1388 189 1805 4532 388 3074 63 268 149 311 354 139 991 5302
leaf_count=1287 1388 189 1805 4532 388 3074 63 268 149 311 354 139 991 5302
internal_value=5.07115e-06 0.00858837 -0.0100638 -0.0140198 -0.0107694 0.0209296 0.016618 0.00155041 0.0549796 0.00340552 0.0408608 0.0218034 -0.00246421 0.00478146
internal_weight=20240 10926 9314 7509 6222 3968 3286 6958 212 1690 682 328 1379 5570
internal_count=20240 10926 9314 7509 6222 3968 3286 6958 212 1690 682 328 1379 5570
cat_boundaries=0 1
cat_threshold=32
is_linear=0
shrinkage=0.05


Tree=74
num_leaves=15
num_cat=1
split_feature=31 28 6 15 50 45 0 1 1 38 1 4 31 24
split_gain=631.467 342.59 218.91 138.455 176.482 142.947 127.886 107.395 105.231 99.1283 90.2821 82.37 89.9965 76.0846
threshold=3.5000000000000004 20.077083333333338 0.9980099482784569 -0.8783796973249266 0 22.500000000000004 36.812500000000007 31.895833333333339 11.812500000000002 165.50000000000003 57.770833333333336 0.64583333333333337 12.500000000000002 15.199404761904765
decision_type=2 2 2 2 1 2 2 2 2 2 2 2 2 2
left_child=2 8 3 -1 5 -5 9 -7 -2 10 -3 12 -11 -4
right_child=1 6 13 4 -6 7 -8 -9 -10 11 -12 -13 -14 -15
leaf_value=-0.028247071006736037 -0.010844900716682936 0.011615549722248887 0.0016289557453350618 -0.0022230917890790408 -0.015581509635520387 0.0048928560214644336 0.060941731910226428 0.075107664915932612 0.0045423857758427185 0.039194764001676659 0.052759416495848976 0.019237586864723242 0.10358912024759886 0.02978119059794648
leaf_weight=1287 1388 2799 1520 1581 4423 106 181 112 5570 305 140 477 66 285
leaf_count=1287 1388 2799 1520 1581 4423 106 181 112 5570 305 140 477 66 285
internal_value=4.81761e-06 0.00815895 -0.00956057 -0.0133188 -0.0102309 0.00299392 0.0198831 0.0409665 0.00147289 0.0179207 0.0135754 0.0329807 0.0506504 0.00607405
internal_weight=20240 10926 9314 7509 6222 1799 3968 218 6958 3787 2939 848 371 1805
internal_count=20240 10926 9314 7509 6222 1799 3968 218 6958 3787 2939 848 371 1805
cat_boundaries=0 1
cat_threshold=97
is_linear=0
shrinkage=0.05


Tree=75
num_leaves=15
num_cat=1
split_feature=31 50 4 29 31 45 0 15 31 6 45 22 16 37
split_gain=576.463 269.972 213.994 202.882 175.849 117.324 116.952 107.41 99.7802 106.144 99.0281 84.3751 82.9824 90.5401
threshold=6.5000000000000009 0 0.97916666666666685 1.7963309704758914 1.5000000000000002 29.500000000000004 20.562500000000004 1.0000000180025095e-35 12.500000000000002 0.84678992381174678 22.500000000000004 17.395833333333339 1.0000000180025095e-35 57.162500000000009
decision_type=2 1 2 2 2 2 2 2 2 2 2 2 2 2
left_child=1 10 4 -2 11 12 -4 -7 -5 -10 -1 -3 -6 -14
right_child=3 2 6 8 5 7 -8 -9 9 -11 -12 -13 13 -15
leaf_value=0.0081478315054016384 -0.0011090791744744204 -0.020428109309503662 -0.00095333625974617286 0.018544994699175324 -0.014032678120787441 -0.0024016512422419443 0.025145477452939477 0.04835305710151877 0.080875924066640445 0.027309319357932339 0.042282098673555694 -0.061593875597152896 -0.014709158475406584 0.004604645578442256
leaf_weight=1853 1353 2499 3734 2964 3477 260 485 174 136 289 240 131 943 1702
leaf_count=1853 1353 2499 3734 2964 3477 260 485 174 136 289 240 131 943 1702
internal_value=4.19179e-06 -0.00466341 -0.00726941 0.015259 -0.0115562 -0.00717453 0.00204688 0.017947 0.0217937 0.0444506 0.0120046 -0.0224786 -0.00895545 -0.00228115
internal_weight=20240 15498 13405 4742 9186 6556 4219 434 3389 425 2093 2630 6122 2645
internal_count=20240 15498 13405 4742 9186 6556 4219 434 3389 425 2093 2630 6122 2645
cat_boundaries=0 1
cat_threshold=32
is_linear=0
shrinkage=0.05


Tree=76
num_leaves=15
num_cat=2
split_feature=31 28 6 16 45 0 38 1 50 1 50 20 45 4
split_gain=522.627 285.462 186.462 124.896 213.419 114.899 90.7869 88.6922 81.9288 76.5043 75.9596 71.9775 70.0675 68.9091
threshold=3.5000000000000004 20.077083333333338 0.9980099482784569 -0.22252093395631442 8.5000000000000018 37.270833333333336 165.50000000000003 11.35416666666667 0 57.770833333333336 1 8.5208333333333339 22.500000000000004 0.64583333333333337
decision_type=2 2 2 2 2 2 2 2 1 2 1 2 2 2
left_child=2 7 3 10 -5 6 9 -2 12 -3 -1 -9 -6 -8
right_child=1 5 -4 4 8 -7 13 11 -10 -11 -12 -13 -14 -15
leaf_value=-0.009802408995145907 -0.010081894291953263 0.010536710543646263 0.0057313585155324672 -0.015382666788266504 0.011248249162276944 0.062450621625844471 0.04703004059640345 0.029152736000054871 -0.0034551673024727416 0.048275734443243935 -0.025681705190181089 0.0028280330005876365 0.04678106434406637 0.018503130723462057
leaf_weight=1284 1370 2822 1805 2615 629 141 371 273 829 141 1974 5315 178 493
leaf_count=1284 1370 2822 1805 2615 629 141 371 273 829 141 1974 5315 178 493
internal_value=3.98221e-06 0.00742218 -0.0086981 -0.0121666 -0.00652138 0.0181243 0.0164912 0.00131898 0.0076426 0.0123326 -0.0195325 0.00411412 0.0188521 0.0307525
internal_weight=20240 10926 9314 7509 4251 3968 3827 6958 1636 2963 3258 5588 807 864
internal_count=20240 10926 9314 7509 4251 3968 3827 6958 1636 2963 3258 5588 807 864
cat_boundaries=0 1 2
cat_threshold=97 56
is_linear=0
shrinkage=0.05


Tree=77
num_leaves=15
num_cat=1
split_feature=31 50 4 29 31 0 45 15 0 4 31 16 1 45
split_gain=480.981 230.727 181.33 174.771 147.32 102.358 100.766 96.3868 88.2847 87.7427 134.966 116.077 121.663 83.3353
threshold=6.5000000000000009 0 0.97916666666666685 1.7963309704758914 1.5000000000000002 20.562500000000004 29.500000000000004 1.0000000180025095e-35 35.270833333333336 0.72916666666666685 14.500000000000002 -0.22252093395631442 31.437500000000004 22.500000000000004
decision_type=2 1 2 2 2 2 2 2 2 2 2 2 2 2
left_child=1 13 4 -2 -3 -4 -6 -8 9 10 11 12 -5 -1
right_child=3 2 5 8 6 -7 7 -9 -10 -11 -12 -13 -14 -15
leaf_value=0.0076107186892632036 -0.0012547131640838877 -0.020613177920074569 -0.00090085532506268293 0.034260785378351373 -0.0082559606561777871 0.02351530420325082 -0.0026002905002902622 0.045479464930771242 0.051889434158710723 0.0071055825648041679 0.093544532839373196 0.031471930808372593 -0.0083995270941732928 0.038923797248571645
leaf_weight=1853 1353 2630 3734 255 6122 485 260 174 204 1175 68 1202 485 240
leaf_count=1853 1353 2630 3734 255 6122 485 260 174 204 1175 68 1202 485 240
internal_value=2.82115e-06 -0.00426073 -0.00666993 0.0139371 -0.010616 0.00190593 -0.0066055 0.0166759 0.0200022 0.0179598 0.024305 0.0218805 0.00630099 0.0111481
internal_weight=20240 15498 13405 4742 9186 4219 6556 434 3389 3185 2010 1942 740 2093
internal_count=20240 15498 13405 4742 9186 4219 6556 434 3389 3185 2010 1942 740 2093
cat_boundaries=0 1
cat_threshold=32
is_linear=0
shrinkage=0.05


Tree=78
num_leaves=15
num_cat=0
split_feature=31 37 29 31 41 16 31 37 45 24 20 7 0 31
split_gain=434.222 192.177 174.462 150.059 121.664 108.885 105.533 119.204 97.4989 91.5841 77.618 76.0591 81.8594 86.3134
threshold=5.5000000000000009 56.01250000000001 2.1331379183327313 1.0000000180025095e-35 142.50000000000003 -0.22252093395631442 9.5000000000000018 89.46250000000002 16.500000000000004 26.377976190476193 11.895833333333334 0.32970396123050999 18.020833333333339 11.500000000000002
decision_type=2 2 2 2 2 2 2 2 2 2 2 2 2 2
left_child=1 -1 -2 -3 5 9 7 10 -7 -5 -4 -8 -13 -14
right_child=2 3 6 4 -6 8 11 -9 -10 -11 -12 12 13 -15
leaf_value=-0.015570962347684306 -0.000263455531093841 -0.022067300352920014 0.032447922316013837 -0.0063256564715609941 0.016923755485800267 0.0002038483812782598 0.023274936071484009 0.030951563822462027 0.019932353806491537 -0.042932795692029069 0.0032783480339583686 0.11185782528668642 0.011166187790606958 0.080318538470846884
leaf_weight=3264 2284 833 257 3755 962 4136 929 642 738 179 2025 50 109 77
leaf_count=3264 2284 833 257 3755 962 4136 929 642 738 179 2025 50 109 77
internal_value=2.6801e-06 -0.00496211 0.0108056 -0.00169631 4.0536e-05 -0.00180343 0.0169884 0.0119182 0.00319105 -0.00799131 0.00656344 0.0297141 0.0550616 0.0397938
internal_weight=20240 13867 6373 10603 9770 8808 4089 2924 4874 3934 2282 1165 236 186
internal_count=20240 13867 6373 10603 9770 8808 4089 2924 4874 3934 2282 1165 236 186
is_linear=0
shrinkage=0.05


Tree=79
num_leaves=15
num_cat=1
split_feature=31 28 6 15 45 39 37 20 29 45 24 50 31 0
split_gain=399.609 222.86 154.698 113.002 130.299 98.8566 75.0084 85.3677 73.7945 68.4995 65.1258 63.7015 63.5922 63.004
threshold=3.5000000000000004 20.077083333333338 0.9980099482784569 -0.8783796973249266 10.500000000000002 42.500000000000007 94.58750000000002 27.020833333333339 1.2885812394954803 32.500000000000007 15.276785714285715 0 1.0000000180025095e-35 36.104166666666679
decision_type=2 2 2 2 2 2 2 2 2 2 2 1 2 2
left_child=2 8 3 -1 11 -3 7 9 -2 -6 -4 12 -5 -7
right_child=1 5 10 4 6 13 -8 -9 -10 -11 -12 -13 -14 -15
leaf_value=-0.02425249155552954 -0.0062312584943391147 0.0094547012959190664 0.001483914091172751 -0.024382792590942774 -0.00075710135163667511 0.022555755136740518 0.026053551660844654 -0.049367482335371686 0.0047148700280361631 0.04878738761275403 0.027795272595550626 -0.018314475689891849 -0.0025001115292015933 0.058494344535738908
leaf_weight=1287 2300 2367 1527 404 1219 1468 311 86 4658 74 278 2265 1863 133
leaf_count=1287 2300 2367 1527 404 1219 1468 311 86 4658 74 278 2265 1863 133
internal_value=2.54612e-06 0.00648919 -0.00760675 -0.0107661 -0.00797643 0.0159453 0.00387243 -0.00112998 0.00109658 0.00207839 0.0055363 -0.0123949 -0.0063717 0.0255413
internal_weight=20240 10926 9314 7509 6222 3968 1690 1379 6958 1293 1805 4532 2267 1601
internal_count=20240 10926 9314 7509 6222 3968 1690 1379 6958 1293 1805 4532 2267 1601
cat_boundaries=0 1
cat_threshold=177
is_linear=0
shrinkage=0.05


Tree=80
num_leaves=15
num_cat=2
split_feature=31 50 4 27 16 24 50 0 31 45 31 45 25 22
split_gain=366.186 194.945 148.619 139.717 122.375 86.7675 86.1855 79.1535 85.0607 75.5561 74.1758 72.6767 72.2438 72.214
threshold=6.5000000000000009 0 0.97916666666666685 2.4127962866682373 1.0000000180025095e-35 19.901785714285719 1 10.812500000000002 13.500000000000002 16.500000000000004 1.5000000000000002 22.500000000000004 5.7165824815765598 16.937500000000004
decision_type=2 1 2 2 2 2 1 2 2 2 2 2 2 2
left_child=1 11 4 -2 10 -4 -6 -5 9 -9 13 -1 -12 -3
right_child=3 2 5 7 6 -7 -8 8 -10 -11 12 -13 -14 -15
leaf_value=0.0071415605659059973 0.0033354207818722657 -0.021353115806528808 -0.00057817614315382941 0.082142110132411419 0.0065454469988492706 0.023171325038604997 -0.0085892678590357482 0.0086811452017672118 0.049343264886744308 0.027743040262310444 -0.0099290149088275027 0.036383687937341168 -0.065700955411135145 -0.069098016335850665
leaf_weight=1853 2305 1385 3791 51 1496 428 2501 1312 213 861 3661 240 59 84
leaf_count=1853 2305 1385 3791 51 1496 428 2501 1312 213 861 3661 240 59 84
internal_value=1.96636e-06 -0.00371817 -0.00593288 0.0121603 -0.00950522 0.00183111 -0.00292975 0.0205071 0.0191897 0.016234 -0.0145702 0.0104448 -0.0108136 -0.0240833
internal_weight=20240 15498 13405 4742 9186 4219 3997 2437 2386 2173 5189 2093 3720 1469
internal_count=20240 15498 13405 4742 9186 4219 3997 2437 2386 2173 5189 2093 3720 1469
cat_boundaries=0 1 2
cat_threshold=32 193
is_linear=0
shrinkage=0.05


Tree=81
num_leaves=15
num_cat=1
split_feature=31 0 6 45 10 49 15 45 30 44 32 4 20 13
split_gain=333.633 189.971 132.554 112.682 113.704 102.837 98.1471 112.828 86.7001 77.9966 76.6559 131.064 74.0063 85.6246
threshold=3.5000000000000004 30.520833333333339 0.9980099482784569 20.500000000000004 3.5000000000000004 0 -0.8783796973249266 15.500000000000002 0.047619047619047658 2.5000000000000004 6.5000000000000009 0.72916666666666685 19.062500000000004 100.50000000000001
decision_type=2 2 2 2 2 1 2 2 2 2 2 2 2 2
left_child=2 3 6 10 8 -6 -1 -8 9 -5 -2 12 -12 -14
right_child=1 -3 -4 4 5 -7 7 -9 -10 -11 11 -13 13 -15
leaf_value=-0.022444262265880095 -0.0014179111183150203 0.027220099313534352 0.0052150827168668491 0.098476349365641827 0.02043555069239697 -0.023879553944433252 -0.0098340662724255897 0.01044412490513597 0.010837350710004906 0.033492215008658101 0.035077445937813916 -0.0012160785698450381 0.043244103905814874 -0.0033218948455045957
leaf_weight=1287 6007 956 1805 51 237 269 5437 785 507 488 547 1348 133 383
leaf_count=1287 6007 956 1805 51 237 269 5437 785 507 488 547 1348 133 383
internal_value=1.81756e-06 0.00592884 -0.00695101 0.00388727 0.0162669 -0.00319133 -0.00987548 -0.00727566 0.0256798 0.039641 0.00160488 0.00913615 0.0222639 0.00868058
internal_weight=20240 10926 9314 9970 1552 506 7509 6222 1046 539 8418 2411 1063 516
internal_count=20240 10926 9314 9970 1552 506 7509 6222 1046 539 8418 2411 1063 516
cat_boundaries=0 1
cat_threshold=4
is_linear=0
shrinkage=0.05


Tree=82
num_leaves=15
num_cat=0
split_feature=28 39 0 16 1 7 42 24 45 31 30 31 6 0
split_gain=307.561 241.828 117.043 103.414 174.317 99.7115 89.2719 102.626 84.9402 71.3778 77.6306 70.0028 59.0298 58.4499
threshold=10.875000000000002 24.500000000000004 37.270833333333336 -0.22252093395631442 37.270833333333336 0.0020060200722730741 135.57142857142858 22.565476190476193 30.500000000000004 13.500000000000002 0.47321428571428575 9.5000000000000018 0.74300927132591144 27.187500000000004
decision_type=2 2 2 2 2 2 2 2 2 2 2 2 2 2
left_child=-1 5 3 6 8 -2 7 -3 -5 10 12 -7 -6 -9
right_child=1 2 -4 4 9 11 -8 13 -10 -11 -12 -13 -14 -15
leaf_value=-0.0081615395816736214 0.0098417254626870752 0.0023080825898779459 0.054853123976582929 0.0073917037853795421 0.02957386232959577 -0.0098552989529456219 0.015148289129149934 -0.037477261404966503 0.035827167680262464 0.095493143505376327 -0.0094294608575245832 0.044632584154605866 0.066044658722056379 -0.0030286896238364627
leaf_weight=7349 896 2071 140 3822 495 3356 975 290 282 46 101 60 143 214
leaf_count=7349 896 2071 140 3822 495 3356 975 290 282 46 101 60 143 214
internal_value=1.64163e-06 0.00465537 0.00951051 0.00875829 0.0134748 -0.00500423 0.00226284 -0.00261612 0.0093456 0.0350621 0.0313005 -0.00889825 0.0377484 -0.0228503
internal_weight=20240 12891 8579 8439 4889 4312 3550 2575 4104 785 739 3416 638 504
internal_count=20240 12891 8579 8439 4889 4312 3550 2575 4104 785 739 3416 638 504
is_linear=0
shrinkage=0.05


Tree=83
num_leaves=15
num_cat=0
split_feature=31 28 4 16 42 1 36 45 32 15 45 40 45 24
split_gain=283.356 180.307 116.172 100.816 125.709 119.186 88.7173 87.9413 126.633 80.2925 84.4465 76.3293 74.184 62.3019
threshold=2.5000000000000004 18.320833333333336 0.97916666666666685 -0.22252093395631442 135.57142857142858 37.270833333333336 5.9285714285714297 16.500000000000004 7.5000000000000009 -0.8783796973249266 10.500000000000002 15.500000000000002 30.500000000000004 22.565476190476193
decision_type=2 2 2 2 2 2 2 2 2 2 2 2 2 2
left_child=2 -2 6 4 13 12 9 11 -9 -1 -11 -7 -5 -3
right_child=1 3 -4 5 -6 7 -8 8 -10 10 -12 -13 -14 -15
leaf_value=-0.025008299917152577 -0.00051013015670222414 0.0031029653231682938 0.0031913112671576385 0.007279341831620427 0.018594879912193135 -0.0095596153175103223 -0.06485203655460213 0.038054638064576228 0.12341683341267828 -0.012661164816578085 0.0040004017827355073 0.032800574419053118 0.036903303650113899 -0.017976739832277721
leaf_weight=892 8296 843 1602 1886 848 179 79 458 48 2989 1020 262 238 600
leaf_count=892 8296 843 1602 1886 848 179 79 458 48 2989 1020 262 238 600
internal_value=1.55955e-06 0.00410848 -0.00852052 0.0112543 0.00331655 0.017176 -0.0122881 0.0319278 0.0461522 -0.0114408 -0.008422 0.0156068 0.0105988 -0.00566198
internal_weight=20240 13658 6582 5362 2291 3071 4980 947 506 4901 4009 441 2124 1443
internal_count=20240 13658 6582 5362 2291 3071 4980 947 506 4901 4009 441 2124 1443
is_linear=0
shrinkage=0.05


Tree=84
num_leaves=15
num_cat=2
split_feature=28 39 0 7 16 4 31 50 42 50 6 10 31 20
split_gain=259.089 207.015 100.779 88.21 86.741 143.966 99.6636 85.8245 73.4489 77.8054 121.426 87.4408 61.4203 54.5067
threshold=10.875000000000002 24.500000000000004 37.270833333333336 0.0020060200722730741 -0.22252093395631442 0.52083333333333337 12.500000000000002 0 147.6428571428572 1 0.7135990271659326 3.5000000000000004 9.5000000000000018 31.770833333333339
decision_type=2 2 2 2 2 2 2 1 2 1 2 2 2 2
left_child=-1 3 4 -2 8 6 7 -6 9 -3 11 -11 13 -5
right_child=1 2 -4 12 5 -7 -8 -9 -10 10 -12 -13 -14 -15
leaf_value=-0.0074908727004330171 0.009298988689122975 0.0059478743639718515 0.050839316372626599 -0.0084163645271445164 -0.0015445329791042167 0.0042461499302620907 0.074246849198717366 0.023972643235604833 0.01766156885494365 0.0042746417288321492 -0.00078242928797364315 -0.050321252898123996 0.041814998444169763 -0.059527288419458105
leaf_weight=7349 896 1650 140 3303 409 2573 86 1821 626 102 911 261 60 53
leaf_count=7349 896 1650 140 3303 409 2573 86 1821 626 102 911 261 60 53
internal_value=1.48154e-06 0.00427278 0.00876487 -0.00466452 0.00806687 0.0123864 0.02143 0.0193932 0.00211802 -0.0012097 -0.0104444 -0.0349803 -0.00832708 -0.00922354
internal_weight=20240 12891 8579 4312 8439 4889 2316 2230 3550 2924 1274 363 3416 3356
internal_count=20240 12891 8579 4312 8439 4889 2316 2230 3550 2924 1274 363 3416 3356
cat_boundaries=0 1 2
cat_threshold=20 60
is_linear=0
shrinkage=0.05


Tree=85
num_leaves=15
num_cat=1
split_feature=31 50 31 6 4 22 36 10 34 45 15 45 0 15
split_gain=239.674 149.945 139.184 108.11 103.194 85.6872 80.2694 75.8098 86.1738 121.613 71.1427 75.8477 70.48 69.8142
threshold=2.5000000000000004 0 9.5000000000000018 0.84678992381174678 0.97916666666666685 25.145833333333339 5.9285714285714297 5.5000000000000009 6.5000000000000009 25.500000000000004 -0.8783796973249266 24.500000000000004 35.270833333333336 1.0000000180025095e-35
decision_type=2 1 2 2 2 2 2 2 2 2 2 2 2 2
left_child=4 5 7 -4 6 -2 10 8 -3 -10 -1 -12 -5 -7
right_child=1 2 3 12 -6 13 -8 -9 9 -11 11 -13 -14 -15
leaf_value=-0.023351652393558152 0.010196772752134599 -0.0049024058122654462 0.035142273375124676 0.0025909870669904161 0.0032026923303567221 0.016226647784274666 -0.061385229937260671 0.010931035359728343 0.002132123962254256 0.037323869898915292 -0.0091042609843496793 0.02690485801400715 0.045171865215525034 0.052765920167999726
leaf_weight=892 1111 6566 492 970 1602 258 79 1325 2288 275 3857 152 108 265
leaf_count=892 1111 6566 492 970 1602 258 79 1325 2288 275 3857 152 108 265
internal_value=2.10844e-06 0.00377923 0.00183801 0.0157209 -0.00783561 0.0179429 -0.0113865 -0.000245189 -0.00186733 0.00590806 -0.0105805 -0.00773899 0.00685697 0.0347408
internal_weight=20240 13658 12024 1570 6582 1634 4980 10454 9129 2563 4901 4009 1078 523
internal_count=20240 13658 12024 1570 6582 1634 4980 10454 9129 2563 4901 4009 1078 523
cat_boundaries=0 1
cat_threshold=32
is_linear=0
shrinkage=0.05


Tree=86
num_leaves=15
num_cat=0
split_feature=1 39 0 31 7 16 4 45 32 29 42 24 37 24
split_gain=217.374 190.438 85.7757 80.8398 79.7362 70.127 130.721 94.0827 118.351 75.9086 69.3502 87.3112 56.9166 55.3386
threshold=11.812500000000002 24.500000000000004 37.270833333333336 1.0000000180025095e-35 0.0020060200722730741 -0.22252093395631442 0.52083333333333337 10.500000000000002 8.5000000000000018 4.8437969857271197 135.57142857142858 22.565476190476193 91.762500000000017 24.833333333333339
decision_type=2 2 2 2 2 2 2 2 2 2 2 2 2 2
left_child=-1 4 3 -3 -2 10 7 9 -9 -7 11 -5 13 -6
right_child=1 2 -4 5 12 6 -8 8 -10 -11 -12 -13 -14 -15
leaf_value=-0.0078640364987407427 0.0087069158030170651 -0.035606794774216181 0.046632156225969085 0.0026143821747079297 -0.0086450230787144828 0.014578412707103514 0.0038824986132204257 0.025480558790700332 0.093223877681028924 -0.022645514156029098 0.013873880446793073 -0.020520452517400166 0.0054503273375799341 -0.040631431902194037
leaf_weight=6125 961 109 140 2174 3298 951 2671 1243 68 160 971 502 726 141
leaf_count=6125 961 109 140 2174 3298 951 2671 1243 68 160 971 502 726 141
internal_value=2.00303e-06 0.00341536 0.00780107 0.00718672 -0.00427547 0.00772042 0.0115104 0.0199225 0.0289943 0.00921763 0.00242773 -0.00172556 -0.00727092 -0.00995648
internal_weight=20240 14115 8989 8849 5126 8740 5093 2422 1311 1111 3647 2676 4165 3439
internal_count=20240 14115 8989 8849 5126 8740 5093 2422 1311 1111 3647 2676 4165 3439
is_linear=0
shrinkage=0.05


Tree=87
num_leaves=15
num_cat=1
split_feature=31 50 32 7 4 22 35 30 15 34 45 10 15 45
split_gain=202.87 129.329 121.437 120.441 91.8568 76.3779 75.5161 72.9954 88.2503 70.6355 91.8933 63.6256 62.7546 62.6023
threshold=2.5000000000000004 0 6.5000000000000009 0.32970396123050999 0.97916666666666685 25.145833333333339 6.5000000000000009 0.17559523809523811 -0.8783796973249266 6.5000000000000009 25.500000000000004 5.5000000000000009 1.0000000180025095e-35 17.500000000000004
decision_type=2 1 2 2 2 2 2 2 2 2 2 2 2 2
left_child=4 5 9 -4 6 -2 -1 8 -5 11 -11 -3 -7 -8
right_child=1 2 3 7 -6 12 13 -9 -10 10 -12 -13 -14 -15
leaf_value=-0.0095916345512999639 0.0093157394212872013 -0.0056553492065016643 0.0064933190511026742 -0.03711501218300934 0.003205318488482576 0.014935044711550178 -0.076242941264540731 0.078255326550726478 0.036833684020372029 0.0024822181663606592 0.032599272840809435 0.0092496214414060415 0.049577665937919485 -0.00052759863347524687
leaf_weight=4860 1111 5894 2730 48 1602 258 78 82 253 1910 292 815 265 42
leaf_count=4860 1111 5894 2730 48 1602 258 78 82 253 1910 292 815 265 42
internal_value=1.90287e-06 0.00347694 0.00167417 0.010177 -0.00720898 0.0166308 -0.0105591 0.0364343 0.0250412 -0.00129437 0.00647594 -0.00384471 0.0324882 -0.0497426
internal_weight=20240 13658 12024 3113 6582 1634 4980 383 301 8911 2202 6709 523 120
internal_count=20240 13658 12024 3113 6582 1634 4980 383 301 8911 2202 6709 523 120
cat_boundaries=0 1
cat_threshold=32
is_linear=0
shrinkage=0.05


Tree=88
num_leaves=15
num_cat=1
split_feature=31 0 1 4 16 45 50 35 5 30 32 43 1 45
split_gain=183.091 117.473 83.2813 82.9008 72.33 108.792 73.9123 68.7694 75.5622 65.6254 123.334 65.2118 62.9397 60.8034
threshold=2.5000000000000004 31.479166666666668 12.895833333333334 0.97916666666666685 -0.22252093395631442 3.5000000000000004 0 5.9285714285714297 0.062500000000000014 0.10119047619047625 6.5000000000000009 17.357142857142858 37.895833333333336 18.500000000000004
decision_type=2 2 2 2 2 2 1 2 2 2 2 2 2 2
left_child=3 2 -2 7 6 -6 12 -1 -9 10 11 -7 -4 -14
right_child=1 -3 4 -5 5 9 -8 8 -10 -11 -12 -13 13 -15
leaf_value=-0.008703277226576633 -0.004763982228593676 0.021314586364207768 -0.0055685250708991498 0.0030450525981325018 0.00092642685348952477 0.011101948271243601 0.0028525823962101842 -0.016395656474115741 -0.075787576239090423 0.0081184258120942984 0.067289511723653744 0.038943078158496174 -0.051406703759806563 0.0082672715946835919
leaf_weight=4738 3279 849 608 1602 2676 864 3158 162 80 1577 142 278 170 57
leaf_count=4738 3279 849 608 1602 2676 864 3158 162 80 1577 142 278 170 57
internal_value=1.80773e-06 0.00330309 0.00210926 -0.00684853 0.00447415 0.00817324 -0.000655294 -0.0100312 -0.0360293 0.0149515 0.0233437 0.0178794 -0.0137912 -0.0364225
internal_weight=20240 13658 12809 6582 9530 5537 3993 4980 242 2861 1284 1142 835 227
internal_count=20240 13658 12809 6582 9530 5537 3993 4980 242 2861 1284 1142 835 227
cat_boundaries=0 1
cat_threshold=1
is_linear=0
shrinkage=0.05


Tree=89
num_leaves=15
num_cat=0
split_feature=1 39 39 7 16 1 10 45 45 6 30 45 30 20
split_gain=168.644 154.29 73.1388 68.043 65.0079 92.0311 65.2828 140.756 108.809 105.009 68.8534 61.4388 59.9538 56.4842
threshold=11.812500000000002 24.500000000000004 54.500000000000007 0.0020060200722730741 -0.22252093395631442 37.270833333333336 3.5000000000000004 13.500000000000002 15.500000000000002 0.94428320816187949 0.029761904761904791 28.500000000000004 0.011904761904761895 13.60416666666667
decision_type=2 2 2 2 2 2 2 2 2 2 2 2 2 2
left_child=-1 3 4 -2 6 11 8 -8 -3 -9 -10 -6 -4 -5
right_child=1 2 12 13 5 -7 7 9 10 -11 -12 -13 -14 -15
leaf_value=-0.0069266910526113905 0.0080785087218559481 -0.00031965966010469868 0.054640173215219495 -0.00072997614656414214 0.0043559840032854546 0.025614049474949427 0.0041696006785720136 -0.033744493551885489 0.062523327851448013 0.0080248291555855087 0.016325214397946028 0.026642918935976923 0.01558112266839453 -0.012378201137191109
leaf_weight=6125 961 798 112 2037 3633 726 1476 551 127 207 221 338 800 2128
leaf_count=6125 961 798 112 2037 3633 726 1476 551 127 207 221 338 800 2128
internal_value=1.78783e-06 0.0030083 0.00695589 -0.00391423 0.00544037 0.00924556 0.000152515 -0.00482442 0.00985449 -0.0223378 0.0331849 0.00625298 0.0203778 -0.00668134
internal_weight=20240 14115 8989 5126 8077 4697 3380 2234 1146 758 348 3971 912 4165
internal_count=20240 14115 8989 5126 8077 4697 3380 2234 1146 758 348 3971 912 4165
is_linear=0
shrinkage=0.05


Tree=90
num_leaves=15
num_cat=1
split_feature=31 50 31 6 4 34 16 45 20 5 0 10 1 10
split_gain=154.845 105.318 98.2755 90.9872 73.5005 67.5089 63.2619 102.117 96.401 58.6369 63.827 57.8669 78.4049 97.8164
threshold=2.5000000000000004 0 9.5000000000000018 0.84678992381174678 0.97916666666666685 8.5000000000000018 -0.22252093395631442 9.5000000000000018 19.229166666666668 0.35416666666666669 29.187500000000004 5.5000000000000009 37.854166666666679 3.5000000000000004
decision_type=2 1 2 2 2 2 2 2 2 2 2 2 2 2
left_child=4 5 11 -4 6 -2 8 -8 -1 -5 -11 12 -3 -14
right_child=1 2 3 9 -6 -7 7 -9 -10 10 -12 -13 13 -15
leaf_value=-0.012524560111999894 0.011662198251922284 -0.00072532656715793052 0.030893621088300901 -0.046337846722805276 0.0030176714125803535 0.045953352636080705 -0.010958749818970812 0.009351475216272857 -0.050460083879876494 -0.0020405443988875901 0.023750405372412242 0.009424871383731272 -0.0056125073299671605 -0.056026077664473317
leaf_weight=1973 1475 8698 492 53 1602 159 1908 916 183 642 383 1325 286 145
leaf_count=1973 1475 8698 492 53 1602 159 1908 916 183 642 383 1325 286 145
internal_value=1.69844e-06 0.00303767 0.00141102 0.0130765 -0.00629811 0.0149077 -0.00929488 -0.00437087 -0.0157445 0.00494478 0.00759646 -0.000339573 -0.0017568 -0.022573
internal_weight=20240 13658 12024 1570 6582 1634 4980 2824 2156 1078 1025 10454 9129 431
internal_count=20240 13658 12024 1570 6582 1634 4980 2824 2156 1078 1025 10454 9129 431
cat_boundaries=0 1
cat_threshold=32
is_linear=0
shrinkage=0.05


Tree=91
num_leaves=15
num_cat=0
split_feature=45 10 10 1 6 39 32 1 20 1 7 0 31 6
split_gain=144.818 184.438 162.259 122.392 111.702 104.159 95.6923 90.5356 89.8941 67.3273 60.9231 61.4863 59.0169 63.24
threshold=16.500000000000004 3.5000000000000004 5.5000000000000009 31.854166666666668 0.77284272958772526 19.500000000000004 7.5000000000000009 11.97916666666667 12.770833333333334 41.395833333333336 0.0020060200722730741 23.270833333333339 16.500000000000004 0.98607080204046993
decision_type=2 2 2 2 2 2 2 2 2 2 2 2 2 2
left_child=5 3 4 -2 -3 10 -5 -7 -9 12 -1 -12 -10 -14
right_child=1 2 -4 6 -6 7 -8 8 9 -11 11 -13 13 -15
leaf_value=0.0034644852793031715 0.0074367612247995905 -0.031370044911680044 0.019040413679892895 0.027929403202334731 0.0020000557067897952 -0.0050698732156225302 0.091238112137943972 0.016026974626544961 0.0017710650527560327 -0.02555352149305723 -0.010326954275719636 -0.069122127211756187 0.088124867737656695 0.0080867714287089793
leaf_weight=897 1052 530 510 886 476 4514 64 1268 5920 223 3752 45 41 62
leaf_count=897 1052 530 510 886 476 4514 64 1268 5920 223 3752 45 41 62
internal_value=1.61351e-06 0.00922248 -0.0039337 0.0191849 -0.0155806 -0.00193829 0.0321944 0.000526901 0.00388914 0.00142504 -0.00825513 -0.0110238 0.00242391 0.0399466
internal_weight=20240 3518 1516 2002 1006 16722 950 12028 7514 6246 4694 3797 6023 103
internal_count=20240 3518 1516 2002 1006 16722 950 12028 7514 6246 4694 3797 6023 103
is_linear=0
shrinkage=0.05


Tree=92
num_leaves=15
num_cat=1
split_feature=31 37 42 37 30 16 30 50 1 37 32 37 7 43
split_gain=134.494 110.456 107.916 86.917 75.0108 64.6247 91.1134 89.8918 79.0231 61.1999 55.5621 95.5896 53.6772 50.5132
threshold=1.5000000000000002 54.862500000000004 132.00000000000003 96.312500000000014 0.47321428571428575 -0.22252093395631442 0.011904761904761927 0 37.270833333333336 64.112500000000011 7.5000000000000009 60.454166666666673 0.0046565837263511942 16.214285714285719
decision_type=2 2 2 2 2 2 2 1 2 2 2 2 2 2
left_child=12 -2 5 -4 -5 7 10 8 -3 -10 13 -12 -1 -7
right_child=1 2 3 4 -6 6 -8 -9 9 -11 11 -13 -14 -15
leaf_value=0.005587010100464797 -0.0076037967506439492 -0.0073600258364822993 0.0095456630811545373 0.061651438909370596 0.0094595986700876326 0.0081801549600942335 0.001428097413408826 0.0019067503414228308 -0.063404960337687624 -0.016993813123824725 -0.0066409768050779477 0.086683239023584657 -0.011028548772355977 0.032326976875408316
leaf_weight=573 2554 1273 2519 158 122 1147 4800 3216 121 172 46 68 3204 267
leaf_count=573 2554 1273 2519 158 122 1147 4800 3216 121 172 46 68 3204 267
internal_value=1.53283e-06 0.00195378 0.00370877 0.0124832 0.0389107 0.00149817 0.00481318 -0.00288856 -0.0126677 -0.0361602 0.0154469 0.0490261 -0.00850784 0.0127397
internal_weight=20240 16463 13909 2799 280 11110 6328 4782 1566 293 1528 114 3777 1414
internal_count=20240 16463 13909 2799 280 11110 6328 4782 1566 293 1528 114 3777 1414
cat_boundaries=0 1
cat_threshold=65
is_linear=0
shrinkage=0.05


Tree=93
num_leaves=15
num_cat=1
split_feature=31 50 25 18 34 31 4 0 45 45 29 17 21 45
split_gain=126.296 100.316 82.2016 81.8134 58.9834 57.8664 65.8409 54.2136 52.7208 51.7294 51.0192 54.4551 48.9791 46.6791
threshold=6.5000000000000009 0 1.1057472214028163 -0.5 7.5000000000000009 15.500000000000002 0.81250000000000011 9.5208333333333339 23.500000000000004 30.500000000000004 4.8437969857271197 -0.93301270189221908 25.604166666666668 22.500000000000004
decision_type=2 1 2 2 2 2 2 2 2 2 2 2 2 2
left_child=1 13 -2 12 -5 7 -7 -4 10 -9 11 -6 -3 -1
right_child=2 3 5 4 8 6 -8 9 -10 -11 -12 -13 -14 -15
leaf_value=0.005325759424099314 -0.0024566630386019844 -0.0077105921200620285 0.062522101919261774 -0.0022255213882934606 -0.035003168878029102 0.094430742175741642 0.017387503728736192 0.0078304303956139021 0.040294714597629684 0.03470440131773031 -0.042247317363416748 0.01302305526369741 -0.034177491778909178 0.02876117464329582
leaf_weight=1853 1517 5104 49 7115 64 44 75 2866 131 191 51 759 181 240
leaf_count=1853 1517 5104 49 7115 64 44 75 2866 131 191 51 759 181 240
internal_value=1.50329e-06 -0.00218325 0.0071418 -0.00377244 -0.000623928 0.0116568 0.0458741 0.0103458 0.0107147 0.0095095 0.0062811 0.00928833 -0.00861703 0.00797495
internal_weight=20240 15498 4742 13405 8120 3225 119 3106 1005 3057 874 823 5285 2093
internal_count=20240 15498 4742 13405 8120 3225 119 3106 1005 3057 874 823 5285 2093
cat_boundaries=0 1
cat_threshold=32
is_linear=0
shrinkage=0.05


Tree=94
num_leaves=15
num_cat=2
split_feature=31 37 42 16 50 50 37 10 1 45 45 30 45 32
split_gain=119.603 111.701 111.639 79.5428 89.742 79.3907 76.7177 74.9492 98.3169 72.3845 67.115 64.228 56.4623 48.3406
threshold=1.0000000180025095e-35 54.862500000000004 132.00000000000003 -0.22252093395631442 0 1 96.312500000000014 3.5000000000000004 31.562500000000004 23.500000000000004 20.500000000000004 0.47321428571428575 35.500000000000007 7.5000000000000009
decision_type=2 2 2 2 1 1 2 2 2 2 2 2 2 2
left_child=-1 -2 3 4 7 9 -4 10 -9 13 -3 -8 -7 -5
right_child=1 2 6 5 -6 12 11 8 -10 -11 -12 -13 -14 -15
leaf_value=-0.014213244227551167 -0.0074540748717138901 -0.0061286646444193042 0.0089408115850526469 0.0073167138358507175 0.00059017694529395854 -0.00017392272322646777 0.056965404742880282 -0.011755733348281854 -0.044725614273242509 0.044390498751890849 0.039605506207832764 0.0094732706635772424 0.034830325237333273 0.03542019709518613
leaf_weight=1379 3211 488 2602 1956 3766 4857 162 843 309 160 96 127 118 166
leaf_count=1379 3211 488 2602 1956 3766 4857 162 843 309 160 96 127 118 166
internal_value=1.42813e-06 0.00104072 0.00278364 0.000773455 -0.00376053 0.00421096 0.0116553 -0.0131266 -0.0205992 0.0119083 0.00138928 0.0360952 0.000655012 0.0095152
internal_weight=20240 18861 15650 12759 5502 7257 2891 1736 1152 2282 584 289 4975 2122
internal_count=20240 18861 15650 12759 5502 7257 2891 1736 1152 2282 584 289 4975 2122
cat_boundaries=0 1 2
cat_threshold=65 33
is_linear=0
shrinkage=0.05


Tree=95
num_leaves=15
num_cat=0
split_feature=39 29 31 13 31 20 37 34 36 7 20 37 9 7
split_gain=113.142 99.8749 73.9377 66.5388 54.1874 55.263 69.6046 91.0511 68.6806 51.6707 46.4282 43.4499 43.3917 41.3662
threshold=24.500000000000004 2.1331379183327313 1.0000000180025095e-35 70.500000000000014 15.500000000000002 12.770833333333334 88.162500000000009 8.5000000000000018 2.9285714285714293 0.0020060200722730741 31.770833333333339 91.612500000000011 0.99260329131652669 0.31006545742049962
decision_type=2 2 2 2 2 2 2 2 2 2 2 2 2 2
left_child=9 -2 -3 12 5 8 -7 -8 -5 -1 11 -11 -4 -10
right_child=1 2 3 4 -6 6 7 -9 13 10 -12 -13 -14 -15
leaf_value=0.0033196581221305969 -0.0014643886207485822 -0.044491875742965231 0.030013924756960592 0.0058304459812851366 0.048802835363635999 -0.0015152602181691471 0.0073900554223051765 0.046465387387331906 0.01759760210201854 -0.0077130657627938574 -0.052572282289879195 0.0036146949358292083 0.010208389813875935 0.060167963478667666
leaf_weight=1718 5865 67 513 364 72 2755 1163 171 105 5673 54 995 600 125
leaf_count=1718 5865 67 513 364 72 2755 1163 171 105 5673 54 995 600 125
internal_value=1.3713e-06 0.00316297 0.00773576 0.00833209 0.00575615 0.00509432 0.00302413 0.012399 0.0193452 -0.00441888 -0.00639668 -0.00602274 0.0193371 0.0407337
internal_weight=20240 11800 5935 5868 4755 4683 4089 1334 594 8440 6722 6668 1113 230
internal_count=20240 11800 5935 5868 4755 4683 4089 1334 594 8440 6722 6668 1113 230
is_linear=0
shrinkage=0.05


Tree=96
num_leaves=15
num_cat=1
split_feature=32 34 45 50 24 37 25 16 45 4 20 10 20 18
split_gain=103.822 106.289 90.0975 85.8859 90.4452 77.4905 75.5725 70.3895 58.8404 51.5413 48.8947 47.6225 47.1852 44.2613
threshold=4.5000000000000009 8.5000000000000018 16.500000000000004 0 27.294642857142858 72.387500000000017 2.5700905447933455 -0.22252093395631442 4.5000000000000009 0.97916666666666685 7.2708333333333348 3.5000000000000004 13.47916666666667 -0.5
decision_type=2 2 2 1 2 2 2 2 2 2 2 2 2 2
left_child=1 3 10 -1 7 -3 -4 9 13 11 -2 -5 -13 -9
right_child=2 5 6 4 -6 -7 -8 8 -10 -11 -12 12 -14 -15
leaf_value=0.0023590763631352587 0.033115488742229367 0.00047766614869675219 0.0042827331711664616 -0.0051113251655020998 -0.047583037965859359 0.031382692885632689 0.033568553912586403 -0.020517060006527428 0.0014731998897862591 -0.0010947897830892535 0.0021709134213195847 -0.013710886546600624 -0.031215772736680015 -0.0024228483714057703
leaf_weight=4375 131 425 405 938 130 388 483 620 3759 1013 4997 1283 550 743
leaf_count=4375 131 425 405 938 130 388 483 620 3759 1013 4997 1283 550 743
internal_value=1.30272e-06 -0.00232761 0.0055077 -0.0033918 -0.00617201 0.0152269 0.0202118 -0.00557446 -0.00175381 -0.0107461 0.00296142 -0.0142743 -0.0189633 -0.0106535
internal_weight=20240 14224 6016 13411 9036 813 888 8906 5122 3784 5128 2771 1833 1363
internal_count=20240 14224 6016 13411 9036 813 888 8906 5122 3784 5128 2771 1833 1363
cat_boundaries=0 1
cat_threshold=48
is_linear=0
shrinkage=0.05


Tree=97
num_leaves=15
num_cat=2
split_feature=31 37 42 16 50 50 37 45 30 5 35 10 20 45
split_gain=101.086 93.0265 90.2498 68.2226 78.9039 68.7476 66.7878 63.2209 58.8854 49.8311 53.626 51.4969 49.4525 49.5216
threshold=1.0000000180025095e-35 54.862500000000004 132.00000000000003 -0.22252093395631442 0 1 96.312500000000014 23.500000000000004 0.065476190476190535 0.93750000000000011 8.071428571428573 4.5000000000000009 16.395833333333339 4.5000000000000009
decision_type=2 2 2 2 1 1 2 2 2 2 2 2 2 2
left_child=-1 -2 3 4 9 7 -4 12 -8 10 11 -3 13 -5
right_child=1 2 6 5 -6 -7 8 -9 -10 -11 -12 -13 -14 -15
leaf_value=-0.013066722315761779 -0.0067955069321368224 -0.009197617902788455 0.0079912344612177878 -0.0028321559944817307 -0.0008075175761875161 0.00061441055743173014 0.074410532620638167 0.041442673212150116 0.02092836141064008 0.001428459223234313 -0.069276492932780848 -0.040833100464959179 0.0014922565722372385 0.022948815807744508
leaf_weight=1379 3211 378 2602 245 4612 4975 67 160 222 256 61 195 1100 777
leaf_count=1379 3211 378 2602 245 4612 4975 67 160 222 256 61 195 1100 777
internal_value=1.29587e-06 0.000956749 0.00254732 0.000739934 -0.00345905 0.00392345 0.010524 0.0110862 0.0333273 -0.0169993 -0.0247082 -0.0199636 0.00884959 0.0167684
internal_weight=20240 18861 15650 12759 5502 7257 2891 2282 289 890 634 573 2122 1022
internal_count=20240 18861 15650 12759 5502 7257 2891 2282 289 890 634 573 2122 1022
cat_boundaries=0 1 2
cat_threshold=1 33
is_linear=0
shrinkage=0.05


Tree=98
num_leaves=15
num_cat=2
split_feature=39 29 38 37 16 50 10 5 41 50 45 45 20 45
split_gain=94.0351 89.3213 57.0748 43.778 43.4157 66.3885 95.4611 96.3256 65.2803 56.5987 56.109 54.5403 47.4489 47.9803
threshold=20.500000000000004 1.2397910289694347 181.50000000000003 63.587500000000013 -0.22252093395631442 0 3.5000000000000004 0.35416666666666669 143.50000000000003 1 29.500000000000004 27.500000000000004 12.270833333333334 17.500000000000004
decision_type=2 2 2 2 2 1 2 2 2 1 2 2 2 2
left_child=3 -2 4 -1 5 -3 11 8 -8 12 -11 -7 -6 -14
right_child=1 2 -4 -5 9 6 7 -9 -10 10 -12 -13 13 -15
leaf_value=-0.010476786519227614 -0.003578019266734029 0.0051768466238159977 0.017853666953587085 -0.0016946827571142455 0.038722499534221355 0.00012711333986953832 -0.036663208210143239 0.00014307396357338009 0.016897639140370301 0.00094208921602563197 0.021928857596022852 0.038198341920449422 0.0058059641839902452 0.025395033408480636
leaf_weight=2431 4598 2233 779 3409 177 400 512 451 64 3174 354 123 1098 437
leaf_count=2431 4598 2233 779 3409 177 400 512 451 64 3174 354 123 1098 437
internal_value=1.22633e-06 0.0021716 0.00486868 -0.00535038 0.00374762 -0.000334306 -0.00825407 -0.0171622 -0.030712 0.00669455 0.00303929 0.00908077 0.0141269 0.0113828
internal_weight=20240 14400 9802 5840 9023 3783 1550 1027 576 5240 3528 523 1712 1535
internal_count=20240 14400 9802 5840 9023 3783 1550 1027 576 5240 3528 523 1712 1535
cat_boundaries=0 1 2
cat_threshold=60 33
is_linear=0
shrinkage=0.05


Tree=99
num_leaves=15
num_cat=2
split_feature=31 37 41 16 50 45 50 10 5 30 45 28 20 7
split_gain=88.6251 79.3572 78.832 59.7084 62.956 64.3885 62.485 66.6281 75.3395 55.9286 55.5836 52.4938 51.2942 69.9668
threshold=1.0000000180025095e-35 54.862500000000004 141.50000000000003 -0.22252093395631442 0 20.500000000000004 1 3.5000000000000004 0.43750000000000006 0.011904761904761868 35.500000000000007 27.527083333333341 15.895833333333334 0.56260709126535757
decision_type=2 2 2 2 1 2 1 2 2 2 2 2 2 2
left_child=-1 -2 3 6 5 12 7 -3 -9 -4 -6 -11 -5 -14
right_child=1 2 9 4 10 -7 -8 8 -10 11 -12 -13 13 -15
leaf_value=-0.012234817087442458 -0.0062641578431672966 0.0026369706103273223 0.029512650364622896 0.016202436436636079 -0.00013674091035451545 0.033362230163006844 0.00056811720221748086 -0.029649897897333924 -0.0047012283531453376 0.0022505956064312127 0.034306035284438013 0.019085886392649881 0.0041139589076132814 -0.041234125218839859
leaf_weight=1379 3211 626 336 936 4908 276 4006 619 592 1465 120 677 996 93
leaf_count=1379 3211 626 336 936 4908 276 4006 619 592 1465 120 677 996 93
internal_value=1.29289e-06 0.000895922 0.002365 0.000825818 0.0038316 0.0106604 -0.0029444 -0.0105499 -0.0174537 0.0105466 0.000683922 0.00757155 0.00761887 0.000241258
internal_weight=20240 18861 15650 13172 7329 2301 5843 1837 1211 2478 5028 2142 2025 1089
internal_count=20240 18861 15650 13172 7329 2301 5843 1837 1211 2478 5028 2142 2025 1089
cat_boundaries=0 1 2
cat_threshold=33 65
is_linear=0
shrinkage=0.05


Tree=100
num_leaves=15
num_cat=0
split_feature=32 34 4 31 37 20 0 37 37 24 26 45 18 45
split_gain=84.709 90.3967 74.7272 98.5286 78.6992 83.2212 67.1111 64.3148 63.8395 65.3742 89.7668 56.991 51.9631 51.6982
threshold=4.5000000000000009 8.5000000000000018 0.72916666666666685 15.500000000000002 66.137500000000017 22.104166666666668 31.770833333333339 72.387500000000017 100.06250000000001 27.294642857142858 32.218750000000007 23.500000000000004 -0.5 33.500000000000007
decision_type=2 2 2 2 2 2 2 2 2 2 2 2 2 2
left_child=1 8 3 4 5 -2 -4 -3 9 12 -11 -10 -1 -14
right_child=2 7 6 -5 -6 -7 -8 -9 11 10 -12 -13 13 -15
leaf_value=-0.0073347901875021439 0.011037957705831939 0.0006496421288123684 -0.0031171132497036761 0.088111127358747696 0.022143642051263297 -0.012688582792882545 0.016193405201192945 0.02880496236805017 0.0061039528359937032 -0.037039366491521848 0.030677817004211877 0.057168594587208903 -0.0012370889635487344 0.032139043368781935
leaf_weight=5022 1221 425 2802 41 886 530 536 388 943 287 59 58 6924 118
leaf_count=5022 1221 425 2802 41 886 530 536 388 943 287 59 58 6924 118
internal_value=1.24227e-06 -0.0021024 0.00497502 0.0111965 0.0100006 0.00385631 -1.6323e-05 0.0140866 -0.00308381 -0.00406356 -0.0254922 0.00906274 -0.00344898 -0.000677818
internal_weight=20240 14224 6016 2678 2637 1751 3338 813 13411 12410 346 1001 12064 7042
internal_count=20240 14224 6016 2678 2637 1751 3338 813 13411 12410 346 1001 12064 7042
is_linear=0
shrinkage=0.05


Tree=101
num_leaves=15
num_cat=1
split_feature=31 45 15 41 26 22 32 6 33 20 50 1 35 13
split_gain=78.201 66.7679 69.9794 65.4119 56.976 54.1242 49.5578 102.741 84.7672 77.0081 51.9771 97.9882 51.4156 47.1282
threshold=1.5000000000000002 29.500000000000004 1.0000000180025095e-35 116.50000000000001 32.218750000000007 17.645833333333339 6.5000000000000009 0.826471956406167 1.0000000180025095e-35 18.729166666666668 0 27.979166666666668 7.2142857142857153 71.500000000000014
decision_type=2 2 2 2 2 2 2 2 2 2 1 2 2 2
left_child=5 4 3 -3 6 -1 10 8 9 -8 -2 -12 -11 -6
right_child=1 2 -4 -5 13 -7 7 -9 -10 12 11 -13 -14 -15
leaf_value=-0.0047548973083685999 0.0067044643939240109 -0.01315824781570865 0.032622846396610165 0.026164004653798079 0.027839633984567055 -0.027165129548387224 0.03052528259595251 -0.00015669012126448675 0.052866874228186728 -0.030558915181057369 -0.00065215736977545201 -0.015047711995061129 0.010239883540077257 -0.0010856627405106329
leaf_weight=3485 1786 265 344 176 347 292 323 1898 166 116 9218 1356 231 237
leaf_count=3485 1786 265 344 176 347 292 323 1898 166 116 9218 1356 231 237
internal_value=1.18017e-06 0.00148982 0.01572 0.00253499 0.000777314 -0.00648743 0.000184423 0.00627606 0.0208806 0.0129556 -0.00116303 -0.00249587 -0.00339891 0.0161011
internal_weight=20240 16463 785 441 15678 3777 15094 2734 836 670 12360 10574 347 584
internal_count=20240 16463 785 441 15678 3777 15094 2734 836 670 12360 10574 347 584
cat_boundaries=0 1
cat_threshold=32
is_linear=0
shrinkage=0.05


Tree=102
num_leaves=15
num_cat=1
split_feature=39 25 38 16 42 50 1 5 20 45 29 34 43 7
split_gain=74.8292 70.7336 63.3914 53.372 67.4837 59.0366 58.7925 67.2657 65.1675 51.9574 49.8818 49.7647 42.3533 40.3803
threshold=18.500000000000004 0.58767516702492106 181.50000000000003 -0.22252093395631442 172.07142857142858 0 31.604166666666668 0.93750000000000011 32.895833333333336 29.500000000000004 4.3800444907821889 8.5000000000000018 16.357142857142858 0.0020060200722730741
decision_type=2 2 2 2 2 1 2 2 2 2 2 2 2 2
left_child=13 -2 3 4 6 -5 -3 8 -8 -7 -4 12 -11 -1
right_child=1 2 10 5 -6 9 7 -9 -10 11 -12 -13 -14 -15
leaf_value=0.0042157940428427711 -0.0031895693194786997 0.0014531878520107732 0.010770907055014892 0.013469110154354797 0.03336163694728856 0.00070025481791536378 -0.011261176668592049 0.028323559994934147 -0.052779651173981479 -0.0022556209066821324 0.041294559528051465 0.073011176371946929 0.033563216240916231 -0.0079822839971597295
leaf_weight=834 5148 2783 549 1812 135 3554 1036 97 104 182 177 40 151 3638
leaf_count=834 5148 2783 549 1812 135 3554 1036 97 104 182 177 40 151 3638
internal_value=1.28679e-06 0.00162035 0.00395193 0.00290551 -0.00141041 0.00603021 -0.00257812 -0.0116478 -0.0150488 0.00255694 0.0182126 0.0203163 0.0139866 -0.00570742
internal_weight=20240 15768 10620 9894 4155 5739 4020 1237 1140 3927 726 373 333 4472
internal_count=20240 15768 10620 9894 4155 5739 4020 1237 1140 3927 726 373 333 4472
cat_boundaries=0 1
cat_threshold=33
is_linear=0
shrinkage=0.05


Tree=103
num_leaves=15
num_cat=0
split_feature=31 45 10 10 34 1 32 1 37 37 1 34 22 20
split_gain=71.1134 65.6544 104.309 111.997 85.7406 81.252 73.9106 63.1182 56.5982 54.1294 49.5906 49.1029 44.2449 40.6369
threshold=1.0000000180025095e-35 16.500000000000004 3.5000000000000004 5.5000000000000009 7.5000000000000009 31.854166666666668 7.5000000000000009 39.395833333333336 69.225000000000009 54.862500000000004 27.979166666666668 3.5000000000000004 17.645833333333339 20.645833333333339
decision_type=2 2 2 2 2 2 2 2 2 2 2 2 2 2
left_child=12 7 5 4 10 -3 11 9 -6 -2 -4 -7 -1 -9
right_child=1 2 3 -5 8 6 -8 13 -10 -11 -12 -13 -14 -15
leaf_value=-0.0087072655031006276 -0.0060210788247213286 0.0048545779326362995 -0.0053326275549004298 0.016983728011686693 -0.036488997204229233 0.0020450121910350087 0.076985701010562485 -0.0034426955574748393 0.022596561723980599 0.0014299568769766931 -0.032568175355680157 0.028559110284450229 -0.046578273804653895 -0.03650211432504321
leaf_weight=1297 3058 1041 273 464 50 240 64 176 214 12012 431 641 82 197
leaf_count=1297 3058 1041 273 464 50 240 64 176 214 12012 431 641 82 197
internal_value=1.55517e-06 0.000802938 0.0070734 -0.00321301 -0.0128941 0.0144904 0.0251051 -0.000584902 0.0114061 -8.20051e-05 -0.0220067 0.0213362 -0.0109592 -0.020903
internal_weight=20240 18861 3418 1432 968 1986 945 15443 264 15070 704 881 1379 373
internal_count=20240 18861 3418 1432 968 1986 945 15443 264 15070 704 881 1379 373
is_linear=0
shrinkage=0.05


Tree=104
num_leaves=15
num_cat=0
split_feature=39 29 0 20 3 37 9 18 5 20 45 31 27 41
split_gain=66.3444 60.7472 40.8404 59.1526 35.8297 35.3328 34.827 41.7817 45.1903 41.5309 41.8511 38.094 37.5167 33.4936
threshold=20.500000000000004 1.2397910289694347 37.270833333333336 37.270833333333336 0.77083333333333337 63.587500000000013 0.99260329131652669 -0.5 0.52083333333333337 15.895833333333334 30.500000000000004 9.5000000000000018 3.7088098160605476 121.50000000000001
decision_type=2 2 2 2 2 2 2 2 2 2 2 2 2 2
left_child=5 -2 3 4 6 13 7 12 -9 11 -11 -8 -3 -1
right_child=1 2 -4 -5 -6 -7 9 8 -10 10 -12 -13 -14 -15
leaf_value=-0.010620107905664998 -0.0029170972379547236 0.0055646949709558186 0.030573747392541935 -0.047128814432704662 -0.020206066722586902 -0.0012094301461909179 0.0059983897278734193 0.019218980270794307 0.0050488923158823569 -0.0027246435545036727 0.015203581386230222 0.036671582060945139 -0.016929519605326914 0.013546768571279625
leaf_weight=2278 4598 752 143 57 151 3409 2246 1154 1098 3490 359 106 246 153
leaf_count=2278 4598 752 143 57 151 3409 2246 1154 1098 3490 359 106 246 153
internal_value=1.47743e-06 0.0018245 0.00404873 0.00365603 0.0039575 -0.00449365 0.00434356 0.00853612 0.0123101 0.00214621 -0.00105246 0.00738077 2.00289e-05 -0.00909912
internal_weight=20240 14400 9802 9659 9602 5840 9451 3250 2252 6201 3849 2352 998 2431
internal_count=20240 14400 9802 9659 9602 5840 9451 3250 2252 6201 3849 2352 998 2431
is_linear=0
shrinkage=0.05


Tree=105
num_leaves=15
num_cat=1
split_feature=32 34 4 31 37 20 33 16 45 50 24 10 37 20
split_gain=62.959 74.829 64.1024 81.2464 72.3196 73.0125 64.3717 54.7768 73.1065 54.7654 71.3658 55.7786 50.5576 48.0947
threshold=4.5000000000000009 8.5000000000000018 0.64583333333333337 12.500000000000002 66.137500000000017 17.145833333333339 2.5000000000000004 -0.22252093395631442 6.5000000000000009 0 27.294642857142858 3.5000000000000004 72.387500000000017 34.395833333333336
decision_type=2 2 2 2 2 2 2 2 2 1 2 2 2 2
left_child=1 7 3 4 5 -2 -7 9 -9 -1 11 -11 -3 -4
right_child=2 12 13 -5 -6 6 -8 8 -10 10 -12 -13 -14 -15
leaf_value=-0.00018826476829629954 0.011788479143828487 0.001003531588734511 -0.0020424365252000904 0.043941285932946599 0.020253380872959463 -0.0057604338713497785 -0.064005467368691574 -0.005458128718584465 0.0043410444915195912 -0.0005147578374695088 -0.063055392254203077 -0.013941255795533555 0.025966608859016561 0.017753546584871778
leaf_weight=2182 840 425 3144 168 794 679 51 3395 4332 1175 63 2264 388 340
leaf_count=2182 840 425 3144 168 794 679 51 3395 4332 1175 63 2264 388 340
internal_value=1.40356e-06 -0.00181218 0.00428936 0.0103436 0.00795596 0.00173676 -0.00982961 -0.00270509 3.5597e-05 -0.00643086 -0.0102905 -0.00935384 0.012917 -0.000110567
internal_weight=20240 14224 6016 2532 2364 1570 730 13411 7727 5684 3502 3439 813 3484
internal_count=20240 14224 6016 2532 2364 1570 730 13411 7727 5684 3502 3439 813 3484
cat_boundaries=0 1
cat_threshold=56
is_linear=0
shrinkage=0.05


Tree=106
num_leaves=15
num_cat=0
split_feature=18 25 31 20 0 0 9 37 29 45 10 44 26 37
split_gain=61.7916 70.0293 53.0496 41.4371 86.8072 57.2056 39.6835 43.625 39.9194 37.4024 42.8641 51.8895 48.951 43.1144
threshold=-0.5 0.58767516702492106 13.500000000000002 27.520833333333339 27.729166666666668 25.604166666666668 0.99260329131652669 100.06250000000001 1.9425178604924309 11.500000000000002 3.5000000000000004 2.5000000000000004 22.772321428571434 97.850000000000009
decision_type=2 2 2 2 2 2 2 2 2 2 2 2 2 2
left_child=2 -2 3 4 9 -5 8 -8 -3 -1 11 12 -11 -12
right_child=1 6 -4 5 -6 -7 7 -9 -10 10 13 -13 -14 -15
leaf_value=-0.0061178540423838784 -0.0026833822657713127 0.0017963204435848942 0.052379657481131818 -0.076321049509126521 0.054765687944018288 -0.013362797948138905 0.00098553871244936469 0.018633937853248052 0.01394616328215771 0.015558334030179508 -0.01008447940677887 -0.00013962874140342163 0.06798194210231305 0.028216402246444311
leaf_weight=4888 4813 1056 42 42 64 256 4754 378 1879 407 791 739 50 81
leaf_count=4888 4813 1056 42 42 64 256 4754 378 1879 407 791 739 50 81
internal_value=1.32873e-06 0.00208971 -0.00365335 -0.00397493 -0.00319974 -0.0222361 0.00493748 0.00228544 0.0095747 -0.00373307 0.0019037 0.0080503 0.021294 -0.00652671
internal_weight=20240 12880 7360 7318 7020 298 8067 5132 2935 6956 2068 1196 457 872
internal_count=20240 12880 7360 7318 7020 298 8067 5132 2935 6956 2068 1196 457 872
is_linear=0
shrinkage=0.05


Tree=107
num_leaves=15
num_cat=0
split_feature=31 37 43 30 20 0 7 32 6 45 16 20 15 1
split_gain=59.0035 51.3908 53.9004 66.0681 50.9562 72.5737 49.4048 85.0416 48.7665 43.4881 45.5936 42.2697 41.4894 62.5309
threshold=1.0000000180025095e-35 54.862500000000004 17.357142857142858 0.005952380952380959 20.312500000000004 20.312500000000004 0.086724077416766923 6.5000000000000009 0.80931647719232036 4.5000000000000009 -0.22252093395631442 13.60416666666667 1.0000000180025095e-35 57.770833333333336
decision_type=2 2 2 2 2 2 2 2 2 2 2 2 2 2
left_child=-1 -2 4 8 6 -6 -3 9 -4 11 -11 -8 -7 -14
right_child=1 2 3 -5 5 12 7 -9 -10 10 -12 -13 13 -15
leaf_value=-0.009982724464625092 -0.005030692075703949 -0.0024803867451100143 0.017168363072215375 0.0043062404996888019 -0.032514112023233725 -0.011418765876245159 0.0018024137766313086 0.026230721797289733 0.061895394037876805 -0.001822619301363705 0.012593117170299071 -0.013604163569144371 0.0011276309579721431 0.056513424957857321
leaf_weight=1379 3211 4451 471 3887 260 709 1843 421 70 843 1570 587 481 57
leaf_count=1379 3211 4451 471 3887 260 709 1843 421 70 843 1570 587 481 57
internal_value=1.26228e-06 0.00073123 0.00191344 0.00658476 7.02143e-05 -0.00848435 0.00139721 0.00467592 0.0229556 0.00280217 0.00755687 -0.00191926 -0.00347414 0.00699564
internal_weight=20240 18861 15650 4428 11222 1507 9715 5264 541 4843 2413 2430 1247 538
internal_count=20240 18861 15650 4428 11222 1507 9715 5264 541 4843 2413 2430 1247 538
is_linear=0
shrinkage=0.05


Tree=108
num_leaves=15
num_cat=0
split_feature=40 25 13 26 22 20 6 37 32 27 34 45 0 20
split_gain=55.2537 48.5844 61.2288 50.5871 47.6733 41.3376 68.076 43.0754 46.3154 67.3248 45.5706 43.5903 42.3281 48.3914
threshold=10.500000000000002 0.58767516702492106 71.500000000000014 30.324404761904763 31.145833333333339 32.104166666666679 0.9980099482784569 99.71250000000002 6.5000000000000009 5.0542260428078469 5.5000000000000009 22.500000000000004 26.229166666666668 20.562500000000004
decision_type=2 2 2 2 2 2 2 2 2 2 2 2 2 2
left_child=4 -2 3 -3 -1 7 -7 8 12 10 -10 -9 13 -4
right_child=1 2 5 -5 -6 6 -8 11 9 -11 -12 -13 -14 -15
leaf_value=-0.0035246578377899213 -0.0024910337034404137 0.0081502198607054377 0.00072538192250311566 0.029972023943073148 -0.050284050032496454 -0.023874189147494354 0.032342492311906355 0.011827918698754962 0.017050080171379416 0.042385365437478464 -0.0014234651493282341 0.058599780072811351 0.013961922114200297 -0.011604969692521686
leaf_weight=6121 4588 1414 3957 327 55 314 65 353 564 141 818 58 469 996
leaf_count=6121 4588 1414 3957 327 55 314 65 353 564 141 818 58 469 996
internal_value=1.19916e-06 0.00173239 0.00377725 0.0122489 -0.00394107 0.00187045 -0.0142328 0.00270013 0.00176935 0.00947353 0.00611567 0.0184283 -0.000394702 -0.00175413
internal_weight=20240 14064 9476 1741 6176 7735 379 7356 6945 1523 1382 411 5422 4953
internal_count=20240 14064 9476 1741 6176 7735 379 7356 6945 1523 1382 411 5422 4953
is_linear=0
shrinkage=0.05


Tree=109
num_leaves=15
num_cat=0
split_feature=18 1 20 31 26 20 0 27 27 28 13 0 20 10
split_gain=52.8688 59.2795 58.8327 46.4048 43.2074 37.615 75.132 55.2779 41.191 36.4751 67.7569 35.2609 55.668 37.7499
threshold=-0.5 11.812500000000002 8.9375000000000018 13.500000000000002 12.21279761904762 27.520833333333339 27.729166666666668 5.7741237810269013 4.8878627288419434 28.202083333333338 154.50000000000003 35.270833333333336 36.062500000000007 5.5000000000000009
decision_type=2 2 2 2 2 2 2 2 2 2 2 2 2 2
left_child=3 -2 4 5 -3 6 -1 8 9 10 -7 12 13 -4
right_child=1 2 11 -5 -6 7 -8 -9 -10 -11 -12 -13 -14 -15
leaf_value=-0.0034377447664046845 -0.003204875202555343 0.016559236756909422 0.0018108523520686923 0.049027005874640532 0.06435757641506902 0.034226114113159754 0.050985117553500464 -0.07424464380989472 0.021673279042200497 -0.051911688922610999 -0.042099886180626024 0.022739012988041277 -0.053196563131429932 0.011333856505987326
leaf_weight=6956 3910 238 7182 42 59 54 64 42 66 73 63 230 44 1217
leaf_count=6956 3910 238 7182 42 59 54 64 42 66 73 63 230 44 1217
internal_value=1.13918e-06 0.00193287 0.00417239 -0.00337938 0.0260545 -0.00368016 -0.00294158 -0.0210788 -0.0123562 -0.024177 -0.0068725 0.00342306 0.00289686 0.00319072
internal_weight=20240 12880 8970 7360 297 7318 7020 298 256 190 117 8673 8443 8399
internal_count=20240 12880 8970 7360 297 7318 7020 298 256 190 117 8673 8443 8399
is_linear=0
shrinkage=0.05


Tree=110
num_leaves=15
num_cat=0
split_feature=31 45 10 10 34 1 32 1 39 37 1 21 37 44
split_gain=50.7722 46.3799 82.8199 93.8693 71.3015 68.1564 78.7562 60.0874 49.8918 47.9238 45.6703 41.3925 38.2396 37.9759
threshold=1.0000000180025095e-35 16.500000000000004 3.5000000000000004 5.5000000000000009 7.5000000000000009 31.562500000000004 7.5000000000000009 39.395833333333336 40.500000000000007 69.225000000000009 27.979166666666668 15.35416666666667 54.862500000000004 3.5000000000000004
decision_type=2 2 2 2 2 2 2 2 2 2 2 2 2 2
left_child=11 7 5 4 10 13 8 12 -7 -6 -4 -1 -2 -3
right_child=1 2 3 -5 9 6 -8 -9 -10 -11 -12 -13 -14 -15
leaf_value=-0.0065374091287579419 -0.0049893934253657643 0.013779699697499715 -0.004388845486045327 0.015272791843174142 -0.033992769077420236 0.011681954414164652 0.071924539256308762 -0.020312563457211663 0.038400209363971954 0.020376748916209966 -0.030525692209699723 -0.036819107494046613 0.0012732400062191839 -0.0075530727071454751
leaf_weight=1255 3058 372 273 464 50 849 70 373 220 214 431 124 12012 475
leaf_count=1255 3058 372 273 464 50 849 70 373 220 214 431 124 12012 475
internal_value=1.08225e-06 0.000678221 0.00594848 -0.0032173 -0.0120803 0.0125574 0.020545 -0.000488247 0.0171806 0.0100795 -0.0203902 -0.00926035 2.42826e-06 0.00181622
internal_weight=20240 18861 3418 1432 968 1986 1139 15443 1069 264 704 1379 15070 847
internal_count=20240 18861 3418 1432 968 1986 1139 15443 1069 264 704 1379 15070 847
is_linear=0
shrinkage=0.05


Tree=111
num_leaves=15
num_cat=1
split_feature=39 45 15 41 50 20 39 42 20 5 45 1 1 27
split_gain=48.1115 41.7255 55.6382 51.7336 48.8566 80.79 56.1391 50.8393 52.3061 57.9401 51.8395 58.8195 50.506 44.8745
threshold=17.500000000000004 29.500000000000004 1.0000000180025095e-35 116.50000000000001 0 12.395833333333334 20.500000000000004 160.57142857142858 32.520833333333336 0.97916666666666685 19.500000000000004 41.770833333333336 27.979166666666668 2.8637384281844049
decision_type=2 2 2 2 1 2 2 2 2 2 2 2 2 2
left_child=-1 4 3 -3 5 6 -2 8 10 -10 -7 -12 -6 -4
right_child=1 2 13 -5 12 7 -8 -9 9 -11 11 -13 -14 -15
leaf_value=-0.0049919418923227259 -0.0010359833147125916 -0.012098610275160813 -0.0074565833501949695 0.022095798667274662 -0.0010917898318831842 -0.00016743522478064935 0.025171328324674388 0.014983352537083137 -0.035798795025814609 0.013390502127342272 0.037837540436385562 0.001873461443107673 -0.016313031618168727 0.037994851806684965
leaf_weight=3896 297 282 69 182 6862 5766 655 636 197 86 198 267 592 255
leaf_count=3896 297 282 69 182 6862 5766 655 636 197 86 198 267 592 255
internal_value=1.02814e-06 0.00119123 0.012416 0.00131385 0.000622628 0.00330804 0.0169953 0.00149024 0.000172833 -0.0208508 0.00112769 0.0171872 -0.00229759 0.0283154
internal_weight=20240 16344 788 464 15556 8102 952 7150 6514 283 6231 465 7454 324
internal_count=20240 16344 788 464 15556 8102 952 7150 6514 283 6231 465 7454 324
cat_boundaries=0 1
cat_threshold=45
is_linear=0
shrinkage=0.05


Tree=112
num_leaves=15
num_cat=0
split_feature=18 1 20 31 26 20 0 20 20 0 24 22 16 45
split_gain=46.0221 48.9316 52.6831 41.3485 38.1343 37.3314 37.6777 52.8164 37.0336 68.7203 69.4015 45.6769 39.205 38.4092
threshold=-0.5 11.812500000000002 8.9375000000000018 9.5000000000000018 12.21279761904762 31.479166666666668 27.187500000000004 25.854166666666668 20.562500000000004 20.562500000000004 24.833333333333339 22.687500000000004 1.0000000180025095e-35 11.500000000000002
decision_type=2 2 2 2 2 2 2 2 2 2 2 2 2 2
left_child=3 -2 4 5 -3 6 8 -8 13 -10 11 -11 -12 -1
right_child=1 2 -4 -5 -6 -7 7 -9 9 10 12 -13 -14 -15
leaf_value=-0.0051848846996347753 -0.0028645409228934427 0.015624462495197958 0.0031288839116666019 0.013396783136779462 0.060529145868731885 -0.035469159582048979 0.067789050053025407 0.0029872110129421595 -0.03962258747176485 -0.0083360849229737796 -0.055971835157566374 0.026235484112609432 -0.0062806025606720415 0.0039762264126027309
leaf_weight=4451 3910 238 8673 359 59 93 43 117 201 235 87 161 73 1540
leaf_count=4451 3910 238 8673 359 59 93 43 117 201 235 87 161 73 1540
internal_value=9.76735e-07 0.00180328 0.00383798 -0.00315306 0.0245449 -0.00400171 -0.00357807 0.0204027 -0.00414668 -0.014567 -0.00550917 0.00571953 -0.0333002 -0.00283
internal_weight=20240 12880 8970 7360 297 7001 6908 160 6748 757 556 396 160 5991
internal_count=20240 12880 8970 7360 297 7001 6908 160 6748 757 556 396 160 5991
is_linear=0
shrinkage=0.05


Tree=113
num_leaves=15
num_cat=2
split_feature=16 50 45 32 50 10 1 40 39 32 37 34 45 45
split_gain=45.5152 85.4831 66.2374 60.3121 59.2499 53.6014 47.0848 44.9938 60.2044 46.2428 47.1145 41.7393 38.6733 37.8372
threshold=-0.22252093395631442 0 16.500000000000004 7.5000000000000009 1 3.5000000000000004 37.854166666666679 26.500000000000004 29.500000000000004 4.5000000000000009 98.812500000000014 8.5000000000000018 40.500000000000007 27.500000000000004
decision_type=2 1 2 2 1 2 2 2 2 2 2 2 2 2
left_child=4 2 -2 7 5 13 11 8 -4 10 -10 -7 -3 -1
right_child=1 12 3 -5 -6 6 -8 -9 9 -11 -12 -13 -14 -15
leaf_value=-0.0015653371699536638 0.0053914284020411801 -0.0006626532083507824 0.029974261950395122 0.076201438734307889 0.00046705615155823383 -0.012694073733917467 -0.035634545067389785 0.063570868449572188 -0.02749688876394047 0.042415142909158023 0.025807289511226773 0.011796435380687484 0.048614582978188992 0.035249925648172697
leaf_weight=1005 2239 8660 304 50 5400 1765 202 52 152 46 57 193 40 75
leaf_count=1005 2239 8660 304 50 5400 1765 202 52 152 46 57 193 40 75
internal_value=9.27894e-07 0.00204724 0.00946458 0.0234047 -0.00274643 -0.00807875 -0.0126512 0.0190842 0.0149459 -0.00297025 -0.0129594 -0.01028 -0.000435591 0.000991278
internal_weight=20240 11600 2900 661 8640 3240 2160 611 559 255 209 1958 8700 1080
internal_count=20240 11600 2900 661 8640 3240 2160 611 559 255 209 1958 8700 1080
cat_boundaries=0 1 2
cat_threshold=33 67
is_linear=0
shrinkage=0.05


Tree=114
num_leaves=15
num_cat=0
split_feature=31 22 45 15 32 27 27 31 31 6 37 40 5 38
split_gain=42.1838 38.5943 36.9411 80.0395 46.6803 42.9902 37.8476 36.0119 34.8883 78.6224 33.0558 30.9978 31.7787 36.1126
threshold=1.0000000180025095e-35 17.645833333333339 27.500000000000004 1.0000000180025095e-35 5.5000000000000009 3.4243059026757563 5.6618609004608631 5.5000000000000009 12.500000000000002 0.67523740120804165 86.062500000000014 11.500000000000002 0.56250000000000011 96.500000000000014
decision_type=2 2 2 2 2 2 2 2 2 2 2 2 2 2
left_child=1 -1 8 4 10 7 11 -5 -2 -10 -4 -7 13 -13
right_child=2 -3 3 5 -6 6 -8 -9 9 -11 -12 12 -14 -15
leaf_value=-0.0063377287763970256 -0.0003152137152945636 -0.041707885805474847 -0.028936953239885349 0.029108818787399956 0.029618013105110121 0.011032138966362584 -0.0034013689905405043 -0.016577733009234891 0.070458554195345566 0.0062928031187063074 -0.00053242017963895999 0.025403462324378102 0.016038813738321719 0.079443340956826106
leaf_weight=1297 17253 82 143 82 95 55 50 91 53 481 361 43 44 110
leaf_count=1297 17253 82 143 82 95 55 50 91 53 481 361 43 44 110
internal_value=8.93016e-07 -0.00844096 0.000618109 0.00962327 -0.00253168 0.0249513 0.0363362 0.00507716 7.43666e-05 0.0126613 -0.00859164 0.0442206 0.0534864 0.0642557
internal_weight=20240 1379 18861 1074 599 475 302 173 17787 534 504 252 197 153
internal_count=20240 1379 18861 1074 599 475 302 173 17787 534 504 252 197 153
is_linear=0
shrinkage=0.05


Tree=115
num_leaves=15
num_cat=2
split_feature=39 45 0 24 16 50 50 6 20 45 32 34 24 40
split_gain=40.9025 41.9887 36.3853 40.6188 34.2787 53.0707 50.8117 52.39 63.4507 48.0696 48.1214 43.1563 48.1831 42.2202
threshold=15.500000000000002 4.5000000000000009 23.437500000000004 17.699404761904766 -0.22252093395631442 0 1 0.72273067642898758 19.062500000000004 17.500000000000004 6.5000000000000009 6.5000000000000009 27.294642857142858 26.500000000000004
decision_type=2 2 2 2 2 1 1 2 2 2 2 2 2 2
left_child=1 -1 3 -3 6 9 -2 8 -8 -6 13 12 -9 -11
right_child=4 2 -4 -5 5 -7 7 11 -10 10 -12 -13 -14 -15
leaf_value=-0.012176819103573704 0.0024360950756660404 -0.00072720692301550495 -0.042890248780554918 0.031264749922168752 0.005457570337547589 0.00068363863839462956 -0.0074851192012325811 -0.004130053676932934 -0.031743909304578564 0.012482155280749876 0.063700745843591242 0.0091766645841099958 -0.057924031035238237 0.06611508943140508
leaf_weight=1305 3756 1220 47 108 1966 7536 1331 1303 338 444 62 741 43 40
leaf_count=1305 3756 1220 47 108 1966 7536 1331 1303 338 444 62 741 43 40
internal_value=8.48388e-07 -0.00575268 0.000344406 0.00187455 0.00087895 0.00278906 -0.001676 -0.00577919 -0.0123979 0.0090665 0.0222273 -0.000513792 -0.00584858 0.0169146
internal_weight=20240 2680 1375 1328 17560 10048 7512 3756 1669 2512 546 2087 1346 484
internal_count=20240 2680 1375 1328 17560 10048 7512 3756 1669 2512 546 2087 1346 484
cat_boundaries=0 1 2
cat_threshold=33 60
is_linear=0
shrinkage=0.05


Tree=116
num_leaves=15
num_cat=0
split_feature=18 25 9 32 21 37 5 43 45 21 20 15 0 29
split_gain=39.951 42.5369 36.6628 36.2047 41.7798 34.5033 33.144 40.2577 31.9747 39.1063 30.7084 57.6101 47.0882 29.5578
threshold=-0.5 0.58767516702492106 0.99260329131652669 6.5000000000000009 30.062500000000004 100.06250000000001 0.14583333333333334 13.357142857142859 10.500000000000002 18.395833333333339 27.520833333333339 1.0000000180025095e-35 27.520833333333339 1.9425178604924309
decision_type=2 2 2 2 2 2 2 2 2 2 2 2 2 2
left_child=3 -2 13 10 8 -4 7 -7 -5 -10 12 -12 -1 -3
right_child=1 2 5 4 -6 6 -8 -9 9 -11 11 -13 -14 -15
leaf_value=-0.0038510356923821655 -0.0020398903194744572 0.0016636160690254517 0.0001944206356235237 0.0059210109991555794 -0.033167930749437677 0.0079202203697059295 0.003136752696100554 0.057925951745889992 -0.0019401878950760722 0.055937338726861144 -0.041883516875927201 0.010891074449868829 0.04535259460004009 0.012118393801956709
leaf_weight=6351 4813 1056 4754 556 58 80 217 81 47 77 140 82 49 1879
leaf_count=6351 4813 1056 4754 556 58 80 217 81 47 77 140 82 49 1879
internal_value=8.83041e-07 0.00168011 0.00389957 -0.00293776 0.00756684 0.00135046 0.0158897 0.0330784 0.0110413 0.0339999 -0.00410847 -0.0223902 -0.00347432 0.00835681
internal_weight=20240 12880 8067 7360 738 5132 378 161 680 124 6622 222 6400 2935
internal_count=20240 12880 8067 7360 738 5132 378 161 680 124 6622 222 6400 2935
is_linear=0
shrinkage=0.05


Tree=117
num_leaves=15
num_cat=2
split_feature=16 45 50 10 50 0 45 1 38 29 29 29 37 9
split_gain=36.9905 70.1133 49.6711 46.8851 46.5685 41.3174 43.4414 41.0102 39.3542 38.5322 42.2554 39.8432 36.5568 35.5986
threshold=-0.22252093395631442 8.5000000000000018 0 3.5000000000000004 1 10.520833333333334 19.500000000000004 37.854166666666679 164.50000000000003 4.9001211263694486 4.2829232393001426 3.7599645044281438 55.88750000000001 0.99070083014048549
decision_type=2 2 1 2 1 2 2 2 2 2 2 2 2 2
left_child=2 9 3 -1 5 -3 13 -5 -8 10 11 -2 -13 -7
right_child=1 4 -4 7 -6 6 8 -9 -10 -11 -12 12 -14 -15
leaf_value=0.0011251571792288612 -0.00080189110796510419 0.044480590624687247 0.00046623744750421781 -0.0094210930466734864 0.0026439795553872183 -0.009963542510163988 0.019698488006821877 -0.033083606352752974 0.069607601204717706 -0.023209654545496564 0.024138214868943613 -0.065156869382851507 -0.011016075114206037 0.010720584941431225
leaf_weight=1080 6288 98 5400 1958 3012 263 386 202 44 197 166 44 107 995
leaf_count=1080 6288 98 5400 1958 3012 263 386 202 44 197 166 44 107 995
internal_value=8.38887e-07 0.00184559 -0.00247591 -0.00735822 0.00647397 0.0128463 0.0110859 -0.011634 0.0248055 -0.00141918 -0.000769261 -0.00141139 -0.0267922 0.00639632
internal_weight=20240 11600 8640 3240 4798 1786 1688 2160 430 6802 6605 6439 151 1258
internal_count=20240 11600 8640 3240 4798 1786 1688 2160 430 6802 6605 6439 151 1258
cat_boundaries=0 1 2
cat_threshold=67 33
is_linear=0
shrinkage=0.05


Tree=118
num_leaves=15
num_cat=1
split_feature=40 28 45 10 43 30 27 34 50 20 1 42 20 0
split_gain=36.8323 44.0746 34.7213 55.3681 47.0375 53.0162 34.4619 38.0314 34.4062 74.0837 40.5195 40.2013 40.3443 45.5489
threshold=10.500000000000002 27.868750000000006 30.500000000000004 3.5000000000000004 20.357142857142858 0.20238095238095247 2.8637384281844049 3.5000000000000004 0 12.145833333333334 27.979166666666668 160.57142857142858 32.520833333333336 33.687500000000007
decision_type=2 2 2 2 2 2 2 2 1 2 2 2 2 2
left_child=1 -1 8 6 5 -5 -4 -8 9 -2 -10 12 -11 -14
right_child=2 -3 3 4 -6 -7 7 -9 10 11 -12 -13 13 -15
leaf_value=-0.0027788248220658208 0.019639339607841332 -0.043858317424063431 -0.0041874499532623564 0.0011281825138857126 0.040616930958528363 -0.05352029425733329 0.0050735181503712319 0.047725316809247374 -0.00045751985689560675 0.0012955733836928791 -0.013853209889014251 0.013655126831596321 -0.041125021932921446 0.00033225637226333394
leaf_weight=6110 632 66 69 189 52 58 73 184 5833 5450 625 632 122 145
leaf_count=6110 632 66 69 189 52 58 73 184 5833 5450 625 632 122 145
internal_value=8.73766e-07 -0.00321782 0.00141432 0.0129344 -0.00260492 -0.0117043 0.0271868 0.0356102 0.000878557 0.0033091 -0.00175123 0.00168874 0.000365891 -0.0186108
internal_weight=20240 6176 14064 625 299 247 326 257 13439 6981 6458 6349 5717 267
internal_count=20240 6176 14064 625 299 247 326 257 13439 6981 6458 6349 5717 267
cat_boundaries=0 1
cat_threshold=45
is_linear=0
shrinkage=0.05


Tree=119
num_leaves=15
num_cat=1
split_feature=18 25 31 9 20 0 0 37 30 0 25 21 45 50
split_gain=34.991 36.7293 34.3024 33.7047 30.0274 53.0647 47.4884 29.4877 30.2958 28.6127 28.163 35.4116 27.3463 29.7045
threshold=-0.5 0.58767516702492106 13.500000000000002 0.99260329131652669 27.520833333333339 27.729166666666668 25.604166666666668 100.06250000000001 0.37797619047619063 28.854166666666668 4.0954933024629447 26.395833333333339 11.500000000000002 0
decision_type=2 2 2 2 2 2 2 2 2 2 2 2 2 1
left_child=2 -2 4 -3 5 12 -6 -5 9 -9 11 -8 -1 -14
right_child=1 3 -4 7 6 -7 10 8 -10 -11 -12 -13 13 -15
leaf_value=-0.0048041880492053057 -0.001884372282200238 0.0079083991781067706 0.0423078909161545 0.00012192551601927372 -0.067830795244801609 0.042972375929821283 0.037743806975035404 0.018354951966517041 0.0035895840715656577 0.067460706089401537 -0.028977321885656895 -0.014301434262133726 0.014978119193276013 -0.00071587264814652592
leaf_weight=4888 4813 2935 42 4754 42 64 51 101 235 42 114 91 356 1712
leaf_count=4888 4813 2935 42 4754 42 64 51 101 235 42 114 91 356 1712
internal_value=8.30065e-07 0.00157236 -0.00274936 0.00363475 -0.00300795 -0.00234806 -0.018553 0.00119064 0.0146316 0.0327776 -0.0104684 0.00439087 -0.00276504 0.00205477
internal_weight=20240 12880 7360 8067 7318 7020 298 5132 378 143 256 142 6956 2068
internal_count=20240 12880 7360 8067 7318 7020 298 5132 378 143 256 142 6956 2068
cat_boundaries=0 1
cat_threshold=32
is_linear=0
shrinkage=0.05


Tree=120
num_leaves=15
num_cat=0
split_feature=31 21 45 15 38 37 23 27 20 27 31 6 38 25
split_gain=33.9977 35.773 30.7374 66.2967 41.8093 41.4956 51.5922 36.5205 35.0975 32.979 32.4759 28.7112 28.2073 30.6877
threshold=1.0000000180025095e-35 15.35416666666667 27.500000000000004 1.0000000180025095e-35 130.50000000000003 86.46250000000002 19.854166666666668 3.4243059026757563 22.104166666666668 5.6618609004608631 5.5000000000000009 0.64329290501165515 183.50000000000003 3.2006194571615181
decision_type=2 2 2 2 2 2 2 2 2 2 2 2 2 2
left_child=1 -1 12 4 5 8 -7 10 -4 -9 11 -5 -2 -14
right_child=2 -3 3 7 -6 6 -8 9 -10 -11 -12 -13 13 -15
leaf_value=-0.0050461098261871395 -0.00038431759997672153 -0.033197318496099942 -0.015468370208386765 -0.0016497684820067316 0.017238653571582697 0.02288614458931509 -0.020238317122682929 0.040572873534752973 -0.069577067523546851 -0.0038806967064738277 -0.016162315127695656 0.057540141465142372 0.00378464416460275 0.026498147853946621
leaf_weight=1255 16946 124 86 42 188 129 150 252 46 50 91 40 648 193
leaf_count=1255 16946 124 86 42 188 129 150 252 46 50 91 40 648 193
internal_value=1.14089e-06 -0.00757747 0.000555242 0.00876954 -0.00229281 -0.0112269 -0.00029905 0.0227197 -0.0343244 0.033213 0.00440199 0.0272234 5.92537e-05 0.00899714
internal_weight=20240 1379 18861 1074 599 411 279 475 132 302 173 82 17787 841
internal_count=20240 1379 18861 1074 599 411 279 475 132 302 173 82 17787 841
is_linear=0
shrinkage=0.05


Tree=121
num_leaves=15
num_cat=2
split_feature=16 45 4 20 28 5 35 20 30 50 50 0 9 30
split_gain=32.3884 60.5555 44.7841 69.4848 62.7722 62.891 58.1637 42.8493 40.8804 40.4002 38.7466 37.0296 38.7618 40.1812
threshold=-0.22252093395631442 8.5000000000000018 0.97916666666666685 27.645833333333339 32.295138888888893 0.10416666666666667 9.071428571428573 19.604166666666668 0.50297619047619069 0 1 10.520833333333334 0.99438520871143388 0.46130952380952384
decision_type=2 2 2 2 2 2 2 2 2 1 1 2 2 2
left_child=2 -2 3 6 8 -6 10 -4 -5 11 -1 -3 -13 -14
right_child=1 9 7 4 5 -7 -8 -9 -10 -11 -12 12 13 -15
leaf_value=0.0020651230596107238 -0.0013068286465713445 0.041910705582134201 -0.0011125110215115474 -0.026652156968823455 0.049894023390571911 -0.032921544607819583 0.049299645495529364 0.012060703569310154 -0.078982221530306915 0.0024613079015639891 -0.0071127826824988055 0.0014360373229045371 0.024186086961978489 0.002872545275271247
leaf_weight=1783 6802 98 2262 335 52 41 52 849 42 3012 3224 713 636 339
leaf_count=1783 6802 98 2262 335 52 41 52 849 42 3012 3224 713 636 339
internal_value=1.08386e-06 0.00172727 -0.00231648 -0.00501671 -0.0234064 0.0133839 -0.00330824 0.00248249 -0.032482 0.00602863 -0.0038546 0.011964 0.0102962 0.0167755
internal_weight=20240 11600 8640 5529 470 93 5059 3111 377 4798 5007 1786 1688 975
internal_count=20240 11600 8640 5529 470 93 5059 3111 377 4798 5007 1786 1688 975
cat_boundaries=0 1 2
cat_threshold=33 52
is_linear=0
shrinkage=0.05


Tree=122
num_leaves=15
num_cat=0
split_feature=39 27 20 6 8 1 31 6 45 20 37 21 29 0
split_gain=31.9139 38.6511 43.7603 60.2459 31.2719 28.9598 26.5077 68.4017 27.0377 44.9235 37.896 50.1068 27.6422 52.6746
threshold=15.500000000000002 4.352647053893107 12.97916666666667 0.99524937937260227 0.10471491228070177 17.812500000000004 15.500000000000002 0.94573748375152644 33.500000000000007 23.979166666666668 88.287500000000023 17.645833333333339 5.9402150625030243 17.020833333333339
decision_type=2 2 2 2 2 2 2 2 2 2 2 2 2 2
left_child=1 2 5 -4 6 -1 8 -8 12 10 -10 -12 -2 -14
right_child=4 -3 3 -5 -6 -7 7 -9 9 -11 11 -13 13 -15
leaf_value=-0.0037013155580987939 0.00075769832504683256 0.028506491366207198 -0.026726887333611615 0.01138931660541097 -0.023106407083447696 0.031011747433653765 0.064700251587080482 -0.0019959871614302852 0.0075481698027107169 -0.013245171562922315 0.011257827575555292 0.074446640761374541 0.030001364077498583 -0.022778268134900595
leaf_weight=1943 16535 83 458 134 136 62 58 114 148 109 59 67 57 277
leaf_count=1943 16535 83 458 134 136 62 58 114 148 109 59 67 57 277
internal_value=9.6577e-07 -0.00508121 -0.00615467 -0.0180992 0.000776605 -0.00262789 0.00096302 0.0204946 0.000768292 0.0139048 0.0247053 0.0448582 0.000470036 -0.013771
internal_weight=20240 2680 2597 592 17560 2005 17424 172 17252 383 274 126 16869 334
internal_count=20240 2680 2597 592 17560 2005 17424 172 17252 383 274 126 16869 334
is_linear=0
shrinkage=0.05


Tree=123
num_leaves=15
num_cat=1
split_feature=34 45 32 4 16 26 7 45 21 43 50 24 26 9
split_gain=31.4452 58.3666 46.0134 65.4394 38.3483 46.6412 38.3426 37.1457 35.1385 34.0723 33.5906 37.4058 35.7738 38.7685
threshold=6.5000000000000009 16.500000000000004 8.5000000000000018 0.64583333333333337 -0.22252093395631442 20.584821428571434 0.0020060200722730741 6.5000000000000009 34.437500000000007 19.500000000000004 0 16.026785714285719 23.686011904761909 0.99545304232804244
decision_type=2 2 2 2 2 2 2 2 2 2 1 2 2 2
left_child=2 6 4 9 5 -1 -2 -6 -7 -4 11 -9 -12 -14
right_child=1 -3 3 -5 7 8 -8 10 -10 -11 12 -13 13 -15
leaf_value=-0.0030441703194278701 0.0061729037986592615 0.013609289272660172 0.040279128169640903 -0.0035282029245322609 -0.0029272236196611441 -0.019718730465803615 -0.0041456573356636623 0.021686895944906706 0.021861392638900065 -2.5115603847163067e-05 0.0022955654755508902 0.00443438068916746 0.00082449430668795557 -0.038589485913539182
leaf_weight=5568 1638 1108 209 298 4077 667 1999 464 55 70 2863 973 135 116
leaf_count=5568 1638 1108 209 298 4077 667 1999 464 55 70 2863 973 135 116
internal_value=9.17487e-07 0.00356231 -0.00108968 0.0127646 -0.00162554 -0.00459459 0.000501525 0.000538968 -0.0165513 0.030167 0.00364414 0.00993599 0.000706508 -0.0173907
internal_weight=20240 4745 15495 577 14918 6290 3637 8628 722 279 4551 1437 3114 251
internal_count=20240 4745 15495 577 14918 6290 3637 8628 722 279 4551 1437 3114 251
cat_boundaries=0 1
cat_threshold=33
is_linear=0
shrinkage=0.05


Tree=124
num_leaves=15
num_cat=0
split_feature=18 25 9 32 21 6 30 26 1 45 37 30 33 29
split_gain=29.9667 31.1412 31.0081 30.0803 37.1706 28.0221 26.3271 29.914 29.9384 25.342 24.9098 26.1892 24.9719 24.9308
threshold=-0.5 0.58767516702492106 0.99260329131652669 6.5000000000000009 30.062500000000004 0.47494475878000603 0.4166666666666668 34.342261904761912 37.437500000000007 27.500000000000004 100.06250000000001 0.4791666666666668 6.5000000000000009 2.4855802205997288
decision_type=2 2 2 2 2 2 2 2 2 2 2 2 2 2
left_child=3 -2 6 -1 5 -5 -3 8 9 -8 12 13 -4 -12
right_child=1 2 10 4 -6 -7 7 -9 -10 -11 11 -13 -14 -15
leaf_value=-0.0036113215988382041 -0.0017277272781419141 0.01220017958458958 -0.00035709583199703299 0.048436193566562404 -0.031391381463517658 0.0076059678898698947 0.0013877593613200545 0.03925399919987993 -0.038792872428894044 0.039137784060617187 0.00084430066646044063 0.0014017552818713828 0.034156688390615975 0.041343457823651925
leaf_weight=6622 4813 1464 4701 45 58 635 1326 54 45 46 57 207 53 114
leaf_count=6622 4813 1464 4701 45 58 635 1326 54 45 46 57 207 53 114
internal_value=8.71612e-07 0.00145521 0.00335424 -0.00254422 0.00703078 0.010308 0.00745336 0.00272913 0.00133721 0.00265343 0.00100995 0.0133636 2.76813e-05 0.0278437
internal_weight=20240 12880 8067 7360 738 680 2935 1471 1417 1372 5132 378 4754 171
internal_count=20240 12880 8067 7360 738 680 2935 1471 1417 1372 5132 378 4754 171
is_linear=0
shrinkage=0.05


Tree=125
num_leaves=15
num_cat=0
split_feature=31 29 37 34 20 37 26 7 32 41 25 45 37 20
split_gain=28.5503 32.3641 27.0598 34.9036 44.9598 54.7335 44.6122 40.7884 74.292 38.5303 36.155 35.8977 33.7621 34.7508
threshold=1.0000000180025095e-35 2.9674203431387762 55.712500000000013 6.5000000000000009 20.312500000000004 100.06250000000001 17.266369047619051 0.086724077416766923 6.5000000000000009 204.50000000000003 3.4593013215092285 16.500000000000004 63.237500000000004 12.85416666666667
decision_type=2 2 2 2 2 2 2 2 2 2 2 2 2 2
left_child=1 -1 -2 4 7 6 -6 -4 12 -8 -7 -5 13 -9
right_child=2 -3 3 11 5 10 9 8 -10 -11 -12 -13 -14 -15
leaf_value=-0.0048254921621085738 -0.0034252014679557637 -0.034637828131339386 -0.0023237696810574251 0.0025507856403175276 -0.057244626043150983 0.04449340802234418 -0.009694739838259284 0.0024278727762912572 0.024920237225552019 0.035329538629371292 -0.0077556013828143479 0.013179840461543288 0.0049817602884360762 -0.014730375851067658
leaf_weight=1281 3549 98 4177 2958 48 81 1570 718 403 49 56 1086 3665 501
leaf_count=1281 3549 98 4177 2958 48 81 1570 718 403 49 56 1086 3665 501
internal_value=8.28047e-07 -0.00694414 0.000508601 0.00142037 -9.7416e-06 -0.00724373 -0.00974045 0.00136918 0.0042868 -0.00833205 0.0231361 0.00540518 0.00258424 -0.00462404
internal_weight=20240 1379 18861 15312 11268 1804 1667 9464 5287 1619 137 4044 4884 1219
internal_count=20240 1379 18861 15312 11268 1804 1667 9464 5287 1619 137 4044 4884 1219
is_linear=0
shrinkage=0.05


Tree=126
num_leaves=15
num_cat=1
split_feature=40 3 0 20 10 10 45 45 44 4 50 25 37 1
split_gain=27.8313 28.3672 26.4617 47.7618 26.8376 31.6013 82.1015 69.5947 70.7331 51.3223 40.8061 25.9447 63.5557 34.4925
threshold=7.5000000000000009 2.0625000000000004 37.270833333333336 37.270833333333336 5.5000000000000009 3.5000000000000004 1.5000000000000002 26.500000000000004 2.5000000000000004 0.97916666666666685 0 4.2273018591030871 86.312500000000014 34.979166666666679
decision_type=2 2 2 2 2 2 2 2 2 2 1 2 2 2
left_child=-1 2 3 4 5 7 -7 10 -9 -8 -2 13 -13 -6
right_child=1 -3 -4 -5 11 6 9 8 -10 -11 -12 12 -14 -15
leaf_value=-0.0046809736523865464 0.006358877296318283 -0.025953720345025452 0.022231753308571772 -0.044200940379651929 0.005293465209044044 0.0048915810274907708 -0.012889067156121634 0.069629666745915253 0.012258966358517221 0.00079200339220843294 -0.001375164508760871 -0.043274226786871983 0.018642390836030247 0.028438024476154483
leaf_weight=2744 2268 99 144 59 2151 1932 2030 59 601 1035 6778 86 80 174
leaf_count=2744 2268 99 144 59 2151 1932 2030 59 601 1035 6778 86 80 174
internal_value=7.86626e-07 0.000735054 0.000886931 0.000708779 0.000862883 4.97957e-05 -0.00318082 0.00171303 0.0173876 -0.0082692 0.000569413 0.00566209 -0.0134349 0.00702557
internal_weight=20240 17496 17397 17253 17194 14703 4997 9706 660 3065 9046 2491 166 2325
internal_count=20240 17496 17397 17253 17194 14703 4997 9706 660 3065 9046 2491 166 2325
cat_boundaries=0 1
cat_threshold=33
is_linear=0
shrinkage=0.05


Tree=127
num_leaves=15
num_cat=0
split_feature=18 38 25 9 20 0 27 34 28 20 13 39 45 32
split_gain=26.4194 29.3092 25.4687 28.1586 25.2422 60.0241 32.4051 28.7553 39.1639 44.3867 27.2007 35.1093 25.2453 32.2807
threshold=-0.5 165.50000000000003 0.58767516702492106 0.99260329131652669 26.062500000000004 27.520833333333339 5.7741237810269013 4.5000000000000009 28.202083333333338 30.520833333333339 143.50000000000003 32.500000000000007 10.500000000000002 7.5000000000000009
decision_type=2 2 2 2 2 2 2 2 2 2 2 2 2 2
left_child=1 4 -2 -4 5 12 7 -6 10 -10 -9 -12 -1 -14
right_child=2 -3 3 -5 6 -7 -8 8 9 -11 11 -13 13 -15
leaf_value=-0.0044657891668113533 -0.00151206529178679 0.026293764796785336 0.0069900406277448972 0.00084982061909453339 -0.035589351332746447 0.057588678332311773 -0.049281301943521053 0.042428974406077319 -0.063116645063880997 0.0040103655800504505 -0.018337073192621272 0.034980586971691312 0.001164789898843869 0.04349755407918407
leaf_weight=4616 4813 88 2935 5132 80 42 58 52 46 53 90 47 2142 46
leaf_count=4616 4813 88 2935 5132 80 42 58 52 46 53 90 47 2142 46
internal_value=8.70386e-07 -0.00238884 0.00136642 0.0030838 -0.00273593 -0.00200109 -0.0145451 -0.0090704 -0.00170402 -0.02718 0.0116405 -4.56131e-05 -0.00236893 0.00205478
internal_weight=20240 7360 12880 8067 7272 6846 426 368 288 99 189 137 6804 2188
internal_count=20240 7360 12880 8067 7272 6846 426 368 288 99 189 137 6804 2188
is_linear=0
shrinkage=0.05


Tree=128
num_leaves=15
num_cat=0
split_feature=40 45 20 21 36 8 1 0 21 48 21 42 0 25
split_gain=25.1371 44.7723 39.3362 57.2538 40.443 32.7062 31.0627 34.3046 31.1944 57.1474 31.0429 30.9606 29.2817 26.711
threshold=15.500000000000002 33.500000000000007 31.770833333333339 28.395833333333339 7.6428571428571432 0.010168650793650796 57.770833333333336 26.229166666666668 26.395833333333339 0.98214285714285732 31.562500000000004 120.64285714285715 27.729166666666668 2.2309136591649059
decision_type=2 2 2 2 2 2 2 2 2 2 2 2 2 2
left_child=2 5 4 -4 6 13 8 -8 12 10 -10 -11 -1 -2
right_child=1 -3 3 -5 -6 -7 7 -9 9 11 -12 -13 -14 -15
leaf_value=-0.0016061657008516793 -5.5030209474628202e-05 0.025775490314414614 -0.059943770255361288 0.0011194321425522075 0.017536963615699713 -0.023585832402830593 0.0050936195869431943 0.060672109876191475 -0.011223278176269414 -0.024193843021331467 0.03747901748411539 -0.077306017085261969 0.028941358550439906 0.0062152264628244748
leaf_weight=11238 5193 196 70 85 284 127 86 41 162 68 41 46 79 2524
leaf_count=11238 5193 196 70 85 284 127 86 41 162 68 41 46 79 2524
internal_value=8.26882e-07 0.0021714 -0.00142962 -0.0264575 -0.00110755 0.0015816 -0.00155777 0.0230363 -0.00182624 -0.0172959 -0.00138685 -0.0456251 -0.00139292 0.00199578
internal_weight=20240 8040 12200 155 12045 7844 11761 127 11634 317 203 114 11317 7717
internal_count=20240 8040 12200 155 12045 7844 11761 127 11634 317 203 114 11317 7717
is_linear=0
shrinkage=0.05


Tree=129
num_leaves=15
num_cat=1
split_feature=37 45 32 6 35 24 20 50 34 20 15 27 5 32
split_gain=25.3505 47.4076 29.2683 45.882 55.8345 53.042 38.7626 34.5333 32.7572 37.2115 47.7096 40.4147 29.7807 40.2163
threshold=100.06250000000001 22.500000000000004 3.5000000000000004 0.99945175438596501 6.5000000000000009 20.565476190476193 8.1458333333333339 0 8.5000000000000018 16.270833333333339 -0.8783796973249266 3.4243059026757563 1.0000000180025095e-35 1.5000000000000002
decision_type=2 2 2 2 2 2 2 1 2 2 2 2 2 2
left_child=2 -2 3 4 8 -5 7 -4 9 -1 -11 -12 13 -6
right_child=1 -3 6 5 12 -7 -8 -9 -10 10 11 -13 -14 -15
leaf_value=-0.0016552022768757512 0.0039556070624361447 0.038888618003394215 0.038421940126536637 0.0031182696934417059 -0.046632281285798494 0.045970116846263412 0.001064736036430021 0.0064010111968082293 0.016062733985735968 -0.033023844948522563 -0.015861030393024316 0.0021923765830317702 -0.032321036104350449 0.0023289126487661951
leaf_weight=6866 1052 107 119 1944 53 75 7626 283 227 202 619 621 245 201
leaf_count=6866 1052 107 119 1944 53 75 7626 283 227 202 619 621 245 201
internal_value=7.85534e-07 0.00718066 -0.000435327 -0.00210423 -0.00362716 0.00471009 0.00186243 0.0169948 -0.00267671 -0.00318873 -0.0104905 -0.00681977 -0.0198839 -0.0078874
internal_weight=20240 1159 19081 11053 9034 2019 8028 402 8535 8308 1442 1240 499 254
internal_count=20240 1159 19081 11053 9034 2019 8028 402 8535 8308 1442 1240 499 254
cat_boundaries=0 1
cat_threshold=133
is_linear=0
shrinkage=0.05


Tree=130
num_leaves=15
num_cat=0
split_feature=31 6 6 20 20 31 5 32 37 41 28 16 4 43
split_gain=23.8116 61.249 24.5964 59.8499 55.3127 42.4655 38.4276 51.5716 47.6779 74.7916 59.3755 45.502 41.7099 41.0935
threshold=15.500000000000002 0.95593442713512344 0.99945175438596501 23.687500000000004 37.270833333333336 8.5000000000000018 0.64583333333333337 4.5000000000000009 66.137500000000017 174.50000000000003 30.093750000000004 1.0000000180025095e-35 0.97916666666666685 21.500000000000004
decision_type=2 2 2 2 2 2 2 2 2 2 2 2 2 2
left_child=2 -2 4 -4 6 -5 7 -1 9 11 -11 -9 13 -8
right_child=1 -3 3 5 -6 -7 12 8 -10 10 -12 -13 -14 -15
leaf_value=-0.0015037367142982762 0.058268923423959007 -0.003873958318780007 0.0012259471522551232 0.035644921476928118 -0.041597244356359753 0.0039611313451724996 -0.013293772914903586 -0.0026384870035391058 0.015320196305980008 -0.075847513518399676 -0.002038615496659821 0.013318469454813629 -0.0024372170208616338 -0.062050564956861433
leaf_weight=9604 62 110 4352 227 84 198 714 1070 946 54 55 767 1951 46
leaf_count=9604 62 110 4352 227 84 198 714 1070 946 54 55 767 1951 46
internal_value=1.85355e-06 0.0185264 -0.000156918 0.00297488 -0.00113531 0.020884 -0.000911809 0.0002589 0.00611241 0.00163628 -0.0386045 0.004024 -0.00630804 -0.0162448
internal_weight=20240 172 20068 4777 15291 425 15207 12496 2892 1946 109 1837 2711 760
internal_count=20240 172 20068 4777 15291 425 15207 12496 2892 1946 109 1837 2711 760
is_linear=0
shrinkage=0.05


Tree=131
num_leaves=15
num_cat=0
split_feature=37 45 32 22 41 37 3 45 10 1 43 28 21 21
split_gain=23.2683 42.8718 25.2779 38.1411 34.8872 28.4653 25.3701 24.8514 39.2658 46.3293 27.1037 25.6035 30.4566 34.9281
threshold=100.06250000000001 22.500000000000004 1.5000000000000002 29.770833333333339 120.50000000000001 91.50833333333334 1.0208333333333337 30.500000000000004 3.5000000000000004 31.812500000000004 16.642857142857149 32.813194444444449 26.062500000000004 29.729166666666668
decision_type=2 2 2 2 2 2 2 2 2 2 2 2 2 2
left_child=2 -2 3 4 -1 -6 7 11 -9 10 -10 12 -4 -14
right_child=1 -3 6 -5 5 -7 -8 8 9 -11 -12 -13 13 -15
leaf_value=-0.0045476346154202131 0.0038135687374096445 0.037033427697301745 0.000968237388121072 -0.035942794657735665 0.0029196107038085718 0.029994553145491057 -0.019443565639122935 0.024320876492309143 -0.0052611019922329527 -0.029053795177519489 0.036626120919540324 0.013127643383099744 -0.014849131952617398 0.0016626109524901648
leaf_weight=4483 1052 107 11254 88 774 111 154 283 82 101 73 391 687 600
leaf_count=4483 1052 107 11254 88 774 111 154 283 82 101 73 391 687 600
internal_value=1.76089e-06 0.00688046 -0.000416058 -0.00329194 -0.00275668 0.00631545 0.000735562 0.000966249 0.0114855 -0.00270366 0.0144664 0.000527812 0.000134978 -0.00715135
internal_weight=20240 1159 19081 5456 5368 885 13625 13471 539 256 155 12932 12541 1287
internal_count=20240 1159 19081 5456 5368 885 13625 13471 539 256 155 12932 12541 1287
is_linear=0
shrinkage=0.05


Tree=132
num_leaves=15
num_cat=0
split_feature=39 27 20 6 1 8 44 20 24 41 39 41 31 6
split_gain=21.9139 34.2004 39.0118 51.4434 24.7755 22.8548 21.7439 45.3651 23.4307 41.6872 20.2137 19.2266 19.9992 53.2632
threshold=15.500000000000002 4.352647053893107 12.97916666666667 0.99524937937260227 17.812500000000004 0.10471491228070177 2.5000000000000004 19.062500000000004 16.583333333333339 91.500000000000014 13.500000000000002 234.50000000000003 15.500000000000002 0.94573748375152644
decision_type=2 2 2 2 2 2 2 2 2 2 2 2 2 2
left_child=1 2 4 6 -1 11 7 8 9 -4 -3 12 -2 -14
right_child=5 10 3 -5 -6 -7 -8 -9 -10 -11 -12 -13 13 -15
leaf_value=-0.0028823404199032981 0.00047927835730486763 0.051764375853928783 -0.020510032636518696 0.010751909658525865 0.029225147115967926 -0.019773006786571762 0.0030634410303807067 -0.076646710187196737 0.0096670928100744888 -0.074167836129310591 0.0024112021987803462 0.018056524879211795 0.057018821604811309 -0.00322153810585467
leaf_weight=1943 17104 42 262 134 62 136 62 44 48 42 41 160 57 103
leaf_count=1943 17104 42 262 134 62 136 62 44 48 42 41 160 57 103
internal_value=1.67283e-06 -0.00420966 -0.00521943 -0.0164973 -0.00188949 0.000644405 -0.0244698 -0.0287806 -0.0227973 -0.0279233 0.0273851 0.000803769 0.000643873 0.0182391
internal_weight=20240 2680 2597 592 2005 17560 458 396 352 304 83 17424 17264 160
internal_count=20240 2680 2597 592 2005 17560 458 396 352 304 83 17424 17264 160
is_linear=0
shrinkage=0.05


Tree=133
num_leaves=15
num_cat=2
split_feature=16 50 45 50 10 1 20 6 45 31 33 40 22 39
split_gain=21.55 42.663 38.0434 35.9286 37.1447 38.54 33.3615 46.4192 39.8986 33.2409 43.3527 32.9137 33.7421 28.6118
threshold=-0.22252093395631442 0 19.500000000000004 1 3.5000000000000004 41.395833333333336 16.395833333333339 0.4521919511028496 14.500000000000002 10.500000000000002 2.5000000000000004 12.500000000000002 25.854166666666668 23.500000000000004
decision_type=2 1 2 1 2 2 2 2 2 2 2 2 2 2
left_child=3 2 6 4 -1 -6 8 13 -2 10 -4 -12 -13 -8
right_child=1 -3 9 -5 5 -7 7 -9 -10 -11 11 12 -14 -15
leaf_value=0.001511197798565802 0.0082790880874679309 -0.00034429339035435379 0.032506661046919703 0.00061267891449547464 -0.0081902203754902619 -0.036793490614369512 -0.061150605241026806 0.0016266572670451665 0.046795873537970087 0.059602823841851206 0.02821180335886311 -0.040291690334344092 0.010678910144737789 -0.0065457501527952395
leaf_weight=1080 1016 8700 189 5400 2035 125 49 1285 72 48 64 67 63 47
leaf_count=1080 1016 8700 189 5400 2035 125 49 1285 72 48 64 67 63 47
internal_value=1.5892e-06 0.00140963 0.00664968 -0.00188884 -0.00604129 -0.0098455 0.0042799 -0.00087891 0.010828 0.0203793 0.0154636 -0.00114029 -0.0155906 -0.034417
internal_weight=20240 11600 2900 8640 3240 2160 2469 1381 1088 431 383 194 130 96
internal_count=20240 11600 2900 8640 3240 2160 2469 1381 1088 431 383 194 130 96
cat_boundaries=0 1 2
cat_threshold=33 67
is_linear=0
shrinkage=0.05


Tree=134
num_leaves=15
num_cat=1
split_feature=18 38 20 0 24 50 15 13 45 36 29 41 43 33
split_gain=21.4704 24.6618 25.0597 67.8557 43.6848 27.7109 29.6541 33.2113 26.3273 35.7831 37.4933 25.4551 32.0968 31.1679
threshold=-0.5 165.50000000000003 20.312500000000004 20.562500000000004 24.833333333333339 0 -0.8783796973249266 201.50000000000003 10.500000000000002 3.9285714285714293 3.2776548872797862 109.50000000000001 16.214285714285719 2.5000000000000004
decision_type=2 2 2 2 2 1 2 2 2 2 2 2 2 2
left_child=1 2 8 -4 5 6 -5 -8 -1 -10 -11 13 -13 -7
right_child=-2 -3 3 4 -6 11 7 -9 9 10 -12 12 -14 -15
leaf_value=-0.0032796126045996697 0.0012325378874629537 0.024157703325115357 -0.033644248529647786 -0.039210260609308115 -0.015991068019389914 0.047960596608606229 -0.0067787669230109223 0.039649015905645985 0.0021838017275283019 -1.004734804155305e-05 0.060211083040173564 -0.031346590745639294 0.022550712695428687 -0.0015668566635948546
leaf_weight=4331 12880 88 228 52 394 98 195 48 1661 48 56 47 67 47
leaf_count=4331 12880 88 228 52 394 98 195 48 1661 48 56 47 67 47
internal_value=1.51636e-06 -0.00215277 -0.00247116 -0.00915383 -0.00326373 0.00578784 -0.00477915 0.00239215 -0.00118198 0.00396523 0.0324167 0.0173387 0.000329895 0.0319069
internal_weight=20240 7360 7272 1176 948 554 295 243 6096 1765 104 259 114 145
internal_count=20240 7360 7272 1176 948 554 295 243 6096 1765 104 259 114 145
cat_boundaries=0 1
cat_threshold=69
is_linear=0
shrinkage=0.05


Tree=135
num_leaves=15
num_cat=0
split_feature=10 10 45 45 5 20 28 29 32 29 45 13 43 9
split_gain=20.6144 30.2384 73.6723 68.5145 56.6545 39.9799 38.2519 33.6022 58.2078 47.9744 43.0503 38.3208 38.3131 37.6658
threshold=5.5000000000000009 3.5000000000000004 1.5000000000000002 8.5000000000000018 0.93750000000000011 27.645833333333339 32.295138888888893 5.0534938663273001 6.5000000000000009 5.9402150625030243 16.500000000000004 129.50000000000003 17.642857142857149 0.99606274801587313
decision_type=2 2 2 2 2 2 2 2 2 2 2 2 2 2
left_child=1 3 -3 -1 5 -4 -7 -5 9 10 -9 -12 -10 -11
right_child=-2 2 4 7 -6 6 -8 8 12 13 11 -13 -14 -15
leaf_value=-0.0024232305841938484 0.0038877086776435998 0.0035481817737666906 -0.010030580480873583 0.0038074071821079291 0.0011103367394309181 -0.038386622495448393 0.0082258874912642787 -0.010810504592081998 0.089841138646006583 -0.041789080749731512 0.05884897926797359 0.017404793772891346 0.02475240741354915 0.0061413277896415243
leaf_weight=6759 2920 2212 2117 4201 1139 238 54 80 40 64 84 166 52 114
leaf_count=6759 2920 2212 2117 4201 1139 238 54 80 40 64 84 166 52 114
internal_value=1.44054e-06 -0.00065375 -0.00361342 0.000820965 -0.00807832 -0.0124228 -0.0297665 0.00538825 0.0164568 0.00982929 0.0211142 0.03133 0.0530519 -0.0110921
internal_weight=20240 17320 5760 11560 3548 2409 292 4801 600 508 330 250 92 178
internal_count=20240 17320 5760 11560 3548 2409 292 4801 600 508 330 250 92 178
is_linear=0
shrinkage=0.05


Tree=136
num_leaves=15
num_cat=0
split_feature=40 0 20 3 10 12 13 21 36 45 10 37 34 31
split_gain=20.1805 22.105 39.084 20.5076 21.1259 26.4199 30.1403 27.4969 43.6635 23.0624 36.0427 19.3825 18.0704 24.618
threshold=7.5000000000000009 37.270833333333336 37.270833333333336 2.0625000000000004 5.5000000000000009 5.5000000000000009 144.50000000000003 21.562500000000004 6.6428571428571432 33.500000000000007 3.5000000000000004 89.46250000000002 12.500000000000002 16.500000000000004
decision_type=2 2 2 2 2 2 2 2 2 2 2 2 2 2
left_child=-1 2 3 4 9 6 -6 -7 -9 12 11 -11 13 -2
right_child=1 -3 -4 -5 5 7 -8 8 -10 10 -12 -13 -14 -15
leaf_value=-0.0039852814692902926 -0.00072191664461201087 0.020135828473010205 -0.040161252754219508 -0.02208817081779919 0.0018190289257154109 0.0073934221335123125 -0.033364459973381604 0.04602373522260915 -0.012070635677211816 0.011670606278633089 -0.011726045374537239 0.041245075333669473 0.010232523331796068 0.031644079824357095
leaf_weight=2744 13919 144 59 99 1245 1022 64 115 45 131 101 96 397 59
leaf_count=2744 13919 144 59 99 1245 1022 64 115 45 131 101 96 397 59
internal_value=1.36852e-06 0.000626618 0.000464716 0.000603323 0.000733977 0.00499197 9.88278e-05 0.0104109 0.0296847 1.25825e-05 0.0131221 0.0241779 -0.000286542 -0.000585302
internal_weight=20240 17496 17352 17293 17194 2491 1309 1182 160 14703 328 227 14375 13978
internal_count=20240 17496 17352 17293 17194 2491 1309 1182 160 14703 328 227 14375 13978
is_linear=0
shrinkage=0.05


Tree=137
num_leaves=15
num_cat=0
split_feature=31 22 38 26 37 34 20 37 26 7 32 41 25 32
split_gain=19.8474 29.0353 23.591 25.1931 18.7376 26.4148 41.7486 41.9486 38.5887 37.1677 59.238 33.1359 31.6315 32.2257
threshold=1.0000000180025095e-35 17.645833333333339 38.500000000000007 7.4330357142857162 55.712500000000013 6.5000000000000009 20.312500000000004 100.06250000000001 17.266369047619051 0.086724077416766923 6.5000000000000009 204.50000000000003 3.4593013215092285 2.5000000000000004
decision_type=2 2 2 2 2 2 2 2 2 2 2 2 2 2
left_child=1 2 3 -1 -2 6 9 8 -8 -6 -11 -10 13 -9
right_child=4 -3 -4 -5 5 -7 7 12 11 10 -12 -13 -14 -15
leaf_value=-0.0031227550086294934 -0.0028488012397716814 -0.034643747192444056 -0.0018216821233918244 -0.049175000311643409 -0.002257195118720863 0.0046499203391561625 -0.053398301747317113 0.0076117341406643398 -0.0091711796778602729 0.0025328529483667093 0.022477879977545866 0.032582505640326713 -0.0093301838396915374 0.070691699643687503
leaf_weight=62 3549 82 1178 57 4177 4044 48 40 1570 4884 403 49 56 41
leaf_count=62 3549 82 1178 57 4177 4044 48 40 1570 4884 403 49 56 41
internal_value=1.3001e-06 -0.00578921 -0.00396494 -0.0251814 0.000424666 0.00118339 -6.07254e-05 -0.00703159 -0.00921735 0.00126804 0.00405316 -0.00790748 0.0195645 0.0395411
internal_weight=20240 1379 1297 119 18861 15312 11268 1804 1667 9464 5287 1619 137 81
internal_count=20240 1379 1297 119 18861 15312 11268 1804 1667 9464 5287 1619 137 81
is_linear=0
shrinkage=0.05


Tree=138
num_leaves=15
num_cat=0
split_feature=37 45 38 41 37 20 5 32 6 4 4 30 22 27
split_gain=19.2289 36.7747 21.4369 19.3473 36.2147 34.8142 72.5508 25.8204 46.3267 81.3157 52.6696 38.557 27.378 49.104
threshold=100.06250000000001 22.500000000000004 101.50000000000001 141.50000000000003 95.912500000000023 34.812500000000007 0.93750000000000011 8.5000000000000018 0.69448070786190907 0.062500000000000014 0.35416666666666669 0.011904761904761895 31.854166666666668 5.1379845452418804
decision_type=2 2 2 2 2 2 2 2 2 2 2 2 2 2
left_child=3 -2 -3 5 -5 7 -7 12 11 -10 -11 -9 -1 -14
right_child=1 2 -4 4 -6 6 -8 8 9 10 -12 -13 13 -15
leaf_value=-0.0011086192740471588 0.0034139748519542582 0.0063396580472943331 0.052170880451225324 0.0021276931218446658 0.028457235520447256 -0.05780230761567752 0.023661948376616768 0.014100662070546258 -0.056103839244354858 0.042759917246746937 0.0019517188974195777 0.068972452744841581 -0.036091760427059076 0.017063022857265814
leaf_weight=14893 1052 42 65 2795 137 75 43 89 55 90 651 50 140 63
leaf_count=14893 1052 42 65 2795 137 75 43 89 55 90 651 50 140 63
internal_value=1.23507e-06 0.00625442 0.0341811 -0.00037859 0.00335796 -0.001057 -0.0281162 -0.00085782 0.00720517 0.00255433 0.00690818 0.0338387 -0.00135722 -0.0195954
internal_weight=20240 1159 107 19081 2932 16149 118 16031 935 796 741 139 15096 203
internal_count=20240 1159 107 19081 2932 16149 118 16031 935 796 741 139 15096 203
is_linear=0
shrinkage=0.05


Tree=139
num_leaves=15
num_cat=1
split_feature=18 38 25 28 41 45 38 36 42 10 45 49 30 1
split_gain=18.1226 21.4654 21.9636 21.1807 34.7254 39.4683 29.6388 26.3588 19.3475 19.303 26.1378 39.8663 30.1546 27.8555
threshold=-0.5 165.50000000000003 6.3441714857175446 28.202083333333338 139.50000000000003 14.500000000000002 112.50000000000001 8.071428571428573 111.50000000000001 5.5000000000000009 15.500000000000002 0 0.011904761904761895 37.520833333333336
decision_type=2 2 2 2 2 2 2 2 2 2 2 1 2 2
left_child=1 2 3 7 5 -5 -7 -1 -3 -2 13 12 -12 -11
right_child=9 8 -4 4 -6 6 -8 -9 -10 10 11 -13 -14 -15
leaf_value=-0.0018588426910391227 0.00033194049725947976 0.048250418701209136 -0.029562948684986323 -0.0635038057109341 0.01911688629011421 -0.037941512368111448 0.021145417795675556 0.029423159380059911 0.0011664959873693684 0.0043801315789290763 0.072700658735887311 -0.00054420867489973432 0.024171872545601419 -0.02932156654132996
leaf_weight=6944 11000 40 73 56 46 44 41 68 48 1460 41 169 146 64
leaf_count=6944 11000 40 73 56 46 44 41 68 48 1460 41 169 146 64
internal_value=1.17332e-06 -0.00197805 -0.00227509 -0.00199838 -0.0186059 -0.0309126 -0.00944076 -0.00155548 0.0225683 0.00113216 0.00581427 0.0180124 0.0330448 0.00296484
internal_weight=20240 7360 7272 7199 187 141 85 7012 88 12880 1880 356 187 1524
internal_count=20240 7360 7272 7199 187 141 85 7012 88 12880 1880 356 187 1524
cat_boundaries=0 1
cat_threshold=5
is_linear=0
shrinkage=0.05


Tree=140
num_leaves=15
num_cat=0
split_feature=34 31 28 32 38 1 31 38 37 36 38 40 6 37
split_gain=17.8611 44.5683 36.417 47.8222 59.7135 57.5704 38.0615 35.0705 43.0369 32.8947 32.6061 31.0989 30.8924 29.2143
threshold=4.5000000000000009 9.5000000000000018 21.786805555555556 4.5000000000000009 142.50000000000003 57.354166666666679 6.5000000000000009 129.50000000000003 98.062500000000014 3.6428571428571437 145.50000000000003 12.500000000000002 0.62261710239651424 88.037500000000009
decision_type=2 2 2 2 2 2 2 2 2 2 2 2 2 2
left_child=1 2 -1 4 5 7 10 8 -4 -8 -5 -7 -6 -2
right_child=13 -3 3 6 12 11 9 -9 -10 -11 -12 -13 -14 -15
leaf_value=-0.00096694051626341798 0.00024399540680984365 0.017037054674464917 -0.039761804327741269 0.059494007027287993 0.037808776356215629 0.027921518966041767 -0.042130986562309167 -0.076772114157676707 0.012387627062011273 0.0093255303270945496 -0.0003934824975525461 -0.019681315206495735 -0.0095216182290631182 0.0074805602529790689
leaf_weight=10644 6647 324 250 51 58 58 48 50 47 88 41 84 85 1765
leaf_count=10644 6647 324 250 51 58 58 48 50 47 88 41 84 85 1765
internal_value=1.10123e-06 -0.0012515 -0.00176658 -0.0116635 -0.0187453 -0.0270565 0.00796676 -0.0380312 -0.0315092 -0.00883559 0.032805 -0.000237904 0.00967533 0.00176237
internal_weight=20240 11828 11504 860 632 489 228 347 297 136 92 142 143 8412
internal_count=20240 11828 11504 860 632 489 228 347 297 136 92 142 143 8412
is_linear=0
shrinkage=0.05


Tree=141
num_leaves=15
num_cat=0
split_feature=31 21 25 38 26 45 37 20 34 20 42 45 37 38
split_gain=17.3649 26.3348 25.9261 20.3288 22.5475 18.1773 15.9185 25.5494 27.8511 28.88 37.0702 57.3485 29.8805 26.402
threshold=1.0000000180025095e-35 15.35416666666667 2.0267616761054978 38.500000000000007 7.4330357142857162 40.500000000000007 55.712500000000013 6.979166666666667 6.5000000000000009 20.312500000000004 83.071428571428584 18.500000000000004 98.062500000000014 82.500000000000014
decision_type=2 2 2 2 2 2 2 2 2 2 2 2 2 2
left_child=1 3 -3 4 -1 6 -2 -8 9 13 11 -11 -12 -9
right_child=5 2 -4 -5 -6 -7 7 8 -10 10 12 -13 -14 -15
leaf_value=-0.0028093891840751074 -0.0027074127163822996 -0.053427419919279164 -0.0073164916996444982 -0.0012221741471837863 -0.047224897219149298 0.027647054568696462 0.009260749527476032 -0.0024778005412773836 0.0040359177802329095 -0.062809455969279088 -0.0071467833160141605 0.0021907577606347889 0.01308344769955537 0.0030754497300040009
leaf_weight=62 3549 54 70 1140 53 61 884 4222 4018 71 1441 65 209 4341
leaf_count=62 3549 54 70 1140 53 61 884 4222 4018 71 1441 65 209 4341
internal_value=1.04618e-06 -0.00541524 -0.0273971 -0.00324333 -0.0232791 0.000397052 0.000308634 0.00101049 0.000502849 -0.000868866 -0.00665238 -0.0317432 -0.00458429 0.000337411
internal_weight=20240 1379 124 1255 115 18861 18800 15251 14367 10349 1786 136 1650 8563
internal_count=20240 1379 124 1255 115 18861 18800 15251 14367 10349 1786 136 1650 8563
is_linear=0
shrinkage=0.05


Tree=142
num_leaves=15
num_cat=0
split_feature=37 30 45 21 20 6 0 22 38 31 45 37 21 22
split_gain=16.3069 32.0309 24.7349 18.7327 44.1162 69.4475 52.4571 52.1852 48.838 34.1828 32.4632 34.7775 46.0644 31.684
threshold=100.06250000000001 0.19940476190476197 23.500000000000004 32.520833333333336 25.604166666666668 0.99945175438596501 28.270833333333339 34.145833333333336 210.50000000000003 8.5000000000000018 33.500000000000007 88.862500000000011 17.645833333333339 20.812500000000004
decision_type=2 2 2 2 2 2 2 2 2 2 2 2 2 2
left_child=3 2 -2 4 6 8 7 10 13 -7 -1 -12 -13 -6
right_child=1 -3 -4 -5 5 9 -8 -9 -10 -11 11 12 -14 -15
leaf_value=-0.0005429572701969507 0.012664587113070766 0.00089146023866292076 0.048617947461704419 0.0079148939208921014 -0.00057614658514715061 0.031544820545571499 0.043910203545409088 0.050911300249397752 0.029306045940352812 -0.0063465530681197802 0.0019344852006780867 0.0018800326226348129 0.063537223137699175 -0.020202913304780842
leaf_weight=16498 236 863 60 662 264 141 68 50 63 103 179 54 69 930
leaf_count=16498 236 863 60 662 264 141 68 50 63 103 179 54 69 930
internal_value=9.93861e-07 0.00575949 0.0199524 -0.000348783 -0.000645789 -0.00886103 8.30839e-05 -9.37852e-05 -0.0135995 0.0155497 -0.000245586 0.0159995 0.0364682 -0.0158633
internal_weight=20240 1159 296 19081 18419 1501 16918 16850 1257 244 16800 302 123 1194
internal_count=20240 1159 296 19081 18419 1501 16918 16850 1257 244 16800 302 123 1194
is_linear=0
shrinkage=0.05


Tree=143
num_leaves=15
num_cat=0
split_feature=10 10 45 45 5 7 32 28 6 29 23 24 20 28
split_gain=16.0607 25.6403 63.7697 59.2673 47.3897 38.8666 53.6098 83.0559 50.041 44.0042 35.2955 38.5648 34.4917 33.5003
threshold=5.5000000000000009 3.5000000000000004 1.5000000000000002 6.5000000000000009 0.97916666666666685 0.077032747057542886 6.5000000000000009 31.427083333333339 0.73016747080623745 4.1988584807440903 34.562500000000007 25.580357142857149 27.645833333333339 32.295138888888893
decision_type=2 2 2 2 2 2 2 2 2 2 2 2 2 2
left_child=1 3 -3 -1 12 -5 8 9 -7 -8 11 -10 -4 -14
right_child=-2 2 4 5 -6 6 7 -9 10 -11 -12 -13 13 -15
leaf_value=-0.0027865461883825196 0.0034312205591184412 0.0033601913769888588 -0.0091122180042614125 -0.0013581550587747643 0.0012093418350852831 0.0018562670547361997 0.017473841135807591 -0.034279600795772344 0.018032609418988921 0.060152471263612076 0.061086654504761098 -0.0073655856712847153 -0.035380377152478673 0.0075505537812465013
leaf_weight=5801 2920 2212 2159 1954 1092 2515 116 45 778 126 40 185 241 56
leaf_count=5801 2920 2212 2159 1954 1092 2515 116 45 778 126 40 185 241 56
internal_value=9.44179e-07 -0.00057737 -0.00330274 0.000780599 -0.00745674 0.00437376 0.0073173 0.0280961 0.00562215 0.0396949 0.015065 0.0131534 -0.0113099 -0.0272857
internal_weight=20240 17320 5760 11560 3548 5759 3805 287 3518 242 1003 963 2456 297
internal_count=20240 17320 5760 11560 3548 5759 3805 287 3518 242 1003 963 2456 297
is_linear=0
shrinkage=0.05


Tree=144
num_leaves=15
num_cat=0
split_feature=34 1 45 22 25 31 23 38 33 31 27 27 23 13
split_gain=15.8793 34.8908 31.2656 31.2401 34.5433 32.1009 26.698 26.5633 29.151 31.1158 32.593 28.6765 28.2157 24.463
threshold=3.5000000000000004 57.770833333333336 40.500000000000007 17.645833333333339 1.5854726557890102 5.5000000000000009 30.104166666666668 184.50000000000003 2.5000000000000004 1.5000000000000002 2.8406213480129212 4.9714603295577371 23.770833333333339 185.50000000000003
decision_type=2 2 2 2 2 2 2 2 2 2 2 2 2 2
left_child=3 2 -2 4 -1 -6 13 8 9 10 -5 12 -10 -3
right_child=1 6 -4 7 5 -7 -8 -9 11 -11 -12 -13 -14 -15
leaf_value=-0.002256326457792539 0.00078325636614167576 -0.0091205370861765309 0.0408140951349419 -0.060856202684342865 0.0024052664719327278 0.019024206567800406 0.057097819121427952 0.021904739852883479 -0.0032202930065926972 -0.0027523804060736474 -0.007677991824525901 -0.056937778287313202 -0.039869305336040009 0.041359412651509053
leaf_weight=6011 10730 60 49 50 1665 352 46 67 143 821 68 55 83 40
leaf_count=6011 10730 60 49 50 1665 352 46 67 143 821 68 55 83 40
internal_value=8.96942e-07 0.00129408 0.000965232 -0.0015158 -0.000356439 0.00530555 0.0255729 -0.00874766 -0.010431 -0.006203 -0.0302111 -0.0245595 -0.0166799 0.0110714
internal_weight=20240 10925 10779 9315 8028 2017 146 1287 1220 939 118 281 226 100
internal_count=20240 10925 10779 9315 8028 2017 146 1287 1220 939 118 281 226 100
is_linear=0
shrinkage=0.05


Tree=145
num_leaves=15
num_cat=0
split_feature=41 21 20 22 6 25 0 29 37 38 45 15 1 35
split_gain=15.8015 17.5173 30.8887 69.9679 69.6391 51.0412 44.5282 39.3939 47.5467 32.7558 30.1929 29.9589 55.3552 34.8455
threshold=234.50000000000003 34.687500000000007 25.604166666666668 34.145833333333336 0.99945175438596501 0.58767516702492106 28.270833333333339 5.9402150625030243 89.925000000000026 210.50000000000003 33.500000000000007 1.0000000180025095e-35 37.562500000000007 7.6428571428571432
decision_type=2 2 2 2 2 2 2 2 2 2 2 2 2 2
left_child=1 2 3 6 5 -4 10 9 -9 -7 -1 12 -3 -14
right_child=-2 11 4 -5 -6 7 -8 8 -10 -11 -12 -13 13 -15
leaf_value=-0.00032145164841098831 0.015651618140909703 0.031537071020445888 -0.063113463843862225 0.050192627318735639 0.016924387335540719 -0.0085953144895797497 0.040790820266328645 -0.061060003339740876 0.0066007637605071078 0.025170757712208128 0.01547090093421526 0.02506093781624661 0.0045995077477735393 -0.049154205784725492
leaf_weight=17448 160 72 45 70 269 1307 67 74 40 76 308 183 57 64
leaf_count=17448 160 72 45 70 269 1307 67 74 40 76 308 183 57 64
internal_value=8.52104e-07 -0.000123855 -0.000327859 0.000301951 -0.0065505 -0.0106457 0.000106005 -0.00906848 -0.0373194 -0.00673977 -4.75136e-05 0.0105668 -0.00317631 -0.0238322
internal_weight=20240 20080 19704 17893 1811 1542 17823 1497 114 1383 17756 376 193 121
internal_count=20240 20080 19704 17893 1811 1542 17823 1497 114 1383 17756 376 193 121
is_linear=0
shrinkage=0.05


Tree=146
num_leaves=15
num_cat=0
split_feature=3 40 0 20 10 12 13 45 21 1 10 45 45 44
split_gain=15.5449 16.3554 16.7956 32.8085 17.0439 24.4987 25.638 24.6786 45.9073 33.4255 17.2734 54.2169 42.353 63.4014
threshold=2.0625000000000004 7.5000000000000009 37.270833333333336 37.270833333333336 5.5000000000000009 5.5000000000000009 144.50000000000003 14.500000000000002 21.395833333333339 34.687500000000007 3.5000000000000004 1.5000000000000002 26.500000000000004 2.5000000000000004
decision_type=2 2 2 2 2 2 2 2 2 2 2 2 2 2
left_child=1 -1 3 4 10 6 -6 9 -9 -7 12 -12 -3 -14
right_child=-2 2 -4 -5 5 7 -8 8 -10 -11 11 -13 13 -15
leaf_value=-0.0034914642901317712 -0.019096457395913466 0.00034195138166563687 0.017671804334450928 -0.036696769145585721 0.0013516077607398831 0.008628384805985885 -0.031097838738787686 0.0089801876206490171 0.052834692692127205 -0.025812362185558425 0.0041758021009780082 -0.0065190113989213351 0.062922397060161936 0.0086063694835198084
leaf_weight=2737 106 9046 144 59 1245 828 64 190 87 77 1932 3065 59 601
leaf_count=2737 106 9046 144 59 1245 828 64 190 87 77 1932 3065 59 601
internal_value=8.09498e-07 0.000101351 0.000666595 0.000524663 0.000652385 0.00447695 -0.00023492 0.0096951 0.022754 0.00569807 4.42232e-06 -0.00238405 0.0012341 0.0134619
internal_weight=20240 20134 17397 17253 17194 2491 1309 1182 277 905 14703 4997 9706 660
internal_count=20240 20134 17397 17253 17194 2491 1309 1182 277 905 14703 4997 9706 660
is_linear=0
shrinkage=0.05


Tree=147
num_leaves=15
num_cat=0
split_feature=18 31 20 0 24 32 22 25 42 39 25 45 36 29
split_gain=15.2188 19.3313 20.5614 58.9519 34.5101 34.6425 33.2239 31.0305 41.8924 36.8199 33.0649 22.4713 25.5288 23.1461
threshold=-0.5 13.500000000000002 20.312500000000004 20.562500000000004 24.633928571428577 8.5000000000000018 22.854166666666668 2.3501906648689164 91.214285714285737 29.500000000000004 2.9105945847330488 11.500000000000002 3.6428571428571437 3.5078884182618073
decision_type=2 2 2 2 2 2 2 2 2 2 2 2 2 2
left_child=1 2 11 -4 5 6 -5 9 -9 -6 -10 -1 -13 -14
right_child=-2 -3 3 4 7 -7 -8 8 10 -11 -12 12 13 -15
leaf_value=-0.0026083559861189024 0.0010371889221438685 0.032011651864186641 -0.030875642601351602 -0.0013802154509741111 -0.0012052643997594713 -0.033299282984808089 0.024678891600590749 -0.049483511137201432 0.037923821967606457 -0.063561564777046442 -0.0067783130341332798 0.0024635547271941666 0.0026877102031568558 0.046033339080081059
leaf_weight=4559 12880 42 228 291 40 52 211 47 51 58 219 1438 57 67
leaf_count=4559 12880 42 228 291 40 52 211 47 51 58 219 1438 57 67
internal_value=7.69015e-07 -0.00181297 -0.00200709 -0.00800037 -0.00261796 0.00554881 0.00957292 -0.0135201 -0.00591817 -0.03811 0.00166542 -0.000835071 0.0043406 0.0261083
internal_weight=20240 7360 7318 1197 969 554 502 415 317 98 270 6121 1562 124
internal_count=20240 7360 7318 1197 969 554 502 415 317 98 270 6121 1562 124
is_linear=0
shrinkage=0.05


Tree=148
num_leaves=15
num_cat=0
split_feature=37 30 38 33 45 8 32 22 41 20 29 37 30 37
split_gain=15.1035 28.993 22.8148 17.5963 17.415 16.6364 16.1031 38.241 29.8797 23.8698 32.2608 23.5548 24.8909 21.1394
threshold=100.06250000000001 0.19940476190476197 139.50000000000003 7.5000000000000009 23.500000000000004 0.10471491228070177 1.5000000000000002 29.770833333333339 120.50000000000001 12.97916666666667 5.1096455838367563 91.50833333333334 0.4970238095238097 89.012500000000017
decision_type=2 2 2 2 2 2 2 2 2 2 2 2 2 2
left_child=3 2 4 5 -2 6 7 8 9 -1 -11 13 -13 -10
right_child=1 -3 -4 -5 -6 -7 -8 -9 11 10 -12 12 -14 -15
leaf_value=-0.0021396934316849328 0.0072138205350913481 0.00091123826451249403 0.054163227807730446 0.027162401548361987 0.040362665498135046 -0.017005484806373716 0.0006365989524972145 -0.036479905474840139 0.0055372196809158475 -0.016177113186463043 0.016011047310436542 0.050515484805861169 0.0028755526022555735 -0.026907993190818366
leaf_weight=3729 207 863 40 58 49 150 13474 82 714 621 89 58 52 54
leaf_count=3729 207 863 40 58 49 150 13474 82 714 621 89 58 52 54
internal_value=7.30582e-07 0.00554267 0.0190458 -0.000335893 0.0135587 -0.000419734 -0.000287912 -0.00259517 -0.00207259 -0.00373956 -0.0121423 0.00635532 0.0279948 0.00325592
internal_weight=20240 1159 296 19081 256 19023 18873 5399 5317 4439 710 878 110 768
internal_count=20240 1159 296 19081 256 19023 18873 5399 5317 4439 710 878 110 768
is_linear=0
shrinkage=0.05


Tree=149
num_leaves=15
num_cat=0
split_feature=0 20 27 10 22 37 40 22 27 12 0 26 30 21
split_gain=14.0903 25.1243 20.5341 16.0719 23.1252 31.9284 28.9725 29.072 27.6439 27.6545 26.6935 25.4954 23.5034 22.7366
threshold=36.104166666666679 36.062500000000007 4.8878627288419434 5.5000000000000009 24.479166666666668 58.312500000000007 23.500000000000004 27.895833333333339 3.6072209225176048 8.5000000000000018 21.562500000000004 23.227678571428573 0.31250000000000006 19.145833333333339
decision_type=2 2 2 2 2 2 2 2 2 2 2 2 2 2
left_child=1 3 -2 -1 8 -6 7 -7 10 11 -5 -10 -12 -11
right_child=2 -3 -4 4 5 6 -8 -9 9 13 12 -13 -14 -15
leaf_value=-0.00061516930808753231 0.020860185048293844 -0.029219671988205333 -0.014482614715342169 0.0027342147673421642 -0.019838033586953921 0.030437514621329001 0.0466842291350274 -0.01643467095343332 -0.008782542207019222 -0.01388061841328939 0.056651280986526137 -0.044788082015629005 0.0049711500029926275 0.038461936759569389
leaf_weight=17057 172 74 54 2226 48 77 92 58 133 42 44 78 44 41
leaf_count=17057 172 74 54 2226 48 77 92 58 133 42 44 78 44 41
internal_value=6.94029e-07 -0.000139495 0.0124154 -3.15741e-05 0.00342121 0.0172116 0.0250459 0.0102998 0.00196708 -0.0124748 0.00380197 -0.0220926 0.0308112 0.0119753
internal_weight=20240 20014 226 19940 2883 275 227 135 2608 294 2314 211 88 83
internal_count=20240 20014 226 19940 2883 275 227 135 2608 294 2314 211 88 83
is_linear=0
shrinkage=0.05


Tree=150
num_leaves=15
num_cat=0
split_feature=37 45 38 33 33 31 29 29 35 34 27 22 39 24
split_gain=13.6132 26.7113 19.2877 15.9545 15.88 35.5255 24.1569 47.5295 34.0208 37.2324 31.9092 18.5838 16.9704 35.8235
threshold=100.06250000000001 22.500000000000004 101.50000000000001 7.5000000000000009 3.5000000000000004 13.500000000000002 5.9402150625030243 5.2341159736979153 6.5000000000000009 10.500000000000002 4.6948858042847403 27.354166666666668 20.500000000000004 26.377976190476193
decision_type=2 2 2 2 2 2 2 2 2 2 2 2 2 2
left_child=3 -2 -3 4 12 6 7 8 11 -10 -9 -6 13 -1
right_child=1 2 -4 -5 5 -7 -8 10 9 -11 -12 -13 -14 -15
leaf_value=-0.0019828022675389212 0.0028412897754315609 0.0026540383164371764 0.046127120594565689 0.025865095622580627 -0.0081545382501402256 0.035535265945316273 -0.036841755815069467 0.058141492431009703 -0.043959150263773547 0.0074057225841192564 0.0026503918544640618 0.015214412253259738 0.00096354859197230868 -0.041836920472090706
leaf_weight=5224 1052 42 65 58 645 49 68 44 126 49 63 98 12600 57
leaf_count=5224 1052 42 65 58 645 49 68 44 126 49 63 98 12600 57
internal_value=6.59352e-07 0.0052621 0.0290629 -0.000318926 -0.000398759 -0.0061151 -0.00798232 -0.00606774 -0.00974361 -0.029577 0.0254692 -0.00507223 -3.36755e-05 -0.00241296
internal_weight=20240 1159 107 19081 19023 1142 1093 1025 918 175 107 743 17881 5281
internal_count=20240 1159 107 19081 19023 1142 1093 1025 918 175 107 743 17881 5281
is_linear=0
shrinkage=0.05


Tree=151
num_leaves=15
num_cat=0
split_feature=41 31 21 20 22 6 25 0 29 37 38 37 31 15
split_gain=13.4117 15.0865 15.0615 28.902 62.0482 61.8442 45.7404 38.6261 34.4799 41.6757 28.9776 27.3655 26.4544 26.2087
threshold=234.50000000000003 10.500000000000002 34.687500000000007 25.604166666666668 34.145833333333336 0.99945175438596501 0.58767516702492106 28.270833333333339 5.9402150625030243 89.925000000000026 210.50000000000003 60.662500000000009 9.5000000000000018 1.0000000180025095e-35
decision_type=2 2 2 2 2 2 2 2 2 2 2 2 2 2
left_child=2 -2 3 4 7 6 -5 -1 10 -10 11 -8 -7 -4
right_child=1 -3 13 5 -6 12 8 -9 9 -11 -12 -13 -14 -15
leaf_value=-2.1714325463882325e-05 0.02357927050867702 -0.011315380994762694 -0.0030554823027296391 -0.059850443725784623 0.047288110683272995 0.027860913846156833 -0.021834112011068614 0.038013922033914876 -0.057345599394190962 0.0060002171248197556 0.023503684502487122 -0.0044005283329570447 -0.0045843863962218168 0.02335537183791898
leaf_weight=17756 118 42 193 45 70 169 289 67 74 40 76 1018 100 183
leaf_count=17756 118 42 193 45 70 169 289 67 74 40 76 1018 100 183
internal_value=6.26374e-07 0.0144194 -0.000114264 -0.000303428 0.000305792 -0.00632264 -0.0101818 0.000121269 -0.00868877 -0.035119 -0.00651013 -0.00825539 0.0157995 0.00979874
internal_weight=20240 160 20080 19704 17893 1811 1542 17823 1497 114 1383 1307 269 376
internal_count=20240 160 20080 19704 17893 1811 1542 17823 1497 114 1383 1307 269 376
is_linear=0
shrinkage=0.05


Tree=152
num_leaves=15
num_cat=0
split_feature=31 29 29 6 30 6 35 37 20 34 9 1 27 45
split_gain=13.3355 23.6381 25.2306 17.8153 16.9955 13.7794 15.5599 13.3466 23.3313 26.5151 32.9523 31.1161 30.8354 30.4118
threshold=1.0000000180025095e-35 2.9674203431387762 3.8646108481761563 0.99945175438596501 0.49107142857142871 0.826471956406167 2.2142857142857149 55.712500000000013 6.979166666666667 3.5000000000000004 0.98142056530214428 57.770833333333336 3.9986082340844189 40.500000000000007
decision_type=2 2 2 2 2 2 2 2 2 2 2 2 2 2
left_child=1 3 -3 4 -1 6 -6 -2 -9 12 -11 13 -10 -12
right_child=7 2 -4 -5 5 -7 -8 8 9 10 11 -13 -14 -15
leaf_value=-0.0019739196553073394 -0.0024150892221233172 -0.055946457762685087 -0.0050365244794004366 0.01319510204469267 -0.010485735732429433 -0.0055840586670903407 -0.048120903472105667 0.0088729465916822358 -0.0010549459120514639 0.021086082584535083 0.0010923105992598245 0.024835179883244258 -0.014241996753471745 0.041003630919537203
leaf_weight=898 3549 45 53 151 53 122 57 884 5045 225 8481 143 486 48
leaf_count=898 3549 45 53 151 53 122 57 884 5045 225 8481 143 486 48
internal_value=5.95054e-07 -0.00474586 -0.0284135 -0.00293521 -0.00509068 -0.0171547 -0.0299876 0.000347626 0.000987966 0.000504855 0.00219488 0.00170474 -0.00221367 0.00131693
internal_weight=20240 1379 98 1281 1130 232 110 18861 15312 14428 8897 8672 5531 8529
internal_count=20240 1379 98 1281 1130 232 110 18861 15312 14428 8897 8672 5531 8529
is_linear=0
shrinkage=0.05


Tree=153
num_leaves=15
num_cat=0
split_feature=35 20 6 0 9 27 35 22 45 36 33 27 22 20
split_gain=12.8643 17.0423 44.4121 44.1039 32.2513 53.5907 33.2435 27.6662 27.1199 26.8789 25.1346 31.3104 49.8448 39.3942
threshold=12.214285714285717 31.770833333333339 0.94228245507773079 30.520833333333339 0.99875372023809539 4.160462981181694 10.642857142857144 28.729166666666668 17.500000000000004 3.0714285714285716 3.5000000000000004 4.8878627288419434 26.395833333333339 15.85416666666667
decision_type=2 2 2 2 2 2 2 2 2 2 2 2 2 2
left_child=1 3 4 10 6 -6 7 8 -3 -5 11 -1 13 -13
right_child=-2 2 -4 9 5 -7 -8 -9 -10 -11 -12 12 -14 -15
leaf_value=-0.00010849423317897806 0.012462197059265726 -0.05147495204900307 0.0064328316625365083 0.045319947101214064 -0.088173472408841297 -0.011396407051121488 -0.051129909622114757 0.01396609861278789 0.0014065843144500699 0.010671733130002395 -0.0074331879178940645 0.030914932694825592 0.029597507680210688 -0.008219844061293757
leaf_weight=17358 205 44 284 73 41 51 43 113 54 240 1121 82 233 298
leaf_count=17358 205 44 284 73 41 51 43 113 54 240 1121 82 233 298
internal_value=5.65313e-07 -0.000126943 -0.00822026 0.000135813 -0.0202477 -0.0456123 -0.0110605 -0.00289466 -0.0223361 0.0187526 -0.000169396 0.000283706 0.0113894 0.000225029
internal_weight=20240 20035 630 19405 346 92 254 211 98 313 19092 17971 613 380
internal_count=20240 20035 630 19405 346 92 254 211 98 313 19092 17971 613 380
is_linear=0
shrinkage=0.05


Tree=154
num_leaves=15
num_cat=0
split_feature=3 30 10 10 45 45 4 20 36 7 32 28 6 29
split_gain=12.5751 14.3147 12.9615 21.5779 53.9611 49.9269 40.3261 41.7902 46.5134 36.9246 48.2565 74.013 46.5425 34.4485
threshold=2.0625000000000004 0.19345238095238104 5.5000000000000009 3.5000000000000004 1.5000000000000002 6.5000000000000009 0.97916666666666685 27.645833333333339 5.6428571428571432 0.077032747057542886 6.5000000000000009 31.427083333333339 0.73016747080623745 4.1988584807440903
decision_type=2 2 2 2 2 2 2 2 2 2 2 2 2 2
left_child=2 -2 3 5 -5 -1 7 8 -6 -7 12 13 -11 -12
right_child=1 -3 -4 4 6 9 -8 -9 -10 10 11 -13 -14 -15
leaf_value=-0.0024650592843399343 0.00018608723101871355 -0.036621310624526816 0.0031792340803984322 0.0032129647964933075 -0.0094262570967190845 -0.0014567305003709012 0.00059730005845971433 -0.02937080320447091 0.039398906402289872 0.0017707868340463612 0.017743454866493785 -0.032668673378066164 0.014563882313436895 0.055854357211362754
leaf_weight=5770 56 50 2907 2197 1997 1954 1217 264 50 2503 112 44 993 126
leaf_count=5770 56 50 2907 2197 1997 1954 1217 264 50 2503 112 44 993 126
internal_value=5.37053e-07 -0.0171759 9.09663e-05 -0.000430169 -0.00293841 0.000818281 -0.00676907 -0.0106483 -0.00823365 0.00412339 0.00700945 0.026906 0.00540452 0.0379198
internal_weight=20240 106 20134 17227 5725 11502 3528 2311 2047 5732 3778 282 3496 238
internal_count=20240 106 20134 17227 5725 11502 3528 2311 2047 5732 3778 282 3496 238
is_linear=0
shrinkage=0.05


Tree=155
num_leaves=15
num_cat=0
split_feature=18 25 21 1 22 37 23 35 38 45 10 44 27 41
split_gain=12.329 17.2532 20.2263 27.1967 24.6863 40.2948 26.1482 23.816 18.931 16.733 24.5788 32.8682 24.4811 22.7496
threshold=-0.5 6.3441714857175446 27.354166666666668 34.395833333333336 32.145833333333336 64.612500000000011 26.604166666666668 8.7857142857142865 165.50000000000003 10.500000000000002 3.5000000000000004 2.5000000000000004 4.6326193095419592 59.500000000000007
decision_type=2 2 2 2 2 2 2 2 2 2 2 2 2 2
left_child=1 2 7 -4 5 -5 -7 8 9 12 11 -11 -1 -12
right_child=-2 -3 3 4 -6 6 -8 -9 -10 10 13 -13 -14 -15
leaf_value=-0.0025689442045729177 0.00093335506867774228 -0.025331709166302493 -0.048849397140773056 -0.027834117424507171 -0.035595461491831258 -0.009405251977227207 0.03622780808719335 0.028622005423120059 0.025953379861311989 0.016490808296620901 -0.020533624421694274 0.00012136727014675094 -0.028087211706830813 -0.00032881318112748547
leaf_weight=4483 12880 76 47 78 61 53 77 68 64 515 168 758 96 816
leaf_count=4483 12880 76 47 78 61 53 77 68 64 515 168 758 96 816
internal_value=5.10176e-07 -0.00163197 -0.00138469 -0.0137571 -0.00762573 0.000576931 0.0176236 -0.000823598 -0.00111379 -0.0013672 0.00215631 0.00674373 -0.00310394 -0.00377842
internal_weight=20240 7360 7284 316 269 208 130 6968 6900 6836 2257 1273 4579 984
internal_count=20240 7360 7284 316 269 208 130 6968 6900 6836 2257 1273 4579 984
is_linear=0
shrinkage=0.05


Tree=156
num_leaves=15
num_cat=0
split_feature=42 20 0 9 30 0 22 33 20 29 41 27 37 37
split_gain=11.9393 32.4476 35.2413 24.0865 26.9668 23.2574 40.9333 27.4277 24.0153 29.3279 28.2929 57.7518 41.8496 34.5609
threshold=160.57142857142858 32.104166666666679 34.937500000000007 0.99796626984126979 0.62797619047619058 31.062500000000004 31.854166666666668 1.5000000000000002 26.604166666666668 5.9402150625030243 125.50000000000001 4.7499547787569325 64.112500000000011 59.812500000000007
decision_type=2 2 2 2 2 2 2 2 2 2 2 2 2 2
left_child=1 5 -3 -2 -5 8 7 -7 -1 10 13 12 -12 -10
right_child=3 2 -4 4 -6 6 -8 -9 9 -11 11 -13 -14 -15
leaf_value=0.00013995001794187987 0.0079224555151990225 -0.027029416738447245 0.0066567605187706023 0.0068705911740151232 -0.027375906507023075 0.0041523996396706656 -0.022836231601424516 0.046486953623662952 0.045950463700403531 -0.043654961822342069 -0.057581173383244658 0.031821536918745397 -0.012718137258558838 -0.0026759019673114554
leaf_weight=17710 1042 227 118 117 113 65 50 93 41 57 82 47 142 336
leaf_count=17710 1042 227 118 117 113 65 50 93 41 57 82 47 142 336
internal_value=4.84688e-07 -0.00031399 -0.0155078 0.00468992 -0.00995486 -3.25184e-05 0.0165932 0.0290708 -0.000220308 -0.00927019 -0.00624561 -0.0185683 -0.0291412 0.00261238
internal_weight=20240 18968 345 1272 230 18623 208 158 18415 705 648 271 224 377
internal_count=20240 18968 345 1272 230 18623 208 158 18415 705 648 271 224 377
is_linear=0
shrinkage=0.05


Tree=157
num_leaves=15
num_cat=0
split_feature=37 30 0 45 39 36 5 21 20 6 22 38 0 22
split_gain=11.9145 25.7908 21.763 21.4412 25.579 16.1001 24.5001 14.7407 32.4196 46.2294 36.7271 36.1403 31.379 28.546
threshold=100.06250000000001 0.42261904761904773 28.020833333333339 22.500000000000004 30.500000000000004 1.2142857142857146 0.062500000000000014 32.520833333333336 25.604166666666668 0.99945175438596501 33.020833333333336 210.50000000000003 28.270833333333339 20.812500000000004
decision_type=2 2 2 2 2 2 2 2 2 2 2 2 2 2
left_child=7 3 5 -2 -5 -3 -7 8 10 11 12 13 -1 -10
right_child=1 2 -4 4 -6 6 -8 -9 9 -11 -12 -13 -14 -15
leaf_value=-0.0002277572333476636 0.0090838560678377124 -0.019877014545535174 -0.036103455835907926 0.011051471249924767 0.065647737045840523 0.033385220067430055 0.00071422476065030474 0.0070319648552123254 0.0010924674668455158 0.012311970551124179 0.033444009912086702 0.025438342840662077 0.036300243298381066 -0.0175370251244968
leaf_weight=16777 334 79 41 45 41 64 555 662 264 244 82 63 59 930
leaf_count=16777 334 79 41 45 41 64 555 662 264 244 82 63 59 930
internal_value=4.60454e-07 0.0049227 -0.00070024 0.0148164 0.0370799 0.00137932 0.00409216 -0.000298521 -0.000561987 -0.00760445 6.28349e-05 -0.0114705 -9.97487e-05 -0.0134179
internal_weight=20240 1159 739 420 86 698 619 19081 18419 1501 16918 1257 16836 1194
internal_count=20240 1159 739 420 86 698 619 19081 18419 1501 16918 1257 16836 1194
is_linear=0
shrinkage=0.05


Tree=158
num_leaves=15
num_cat=0
split_feature=42 20 4 32 5 42 23 24 47 25 26 30 6 23
split_gain=11.6932 30.7623 41.8049 56.9895 44.9446 38.2677 37.1032 32.3044 29.1192 32.5553 28.7944 26.1025 41.9543 26.3143
threshold=102.35714285714288 13.60416666666667 0.97916666666666685 7.5000000000000009 0.77083333333333337 64.785714285714292 12.97916666666667 19.059523809523814 0.37500000000000006 2.6365878642237894 18.784226190476193 0.0059523809523809286 0.72538588847232088 35.145833333333336
decision_type=2 2 2 2 2 2 2 2 2 2 2 2 2 2
left_child=1 6 3 4 5 -3 -1 -5 -7 -10 -8 12 13 -2
right_child=11 2 -4 7 -6 8 10 -9 9 -11 -12 -13 -14 -15
leaf_value=-0.00056533236658508237 0.0055079030975012776 -0.029559994916457479 0.0020494643509472053 0.0016682464042751808 -0.057886646809626602 0.034783487506210804 0.0110653827084373 0.042881803050343142 -0.0028400074804009428 -0.015417139683136473 -0.023971657725351474 0.00021785989619173567 0.027937268662274979 -0.033951860683208164
leaf_weight=6807 1062 216 1541 127 49 40 1082 76 1189 907 62 6820 218 44
leaf_count=6807 1062 216 1541 127 49 40 1082 76 1189 907 62 6820 218 44
internal_value=4.3742e-07 -0.00098568 -0.00447794 -0.00834074 -0.0104915 -0.00950414 0.000834899 0.017098 -0.00747602 -0.0082825 0.00916652 0.00146508 0.0078896 0.00393808
internal_weight=20240 12096 4145 2604 2401 2352 7951 203 2136 2096 1144 8144 1324 1106
internal_count=20240 12096 4145 2604 2401 2352 7951 203 2136 2096 1144 8144 1324 1106
is_linear=0
shrinkage=0.05


Tree=159
num_leaves=15
num_cat=1
split_feature=3 10 45 1 50 23 21 42 28 38 43 10 45 45
split_gain=11.6433 12.6758 18.6597 39.3939 25.3561 45.8392 36.3935 26.0592 38.9588 39.1488 23.1959 18.5381 48.9925 44.206
threshold=1.9166666666666667 5.5000000000000009 15.500000000000002 41.395833333333336 0 20.562500000000004 27.187500000000004 139.07142857142858 20.407638888888894 125.50000000000001 24.500000000000004 3.5000000000000004 1.5000000000000002 5.5000000000000009
decision_type=2 2 2 2 1 2 2 2 2 2 2 2 2 2
left_child=1 11 3 -3 5 -4 -7 8 -6 -10 -9 13 -13 -1
right_child=-2 2 4 -5 7 6 -8 10 9 -11 -12 12 -14 -15
leaf_value=-0.0025353755845246928 -0.013029831433668732 0.0020733304553874018 0.0580942778248493 -0.047373199621329042 0.010976952336958598 -0.015307993685294475 0.041218685933078335 0.050923264308020161 -0.05466409645353755 0.0049199137252335457 0.00069893636223342689 0.0031332000078870882 -0.0063910768776672391 0.0036844232735395912
leaf_weight=5402 170 2296 73 41 166 70 48 47 60 51 45 2192 3516 6063
leaf_count=5402 170 2296 73 41 166 70 48 47 60 51 45 2192 3516 6063
internal_value=4.15554e-07 0.000110786 0.00317017 0.00120585 0.0113677 0.025611 0.00768591 0.00321396 -0.00435652 -0.0272877 0.026357 -0.000405316 -0.00273354 0.000753821
internal_weight=20240 20070 2897 2337 560 191 118 369 277 111 92 17173 5708 11465
internal_count=20240 20070 2897 2337 560 191 118 369 277 111 92 17173 5708 11465
cat_boundaries=0 1
cat_threshold=33
is_linear=0
shrinkage=0.05


Tree=160
num_leaves=15
num_cat=0
split_feature=34 1 22 25 31 45 23 13 35 37 9 29 1 16
split_gain=11.3446 29.0185 27.7898 31.0153 27.9333 23.7802 23.209 22.4162 22.4136 20.2445 28.627 25.2766 21.0595 31.0577
threshold=3.5000000000000004 57.770833333333336 17.645833333333339 1.5854726557890102 8.5000000000000018 40.500000000000007 30.104166666666668 185.50000000000003 7.3571428571428585 55.712500000000013 0.98142056530214428 4.0258825868576045 41.729166666666679 1.0000000180025095e-35
decision_type=2 2 2 2 2 2 2 2 2 2 2 2 2 2
left_child=2 5 3 -1 -5 9 7 -3 -4 -2 11 -11 -12 -14
right_child=1 6 8 4 -6 -7 -8 -9 -10 10 12 -13 13 -15
leaf_value=-0.001988359896915278 -0.0043531881617223248 -0.0096144762355834246 -0.0098124181984763151 0.0040286446754513646 0.035327753839492042 0.035546380140799652 0.052627961685800029 0.038707525692880156 0.017358191097500149 0.010712882217202119 0.0016710452794796501 0.052041738553215637 -0.019506848582561465 0.0090198681513168691
leaf_weight=6011 1710 60 1206 1943 74 49 46 40 81 189 8361 46 279 145
leaf_count=6011 1710 60 1206 1943 74 49 46 40 81 189 8361 46 279 145
internal_value=3.94771e-07 0.00109344 -0.00128158 -0.000188107 0.00517695 0.000793539 0.0232351 0.00971432 -0.00810238 0.000634835 0.00158046 0.0188028 0.00111976 -0.00975125
internal_weight=20240 10925 9315 8028 2017 10779 146 100 1287 10730 9020 235 8785 424
internal_count=20240 10925 9315 8028 2017 10779 146 100 1287 10730 9020 235 8785 424
is_linear=0
shrinkage=0.05


Tree=161
num_leaves=15
num_cat=0
split_feature=33 33 0 22 32 37 45 45 21 26 6 23 22 20
split_gain=11.1712 12.7851 25.2357 30.9724 41.7894 50.8059 34.3435 33.0045 27.1232 38.687 26.3092 25.2258 24.5678 42.8841
threshold=7.5000000000000009 2.5000000000000004 30.520833333333339 18.562500000000004 8.5000000000000018 65.062500000000014 35.500000000000007 14.500000000000002 30.645833333333339 26.233630952380956 0.61916174883464614 36.604166666666679 33.770833333333336 26.395833333333339
decision_type=2 2 2 2 2 2 2 2 2 2 2 2 2 2
left_child=1 12 3 6 5 7 -3 -5 9 -7 -4 -12 -1 -14
right_child=-2 2 10 4 -6 8 -8 -9 -10 -11 11 -13 13 -15
leaf_value=9.4074151442537812e-05 0.019940087252429555 -0.0014549894641564779 0.048046760503202682 -0.024091901692786608 0.035205306849545905 -0.0083249309197627012 0.045672493445945296 -0.083129077572375532 0.015165203792895092 -0.039212905725537345 -0.0035209876665873319 0.036165819916874169 0.045811055430102277 0.0049878387009728549
leaf_weight=17236 70 1152 40 58 45 625 40 40 94 121 201 50 77 391
leaf_count=17236 70 1152 40 58 45 625 40 40 94 121 201 50 77 391
internal_value=3.75015e-07 -6.88258e-05 -0.00344176 -0.00529187 -0.0118622 -0.0141203 0.00012647 -0.0481887 -0.0101456 -0.0133349 0.0103864 0.00438475 0.000400992 0.0117045
internal_weight=20240 20170 2466 2175 983 938 1192 98 840 746 291 251 17704 468
internal_count=20240 20170 2466 2175 983 938 1192 98 840 746 291 251 17704 468
is_linear=0
shrinkage=0.05


Tree=162
num_leaves=15
num_cat=0
split_feature=37 23 31 21 38 26 25 13 20 22 38 0 5 22
split_gain=11.1774 12.755 11.1242 22.2323 19.0562 21.58 18.2965 11.3067 26.6886 40.8866 42.7185 27.5682 28.3181 25.6547
threshold=112.58750000000002 14.72916666666667 1.0000000180025095e-35 15.72916666666667 38.500000000000007 7.4330357142857162 2.0267616761054978 73.500000000000014 31.062500000000004 20.812500000000004 94.500000000000014 34.687500000000007 0.10416666666666667 33.395833333333336
decision_type=2 2 2 2 2 2 2 2 2 2 2 2 2 2
left_child=2 -2 3 4 5 -1 -5 13 -9 -10 -11 12 -12 -4
right_child=1 -3 7 6 -6 -7 -8 8 9 10 11 -13 -14 -15
leaf_value=-0.0017196794904227699 2.941206656396389e-05 0.03029060983672165 0.0014400448599126579 -0.049970015114092312 -0.0005770628034315531 -0.044954333488863935 -0.0090178405819113239 -7.1014579921836568e-06 0.030198523477774186 -0.050459379590067424 0.0012401472995847915 0.0076493306896414891 -0.033079187987407284 0.016647149512078612
leaf_weight=62 75 65 3672 46 1143 54 67 14228 53 76 99 147 153 300
leaf_count=62 75 65 3672 46 1143 54 67 14228 53 76 99 147 153 300
internal_value=3.56323e-07 0.0140793 -9.77057e-05 -0.00444355 -0.00253673 -0.0218462 -0.0256886 0.000220668 -0.000416734 -0.0114551 -0.0161027 -0.00955862 -0.0195966 0.00258862
internal_weight=20240 140 20100 1372 1259 116 113 18728 14756 528 475 399 252 3972
internal_count=20240 140 20100 1372 1259 116 113 18728 14756 528 475 399 252 3972
is_linear=0
shrinkage=0.05


Tree=163
num_leaves=15
num_cat=0
split_feature=40 31 27 6 1 5 20 21 45 48 3 5 4 32
split_gain=10.5418 14.4138 16.1887 25.2115 19.2033 18.6217 20.0949 34.5108 16.1318 15.3418 12.2454 13.6539 53.8033 34.2273
threshold=7.5000000000000009 6.5000000000000009 2.0944028047781207 0.39272062070270614 41.562500000000007 0.81250000000000011 15.062500000000002 14.437500000000002 8.5000000000000018 0.98214285714285732 2.0625000000000004 0.52083333333333337 0.97916666666666685 6.5000000000000009
decision_type=2 2 2 2 2 2 2 2 2 2 2 2 2 2
left_child=1 2 -1 4 -4 6 8 -8 9 -5 11 13 -13 -2
right_child=10 -3 3 5 -6 -7 7 -9 -10 -11 -12 12 -14 -15
leaf_value=-0.00083357722443275521 0.00066032322883755133 0.013776361555445024 -0.0033664978137956216 -0.0058422858043460646 0.040011386750709449 0.0040577011071769049 -0.064316009945468974 -0.016172735436414263 0.0095426495525143332 -0.026132171072743154 -0.017082814446584594 -0.011555019460203297 0.00066473834197091719 0.00956816746446028
leaf_weight=1723 8850 124 65 214 42 144 52 131 84 165 99 1052 6267 1228
leaf_count=1723 8850 124 65 214 42 144 52 131 84 165 99 1052 6267 1228
internal_value=3.38475e-07 -0.00288103 -0.0036694 -0.00911658 0.0136603 -0.0122016 -0.0158259 -0.0298528 -0.0102818 -0.0146756 0.000452241 0.000552026 -0.00109167 0.00174574
internal_weight=20240 2744 2620 897 107 790 646 183 463 379 17496 17397 7319 10078
internal_count=20240 2744 2620 897 107 790 646 183 463 379 17496 17397 7319 10078
is_linear=0
shrinkage=0.05


Tree=164
num_leaves=15
num_cat=0
split_feature=37 29 30 25 5 9 18 21 34 33 33 0 26 27
split_gain=10.4977 23.7636 19.9993 18.2226 19.9395 23.0871 16.6033 13.5565 12.8346 12.5331 13.835 27.668 40.0477 35.0745
threshold=100.06250000000001 2.1174997591770199 0.58035714285714302 3.1087474159829491 0.14583333333333334 0.99356211317418219 -0.24999999999999994 25.854166666666668 5.5000000000000009 7.5000000000000009 3.5000000000000004 30.520833333333339 31.657738095238098 4.9714603295577371
decision_type=2 2 2 2 2 2 2 2 2 2 2 2 2 2
left_child=9 -2 3 4 5 -3 7 -5 -4 10 -1 13 -13 -12
right_child=1 2 8 6 -6 -7 -8 -9 -10 -11 11 12 -14 -15
leaf_value=-1.0311459012536475e-05 -0.0031115166067415588 0.01321927112093645 0.0053671775868287981 -0.028811883094698884 0.0079447052256331179 0.053499573131304483 0.026680478012120284 0.009134394861757756 -0.024557545874267818 0.022926991676975941 -0.0051922918503954155 0.031779339321825688 -0.023918311507936489 -0.033819698630526786
leaf_weight=17881 535 58 193 43 88 92 54 52 44 58 870 103 47 122
leaf_count=17881 535 58 193 43 88 92 54 52 44 58 870 103 47 122
internal_value=3.21553e-07 0.00462063 0.01125 0.0182549 0.0268395 0.0379245 0.00454244 -0.00804129 -0.000188467 -0.000280321 -0.000351078 -0.00568668 0.0143274 -0.008713
internal_weight=20240 1159 624 387 238 150 149 95 237 19081 19023 1142 150 992
internal_count=20240 1159 624 387 238 150 149 95 237 19081 19023 1142 150 992
is_linear=0
shrinkage=0.05


Tree=165
num_leaves=15
num_cat=0
split_feature=41 29 6 21 20 6 22 25 0 29 37 40 45 29
split_gain=10.3751 14.3123 11.1958 10.9785 24.6281 46.9651 45.7458 41.9013 28.4352 28.4121 35.3941 24.5877 54.5094 30.5902
threshold=234.50000000000003 2.471536760314077 0.97676988307850465 34.687500000000007 25.604166666666668 0.99945175438596501 34.145833333333336 0.58767516702492106 28.270833333333339 5.9402150625030243 89.925000000000026 10.500000000000002 18.500000000000004 5.3971496631864389
decision_type=2 2 2 2 2 2 2 2 2 2 2 2 2 2
left_child=3 -2 -3 4 6 7 8 -6 -1 11 -11 12 -9 -13
right_child=1 2 -4 -5 5 -7 -8 9 -10 10 -12 13 -14 -15
leaf_value=1.9009665507095271e-05 -0.0042743845929258638 0.045149499014383414 0.0097392517959280899 0.0083626054579694267 -0.05672023829486636 0.013459505526250276 0.040641017681253812 -0.059074201423388262 0.032653630391430502 -0.052227973610766837 0.006149064479395748 -0.0063628629735187417 0.0040859241226118889 0.018367432629200795
leaf_weight=17756 70 41 49 376 45 269 70 65 67 74 40 1105 72 141
leaf_count=17756 70 41 49 376 45 269 70 65 67 74 40 1105 72 141
internal_value=3.05448e-07 0.0126822 0.0258706 -0.000100745 -0.000262246 -0.00581861 0.000300129 -0.00918165 0.000141689 -0.00775264 -0.0317448 -0.00577498 -0.0258806 -0.00356433
internal_weight=20240 160 90 20080 19704 1811 17893 1542 17823 1497 114 1383 137 1246
internal_count=20240 160 90 20080 19704 1811 17893 1542 17823 1497 114 1383 137 1246
is_linear=0
shrinkage=0.05


Tree=166
num_leaves=15
num_cat=0
split_feature=10 25 37 43 25 1 13 45 27 45 37 29 37 17
split_gain=9.86147 17.8521 37.1058 35.2611 25.0735 30.258 49.684 42.6368 26.2977 23.5721 19.3749 16.8218 18.5826 17.7958
threshold=5.5000000000000009 4.2273018591030871 86.312500000000014 16.642857142857149 1.807847293730233 34.979166666666679 195.50000000000003 15.500000000000002 3.3850448856987021 8.5000000000000018 90.96250000000002 3.4712697442458205 55.32500000000001 0.68301270189221941
decision_type=2 2 2 2 2 2 2 2 2 2 2 2 2 2
left_child=-1 4 -3 -4 8 6 11 -7 -2 -8 -9 12 -6 -13
right_child=1 2 3 -5 5 7 9 10 -10 -11 -12 13 -14 -15
leaf_value=-0.00045287148748203557 0.0013607614048404767 -0.033502445388965463 -0.022493137059999363 0.040239564725197852 -0.029441566796352465 0.0004074409720487893 0.012720906253431761 0.071135303743735515 -0.034062979966229583 0.043327145181182358 0.026152674871128663 -0.0052377979960534478 0.0061910673204488061 -0.044280973241287984
leaf_weight=17320 1760 98 42 48 42 72 209 54 54 90 43 77 284 47
leaf_count=17320 1760 98 42 48 42 72 209 54 54 90 43 77 284 47
internal_value=2.90191e-07 0.00268822 -0.0122152 0.0109643 0.00371378 0.0104472 0.00613527 0.0295574 0.000306251 0.0219335 0.0511946 -0.00436178 0.00160036 -0.0200364
internal_weight=20240 2920 188 90 2732 918 749 169 1814 299 97 450 326 124
internal_count=20240 2920 188 90 2732 918 749 169 1814 299 97 450 326 124
is_linear=0
shrinkage=0.05


Tree=167
num_leaves=15
num_cat=0
split_feature=34 31 1 29 39 25 23 1 24 6 44 25 26 28
split_gain=9.91082 32.7142 29.9727 34.7678 37.6718 35.893 35.9046 30.0034 29.1849 28.593 31.9334 38.0898 29.4453 26.0028
threshold=4.5000000000000009 9.5000000000000018 27.687500000000004 5.0534938663273001 44.500000000000007 4.5657218216081352 22.354166666666668 27.854166666666668 22.017857142857146 0.66873947902886821 5.5000000000000009 4.5657218216081352 21.069940476190482 21.121527777777782
decision_type=2 2 2 2 2 2 2 2 2 2 2 2 2 2
left_child=1 2 8 4 5 7 -7 -4 -1 10 11 12 -5 -9
right_child=-2 -3 3 9 -6 6 -8 13 -10 -11 -12 -13 -14 -15
leaf_value=-0.00067619522753522253 0.0013122505511867593 0.014735950056265323 -0.052570699793951847 0.021365803650564695 0.0060730243229397372 -0.079605220436402002 -0.015663688094355168 0.00105197287341739 0.031493022885750718 -0.024886293920713502 -0.02726393569553015 0.044581061301798355 -0.015541751086100409 -0.020515303798784808
leaf_weight=10104 8412 324 49 119 186 46 42 234 71 74 51 82 99 347
leaf_count=10104 8412 324 49 119 186 46 42 234 71 74 51 82 99 347
internal_value=2.7568e-07 -0.000932793 -0.00137409 -0.00843585 -0.0139809 -0.0191759 -0.0490877 -0.0149978 -0.000451722 0.00335882 0.00931363 0.0155318 0.00460503 -0.011829
internal_weight=20240 11828 11504 1329 904 718 88 630 10175 425 351 300 218 581
internal_count=20240 11828 11504 1329 904 718 88 630 10175 425 351 300 218 581
is_linear=0
shrinkage=0.05


Tree=168
num_leaves=15
num_cat=0
split_feature=37 23 31 6 35 20 37 25 42 41 22 40 0 6
split_gain=9.88505 11.4775 9.84783 34.9336 11.1236 14.3127 53.6037 36.6663 44.237 50.7976 34.8926 32.8448 30.6601 26.1341
threshold=112.58750000000002 14.72916666666667 16.500000000000004 0.98366392174803396 12.928571428571431 25.604166666666668 54.862500000000004 0.56354620400795785 143.92857142857147 154.50000000000003 34.145833333333336 12.500000000000002 28.270833333333339 0.99736494931259556
decision_type=2 2 2 2 2 2 2 2 2 2 2 2 2 2
left_child=2 -2 4 -4 5 10 -7 13 9 -9 12 -10 -1 -8
right_child=1 -3 3 -5 -6 6 7 8 11 -11 -12 -13 -14 -15
leaf_value=-8.1073424773860537e-05 -8.744456805288793e-05 0.028618393061825866 0.052042713344562799 -0.0068442456366028638 0.015539846065387662 -0.0475446214278539 -0.058968189040509371 -0.0040067420563706336 0.050053935879191692 -0.038433701916759419 0.034454750807678979 0.005166797719863005 0.03307513830917222 -0.0065157505549847134
leaf_weight=17692 75 65 40 68 112 69 48 936 43 121 74 780 70 47
leaf_count=17692 75 65 40 68 112 69 48 936 43 121 74 780 70 47
internal_value=2.61895e-07 0.0132403 -9.1957e-05 0.0149657 -0.000173301 -0.000261826 -0.00422488 -0.00271143 -0.00117998 -0.00794777 0.000192339 0.00751206 4.95951e-05 -0.033018
internal_weight=20240 140 20100 108 19992 19880 2044 1975 1880 1057 17836 823 17762 95
internal_count=20240 140 20100 108 19992 19880 2044 1975 1880 1057 17836 823 17762 95
is_linear=0
shrinkage=0.05


Tree=169
num_leaves=15
num_cat=0
split_feature=39 27 20 6 1 37 14 22 35 39 33 31 36 13
split_gain=9.56763 31.9269 30.3164 40.4836 19.9901 19.7159 26.4263 31.5737 22.3188 15.6253 13.875 25.3614 27.5125 37.3012
threshold=15.500000000000002 4.352647053893107 12.97916666666667 0.99524937937260227 17.812500000000004 63.112500000000004 22.500000000000004 15.687500000000002 5.3571428571428585 13.500000000000002 2.5000000000000004 13.500000000000002 4.9285714285714297 119.50000000000001
decision_type=2 2 2 2 2 2 2 2 2 2 2 2 2 2
left_child=1 2 4 5 -1 6 8 -8 -4 -3 -2 12 -12 -14
right_child=10 9 3 -5 -6 -7 7 -9 -10 -11 11 -13 13 -15
leaf_value=-0.0017144135978879702 0.00097480858896122297 0.049178617820143704 -0.030867724853257339 0.010472985516900003 0.027126077161501012 -0.0096463761112036209 -0.023074143191274162 -0.070459025906166067 0.016329256157109211 0.0057868588556785408 -0.0020353790236762367 0.023479244314935491 -0.034639530433255093 0.001069434873982152
leaf_weight=1943 15229 42 60 134 62 213 78 64 43 41 1950 86 161 134
leaf_count=1943 15229 42 60 134 62 213 78 64 43 41 1950 86 161 134
internal_value=2.48802e-07 -0.00278242 -0.00375805 -0.0136999 -0.000822588 -0.0207724 -0.0304452 -0.0444307 -0.0111641 0.0277441 0.000424939 -0.0031675 -0.00418826 -0.0184192
internal_weight=20240 2680 2597 592 2005 458 245 142 103 83 17560 2331 2245 295
internal_count=20240 2680 2597 592 2005 458 245 142 103 83 17560 2331 2245 295
is_linear=0
shrinkage=0.05


Tree=170
num_leaves=15
num_cat=0
split_feature=45 34 37 4 36 20 23 26 20 39 21 37 10 48
split_gain=9.57738 30.0296 28.2859 30.3488 24.6085 24.1744 21.3385 21.178 21.0747 21.9615 20.8544 11.8584 15.4956 11.6949
threshold=29.500000000000004 8.5000000000000018 86.062500000000014 0.52083333333333337 3.785714285714286 23.270833333333339 25.520833333333339 16.290178571428573 15.645833333333334 24.500000000000004 24.479166666666668 84.637500000000017 3.5000000000000004 0.8392857142857143
decision_type=2 2 2 2 2 2 2 2 2 2 2 2 2 2
left_child=13 2 6 4 7 -3 11 -4 -9 -10 -5 12 -2 -1
right_child=1 5 3 10 -6 -7 -8 8 9 -11 -12 -13 -14 -15
leaf_value=-0.0066776361534849997 0.0025502220468802588 0.057512305714190005 0.039123807991854852 -0.038633629375209033 0.044203945061448841 0.010669633327051998 0.015906509276945143 -0.028868022122021234 0.035244726083211358 0.0010391627978219851 0.0093873548728879552 -0.041151596648761862 -0.032344916087101432 7.01927331163168e-06
leaf_weight=678 72 45 50 52 58 71 50 42 62 193 40 52 57 18718
leaf_count=678 72 45 50 52 58 71 50 42 62 193 40 52 57 18718
internal_value=2.36392e-07 0.00521426 0.0014495 0.00816869 0.0140575 0.0288414 -0.0130069 0.00901863 0.00395042 0.00935581 -0.0177549 -0.0209941 -0.0128686 -0.000226647
internal_weight=20240 844 728 497 405 116 231 347 297 255 92 181 129 19396
internal_count=20240 844 728 497 405 116 231 347 297 255 92 181 129 19396
is_linear=0
shrinkage=0.05


Tree=171
num_leaves=15
num_cat=0
split_feature=31 29 29 6 30 14 41 4 4 31 20 42 6 31
split_gain=9.47503 18.4276 22.8613 15.378 14.5691 15.7143 14.473 10.4588 75.8737 39.9347 35.6341 31.8765 29.2901 28.2878
threshold=1.0000000180025095e-35 2.9460555820071201 3.8646108481761563 0.99945175438596501 0.29761904761904773 9.5000000000000018 66.500000000000014 0.77083333333333337 0.97916666666666685 15.500000000000002 36.062500000000007 156.07142857142858 0.93062431243124333 3.5000000000000004
decision_type=2 2 2 2 2 2 2 2 2 2 2 2 2 2
left_child=1 3 -3 4 -1 -6 -7 9 11 10 -2 12 -9 -14
right_child=7 2 -4 -5 5 6 -8 8 -10 -11 -12 -13 13 -15
leaf_value=-0.00091080710410407358 0.0012728458513557427 -0.050574306923005241 -0.0023993866183171226 0.012592361234226773 -0.041694486505070405 -0.021692137628021399 0.0016999688754965375 -0.0024392757638229089 0.00069502647748357358 0.049367935435175037 -0.042826136681453693 -0.043787407866295647 -0.036627251718011899 -0.00996606992592175
leaf_weight=820 11019 46 53 151 43 123 143 424 6836 43 46 85 172 236
leaf_count=820 11019 46 53 151 43 123 143 424 6836 43 46 85 172 236
internal_value=2.24545e-07 -0.00400065 -0.0247837 -0.00239322 -0.00439749 -0.0136502 -0.00911668 0.000292744 -0.00111658 0.00127641 0.00108952 -0.0146217 -0.011642 -0.0212056
internal_weight=20240 1379 99 1280 1129 309 266 18861 7753 11108 11065 917 832 408
internal_count=20240 1379 99 1280 1129 309 266 18861 7753 11108 11065 917 832 408
is_linear=0
shrinkage=0.05


Tree=172
num_leaves=15
num_cat=0
split_feature=3 10 10 45 45 6 44 25 29 24 29 1 39 30
split_gain=9.46755 10.333 16.7235 42.9207 40.2926 33.1037 30.8149 29.1448 29.0043 32.9805 31.4905 28.5941 31.4413 35.8746
threshold=1.9166666666666667 5.5000000000000009 3.5000000000000004 1.5000000000000002 8.5000000000000018 0.9980099482784569 1.5000000000000002 1.4788103191829709 4.9001211263694486 23.82440476190477 4.3800444907821889 31.562500000000004 53.500000000000007 0.36011904761904778
decision_type=2 2 2 2 2 2 2 2 2 2 2 2 2 2
left_child=1 2 4 -4 8 11 7 -6 10 -10 -1 -5 13 -13
right_child=-2 -3 3 5 6 -7 -8 -9 9 -11 -12 12 -14 -15
leaf_value=-0.0017254243085663883 -0.011749646737623742 0.0028619541255408411 0.0029136026774297399 -0.0053916153349937296 0.0053051803208439734 0.00259789989924172 0.0019287122969285858 0.021565442048706862 -0.0012350381443313524 -0.042521269661981775 0.02160497168141946 -0.016174544951120504 0.013597641558410575 -0.052743383682022499
leaf_weight=6363 170 2897 2192 1881 758 849 3569 433 102 92 148 634 77 75
leaf_count=6363 170 2897 2192 1881 758 849 3569 433 102 92 148 634 77 75
internal_value=2.13312e-07 9.97388e-05 -0.000366233 -0.00257757 0.000734712 -0.00600097 0.00425268 0.0112168 -0.00176275 -0.0208141 -0.00119511 -0.00873829 -0.0167473 -0.0200429
internal_weight=20240 20070 17173 5708 11465 3516 4760 1191 6705 194 6511 2667 786 709
internal_count=20240 20070 17173 5708 11465 3516 4760 1191 6705 194 6511 2667 786 709
is_linear=0
shrinkage=0.05


Tree=173
num_leaves=15
num_cat=1
split_feature=45 1 34 50 15 21 47 34 20 42 7 23 37 27
split_gain=9.39177 45.8434 31.8502 28.0587 30.8916 28.9202 36.3354 26.6994 33.9008 35.227 32.4826 35.3701 30.9002 30.1802
threshold=16.500000000000004 37.854166666666679 8.5000000000000018 0 -0.8783796973249266 26.812500000000004 0.87500000000000011 12.500000000000002 19.229166666666668 69.642857142857153 0.56260709126535757 24.270833333333339 96.125000000000014 5.1379845452418804
decision_type=2 2 2 1 2 2 2 2 2 2 2 2 2 2
left_child=1 -1 3 4 -2 -5 -7 8 9 -3 11 -10 13 -13
right_child=2 7 -4 5 -6 6 -8 -9 10 -11 -12 12 -14 -15
leaf_value=1.7742643511949755e-05 -0.015212574250915128 -0.024727727476185044 0.013594632546944119 -0.00056777217975470193 0.010140180180103466 0.023442490783302076 -0.024206495377955464 0.019023493034183048 0.00039316155488832273 0.02404650989270141 -0.062866707382799716 -0.056921836942758257 -0.00052694297829193289 -0.0097203817140931893
leaf_weight=16107 138 65 534 1601 929 47 269 56 138 86 49 115 58 48
leaf_count=16107 138 65 534 1601 929 47 269 56 138 86 49 115 58 48
internal_value=2.02657e-07 -0.000493815 0.0023484 0.000335837 0.00679749 -0.00327906 -0.0171195 -0.0138916 -0.017189 0.00305098 -0.0246798 -0.0194677 -0.0318695 -0.043022
internal_weight=20240 16722 3518 2984 1067 1917 316 615 559 151 408 359 221 163
internal_count=20240 16722 3518 2984 1067 1917 316 615 559 151 408 359 221 163
cat_boundaries=0 1
cat_threshold=35
is_linear=0
shrinkage=0.05


Tree=174
num_leaves=15
num_cat=0
split_feature=45 18 21 25 29 21 1 35 29 39 25 22 27 29
split_gain=9.03043 9.39504 15.9969 33.6478 33.2588 35.1282 29.9896 24.3897 38.8968 40.4813 18.1137 17.9817 19.4691 15.5266
threshold=41.500000000000007 -0.5 27.354166666666668 5.9444174996093997 4.2829232393001426 29.020833333333339 34.937500000000007 7.7857142857142865 5.2888113251039632 33.500000000000007 2.3320574740420348 28.145833333333339 4.8878627288419434 5.1612233359612976
decision_type=2 2 2 2 2 2 2 2 2 2 2 2 2 2
left_child=1 2 3 7 5 -4 -6 13 9 10 -9 -8 -13 -1
right_child=-2 -3 4 -5 6 -7 11 8 -10 -11 -12 12 -14 -15
leaf_value=-0.0017065471234232168 0.021661670961960533 0.00076393882469507702 -0.071685762653526455 -0.039908382201736627 -0.03232925782647373 -0.0066248273704110133 0.021191482657179385 -0.0088761211619438497 -0.024612239375710488 0.068023376136787855 0.03606864363886416 -0.026420989673828985 0.018464771388098596 0.0088285638655007295
leaf_weight=6385 48 12850 42 55 67 41 101 51 42 47 40 61 40 370
leaf_count=6385 48 12850 42 55 67 41 101 51 42 47 40 61 40 370
internal_value=1.92516e-07 -5.13007e-05 -0.00147814 -0.000954399 -0.0118785 -0.0395472 -0.0033413 -0.000645463 0.0175192 0.0303418 0.0108798 0.00627352 -0.00864445 -0.00112949
internal_weight=20240 20192 7342 6990 352 83 269 6935 180 138 91 202 101 6755
internal_count=20240 20192 7342 6990 352 83 269 6935 180 138 91 202 101 6755
is_linear=0
shrinkage=0.05


Tree=175
num_leaves=15
num_cat=0
split_feature=37 29 30 33 27 20 27 25 34 8 35 35 6 4
split_gain=9.03055 21.3239 18.0306 17.0848 18.1665 20.9467 16.4061 22.4698 11.7391 11.0382 12.2714 17.5187 10.9352 13.2001
threshold=100.06250000000001 2.1174997591770199 0.58035714285714302 1.5000000000000002 4.0464679393793643 20.437500000000004 4.2017683437988742 3.2006194571615181 5.5000000000000009 0.10947712418300655 3.9285714285714293 6.3571428571428585 0.75546274197825525 0.64583333333333337
decision_type=2 2 2 2 2 2 2 2 2 2 2 2 2 2
left_child=9 12 3 4 5 -3 7 -5 -4 -1 -11 -12 -2 -14
right_child=1 2 8 6 -6 -7 -8 -9 -10 10 11 -13 13 -15
leaf_value=-0.00015414691976918591 -0.019720567116536289 0.024806510932116867 0.0050176670149914499 0.010831169902403999 0.00063579052567799051 0.067216142993420366 0.029201557959752617 -0.03315844997054055 -0.02360147647559643 0.0030064770610131806 -0.047647543911718659 -0.0021702971775084735 0.01998475506502603 -0.0036334804211737384
leaf_weight=18934 83 107 193 94 47 40 57 42 44 62 45 40 70 382
leaf_count=18934 83 107 193 94 47 40 57 42 44 62 45 40 70 382
internal_value=1.829e-07 0.00428548 0.0105653 0.0172165 0.027695 0.0363465 0.00668375 -0.00275386 -0.000295592 -0.00026011 -0.0139085 -0.0262465 -0.003039 2.42109e-05
internal_weight=20240 1159 624 387 194 147 193 136 237 19081 147 85 535 452
internal_count=20240 1159 624 387 194 147 193 136 237 19081 147 85 535 452
is_linear=0
shrinkage=0.05


Tree=176
num_leaves=15
num_cat=0
split_feature=34 31 1 29 39 25 23 24 27 28 45 31 7 7
split_gain=8.9097 28.3117 26.611 30.7086 33.4048 31.4719 31.8073 26.8874 26.5073 41.7089 25.1121 25.0875 34.4552 30.4968
threshold=4.5000000000000009 9.5000000000000018 27.687500000000004 5.0534938663273001 44.500000000000007 4.5657218216081352 22.520833333333339 22.017857142857146 3.1986535403596168 24.207638888888891 26.500000000000004 6.5000000000000009 0.47600627413859548 0.3826112039637225
decision_type=2 2 2 2 2 2 2 2 2 2 2 2 2 2
left_child=1 2 7 4 5 8 -7 -1 9 -4 -10 13 -13 -5
right_child=-2 -3 3 11 -6 6 -8 -9 10 -11 -12 12 -14 -15
leaf_value=-0.00064139846895134081 0.0012441218707116199 0.013691861911982774 -0.016164955880415718 -0.01903518411715209 0.005723762020008058 -0.073502443692026048 -0.013132063082884999 0.030235653800863616 -0.014447259958699974 -0.066241604862910405 0.013266514962286516 0.0074593603976216977 -0.054102816249289344 0.017538690051834029
leaf_weight=10104 8412 324 193 73 186 48 40 71 266 53 118 51 41 260
leaf_count=10104 8412 324 193 73 186 48 40 71 266 53 118 51 41 260
internal_value=1.73745e-07 -0.000884514 -0.00129505 -0.00794902 -0.0131603 -0.0180523 -0.0460614 -0.000425942 -0.0141399 -0.0269538 -0.00593105 0.00313577 -0.019976 0.00952099
internal_weight=20240 11828 11504 1329 904 718 88 10175 630 246 384 425 92 333
internal_count=20240 11828 11504 1329 904 718 88 10175 630 246 384 425 92 333
is_linear=0
shrinkage=0.05


Tree=177
num_leaves=15
num_cat=0
split_feature=38 45 41 20 24 0 20 10 25 37 43 29 9 12
split_gain=8.73858 21.9227 14.7002 17.1605 18.4276 12.0231 16.5062 10.186 16.9592 33.0973 30.8202 22.4132 25.1806 19.6047
threshold=42.500000000000007 6.5000000000000009 72.500000000000014 11.60416666666667 11.514880952380954 9.8958333333333339 6.979166666666667 5.5000000000000009 4.1617381555335022 86.312500000000014 16.642857142857149 1.8939864442634562 0.99885651629072703 8.5000000000000018
decision_type=2 2 2 2 2 2 2 2 2 2 2 2 2 2
left_child=1 2 3 5 -5 6 -1 -2 11 -10 -11 -9 13 -13
right_child=7 -3 -4 4 -6 -7 -8 8 9 10 -12 12 -14 -15
leaf_value=-0.0026417716458860424 -0.00025161989126934827 0.0050886353412504075 0.0071505097475730714 -0.058075002474444248 -0.016292923854165513 0.012829974056400646 -0.027400550289967823 -0.00050659834706603187 -0.031054281775775079 -0.019824535591231492 0.038109619156845541 0.002617427724044585 0.030676493322781967 0.017260244232154668
leaf_weight=155 16576 335 90 42 71 52 119 1321 101 44 48 855 119 312
leaf_count=155 16576 335 90 42 71 52 119 1321 101 44 48 855 119 312
internal_value=1.65077e-07 -0.00491978 -0.0112578 -0.0150317 -0.0318225 -0.0092116 -0.0133947 0.000219552 0.00300889 -0.0112927 0.010402 0.00406766 0.00876641 0.00653222
internal_weight=20240 864 529 439 113 326 274 19376 2800 193 92 2607 1286 1167
internal_count=20240 864 529 439 113 326 274 19376 2800 193 92 2607 1286 1167
is_linear=0
shrinkage=0.05


Tree=178
num_leaves=15
num_cat=0
split_feature=35 20 9 33 0 43 27 36 0 23 32 32 25 33
split_gain=8.68503 10.6535 33.6709 33.9852 30.797 23.9713 23.6696 22.8027 21.2773 34.6049 25.8883 46.1948 34.0526 21.1946
threshold=12.642857142857144 31.770833333333339 0.99885651629072703 1.5000000000000002 30.520833333333339 23.071428571428573 5.7741237810269013 3.0714285714285716 35.270833333333336 34.937500000000007 7.5000000000000009 3.5000000000000004 2.7624402954898395 3.5000000000000004
decision_type=2 2 2 2 2 2 2 2 2 2 2 2 2 2
left_child=1 4 6 5 13 -4 8 -6 10 -10 11 -3 -13 -1
right_child=-2 2 3 -5 7 -7 -8 -9 9 -11 -12 12 -14 -15
leaf_value=0.00028052771059043277 0.011389884093125191 -0.016751994191421361 -0.076663500852882871 -0.0015576423341242065 0.040146424071480558 -0.02225883164238639 -0.032218934014403761 0.0082333723058885273 0.03743158882904437 -0.014148297466337681 -0.01794669772389848 0.069006076401735589 0.0041626417520456019 -0.0068057535974469612
leaf_weight=17973 166 79 40 70 73 41 52 240 93 50 161 41 40 1121
leaf_count=17973 166 79 40 70 73 41 52 240 93 50 161 41 40 1121
internal_value=1.56817e-07 -9.40294e-05 -0.00630723 -0.0270741 0.000119512 -0.0491253 -0.000230102 0.0156764 0.00335485 0.0193967 -0.0037915 0.0104522 0.0369846 -0.000135505
internal_weight=20240 20074 667 151 19407 81 516 313 464 143 321 160 81 19094
internal_count=20240 20074 667 151 19407 81 516 313 464 143 321 160 81 19094
is_linear=0
shrinkage=0.05


Tree=179
num_leaves=15
num_cat=0
split_feature=45 15 44 45 1 16 1 6 1 24 31 26 27 34
split_gain=8.52845 36.1842 34.7031 57.9211 40.7887 34.1453 37.9046 32.2591 28.1788 33.0652 26.6978 28.4208 26.0322 24.9801
threshold=10.500000000000002 1.0000000180025095e-35 2.5000000000000004 24.500000000000004 57.770833333333336 1.0000000180025095e-35 31.562500000000004 0.95436885146961214 37.979166666666679 18.8125 6.5000000000000009 23.566964285714292 4.3019365669452281 5.5000000000000009
decision_type=2 2 2 2 2 2 2 2 2 2 2 2 2 2
left_child=8 5 3 12 -4 6 13 10 -1 -10 -8 -12 -3 -2
right_child=1 2 4 -5 -6 -7 7 -9 9 -11 11 -13 -14 -15
leaf_value=-0.00049602420591244819 -0.005385032534937044 0.0069413320231907286 -3.1870600432349299e-05 0.055998525023460394 0.03484432315873081 0.0029570879595349781 -0.012556496748329133 0.013684471095993378 -0.060804581671680624 -0.0074084317005907348 -0.014957139955743427 -0.053641668033123639 0.033788057112383967 0.010607322039563329
leaf_weight=13284 860 852 1771 73 88 1975 479 86 41 99 93 97 101 341
leaf_count=13284 860 852 1771 73 88 1975 479 86 41 99 93 97 101 341
internal_value=1.4895e-07 0.00144053 0.00569302 0.0130746 0.00161907 -0.00168042 -0.00636298 -0.0151417 -0.000731198 -0.0230459 -0.0188473 -0.0347066 0.00978658 -0.000844322
internal_weight=20240 6816 2885 1026 1859 3931 1956 755 13424 140 669 190 953 1201
internal_count=20240 6816 2885 1026 1859 3931 1956 755 13424 140 669 190 953 1201
is_linear=0
shrinkage=0.05


Tree=180
num_leaves=15
num_cat=1
split_feature=37 23 20 50 39 42 0 20 0 1 40 42 37 34
split_gain=8.38228 10.245 8.70903 54.3318 45.8284 35.4783 29.5153 29.5634 25.383 19.2953 16.3005 15.3174 15.0821 19.329
threshold=112.58750000000002 13.10416666666667 8.5208333333333339 0 20.500000000000004 63.642857142857146 8.5208333333333339 17.020833333333339 7.9375000000000009 17.187500000000004 6.5000000000000009 51.142857142857146 55.712500000000013 3.5000000000000004
decision_type=2 2 2 1 2 2 2 2 2 2 2 2 2 2
left_child=2 -2 3 4 8 6 10 -8 11 -5 -4 -1 -7 -14
right_child=1 -3 5 9 -6 12 7 -9 -10 -11 -12 -13 13 -15
leaf_value=0.0099850402791695353 -0.0034259057011998572 0.023905914726201447 -0.046527196887429012 0.00073538215996742518 0.052327898040206905 -0.004941936484651595 -0.0040533178991503573 -0.047656858530826872 -0.005904681881163585 -0.026710919926945981 -0.01535343589483882 0.047549401017307653 -0.0020593492393615495 0.0020992610901449929
leaf_weight=58 60 80 66 4318 90 1312 1380 40 118 65 115 51 4221 8266
leaf_count=58 60 80 66 4318 90 1312 1380 40 118 65 115 51 4221 8266
internal_value=1.41529e-07 0.0121923 -8.47788e-05 0.00179917 0.0214584 -0.000659749 -0.00770537 -0.00528159 0.0101648 0.000327605 -0.0267207 0.027561 0.000157704 0.00069352
internal_weight=20240 140 20100 4700 317 15400 1601 1420 227 4383 181 109 13799 12487
internal_count=20240 140 20100 4700 317 15400 1601 1420 227 4383 181 109 13799 12487
cat_boundaries=0 1
cat_threshold=13
is_linear=0
shrinkage=0.05


Tree=181
num_leaves=15
num_cat=0
split_feature=45 15 37 40 22 27 40 20 10 39 30 12 32 44
split_gain=8.2215 23.7262 29.7847 34.1777 25.1736 25.1549 24.5634 24.4116 21.5059 16.8506 15.4908 23.319 14.6134 12.215
threshold=30.500000000000004 1.0000000180025095e-35 86.062500000000014 15.500000000000002 14.770833333333334 2.8637384281844049 11.500000000000002 24.770833333333339 5.5000000000000009 33.500000000000007 0.053571428571428541 5.5000000000000009 3.5000000000000004 3.5000000000000004
decision_type=2 2 2 2 2 2 2 2 2 2 2 2 2 2
left_child=13 2 3 -2 -4 -3 -7 8 12 -9 11 -8 -6 -1
right_child=1 5 4 -5 7 6 10 9 -10 -11 -12 -13 -14 -15
leaf_value=0.00025111475689352256 -0.055750902438042121 -0.014317793829197234 -0.03088780887788389 -7.3096809524392323e-05 -0.0019915735969940822 -0.003605839527315564 0.07060957325690348 -0.025732416045247467 0.054008519441582442 0.012885153283631164 0.014522295420257642 0.023496308141329792 0.034390777993299392 -0.0037143382279606336
leaf_weight=17335 49 55 41 63 69 63 48 57 43 56 70 58 46 2187
leaf_count=17335 49 55 41 63 69 63 48 57 43 56 70 58 46 2187
internal_value=1.3444e-07 0.00525474 -0.00231381 -0.0244321 0.0056261 0.0161699 0.0231859 0.0111503 0.0238413 -0.00659451 0.0327762 0.0448306 0.0125614 -0.000193125
internal_weight=20240 718 424 112 312 294 239 271 158 113 176 106 115 19522
internal_count=20240 718 424 112 312 294 239 271 158 113 176 106 115 19522
is_linear=0
shrinkage=0.05


Tree=182
num_leaves=15
num_cat=1
split_feature=50 45 20 6 42 5 20 4 5 9 26 20 17 41
split_gain=8.22653 35.8221 33.8359 39.5712 48.2417 47.0769 43.6104 37.4698 52.8193 37.0186 33.2995 31.6063 37.6026 72.4606
threshold=0 19.500000000000004 12.770833333333334 0.80419057773317881 84.071428571428584 0.14583333333333334 15.562500000000002 0.97916666666666685 0.77083333333333337 0.9955748746867169 20.584821428571434 25.354166666666668 0.68301270189221941 126.50000000000001
decision_type=1 2 2 2 2 2 2 2 2 2 2 2 2 2
left_child=1 2 -1 4 6 -5 -4 8 9 -7 -3 -6 13 -13
right_child=-2 10 3 5 11 7 -8 -9 -10 -11 -12 12 -14 -15
leaf_value=0.0071478321394040038 -0.00078050832042866696 0.043071796411746431 -0.0061792094214349102 0.021663500410592503 0.0034012343517984232 0.0044472303211571494 -0.033376690590246505 0.0027325029278241035 -0.044800418361704404 -0.01852741386954632 0.0081485897228695155 -0.0045450361585244537 0.003605966434405453 -0.066448600086359652
leaf_weight=1385 12650 76 303 265 835 428 287 2591 94 297 670 120 161 78
leaf_count=1385 12650 76 303 265 835 428 287 2591 94 297 670 120 161 78
internal_value=1.27733e-07 0.0013005 0.000168149 -0.00160266 -0.00771256 0.00136334 -0.0194092 -0.000214238 -0.00953659 -0.00496445 0.0117064 -0.00193283 -0.0143394 -0.0289313
internal_weight=20240 7590 6844 5459 1784 3675 590 3410 819 725 746 1194 359 198
internal_count=20240 7590 6844 5459 1784 3675 590 3410 819 725 746 1194 359 198
cat_boundaries=0 1
cat_threshold=41
is_linear=0
shrinkage=0.05


Tree=183
num_leaves=15
num_cat=0
split_feature=29 41 43 7 41 36 48 29 45 31 0 7 0 27
split_gain=8.18229 54.1314 24.4791 34.259 22.1258 28.191 35.4687 19.5244 52.2185 38.408 39.3305 24.7873 32.0807 34.3661
threshold=5.9402150625030243 151.50000000000003 17.357142857142858 0.56905830213609343 73.500000000000014 2.6428571428571437 0.94642857142857151 5.1612233359612976 11.500000000000002 7.5000000000000009 26.604166666666668 0.49521095552727717 21.729166666666668 5.7741237810269013
decision_type=2 2 2 2 2 2 2 2 2 2 2 2 2 2
left_child=7 2 3 4 -2 -6 -7 -1 -9 11 -11 12 -10 -14
right_child=1 -3 -4 -5 5 6 -8 8 9 10 -12 -13 13 -15
leaf_value=-0.00017739763940180034 -0.051645823137369012 -0.059404129526493224 0.024974711715067561 0.020689447826514832 0.017739136684043654 -0.060409980925709705 -0.00048540776980848148 -0.0104045333973939 -0.030074391956441106 0.065820123606185985 0.01576490181774556 0.027377372046344373 0.022199807026760377 -0.027985382240084518
leaf_weight=19055 40 44 74 78 58 43 58 262 68 69 91 114 141 45
leaf_count=19055 40 44 74 78 58 43 58 262 68 69 91 114 141 45
internal_value=1.02038e-07 -0.00712563 -0.000572194 -0.007397 -0.0184058 -0.0100435 -0.0259978 0.000141934 0.0078443 0.0168996 0.0373512 0.00800759 -0.000685937 0.0100582
internal_weight=20240 395 351 277 199 159 101 19845 790 528 160 368 254 186
internal_count=20240 395 351 277 199 159 101 19845 790 528 160 368 254 186
is_linear=0
shrinkage=0.05


Tree=184
num_leaves=15
num_cat=0
split_feature=41 40 20 6 28 42 9 25 35 20 22 6 25 41
split_gain=8.06847 13.4771 9.71199 35.0542 16.5834 24.1753 31.6131 21.4422 18.6449 16.1181 27.4591 23.9698 37.3337 30.0266
threshold=234.50000000000003 21.500000000000004 37.562500000000007 0.99945175438596501 32.813194444444449 158.14285714285717 0.99438520871143388 1.6295850049012157 12.928571428571431 25.604166666666668 34.145833333333336 0.99945175438596501 0.75239366249814843 151.50000000000003
decision_type=2 2 2 2 2 2 2 2 2 2 2 2 2 2
left_child=2 -2 4 -4 9 6 -6 8 -7 10 -1 12 -11 -14
right_child=1 -3 3 -5 5 7 -8 -9 -10 11 -12 -13 13 -15
leaf_value=0.00010836837265203002 0.036318154167383911 0.002805559868963125 -0.042402025929617664 0.019353696929756553 -0.04435736491095002 -0.018980597635208256 0.015426809732646993 0.029544272569146865 0.021460897934606725 -0.052532009378244926 0.031485548477087705 0.010489627204274937 -0.0016784333253800649 -0.018575648677747386
leaf_weight=17854 40 120 54 40 41 57 48 162 57 44 70 221 1085 347
leaf_count=17854 40 120 54 40 41 57 48 162 57 44 70 221 1085 347
internal_value=9.69504e-08 0.0111837 -8.90155e-05 -0.016123 -1.3603e-05 0.0105463 -0.0121142 0.0178534 0.00124015 -0.000210043 0.000230908 -0.00486744 -0.00716684 -0.00577294
internal_weight=20240 160 20080 94 19986 365 89 276 114 19621 17924 1697 1476 1432
internal_count=20240 160 20080 94 19986 365 89 276 114 19621 17924 1697 1476 1432
is_linear=0
shrinkage=0.05


Tree=185
num_leaves=15
num_cat=0
split_feature=45 33 0 22 20 46 29 29 22 27 37 13 22 13
split_gain=8.01008 8.13254 24.4651 29.1084 22.4804 22.2333 23.5217 37.1367 28.2643 25.1425 50.823 22.4275 21.7524 21.6711
threshold=41.500000000000007 2.5000000000000004 31.062500000000004 33.770833333333336 31.062500000000004 0.62500000000000011 6.3664801222070793 5.1612233359612976 17.937500000000004 4.5889887682900694 93.012500000000017 105.50000000000001 22.187500000000004 85.500000000000014
decision_type=2 2 2 2 2 2 2 2 2 2 2 2 2 2
left_child=1 -1 5 4 -4 11 7 9 -9 -7 -11 -3 -10 -5
right_child=-2 2 3 13 -6 6 -8 8 12 10 -12 -13 -14 -15
leaf_value=0.00033017429596106059 0.020401130998895192 -0.048647453104230493 0.044481307396691455 0.013211909141391516 0.0089307912059681995 -0.0030389829856747128 -0.039759362571287989 0.051404638152490273 -0.023632321271690584 -0.044468693777617779 0.02173078009040981 -0.0073776205791523915 0.017718725816439126 -0.037919160431294251
leaf_weight=17676 48 55 71 40 119 1703 43 47 42 99 41 82 131 43
leaf_count=17676 48 55 71 40 119 1703 43 47 42 99 41 82 131 43
internal_value=9.20972e-08 -4.84048e-05 -0.00270809 0.0114245 0.0222155 -0.00442819 -0.00315853 -0.00239564 0.017021 -0.00471342 -0.0250817 -0.0239458 0.00767974 -0.0132777
internal_weight=20240 20192 2516 273 190 2243 2106 2063 220 1843 140 137 173 83
internal_count=20240 20192 2516 273 190 2243 2106 2063 220 1843 140 137 173 83
is_linear=0
shrinkage=0.05


Tree=186
num_leaves=15
num_cat=0
split_feature=31 28 36 38 22 27 5 4 20 31 5 20 9 32
split_gain=7.99577 16.2587 18.9796 14.7399 16.9254 12.6711 11.2271 49.8953 39.5291 38.4276 35.8201 33.7864 38.9981 32.1057
threshold=1.0000000180025095e-35 13.929861111111114 2.785714285714286 38.500000000000007 9.3125000000000018 2.7467521929529086 0.64583333333333337 0.97916666666666685 12.937500000000002 15.500000000000002 0.77083333333333337 32.895833333333336 0.99010547201336696 6.5000000000000009
decision_type=2 2 2 2 2 2 2 2 2 2 2 2 2 2
left_child=1 3 5 4 -1 -3 9 8 -8 11 -10 13 -13 -2
right_child=6 2 -4 -5 -6 -7 7 -9 10 -11 -12 12 -14 -15
leaf_value=-0.0049469602784436 0.00048283433812133921 -0.025106056602021982 -0.043387164811621304 -8.0037630925856014e-05 -0.045129031632095577 0.012647556133932716 -0.003549794959138341 0.00010556484660091961 -0.013303816431397672 0.044987882073968651 -0.047839764565741648 0.025397295978050245 -0.027257098345245218 0.008856135868697974
leaf_weight=76 9870 43 53 1121 40 46 414 6683 188 50 125 43 193 1295
leaf_count=76 9870 43 53 1121 40 46 414 6683 188 50 125 43 193 1295
internal_value=8.74702e-08 -0.00367523 -0.0196992 -0.00183577 -0.0188028 -0.00559295 0.000268804 -0.00124767 -0.0136873 0.00125012 -0.0270961 0.0010583 -0.0176633 0.00145403
internal_weight=20240 1379 142 1237 116 89 18861 7410 727 11451 313 11401 236 11165
internal_count=20240 1379 142 1237 116 89 18861 7410 727 11451 313 11401 236 11165
is_linear=0
shrinkage=0.05


Tree=187
num_leaves=15
num_cat=0
split_feature=3 35 0 45 20 21 37 26 40 31 44 0 22 29
split_gain=7.89838 9.50664 13.1998 8.20589 28.0025 32.5655 28.6038 24.6459 17.2558 12.6209 10.7271 29.2817 26.0836 43.7946
threshold=1.9166666666666667 3.9285714285714293 16.854166666666668 33.500000000000007 23.979166666666668 15.47916666666667 87.512500000000017 19.778273809523814 14.500000000000002 4.5000000000000009 3.5000000000000004 31.062500000000004 18.020833333333339 5.0534938663273001
decision_type=2 2 2 2 2 2 2 2 2 2 2 2 2 2
left_child=3 -2 -3 10 5 -5 9 -8 -6 -7 -1 12 13 -12
right_child=1 2 -4 4 8 6 7 -9 -10 -11 11 -13 -14 -15
leaf_value=0.00037601934615342429 0.0099094413797415435 -0.038583577194429459 -0.0052741263941344296 -0.015732189463008018 -0.035182836290229773 0.029390542020666457 0.021149620389634815 0.07039044966319731 0.003803360346137197 -0.0052792610933205912 -0.0023290427042386283 0.014387187677153787 -0.01055029952863982 0.036606375266535159
leaf_weight=17349 42 47 81 63 51 42 54 48 64 70 975 214 1062 78
leaf_count=17349 42 47 81 63 51 42 54 48 64 70 975 214 1062 78
internal_value=8.31302e-08 -0.010732 -0.0175049 9.09875e-05 0.00725418 0.0158648 0.0251667 0.0443218 -0.0134862 0.00772192 -5.17085e-05 -0.0032379 -0.00502125 0.000555062
internal_weight=20240 170 128 20070 392 277 214 102 115 112 19678 2329 2115 1053
internal_count=20240 170 128 20070 392 277 214 102 115 112 19678 2329 2115 1053
is_linear=0
shrinkage=0.05


Tree=188
num_leaves=15
num_cat=1
split_feature=45 15 21 41 44 45 1 50 1 24 20 13 25 22
split_gain=7.87878 32.1346 30.7772 36.0539 30.4984 51.0625 34.4522 27.1274 24.1941 29.6135 23.7252 23.5324 32.4079 22.2838
threshold=10.500000000000002 1.0000000180025095e-35 26.812500000000004 141.50000000000003 2.5000000000000004 22.500000000000004 57.770833333333336 0 37.979166666666679 18.8125 27.729166666666668 150.50000000000003 4.0267684567904753 24.937500000000004
decision_type=2 2 2 2 2 2 2 1 2 2 2 2 2 2
left_child=8 2 -2 11 5 -3 -6 -5 -1 -10 -9 -4 -13 -8
right_child=1 4 3 7 6 -7 13 10 9 -11 -12 12 -14 -15
leaf_value=-0.00048494742593807328 0.00042525962949604225 0.0086666691873421384 -0.031392174048998737 0.01840619197048779 5.5505841526852703e-05 0.046444531564360882 0.0045462315902113914 -0.037172628421399553 -0.057113269416660797 -0.0065809507948355848 0.0057307550316335453 0.0088477586379407773 -0.037464119827276786 0.055076946939031285
leaf_weight=13284 3274 927 228 130 1771 99 40 59 41 99 71 112 57 48
leaf_count=13284 3274 927 228 130 1771 99 40 59 41 99 71 112 57 48
internal_value=7.89837e-08 0.00138451 -0.00155662 -0.0114328 0.00539198 0.0123119 0.0015728 0.00304064 -0.000702861 -0.0213797 -0.0127593 -0.0209116 -0.00677222 0.0321084
internal_weight=20240 6816 3931 657 2885 1026 1859 260 13424 140 130 397 169 88
internal_count=20240 6816 3931 657 2885 1026 1859 260 13424 140 130 397 169 88
cat_boundaries=0 1
cat_threshold=96
is_linear=0
shrinkage=0.05


Tree=189
num_leaves=15
num_cat=0
split_feature=42 20 4 32 5 23 42 24 26 47 25 39 37 9
split_gain=7.80891 25.7664 30.3246 44.8141 31.501 30.0408 29.3287 27.4259 25.68 23.9115 27.0472 22.424 22.9748 21.6789
threshold=102.35714285714288 13.60416666666667 0.97916666666666685 7.5000000000000009 0.77083333333333337 12.97916666666667 64.785714285714292 19.059523809523814 18.784226190476193 0.37500000000000006 2.6365878642237894 19.500000000000004 56.01250000000001 0.99747242647058831
decision_type=2 2 2 2 2 2 2 2 2 2 2 2 2 2
left_child=1 5 3 4 6 -1 -3 -5 11 -8 -11 12 -7 -14
right_child=-2 2 -4 7 -6 8 9 -9 -10 10 -12 -13 13 -15
leaf_value=-0.00039906579940569403 0.0011974408577243095 -0.025929874250949881 0.0015579008618869055 0.0010498540729649117 -0.048877276765296657 -0.01750077969657305 0.031698174157063476 0.039024165088899047 -0.022937092559051613 -0.0023665428092985992 -0.013830436249427876 0.016144241827849081 0.019305158479425013 -0.0068168323704578581
leaf_weight=6807 8144 216 1541 127 49 117 40 76 62 1189 907 639 189 137
leaf_count=6807 8144 216 1541 127 49 117 40 76 62 1189 907 639 189 137
internal_value=5.29726e-07 -0.000805327 -0.00400146 -0.00729139 -0.00919864 0.000860874 -0.008372 0.0152668 0.00835773 -0.00659649 -0.0073273 0.010151 0.00150604 0.00832751
internal_weight=20240 12096 4145 2604 2401 7951 2352 203 1144 2136 2096 1082 443 326
internal_count=20240 12096 4145 2604 2401 7951 2352 203 1144 2136 2096 1082 443 326
is_linear=0
shrinkage=0.05


Tree=190
num_leaves=15
num_cat=0
split_feature=37 0 43 32 20 32 34 27 9 29 17 48 43 13
split_gain=7.68146 17.881 35.2645 29.6491 17.4611 21.3559 20.1082 25.2428 23.2146 26.3898 22.4011 29.1788 38.6778 25.8117
threshold=55.712500000000013 25.604166666666668 23.214285714285719 11.500000000000002 5.1458333333333348 2.5000000000000004 3.5000000000000004 3.9986082340844189 0.98128591954023003 4.0258825868576045 -0.24999999999999994 0.91071428571428592 15.214285714285717 223.50000000000003
decision_type=2 2 2 2 2 2 2 2 2 2 2 2 2 2
left_child=1 3 -3 -1 5 -2 7 -6 9 -8 13 12 -12 -9
right_child=4 2 -4 -5 6 -7 8 10 -10 -11 11 -13 -14 -15
leaf_value=-0.0018444959562773193 0.0045417897716838037 -0.042825915558729326 0.0077013175723550376 0.034169832113648539 -0.0010096990149959222 0.031098807288799435 0.009506768559200322 -0.05766234347689897 0.0013157557177399051 0.053800539706447506 0.055360048189759259 -0.015028131789666541 -0.007129745767093622 -0.014796953132944341
leaf_weight=3890 358 75 64 58 5999 96 187 50 8964 41 40 235 65 118
leaf_count=3890 358 75 64 58 5999 96 187 50 8964 41 40 235 65 118
internal_value=5.03233e-07 -0.00193597 -0.0195616 -0.00131541 0.000490465 0.0101574 0.000210908 -0.00191593 0.0017165 0.0174719 -0.0126177 -0.00523718 0.0166759 -0.0275545
internal_weight=20240 4087 139 3948 16153 454 15699 6507 9192 228 508 340 105 168
internal_count=20240 4087 139 3948 16153 454 15699 6507 9192 228 508 340 105 168
is_linear=0
shrinkage=0.05


Tree=191
num_leaves=15
num_cat=0
split_feature=45 15 16 1 39 44 27 1 13 31 5 26 34 1
split_gain=7.56145 28.8758 29.7399 32.0512 27.8984 27.3556 47.2103 31.5263 31.2927 27.0072 28.2328 34.6684 22.1452 21.4318
threshold=10.500000000000002 1.0000000180025095e-35 1.0000000180025095e-35 31.562500000000004 53.500000000000007 2.5000000000000004 3.6072209225176048 57.770833333333336 167.50000000000003 6.5000000000000009 0.52083333333333337 23.566964285714292 5.5000000000000009 37.979166666666679
decision_type=2 2 2 2 2 2 2 2 2 2 2 2 2 2
left_child=13 2 3 12 9 6 -3 -7 -8 -5 11 -11 -2 -1
right_child=1 5 -4 4 -6 7 8 -9 -10 10 -12 -13 -14 -15
leaf_value=-0.00048306374515172054 -0.0050019319793838894 0.0064480251759814929 0.0028967568851046596 -0.010935236122352681 0.013474583015384446 8.7088492358727089e-05 0.052523861520995321 0.030748752662277019 0.012828543578323566 -0.020723505986388776 0.0036108199188985475 -0.068905887304406083 0.010055644204225556 -0.020148855340001839
leaf_weight=13284 860 827 1975 481 83 1771 104 88 95 80 41 70 341 140
leaf_count=13284 860 827 1975 481 83 1771 104 88 95 80 41 70 341 140
internal_value=4.7808e-07 0.00135674 -0.00143126 -0.00580133 -0.0138738 0.00515558 0.0117093 0.00153853 0.0335738 -0.0172516 -0.0331584 -0.0432086 -0.000726633 -0.00068816
internal_weight=20240 6816 3931 1956 755 2885 1026 1859 199 672 191 150 1201 13424
internal_count=20240 6816 3931 1956 755 2885 1026 1859 199 672 191 150 1201 13424
is_linear=0
shrinkage=0.05


Tree=192
num_leaves=15
num_cat=0
split_feature=36 7 17 40 38 35 45 29 31 30 6 9 6 21
split_gain=7.47455 40.7299 38.8986 34.6363 32.1269 28.5748 50.9709 19.9311 26.963 22.5634 19.6511 18.9237 21.5805 26.2517
threshold=7.6428571428571432 0.31380480735704336 -0.6830127018922193 17.500000000000004 124.50000000000001 9.2142857142857171 14.500000000000002 5.4745539574070348 7.5000000000000009 0.24404761904761912 0.83356748886369403 0.99283661740558304 0.96869555749128933 33.354166666666679
decision_type=2 2 2 2 2 2 2 2 2 2 2 2 2 2
left_child=5 2 3 -2 -3 -1 -7 8 9 -4 -11 12 13 -10
right_child=1 4 7 -5 -6 6 -8 -9 11 10 -12 -13 -14 -15
leaf_value=-0.00013579107059602061 -0.00063041119657932443 0.0062669568867595102 0.047384481231107362 -0.062358292166820983 0.061329860763194466 -0.067670998990882275 0.0080494472352058994 -0.027610521340742707 0.0071098173751610594 -0.019978667479818284 0.014848232053489506 -0.0074440421297420987 -0.00078395191718764762 0.056003658405759119
leaf_weight=18659 47 54 47 44 52 43 46 50 73 46 339 461 235 44
leaf_count=18659 47 54 47 44 52 43 46 50 73 46 339 461 235 44
internal_value=4.54165e-07 0.0034065 0.00112188 -0.0304769 0.0332789 -0.000270605 -0.0285346 0.00334233 0.00458542 0.0146796 0.0106871 -0.000778296 0.00795156 0.0254972
internal_weight=20240 1492 1386 91 106 18748 89 1295 1245 432 385 813 352 117
internal_count=20240 1492 1386 91 106 18748 89 1295 1245 432 385 813 352 117
is_linear=0
shrinkage=0.05


Tree=193
num_leaves=15
num_cat=1
split_feature=39 50 45 20 7 5 42 20 4 5 26 1 31 45
split_gain=7.44233 7.84695 30.3157 30.1897 32.9695 43.6297 42.3287 37.4525 28.9101 41.3388 28.8816 31.0864 27.9616 27.0444
threshold=6.5000000000000009 0 19.500000000000004 12.770833333333334 0.19233302928955101 0.14583333333333334 84.071428571428584 15.562500000000002 0.97916666666666685 0.77083333333333337 20.584821428571434 41.812500000000007 4.5000000000000009 13.500000000000002
decision_type=2 1 2 2 2 2 2 2 2 2 2 2 2 2
left_child=-1 2 3 13 5 -5 7 -6 9 -7 -4 -12 -10 -2
right_child=1 -3 10 4 6 8 -8 -9 12 -11 11 -13 -14 -15
leaf_value=-0.018201980924433366 0.005635910575010129 -0.00071258799464238396 0.040104917418456787 0.021638272555077429 -0.0056174606597659731 -0.0042762781310543381 -0.0015424148033921345 -0.030694358572203279 0.009939357008651728 -0.039540630569458605 0.019186912096009756 -0.002413419653635679 -0.0011527643362453932 0.045481120557947591
leaf_weight=56 1325 12615 76 247 306 717 1211 290 842 94 310 360 1747 44
leaf_count=56 1325 12615 76 247 306 717 1211 290 842 94 310 360 1747 44
internal_value=4.31448e-07 5.09336e-05 0.00132266 0.000278086 -0.00138822 0.00134818 -0.006911 -0.0178193 -0.000125839 -0.00836364 0.0108942 0.00758076 0.00245464 0.00691655
internal_weight=20240 20184 7569 6823 5454 3647 1807 596 3400 811 746 670 2589 1369
internal_count=20240 20184 7569 6823 5454 3647 1807 596 3400 811 746 670 2589 1369
cat_boundaries=0 1
cat_threshold=41
is_linear=0
shrinkage=0.05


Tree=194
num_leaves=15
num_cat=0
split_feature=3 31 45 15 32 24 28 6 27 10 27 40 5 38
split_gain=7.41584 8.89073 7.86058 33.4599 25.8089 22.4137 23.7172 23.0697 20.9319 23.4681 21.4791 22.2296 28.7814 27.3831
threshold=1.9166666666666667 7.5000000000000009 27.500000000000004 1.0000000180025095e-35 5.5000000000000009 15.199404761904765 24.78680555555556 0.56865715983363052 3.4243059026757563 1.5000000000000002 5.6618609004608631 11.500000000000002 0.56250000000000011 96.500000000000014
decision_type=2 2 2 2 2 2 2 2 2 2 2 2 2 2
left_child=2 -2 -1 4 5 -4 -7 -8 9 -5 11 -10 13 -13
right_child=1 -3 3 8 -6 6 7 -9 10 -11 -12 12 -14 -15
leaf_value=-0.00014750276867160498 -0.0038487798665300943 -0.030360233482150806 0.026284548123790458 -0.028159508267965389 0.020761653480291499 -0.016377390499117895 -0.015015867781802651 0.036304676296942416 4.2225865816528149e-05 0.012431186335003478 -0.0077553670778870588 0.011977941139290731 0.00040232118388468572 0.059436258307488811
leaf_weight=18990 128 42 44 51 93 385 41 47 55 118 50 42 44 110
leaf_count=18990 128 42 44 51 93 385 41 47 55 118 50 42 44 110
internal_value=3.92281e-07 -0.0103987 8.8476e-05 0.00423777 -0.00348733 -0.00784933 -0.0110246 0.012394 0.014264 0.000181923 0.0221705 0.0281318 0.0360141 0.0463228
internal_weight=20240 170 20070 1080 610 517 473 88 470 169 301 251 196 152
internal_count=20240 170 20070 1080 610 517 473 88 470 169 301 251 196 152
is_linear=0
shrinkage=0.05


Tree=195
num_leaves=15
num_cat=1
split_feature=20 50 39 42 0 20 6 1 21 13 30 6 15 29
split_gain=7.27041 46.1459 40.7008 32.3848 27.2444 24.1281 21.2751 18.444 15.2215 16.1676 14.2973 37.3438 48.4418 36.7395
threshold=8.5208333333333339 0 24.500000000000004 63.642857142857146 8.5208333333333339 17.020833333333339 0.45753087551968702 17.187500000000004 12.562500000000002 155.50000000000003 0.10714285714285719 0.72273067642898758 -0.8783796973249266 5.9402150625030243
decision_type=2 1 2 2 2 2 2 2 2 2 2 2 2 2
left_child=1 2 6 4 -2 -6 -1 -3 9 -8 11 12 -5 -12
right_child=3 7 -4 10 5 -7 8 -9 -10 -11 13 -13 -14 -15
leaf_value=0.027910542170638625 -0.025460197568671513 0.00076578508765331272 0.0579322570350842 -0.017289645997858979 -0.0038094499417107896 -0.043199674384668471 -0.011113008506418694 -0.026068162290522685 -0.022233787723729071 0.031365475516455875 -0.00039314935210446318 0.010847020554806963 0.0025075412039020336 -0.030998888101917928
leaf_weight=115 182 4319 59 361 1384 40 42 65 53 48 10267 1061 2145 99
leaf_count=115 182 4319 59 361 1384 40 42 65 53 48 10267 1061 2145 99
internal_value=3.72677e-07 0.00172328 0.0198413 -0.000520855 -0.0072441 -0.00491592 0.0118997 0.00036709 -0.000976184 0.0115422 0.000254105 0.00298453 -0.000344328 -0.000685448
internal_weight=20240 4701 317 15539 1606 1424 258 4384 143 90 13933 3567 2506 10366
internal_count=20240 4701 317 15539 1606 1424 258 4384 143 90 13933 3567 2506 10366
cat_boundaries=0 1
cat_threshold=13
is_linear=0
shrinkage=0.05


Tree=196
num_leaves=15
num_cat=0
split_feature=37 30 33 36 7 17 26 38 35 45 29 31 25 27
split_gain=7.05467 17.704 16.2393 7.29676 37.0741 35.1881 32.7634 29.0325 25.8481 45.6235 17.684 24.1226 21.6541 31.621
threshold=109.89583333333336 0.7767857142857143 1.5000000000000002 7.6428571428571432 0.31380480735704336 -0.6830127018922193 23.072916666666671 124.50000000000001 9.2142857142857171 14.500000000000002 5.4745539574070348 7.5000000000000009 3.688203345172766 3.0597156432429071
decision_type=2 2 2 2 2 2 2 2 2 2 2 2 2 2
left_child=3 2 -2 8 5 6 -5 -6 -1 -10 11 12 13 -7
right_child=1 -3 -4 4 7 10 -8 -9 9 -11 -12 -13 -14 -15
leaf_value=-0.00023068783931411084 0.03896931428171229 -0.0079323869010284095 -0.0010428530031016895 6.8970714160736569e-05 0.0060963761164910266 0.010622903276595902 -0.059966792852025143 0.05844036442084382 -0.064267839341922553 0.0073705894629592485 -0.02594935613870621 -0.00069595039124098848 -0.020644488758066806 0.046736593946814536
leaf_weight=18472 64 81 42 47 54 316 44 52 43 46 50 813 41 75
leaf_count=18472 64 81 42 47 54 316 44 52 43 46 50 813 41 75
internal_value=3.54035e-07 0.00966691 0.0231154 -8.97894e-05 0.00327426 0.00109458 -0.0289593 0.0317746 -0.000360203 -0.0272412 0.00320647 0.00437739 0.0139251 0.0175501
internal_weight=20240 187 106 20053 1492 1386 91 106 18561 89 1295 1245 432 391
internal_count=20240 187 106 20053 1492 1386 91 106 18561 89 1295 1245 432 391
is_linear=0
shrinkage=0.05


Tree=197
num_leaves=15
num_cat=0
split_feature=37 27 27 25 37 6 32 20 43 24 30 32 34 25
split_gain=7.0381 20.6243 37.6464 28.7757 26.1936 22.6347 20.0138 15.4909 21.8472 32.0126 31.8129 17.78 17.062 15.2927
threshold=57.162500000000009 4.3019365669452281 4.8268713389874032 3.7524407230041805 54.862500000000004 0.76156199977921302 5.5000000000000009 5.1458333333333348 7.3571428571428585 10.080357142857144 0.017857142857142894 2.5000000000000004 2.5000000000000004 2.1001897431623955
decision_type=2 2 2 2 2 2 2 2 2 2 2 2 2 2
left_child=1 3 4 13 -3 -5 -4 11 9 -9 -11 -2 -10 -1
right_child=7 2 6 5 -6 -7 -8 8 12 10 -12 -13 -14 -15
leaf_value=-0.00040410347748914913 0.004605236178919031 -0.066625048342393717 -0.025180565398186444 0.049396502986550336 -0.012206110400261313 0.00051686653660403361 0.019770776901680692 -0.0012644568415222845 -0.0021883700475229455 -0.061185420825719261 -0.012537197488801262 0.029520155233586882 0.0016498292125743737 -0.0087933159804540802
leaf_weight=3944 336 48 40 50 41 45 65 300 3997 52 95 91 10506 630
leaf_count=3944 336 48 40 50 41 45 65 300 3997 52 95 91 10506 630
internal_value=3.36334e-07 -0.00165763 -0.0176318 -0.000993894 -0.0415556 0.026243 0.00264646 0.000524671 0.000256467 -0.0106309 -0.0297461 0.00991497 0.000592029 -0.00155959
internal_weight=20240 4863 194 4669 89 95 105 15377 14950 447 147 427 14503 4574
internal_count=20240 4863 194 4669 89 95 105 15377 14950 447 147 427 14503 4574
is_linear=0
shrinkage=0.05


Tree=198
num_leaves=15
num_cat=0
split_feature=10 9 12 27 36 42 23 30 13 18 26 25 25 22
split_gain=6.90873 14.642 19.128 22.0172 27.5452 31.096 24.5978 21.3592 16.1983 14.5561 20.38 15.6731 13.7873 12.6451
threshold=5.5000000000000009 0.99875372023809539 8.5000000000000018 1.6641536019837095 6.6428571428571432 118.21428571428574 17.729166666666668 0.4166666666666668 229.50000000000003 -0.24999999999999994 12.358630952380954 2.2943346407330258 0.71870326855142486 24.479166666666668
decision_type=2 2 2 2 2 2 2 2 2 2 2 2 2 2
left_child=-1 2 8 -4 5 6 7 -5 13 10 -3 12 -11 -2
right_child=1 9 3 4 -6 -7 -8 -9 -10 11 -12 -13 -14 -15
leaf_value=-0.0003789792763184276 -0.0019175763425312809 0.0006677092004577969 -0.00091033209431565048 0.035669906010762566 -0.016771985212108122 0.050133190981902276 -0.01944510602883788 -0.0025673941085447693 -0.024803889382787995 -0.0026577409175303529 0.039639572598863138 -0.02344657965870791 0.035367486325558271 0.011032409734698892
leaf_weight=17320 1701 55 318 105 50 79 45 56 71 59 86 43 40 212
leaf_count=17320 1701 55 318 105 50 79 45 56 71 59 86 43 40 212
internal_value=3.19509e-07 0.00225013 0.00109024 0.00851298 0.0174581 0.0234634 0.0132356 0.02237 -0.00135282 0.013058 0.0244378 0.00175838 0.012706 -0.00048245
internal_weight=20240 2920 2637 653 335 285 206 161 1984 283 141 142 99 1913
internal_count=20240 2920 2637 653 335 285 206 161 1984 283 141 142 99 1913
is_linear=0
shrinkage=0.05


Tree=199
num_leaves=15
num_cat=0
split_feature=3 30 5 4 20 31 31 20 32 20 27 13 9 18
split_gain=6.82352 10.665 6.97441 39.2816 34.5709 47.1084 32.8968 29.986 37.5491 42.1923 49.8511 54.995 33.8243 27.9741
threshold=2.0625000000000004 0.19345238095238104 0.56250000000000011 0.97916666666666685 15.562500000000002 5.5000000000000009 15.500000000000002 32.895833333333336 6.5000000000000009 18.562500000000004 5.0542260428078469 107.50000000000001 0.99875372023809539 0.6830127018922193
decision_type=2 2 2 2 2 2 2 2 2 2 2 2 2 2
left_child=2 -2 6 4 -4 -6 7 8 -1 -10 11 -11 -9 -7
right_child=1 -3 3 -5 5 13 -8 12 9 10 -12 -13 -14 -15
leaf_value=5.927088660824388e-05 0.0023337482208652155 -0.029436740234494208 -0.0029266950620578992 0.00031663614041751114 -0.040670228766730668 0.00097548545282053292 0.044481555459111241 -0.0053536415419105886 0.019616539877710653 0.017507477050751726 0.035589244648856065 -0.015642952243705089 -0.049346098877855987 -0.044848222546279431
leaf_weight=10629 56 50 683 6945 178 199 43 154 548 187 89 378 61 40
leaf_count=10629 56 50 683 6945 178 199 43 154 548 187 89 378 61 40
internal_value=3.03524e-07 -0.0126523 6.69162e-05 -0.00107384 -0.00985276 -0.0211969 0.000826064 0.00067023 0.00100652 0.00938284 0.000807806 -0.00467104 -0.0178352 -0.00669375
internal_weight=20240 106 20134 8045 1100 417 12089 12046 11831 1202 654 565 215 239
internal_count=20240 106 20134 8045 1100 417 12089 12046 11831 1202 654 565 215 239
is_linear=0
shrinkage=0.05


end of trees

feature_importances:
occupied_beds=393
n_admissions=337
staffed_beds=183
surgeries_scheduled_next_7d=182
median_los_roll30=127
occupied_lag_1=123
occupancy_rate=94
day_of_week=89
ward=75
occupied_roll_mean_30=67
ed_admitted=67
n_emergency_admissions=65
occupied_roll_std_30=64
dow_cos=55
occupied_roll_std_7=50
occupied_roll_std_14=50
hours_ge_85pct=49
occupied_lag_14=47
available_bed_ratio=43
n_admissions_lag1=42
hours_ge_90pct=41
dow_sin=41
bottleneck_roll7_ge90pct=40
ed_arrivals=40
occupied_lag_7=38
occupied_roll_mean_7=36
occupied_roll_mean_14=32
ed_arrivals_lag1=32
ed_arrivals_roll7=31
staffed_bed_ratio=26
n_elective_admissions=24
ed_high_acuity_arrivals=24
day_of_year=23
n_admissions_roll7=23
n_scheduled=23
occupied_lag_28=22
n_emergency_admissions_roll7=21
ed_high_acuity_arrivals_roll7=20
month_cos=19
closed_beds=12
month=6
month_sin=6
closed_bed_ratio=5
safe_staffing_rate_roll7_lag1=5
safe_staffing_rate_lag1=3
week_of_year=2
hospital_id=2
safe_staffing_rate=1

parameters:
[boosting: gbdt]
[objective: regression]
[metric: l2]
[tree_learner: serial]
[device_type: cpu]
[data_sample_strategy: bagging]
[data: ]
[valid: ]
[num_iterations: 200]
[learning_rate: 0.05]
[num_leaves: 15]
[num_threads: 4]
[seed: 42]
[deterministic: 0]
[force_col_wise: 0]
[force_row_wise: 0]
[histogram_pool_size: -1]
[max_depth: 8]
[min_data_in_leaf: 40]
[min_sum_hessian_in_leaf: 0.001]
[bagging_fraction: 1]
[pos_bagging_fraction: 1]
[neg_bagging_fraction: 1]
[bagging_freq: 0]
[bagging_seed: 400]
[bagging_by_query: 0]
[feature_fraction: 1]
[feature_fraction_bynode: 1]
[feature_fraction_seed: 30056]
[extra_trees: 0]
[extra_seed: 12879]
[early_stopping_round: 0]
[early_stopping_min_delta: 0]
[first_metric_only: 0]
[max_delta_step: 0]
[lambda_l1: 0]
[lambda_l2: 0]
[linear_lambda: 0]
[min_gain_to_split: 0]
[drop_rate: 0.1]
[max_drop: 50]
[skip_drop: 0.5]
[xgboost_dart_mode: 0]
[uniform_drop: 0]
[drop_seed: 17869]
[top_rate: 0.2]
[other_rate: 0.1]
[min_data_per_group: 100]
[max_cat_threshold: 32]
[cat_l2: 10]
[cat_smooth: 10]
[max_cat_to_onehot: 4]
[top_k: 20]
[monotone_constraints: ]
[monotone_constraints_method: basic]
[monotone_penalty: 0]
[feature_contri: ]
[forcedsplits_filename: ]
[refit_decay_rate: 0.9]
[cegb_tradeoff: 1]
[cegb_penalty_split: 0]
[cegb_penalty_feature_lazy: ]
[cegb_penalty_feature_coupled: ]
[path_smooth: 0]
[interaction_constraints: ]
[verbosity: -1]
[saved_feature_importance_type: 0]
[use_quantized_grad: 0]
[num_grad_quant_bins: 4]
[quant_train_renew_leaf: 0]
[stochastic_rounding: 1]
[linear_tree: 0]
[max_bin: 255]
[max_bin_by_feature: ]
[min_data_in_bin: 3]
[bin_construct_sample_cnt: 200000]
[data_random_seed: 175]
[is_enable_sparse: 1]
[enable_bundle: 1]
[use_missing: 1]
[zero_as_missing: 0]
[feature_pre_filter: 1]
[pre_partition: 0]
[two_round: 0]
[header: 0]
[label_column: ]
[weight_column: ]
[group_column: ]
[ignore_column: ]
[categorical_feature: 49,50,51]
[forcedbins_filename: ]
[precise_float_parser: 0]
[parser_config_file: ]
[objective_seed: 16083]
[num_class: 1]
[is_unbalance: 0]
[scale_pos_weight: 1]
[sigmoid: 1]
[boost_from_average: 1]
[reg_sqrt: 0]
[alpha: 0.9]
[fair_c: 1]
[poisson_max_delta_step: 0.7]
[tweedie_variance_power: 1.5]
[lambdarank_truncation_level: 30]
[lambdarank_norm: 1]
[label_gain: ]
[lambdarank_position_bias_regularization: 0]
[eval_at: ]
[multi_error_top_k: 1]
[auc_mu_weights: ]
[num_machines: 1]
[local_listen_port: 12400]
[time_out: 120]
[machine_list_filename: ]
[machines: ]
[gpu_platform_id: -1]
[gpu_device_id: -1]
[gpu_use_dp: 0]
[num_gpu: 1]

end of parameters

pandas_categorical:[["HHN-BIR-01", "HHN-EDI-01", "HHN-LON-01", "HHN-LON-02", "HHN-MAN-01"], ["Cardiology Ward", "Day Case Unit", "General Medicine Ward A", "General Medicine Ward B", "ICU", "Oncology Ward", "Orthopaedics Ward A", "Orthopaedics Ward B"], ["Critical Care", "Day Case", "Standard"]]
